figure,dimension,device,device_label,model,model_label,train_N_per_device,train_N_total,train_unique_cases,unique_source_cases_available,sampling_mode,seed,n_test_cases,evidence_level,MAE_kPa,RMSE_kPa,SSIM_proxy,CRPS_kPa,Cov90,Width90_kPa,calibrated_score
Figure 2,2D,MMP,soft MMP,SRCNN,SRCNN,50,50,50,207,without_replacement,20260606,45,priority1_learning_curve_by_N_from_available_2d_library+mmp_full_endpoint_anchor,5.684631796620934,7.630783455605871,0.23106578705390923,3.8773264427885867,0.9420138888888889,21.178103197935002,5.923465285298412
Figure 2,2D,PIEZO,sheet piezo,SRCNN,SRCNN,50,50,50,207,without_replacement,20260606,45,priority1_learning_curve_by_N_from_available_2d_library,8.152082305807703,11.098698778741587,0.6094780002146333,5.952192230246929,0.9088541666666666,35.85306777285953,8.224262201223707
Figure 2,2D,US,ultrasound,SRCNN,SRCNN,50,50,50,207,without_replacement,20260606,45,priority1_learning_curve_by_N_from_available_2d_library,10.561934767357975,15.361346090191123,0.616775126561445,8.066182579103916,0.9053819444444444,49.99623211213346,10.618778513501741
Figure 2,2D,MMP,soft MMP,U-Net,U-Net,50,50,50,207,without_replacement,20260606,45,priority1_learning_curve_by_N_from_available_2d_library+mmp_full_endpoint_anchor,19.815695681176475,8.501592499401646,0.5649119284527001,3.998658506542943,0.9207465277777778,18.1729109598494,5.824051463417249
Figure 2,2D,PIEZO,sheet piezo,U-Net,U-Net,50,50,50,207,without_replacement,20260606,45,priority1_learning_curve_by_N_from_available_2d_library,8.161467083890328,11.41616864908704,0.6313050165209453,6.04603873276951,0.8328125,28.592022818946578,8.70981565358921
Figure 2,2D,US,ultrasound,U-Net,U-Net,50,50,50,207,without_replacement,20260606,45,priority1_learning_curve_by_N_from_available_2d_library,12.91290908830119,20.519749224142398,0.6127089900326195,10.128750914714116,0.8067708333333333,34.65378095765447,14.116768841845936
Figure 2,2D,MMP,soft MMP,vanilla_diffusion,vanilla diffusion,50,150,50,207,without_replacement,20260606,45,priority1_learning_curve_by_N_from_available_2d_library+mmp_full_endpoint_anchor,4.646819762286833,23.69866387148127,0.6245724817366349,17.296372051600194,1.0,191.09533060593057,21.12557910860995
Figure 2,2D,PIEZO,sheet piezo,vanilla_diffusion,vanilla diffusion,50,150,50,207,without_replacement,20260606,45,priority1_learning_curve_by_N_from_available_2d_library,62.22172271520142,71.80407106226683,0.2005987924934847,42.2244815801798,0.7707465277777777,191.09533060593057,70.26409642378952
Figure 2,2D,US,ultrasound,vanilla_diffusion,vanilla diffusion,50,150,50,207,without_replacement,20260606,45,priority1_learning_curve_by_N_from_available_2d_library,64.91210384109293,75.5617106465096,0.17066195637964582,44.630564451247395,0.7407118055555556,191.09533060593057,75.25183565953091
Figure 2,2D,MMP,soft MMP,DPS_inverse_diffusion,DPS inverse diffusion,50,50,50,207,without_replacement,20260606,45,priority1_learning_curve_by_N_from_available_2d_library+mmp_full_endpoint_anchor,5.6070183066609,7.7580569677539515,-0.23875157163721217,3.8464487363530995,0.9207465277777778,17.75917195264459,5.723344467710549
Figure 2,2D,PIEZO,sheet piezo,DPS_inverse_diffusion,DPS inverse diffusion,50,50,50,207,without_replacement,20260606,45,priority1_learning_curve_by_N_from_available_2d_library,7.1913763281316205,10.14089673376143,0.6317940804827972,5.255154262304998,0.8618923611111111,26.787195460835026,7.465422700358165
Figure 2,2D,US,ultrasound,DPS_inverse_diffusion,DPS inverse diffusion,50,50,50,207,without_replacement,20260606,45,priority1_learning_curve_by_N_from_available_2d_library,13.197030755561137,21.963275914612797,0.5940003131947847,10.475484059795727,0.8032986111111111,32.36801113695877,14.473201958833283
Figure 2,2D,MMP,soft MMP,operator_conditioned_diffusion,operator-conditioned diffusion,50,150,50,207,without_replacement,20260606,45,priority1_learning_curve_by_N_from_available_2d_library+mmp_full_endpoint_anchor,3.051421338866123,13.39269474302335,0.8543211201668123,5.222449236443462,0.9317708333333333,32.61198244874824,5.864774768001837
Figure 2,2D,PIEZO,sheet piezo,operator_conditioned_diffusion,operator-conditioned diffusion,50,150,50,207,without_replacement,20260606,45,priority1_learning_curve_by_N_from_available_2d_library,8.161706134483422,12.634709470568819,0.743258979052533,6.534870253457631,0.8173611111111111,32.61198244874824,8.836180460874761
Figure 2,2D,US,ultrasound,operator_conditioned_diffusion,operator-conditioned diffusion,50,150,50,207,without_replacement,20260606,45,priority1_learning_curve_by_N_from_available_2d_library,8.358963055961341,13.215372916358247,0.7252652783586476,6.767814719672094,0.8074652777777778,32.61198244874824,9.132457380410541
Figure 2,2D,MMP,soft MMP,SRCNN,SRCNN,100,100,100,207,without_replacement,20260606,45,priority1_learning_curve_by_N_from_available_2d_library+mmp_full_endpoint_anchor,3.12512078656323,4.589010730165247,0.4541723701655681,2.2355943627890094,0.9521701388888889,13.66978653442134,3.288158772042787
Figure 2,2D,PIEZO,sheet piezo,SRCNN,SRCNN,100,100,100,207,without_replacement,20260606,45,priority1_learning_curve_by_N_from_available_2d_library,7.194945276553662,9.646739391678974,0.7109068355169962,5.3034065038059754,0.8872395833333333,30.596142458084394,7.286755776176352
Figure 2,2D,US,ultrasound,SRCNN,SRCNN,100,100,100,207,without_replacement,20260606,45,priority1_learning_curve_by_N_from_available_2d_library,9.646258980865591,13.524664006845228,0.681664522725546,7.350221278606056,0.8919270833333334,44.803240207801274,9.724132425763203
Figure 2,2D,MMP,soft MMP,U-Net,U-Net,100,100,100,207,without_replacement,20260606,45,priority1_learning_curve_by_N_from_available_2d_library+mmp_full_endpoint_anchor,10.530836667371888,4.418074191786546,0.7763476365047466,2.1441779977498623,0.9197916666666667,10.372376644807334,3.0922336675662963
Figure 2,2D,PIEZO,sheet piezo,U-Net,U-Net,100,100,100,207,without_replacement,20260606,45,priority1_learning_curve_by_N_from_available_2d_library,5.4236287405555395,7.912859657114196,0.8120618052410721,4.09100061108826,0.8625,21.079851153911086,5.627014818326373
Figure 2,2D,US,ultrasound,U-Net,U-Net,100,100,100,207,without_replacement,20260606,45,priority1_learning_curve_by_N_from_available_2d_library,7.294511743837557,11.554526188905385,0.790912256647115,5.735724531354418,0.8285590277777778,27.24074612209517,7.81563875470373
Figure 2,2D,MMP,soft MMP,vanilla_diffusion,vanilla diffusion,100,300,100,207,without_replacement,20260606,45,priority1_learning_curve_by_N_from_available_2d_library+mmp_full_endpoint_anchor,4.5875759843609,23.779533306288446,0.6420840148315274,17.009201424818155,1.0,185.26147383967302,20.856242404951946
Figure 2,2D,PIEZO,sheet piezo,vanilla_diffusion,vanilla diffusion,100,300,100,207,without_replacement,20260606,45,priority1_learning_curve_by_N_from_available_2d_library,62.42554362882078,71.02073921805687,0.2089373338868548,42.09832610775151,0.7703993055555556,185.26147383967302,70.51593743418793
Figure 2,2D,US,ultrasound,vanilla_diffusion,vanilla diffusion,100,300,100,207,without_replacement,20260606,45,priority1_learning_curve_by_N_from_available_2d_library,65.19592769909818,74.82248764873779,0.17878339173646454,44.57185480972537,0.7392361111111111,185.26147383967302,75.67707857572404
Figure 2,2D,MMP,soft MMP,DPS_inverse_diffusion,DPS inverse diffusion,100,100,100,207,without_replacement,20260606,45,priority1_learning_curve_by_N_from_available_2d_library+mmp_full_endpoint_anchor,3.039675572479548,4.339170476066983,-0.029438943085523306,2.1270006942152766,0.9150173611111111,9.872702627116285,3.085323478212097
Figure 2,2D,PIEZO,sheet piezo,DPS_inverse_diffusion,DPS inverse diffusion,100,100,100,207,without_replacement,20260606,45,priority1_learning_curve_by_N_from_available_2d_library,5.01605552933213,7.443283940804021,0.8251286533292967,3.7510607135571554,0.8586805555555556,18.53290804299618,5.223316157106617
Figure 2,2D,US,ultrasound,DPS_inverse_diffusion,DPS inverse diffusion,100,100,100,207,without_replacement,20260606,45,priority1_learning_curve_by_N_from_available_2d_library,7.310145982446305,11.610542634021982,0.7602118881696001,5.746514382731631,0.8082465277777777,24.821145812042186,7.980877258787083
Figure 2,2D,MMP,soft MMP,operator_conditioned_diffusion,operator-conditioned diffusion,100,300,100,207,without_replacement,20260606,45,priority1_learning_curve_by_N_from_available_2d_library+mmp_full_endpoint_anchor,2.1915296822228942,8.00774820631867,0.8973912689143702,3.917766400398509,0.9493923611111111,32.0695808173931,4.284016825668575
Figure 2,2D,PIEZO,sheet piezo,operator_conditioned_diffusion,operator-conditioned diffusion,100,300,100,207,without_replacement,20260606,45,priority1_learning_curve_by_N_from_available_2d_library,7.894915332875864,12.704526401895704,0.7775776488414619,6.50419588477063,0.8207465277777778,32.0695808173931,8.520614785906737
Figure 2,2D,US,ultrasound,operator_conditioned_diffusion,operator-conditioned diffusion,100,300,100,207,without_replacement,20260606,45,priority1_learning_curve_by_N_from_available_2d_library,8.170786389282766,13.421385023466645,0.7554364063329122,6.807536833684917,0.8094618055555556,32.0695808173931,8.91055463615967
Figure 2,2D,MMP,soft MMP,SRCNN,SRCNN,200,200,118,207,bootstrap_with_replacement_effective_N,20260606,45,priority1_learning_curve_by_N_from_available_2d_library+mmp_full_endpoint_anchor,2.2838361251252155,4.1350577732525755,0.5073218165228598,1.745964461993442,0.9340277777777778,9.607326565172418,2.3615499932718373
Figure 2,2D,PIEZO,sheet piezo,SRCNN,SRCNN,200,200,118,207,bootstrap_with_replacement_effective_N,20260606,45,priority1_learning_curve_by_N_from_available_2d_library,6.638669873732726,9.13096103385267,0.7319492940167884,4.998836881078741,0.8862847222222222,29.22100707174372,6.729721075125936
Figure 2,2D,US,ultrasound,SRCNN,SRCNN,200,200,118,207,bootstrap_with_replacement_effective_N,20260606,45,priority1_learning_curve_by_N_from_available_2d_library,9.159868938355872,13.1199431044552,0.6995971062731278,7.114022306412963,0.9026909722222223,45.80354554241338,9.184517891228184
Figure 2,2D,MMP,soft MMP,U-Net,U-Net,200,200,118,207,bootstrap_with_replacement_effective_N,20260606,45,priority1_learning_curve_by_N_from_available_2d_library+mmp_full_endpoint_anchor,7.829093764191149,4.004646340917467,0.8089544575148868,1.6931098778695286,0.8725694444444444,6.456631652240564,2.3161247125796414
Figure 2,2D,PIEZO,sheet piezo,U-Net,U-Net,200,200,118,207,bootstrap_with_replacement_effective_N,20260606,45,priority1_learning_curve_by_N_from_available_2d_library,4.949752183589408,7.772692506528452,0.8207069517120559,3.8375625923599714,0.8153645833333333,15.777091692374123,5.3686765220442405
Figure 2,2D,US,ultrasound,U-Net,U-Net,200,200,118,207,bootstrap_with_replacement_effective_N,20260606,45,priority1_learning_curve_by_N_from_available_2d_library,7.510570568397002,11.750714588892926,0.7593584229669337,5.8257829824080485,0.8613715277777778,28.79423525348936,7.800692434971366
Figure 2,2D,MMP,soft MMP,vanilla_diffusion,vanilla diffusion,200,600,118,207,bootstrap_with_replacement_effective_N,20260606,45,priority1_learning_curve_by_N_from_available_2d_library+mmp_full_endpoint_anchor,5.3476274016977605,27.597073213278502,0.5343972250148832,18.760581956659134,1.0,195.18099957339436,24.3116220333753
Figure 2,2D,PIEZO,sheet piezo,vanilla_diffusion,vanilla diffusion,200,600,118,207,bootstrap_with_replacement_effective_N,20260606,45,priority1_learning_curve_by_N_from_available_2d_library,63.094086586600284,69.61737576727977,0.22714212678087434,41.37060648582064,0.8247395833333333,195.18099957339436,67.84257383231056
Figure 2,2D,US,ultrasound,vanilla_diffusion,vanilla diffusion,200,600,118,207,bootstrap_with_replacement_effective_N,20260606,45,priority1_learning_curve_by_N_from_available_2d_library,65.92784940725954,73.14737674074601,0.20152518653341775,43.712820206358046,0.7916666666666666,195.18099957339436,73.07003309304599
Figure 2,2D,MMP,soft MMP,DPS_inverse_diffusion,DPS inverse diffusion,200,200,118,207,bootstrap_with_replacement_effective_N,20260606,45,priority1_learning_curve_by_N_from_available_2d_library+mmp_full_endpoint_anchor,2.1932077489302335,3.931364610879008,0.0025694116185334126,1.6556001805458165,0.8638020833333333,6.0819212097112185,2.2725973002586977
Figure 2,2D,PIEZO,sheet piezo,DPS_inverse_diffusion,DPS inverse diffusion,200,200,118,207,bootstrap_with_replacement_effective_N,20260606,45,priority1_learning_curve_by_N_from_available_2d_library,4.879447978064461,7.896366246312803,0.8323653580973835,3.7926027131575664,0.7828125,13.646249525795012,5.45125828799389
Figure 2,2D,US,ultrasound,DPS_inverse_diffusion,DPS inverse diffusion,200,200,118,207,bootstrap_with_replacement_effective_N,20260606,45,priority1_learning_curve_by_N_from_available_2d_library,7.305338468390917,12.017328888526448,0.7301760101726633,5.750253436533425,0.8329861111111111,23.942737475734678,7.794897608807392
Figure 2,2D,MMP,soft MMP,operator_conditioned_diffusion,operator-conditioned diffusion,200,600,118,207,bootstrap_with_replacement_effective_N,20260606,45,priority1_learning_curve_by_N_from_available_2d_library+mmp_full_endpoint_anchor,2.386620268377465,8.071104499128095,0.8947136543400346,4.092265969817094,0.9586805555555555,33.88436018943044,4.706674593190744
Figure 2,2D,PIEZO,sheet piezo,operator_conditioned_diffusion,operator-conditioned diffusion,200,600,118,207,bootstrap_with_replacement_effective_N,20260606,45,priority1_learning_curve_by_N_from_available_2d_library,8.122266741291279,12.642307533676862,0.7690873094720412,6.526573159364552,0.8394965277777777,33.88436018943044,8.613692081454477
Figure 2,2D,US,ultrasound,operator_conditioned_diffusion,operator-conditioned diffusion,200,600,118,207,bootstrap_with_replacement_effective_N,20260606,45,priority1_learning_curve_by_N_from_available_2d_library,8.360821123669288,13.426807640018696,0.7498575804815238,6.834975868251376,0.82421875,33.88436018943044,8.99441459944735
Figure 2,2D,MMP,soft MMP,SRCNN,SRCNN,500,500,155,207,bootstrap_with_replacement_effective_N,20260606,45,priority1_learning_curve_by_N_from_available_2d_library+mmp_full_endpoint_anchor,1.2858902326543102,3.218594512763813,0.5413977332149102,1.1641368739967182,0.9341145833333333,6.783551373892368,1.329757842153715
Figure 2,2D,PIEZO,sheet piezo,SRCNN,SRCNN,500,500,155,207,bootstrap_with_replacement_effective_N,20260606,45,priority1_learning_curve_by_N_from_available_2d_library,5.761628938181843,8.125886535249462,0.7775733561614556,4.436678649287813,0.8728298611111112,25.59638115756626,5.9181731966584845
Figure 2,2D,US,ultrasound,SRCNN,SRCNN,500,500,155,207,bootstrap_with_replacement_effective_N,20260606,45,priority1_learning_curve_by_N_from_available_2d_library,7.63164815654933,11.641039626075989,0.8169979685495729,6.191043936257995,0.8965277777777778,39.65515312137803,7.6581469348706825
Figure 2,2D,MMP,soft MMP,U-Net,U-Net,500,500,155,207,bootstrap_with_replacement_effective_N,20260606,45,priority1_learning_curve_by_N_from_available_2d_library+mmp_full_endpoint_anchor,4.389954671277027,2.693394027434278,0.8418598710512196,0.9962838650960958,0.8668402777777777,3.918247942318442,1.3059467575075987
Figure 2,2D,PIEZO,sheet piezo,U-Net,U-Net,500,500,155,207,bootstrap_with_replacement_effective_N,20260606,45,priority1_learning_curve_by_N_from_available_2d_library,3.707315328011183,6.0666566399285236,0.8693071360643952,2.9785439000728995,0.8109375,12.32563002568485,4.037498099412179
Figure 2,2D,US,ultrasound,U-Net,U-Net,500,500,155,207,bootstrap_with_replacement_effective_N,20260606,45,priority1_learning_curve_by_N_from_available_2d_library,6.708316021076042,11.02538026823465,0.803934002808766,5.3875599078207514,0.8057291666666667,22.064793948446116,7.340714562646231
Figure 2,2D,MMP,soft MMP,vanilla_diffusion,vanilla diffusion,500,1500,155,207,bootstrap_with_replacement_effective_N,20260606,45,priority1_learning_curve_by_N_from_available_2d_library+mmp_full_endpoint_anchor,4.677888815461309,24.55323544277309,0.6026781239685826,17.3694675000092,1.0,187.5604448858282,21.26682662287636
Figure 2,2D,PIEZO,sheet piezo,vanilla_diffusion,vanilla diffusion,500,1500,155,207,bootstrap_with_replacement_effective_N,20260606,45,priority1_learning_curve_by_N_from_available_2d_library,62.22403497598569,69.95937682881834,0.21792979258445141,41.508894394784754,0.7862847222222222,187.5604448858282,69.29985839773406
Figure 2,2D,US,ultrasound,vanilla_diffusion,vanilla diffusion,500,1500,155,207,bootstrap_with_replacement_effective_N,20260606,45,priority1_learning_curve_by_N_from_available_2d_library,65.36680300657552,74.19637949079076,0.1850102430136129,44.27324874836158,0.7584201388888889,187.5604448858282,74.62142589752384
Figure 2,2D,MMP,soft MMP,DPS_inverse_diffusion,DPS inverse diffusion,500,500,155,207,bootstrap_with_replacement_effective_N,20260606,45,priority1_learning_curve_by_N_from_available_2d_library+mmp_full_endpoint_anchor,1.1966547444066515,2.6024430878747418,0.03299632308518596,0.9345659611243039,0.8782118055555556,3.5386375952191047,1.2227276906606506
Figure 2,2D,PIEZO,sheet piezo,DPS_inverse_diffusion,DPS inverse diffusion,500,500,155,207,bootstrap_with_replacement_effective_N,20260606,45,priority1_learning_curve_by_N_from_available_2d_library,3.443123932060632,5.603272031544899,0.8759441771521349,2.711938440918051,0.8000868055555556,10.456209039081212,3.787137442980926
Figure 2,2D,US,ultrasound,DPS_inverse_diffusion,DPS inverse diffusion,500,500,155,207,bootstrap_with_replacement_effective_N,20260606,45,priority1_learning_curve_by_N_from_available_2d_library,6.613956263754271,11.222112477571255,0.7687929669980734,5.384775046284953,0.7627604166666667,17.37182097722755,7.5216528655767965
Figure 2,2D,MMP,soft MMP,operator_conditioned_diffusion,operator-conditioned diffusion,500,1500,155,207,bootstrap_with_replacement_effective_N,20260606,45,priority1_learning_curve_by_N_from_available_2d_library+mmp_full_endpoint_anchor,1.8527894300547838,5.770974394827878,0.9218488149905064,3.4018889963009644,0.9702256944444444,32.73975376570541,3.6937487409065284
Figure 2,2D,PIEZO,sheet piezo,operator_conditioned_diffusion,operator-conditioned diffusion,500,1500,155,207,bootstrap_with_replacement_effective_N,20260606,45,priority1_learning_curve_by_N_from_available_2d_library,7.449678134772461,11.696197934530279,0.788185814736895,6.1005987758202735,0.8408854166666667,32.73975376570541,7.890062753676979
Figure 2,2D,US,ultrasound,operator_conditioned_diffusion,operator-conditioned diffusion,500,1500,155,207,bootstrap_with_replacement_effective_N,20260606,45,priority1_learning_curve_by_N_from_available_2d_library,7.6528735674993165,12.495092377376725,0.7636292220379044,6.382354037351286,0.8274305555555556,32.73975376570541,8.208238350696316
Figure 2,2D,MMP,soft MMP,SRCNN,SRCNN,1000,1000,161,207,bootstrap_with_replacement_effective_N,20260606,45,priority1_learning_curve_by_N_from_available_2d_library+mmp_full_endpoint_anchor,1.2056233992704937,3.178917356124122,0.5431572367018542,1.0953606653534238,0.9229166666666667,5.825415800573282,1.2332522688371093
Figure 2,2D,PIEZO,sheet piezo,SRCNN,SRCNN,1000,1000,161,207,bootstrap_with_replacement_effective_N,20260606,45,priority1_learning_curve_by_N_from_available_2d_library,5.636745195990422,7.799544668848132,0.7810758270444397,4.284814621888491,0.8677083333333333,24.356942339347732,5.818765092944279
Figure 2,2D,US,ultrasound,SRCNN,SRCNN,1000,1000,161,207,bootstrap_with_replacement_effective_N,20260606,45,priority1_learning_curve_by_N_from_available_2d_library,7.4742703324649105,10.818376396187592,0.7968745758681809,5.939130762078877,0.9167534722222223,41.31758920185196,7.599490312861241
Figure 2,2D,MMP,soft MMP,U-Net,U-Net,1000,1000,161,207,bootstrap_with_replacement_effective_N,20260606,45,priority1_learning_curve_by_N_from_available_2d_library+mmp_full_endpoint_anchor,3.4964908939572252,2.577675584253899,0.8405022440735723,0.8834853842790147,0.8362847222222223,2.8205669965209426,1.070916887495078
Figure 2,2D,PIEZO,sheet piezo,U-Net,U-Net,1000,1000,161,207,bootstrap_with_replacement_effective_N,20260606,45,priority1_learning_curve_by_N_from_available_2d_library,3.5800638281731545,6.431741615917644,0.8632465505946328,3.000243106313969,0.7894097222222223,9.918942414948416,3.9759840813929985
Figure 2,2D,US,ultrasound,U-Net,U-Net,1000,1000,161,207,bootstrap_with_replacement_effective_N,20260606,45,priority1_learning_curve_by_N_from_available_2d_library,6.727801487061557,12.655491301910784,0.7771889225279365,5.691504933844447,0.7864583333333334,18.820146123032657,7.491687280905004
Figure 2,2D,MMP,soft MMP,vanilla_diffusion,vanilla diffusion,1000,3000,161,207,bootstrap_with_replacement_effective_N,20260606,45,priority1_learning_curve_by_N_from_available_2d_library+mmp_full_endpoint_anchor,5.004734019499431,26.99788741789084,0.5715006924296,18.532388474646257,1.0,195.2876212424574,22.75274485672218
Figure 2,2D,PIEZO,sheet piezo,vanilla_diffusion,vanilla diffusion,1000,3000,161,207,bootstrap_with_replacement_effective_N,20260606,45,priority1_learning_curve_by_N_from_available_2d_library,63.106353218071845,68.635408759191,0.24696228077952315,40.964749246066134,0.8517361111111111,195.2876212424574,66.15211123797184
Figure 2,2D,US,ultrasound,vanilla_diffusion,vanilla diffusion,1000,3000,161,207,bootstrap_with_replacement_effective_N,20260606,45,priority1_learning_curve_by_N_from_available_2d_library,66.1252571222407,72.3862342895726,0.21886540649232053,43.457516856098835,0.8105902777777778,195.2876212424574,72.03749799341327
Figure 2,2D,MMP,soft MMP,DPS_inverse_diffusion,DPS inverse diffusion,1000,1000,161,207,bootstrap_with_replacement_effective_N,20260606,45,priority1_learning_curve_by_N_from_available_2d_library+mmp_full_endpoint_anchor,1.007435573863745,2.47256815786682,0.034913537669591155,0.8270570037586009,0.8407986111111111,2.6637657368038776,1.0670771590525536
Figure 2,2D,PIEZO,sheet piezo,DPS_inverse_diffusion,DPS inverse diffusion,1000,1000,161,207,bootstrap_with_replacement_effective_N,20260606,45,priority1_learning_curve_by_N_from_available_2d_library,3.185078661973113,5.669761474786552,0.8755683233952039,2.5866069094038906,0.7855034722222223,8.308690296409603,3.549759109468125
Figure 2,2D,US,ultrasound,DPS_inverse_diffusion,DPS inverse diffusion,1000,1000,161,207,bootstrap_with_replacement_effective_N,20260606,45,priority1_learning_curve_by_N_from_available_2d_library,5.807147123313011,11.289725000792805,0.8003324326423312,4.911397800755067,0.7839409722222223,14.132688684866537,6.481118972607238
Figure 2,2D,MMP,soft MMP,operator_conditioned_diffusion,operator-conditioned diffusion,1000,3000,161,207,bootstrap_with_replacement_effective_N,20260606,45,priority1_learning_curve_by_N_from_available_2d_library+mmp_full_endpoint_anchor,1.7229787717940643,5.653911998028861,0.9230784407979624,3.4510708599377606,0.9756076388888889,34.921859598938454,3.452229956687193
Figure 2,2D,PIEZO,sheet piezo,operator_conditioned_diffusion,operator-conditioned diffusion,1000,3000,161,207,bootstrap_with_replacement_effective_N,20260606,45,priority1_learning_curve_by_N_from_available_2d_library,7.516270604261541,11.61525948538947,0.7850776730506989,6.118182002721811,0.8536458333333333,34.921859598938454,7.864681064563248
Figure 2,2D,US,ultrasound,operator_conditioned_diffusion,operator-conditioned diffusion,1000,3000,161,207,bootstrap_with_replacement_effective_N,20260606,45,priority1_learning_curve_by_N_from_available_2d_library,7.716380998064452,12.39757260454522,0.7645907145005515,6.394181912285968,0.8401041666666667,34.921859598938454,8.178560068261023
Figure 2,2D,MMP,soft MMP,SRCNN,SRCNN,2000,2000,162,207,bootstrap_with_replacement_effective_N,20260606,45,priority1_learning_curve_by_N_from_available_2d_library+mmp_full_endpoint_anchor,1.06433244558849,2.8127751014731546,0.5473622499181631,0.9622099143354556,0.915625,4.846155991295959,1.08096264005081
Figure 2,2D,PIEZO,sheet piezo,SRCNN,SRCNN,2000,2000,162,207,bootstrap_with_replacement_effective_N,20260606,45,priority1_learning_curve_by_N_from_available_2d_library,5.209458916614499,7.422916785432103,0.7932822748400955,4.019631354927875,0.8667534722222222,22.667201054305814,5.382655337192915
Figure 2,2D,US,ultrasound,SRCNN,SRCNN,2000,2000,162,207,bootstrap_with_replacement_effective_N,20260606,45,priority1_learning_curve_by_N_from_available_2d_library,6.951959352803182,10.175206214097269,0.7941243888991868,5.498276334398994,0.9263888888888889,37.53090378968406,7.1354138357243775
Figure 2,2D,MMP,soft MMP,U-Net,U-Net,2000,2000,162,207,bootstrap_with_replacement_effective_N,20260606,45,priority1_learning_curve_by_N_from_available_2d_library+mmp_full_endpoint_anchor,2.9766575025914905,2.2976789203007004,0.8481816472426273,0.7595906989383084,0.8270833333333333,2.277352948138428,0.9195870091899696
Figure 2,2D,PIEZO,sheet piezo,U-Net,U-Net,2000,2000,162,207,bootstrap_with_replacement_effective_N,20260606,45,priority1_learning_curve_by_N_from_available_2d_library,3.337413035695666,6.769158981626354,0.8629492137279804,2.898513523339266,0.8174479166666667,8.139482024446474,3.612923434736168
Figure 2,2D,US,ultrasound,U-Net,U-Net,2000,2000,162,207,bootstrap_with_replacement_effective_N,20260606,45,priority1_learning_curve_by_N_from_available_2d_library,6.562384465816101,13.337282615146623,0.78906980023499,5.654492655981211,0.7605902777777778,14.679943664071347,7.477244661310949
Figure 2,2D,MMP,soft MMP,vanilla_diffusion,vanilla diffusion,2000,6000,162,207,bootstrap_with_replacement_effective_N,20260606,45,priority1_learning_curve_by_N_from_available_2d_library+mmp_full_endpoint_anchor,4.907857274748083,27.051342987001686,0.5858967082610902,18.44751303262289,1.0,193.31285427380678,22.31231948200912
Figure 2,2D,PIEZO,sheet piezo,vanilla_diffusion,vanilla diffusion,2000,6000,162,207,bootstrap_with_replacement_effective_N,20260606,45,priority1_learning_curve_by_N_from_available_2d_library,62.30331998148669,68.24724009548918,0.24525812326268676,40.629545379181934,0.8394097222222222,193.31285427380678,66.07829544564274
Figure 2,2D,US,ultrasound,vanilla_diffusion,vanilla diffusion,2000,6000,162,207,bootstrap_with_replacement_effective_N,20260606,45,priority1_learning_curve_by_N_from_available_2d_library,65.7169471529266,72.63121941995551,0.21070272618421307,43.506848240330285,0.7934027777777778,193.31285427380678,72.72219117235315
Figure 2,2D,MMP,soft MMP,DPS_inverse_diffusion,DPS inverse diffusion,2000,2000,162,207,bootstrap_with_replacement_effective_N,20260606,45,priority1_learning_curve_by_N_from_available_2d_library+mmp_full_endpoint_anchor,0.8152511985529669,2.2275621643244685,0.038107297593816813,0.7020839419428144,0.8157118055555556,1.8983164121615168,0.8839672500976657
Figure 2,2D,PIEZO,sheet piezo,DPS_inverse_diffusion,DPS inverse diffusion,2000,2000,162,207,bootstrap_with_replacement_effective_N,20260606,45,priority1_learning_curve_by_N_from_available_2d_library,2.8984502882302814,5.891467270188836,0.8768694021634476,2.4596350388955606,0.7984375,6.567654698888874,3.1928241456286695
Figure 2,2D,US,ultrasound,DPS_inverse_diffusion,DPS inverse diffusion,2000,2000,162,207,bootstrap_with_replacement_effective_N,20260606,45,priority1_learning_curve_by_N_from_available_2d_library,5.491081628100305,11.350696918592456,0.816492198546978,4.739603544937778,0.7721354166666666,11.04274225724439,6.193196492526673
Figure 2,2D,MMP,soft MMP,operator_conditioned_diffusion,operator-conditioned diffusion,2000,6000,162,207,bootstrap_with_replacement_effective_N,20260606,45,priority1_learning_curve_by_N_from_available_2d_library+mmp_full_endpoint_anchor,1.6637459656103821,5.667074671250568,0.9295109296102079,3.3841761228922778,0.9730034722222223,33.96196736299512,3.325477815311067
Figure 2,2D,PIEZO,sheet piezo,operator_conditioned_diffusion,operator-conditioned diffusion,2000,6000,162,207,bootstrap_with_replacement_effective_N,20260606,45,priority1_learning_curve_by_N_from_available_2d_library,7.391265564871467,11.527954603034622,0.7905210772767693,6.053060347158028,0.8442708333333333,33.96196736299512,7.803174635413782
Figure 2,2D,US,ultrasound,operator_conditioned_diffusion,operator-conditioned diffusion,2000,6000,162,207,bootstrap_with_replacement_effective_N,20260606,45,priority1_learning_curve_by_N_from_available_2d_library,7.617787118269761,12.367586755764643,0.7696561375216486,6.351609273472378,0.8344618055555556,33.96196736299512,8.117043131663308
Figure 2,2D,MMP,soft MMP,SRCNN,SRCNN,5000,5000,162,207,bootstrap_with_replacement_effective_N,20260606,45,priority1_learning_curve_by_N_from_available_2d_library+mmp_full_endpoint_anchor,0.9431644676628025,2.581172689699334,0.5502236353614073,0.8501851133856936,0.9050347222222223,3.856439673683671,0.9479130387673548
Figure 2,2D,PIEZO,sheet piezo,SRCNN,SRCNN,5000,5000,162,207,bootstrap_with_replacement_effective_N,20260606,45,priority1_learning_curve_by_N_from_available_2d_library,4.7143147304312585,6.968351415243642,0.8091840752147279,3.691044878090811,0.8580729166666666,20.044822701846705,4.911972196993611
Figure 2,2D,US,ultrasound,SRCNN,SRCNN,5000,5000,162,207,bootstrap_with_replacement_effective_N,20260606,45,priority1_learning_curve_by_N_from_available_2d_library,7.363178521833893,10.930068705534728,0.735963708799354,5.769168662860568,0.8888020833333333,34.56968773559806,7.445630781323179
Figure 2,2D,MMP,soft MMP,U-Net,U-Net,5000,5000,162,207,bootstrap_with_replacement_effective_N,20260606,45,priority1_learning_curve_by_N_from_available_2d_library+mmp_full_endpoint_anchor,2.6494491654928973,2.1940913405665348,0.8485351401326433,0.6933711101134515,0.8034722222222223,1.6558941936162868,0.836513969192564
Figure 2,2D,PIEZO,sheet piezo,U-Net,U-Net,5000,5000,162,207,bootstrap_with_replacement_effective_N,20260606,45,priority1_learning_curve_by_N_from_available_2d_library,3.286134572937283,7.404885479990671,0.8582727363005436,2.970809770123536,0.8231770833333333,6.721884924288758,3.5385850153894967
Figure 2,2D,US,ultrasound,U-Net,U-Net,5000,5000,162,207,bootstrap_with_replacement_effective_N,20260606,45,priority1_learning_curve_by_N_from_available_2d_library,6.59319308509374,16.133829313482163,0.8030472503766456,5.840469125374529,0.7578993055555555,11.376512296389732,7.53009040109187
Figure 2,2D,MMP,soft MMP,vanilla_diffusion,vanilla diffusion,5000,15000,162,207,bootstrap_with_replacement_effective_N,20260606,45,priority1_learning_curve_by_N_from_available_2d_library+mmp_full_endpoint_anchor,5.056174504741659,28.338171397012506,0.569214539388055,18.65367502413059,0.9998263888888889,188.80568297670948,22.98297794685994
Figure 2,2D,PIEZO,sheet piezo,vanilla_diffusion,vanilla diffusion,5000,15000,162,207,bootstrap_with_replacement_effective_N,20260606,45,priority1_learning_curve_by_N_from_available_2d_library,61.11806781797568,67.08826841297612,0.2539756543476955,39.936514530654456,0.83359375,188.80568297670948,65.17668950901313
Figure 2,2D,US,ultrasound,vanilla_diffusion,vanilla diffusion,5000,15000,162,207,bootstrap_with_replacement_effective_N,20260606,45,priority1_learning_curve_by_N_from_available_2d_library,65.0396325663811,72.3385953118556,0.2097531547789244,43.3385575695099,0.7800347222222223,188.80568297670948,72.8421301537716
Figure 2,2D,MMP,soft MMP,DPS_inverse_diffusion,DPS inverse diffusion,5000,5000,162,207,bootstrap_with_replacement_effective_N,20260606,45,priority1_learning_curve_by_N_from_available_2d_library+mmp_full_endpoint_anchor,0.7192658142590912,2.13776077635014,0.04146143224197185,0.6392251997057661,0.7930555555555555,1.3125903536314418,0.7961872971729107
Figure 2,2D,PIEZO,sheet piezo,DPS_inverse_diffusion,DPS inverse diffusion,5000,5000,162,207,bootstrap_with_replacement_effective_N,20260606,45,priority1_learning_curve_by_N_from_available_2d_library,2.7245118897035985,6.285304207753591,0.8748999816786545,2.400758746325604,0.7959201388888889,5.021266492012853,3.0080787087795198
Figure 2,2D,US,ultrasound,DPS_inverse_diffusion,DPS inverse diffusion,5000,5000,162,207,bootstrap_with_replacement_effective_N,20260606,45,priority1_learning_curve_by_N_from_available_2d_library,5.057969174226736,11.574733075105897,0.8334487253731954,4.462666732446341,0.7600694444444445,8.492758560419087,5.765733610759157
Figure 2,2D,MMP,soft MMP,operator_conditioned_diffusion,operator-conditioned diffusion,5000,15000,162,207,bootstrap_with_replacement_effective_N,20260606,45,priority1_learning_curve_by_N_from_available_2d_library+mmp_full_endpoint_anchor,1.6912419045251166,6.543363729594212,0.9257242761819958,3.4794070070293555,0.9672743055555556,32.995263097281914,3.362386993095699
Figure 2,2D,PIEZO,sheet piezo,operator_conditioned_diffusion,operator-conditioned diffusion,5000,15000,162,207,bootstrap_with_replacement_effective_N,20260606,45,priority1_learning_curve_by_N_from_available_2d_library,7.338817133170826,11.386913427203286,0.7945109011737278,5.985522966696025,0.8431423611111111,32.995263097281914,7.756084947600243
Figure 2,2D,US,ultrasound,operator_conditioned_diffusion,operator-conditioned diffusion,5000,15000,162,207,bootstrap_with_replacement_effective_N,20260606,45,priority1_learning_curve_by_N_from_available_2d_library,7.642450482308363,12.37658328691996,0.7751069252963773,6.359126701791754,0.8254340277777777,32.995263097281914,8.212317232681878
Figure 2,2D,MMP,soft MMP,SRCNN,SRCNN,10000,10000,162,207,bootstrap_with_replacement_effective_N,20260606,45,priority1_learning_curve_by_N_from_available_2d_library+mmp_full_endpoint_anchor,0.8467588831391383,2.3381411945762944,0.5524533501843549,0.763252782983376,0.8928819444444445,3.289064651541575,0.8527861599114828
Figure 2,2D,PIEZO,sheet piezo,SRCNN,SRCNN,10000,10000,162,207,bootstrap_with_replacement_effective_N,20260606,45,priority1_learning_curve_by_N_from_available_2d_library,4.398749516230434,6.659086556429199,0.8167361339794024,3.449334475614823,0.8853298611111111,19.32930165703886,4.463279782570968
Figure 2,2D,US,ultrasound,SRCNN,SRCNN,10000,10000,162,207,bootstrap_with_replacement_effective_N,20260606,45,priority1_learning_curve_by_N_from_available_2d_library,7.2844617741193085,11.258351111797007,0.6924550238921247,5.747178659824341,0.8815104166666666,32.57263166428503,7.419148437130369
Figure 2,2D,MMP,soft MMP,U-Net,U-Net,10000,10000,162,207,bootstrap_with_replacement_effective_N,20260606,45,priority1_learning_curve_by_N_from_available_2d_library+mmp_full_endpoint_anchor,2.279345917181485,2.0674755417401003,0.8516269752559944,0.6050448332797927,0.7921875,1.2562576722415009,0.727067060035422
Figure 2,2D,PIEZO,sheet piezo,U-Net,U-Net,10000,10000,162,207,bootstrap_with_replacement_effective_N,20260606,45,priority1_learning_curve_by_N_from_available_2d_library,3.3312521716386287,7.963364719374232,0.8512156341338463,3.075201963469749,0.8240451388888889,6.167862933756975,3.5842769676615283
Figure 2,2D,US,ultrasound,U-Net,U-Net,10000,10000,162,207,bootstrap_with_replacement_effective_N,20260606,45,priority1_learning_curve_by_N_from_available_2d_library,6.875488416826038,18.92496058362579,0.8130002662755718,6.215375975676795,0.7499131944444445,9.703587674552336,7.907408509941682
Figure 2,2D,MMP,soft MMP,vanilla_diffusion,vanilla diffusion,10000,30000,162,207,bootstrap_with_replacement_effective_N,20260606,45,priority1_learning_curve_by_N_from_available_2d_library+mmp_full_endpoint_anchor,5.444217249936896,30.800408783379986,0.5492796264018449,19.390674213135625,0.9948784722222223,186.27457907756553,24.635505271523268
Figure 2,2D,PIEZO,sheet piezo,vanilla_diffusion,vanilla diffusion,10000,30000,162,207,bootstrap_with_replacement_effective_N,20260606,45,priority1_learning_curve_by_N_from_available_2d_library,59.70297980933856,65.51494455303695,0.268932679112688,38.94743499593606,0.8416666666666667,186.27457907756553,63.185653631549975
Figure 2,2D,US,ultrasound,vanilla_diffusion,vanilla diffusion,10000,30000,162,207,bootstrap_with_replacement_effective_N,20260606,45,priority1_learning_curve_by_N_from_available_2d_library,64.1390993160619,71.76932883899751,0.21279050097736255,42.91585388907019,0.7753472222222222,186.27457907756553,72.1342162099738
Figure 2,2D,MMP,soft MMP,DPS_inverse_diffusion,DPS inverse diffusion,10000,10000,162,207,bootstrap_with_replacement_effective_N,20260606,45,priority1_learning_curve_by_N_from_available_2d_library+mmp_full_endpoint_anchor,0.6562665438436834,2.0734556877092536,0.04218675431101948,0.5962458613382138,0.7578993055555555,0.9568276247533164,0.7495224754645263
Figure 2,2D,PIEZO,sheet piezo,DPS_inverse_diffusion,DPS inverse diffusion,10000,10000,162,207,bootstrap_with_replacement_effective_N,20260606,45,priority1_learning_curve_by_N_from_available_2d_library,2.7440679248838995,6.873219364022011,0.8705178646512844,2.478576330677924,0.7910590277777778,4.204595398948138,3.043009352464568
Figure 2,2D,US,ultrasound,DPS_inverse_diffusion,DPS inverse diffusion,10000,10000,162,207,bootstrap_with_replacement_effective_N,20260606,45,priority1_learning_curve_by_N_from_available_2d_library,5.117417762567027,12.61225897822333,0.8373028933830259,4.620674691413326,0.7164930555555555,6.984231897721807,6.056499459621427
Figure 2,2D,MMP,soft MMP,operator_conditioned_diffusion,operator-conditioned diffusion,10000,30000,162,207,bootstrap_with_replacement_effective_N,20260606,45,priority1_learning_curve_by_N_from_available_2d_library+mmp_full_endpoint_anchor,1.9088785037614797,8.894387632068135,0.9060306496367335,3.9030589752593654,0.9613715277777778,33.1785933724026,3.774084613651769
Figure 2,2D,PIEZO,sheet piezo,operator_conditioned_diffusion,operator-conditioned diffusion,10000,30000,162,207,bootstrap_with_replacement_effective_N,20260606,45,priority1_learning_curve_by_N_from_available_2d_library,7.271620772529676,11.286738175044675,0.7978111094434679,5.9452150832513935,0.8438368055555555,33.1785933724026,7.680018223903522
Figure 2,2D,US,ultrasound,operator_conditioned_diffusion,operator-conditioned diffusion,10000,30000,162,207,bootstrap_with_replacement_effective_N,20260606,45,priority1_learning_curve_by_N_from_available_2d_library,7.691582397509873,12.449773971382646,0.7745064918755703,6.40925859916821,0.8261284722222222,33.1785933724026,8.259771340242592
Figure 2,2D,MMP,soft MMP,SRCNN,SRCNN,50,50,50,207,without_replacement,20260607,45,priority1_learning_curve_by_N_from_available_2d_library+mmp_full_endpoint_anchor,6.744735732831702,9.60658457026929,0.03579881598963375,4.739551354246075,0.9116319444444444,22.46024476325997,6.82319012416846
Figure 2,2D,PIEZO,sheet piezo,SRCNN,SRCNN,50,50,50,207,without_replacement,20260607,45,priority1_learning_curve_by_N_from_available_2d_library,8.458629669183253,12.4823344257808,0.4445994128873328,6.378198852372626,0.90078125,36.82511165800869,8.465237973612302
Figure 2,2D,US,ultrasound,SRCNN,SRCNN,50,50,50,207,without_replacement,20260607,45,priority1_learning_curve_by_N_from_available_2d_library,9.014664719423267,13.321582445478706,0.44629900418662244,6.802725748902839,0.9102430555555555,40.40562562777015,9.107002430959026
Figure 2,2D,MMP,soft MMP,U-Net,U-Net,50,50,50,207,without_replacement,20260607,45,priority1_learning_curve_by_N_from_available_2d_library+mmp_full_endpoint_anchor,23.643034688316817,10.085093521483232,0.35824171910630515,4.90421370259626,0.8801215277777777,20.054076124389464,6.943039128320905
Figure 2,2D,PIEZO,sheet piezo,U-Net,U-Net,50,50,50,207,without_replacement,20260607,45,priority1_learning_curve_by_N_from_available_2d_library,9.974767784878305,14.930403776200022,0.41781305763501525,7.792544594972052,0.7744791666666667,28.59392661609551,11.226808949542717
Figure 2,2D,US,ultrasound,U-Net,U-Net,50,50,50,207,without_replacement,20260607,45,priority1_learning_curve_by_N_from_available_2d_library,16.214378890281235,27.11878788809787,0.43508452191881564,13.505416307111837,0.7217881944444444,35.94122533818282,19.103972628280143
Figure 2,2D,MMP,soft MMP,vanilla_diffusion,vanilla diffusion,50,150,50,207,without_replacement,20260607,45,priority1_learning_curve_by_N_from_available_2d_library+mmp_full_endpoint_anchor,6.441798995893168,32.42625439812621,0.3490339271190812,20.652052098316712,1.0,197.48345328568672,29.28599370132082
Figure 2,2D,PIEZO,sheet piezo,vanilla_diffusion,vanilla diffusion,50,150,50,207,without_replacement,20260607,45,priority1_learning_curve_by_N_from_available_2d_library,55.29513734112345,61.363510836337014,0.17623674762636732,35.683066289823174,0.9145833333333333,197.48345328568672,56.10152476068151
Figure 2,2D,US,ultrasound,vanilla_diffusion,vanilla diffusion,50,150,50,207,without_replacement,20260607,45,priority1_learning_curve_by_N_from_available_2d_library,57.24579811136461,64.08398926263756,0.15445252369047976,37.27120280801945,0.8921006944444444,197.48345328568672,57.69800016241793
Figure 2,2D,MMP,soft MMP,DPS_inverse_diffusion,DPS inverse diffusion,50,50,50,207,without_replacement,20260607,45,priority1_learning_curve_by_N_from_available_2d_library+mmp_full_endpoint_anchor,6.807763812549988,9.486663572177656,-0.4469410312668749,4.850048148329133,0.8625,19.804246979417638,7.063054955520613
Figure 2,2D,PIEZO,sheet piezo,DPS_inverse_diffusion,DPS inverse diffusion,50,50,50,207,without_replacement,20260607,45,priority1_learning_curve_by_N_from_available_2d_library,9.453523382341627,14.10796473105535,0.47264744726470537,7.384309409597482,0.7807291666666667,27.41010000558933,10.581052994089664
Figure 2,2D,US,ultrasound,DPS_inverse_diffusion,DPS inverse diffusion,50,50,50,207,without_replacement,20260607,45,priority1_learning_curve_by_N_from_available_2d_library,16.19532386079027,26.876932078820076,0.4042137835470553,13.60054197641266,0.6940104166666666,32.661753657167004,19.53139187482285
Figure 2,2D,MMP,soft MMP,operator_conditioned_diffusion,operator-conditioned diffusion,50,150,50,207,without_replacement,20260607,45,priority1_learning_curve_by_N_from_available_2d_library+mmp_full_endpoint_anchor,3.1725772269670105,10.77158146443372,0.740353215923259,5.057825559233912,0.9200520833333333,31.989474316481076,6.028377801084101
Figure 2,2D,PIEZO,sheet piezo,operator_conditioned_diffusion,operator-conditioned diffusion,50,150,50,207,without_replacement,20260607,45,priority1_learning_curve_by_N_from_available_2d_library,8.708770409233841,14.089011826722135,0.6145341990931888,7.015296303169172,0.8315972222222222,31.989474316481076,9.30447449625435
Figure 2,2D,US,ultrasound,operator_conditioned_diffusion,operator-conditioned diffusion,50,150,50,207,without_replacement,20260607,45,priority1_learning_curve_by_N_from_available_2d_library,8.659695633507509,14.669745493977139,0.5900460785338641,7.144964808993624,0.8280381944444445,31.989474316481076,9.28286296685627
Figure 2,2D,MMP,soft MMP,SRCNN,SRCNN,100,100,100,207,without_replacement,20260607,45,priority1_learning_curve_by_N_from_available_2d_library+mmp_full_endpoint_anchor,4.411126294164417,7.430137599117513,0.32374373696843994,3.3016889306735533,0.8868055555555555,14.148677121796474,4.469328654990197
Figure 2,2D,PIEZO,sheet piezo,SRCNN,SRCNN,100,100,100,207,without_replacement,20260607,45,priority1_learning_curve_by_N_from_available_2d_library,7.454599414368623,10.97703707015449,0.5975505034757891,5.645292980107547,0.8953125,31.23775892571349,7.4895428491234775
Figure 2,2D,US,ultrasound,SRCNN,SRCNN,100,100,100,207,without_replacement,20260607,45,priority1_learning_curve_by_N_from_available_2d_library,9.947411862865732,14.050709226987708,0.4936237905848887,7.477770414854164,0.9082465277777778,45.16248028033189,10.029443471109849
Figure 2,2D,MMP,soft MMP,U-Net,U-Net,100,100,100,207,without_replacement,20260607,45,priority1_learning_curve_by_N_from_available_2d_library+mmp_full_endpoint_anchor,16.03748285160428,7.944762719403981,0.6262040453263729,3.493345996666803,0.834375,11.371517907072112,4.920832409130403
Figure 2,2D,PIEZO,sheet piezo,U-Net,U-Net,100,100,100,207,without_replacement,20260607,45,priority1_learning_curve_by_N_from_available_2d_library,7.065667925269191,11.079305213479525,0.654296691799874,5.512362242757924,0.8065104166666667,21.420593497680358,7.726234275574306
Figure 2,2D,US,ultrasound,U-Net,U-Net,100,100,100,207,without_replacement,20260607,45,priority1_learning_curve_by_N_from_available_2d_library,12.54622813273447,22.915293888979768,0.5772594665208046,10.552552153598052,0.76015625,30.492517851426413,14.300739723171557
Figure 2,2D,MMP,soft MMP,vanilla_diffusion,vanilla diffusion,100,300,100,207,without_replacement,20260607,45,priority1_learning_curve_by_N_from_available_2d_library+mmp_full_endpoint_anchor,6.552371589122932,33.80801374499527,0.4745243512294544,21.01346030266262,1.0,193.2249242573266,29.78868375280023
Figure 2,2D,PIEZO,sheet piezo,vanilla_diffusion,vanilla diffusion,100,300,100,207,without_replacement,20260607,45,priority1_learning_curve_by_N_from_available_2d_library,57.73528397042231,62.4651596702105,0.18124995904424127,36.85869605515293,0.9264756944444444,193.2249242573266,59.26386570748644
Figure 2,2D,US,ultrasound,vanilla_diffusion,vanilla diffusion,100,300,100,207,without_replacement,20260607,45,priority1_learning_curve_by_N_from_available_2d_library,59.54023730175682,64.85665373496337,0.1615996835430958,38.32753329136755,0.9034722222222222,193.2249242573266,59.746974236832365
Figure 2,2D,MMP,soft MMP,DPS_inverse_diffusion,DPS inverse diffusion,100,100,100,207,without_replacement,20260607,45,priority1_learning_curve_by_N_from_available_2d_library+mmp_full_endpoint_anchor,4.659787695401336,7.551272470947256,-0.16116023678409108,3.544806893460523,0.8098090277777777,11.047229840267304,5.0800584779987314
Figure 2,2D,PIEZO,sheet piezo,DPS_inverse_diffusion,DPS inverse diffusion,100,100,100,207,without_replacement,20260607,45,priority1_learning_curve_by_N_from_available_2d_library,6.535175786114867,10.483805685010802,0.676740171336166,5.143582325346742,0.7941840277777777,18.76947455378207,7.226701765565737
Figure 2,2D,US,ultrasound,DPS_inverse_diffusion,DPS inverse diffusion,100,100,100,207,without_replacement,20260607,45,priority1_learning_curve_by_N_from_available_2d_library,13.084863620853735,22.055440998123487,0.4520880650132461,10.988436702881897,0.6939236111111111,27.512024124653138,15.781345064942865
Figure 2,2D,MMP,soft MMP,operator_conditioned_diffusion,operator-conditioned diffusion,100,300,100,207,without_replacement,20260607,45,priority1_learning_curve_by_N_from_available_2d_library+mmp_full_endpoint_anchor,3.24909390986996,11.130982812127936,0.7435789185642153,5.251591191464478,0.9105902777777778,32.72363913133693,6.11650439614974
Figure 2,2D,PIEZO,sheet piezo,operator_conditioned_diffusion,operator-conditioned diffusion,100,300,100,207,without_replacement,20260607,45,priority1_learning_curve_by_N_from_available_2d_library,9.023280593991384,14.98027142754156,0.591356213004198,7.371517828415982,0.8296875,32.72363913133693,9.657730010756403
Figure 2,2D,US,ultrasound,operator_conditioned_diffusion,operator-conditioned diffusion,100,300,100,207,without_replacement,20260607,45,priority1_learning_curve_by_N_from_available_2d_library,8.9446709332269,15.248007558237813,0.5752455423972826,7.403013479601335,0.8288194444444444,32.72363913133693,9.581357579515622
Figure 2,2D,MMP,soft MMP,SRCNN,SRCNN,200,200,110,207,bootstrap_with_replacement_effective_N,20260607,45,priority1_learning_curve_by_N_from_available_2d_library+mmp_full_endpoint_anchor,2.799934672438389,5.441681523404727,0.44391478248298333,2.222651017656219,0.8862847222222222,9.860099183295361,2.8383365542305126
Figure 2,2D,PIEZO,sheet piezo,SRCNN,SRCNN,200,200,110,207,bootstrap_with_replacement_effective_N,20260607,45,priority1_learning_curve_by_N_from_available_2d_library,6.699857547466872,10.066575278574062,0.6662469821718182,5.144144994763144,0.8847222222222222,28.196472137905356,6.802216482219839
Figure 2,2D,US,ultrasound,SRCNN,SRCNN,200,200,110,207,bootstrap_with_replacement_effective_N,20260607,45,priority1_learning_curve_by_N_from_available_2d_library,9.15985206565315,13.56524648075647,0.6194600362855767,7.172371287421682,0.8891493055555556,42.708419913737366,9.259242821573865
Figure 2,2D,MMP,soft MMP,U-Net,U-Net,200,200,110,207,bootstrap_with_replacement_effective_N,20260607,45,priority1_learning_curve_by_N_from_available_2d_library+mmp_full_endpoint_anchor,9.173375563368161,4.944983777168,0.7510965707590321,2.0633988483200945,0.8383680555555556,6.839190382917481,2.8041492218840776
Figure 2,2D,PIEZO,sheet piezo,U-Net,U-Net,200,200,110,207,bootstrap_with_replacement_effective_N,20260607,45,priority1_learning_curve_by_N_from_available_2d_library,5.308676782825936,8.694175041015178,0.7419065182299799,4.229827254786345,0.8068576388888888,16.080618839322568,5.80313947275408
Figure 2,2D,US,ultrasound,U-Net,U-Net,200,200,110,207,bootstrap_with_replacement_effective_N,20260607,45,priority1_learning_curve_by_N_from_available_2d_library,15.557891574120827,37.644030158934676,0.6072142404273227,13.943233525469696,0.7205729166666667,26.014812550525363,18.34939868208157
Figure 2,2D,MMP,soft MMP,vanilla_diffusion,vanilla diffusion,200,600,110,207,bootstrap_with_replacement_effective_N,20260607,45,priority1_learning_curve_by_N_from_available_2d_library+mmp_full_endpoint_anchor,6.973276666438638,34.285398700031145,0.29882455089618515,21.3010903872244,0.9997395833333333,194.3142270767695,31.69471591402444
Figure 2,2D,PIEZO,sheet piezo,vanilla_diffusion,vanilla diffusion,200,600,110,207,bootstrap_with_replacement_effective_N,20260607,45,priority1_learning_curve_by_N_from_available_2d_library,57.51758371183918,62.17423599730017,0.1870383302603928,36.66761372892887,0.9316840277777778,194.3142270767695,59.33997243187574
Figure 2,2D,US,ultrasound,vanilla_diffusion,vanilla diffusion,200,600,110,207,bootstrap_with_replacement_effective_N,20260607,45,priority1_learning_curve_by_N_from_available_2d_library,59.62854530440148,64.89883511636745,0.16530907396060224,38.3551552865278,0.90703125,194.3142270767695,60.04780851357304
Figure 2,2D,MMP,soft MMP,DPS_inverse_diffusion,DPS inverse diffusion,200,200,110,207,bootstrap_with_replacement_effective_N,20260607,45,priority1_learning_curve_by_N_from_available_2d_library+mmp_full_endpoint_anchor,2.704890801425889,4.895385166103283,-0.04968076570576685,2.113323755374341,0.8145833333333333,6.328579589867324,2.9359335573810172
Figure 2,2D,PIEZO,sheet piezo,DPS_inverse_diffusion,DPS inverse diffusion,200,200,110,207,bootstrap_with_replacement_effective_N,20260607,45,priority1_learning_curve_by_N_from_available_2d_library,5.018432159692937,8.154680136184748,0.7497397590334451,3.9878993184138007,0.7819444444444444,13.882200900611085,5.6108859563233535
Figure 2,2D,US,ultrasound,DPS_inverse_diffusion,DPS inverse diffusion,200,200,110,207,bootstrap_with_replacement_effective_N,20260607,45,priority1_learning_curve_by_N_from_available_2d_library,13.74149102633389,30.93383696977516,0.6143287374140274,12.270900444394503,0.7241319444444444,22.15327088052305,16.158180333569348
Figure 2,2D,MMP,soft MMP,operator_conditioned_diffusion,operator-conditioned diffusion,200,600,110,207,bootstrap_with_replacement_effective_N,20260607,45,priority1_learning_curve_by_N_from_available_2d_library+mmp_full_endpoint_anchor,2.458458838039045,8.10050209386405,0.8149700872240333,4.198096963807307,0.9394097222222222,32.561418097506404,4.760095087470571
Figure 2,2D,PIEZO,sheet piezo,operator_conditioned_diffusion,operator-conditioned diffusion,200,600,110,207,bootstrap_with_replacement_effective_N,20260607,45,priority1_learning_curve_by_N_from_available_2d_library,8.119709690344667,12.868043255493053,0.671779685130939,6.589890104188963,0.8392361111111111,32.561418097506404,8.613094827778804
Figure 2,2D,US,ultrasound,operator_conditioned_diffusion,operator-conditioned diffusion,200,600,110,207,bootstrap_with_replacement_effective_N,20260607,45,priority1_learning_curve_by_N_from_available_2d_library,8.008446960865657,13.356823372814034,0.6557002723739906,6.673454637247083,0.8381944444444445,32.561418097506404,8.503413474419158
Figure 2,2D,MMP,soft MMP,SRCNN,SRCNN,500,500,155,207,bootstrap_with_replacement_effective_N,20260607,45,priority1_learning_curve_by_N_from_available_2d_library+mmp_full_endpoint_anchor,1.8146799197408041,4.395198898835824,0.510081191857772,1.6057908921391726,0.8706597222222222,6.573403039233066,1.8679231326637549
Figure 2,2D,PIEZO,sheet piezo,SRCNN,SRCNN,500,500,155,207,bootstrap_with_replacement_effective_N,20260607,45,priority1_learning_curve_by_N_from_available_2d_library,6.768242574783312,10.13243285207388,0.7008265035175799,5.264503907627694,0.8498263888888888,26.202467353682096,7.107829745636155
Figure 2,2D,US,ultrasound,SRCNN,SRCNN,500,500,155,207,bootstrap_with_replacement_effective_N,20260607,45,priority1_learning_curve_by_N_from_available_2d_library,9.550321088478118,14.18155147033228,0.5985043268174629,7.433213516531482,0.8654513888888888,41.24417416333431,9.88027141775019
Figure 2,2D,MMP,soft MMP,U-Net,U-Net,500,500,155,207,bootstrap_with_replacement_effective_N,20260607,45,priority1_learning_curve_by_N_from_available_2d_library+mmp_full_endpoint_anchor,6.186676417981987,4.0484408462931905,0.8065750332175534,1.4771924275343098,0.8319444444444445,4.133715041542748,1.9026075408848198
Figure 2,2D,PIEZO,sheet piezo,U-Net,U-Net,500,500,155,207,bootstrap_with_replacement_effective_N,20260607,45,priority1_learning_curve_by_N_from_available_2d_library,4.762567645777156,8.352460792538613,0.774994564213081,4.00041138589997,0.7694444444444445,12.249629594798416,5.384347310642506
Figure 2,2D,US,ultrasound,U-Net,U-Net,500,500,155,207,bootstrap_with_replacement_effective_N,20260607,45,priority1_learning_curve_by_N_from_available_2d_library,17.41256130086219,50.73744933306273,0.651347567371001,16.07364645302104,0.7261284722222222,22.495718223045106,20.44010993676731
Figure 2,2D,MMP,soft MMP,vanilla_diffusion,vanilla diffusion,500,1500,155,207,bootstrap_with_replacement_effective_N,20260607,45,priority1_learning_curve_by_N_from_available_2d_library+mmp_full_endpoint_anchor,7.48197541916905,37.78154945702668,0.3311901752823576,22.80904482905382,0.9991319444444444,195.83383755389517,33.9880475582188
Figure 2,2D,PIEZO,sheet piezo,vanilla_diffusion,vanilla diffusion,500,1500,155,207,bootstrap_with_replacement_effective_N,20260607,45,priority1_learning_curve_by_N_from_available_2d_library,56.92218597036991,61.69015046900621,0.18814134298681237,36.283077167101226,0.9332465277777777,195.83383755389517,58.81465100740564
Figure 2,2D,US,ultrasound,vanilla_diffusion,vanilla diffusion,500,1500,155,207,bootstrap_with_replacement_effective_N,20260607,45,priority1_learning_curve_by_N_from_available_2d_library,59.35904928696212,64.76886450447024,0.16401923470656857,38.190701742937215,0.9077256944444444,195.83383755389517,59.8176391642659
Figure 2,2D,MMP,soft MMP,DPS_inverse_diffusion,DPS inverse diffusion,500,500,155,207,bootstrap_with_replacement_effective_N,20260607,45,priority1_learning_curve_by_N_from_available_2d_library+mmp_full_endpoint_anchor,1.8808407880465243,4.082479117579071,-0.01787555999863899,1.5721708661880263,0.7746527777777777,3.647899223444666,2.1165989562704115
Figure 2,2D,PIEZO,sheet piezo,DPS_inverse_diffusion,DPS inverse diffusion,500,500,155,207,bootstrap_with_replacement_effective_N,20260607,45,priority1_learning_curve_by_N_from_available_2d_library,4.675134105657959,8.306162490098783,0.7680844908205542,3.9632726889425727,0.7475694444444444,10.096804094440866,5.387767394680127
Figure 2,2D,US,ultrasound,DPS_inverse_diffusion,DPS inverse diffusion,500,500,155,207,bootstrap_with_replacement_effective_N,20260607,45,priority1_learning_curve_by_N_from_available_2d_library,13.958247442245638,37.80560197131884,0.68106845587209,12.723917241313798,0.7145833333333333,17.535236555230323,16.54633915549535
Figure 2,2D,MMP,soft MMP,operator_conditioned_diffusion,operator-conditioned diffusion,500,1500,155,207,bootstrap_with_replacement_effective_N,20260607,45,priority1_learning_curve_by_N_from_available_2d_library+mmp_full_endpoint_anchor,2.218658583808316,7.401429256591908,0.8462168284659315,3.964633358318285,0.9559895833333333,33.78645167048771,4.364314336612817
Figure 2,2D,PIEZO,sheet piezo,operator_conditioned_diffusion,operator-conditioned diffusion,500,1500,155,207,bootstrap_with_replacement_effective_N,20260607,45,priority1_learning_curve_by_N_from_available_2d_library,8.442001857106533,13.219350323016664,0.6833822752023668,6.767855246739844,0.8488715277777777,33.78645167048771,8.873628514557552
Figure 2,2D,US,ultrasound,operator_conditioned_diffusion,operator-conditioned diffusion,500,1500,155,207,bootstrap_with_replacement_effective_N,20260607,45,priority1_learning_curve_by_N_from_available_2d_library,8.327202951153797,13.688991430583808,0.6612945098170111,6.859913046795352,0.84296875,33.78645167048771,8.802113744461789
Figure 2,2D,MMP,soft MMP,SRCNN,SRCNN,1000,1000,162,207,bootstrap_with_replacement_effective_N,20260607,45,priority1_learning_curve_by_N_from_available_2d_library+mmp_full_endpoint_anchor,1.6027028056298478,4.123679890875286,0.5163578600709737,1.441363167084238,0.88125,5.786645075252701,1.6327534832354076
Figure 2,2D,PIEZO,sheet piezo,SRCNN,SRCNN,1000,1000,162,207,bootstrap_with_replacement_effective_N,20260607,45,priority1_learning_curve_by_N_from_available_2d_library,6.2660268360183595,9.360049092526035,0.7084001229412357,4.832673349108635,0.8590277777777777,24.39650151463275,6.522759879994113
Figure 2,2D,US,ultrasound,SRCNN,SRCNN,1000,1000,162,207,bootstrap_with_replacement_effective_N,20260607,45,priority1_learning_curve_by_N_from_available_2d_library,9.26226636764801,14.299282813867675,0.6217945293494297,7.370213149238091,0.8438368055555555,37.3986365659177,9.782464834650463
Figure 2,2D,MMP,soft MMP,U-Net,U-Net,1000,1000,162,207,bootstrap_with_replacement_effective_N,20260607,45,priority1_learning_curve_by_N_from_available_2d_library+mmp_full_endpoint_anchor,4.896263829103486,3.7049995544909584,0.8220438763380452,1.2746085715509539,0.8048611111111111,3.015527199285401,1.5439455534839515
Figure 2,2D,PIEZO,sheet piezo,U-Net,U-Net,1000,1000,162,207,bootstrap_with_replacement_effective_N,20260607,45,priority1_learning_curve_by_N_from_available_2d_library,4.920455095072952,9.141760257150922,0.749221808764204,4.328315033377408,0.7283854166666667,9.665271399170418,5.764876946024273
Figure 2,2D,US,ultrasound,U-Net,U-Net,1000,1000,162,207,bootstrap_with_replacement_effective_N,20260607,45,priority1_learning_curve_by_N_from_available_2d_library,20.003213837628717,59.74611059837587,0.6677990481700493,18.855264250595283,0.6828125,17.55855139722594,24.347661842988707
Figure 2,2D,MMP,soft MMP,vanilla_diffusion,vanilla diffusion,1000,3000,162,207,bootstrap_with_replacement_effective_N,20260607,45,priority1_learning_curve_by_N_from_available_2d_library+mmp_full_endpoint_anchor,8.177487028832056,41.59756401897344,0.33904723155413213,24.52844947695888,0.9895833333333334,197.174551900943,36.82480243443397
Figure 2,2D,PIEZO,sheet piezo,vanilla_diffusion,vanilla diffusion,1000,3000,162,207,bootstrap_with_replacement_effective_N,20260607,45,priority1_learning_curve_by_N_from_available_2d_library,58.58178332522766,62.53794786236701,0.2003466562042241,37.07617679017361,0.9501736111111111,197.174551900943,61.521042939983005
Figure 2,2D,US,ultrasound,vanilla_diffusion,vanilla diffusion,1000,3000,162,207,bootstrap_with_replacement_effective_N,20260607,45,priority1_learning_curve_by_N_from_available_2d_library,61.19775506709094,65.70400685113803,0.1752799588185094,39.097350325305925,0.9288194444444444,197.174551900943,62.96144036937167
Figure 2,2D,MMP,soft MMP,DPS_inverse_diffusion,DPS inverse diffusion,1000,1000,162,207,bootstrap_with_replacement_effective_N,20260607,45,priority1_learning_curve_by_N_from_available_2d_library+mmp_full_endpoint_anchor,1.6474687109043828,3.8518398091562323,-0.014228076034698778,1.431947795941271,0.75,2.7088432067084067,1.8945890175400402
Figure 2,2D,PIEZO,sheet piezo,DPS_inverse_diffusion,DPS inverse diffusion,1000,1000,162,207,bootstrap_with_replacement_effective_N,20260607,45,priority1_learning_curve_by_N_from_available_2d_library,4.8769458828723655,9.25743001545369,0.7512176877001584,4.294298068101347,0.7103298611111111,7.799252762237619,5.801956885830362
Figure 2,2D,US,ultrasound,DPS_inverse_diffusion,DPS inverse diffusion,1000,1000,162,207,bootstrap_with_replacement_effective_N,20260607,45,priority1_learning_curve_by_N_from_available_2d_library,14.328135030128932,40.058961859923016,0.6927427300878565,13.312451593141938,0.66640625,13.432119935214077,17.675097822323114
Figure 2,2D,MMP,soft MMP,operator_conditioned_diffusion,operator-conditioned diffusion,1000,3000,162,207,bootstrap_with_replacement_effective_N,20260607,45,priority1_learning_curve_by_N_from_available_2d_library+mmp_full_endpoint_anchor,2.2799343440004813,7.527883940917919,0.8396163335780235,4.009152861989555,0.95234375,33.22343373556644,4.469365569129759
Figure 2,2D,PIEZO,sheet piezo,operator_conditioned_diffusion,operator-conditioned diffusion,1000,3000,162,207,bootstrap_with_replacement_effective_N,20260607,45,priority1_learning_curve_by_N_from_available_2d_library,8.36316791198328,13.087522016916745,0.6866409151775991,6.737900318794091,0.8309895833333333,33.22343373556644,8.940313614242545
Figure 2,2D,US,ultrasound,operator_conditioned_diffusion,operator-conditioned diffusion,1000,3000,162,207,bootstrap_with_replacement_effective_N,20260607,45,priority1_learning_curve_by_N_from_available_2d_library,8.310960352976487,13.564129299726735,0.668555419201608,6.853788642651681,0.8259548611111112,33.22343373556644,8.92634656661268
Figure 2,2D,MMP,soft MMP,SRCNN,SRCNN,2000,2000,162,207,bootstrap_with_replacement_effective_N,20260607,45,priority1_learning_curve_by_N_from_available_2d_library+mmp_full_endpoint_anchor,1.540114822273324,4.027776518071871,0.5198158140947393,1.3862002403298541,0.8555555555555555,4.659136573384416,1.6085643699299164
Figure 2,2D,PIEZO,sheet piezo,SRCNN,SRCNN,2000,2000,162,207,bootstrap_with_replacement_effective_N,20260607,45,priority1_learning_curve_by_N_from_available_2d_library,6.28205911622586,9.791176889976619,0.6851566325304317,4.973112427339827,0.8220486111111112,22.23390447016748,6.771754349417771
Figure 2,2D,US,ultrasound,SRCNN,SRCNN,2000,2000,162,207,bootstrap_with_replacement_effective_N,20260607,45,priority1_learning_curve_by_N_from_available_2d_library,9.361584058097435,14.90815868992034,0.6222578215463952,7.5225828057882875,0.8322916666666667,35.29011164310866,9.995441312031117
Figure 2,2D,MMP,soft MMP,U-Net,U-Net,2000,2000,162,207,bootstrap_with_replacement_effective_N,20260607,45,priority1_learning_curve_by_N_from_available_2d_library+mmp_full_endpoint_anchor,4.562859258634847,3.5046985065813967,0.830403487155876,1.2021592949174282,0.78046875,2.3233064332800923,1.4708597462501025
Figure 2,2D,PIEZO,sheet piezo,U-Net,U-Net,2000,2000,162,207,bootstrap_with_replacement_effective_N,20260607,45,priority1_learning_curve_by_N_from_available_2d_library,5.234524456297397,10.340360685281137,0.7329801510350769,4.713618450970583,0.7210069444444445,7.94248160938791,6.17146798311035
Figure 2,2D,US,ultrasound,U-Net,U-Net,2000,2000,162,207,bootstrap_with_replacement_effective_N,20260607,45,priority1_learning_curve_by_N_from_available_2d_library,25.479638514385705,79.94955858603727,0.676462941985036,24.439223282542944,0.6458333333333334,13.624581727212197,31.955713303458737
Figure 2,2D,MMP,soft MMP,vanilla_diffusion,vanilla diffusion,2000,6000,162,207,bootstrap_with_replacement_effective_N,20260607,45,priority1_learning_curve_by_N_from_available_2d_library+mmp_full_endpoint_anchor,8.297845712408229,43.12215897319517,0.37070160780790673,25.078341711984812,0.9825520833333333,193.0738526811963,37.12566706422467
Figure 2,2D,PIEZO,sheet piezo,vanilla_diffusion,vanilla diffusion,2000,6000,162,207,bootstrap_with_replacement_effective_N,20260607,45,priority1_learning_curve_by_N_from_available_2d_library,56.749214384809484,61.10306568641694,0.19895072639560274,36.06046233238727,0.9387152777777777,193.0738526811963,58.94627598338804
Figure 2,2D,US,ultrasound,vanilla_diffusion,vanilla diffusion,2000,6000,162,207,bootstrap_with_replacement_effective_N,20260607,45,priority1_learning_curve_by_N_from_available_2d_library,59.61754808617944,64.79618122994746,0.16756523052086555,38.34643128407073,0.9073784722222222,193.0738526811963,60.05743450869032
Figure 2,2D,MMP,soft MMP,DPS_inverse_diffusion,DPS inverse diffusion,2000,2000,162,207,bootstrap_with_replacement_effective_N,20260607,45,priority1_learning_curve_by_N_from_available_2d_library+mmp_full_endpoint_anchor,1.5228375588335752,3.6747451584877386,-0.008058042690515799,1.377295310168004,0.6939236111111111,1.847676097177995,1.8366584238223695
Figure 2,2D,PIEZO,sheet piezo,DPS_inverse_diffusion,DPS inverse diffusion,2000,2000,162,207,bootstrap_with_replacement_effective_N,20260607,45,priority1_learning_curve_by_N_from_available_2d_library,5.122702280726623,10.297580077306945,0.7381358878500796,4.648781598843276,0.6738715277777778,5.999498737253964,6.281091121116628
Figure 2,2D,US,ultrasound,DPS_inverse_diffusion,DPS inverse diffusion,2000,2000,162,207,bootstrap_with_replacement_effective_N,20260607,45,priority1_learning_curve_by_N_from_available_2d_library,16.02790132675521,47.937620143724416,0.6968776191625133,15.155267641328873,0.6173611111111111,10.234492642014573,20.55800954897005
Figure 2,2D,MMP,soft MMP,operator_conditioned_diffusion,operator-conditioned diffusion,2000,6000,162,207,bootstrap_with_replacement_effective_N,20260607,45,priority1_learning_curve_by_N_from_available_2d_library+mmp_full_endpoint_anchor,2.220429276598884,7.254101622948936,0.8414976259395074,3.9179046202538923,0.9475694444444445,32.61997718154774,4.33296997436887
Figure 2,2D,PIEZO,sheet piezo,operator_conditioned_diffusion,operator-conditioned diffusion,2000,6000,162,207,bootstrap_with_replacement_effective_N,20260607,45,priority1_learning_curve_by_N_from_available_2d_library,8.414984632692866,13.059499560053773,0.6780248192543885,6.716102661237264,0.84140625,32.61997718154774,8.908050138514714
Figure 2,2D,US,ultrasound,operator_conditioned_diffusion,operator-conditioned diffusion,2000,6000,162,207,bootstrap_with_replacement_effective_N,20260607,45,priority1_learning_curve_by_N_from_available_2d_library,8.43263152875959,13.586348529353645,0.6578387532137253,6.865375665761505,0.8352430555555556,32.61997718154774,8.978702980187945
Figure 2,2D,MMP,soft MMP,SRCNN,SRCNN,5000,5000,162,207,bootstrap_with_replacement_effective_N,20260607,45,priority1_learning_curve_by_N_from_available_2d_library+mmp_full_endpoint_anchor,1.3950078392019256,3.6802946823357425,0.5236489317977003,1.2666494763016891,0.8431423611111111,3.8100415146574558,1.4743246911704377
Figure 2,2D,PIEZO,sheet piezo,SRCNN,SRCNN,5000,5000,162,207,bootstrap_with_replacement_effective_N,20260607,45,priority1_learning_curve_by_N_from_available_2d_library,5.520196103494604,9.0035507251175,0.7082198444286587,4.457239652913866,0.8356770833333333,20.560385546505866,5.875271217443347
Figure 2,2D,US,ultrasound,SRCNN,SRCNN,5000,5000,162,207,bootstrap_with_replacement_effective_N,20260607,45,priority1_learning_curve_by_N_from_available_2d_library,9.661611607498193,16.522143680388005,0.6570460052044134,8.046560759774668,0.8186631944444445,33.63814601677014,10.447456232170572
Figure 2,2D,MMP,soft MMP,U-Net,U-Net,5000,5000,162,207,bootstrap_with_replacement_effective_N,20260607,45,priority1_learning_curve_by_N_from_available_2d_library+mmp_full_endpoint_anchor,4.091916431423961,3.1182061796304335,0.8386347764856992,1.095061968163266,0.7582465277777778,1.709441774685244,1.3452316148130643
Figure 2,2D,PIEZO,sheet piezo,U-Net,U-Net,5000,5000,162,207,bootstrap_with_replacement_effective_N,20260607,45,priority1_learning_curve_by_N_from_available_2d_library,5.551325579075446,11.746206334720146,0.7046565862716834,5.149487836560793,0.7173611111111111,6.724585674324509,6.565213514698254
Figure 2,2D,US,ultrasound,U-Net,U-Net,5000,5000,162,207,bootstrap_with_replacement_effective_N,20260607,45,priority1_learning_curve_by_N_from_available_2d_library,30.90770608655059,99.47105006104772,0.6763213579274095,30.042057752918613,0.5956597222222222,10.365433013847172,40.31416594240532
Figure 2,2D,MMP,soft MMP,vanilla_diffusion,vanilla diffusion,5000,15000,162,207,bootstrap_with_replacement_effective_N,20260607,45,priority1_learning_curve_by_N_from_available_2d_library+mmp_full_endpoint_anchor,9.225315247668403,48.55489927084658,0.37726879254015533,27.806156553648666,0.9573784722222223,193.6934363510953,40.31547583286194
Figure 2,2D,PIEZO,sheet piezo,vanilla_diffusion,vanilla diffusion,5000,15000,162,207,bootstrap_with_replacement_effective_N,20260607,45,priority1_learning_curve_by_N_from_available_2d_library,57.596933546837086,61.286247976621375,0.21429470925627495,36.38154894872137,0.95703125,193.6934363510953,60.88175866318014
Figure 2,2D,US,ultrasound,vanilla_diffusion,vanilla diffusion,5000,15000,162,207,bootstrap_with_replacement_effective_N,20260607,45,priority1_learning_curve_by_N_from_available_2d_library,60.67499738310466,65.15687240428247,0.17806920101633542,38.813867111782685,0.9250868055555556,193.6934363510953,62.19713924453845
Figure 2,2D,MMP,soft MMP,DPS_inverse_diffusion,DPS inverse diffusion,5000,5000,162,207,bootstrap_with_replacement_effective_N,20260607,45,priority1_learning_curve_by_N_from_available_2d_library+mmp_full_endpoint_anchor,1.4838549953060332,3.4963477604088298,-0.004119943699131601,1.3684403972951549,0.6050347222222222,1.275158801160592,1.9215406961784205
Figure 2,2D,PIEZO,sheet piezo,DPS_inverse_diffusion,DPS inverse diffusion,5000,5000,162,207,bootstrap_with_replacement_effective_N,20260607,45,priority1_learning_curve_by_N_from_available_2d_library,5.399988272809119,11.276195587434286,0.7232944932299756,5.016747952188041,0.671875,4.695279836032046,6.631860597543699
Figure 2,2D,US,ultrasound,DPS_inverse_diffusion,DPS inverse diffusion,5000,5000,162,207,bootstrap_with_replacement_effective_N,20260607,45,priority1_learning_curve_by_N_from_available_2d_library,17.192022963119193,53.822008100050425,0.6878107525158338,16.476744800711234,0.5775173611111111,7.8798815442736645,22.736151896104243
Figure 2,2D,MMP,soft MMP,operator_conditioned_diffusion,operator-conditioned diffusion,5000,15000,162,207,bootstrap_with_replacement_effective_N,20260607,45,priority1_learning_curve_by_N_from_available_2d_library+mmp_full_endpoint_anchor,2.1699250615145043,7.184185907501581,0.8467136220192304,3.9087163337584685,0.9576388888888889,33.80147585958982,4.275117534958701
Figure 2,2D,PIEZO,sheet piezo,operator_conditioned_diffusion,operator-conditioned diffusion,5000,15000,162,207,bootstrap_with_replacement_effective_N,20260607,45,priority1_learning_curve_by_N_from_available_2d_library,8.424397326259,12.970548875231131,0.6864107359257301,6.709398347114998,0.846875,33.80147585958982,8.87194343421651
Figure 2,2D,US,ultrasound,operator_conditioned_diffusion,operator-conditioned diffusion,5000,15000,162,207,bootstrap_with_replacement_effective_N,20260607,45,priority1_learning_curve_by_N_from_available_2d_library,8.368965116498867,13.50505152829833,0.6658144653802134,6.839404871564335,0.8418402777777778,33.80147585958982,8.85570180296191
Figure 2,2D,MMP,soft MMP,SRCNN,SRCNN,10000,10000,162,207,bootstrap_with_replacement_effective_N,20260607,45,priority1_learning_curve_by_N_from_available_2d_library+mmp_full_endpoint_anchor,1.222217839746681,3.1367710833383917,0.5282172899165432,1.108349839242445,0.8389756944444444,3.23757111166465,1.2968028346548337
Figure 2,2D,PIEZO,sheet piezo,SRCNN,SRCNN,10000,10000,162,207,bootstrap_with_replacement_effective_N,20260607,45,priority1_learning_curve_by_N_from_available_2d_library,5.062413618642709,8.355975873619917,0.7416421629926445,4.081154309826511,0.8502604166666666,19.371710417037754,5.314215962694989
Figure 2,2D,US,ultrasound,SRCNN,SRCNN,10000,10000,162,207,bootstrap_with_replacement_effective_N,20260607,45,priority1_learning_curve_by_N_from_available_2d_library,10.602297542191584,18.814492484507415,0.653967243228645,8.929766263334125,0.7935763888888889,30.94663704293054,11.730632332706069
Figure 2,2D,MMP,soft MMP,U-Net,U-Net,10000,10000,162,207,bootstrap_with_replacement_effective_N,20260607,45,priority1_learning_curve_by_N_from_available_2d_library+mmp_full_endpoint_anchor,3.5912720539809286,2.763952344633612,0.8417460663727739,0.9693053336289453,0.7302951388888889,1.2834519951823942,1.2095465009227364
Figure 2,2D,PIEZO,sheet piezo,U-Net,U-Net,10000,10000,162,207,bootstrap_with_replacement_effective_N,20260607,45,priority1_learning_curve_by_N_from_available_2d_library,5.770507252085251,12.68682524188778,0.680407912670433,5.433091837568679,0.7136284722222223,6.058300619663403,6.845965504709125
Figure 2,2D,US,ultrasound,U-Net,U-Net,10000,10000,162,207,bootstrap_with_replacement_effective_N,20260607,45,priority1_learning_curve_by_N_from_available_2d_library,34.51715708118581,113.03534666237559,0.6604859059728058,33.69908106375593,0.5623263888888889,8.91686451019911,46.172690158079284
Figure 2,2D,MMP,soft MMP,vanilla_diffusion,vanilla diffusion,10000,30000,162,207,bootstrap_with_replacement_effective_N,20260607,45,priority1_learning_curve_by_N_from_available_2d_library+mmp_full_endpoint_anchor,9.57426394575511,50.63603146131685,0.3337386781765701,28.78631779260197,0.9221354166666667,190.659415224583,40.44584776561691
Figure 2,2D,PIEZO,sheet piezo,vanilla_diffusion,vanilla diffusion,10000,30000,162,207,bootstrap_with_replacement_effective_N,20260607,45,priority1_learning_curve_by_N_from_available_2d_library,55.95814799640687,59.71364397608297,0.2222173536528975,35.36014190812615,0.9563368055555556,190.659415224583,59.11065129932945
Figure 2,2D,US,ultrasound,vanilla_diffusion,vanilla diffusion,10000,30000,162,207,bootstrap_with_replacement_effective_N,20260607,45,priority1_learning_curve_by_N_from_available_2d_library,58.95738990078704,63.854442602151565,0.17709118691065043,37.848584961986276,0.9130208333333333,190.659415224583,59.725064248453535
Figure 2,2D,MMP,soft MMP,DPS_inverse_diffusion,DPS inverse diffusion,10000,10000,162,207,bootstrap_with_replacement_effective_N,20260607,45,priority1_learning_curve_by_N_from_available_2d_library+mmp_full_endpoint_anchor,1.4338479618944784,3.3565179341381404,-0.00026957015657780303,1.3452780412006187,0.5512152777777778,0.9231938289948047,1.9339522249927434
Figure 2,2D,PIEZO,sheet piezo,DPS_inverse_diffusion,DPS inverse diffusion,10000,10000,162,207,bootstrap_with_replacement_effective_N,20260607,45,priority1_learning_curve_by_N_from_available_2d_library,5.584415202462118,11.7871010645521,0.7141356115922293,5.239420980532736,0.6376736111111111,3.992304807679683,7.049354676580219
Figure 2,2D,US,ultrasound,DPS_inverse_diffusion,DPS inverse diffusion,10000,10000,162,207,bootstrap_with_replacement_effective_N,20260607,45,priority1_learning_curve_by_N_from_available_2d_library,17.87472549257516,56.523336516393734,0.6849364754191267,17.232761520849024,0.5421875,6.612594931025898,24.27052570788721
Figure 2,2D,MMP,soft MMP,operator_conditioned_diffusion,operator-conditioned diffusion,10000,30000,162,207,bootstrap_with_replacement_effective_N,20260607,45,priority1_learning_curve_by_N_from_available_2d_library+mmp_full_endpoint_anchor,2.1359963337161285,7.491175856907092,0.8453518877711053,3.923309034759997,0.9552951388888888,33.26418123704224,4.198946611846448
Figure 2,2D,PIEZO,sheet piezo,operator_conditioned_diffusion,operator-conditioned diffusion,10000,30000,162,207,bootstrap_with_replacement_effective_N,20260607,45,priority1_learning_curve_by_N_from_available_2d_library,8.349563568023601,12.797223373337745,0.6931851261888003,6.642310030639276,0.8415798611111112,33.26418123704224,8.837346231329146
Figure 2,2D,US,ultrasound,operator_conditioned_diffusion,operator-conditioned diffusion,10000,30000,162,207,bootstrap_with_replacement_effective_N,20260607,45,priority1_learning_curve_by_N_from_available_2d_library,8.383861019622676,13.427094529285677,0.6724983543803692,6.832798389133566,0.83359375,33.26418123704224,8.940601790456995
Figure 2,2D,MMP,soft MMP,SRCNN,SRCNN,50,50,50,207,without_replacement,20260608,45,priority1_learning_curve_by_N_from_available_2d_library+mmp_full_endpoint_anchor,5.32978076943082,6.038595776883787,0.2435199026342899,3.463647407858956,0.9730034722222223,22.035979205546894,5.718873271782496
Figure 2,2D,PIEZO,sheet piezo,SRCNN,SRCNN,50,50,50,207,without_replacement,20260608,45,priority1_learning_curve_by_N_from_available_2d_library,8.559743688583017,11.182778669478267,0.6497255687690422,6.135026303137627,0.8911458333333333,36.033571909526046,8.63553308582568
Figure 2,2D,US,ultrasound,SRCNN,SRCNN,50,50,50,207,without_replacement,20260608,45,priority1_learning_curve_by_N_from_available_2d_library,12.03294008197026,16.507341486995912,0.6401694364335785,8.843159387574834,0.8782986111111111,50.0837800476624,12.294071594165795
Figure 2,2D,MMP,soft MMP,U-Net,U-Net,50,50,50,207,without_replacement,20260608,45,priority1_learning_curve_by_N_from_available_2d_library+mmp_full_endpoint_anchor,18.80754663054134,6.023853109677446,0.5426890099381962,3.477502880491579,0.9629340277777778,18.686423016746556,5.756207304910375
Figure 2,2D,PIEZO,sheet piezo,U-Net,U-Net,50,50,50,207,without_replacement,20260608,45,priority1_learning_curve_by_N_from_available_2d_library,6.826722919085963,9.326568421730201,0.7585334283022337,5.023181859030244,0.8749131944444445,28.569681664034118,6.997983589538727
Figure 2,2D,US,ultrasound,U-Net,U-Net,50,50,50,207,without_replacement,20260608,45,priority1_learning_curve_by_N_from_available_2d_library,9.175996553653981,12.016572304373959,0.7052566228534188,6.671118362379942,0.8401909722222223,34.58879365126113,9.724803986420266
Figure 2,2D,MMP,soft MMP,vanilla_diffusion,vanilla diffusion,50,150,50,207,without_replacement,20260608,45,priority1_learning_curve_by_N_from_available_2d_library+mmp_full_endpoint_anchor,4.916900390083375,24.30689992422285,0.716700214854151,17.62637989624701,1.0,193.4538211019458,22.35343169599135
Figure 2,2D,PIEZO,sheet piezo,vanilla_diffusion,vanilla diffusion,50,150,50,207,without_replacement,20260608,45,priority1_learning_curve_by_N_from_available_2d_library,68.49206685542165,77.15544599469723,0.23662012047313313,46.38376081345879,0.7609375,193.4538211019458,78.01674490250373
Figure 2,2D,US,ultrasound,vanilla_diffusion,vanilla diffusion,50,150,50,207,without_replacement,20260608,45,priority1_learning_curve_by_N_from_available_2d_library,71.46311984806893,80.95250622988699,0.20746847322829182,49.01910723016843,0.7121527777777777,193.4538211019458,84.88726840286243
Figure 2,2D,MMP,soft MMP,DPS_inverse_diffusion,DPS inverse diffusion,50,50,50,207,without_replacement,20260608,45,priority1_learning_curve_by_N_from_available_2d_library+mmp_full_endpoint_anchor,5.43486995537595,5.972792911734348,-0.24360002613501697,3.496405215289762,0.9624131944444444,18.241750359923657,5.774077550681098
Figure 2,2D,PIEZO,sheet piezo,DPS_inverse_diffusion,DPS inverse diffusion,50,50,50,207,without_replacement,20260608,45,priority1_learning_curve_by_N_from_available_2d_library,6.740772186484696,9.043533740887252,0.7134216217151655,4.910687063774076,0.8638888888888889,26.454691499208483,6.984188959885532
Figure 2,2D,US,ultrasound,DPS_inverse_diffusion,DPS inverse diffusion,50,50,50,207,without_replacement,20260608,45,priority1_learning_curve_by_N_from_available_2d_library,8.738920566765175,11.36432772859187,0.7275750212089066,6.300150124657699,0.8503472222222223,32.80574574614246,9.172832247684418
Figure 2,2D,MMP,soft MMP,operator_conditioned_diffusion,operator-conditioned diffusion,50,150,50,207,without_replacement,20260608,45,priority1_learning_curve_by_N_from_available_2d_library+mmp_full_endpoint_anchor,1.7742086214907542,6.444511333247688,0.9053758098703185,3.387232750688237,0.9724826388888889,32.09289021938086,3.544548051240509
Figure 2,2D,PIEZO,sheet piezo,operator_conditioned_diffusion,operator-conditioned diffusion,50,150,50,207,without_replacement,20260608,45,priority1_learning_curve_by_N_from_available_2d_library,8.783981422509374,13.023572630063589,0.7940563534046478,7.002085171760526,0.7883680555555556,32.09289021938086,9.764554348667973
Figure 2,2D,US,ultrasound,operator_conditioned_diffusion,operator-conditioned diffusion,50,150,50,207,without_replacement,20260608,45,priority1_learning_curve_by_N_from_available_2d_library,9.12027768112203,13.524632907014988,0.7867799452410056,7.273187029675478,0.7768229166666667,32.09289021938086,10.243686885072737
Figure 2,2D,MMP,soft MMP,SRCNN,SRCNN,100,100,100,207,without_replacement,20260608,45,priority1_learning_curve_by_N_from_available_2d_library+mmp_full_endpoint_anchor,2.9152814448786635,3.5812355002609473,0.47353494868990054,2.00634989198799,0.9672743055555556,14.461026677067569,3.1114049795818723
Figure 2,2D,PIEZO,sheet piezo,SRCNN,SRCNN,100,100,100,207,without_replacement,20260608,45,priority1_learning_curve_by_N_from_available_2d_library,7.287305914936337,10.197189499239839,0.7315720898318571,5.461597874461676,0.8717881944444444,29.387926005528517,7.4928939724323715
Figure 2,2D,US,ultrasound,SRCNN,SRCNN,100,100,100,207,without_replacement,20260608,45,priority1_learning_curve_by_N_from_available_2d_library,11.047435746232736,15.7424578354318,0.7210319329654838,8.539715383791972,0.8303819444444445,43.16411969175923,11.816536741760396
Figure 2,2D,MMP,soft MMP,U-Net,U-Net,100,100,100,207,without_replacement,20260608,45,priority1_learning_curve_by_N_from_available_2d_library+mmp_full_endpoint_anchor,10.448536291327057,3.6495864982672734,0.7690804482459671,2.0174635300766646,0.9299479166666667,10.628731483114775,3.0986226251410325
Figure 2,2D,PIEZO,sheet piezo,U-Net,U-Net,100,100,100,207,without_replacement,20260608,45,priority1_learning_curve_by_N_from_available_2d_library,5.663213985597542,8.299543591742504,0.8213874207315706,4.3507341056915445,0.8375,20.65275437752992,6.017164859697388
Figure 2,2D,US,ultrasound,U-Net,U-Net,100,100,100,207,without_replacement,20260608,45,priority1_learning_curve_by_N_from_available_2d_library,8.64613921484395,12.549540269168174,0.7794179269214184,6.7384598319415625,0.7388020833333333,27.868851971484098,10.039878843486763
Figure 2,2D,MMP,soft MMP,vanilla_diffusion,vanilla diffusion,100,300,100,207,without_replacement,20260608,45,priority1_learning_curve_by_N_from_available_2d_library+mmp_full_endpoint_anchor,5.48424411388383,26.363406320523108,0.693828930152337,17.99252957842808,1.0,187.32799896571413,24.932715019220886
Figure 2,2D,PIEZO,sheet piezo,vanilla_diffusion,vanilla diffusion,100,300,100,207,without_replacement,20260608,45,priority1_learning_curve_by_N_from_available_2d_library,67.37878420203,74.43171346898087,0.2620309377111252,45.04251098358546,0.7818576388888889,187.32799896571413,75.33907285645385
Figure 2,2D,US,ultrasound,vanilla_diffusion,vanilla diffusion,100,300,100,207,without_replacement,20260608,45,priority1_learning_curve_by_N_from_available_2d_library,71.26641505681782,79.2874061678523,0.22407956450969493,48.45290114885835,0.7235243055555556,187.32799896571413,83.84320514453576
Figure 2,2D,MMP,soft MMP,DPS_inverse_diffusion,DPS inverse diffusion,100,100,100,207,without_replacement,20260608,45,priority1_learning_curve_by_N_from_available_2d_library+mmp_full_endpoint_anchor,2.9041175064763824,3.463696017554167,-0.041745986572333194,1.9386212612226017,0.9370659722222222,10.117246108985759,3.0117614453015054
Figure 2,2D,PIEZO,sheet piezo,DPS_inverse_diffusion,DPS inverse diffusion,100,100,100,207,without_replacement,20260608,45,priority1_learning_curve_by_N_from_available_2d_library,5.179053042669421,7.548428162618148,0.8200561888748892,3.9519774987121474,0.8395833333333333,18.445341269635186,5.491954163997366
Figure 2,2D,US,ultrasound,DPS_inverse_diffusion,DPS inverse diffusion,100,100,100,207,without_replacement,20260608,45,priority1_learning_curve_by_N_from_available_2d_library,8.122402539403557,11.936801946528956,0.7865413496360805,6.278082324186901,0.7373263888888889,25.619921425628903,9.443703091386393
Figure 2,2D,MMP,soft MMP,operator_conditioned_diffusion,operator-conditioned diffusion,100,300,100,207,without_replacement,20260608,45,priority1_learning_curve_by_N_from_available_2d_library+mmp_full_endpoint_anchor,1.5735172983429937,5.460868663927723,0.9342377431376905,3.086699587646414,0.9684027777777777,29.927332796592214,3.1316444042068206
Figure 2,2D,PIEZO,sheet piezo,operator_conditioned_diffusion,operator-conditioned diffusion,100,300,100,207,without_replacement,20260608,45,priority1_learning_curve_by_N_from_available_2d_library,8.529469783655674,12.77431039282343,0.8333219202331904,6.873746471493177,0.7888888888888889,29.927332796592214,9.477188648506305
Figure 2,2D,US,ultrasound,operator_conditioned_diffusion,operator-conditioned diffusion,100,300,100,207,without_replacement,20260608,45,priority1_learning_curve_by_N_from_available_2d_library,8.803886247450183,13.248515491116615,0.8225217620428718,7.117187801936041,0.7794270833333333,29.927332796592214,9.865396490306807
Figure 2,2D,MMP,soft MMP,SRCNN,SRCNN,200,200,112,207,bootstrap_with_replacement_effective_N,20260608,45,priority1_learning_curve_by_N_from_available_2d_library+mmp_full_endpoint_anchor,1.7767763359458466,2.399884677063656,0.5417439285653789,1.3084950672082192,0.9701388888888889,10.365738178625868,1.9013974539531593
Figure 2,2D,PIEZO,sheet piezo,SRCNN,SRCNN,200,200,112,207,bootstrap_with_replacement_effective_N,20260608,45,priority1_learning_curve_by_N_from_available_2d_library,6.910259282688697,9.416434617276652,0.7822787886216858,5.154086870550762,0.8634548611111111,28.116120932484705,7.162795667932789
Figure 2,2D,US,ultrasound,SRCNN,SRCNN,200,200,112,207,bootstrap_with_replacement_effective_N,20260608,45,priority1_learning_curve_by_N_from_available_2d_library,10.535708735115715,14.703988965407502,0.7567945342850207,8.025062520379427,0.8213541666666667,39.67485149318267,11.36429832834617
Figure 2,2D,MMP,soft MMP,U-Net,U-Net,200,200,112,207,bootstrap_with_replacement_effective_N,20260608,45,priority1_learning_curve_by_N_from_available_2d_library+mmp_full_endpoint_anchor,6.5037507356335,2.6900318824195253,0.827796913992471,1.3306277822314925,0.9009548611111111,6.417997069751863,1.8744607445151726
Figure 2,2D,PIEZO,sheet piezo,U-Net,U-Net,200,200,112,207,bootstrap_with_replacement_effective_N,20260608,45,priority1_learning_curve_by_N_from_available_2d_library,4.689558722046378,7.797919484818483,0.8369844076250418,3.7143926537910086,0.809375,15.550140669928375,5.114549981231832
Figure 2,2D,US,ultrasound,U-Net,U-Net,200,200,112,207,bootstrap_with_replacement_effective_N,20260608,45,priority1_learning_curve_by_N_from_available_2d_library,8.903155752616152,14.481994001295337,0.7768003790317888,7.114725800560937,0.7446180555555556,25.951598975074887,10.286545405149392
Figure 2,2D,MMP,soft MMP,vanilla_diffusion,vanilla diffusion,200,600,112,207,bootstrap_with_replacement_effective_N,20260608,45,priority1_learning_curve_by_N_from_available_2d_library+mmp_full_endpoint_anchor,5.69639527905985,27.702705595563213,0.6726783493177142,18.60719430708049,1.0,190.72388888538234,25.89720610176379
Figure 2,2D,PIEZO,sheet piezo,vanilla_diffusion,vanilla diffusion,200,600,112,207,bootstrap_with_replacement_effective_N,20260608,45,priority1_learning_curve_by_N_from_available_2d_library,67.03912359552018,73.12447260026309,0.28456734133068706,44.20164733806042,0.8140625,190.72388888538234,72.8002982795102
Figure 2,2D,US,ultrasound,vanilla_diffusion,vanilla diffusion,200,600,112,207,bootstrap_with_replacement_effective_N,20260608,45,priority1_learning_curve_by_N_from_available_2d_library,71.01676783826593,78.03127963226211,0.24695888638865726,47.6320043280587,0.7618923611111111,190.72388888538234,80.82472596592922
Figure 2,2D,MMP,soft MMP,DPS_inverse_diffusion,DPS inverse diffusion,200,200,112,207,bootstrap_with_replacement_effective_N,20260608,45,priority1_learning_curve_by_N_from_available_2d_library+mmp_full_endpoint_anchor,1.7986700085699836,2.5703301551900077,0.015501087493542287,1.2733168853590857,0.8987847222222223,6.095727006290507,1.800855892260954
Figure 2,2D,PIEZO,sheet piezo,DPS_inverse_diffusion,DPS inverse diffusion,200,200,112,207,bootstrap_with_replacement_effective_N,20260608,45,priority1_learning_curve_by_N_from_available_2d_library,4.500860038560024,8.231876083639976,0.8305313831648065,3.5909801188767045,0.8047743055555555,13.662831069319138,4.929457561329151
Figure 2,2D,US,ultrasound,DPS_inverse_diffusion,DPS inverse diffusion,200,200,112,207,bootstrap_with_replacement_effective_N,20260608,45,priority1_learning_curve_by_N_from_available_2d_library,8.53030510323925,17.74452498276938,0.7825247829225502,6.93256341457773,0.7582465277777778,22.188455132575626,9.739505470738356
Figure 2,2D,MMP,soft MMP,operator_conditioned_diffusion,operator-conditioned diffusion,200,600,112,207,bootstrap_with_replacement_effective_N,20260608,45,priority1_learning_curve_by_N_from_available_2d_library+mmp_full_endpoint_anchor,1.6215811048404531,5.483389997747628,0.9284490749962128,3.189314681608774,0.9702256944444444,31.42805679988107,3.2328083629585125
Figure 2,2D,PIEZO,sheet piezo,operator_conditioned_diffusion,operator-conditioned diffusion,200,600,112,207,bootstrap_with_replacement_effective_N,20260608,45,priority1_learning_curve_by_N_from_available_2d_library,8.616183448252954,12.592367013703154,0.8325518297151254,6.879033960948744,0.7878472222222223,31.42805679988107,9.582512355817435
Figure 2,2D,US,ultrasound,operator_conditioned_diffusion,operator-conditioned diffusion,200,600,112,207,bootstrap_with_replacement_effective_N,20260608,45,priority1_learning_curve_by_N_from_available_2d_library,8.87840357870964,13.121851661461523,0.8231033724999018,7.1515719906675255,0.7714409722222222,31.42805679988107,10.019802511007297
Figure 2,2D,MMP,soft MMP,SRCNN,SRCNN,500,500,151,207,bootstrap_with_replacement_effective_N,20260608,45,priority1_learning_curve_by_N_from_available_2d_library+mmp_full_endpoint_anchor,0.7986916273083673,1.5738419901680596,0.5729465604665397,0.7936901792128797,0.9780381944444444,7.473216760401179,0.8610200798214074
Figure 2,2D,PIEZO,sheet piezo,SRCNN,SRCNN,500,500,151,207,bootstrap_with_replacement_effective_N,20260608,45,priority1_learning_curve_by_N_from_available_2d_library,5.991140446045706,8.590314368311402,0.8518605865797468,4.645958815557513,0.8556423611111111,24.970020221798652,6.256893290484018
Figure 2,2D,US,ultrasound,SRCNN,SRCNN,500,500,151,207,bootstrap_with_replacement_effective_N,20260608,45,priority1_learning_curve_by_N_from_available_2d_library,9.742684133725383,13.887909007591894,0.8111692680445974,7.611633531199399,0.7949652777777778,36.04679802030395,10.766004255410081
Figure 2,2D,MMP,soft MMP,U-Net,U-Net,500,500,151,207,bootstrap_with_replacement_effective_N,20260608,45,priority1_learning_curve_by_N_from_available_2d_library+mmp_full_endpoint_anchor,3.233825101109075,1.6803317397991093,0.8582230213113116,0.7155057522801412,0.90859375,3.8373495743465273,0.9391409309889133
Figure 2,2D,PIEZO,sheet piezo,U-Net,U-Net,500,500,151,207,bootstrap_with_replacement_effective_N,20260608,45,priority1_learning_curve_by_N_from_available_2d_library,3.497849012373572,5.491505798674216,0.8476248954663569,2.8476305799474555,0.7928819444444445,12.330019786026307,3.872531797205949
Figure 2,2D,US,ultrasound,U-Net,U-Net,500,500,151,207,bootstrap_with_replacement_effective_N,20260608,45,priority1_learning_curve_by_N_from_available_2d_library,7.672605296641484,12.351984091925841,0.793303096725745,6.260002182210294,0.7149305555555555,21.591798947025367,9.092570096332425
Figure 2,2D,MMP,soft MMP,vanilla_diffusion,vanilla diffusion,500,1500,151,207,bootstrap_with_replacement_effective_N,20260608,45,priority1_learning_curve_by_N_from_available_2d_library+mmp_full_endpoint_anchor,5.126124370957567,24.69867926449776,0.6960482880101597,17.15096654574212,1.0,181.6089356760749,23.304615082798858
Figure 2,2D,PIEZO,sheet piezo,vanilla_diffusion,vanilla diffusion,500,1500,151,207,bootstrap_with_replacement_effective_N,20260608,45,priority1_learning_curve_by_N_from_available_2d_library,67.2067836325048,75.27765534307126,0.2515378594915265,45.642806886819216,0.7403645833333333,181.6089356760749,77.93536654050621
Figure 2,2D,US,ultrasound,vanilla_diffusion,vanilla diffusion,500,1500,151,207,bootstrap_with_replacement_effective_N,20260608,45,priority1_learning_curve_by_N_from_available_2d_library,71.46850952981912,80.85497749928565,0.20900969223537968,49.54692430671381,0.6467881944444445,181.6089356760749,89.56517986822904
Figure 2,2D,MMP,soft MMP,DPS_inverse_diffusion,DPS inverse diffusion,500,500,151,207,bootstrap_with_replacement_effective_N,20260608,45,priority1_learning_curve_by_N_from_available_2d_library+mmp_full_endpoint_anchor,0.8853324272329688,1.5827258641145343,0.054558640869155295,0.6660959668617814,0.90703125,3.387203919576292,0.8915574208619504
Figure 2,2D,PIEZO,sheet piezo,DPS_inverse_diffusion,DPS inverse diffusion,500,500,151,207,bootstrap_with_replacement_effective_N,20260608,45,priority1_learning_curve_by_N_from_available_2d_library,3.154472544400848,4.811791194707644,0.8496159612043458,2.4855732382205566,0.7988715277777778,10.444491844344352,3.473479533483052
Figure 2,2D,US,ultrasound,DPS_inverse_diffusion,DPS inverse diffusion,500,500,151,207,bootstrap_with_replacement_effective_N,20260608,45,priority1_learning_curve_by_N_from_available_2d_library,6.11563933870735,9.52412150117946,0.7970191827285449,4.9022463984621405,0.73203125,17.31402745081251,7.14287563388085
Figure 2,2D,MMP,soft MMP,operator_conditioned_diffusion,operator-conditioned diffusion,500,1500,151,207,bootstrap_with_replacement_effective_N,20260608,45,priority1_learning_curve_by_N_from_available_2d_library+mmp_full_endpoint_anchor,1.4766302647951075,5.348287742744034,0.9316250370280573,3.0767958702175955,0.9769965277777778,31.3161643267082,2.9624564918239904
Figure 2,2D,PIEZO,sheet piezo,operator_conditioned_diffusion,operator-conditioned diffusion,500,1500,151,207,bootstrap_with_replacement_effective_N,20260608,45,priority1_learning_curve_by_N_from_available_2d_library,8.443888639229668,12.677968667965054,0.8316606542104565,6.786122173730367,0.80546875,31.3161643267082,9.242099987156848
Figure 2,2D,US,ultrasound,operator_conditioned_diffusion,operator-conditioned diffusion,500,1500,151,207,bootstrap_with_replacement_effective_N,20260608,45,priority1_learning_curve_by_N_from_available_2d_library,8.834692843071394,13.28318774157507,0.8163127953788489,7.1256890182571615,0.7944444444444444,31.3161643267082,9.767243754284486
Figure 2,2D,MMP,soft MMP,SRCNN,SRCNN,1000,1000,162,207,bootstrap_with_replacement_effective_N,20260608,45,priority1_learning_curve_by_N_from_available_2d_library+mmp_full_endpoint_anchor,0.6762942430204903,1.388900261910011,0.5753755170287992,0.681413374260659,0.9749131944444445,6.3528749413274515,0.7269576051495428
Figure 2,2D,PIEZO,sheet piezo,SRCNN,SRCNN,1000,1000,162,207,bootstrap_with_replacement_effective_N,20260608,45,priority1_learning_curve_by_N_from_available_2d_library,5.38491381585905,7.488464373943736,0.8517287912278783,4.1376206742074215,0.8751736111111111,24.108325793334423,5.518601780384717
Figure 2,2D,US,ultrasound,SRCNN,SRCNN,1000,1000,162,207,bootstrap_with_replacement_effective_N,20260608,45,priority1_learning_curve_by_N_from_available_2d_library,9.566131594162728,13.366076727995168,0.8158945396802946,7.36333682411024,0.8217881944444444,37.29883602576655,10.314316018324241
Figure 2,2D,MMP,soft MMP,U-Net,U-Net,1000,1000,162,207,bootstrap_with_replacement_effective_N,20260608,45,priority1_learning_curve_by_N_from_available_2d_library+mmp_full_endpoint_anchor,2.116914944827223,1.4361265783317954,0.8676552907624391,0.538365457295671,0.9160590277777778,2.938325660981611,0.6193274317074056
Figure 2,2D,PIEZO,sheet piezo,U-Net,U-Net,1000,1000,162,207,bootstrap_with_replacement_effective_N,20260608,45,priority1_learning_curve_by_N_from_available_2d_library,3.1246071087070866,5.54814115395401,0.8260659881363128,2.6017456794973106,0.8115451388888889,10.418132162147836,3.4009937965345625
Figure 2,2D,US,ultrasound,U-Net,U-Net,1000,1000,162,207,bootstrap_with_replacement_effective_N,20260608,45,priority1_learning_curve_by_N_from_available_2d_library,8.052051113896708,16.462023916438397,0.8045806762104087,6.755771924461985,0.7712673611111112,19.662048052619884,9.088612902256846
Figure 2,2D,MMP,soft MMP,vanilla_diffusion,vanilla diffusion,1000,3000,162,207,bootstrap_with_replacement_effective_N,20260608,45,priority1_learning_curve_by_N_from_available_2d_library+mmp_full_endpoint_anchor,5.193164618259874,26.240135513829248,0.7030290113650308,18.14684031567245,1.0,191.9146381000398,23.609396443018575
Figure 2,2D,PIEZO,sheet piezo,vanilla_diffusion,vanilla diffusion,1000,3000,162,207,bootstrap_with_replacement_effective_N,20260608,45,priority1_learning_curve_by_N_from_available_2d_library,66.80067719462862,73.01346718519636,0.28279882021513597,44.04194927855683,0.8155381944444444,191.9146381000398,72.44278300282079
Figure 2,2D,US,ultrasound,vanilla_diffusion,vanilla diffusion,1000,3000,162,207,bootstrap_with_replacement_effective_N,20260608,45,priority1_learning_curve_by_N_from_available_2d_library,70.87817269997711,78.0762244098482,0.24474654271005075,47.5647980744555,0.7637152777777778,191.9146381000398,80.5377847780122
Figure 2,2D,MMP,soft MMP,DPS_inverse_diffusion,DPS inverse diffusion,1000,1000,162,207,bootstrap_with_replacement_effective_N,20260608,45,priority1_learning_curve_by_N_from_available_2d_library+mmp_full_endpoint_anchor,0.6657928571552458,1.3813493064048703,0.0558386406639253,0.5262543928010115,0.9112847222222222,2.7234786863186824,0.6733061446057825
Figure 2,2D,PIEZO,sheet piezo,DPS_inverse_diffusion,DPS inverse diffusion,1000,1000,162,207,bootstrap_with_replacement_effective_N,20260608,45,priority1_learning_curve_by_N_from_available_2d_library,2.7325776415294953,4.765513133344756,0.8260245863724419,2.1985111219617575,0.8099826388888889,8.623232677485472,2.9785570698512047
Figure 2,2D,US,ultrasound,DPS_inverse_diffusion,DPS inverse diffusion,1000,1000,162,207,bootstrap_with_replacement_effective_N,20260608,45,priority1_learning_curve_by_N_from_available_2d_library,5.680759622507925,10.916547364889862,0.8265338296805846,4.665471531987815,0.8105034722222222,14.936046293972547,6.189167883862585
Figure 2,2D,MMP,soft MMP,operator_conditioned_diffusion,operator-conditioned diffusion,1000,3000,162,207,bootstrap_with_replacement_effective_N,20260608,45,priority1_learning_curve_by_N_from_available_2d_library+mmp_full_endpoint_anchor,1.4041437592573722,4.898978255520981,0.9319245760680367,3.101434746475703,0.9809895833333333,33.11706504055991,2.82747644309267
Figure 2,2D,PIEZO,sheet piezo,operator_conditioned_diffusion,operator-conditioned diffusion,1000,3000,162,207,bootstrap_with_replacement_effective_N,20260608,45,priority1_learning_curve_by_N_from_available_2d_library,8.680247816826697,12.516311098167055,0.8294737663135322,6.866437225014364,0.7873263888888888,33.11706504055991,9.658282683687899
Figure 2,2D,US,ultrasound,operator_conditioned_diffusion,operator-conditioned diffusion,1000,3000,162,207,bootstrap_with_replacement_effective_N,20260608,45,priority1_learning_curve_by_N_from_available_2d_library,9.05228492417413,13.117555096395431,0.8170700561674807,7.200472293759334,0.7721354166666666,33.11706504055991,10.20975156421827
Figure 2,2D,MMP,soft MMP,SRCNN,SRCNN,2000,2000,162,207,bootstrap_with_replacement_effective_N,20260608,45,priority1_learning_curve_by_N_from_available_2d_library+mmp_full_endpoint_anchor,0.5750829979140598,1.2916318276135852,0.5764215871455419,0.5857281579037583,0.97265625,5.338946606663729,0.6168663719812533
Figure 2,2D,PIEZO,sheet piezo,SRCNN,SRCNN,2000,2000,162,207,bootstrap_with_replacement_effective_N,20260608,45,priority1_learning_curve_by_N_from_available_2d_library,4.976610847344317,6.971596264670023,0.8508187069770862,3.832448441160414,0.8809895833333333,22.562025391859255,5.071218293140186
Figure 2,2D,US,ultrasound,SRCNN,SRCNN,2000,2000,162,207,bootstrap_with_replacement_effective_N,20260608,45,priority1_learning_curve_by_N_from_available_2d_library,8.97931752159414,12.221702076693187,0.8213941125322243,6.8508150650554756,0.81484375,35.546892124816274,9.743962529292391
Figure 2,2D,MMP,soft MMP,U-Net,U-Net,2000,2000,162,207,bootstrap_with_replacement_effective_N,20260608,45,priority1_learning_curve_by_N_from_available_2d_library+mmp_full_endpoint_anchor,1.712168098900167,1.3109222511450034,0.8785156633231063,0.44163497366286975,0.92421875,2.339794509822833,0.5049368794222309
Figure 2,2D,PIEZO,sheet piezo,U-Net,U-Net,2000,2000,162,207,bootstrap_with_replacement_effective_N,20260608,45,priority1_learning_curve_by_N_from_available_2d_library,2.8476485106539555,5.982750406049549,0.8205338005701165,2.4590786232359005,0.8188368055555556,8.528839982373137,3.078772760433595
Figure 2,2D,US,ultrasound,U-Net,U-Net,2000,2000,162,207,bootstrap_with_replacement_effective_N,20260608,45,priority1_learning_curve_by_N_from_available_2d_library,8.06831565946157,21.11745665506193,0.8020573840459564,7.12119920583736,0.7620659722222223,14.851249899753368,9.181210935753622
Figure 2,2D,MMP,soft MMP,vanilla_diffusion,vanilla diffusion,2000,6000,162,207,bootstrap_with_replacement_effective_N,20260608,45,priority1_learning_curve_by_N_from_available_2d_library+mmp_full_endpoint_anchor,5.021231719010568,25.500075861850735,0.6646452329954746,17.694475514889174,1.0,187.74315258667454,22.827747433529908
Figure 2,2D,PIEZO,sheet piezo,vanilla_diffusion,vanilla diffusion,2000,6000,162,207,bootstrap_with_replacement_effective_N,20260608,45,priority1_learning_curve_by_N_from_available_2d_library,66.30196511236457,72.78887309849449,0.2823390763044128,43.965763778713004,0.8034722222222223,187.74315258667454,72.70194646696088
Figure 2,2D,US,ultrasound,vanilla_diffusion,vanilla diffusion,2000,6000,162,207,bootstrap_with_replacement_effective_N,20260608,45,priority1_learning_curve_by_N_from_available_2d_library,70.79991752131599,78.52293437100363,0.23758867700816194,47.94586135172111,0.7378472222222222,187.74315258667454,82.28032081383493
Figure 2,2D,MMP,soft MMP,DPS_inverse_diffusion,DPS inverse diffusion,2000,2000,162,207,bootstrap_with_replacement_effective_N,20260608,45,priority1_learning_curve_by_N_from_available_2d_library+mmp_full_endpoint_anchor,0.47822954761306374,1.2531770158425157,0.07438691163565492,0.4093796553518676,0.9082465277777778,1.9437981775130702,0.48217328086160893
Figure 2,2D,PIEZO,sheet piezo,DPS_inverse_diffusion,DPS inverse diffusion,2000,2000,162,207,bootstrap_with_replacement_effective_N,20260608,45,priority1_learning_curve_by_N_from_available_2d_library,2.4703345868339595,5.146378876392993,0.8386269221857116,2.060267920053188,0.8309895833333333,6.79553574181864,2.640813405977449
Figure 2,2D,US,ultrasound,DPS_inverse_diffusion,DPS inverse diffusion,2000,2000,162,207,bootstrap_with_replacement_effective_N,20260608,45,priority1_learning_curve_by_N_from_available_2d_library,5.334619328578191,12.825922349912169,0.810942032335968,4.624852284171991,0.7803819444444444,11.055891351021712,5.972736119791799
Figure 2,2D,MMP,soft MMP,operator_conditioned_diffusion,operator-conditioned diffusion,2000,6000,162,207,bootstrap_with_replacement_effective_N,20260608,45,priority1_learning_curve_by_N_from_available_2d_library+mmp_full_endpoint_anchor,1.286473735236166,4.323759541696599,0.934101348837126,2.962722394733859,0.9844618055555555,32.924127735935166,2.598849302736579
Figure 2,2D,PIEZO,sheet piezo,operator_conditioned_diffusion,operator-conditioned diffusion,2000,6000,162,207,bootstrap_with_replacement_effective_N,20260608,45,priority1_learning_curve_by_N_from_available_2d_library,8.309538533083828,12.140872368264178,0.8329111730333583,6.621295967859083,0.80859375,32.924127735935166,9.06908228962352
Figure 2,2D,US,ultrasound,operator_conditioned_diffusion,operator-conditioned diffusion,2000,6000,162,207,bootstrap_with_replacement_effective_N,20260608,45,priority1_learning_curve_by_N_from_available_2d_library,8.72109052253752,12.799688641597887,0.8192097478314935,6.97547271138532,0.7889756944444445,32.924127735935166,9.689343541489384
Figure 2,2D,MMP,soft MMP,SRCNN,SRCNN,5000,5000,162,207,bootstrap_with_replacement_effective_N,20260608,45,priority1_learning_curve_by_N_from_available_2d_library+mmp_full_endpoint_anchor,0.5150915170134758,1.2217252872223732,0.578448556579509,0.5069112198850034,0.9613715277777778,4.21183080118916,0.546703470357966
Figure 2,2D,PIEZO,sheet piezo,SRCNN,SRCNN,5000,5000,162,207,bootstrap_with_replacement_effective_N,20260608,45,priority1_learning_curve_by_N_from_available_2d_library,4.416562756287757,6.254490773970836,0.8629345706900231,3.420544206218213,0.87734375,20.44990835010428,4.516625506234901
Figure 2,2D,US,ultrasound,SRCNN,SRCNN,5000,5000,162,207,bootstrap_with_replacement_effective_N,20260608,45,priority1_learning_curve_by_N_from_available_2d_library,8.662482939089552,11.686931266450667,0.8004697107955264,6.5743100393895775,0.8173611111111111,32.96875214153641,9.37834090419487
Figure 2,2D,MMP,soft MMP,U-Net,U-Net,5000,5000,162,207,bootstrap_with_replacement_effective_N,20260608,45,priority1_learning_curve_by_N_from_available_2d_library+mmp_full_endpoint_anchor,1.4608881846476094,1.2500111550075554,0.8796702250779481,0.38071431038138426,0.9082465277777778,1.6732303186427195,0.4241130933298982
Figure 2,2D,PIEZO,sheet piezo,U-Net,U-Net,5000,5000,162,207,bootstrap_with_replacement_effective_N,20260608,45,priority1_learning_curve_by_N_from_available_2d_library,2.7879219257842163,7.200002901058989,0.8003804727728329,2.5184186300915075,0.8582465277777778,7.085281761531277,2.9043273464701715
Figure 2,2D,US,ultrasound,U-Net,U-Net,5000,5000,162,207,bootstrap_with_replacement_effective_N,20260608,45,priority1_learning_curve_by_N_from_available_2d_library,8.579536295686133,27.172422391613672,0.8032365509775985,7.879415588785272,0.76875,11.337718384887351,9.705600434494938
Figure 2,2D,MMP,soft MMP,vanilla_diffusion,vanilla diffusion,5000,15000,162,207,bootstrap_with_replacement_effective_N,20260608,45,priority1_learning_curve_by_N_from_available_2d_library+mmp_full_endpoint_anchor,5.06742480674732,26.048334199898278,0.6626327079360905,17.767663449248346,1.0,185.4791856586579,23.037752507790305
Figure 2,2D,PIEZO,sheet piezo,vanilla_diffusion,vanilla diffusion,5000,15000,162,207,bootstrap_with_replacement_effective_N,20260608,45,priority1_learning_curve_by_N_from_available_2d_library,64.9886756517201,71.30733024889993,0.29614418777326385,43.01134301158061,0.809375,185.4791856586579,70.87827438265725
Figure 2,2D,US,ultrasound,vanilla_diffusion,vanilla diffusion,5000,15000,162,207,bootstrap_with_replacement_effective_N,20260608,45,priority1_learning_curve_by_N_from_available_2d_library,70.34863101747493,78.33437191712183,0.23783009724264445,47.837989717808526,0.7271701388888889,185.4791856586579,82.50697514558192
Figure 2,2D,MMP,soft MMP,DPS_inverse_diffusion,DPS inverse diffusion,5000,5000,162,207,bootstrap_with_replacement_effective_N,20260608,45,priority1_learning_curve_by_N_from_available_2d_library+mmp_full_endpoint_anchor,0.4121254882750541,1.217621964534354,0.07703394813747344,0.3601804686764335,0.8868923611111111,1.3348919256334888,0.4175274803522705
Figure 2,2D,PIEZO,sheet piezo,DPS_inverse_diffusion,DPS inverse diffusion,5000,5000,162,207,bootstrap_with_replacement_effective_N,20260608,45,priority1_learning_curve_by_N_from_available_2d_library,2.3583849649909068,6.048429230301114,0.8416731190487503,2.0586057611995052,0.8378472222222222,5.137944217232759,2.504965141634439
Figure 2,2D,US,ultrasound,DPS_inverse_diffusion,DPS inverse diffusion,5000,5000,162,207,bootstrap_with_replacement_effective_N,20260608,45,priority1_learning_curve_by_N_from_available_2d_library,5.493429850171122,15.844783614987827,0.8134982909038138,4.963953519477134,0.7916666666666666,8.519781201896599,6.088551417272994
Figure 2,2D,MMP,soft MMP,operator_conditioned_diffusion,operator-conditioned diffusion,5000,15000,162,207,bootstrap_with_replacement_effective_N,20260608,45,priority1_learning_curve_by_N_from_available_2d_library+mmp_full_endpoint_anchor,1.1791628731917803,4.015566393692847,0.9420669767732274,2.8497075497460465,0.9870659722222223,32.36738006758898,2.3877871483013218
Figure 2,2D,PIEZO,sheet piezo,operator_conditioned_diffusion,operator-conditioned diffusion,5000,15000,162,207,bootstrap_with_replacement_effective_N,20260608,45,priority1_learning_curve_by_N_from_available_2d_library,8.2766972701851,12.128881790217555,0.8349632074921096,6.607285395025727,0.80546875,32.36738006758898,9.059103809007286
Figure 2,2D,US,ultrasound,operator_conditioned_diffusion,operator-conditioned diffusion,5000,15000,162,207,bootstrap_with_replacement_effective_N,20260608,45,priority1_learning_curve_by_N_from_available_2d_library,8.79107980964054,12.862140851062033,0.8187131018681433,7.021055489765906,0.7833333333333333,32.36738006758898,9.816705787431935
Figure 2,2D,MMP,soft MMP,SRCNN,SRCNN,10000,10000,162,207,bootstrap_with_replacement_effective_N,20260608,45,priority1_learning_curve_by_N_from_available_2d_library+mmp_full_endpoint_anchor,0.46778495393064945,1.1598485328309724,0.5791898190977277,0.45706147242097683,0.9519097222222223,3.5636886663898992,0.49206754094892446
Figure 2,2D,PIEZO,sheet piezo,SRCNN,SRCNN,10000,10000,162,207,bootstrap_with_replacement_effective_N,20260608,45,priority1_learning_curve_by_N_from_available_2d_library,4.1349523379267525,5.900608685408461,0.8690727659307508,3.209244441343751,0.8895833333333333,19.471490226076682,4.17802475811349
Figure 2,2D,US,ultrasound,SRCNN,SRCNN,10000,10000,162,207,bootstrap_with_replacement_effective_N,20260608,45,priority1_learning_curve_by_N_from_available_2d_library,8.61169870216012,11.46208502362615,0.7643571645158193,6.494665950066485,0.8150173611111111,31.556747345922776,9.343543583185708
Figure 2,2D,MMP,soft MMP,U-Net,U-Net,10000,10000,162,207,bootstrap_with_replacement_effective_N,20260608,45,priority1_learning_curve_by_N_from_available_2d_library+mmp_full_endpoint_anchor,1.2944598452004636,1.2197832908082598,0.8799041551750217,0.3429666365444049,0.8958333333333334,1.2693612518464412,0.3742763215142557
Figure 2,2D,PIEZO,sheet piezo,U-Net,U-Net,10000,10000,162,207,bootstrap_with_replacement_effective_N,20260608,45,priority1_learning_curve_by_N_from_available_2d_library,2.820183972188342,8.035948668042622,0.7900152533454124,2.614903492865877,0.8655381944444445,6.425574634771989,2.9173726038687904
Figure 2,2D,US,ultrasound,U-Net,U-Net,10000,10000,162,207,bootstrap_with_replacement_effective_N,20260608,45,priority1_learning_curve_by_N_from_available_2d_library,9.251255957475163,32.11968386967444,0.8053237091185076,8.682647716591388,0.7722222222222223,9.562231447875476,10.433360885374766
Figure 2,2D,MMP,soft MMP,vanilla_diffusion,vanilla diffusion,10000,30000,162,207,bootstrap_with_replacement_effective_N,20260608,45,priority1_learning_curve_by_N_from_available_2d_library+mmp_full_endpoint_anchor,5.113111814616223,26.73625495724005,0.6648742401016319,17.92291620735528,1.0,183.86398161552162,23.24545681919988
Figure 2,2D,PIEZO,sheet piezo,vanilla_diffusion,vanilla diffusion,10000,30000,162,207,bootstrap_with_replacement_effective_N,20260608,45,priority1_learning_curve_by_N_from_available_2d_library,63.606107686845036,69.58727200318948,0.31381469947044505,41.90366121893513,0.8193576388888889,183.86398161552162,68.73545439179982
Figure 2,2D,US,ultrasound,vanilla_diffusion,vanilla diffusion,10000,30000,162,207,bootstrap_with_replacement_effective_N,20260608,45,priority1_learning_curve_by_N_from_available_2d_library,69.54623967929534,77.60777622617847,0.24447137497342808,47.34046192199794,0.7279513888888889,183.86398161552162,81.51157362411855
Figure 2,2D,MMP,soft MMP,DPS_inverse_diffusion,DPS inverse diffusion,10000,10000,162,207,bootstrap_with_replacement_effective_N,20260608,45,priority1_learning_curve_by_N_from_available_2d_library+mmp_full_endpoint_anchor,0.37393474444413405,1.1969408468554061,0.07843852059028233,0.33391196938209894,0.8654513888888888,0.9799636453368713,0.38685367051086716
Figure 2,2D,PIEZO,sheet piezo,DPS_inverse_diffusion,DPS inverse diffusion,10000,10000,162,207,bootstrap_with_replacement_effective_N,20260608,45,priority1_learning_curve_by_N_from_available_2d_library,2.3286559631814043,6.634096055290688,0.861813543617287,2.0881339330071933,0.8399305555555555,4.266294401171567,2.468537033191954
Figure 2,2D,US,ultrasound,DPS_inverse_diffusion,DPS inverse diffusion,10000,10000,162,207,bootstrap_with_replacement_effective_N,20260608,45,priority1_learning_curve_by_N_from_available_2d_library,5.728436435245052,17.962693024442263,0.8219776573025515,5.289031927124116,0.79453125,7.090752876735428,6.332607465524803
Figure 2,2D,MMP,soft MMP,operator_conditioned_diffusion,operator-conditioned diffusion,10000,30000,162,207,bootstrap_with_replacement_effective_N,20260608,45,priority1_learning_curve_by_N_from_available_2d_library+mmp_full_endpoint_anchor,1.1377982069975314,3.9380040717314295,0.9461630026213627,2.8507666976541315,0.9877604166666667,32.75058235658408,2.3054961864413253
Figure 2,2D,PIEZO,sheet piezo,operator_conditioned_diffusion,operator-conditioned diffusion,10000,30000,162,207,bootstrap_with_replacement_effective_N,20260608,45,priority1_learning_curve_by_N_from_available_2d_library,8.244327616714868,12.078822388686916,0.8355074175637577,6.590782677748596,0.8066840277777778,32.75058235658408,9.013655063587132
Figure 2,2D,US,ultrasound,operator_conditioned_diffusion,operator-conditioned diffusion,10000,30000,162,207,bootstrap_with_replacement_effective_N,20260608,45,priority1_learning_curve_by_N_from_available_2d_library,8.82679732602544,12.878081769855521,0.8171084184645534,7.05003500290819,0.7801215277777778,32.75058235658408,9.884940304084566
