figure,dimension,device,device_label,model,model_label,train_N_per_device,train_N_total,train_unique_cases,unique_source_cases_available,sampling_mode,seed,n_test_cases,evidence_level,mae_zbottom_mm,rmse_zbottom_mm,crps_zbottom_mm,cov90_zbottom,width90_zbottom_mm,auroc_fail_tau_1mm,calibrated_score
Figure 3,3D,MMP,soft MMP,SRCNN_3D_proxy,SRCNN 3D proxy,100,100,100,1600,without_replacement,20260606,352,priority1_learning_curve_by_N_from_available_3d_parameter_library+full_endpoint_anchor_depth_metrics,0.6637108350736112,0.7168118290077901,0.6298163711549847,0.0,0.19248629714982093,0.8800557753234978,1.3829256840863695
Figure 3,3D,PIEZO,sheet piezo,SRCNN_3D_proxy,SRCNN 3D proxy,100,100,100,1600,without_replacement,20260606,352,priority1_learning_curve_by_N_from_available_3d_parameter_library+full_endpoint_anchor_depth_metrics,1.1835655855866878,1.4891968676797143,1.1779855011821552,0.5752525252525252,3.9549439329747633,0.8212105102929353,3.069823834791545
Figure 3,3D,US,ultrasound,SRCNN_3D_proxy,SRCNN 3D proxy,100,100,100,1600,without_replacement,20260606,352,priority1_learning_curve_by_N_from_available_3d_parameter_library+full_endpoint_anchor_depth_metrics,1.3467898135100496,1.402969595796383,1.2172933768584648,0.02056284388601448,0.4423788109295322,0.7986167935187544,1.5542181144378264
Figure 3,3D,MMP,soft MMP,direct_scalar_regression,direct scalar regression,100,100,100,1600,without_replacement,20260606,352,priority1_learning_curve_by_N_from_available_3d_parameter_library+full_endpoint_anchor_depth_metrics,1.4364641813698478,1.7295987179059356,0.9996979598401119,0.7242213804713804,3.54836311089975,0.45522714720908386,1.3829256840863695
Figure 3,3D,PIEZO,sheet piezo,direct_scalar_regression,direct scalar regression,100,100,100,1600,without_replacement,20260606,352,priority1_learning_curve_by_N_from_available_3d_parameter_library+full_endpoint_anchor_depth_metrics,1.2662937599070687,1.4590357305311834,0.9062859158884217,0.6949003928170594,4.439086330994893,0.34370787886610876,3.069823834791545
Figure 3,3D,US,ultrasound,direct_scalar_regression,direct scalar regression,100,100,100,1600,without_replacement,20260606,352,priority1_learning_curve_by_N_from_available_3d_parameter_library+full_endpoint_anchor_depth_metrics,2.567045111084241,2.8417199729080647,1.6991580583545394,0.7313061167227835,6.123578659400216,0.4798810075735781,1.5542181144378264
Figure 3,3D,MMP,soft MMP,unet_3d,3D U-Net,100,100,100,1600,without_replacement,20260606,352,priority1_learning_curve_by_N_from_available_3d_parameter_library+full_endpoint_anchor_depth_metrics,0.8139701033068364,0.8748837077094938,0.7722789984488895,0.0,0.21626116368767184,0.8800557753234978,1.219497683251969
Figure 3,3D,PIEZO,sheet piezo,unet_3d,3D U-Net,100,100,100,1600,without_replacement,20260606,352,priority1_learning_curve_by_N_from_available_3d_parameter_library+full_endpoint_anchor_depth_metrics,1.2295832010880894,1.5393832163807337,1.2250919181618185,0.5279040404040404,3.682035164075889,0.8212105102929353,3.049582883085135
Figure 3,3D,US,ultrasound,unet_3d,3D U-Net,100,100,100,1600,without_replacement,20260606,352,priority1_learning_curve_by_N_from_available_3d_parameter_library+full_endpoint_anchor_depth_metrics,1.637703608184796,1.8537598414530174,1.5750450840042756,0.0,0.5670124844316561,0.7986167935187544,1.426631114729168
Figure 3,3D,MMP,soft MMP,kernel_gp,kernel GP,100,100,100,1600,without_replacement,20260606,352,priority1_learning_curve_by_N_from_available_3d_parameter_library+full_endpoint_anchor_depth_metrics,0.8032702664161233,0.879361704023395,0.5205254634707059,0.7911831731953683,1.472866770074128,0.9356028159306848,1.0683186711131432
Figure 3,3D,PIEZO,sheet piezo,kernel_gp,kernel GP,100,100,100,1600,without_replacement,20260606,352,priority1_learning_curve_by_N_from_available_3d_parameter_library+full_endpoint_anchor_depth_metrics,0.7299249204816105,0.9847275950982453,0.5417451020248157,0.8369248035914704,2.887055534595478,0.9588478085047406,2.136319243058582
Figure 3,3D,US,ultrasound,kernel_gp,kernel GP,100,100,100,1600,without_replacement,20260606,352,priority1_learning_curve_by_N_from_available_3d_parameter_library+full_endpoint_anchor_depth_metrics,1.107457043012512,1.2455123837045172,0.7250317677922533,0.822692541950672,2.373331153936788,0.969279688619634,1.0108843630515072
Figure 3,3D,MMP,soft MMP,vanilla_3d_diffusion,vanilla 3D diffusion,100,300,100,1600,without_replacement,20260606,352,priority1_learning_curve_by_N_from_available_3d_parameter_library+full_endpoint_anchor_depth_metrics,0.5452057330885651,0.5726986983007304,0.3313285541499028,0.9062710437710438,1.6698002566101982,0.5816361082754525,2.277328406949371
Figure 3,3D,PIEZO,sheet piezo,vanilla_3d_diffusion,vanilla 3D diffusion,100,300,100,1600,without_replacement,20260606,352,priority1_learning_curve_by_N_from_available_3d_parameter_library+full_endpoint_anchor_depth_metrics,0.6478021633232007,0.9934519012858366,0.4747148463708558,0.8048872875092387,2.0815591043836825,0.965120411995412,3.944691156561433
Figure 3,3D,US,ultrasound,vanilla_3d_diffusion,vanilla 3D diffusion,100,300,100,1600,without_replacement,20260606,352,priority1_learning_curve_by_N_from_available_3d_parameter_library+full_endpoint_anchor_depth_metrics,0.4964306240437714,0.5375942456752972,0.31636416049367244,0.8247053872053873,1.7027049567670824,0.7653517551058536,3.4158421952166114
Figure 3,3D,MMP,soft MMP,dps_inverse_diffusion,DPS inverse diffusion,100,100,100,1600,without_replacement,20260606,352,priority1_learning_curve_by_N_from_available_3d_parameter_library+full_endpoint_anchor_depth_metrics,0.5462185176835018,0.5955495970849054,0.3531645649328302,0.7581242643234513,0.9333492943962615,0.9238788238788238,1.2297706457459652
Figure 3,3D,PIEZO,sheet piezo,dps_inverse_diffusion,DPS inverse diffusion,100,100,100,1600,without_replacement,20260606,352,priority1_learning_curve_by_N_from_available_3d_parameter_library+full_endpoint_anchor_depth_metrics,0.47976878920377175,0.6337910955575999,0.3540647559744239,0.8571057800224465,2.0207787199095986,0.9959051424269704,1.5181165100744287
Figure 3,3D,US,ultrasound,dps_inverse_diffusion,DPS inverse diffusion,100,100,100,1600,without_replacement,20260606,352,priority1_learning_curve_by_N_from_available_3d_parameter_library+full_endpoint_anchor_depth_metrics,0.8362972291296084,0.8703388005538255,0.5240042971659802,0.8000605649995894,1.7470056412948038,0.9635620779746464,0.8855952688933939
Figure 3,3D,MMP,soft MMP,eapp_only_diffusion,Eapp-only diffusion,100,100,100,1600,without_replacement,20260606,352,priority1_learning_curve_by_N_from_available_3d_parameter_library+full_endpoint_anchor_depth_metrics,0.5681848975851698,0.6360915423978516,0.3546559814715655,0.8698092031425366,1.5757960158969435,0.4990942028985508,1.2282544194215181
Figure 3,3D,PIEZO,sheet piezo,eapp_only_diffusion,Eapp-only diffusion,100,100,100,1600,without_replacement,20260606,352,priority1_learning_curve_by_N_from_available_3d_parameter_library+full_endpoint_anchor_depth_metrics,0.7971282724824297,1.1897211743642615,0.5723642499859121,0.8275924899400509,2.216576674709177,0.9413277046439732,2.45945780271486
Figure 3,3D,US,ultrasound,eapp_only_diffusion,Eapp-only diffusion,100,100,100,1600,without_replacement,20260606,352,priority1_learning_curve_by_N_from_available_3d_parameter_library+full_endpoint_anchor_depth_metrics,0.8718044906612904,0.9366664113387209,0.5770483422291444,0.8583824354657686,2.9580981371183372,0.7431768527732977,1.5264110068715235
Figure 3,3D,MMP,soft MMP,op_conditioned_diffusion_ours,operator-conditioned diffusion,100,300,100,1600,without_replacement,20260606,352,priority1_learning_curve_by_N_from_available_3d_parameter_library+full_endpoint_anchor_depth_metrics,0.21670948093758963,0.28323380241117535,0.13809400380408837,0.9250578275984782,0.885572674070732,1.0,1.2192597564865495
Figure 3,3D,PIEZO,sheet piezo,op_conditioned_diffusion_ours,operator-conditioned diffusion,100,300,100,1600,without_replacement,20260606,352,priority1_learning_curve_by_N_from_available_3d_parameter_library+full_endpoint_anchor_depth_metrics,0.6412282536892562,0.7694666972100885,0.35594106141642834,0.8755276340642193,2.0440508991435604,0.8123646967720154,3.4845154611932903
Figure 3,3D,US,ultrasound,op_conditioned_diffusion_ours,operator-conditioned diffusion,100,300,100,1600,without_replacement,20260606,352,priority1_learning_curve_by_N_from_available_3d_parameter_library+full_endpoint_anchor_depth_metrics,0.30062563331027914,0.3586794522053155,0.17483648053063916,0.9062570145903479,0.9161912258496662,0.9945945945945946,1.505199963184256
Figure 3,3D,MMP,soft MMP,SRCNN_3D_proxy,SRCNN 3D proxy,250,250,250,1600,without_replacement,20260606,352,priority1_learning_curve_by_N_from_available_3d_parameter_library+full_endpoint_anchor_depth_metrics,0.6542012619294647,0.6974038725419802,0.6129774939733066,0.035933522214009916,0.22770708711050403,0.8800557753234978,1.2875428112997687
Figure 3,3D,PIEZO,sheet piezo,SRCNN_3D_proxy,SRCNN 3D proxy,250,250,250,1600,without_replacement,20260606,352,priority1_learning_curve_by_N_from_available_3d_parameter_library+full_endpoint_anchor_depth_metrics,1.0960128375189555,1.3481718745351254,1.0682495015156876,0.6519570707070708,4.002061337302143,0.8212105102929353,2.8850495191354595
Figure 3,3D,US,ultrasound,SRCNN_3D_proxy,SRCNN 3D proxy,250,250,250,1600,without_replacement,20260606,352,priority1_learning_curve_by_N_from_available_3d_parameter_library+full_endpoint_anchor_depth_metrics,0.9308034792661884,1.0460149500209814,0.866796230366128,0.04897193479510542,0.34800332348526036,0.7986167935187544,1.045272003650305
Figure 3,3D,MMP,soft MMP,direct_scalar_regression,direct scalar regression,250,250,250,1600,without_replacement,20260606,352,priority1_learning_curve_by_N_from_available_3d_parameter_library+full_endpoint_anchor_depth_metrics,1.415882686417806,1.6827691661853623,0.9729698658503491,0.7838804713804713,4.197636091282148,0.45522714720908386,1.2875428112997687
Figure 3,3D,PIEZO,sheet piezo,direct_scalar_regression,direct scalar regression,250,250,250,1600,without_replacement,20260606,352,priority1_learning_curve_by_N_from_available_3d_parameter_library+full_endpoint_anchor_depth_metrics,1.1726213011172766,1.320866957576093,0.8218602664522853,0.7716049382716049,4.491971587788991,0.34370787886610876,2.8850495191354595
Figure 3,3D,US,ultrasound,direct_scalar_regression,direct scalar regression,250,250,250,1600,without_replacement,20260606,352,priority1_learning_curve_by_N_from_available_3d_parameter_library+full_endpoint_anchor_depth_metrics,1.774155474641657,2.1187070513440114,1.209916876060675,0.7597152076318744,4.817196647861482,0.4798810075735781,1.045272003650305
Figure 3,3D,MMP,soft MMP,unet_3d,3D U-Net,250,250,250,1600,without_replacement,20260606,352,priority1_learning_curve_by_N_from_available_3d_parameter_library+full_endpoint_anchor_depth_metrics,0.6991574479703939,0.7650339941323969,0.6571628440887576,0.03972140100188881,0.2381307860746405,0.8800557753234978,0.968336171779512
Figure 3,3D,PIEZO,sheet piezo,unet_3d,3D U-Net,250,250,250,1600,without_replacement,20260606,352,priority1_learning_curve_by_N_from_available_3d_parameter_library+full_endpoint_anchor_depth_metrics,1.0571691326498414,1.3399085943671656,1.0500408159317778,0.6046085858585858,3.8062978368960887,0.8212105102929353,2.436059452729825
Figure 3,3D,US,ultrasound,unet_3d,3D U-Net,250,250,250,1600,without_replacement,20260606,352,priority1_learning_curve_by_N_from_available_3d_parameter_library+full_endpoint_anchor_depth_metrics,1.2117503993897503,1.3969671440282085,1.1603590335349254,0.030979510552681222,0.46792401488526064,0.7986167935187544,1.019634556431057
Figure 3,3D,MMP,soft MMP,kernel_gp,kernel GP,250,250,250,1600,without_replacement,20260606,352,priority1_learning_curve_by_N_from_available_3d_parameter_library+full_endpoint_anchor_depth_metrics,0.6521617172325761,0.7531057574286177,0.42581205135417727,0.8962968095590047,1.6022787334281996,0.9356028159306848,0.7852314800043522
Figure 3,3D,PIEZO,sheet piezo,kernel_gp,kernel GP,250,250,250,1600,without_replacement,20260606,352,priority1_learning_curve_by_N_from_available_3d_parameter_library+full_endpoint_anchor_depth_metrics,0.6657768786713276,0.9083684730196067,0.49691171525454714,0.8937429854096522,2.9577704650092738,0.9588478085047406,1.8871171444288573
Figure 3,3D,US,ultrasound,kernel_gp,kernel GP,250,250,250,1600,without_replacement,20260606,352,priority1_learning_curve_by_N_from_available_3d_parameter_library+full_endpoint_anchor_depth_metrics,0.804030462901272,0.9147239262507879,0.5263599022145683,0.8425789055870356,1.8119682312752192,0.969279688619634,0.7200995457447115
Figure 3,3D,MMP,soft MMP,vanilla_3d_diffusion,vanilla 3D diffusion,250,750,250,1600,without_replacement,20260606,352,priority1_learning_curve_by_N_from_available_3d_parameter_library+full_endpoint_anchor_depth_metrics,0.534203729833719,0.5692805924754831,0.33189240833651223,0.9119528619528621,1.7842610276644102,0.5816361082754525,2.243110847788148
Figure 3,3D,PIEZO,sheet piezo,vanilla_3d_diffusion,vanilla 3D diffusion,250,750,250,1600,without_replacement,20260606,352,priority1_learning_curve_by_N_from_available_3d_parameter_library+full_endpoint_anchor_depth_metrics,0.6307446509409382,0.9667741800047414,0.4559457337406367,0.8560236511456023,2.224244949076477,0.965120411995412,3.6683300619440304
Figure 3,3D,US,ultrasound,vanilla_3d_diffusion,vanilla 3D diffusion,250,750,250,1600,without_replacement,20260606,352,priority1_learning_curve_by_N_from_available_3d_parameter_library+full_endpoint_anchor_depth_metrics,0.48990837360846917,0.5330022860145148,0.3103492134369186,0.8900462962962965,1.8194212654739899,0.7653517551058536,3.1851911090709732
Figure 3,3D,MMP,soft MMP,dps_inverse_diffusion,DPS inverse diffusion,250,250,250,1600,without_replacement,20260606,352,priority1_learning_curve_by_N_from_available_3d_parameter_library+full_endpoint_anchor_depth_metrics,0.4502073633279267,0.5114326206644777,0.29105917487220895,0.8660788097779967,1.0649807270443725,0.9238788238788238,0.9157997671239291
Figure 3,3D,PIEZO,sheet piezo,dps_inverse_diffusion,DPS inverse diffusion,250,250,250,1600,without_replacement,20260606,352,priority1_learning_curve_by_N_from_available_3d_parameter_library+full_endpoint_anchor_depth_metrics,0.4558923113376278,0.6182695942668933,0.34550973760027825,0.8656285072951738,2.1660382951903383,0.9959051424269704,1.4309873930345112
Figure 3,3D,US,ultrasound,dps_inverse_diffusion,DPS inverse diffusion,250,250,250,1600,without_replacement,20260606,352,priority1_learning_curve_by_N_from_available_3d_parameter_library+full_endpoint_anchor_depth_metrics,0.5741310582571608,0.6529885415263383,0.37731053544510523,0.7830151104541349,1.2675617655777862,0.9635620779746464,0.6180853773251792
Figure 3,3D,MMP,soft MMP,eapp_only_diffusion,Eapp-only diffusion,250,250,250,1600,without_replacement,20260606,352,priority1_learning_curve_by_N_from_available_3d_parameter_library+full_endpoint_anchor_depth_metrics,0.49820572380133465,0.5521832344917516,0.30795232889990215,0.9351501122334457,1.7439730980962416,0.4990942028985508,1.0232459053809542
Figure 3,3D,PIEZO,sheet piezo,eapp_only_diffusion,Eapp-only diffusion,250,250,250,1600,without_replacement,20260606,352,priority1_learning_curve_by_N_from_available_3d_parameter_library+full_endpoint_anchor_depth_metrics,0.7669801600847919,1.165233558256844,0.5582136138274985,0.8531606717582327,2.214494775456673,0.9413277046439732,2.4269100646488706
Figure 3,3D,US,ultrasound,eapp_only_diffusion,Eapp-only diffusion,250,250,250,1600,without_replacement,20260606,352,priority1_learning_curve_by_N_from_available_3d_parameter_library+full_endpoint_anchor_depth_metrics,0.6683323082698924,0.7404510837792482,0.44356704082937365,0.8867915263748596,2.393107099916723,0.7431768527732977,1.1383438216817539
Figure 3,3D,MMP,soft MMP,op_conditioned_diffusion_ours,operator-conditioned diffusion,250,750,250,1600,without_replacement,20260606,352,priority1_learning_curve_by_N_from_available_3d_parameter_library+full_endpoint_anchor_depth_metrics,0.2046024418245911,0.2948239897690696,0.13574061980756838,0.9307396457802963,0.891605902120507,1.0,1.1573449143533745
Figure 3,3D,PIEZO,sheet piezo,op_conditioned_diffusion_ours,operator-conditioned diffusion,250,750,250,1600,without_replacement,20260606,352,priority1_learning_curve_by_N_from_available_3d_parameter_library+full_endpoint_anchor_depth_metrics,0.6137630228573833,0.7251430054008933,0.3345604016304438,0.898254906791492,2.0579766057297775,0.8123646967720154,3.2750081816149623
Figure 3,3D,US,ultrasound,op_conditioned_diffusion_ours,operator-conditioned diffusion,250,750,250,1600,without_replacement,20260606,352,priority1_learning_curve_by_N_from_available_3d_parameter_library+full_endpoint_anchor_depth_metrics,0.23985371738699568,0.31323639333685593,0.15198216562932843,0.9204615600448933,0.9224330519183784,0.9945945945945946,1.2172739846664207
Figure 3,3D,MMP,soft MMP,SRCNN_3D_proxy,SRCNN 3D proxy,500,500,500,1600,without_replacement,20260606,352,priority1_learning_curve_by_N_from_available_3d_parameter_library+full_endpoint_anchor_depth_metrics,0.6391841805752804,0.66909709192759,0.5904626597143084,0.05297897675946439,0.2187128700405509,0.8800557753234978,1.2382984639354848
Figure 3,3D,PIEZO,sheet piezo,SRCNN_3D_proxy,SRCNN 3D proxy,500,500,500,1600,without_replacement,20260606,352,priority1_learning_curve_by_N_from_available_3d_parameter_library+full_endpoint_anchor_depth_metrics,1.0735651013705332,1.326569580260983,1.0512071119540336,0.6519570707070708,3.9359696839235965,0.8212105102929353,2.825960037549378
Figure 3,3D,US,ultrasound,SRCNN_3D_proxy,SRCNN 3D proxy,500,500,500,1600,without_replacement,20260606,352,priority1_learning_curve_by_N_from_available_3d_parameter_library+full_endpoint_anchor_depth_metrics,0.8652886418483089,0.9857060399274185,0.8174733146226763,0.04897193479510542,0.327196930758894,0.7986167935187544,0.9717002703016084
Figure 3,3D,MMP,soft MMP,direct_scalar_regression,direct scalar regression,500,500,500,1600,without_replacement,20260606,352,priority1_learning_curve_by_N_from_available_3d_parameter_library+full_endpoint_anchor_depth_metrics,1.3833813344222334,1.6144675987761534,0.9372324114021858,0.8009259259259258,4.031833389817089,0.45522714720908386,1.2382984639354848
Figure 3,3D,PIEZO,sheet piezo,direct_scalar_regression,direct scalar regression,500,500,500,1600,without_replacement,20260606,352,priority1_learning_curve_by_N_from_available_3d_parameter_library+full_endpoint_anchor_depth_metrics,1.1486045262507643,1.2997021808488014,0.8087486639603098,0.7716049382716049,4.417789359146148,0.34370787886610876,2.825960037549378
Figure 3,3D,US,ultrasound,direct_scalar_regression,direct scalar regression,500,500,500,1600,without_replacement,20260606,352,priority1_learning_curve_by_N_from_available_3d_parameter_library+full_endpoint_anchor_depth_metrics,1.6492810945342435,1.996551136582429,1.1410695206570713,0.7597152076318744,4.529186509648572,0.4798810075735781,0.9717002703016084
Figure 3,3D,MMP,soft MMP,unet_3d,3D U-Net,500,500,500,1600,without_replacement,20260606,352,priority1_learning_curve_by_N_from_available_3d_parameter_library+full_endpoint_anchor_depth_metrics,0.652455014603918,0.7155282458128005,0.6184020117808479,0.03972140100188881,0.2250768094754345,0.8800557753234978,0.903653094069102
Figure 3,3D,PIEZO,sheet piezo,unet_3d,3D U-Net,500,500,500,1600,without_replacement,20260606,352,priority1_learning_curve_by_N_from_available_3d_parameter_library+full_endpoint_anchor_depth_metrics,1.0562431831130776,1.324148876619535,1.0362324946465864,0.6500631313131312,3.9243316930638166,0.8212105102929353,2.5192301169594327
Figure 3,3D,US,ultrasound,unet_3d,3D U-Net,500,500,500,1600,without_replacement,20260606,352,priority1_learning_curve_by_N_from_available_3d_parameter_library+full_endpoint_anchor_depth_metrics,1.0413884660511261,1.1837914942802032,0.9944419379796774,0.0480249650981357,0.41871723582756165,0.7986167935187544,0.8620262749240184
Figure 3,3D,MMP,soft MMP,kernel_gp,kernel GP,500,500,500,1600,without_replacement,20260606,352,priority1_learning_curve_by_N_from_available_3d_parameter_library+full_endpoint_anchor_depth_metrics,0.6064984231664747,0.6848850222312955,0.3940002313198658,0.8934559004680956,1.5007642449157432,0.9356028159306848,0.7323148809973619
Figure 3,3D,PIEZO,sheet piezo,kernel_gp,kernel GP,500,500,500,1600,without_replacement,20260606,352,priority1_learning_curve_by_N_from_available_3d_parameter_library+full_endpoint_anchor_depth_metrics,0.6394454227069399,0.8654125669471957,0.473705425265755,0.916470258136925,2.9512565588614788,0.9588478085047406,1.8531887739743687
Figure 3,3D,US,ultrasound,kernel_gp,kernel GP,500,500,500,1600,without_replacement,20260606,352,priority1_learning_curve_by_N_from_available_3d_parameter_library+full_endpoint_anchor_depth_metrics,0.7265544018299059,0.8167680077958168,0.4747718116648756,0.8454198146779447,1.6418052504690415,0.969279688619634,0.64892728768314
Figure 3,3D,MMP,soft MMP,vanilla_3d_diffusion,vanilla 3D diffusion,500,1500,500,1600,without_replacement,20260606,352,priority1_learning_curve_by_N_from_available_3d_parameter_library+full_endpoint_anchor_depth_metrics,0.511446846669323,0.5471309803902747,0.3208466356533594,0.9204755892255893,1.7976577617976806,0.5816361082754525,2.164411938321036
Figure 3,3D,PIEZO,sheet piezo,vanilla_3d_diffusion,vanilla 3D diffusion,500,1500,500,1600,without_replacement,20260606,352,priority1_learning_curve_by_N_from_available_3d_parameter_library+full_endpoint_anchor_depth_metrics,0.624577862161388,0.9643534215596371,0.45335356540972177,0.847500923872875,2.2409452063639725,0.965120411995412,3.6609324012009403
Figure 3,3D,US,ultrasound,vanilla_3d_diffusion,vanilla 3D diffusion,500,1500,500,1600,without_replacement,20260606,352,priority1_learning_curve_by_N_from_available_3d_parameter_library+full_endpoint_anchor_depth_metrics,0.48865679952837915,0.5282246240763062,0.30750027000960706,0.9127735690235692,1.833081992571683,0.7653517551058536,3.249014317816138
Figure 3,3D,MMP,soft MMP,dps_inverse_diffusion,DPS inverse diffusion,500,500,500,1600,without_replacement,20260606,352,priority1_learning_curve_by_N_from_available_3d_parameter_library+full_endpoint_anchor_depth_metrics,0.40756131004374974,0.46995325139605093,0.26758986339605834,0.8660788097779967,1.0009450277203622,0.9238788238788238,0.8290503071024223
Figure 3,3D,PIEZO,sheet piezo,dps_inverse_diffusion,DPS inverse diffusion,500,500,500,1600,without_replacement,20260606,352,priority1_learning_curve_by_N_from_available_3d_parameter_library+full_endpoint_anchor_depth_metrics,0.44605461700216165,0.6144861324517801,0.3434599010588919,0.8855148709315375,2.2253579447570146,0.9959051424269704,1.3736767511090588
Figure 3,3D,US,ultrasound,dps_inverse_diffusion,DPS inverse diffusion,500,500,500,1600,without_replacement,20260606,352,priority1_learning_curve_by_N_from_available_3d_parameter_library+full_endpoint_anchor_depth_metrics,0.5150136100332667,0.5839890379022683,0.3396334978533684,0.7801742013632258,1.1221819274863654,0.9635620779746464,0.5559535810980054
Figure 3,3D,MMP,soft MMP,eapp_only_diffusion,Eapp-only diffusion,500,500,500,1600,without_replacement,20260606,352,priority1_learning_curve_by_N_from_available_3d_parameter_library+full_endpoint_anchor_depth_metrics,0.482773038282128,0.532869330911454,0.2970213279884502,0.9237864758698093,1.618003337547499,0.4990942028985508,0.9904295338531973
Figure 3,3D,PIEZO,sheet piezo,eapp_only_diffusion,Eapp-only diffusion,500,500,500,1600,without_replacement,20260606,352,priority1_learning_curve_by_N_from_available_3d_parameter_library+full_endpoint_anchor_depth_metrics,0.7565697345524054,1.1486595105543291,0.5498643145270958,0.8645243081218691,2.2666660495455093,0.9413277046439732,2.4204802536752736
Figure 3,3D,US,ultrasound,eapp_only_diffusion,Eapp-only diffusion,500,500,500,1600,without_replacement,20260606,352,priority1_learning_curve_by_N_from_available_3d_parameter_library+full_endpoint_anchor_depth_metrics,0.5737357892069436,0.6863247421613585,0.3854362001196307,0.9095187991021323,2.1588183344605514,0.7431768527732977,0.9673890359822404
Figure 3,3D,MMP,soft MMP,op_conditioned_diffusion_ours,operator-conditioned diffusion,500,1500,500,1600,without_replacement,20260606,352,priority1_learning_curve_by_N_from_available_3d_parameter_library+full_endpoint_anchor_depth_metrics,0.20324956716928402,0.2661673219102772,0.13181173294450138,0.9335805548712054,0.8978232170964596,1.0,1.1527729379799023
Figure 3,3D,PIEZO,sheet piezo,op_conditioned_diffusion_ours,operator-conditioned diffusion,500,1500,500,1600,without_replacement,20260606,352,priority1_learning_curve_by_N_from_available_3d_parameter_library+full_endpoint_anchor_depth_metrics,0.6118158016779573,0.7204550891670761,0.33299872450571866,0.8812094522460374,2.0723272159495316,0.8123646967720154,3.3096678338737227
Figure 3,3D,US,ultrasound,op_conditioned_diffusion_ours,operator-conditioned diffusion,500,1500,500,1600,without_replacement,20260606,352,priority1_learning_curve_by_N_from_available_3d_parameter_library+full_endpoint_anchor_depth_metrics,0.2216267592114905,0.2838877890290035,0.14252441969271284,0.9346661054994387,0.9288653296930838,0.9945945945945946,1.1398806933063053
Figure 3,3D,MMP,soft MMP,SRCNN_3D_proxy,SRCNN 3D proxy,1000,1000,1000,1600,without_replacement,20260606,352,priority1_learning_curve_by_N_from_available_3d_parameter_library+full_endpoint_anchor_depth_metrics,0.6404186253638808,0.6704700578998012,0.5947595347164583,0.05581988585037356,0.23206975931580737,0.8800557753234978,1.2442126531294886
Figure 3,3D,PIEZO,sheet piezo,SRCNN_3D_proxy,SRCNN 3D proxy,1000,1000,1000,1600,without_replacement,20260606,352,priority1_learning_curve_by_N_from_available_3d_parameter_library+full_endpoint_anchor_depth_metrics,1.0426708286095268,1.2948385693555013,1.0231996266829142,0.6434343434343435,3.868371352951827,0.8212105102929353,2.722274021114229
Figure 3,3D,US,ultrasound,SRCNN_3D_proxy,SRCNN 3D proxy,1000,1000,1000,1600,without_replacement,20260606,352,priority1_learning_curve_by_N_from_available_3d_parameter_library+full_endpoint_anchor_depth_metrics,0.7969312570564764,0.9042306890644252,0.7509322677012549,0.07169920752237813,0.32000556079222525,0.7986167935187544,0.8751478849615169
Figure 3,3D,MMP,soft MMP,direct_scalar_regression,direct scalar regression,1000,1000,1000,1600,without_replacement,20260606,352,priority1_learning_curve_by_N_from_available_3d_parameter_library+full_endpoint_anchor_depth_metrics,1.3860530336457464,1.617780434989462,0.9440527758291373,0.803766835016835,4.278059193328716,0.45522714720908386,1.2442126531294886
Figure 3,3D,PIEZO,sheet piezo,direct_scalar_regression,direct scalar regression,1000,1000,1000,1600,without_replacement,20260606,352,priority1_learning_curve_by_N_from_available_3d_parameter_library+full_endpoint_anchor_depth_metrics,1.115550823700992,1.268613827333053,0.7872010392949848,0.7630822109988776,4.341916013758634,0.34370787886610876,2.722274021114229
Figure 3,3D,US,ultrasound,direct_scalar_regression,direct scalar regression,1000,1000,1000,1600,without_replacement,20260606,352,priority1_learning_curve_by_N_from_available_3d_parameter_library+full_endpoint_anchor_depth_metrics,1.5189886846302472,1.831522519753684,1.0481882496033583,0.7824424803591471,4.429640784193925,0.4798810075735781,0.8751478849615169
Figure 3,3D,MMP,soft MMP,unet_3d,3D U-Net,1000,1000,1000,1600,without_replacement,20260606,352,priority1_learning_curve_by_N_from_available_3d_parameter_library+full_endpoint_anchor_depth_metrics,0.6365675586625965,0.6940691974827021,0.6051431565961596,0.03688049191097964,0.22937014281902948,0.8800557753234978,0.8841338149762831
Figure 3,3D,PIEZO,sheet piezo,unet_3d,3D U-Net,1000,1000,1000,1600,without_replacement,20260606,352,priority1_learning_curve_by_N_from_available_3d_parameter_library+full_endpoint_anchor_depth_metrics,1.0348102392478613,1.305691843587857,1.0202348707453697,0.6358585858585858,3.860859061061833,0.8212105102929353,2.4344117722502867
Figure 3,3D,US,ultrasound,unet_3d,3D U-Net,1000,1000,1000,1600,without_replacement,20260606,352,priority1_learning_curve_by_N_from_available_3d_parameter_library+full_endpoint_anchor_depth_metrics,0.8972915055233608,1.0085803658628854,0.8493226838717773,0.0480249650981357,0.3733574027379235,0.7986167935187544,0.7427476674101106
Figure 3,3D,MMP,soft MMP,kernel_gp,kernel GP,1000,1000,1000,1600,without_replacement,20260606,352,priority1_learning_curve_by_N_from_available_3d_parameter_library+full_endpoint_anchor_depth_metrics,0.5602550156198864,0.6254725856094774,0.3630097761594015,0.904819536831732,1.451733125493155,0.9356028159306848,0.6734277681872795
Figure 3,3D,PIEZO,sheet piezo,kernel_gp,kernel GP,1000,1000,1000,1600,without_replacement,20260606,352,priority1_learning_curve_by_N_from_available_3d_parameter_library+full_endpoint_anchor_depth_metrics,0.6309957363299239,0.8514737988238991,0.4661159789018245,0.8937429854096522,2.8226415038753045,0.9588478085047406,1.78853142882655
Figure 3,3D,US,ultrasound,kernel_gp,kernel GP,1000,1000,1000,1600,without_replacement,20260606,352,priority1_learning_curve_by_N_from_available_3d_parameter_library+full_endpoint_anchor_depth_metrics,0.6259937356279147,0.693260807856783,0.4044529910190166,0.8653061783143083,1.517819470596122,0.969279688619634,0.5483527637762685
Figure 3,3D,MMP,soft MMP,vanilla_3d_diffusion,vanilla 3D diffusion,1000,3000,1000,1600,without_replacement,20260606,352,priority1_learning_curve_by_N_from_available_3d_parameter_library+full_endpoint_anchor_depth_metrics,0.5275306315811674,0.5603412089508508,0.32812781359197435,0.9233164983164984,1.8049826448111312,0.5816361082754525,2.238273169755799
Figure 3,3D,PIEZO,sheet piezo,vanilla_3d_diffusion,vanilla 3D diffusion,1000,3000,1000,1600,without_replacement,20260606,352,priority1_learning_curve_by_N_from_available_3d_parameter_library+full_endpoint_anchor_depth_metrics,0.6129390430258743,0.9409826447256052,0.44164632706172446,0.8929554693274205,2.2500763445733694,0.965120411995412,3.44371412850059
Figure 3,3D,US,ultrasound,vanilla_3d_diffusion,vanilla 3D diffusion,1000,3000,1000,1600,without_replacement,20260606,352,priority1_learning_curve_by_N_from_available_3d_parameter_library+full_endpoint_anchor_depth_metrics,0.4946569419271677,0.533542753734628,0.31108235803469303,0.9099326599326601,1.8405512180466275,0.7653517551058536,3.2798029644892215
Figure 3,3D,MMP,soft MMP,dps_inverse_diffusion,DPS inverse diffusion,1000,1000,1000,1600,without_replacement,20260606,352,priority1_learning_curve_by_N_from_available_3d_parameter_library+full_endpoint_anchor_depth_metrics,0.39850946999333114,0.45156082910581374,0.2600467761257822,0.8632379006870876,1.018166233610736,0.9238788238788238,0.8129156474054017
Figure 3,3D,PIEZO,sheet piezo,dps_inverse_diffusion,DPS inverse diffusion,1000,1000,1000,1600,without_replacement,20260606,352,priority1_learning_curve_by_N_from_available_3d_parameter_library+full_endpoint_anchor_depth_metrics,0.436748251656017,0.6076742410611179,0.3387649798443932,0.8741512345679011,2.166123292764115,0.9959051424269704,1.3598052524506423
Figure 3,3D,US,ultrasound,dps_inverse_diffusion,DPS inverse diffusion,1000,1000,1000,1600,without_replacement,20260606,352,priority1_learning_curve_by_N_from_available_3d_parameter_library+full_endpoint_anchor_depth_metrics,0.47171301321062264,0.5351847375793897,0.31122278407168863,0.8199469286359531,1.1337946726085948,0.9635620779746464,0.48982820291364554
Figure 3,3D,MMP,soft MMP,eapp_only_diffusion,Eapp-only diffusion,1000,1000,1000,1600,without_replacement,20260606,352,priority1_learning_curve_by_N_from_available_3d_parameter_library+full_endpoint_anchor_depth_metrics,0.478234337471169,0.5171968918855725,0.29517062927487125,0.9294682940516275,1.6993097832787283,0.4990942028985508,0.9766812557763972
Figure 3,3D,PIEZO,sheet piezo,eapp_only_diffusion,Eapp-only diffusion,1000,1000,1000,1600,without_replacement,20260606,352,priority1_learning_curve_by_N_from_available_3d_parameter_library+full_endpoint_anchor_depth_metrics,0.7505694793593786,1.1451256669435106,0.5472978326220892,0.8531606717582327,2.237971704118209,0.9413277046439732,2.3749827159468624
Figure 3,3D,US,ultrasound,eapp_only_diffusion,Eapp-only diffusion,1000,1000,1000,1600,without_replacement,20260606,352,priority1_learning_curve_by_N_from_available_3d_parameter_library+full_endpoint_anchor_depth_metrics,0.5046236811117873,0.5598487794320597,0.33332740576254377,0.9152006172839505,1.9916887983565275,0.7431768527732977,0.8556619202170458
Figure 3,3D,MMP,soft MMP,op_conditioned_diffusion_ours,operator-conditioned diffusion,1000,3000,1000,1600,without_replacement,20260606,352,priority1_learning_curve_by_N_from_available_3d_parameter_library+full_endpoint_anchor_depth_metrics,0.19895658967873797,0.25710086635228646,0.128899335448296,0.9364214639621146,0.8963407942424874,1.0,1.1314399724920743
Figure 3,3D,PIEZO,sheet piezo,op_conditioned_diffusion_ours,operator-conditioned diffusion,1000,3000,1000,1600,without_replacement,20260606,352,priority1_learning_curve_by_N_from_available_3d_parameter_library+full_endpoint_anchor_depth_metrics,0.6119714542484096,0.7245322120302651,0.3336040537083016,0.8897321795187647,2.068905534300702,0.8123646967720154,3.2879791560725966
Figure 3,3D,US,ultrasound,op_conditioned_diffusion_ours,operator-conditioned diffusion,1000,3000,1000,1600,without_replacement,20260606,352,priority1_learning_curve_by_N_from_available_3d_parameter_library+full_endpoint_anchor_depth_metrics,0.22129297067615344,0.28107032987847413,0.14164027038028265,0.9375070145903479,0.9273316522755486,0.9945945945945946,1.1411813388749907
Figure 3,3D,MMP,soft MMP,SRCNN_3D_proxy,SRCNN 3D proxy,1600,1600,885,1600,bootstrap_with_replacement_effective_N,20260606,352,priority1_learning_curve_by_N_from_available_3d_parameter_library+full_endpoint_anchor_depth_metrics,0.6372519555442873,0.674113883080283,0.594204684288541,0.058660794941282624,0.22613474594535113,0.8800557753234978,1.2415656779724271
Figure 3,3D,PIEZO,sheet piezo,SRCNN_3D_proxy,SRCNN 3D proxy,1600,1600,885,1600,bootstrap_with_replacement_effective_N,20260606,352,priority1_learning_curve_by_N_from_available_3d_parameter_library+full_endpoint_anchor_depth_metrics,1.04020000865076,1.2966562618090336,1.024747638309696,0.6235479797979798,3.796111500845644,0.8212105102929353,2.663767287010599
Figure 3,3D,US,ultrasound,SRCNN_3D_proxy,SRCNN 3D proxy,1600,1600,885,1600,bootstrap_with_replacement_effective_N,20260606,352,priority1_learning_curve_by_N_from_available_3d_parameter_library+full_endpoint_anchor_depth_metrics,0.7534540872635896,0.8614642875669989,0.7108113824593313,0.06317648024965083,0.30328951625103,0.7986167935187544,0.8344194078607695
Figure 3,3D,MMP,soft MMP,direct_scalar_regression,direct scalar regression,1600,1600,885,1600,bootstrap_with_replacement_effective_N,20260606,352,priority1_learning_curve_by_N_from_available_3d_parameter_library+full_endpoint_anchor_depth_metrics,1.3791994348649361,1.626572638334039,0.943172070172363,0.806607744107744,4.168650976649104,0.45522714720908386,1.2415656779724271
Figure 3,3D,PIEZO,sheet piezo,direct_scalar_regression,direct scalar regression,1600,1600,885,1600,bootstrap_with_replacement_effective_N,20260606,352,priority1_learning_curve_by_N_from_available_3d_parameter_library+full_endpoint_anchor_depth_metrics,1.1129072998154192,1.2703947055328257,0.7883920056808834,0.743195847362514,4.260810509559235,0.34370787886610876,2.663767287010599
Figure 3,3D,US,ultrasound,direct_scalar_regression,direct scalar regression,1600,1600,885,1600,bootstrap_with_replacement_effective_N,20260606,352,priority1_learning_curve_by_N_from_available_3d_parameter_library+full_endpoint_anchor_depth_metrics,1.4361191417802512,1.7448990193807796,0.9921855416587323,0.7739197530864198,4.1982508281357624,0.4798810075735781,0.8344194078607695
Figure 3,3D,MMP,soft MMP,unet_3d,3D U-Net,1600,1600,885,1600,bootstrap_with_replacement_effective_N,20260606,352,priority1_learning_curve_by_N_from_available_3d_parameter_library+full_endpoint_anchor_depth_metrics,0.6540201913096879,0.7049165910578324,0.6189038003556624,0.03688049191097964,0.23221283205166507,0.8800557753234978,0.9083739171833
Figure 3,3D,PIEZO,sheet piezo,unet_3d,3D U-Net,1600,1600,885,1600,bootstrap_with_replacement_effective_N,20260606,352,priority1_learning_curve_by_N_from_available_3d_parameter_library+full_endpoint_anchor_depth_metrics,1.0215743924114242,1.2993357738422,1.0133141939976804,0.6188131313131312,3.833964957557878,0.8212105102929353,2.3633526800279254
Figure 3,3D,US,ultrasound,unet_3d,3D U-Net,1600,1600,885,1600,bootstrap_with_replacement_effective_N,20260606,352,priority1_learning_curve_by_N_from_available_3d_parameter_library+full_endpoint_anchor_depth_metrics,0.860841485288254,0.9830520914339569,0.8172910618099661,0.039502237825408515,0.3445106748210457,0.7986167935187544,0.7184678698489063
Figure 3,3D,MMP,soft MMP,kernel_gp,kernel GP,1600,1600,885,1600,bootstrap_with_replacement_effective_N,20260606,352,priority1_learning_curve_by_N_from_available_3d_parameter_library+full_endpoint_anchor_depth_metrics,0.5411354114289209,0.589668428880041,0.345750780952722,0.9019786277408228,1.369480418366857,0.9356028159306848,0.6486043819199245
Figure 3,3D,PIEZO,sheet piezo,kernel_gp,kernel GP,1600,1600,885,1600,bootstrap_with_replacement_effective_N,20260606,352,priority1_learning_curve_by_N_from_available_3d_parameter_library+full_endpoint_anchor_depth_metrics,0.6233011559866909,0.8415516243128969,0.45929255898861837,0.885220258136925,2.8073479328136246,0.9588478085047406,1.7518417149577212
Figure 3,3D,US,ultrasound,kernel_gp,kernel GP,1600,1600,885,1600,bootstrap_with_replacement_effective_N,20260606,352,priority1_learning_curve_by_N_from_available_3d_parameter_library+full_endpoint_anchor_depth_metrics,0.6067707990248452,0.6774761384821335,0.3941123860644978,0.8624652692233993,1.4270602047907746,0.969279688619634,0.5330036856630778
Figure 3,3D,MMP,soft MMP,vanilla_3d_diffusion,vanilla 3D diffusion,1600,4800,885,1600,bootstrap_with_replacement_effective_N,20260606,352,priority1_learning_curve_by_N_from_available_3d_parameter_library+full_endpoint_anchor_depth_metrics,0.5351914845063258,0.5709158254209905,0.33208483388248217,0.9204755892255893,1.7638722433474547,0.5816361082754525,2.2648978010068737
Figure 3,3D,PIEZO,sheet piezo,vanilla_3d_diffusion,vanilla 3D diffusion,1600,4800,885,1600,bootstrap_with_replacement_effective_N,20260606,352,priority1_learning_curve_by_N_from_available_3d_parameter_library+full_endpoint_anchor_depth_metrics,0.6121293994646692,0.9370342924917098,0.44107828247513026,0.878750923872875,2.1988284602154495,0.965120411995412,3.4856655984518286
Figure 3,3D,US,ultrasound,vanilla_3d_diffusion,vanilla 3D diffusion,1600,4800,885,1600,bootstrap_with_replacement_effective_N,20260606,352,priority1_learning_curve_by_N_from_available_3d_parameter_library+full_endpoint_anchor_depth_metrics,0.4907983088090155,0.5307716458824882,0.3097873186746955,0.8900462962962965,1.79863070445838,0.7653517551058536,3.1909771169065833
Figure 3,3D,MMP,soft MMP,dps_inverse_diffusion,DPS inverse diffusion,1600,1600,885,1600,bootstrap_with_replacement_effective_N,20260606,352,priority1_learning_curve_by_N_from_available_3d_parameter_library+full_endpoint_anchor_depth_metrics,0.40999676093576387,0.4544555530719386,0.2645764404650667,0.874601537050724,1.0333045014038904,0.9238788238788238,0.8269723582375188
Figure 3,3D,PIEZO,sheet piezo,dps_inverse_diffusion,DPS inverse diffusion,1600,1600,885,1600,bootstrap_with_replacement_effective_N,20260606,352,priority1_learning_curve_by_N_from_available_3d_parameter_library+full_endpoint_anchor_depth_metrics,0.4378645849742747,0.6076389634254601,0.3386537378983559,0.8883557800224465,2.1923514165409372,0.9959051424269704,1.3447480186288594
Figure 3,3D,US,ultrasound,dps_inverse_diffusion,DPS inverse diffusion,1600,1600,885,1600,bootstrap_with_replacement_effective_N,20260606,352,priority1_learning_curve_by_N_from_available_3d_parameter_library+full_endpoint_anchor_depth_metrics,0.46599880977632957,0.5342043505646744,0.30906820042096933,0.7915378377268621,1.0829741219678912,0.9635620779746464,0.497571621910493
Figure 3,3D,MMP,soft MMP,eapp_only_diffusion,Eapp-only diffusion,1600,1600,885,1600,bootstrap_with_replacement_effective_N,20260606,352,priority1_learning_curve_by_N_from_available_3d_parameter_library+full_endpoint_anchor_depth_metrics,0.4876983851363011,0.5276186140163264,0.3007867538482989,0.9323092031425366,1.7255692899375814,0.4990942028985508,0.9988373144274503
Figure 3,3D,PIEZO,sheet piezo,eapp_only_diffusion,Eapp-only diffusion,1600,1600,885,1600,bootstrap_with_replacement_effective_N,20260606,352,priority1_learning_curve_by_N_from_available_3d_parameter_library+full_endpoint_anchor_depth_metrics,0.745074967961687,1.1409961417730639,0.5446896570494042,0.8446379444855054,2.230332477123665,0.9413277046439732,2.338015389316795
Figure 3,3D,US,ultrasound,eapp_only_diffusion,Eapp-only diffusion,1600,1600,885,1600,bootstrap_with_replacement_effective_N,20260606,352,priority1_learning_curve_by_N_from_available_3d_parameter_library+full_endpoint_anchor_depth_metrics,0.4703376360140719,0.5131543164907668,0.3085641956786245,0.9237233445566777,1.927895526978586,0.7431768527732977,0.8042419497300124
Figure 3,3D,MMP,soft MMP,op_conditioned_diffusion_ours,operator-conditioned diffusion,1600,4800,885,1600,bootstrap_with_replacement_effective_N,20260606,352,priority1_learning_curve_by_N_from_available_3d_parameter_library+full_endpoint_anchor_depth_metrics,0.20102457875707758,0.2615203981575168,0.1296366044067964,0.9335805548712054,0.8876853993208068,1.0,1.140153445281184
Figure 3,3D,PIEZO,sheet piezo,op_conditioned_diffusion_ours,operator-conditioned diffusion,1600,4800,885,1600,bootstrap_with_replacement_effective_N,20260606,352,priority1_learning_curve_by_N_from_available_3d_parameter_library+full_endpoint_anchor_depth_metrics,0.6113228684858405,0.7281025505501377,0.3350176169972972,0.8812094522460374,2.0489274248918172,0.8123646967720154,3.307001271281316
Figure 3,3D,US,ultrasound,op_conditioned_diffusion_ours,operator-conditioned diffusion,1600,4800,885,1600,bootstrap_with_replacement_effective_N,20260606,352,priority1_learning_curve_by_N_from_available_3d_parameter_library+full_endpoint_anchor_depth_metrics,0.2174193399785681,0.2792446555714266,0.1401887965822556,0.9289842873176206,0.9183769982808003,0.9945945945945946,1.1123117388514014
Figure 3,3D,MMP,soft MMP,SRCNN_3D_proxy,SRCNN 3D proxy,3000,3000,1128,1600,bootstrap_with_replacement_effective_N,20260606,352,priority1_learning_curve_by_N_from_available_3d_parameter_library+full_endpoint_anchor_depth_metrics,0.6412554094253811,0.6758165292845247,0.5955292534062445,0.04729715857764627,0.22161163329383654,0.8800557753234978,1.247954740021464
Figure 3,3D,PIEZO,sheet piezo,SRCNN_3D_proxy,SRCNN 3D proxy,3000,3000,1128,1600,bootstrap_with_replacement_effective_N,20260606,352,priority1_learning_curve_by_N_from_available_3d_parameter_library+full_endpoint_anchor_depth_metrics,1.0316410555318634,1.2918571220518331,1.0177299219969194,0.6405934343434344,3.7926184156575937,0.8212105102929353,2.6861014123282194
Figure 3,3D,US,ultrasound,SRCNN_3D_proxy,SRCNN 3D proxy,3000,3000,1128,1600,bootstrap_with_replacement_effective_N,20260606,352,priority1_learning_curve_by_N_from_available_3d_parameter_library+full_endpoint_anchor_depth_metrics,0.7610860334323066,0.8545800615279828,0.7139223071518556,0.04613102570419625,0.29070338698049836,0.7986167935187544,0.8570453219599233
Figure 3,3D,MMP,soft MMP,direct_scalar_regression,direct scalar regression,3000,3000,1128,1600,bootstrap_with_replacement_effective_N,20260606,352,priority1_learning_curve_by_N_from_available_3d_parameter_library+full_endpoint_anchor_depth_metrics,1.3878640788605694,1.6306809615685764,0.945274538614406,0.7952441077441077,4.085270256479782,0.45522714720908386,1.247954740021464
Figure 3,3D,PIEZO,sheet piezo,direct_scalar_regression,direct scalar regression,3000,3000,1128,1600,bootstrap_with_replacement_effective_N,20260606,352,priority1_learning_curve_by_N_from_available_3d_parameter_library+full_endpoint_anchor_depth_metrics,1.103750098002709,1.2656927641484885,0.7829929091303848,0.7602413019079686,4.2568898201704455,0.34370787886610876,2.6861014123282194
Figure 3,3D,US,ultrasound,direct_scalar_regression,direct scalar regression,3000,3000,1128,1600,bootstrap_with_replacement_effective_N,20260606,352,priority1_learning_curve_by_N_from_available_3d_parameter_library+full_endpoint_anchor_depth_metrics,1.4506659923013454,1.7309549947264313,0.9965279235863153,0.7568742985409652,4.0240287571384314,0.4798810075735781,0.8570453219599233
Figure 3,3D,MMP,soft MMP,unet_3d,3D U-Net,3000,3000,1128,1600,bootstrap_with_replacement_effective_N,20260606,352,priority1_learning_curve_by_N_from_available_3d_parameter_library+full_endpoint_anchor_depth_metrics,0.6324022315896979,0.6888495409087995,0.6015993381571073,0.02835776463825246,0.22308813057675686,0.8800557753234978,0.8857545329749894
Figure 3,3D,PIEZO,sheet piezo,unet_3d,3D U-Net,3000,3000,1128,1600,bootstrap_with_replacement_effective_N,20260606,352,priority1_learning_curve_by_N_from_available_3d_parameter_library+full_endpoint_anchor_depth_metrics,1.0280078977834148,1.2970467876151563,1.0141863800250461,0.6301767676767676,3.8019279348559394,0.8212105102929353,2.405018158284898
Figure 3,3D,US,ultrasound,unet_3d,3D U-Net,3000,3000,1128,1600,bootstrap_with_replacement_effective_N,20260606,352,priority1_learning_curve_by_N_from_available_3d_parameter_library+full_endpoint_anchor_depth_metrics,0.7707901722813226,0.8602400348292915,0.7237440167519579,0.05086587418904487,0.31464053706391165,0.7986167935187544,0.6362754884300426
Figure 3,3D,MMP,soft MMP,kernel_gp,kernel GP,3000,3000,1128,1600,bootstrap_with_replacement_effective_N,20260606,352,priority1_learning_curve_by_N_from_available_3d_parameter_library+full_endpoint_anchor_depth_metrics,0.5150096998681247,0.5646069735970423,0.32934934733614707,0.8906149913771865,1.2778217047172604,0.9356028159306848,0.623599738753935
Figure 3,3D,PIEZO,sheet piezo,kernel_gp,kernel GP,3000,3000,1128,1600,bootstrap_with_replacement_effective_N,20260606,352,priority1_learning_curve_by_N_from_available_3d_parameter_library+full_endpoint_anchor_depth_metrics,0.6235251939085453,0.8366380342111143,0.45960746698908117,0.888061167227834,2.696828217682847,0.9588478085047406,1.7574330899159476
Figure 3,3D,US,ultrasound,kernel_gp,kernel GP,3000,3000,1128,1600,bootstrap_with_replacement_effective_N,20260606,352,priority1_learning_curve_by_N_from_available_3d_parameter_library+full_endpoint_anchor_depth_metrics,0.5779900768241042,0.6385372374959659,0.3720185032034297,0.8795107237688538,1.409575870685723,0.969279688619634,0.49977547174333103
Figure 3,3D,MMP,soft MMP,vanilla_3d_diffusion,vanilla 3D diffusion,3000,9000,1128,1600,bootstrap_with_replacement_effective_N,20260606,352,priority1_learning_curve_by_N_from_available_3d_parameter_library+full_endpoint_anchor_depth_metrics,0.5302550852224511,0.5671575232175238,0.3311141284223373,0.9204755892255893,1.8032825351441266,0.5816361082754525,2.244007259571498
Figure 3,3D,PIEZO,sheet piezo,vanilla_3d_diffusion,vanilla 3D diffusion,3000,9000,1128,1600,bootstrap_with_replacement_effective_N,20260606,352,priority1_learning_curve_by_N_from_available_3d_parameter_library+full_endpoint_anchor_depth_metrics,0.6090221293642009,0.9329623670440866,0.43775225015223385,0.910000923872875,2.2479570020102124,0.965120411995412,3.366190327465654
Figure 3,3D,US,ultrasound,vanilla_3d_diffusion,vanilla 3D diffusion,3000,9000,1128,1600,bootstrap_with_replacement_effective_N,20260606,352,priority1_learning_curve_by_N_from_available_3d_parameter_library+full_endpoint_anchor_depth_metrics,0.49613638547435884,0.5374076164939804,0.3132424418846409,0.907091750841751,1.8388176064091895,0.7653517551058536,3.2804796170891013
Figure 3,3D,MMP,soft MMP,dps_inverse_diffusion,DPS inverse diffusion,3000,3000,1128,1600,bootstrap_with_replacement_effective_N,20260606,352,priority1_learning_curve_by_N_from_available_3d_parameter_library+full_endpoint_anchor_depth_metrics,0.39714639131203994,0.44527444355221146,0.2572141824688532,0.8603969915961786,0.9767403929409041,0.9238788238788238,0.8124056743323079
Figure 3,3D,PIEZO,sheet piezo,dps_inverse_diffusion,DPS inverse diffusion,3000,3000,1128,1600,bootstrap_with_replacement_effective_N,20260606,352,priority1_learning_curve_by_N_from_available_3d_parameter_library+full_endpoint_anchor_depth_metrics,0.4360953518767992,0.6086176167212103,0.3393346752120185,0.868469416386083,2.130408449779702,0.9959051424269704,1.3651556753702134
Figure 3,3D,US,ultrasound,dps_inverse_diffusion,DPS inverse diffusion,3000,3000,1128,1600,bootstrap_with_replacement_effective_N,20260606,352,priority1_learning_curve_by_N_from_available_3d_parameter_library+full_endpoint_anchor_depth_metrics,0.44980425958070447,0.5069193689655285,0.29736375881893695,0.8227878377268621,1.0749572395708058,0.9635620779746464,0.4657579121689517
Figure 3,3D,MMP,soft MMP,eapp_only_diffusion,Eapp-only diffusion,3000,3000,1128,1600,bootstrap_with_replacement_effective_N,20260606,352,priority1_learning_curve_by_N_from_available_3d_parameter_library+full_endpoint_anchor_depth_metrics,0.47849959559410926,0.5139463763273922,0.2941964043017672,0.9237864758698093,1.643821766860818,0.4990942028985508,0.9816623834246986
Figure 3,3D,PIEZO,sheet piezo,eapp_only_diffusion,Eapp-only diffusion,3000,3000,1128,1600,bootstrap_with_replacement_effective_N,20260606,352,priority1_learning_curve_by_N_from_available_3d_parameter_library+full_endpoint_anchor_depth_metrics,0.738678810445753,1.1282595470331702,0.5395099967480574,0.86168339903096,2.2198551247919034,0.9413277046439732,2.3567710444636414
Figure 3,3D,US,ultrasound,eapp_only_diffusion,Eapp-only diffusion,3000,3000,1128,1600,bootstrap_with_replacement_effective_N,20260606,352,priority1_learning_curve_by_N_from_available_3d_parameter_library+full_endpoint_anchor_depth_metrics,0.43780302141898975,0.5075356587165721,0.2910838851166821,0.9208824354657686,1.7587280447216318,0.7431768527732977,0.7465261038934538
Figure 3,3D,MMP,soft MMP,op_conditioned_diffusion_ours,operator-conditioned diffusion,3000,9000,1128,1600,bootstrap_with_replacement_effective_N,20260606,352,priority1_learning_curve_by_N_from_available_3d_parameter_library+full_endpoint_anchor_depth_metrics,0.19908845372401607,0.2610514237247371,0.12943596116225947,0.9335805548712054,0.8938104159006935,1.0,1.129172302375232
Figure 3,3D,PIEZO,sheet piezo,op_conditioned_diffusion_ours,operator-conditioned diffusion,3000,9000,1128,1600,bootstrap_with_replacement_effective_N,20260606,352,priority1_learning_curve_by_N_from_available_3d_parameter_library+full_endpoint_anchor_depth_metrics,0.6089828612404803,0.7233665838107042,0.33243963788156755,0.8897321795187647,2.0630649948665503,0.8123646967720154,3.2719221464721664
Figure 3,3D,US,ultrasound,op_conditioned_diffusion_ours,operator-conditioned diffusion,3000,9000,1128,1600,bootstrap_with_replacement_effective_N,20260606,352,priority1_learning_curve_by_N_from_available_3d_parameter_library+full_endpoint_anchor_depth_metrics,0.22801280639943847,0.2932859411838599,0.14558056959099977,0.9318251964085297,0.9247137864552599,0.9945945945945946,1.1696166688810674
Figure 3,3D,MMP,soft MMP,SRCNN_3D_proxy,SRCNN 3D proxy,5000,5000,1232,1600,bootstrap_with_replacement_effective_N,20260606,352,priority1_learning_curve_by_N_from_available_3d_parameter_library+full_endpoint_anchor_depth_metrics,0.6382804529106321,0.6702675402496078,0.5936514446323405,0.061501704032191684,0.23239367691291868,0.8800557753234978,1.2470804364596204
Figure 3,3D,PIEZO,sheet piezo,SRCNN_3D_proxy,SRCNN 3D proxy,5000,5000,1232,1600,bootstrap_with_replacement_effective_N,20260606,352,priority1_learning_curve_by_N_from_available_3d_parameter_library+full_endpoint_anchor_depth_metrics,1.0195869054765763,1.274743738688732,1.0045411122274817,0.6491161616161617,3.827029887985791,0.8212105102929353,2.6765833270714476
Figure 3,3D,US,ultrasound,SRCNN_3D_proxy,SRCNN 3D proxy,5000,5000,1232,1600,bootstrap_with_replacement_effective_N,20260606,352,priority1_learning_curve_by_N_from_available_3d_parameter_library+full_endpoint_anchor_depth_metrics,0.7493688525076355,0.8360275555933833,0.7005169078648329,0.04613102570419625,0.2937091358499579,0.7986167935187544,0.8438508148254803
Figure 3,3D,MMP,soft MMP,direct_scalar_regression,direct scalar regression,5000,5000,1232,1600,bootstrap_with_replacement_effective_N,20260606,352,priority1_learning_curve_by_N_from_available_3d_parameter_library+full_endpoint_anchor_depth_metrics,1.3814254036894824,1.6172917791749886,0.9422939212690691,0.8094486531986531,4.284030409303984,0.45522714720908386,1.2470804364596204
Figure 3,3D,PIEZO,sheet piezo,direct_scalar_regression,direct scalar regression,5000,5000,1232,1600,bootstrap_with_replacement_effective_N,20260606,352,priority1_learning_curve_by_N_from_available_3d_parameter_library+full_endpoint_anchor_depth_metrics,1.090853394024596,1.2489259831143957,0.7728460673149483,0.7687640291806959,4.295513754929139,0.34370787886610876,2.6765833270714476
Figure 3,3D,US,ultrasound,direct_scalar_regression,direct scalar regression,5000,5000,1232,1600,bootstrap_with_replacement_effective_N,20260606,352,priority1_learning_curve_by_N_from_available_3d_parameter_library+full_endpoint_anchor_depth_metrics,1.4283324910328923,1.693376827088436,0.9778160069218306,0.7568742985409652,4.065635495928348,0.4798810075735781,0.8438508148254803
Figure 3,3D,MMP,soft MMP,unet_3d,3D U-Net,5000,5000,1232,1600,bootstrap_with_replacement_effective_N,20260606,352,priority1_learning_curve_by_N_from_available_3d_parameter_library+full_endpoint_anchor_depth_metrics,0.631316461946432,0.6993849951610092,0.6025434424366621,0.04540321918370693,0.22818285307650538,0.8800557753234978,0.8694472653476599
Figure 3,3D,PIEZO,sheet piezo,unet_3d,3D U-Net,5000,5000,1232,1600,bootstrap_with_replacement_effective_N,20260606,352,priority1_learning_curve_by_N_from_available_3d_parameter_library+full_endpoint_anchor_depth_metrics,1.0168950102904684,1.2901927607385333,1.0074897011204658,0.6472222222222221,3.8164776603268953,0.8212105102929353,2.418758261482925
Figure 3,3D,US,ultrasound,unet_3d,3D U-Net,5000,5000,1232,1600,bootstrap_with_replacement_effective_N,20260606,352,priority1_learning_curve_by_N_from_available_3d_parameter_library+full_endpoint_anchor_depth_metrics,0.735635229077469,0.8150255448911887,0.6864238501811618,0.05654769237086299,0.29470733649412917,0.7986167935187544,0.6038987628974517
Figure 3,3D,MMP,soft MMP,kernel_gp,kernel GP,5000,5000,1232,1600,bootstrap_with_replacement_effective_N,20260606,352,priority1_learning_curve_by_N_from_available_3d_parameter_library+full_endpoint_anchor_depth_metrics,0.4749542528953184,0.5290727604821375,0.30561293437417186,0.8991377186499138,1.2150337195587073,0.9356028159306848,0.5702495212802136
Figure 3,3D,PIEZO,sheet piezo,kernel_gp,kernel GP,5000,5000,1232,1600,bootstrap_with_replacement_effective_N,20260606,352,priority1_learning_curve_by_N_from_available_3d_parameter_library+full_endpoint_anchor_depth_metrics,0.6100147715511067,0.8171796060428859,0.4486038680443131,0.8965838945005613,2.6928632173765727,0.9588478085047406,1.7339159361547072
Figure 3,3D,US,ultrasound,kernel_gp,kernel GP,5000,5000,1232,1600,bootstrap_with_replacement_effective_N,20260606,352,priority1_learning_curve_by_N_from_available_3d_parameter_library+full_endpoint_anchor_depth_metrics,0.5609179790531449,0.6224501188086361,0.36223737341511847,0.8653061783143083,1.3481819322205817,0.969279688619634,0.49134824609237704
Figure 3,3D,MMP,soft MMP,vanilla_3d_diffusion,vanilla 3D diffusion,5000,15000,1232,1600,bootstrap_with_replacement_effective_N,20260606,352,priority1_learning_curve_by_N_from_available_3d_parameter_library+full_endpoint_anchor_depth_metrics,0.5201946881753999,0.5557265203473303,0.3254491875085334,0.9204755892255893,1.800006475369983,0.5816361082754525,2.2014322713499634
Figure 3,3D,PIEZO,sheet piezo,vanilla_3d_diffusion,vanilla 3D diffusion,5000,15000,1232,1600,bootstrap_with_replacement_effective_N,20260606,352,priority1_learning_curve_by_N_from_available_3d_parameter_library+full_endpoint_anchor_depth_metrics,0.6148438554136486,0.9456985839842119,0.4438220304809154,0.8872736511456023,2.243873093158014,0.965120411995412,3.473098674150376
Figure 3,3D,US,ultrasound,vanilla_3d_diffusion,vanilla 3D diffusion,5000,15000,1232,1600,bootstrap_with_replacement_effective_N,20260606,352,priority1_learning_curve_by_N_from_available_3d_parameter_library+full_endpoint_anchor_depth_metrics,0.4918960080114734,0.5312207400365773,0.30956031627681213,0.9127735690235692,1.8354769893539353,0.7653517551058536,3.2705513858567787
Figure 3,3D,MMP,soft MMP,dps_inverse_diffusion,DPS inverse diffusion,5000,5000,1232,1600,bootstrap_with_replacement_effective_N,20260606,352,priority1_learning_curve_by_N_from_available_3d_parameter_library+full_endpoint_anchor_depth_metrics,0.39329105662319447,0.45279117639932703,0.2572092396263435,0.874601537050724,1.0041160340123216,0.9238788238788238,0.7932765903493703
Figure 3,3D,PIEZO,sheet piezo,dps_inverse_diffusion,DPS inverse diffusion,5000,5000,1232,1600,bootstrap_with_replacement_effective_N,20260606,352,priority1_learning_curve_by_N_from_available_3d_parameter_library+full_endpoint_anchor_depth_metrics,0.4369845848216831,0.6075823930228428,0.3390274490158634,0.8826739618406284,2.1897075279519957,0.9959051424269704,1.3494436715042173
Figure 3,3D,US,ultrasound,dps_inverse_diffusion,DPS inverse diffusion,5000,5000,1232,1600,bootstrap_with_replacement_effective_N,20260606,352,priority1_learning_curve_by_N_from_available_3d_parameter_library+full_endpoint_anchor_depth_metrics,0.4326759626606732,0.4879896886417199,0.2856601902289058,0.8227878377268621,1.033790403404611,0.9635620779746464,0.4480221089999906
Figure 3,3D,MMP,soft MMP,eapp_only_diffusion,Eapp-only diffusion,5000,5000,1232,1600,bootstrap_with_replacement_effective_N,20260606,352,priority1_learning_curve_by_N_from_available_3d_parameter_library+full_endpoint_anchor_depth_metrics,0.47258695252105226,0.5179294348347999,0.29253637027437346,0.9351501122334457,1.694810125761862,0.4990942028985508,0.9706284793637985
Figure 3,3D,PIEZO,sheet piezo,eapp_only_diffusion,Eapp-only diffusion,5000,5000,1232,1600,bootstrap_with_replacement_effective_N,20260606,352,priority1_learning_curve_by_N_from_available_3d_parameter_library+full_endpoint_anchor_depth_metrics,0.7304091459311712,1.1172506520830727,0.5337728706688605,0.8758879444855054,2.225093573317674,0.9413277046439732,2.3623797221909664
Figure 3,3D,US,ultrasound,eapp_only_diffusion,Eapp-only diffusion,5000,5000,1232,1600,bootstrap_with_replacement_effective_N,20260606,352,priority1_learning_curve_by_N_from_available_3d_parameter_library+full_endpoint_anchor_depth_metrics,0.43148817143033863,0.5163255602674176,0.2864851585271868,0.9265642536475869,1.651936764239385,0.7431768527732977,0.7398663330721073
Figure 3,3D,MMP,soft MMP,op_conditioned_diffusion_ours,operator-conditioned diffusion,5000,15000,1232,1600,bootstrap_with_replacement_effective_N,20260606,352,priority1_learning_curve_by_N_from_available_3d_parameter_library+full_endpoint_anchor_depth_metrics,0.1981558662808447,0.25719667289363446,0.12882723733551352,0.9392623730530236,0.9010306972088519,1.0,1.129889792258923
Figure 3,3D,PIEZO,sheet piezo,op_conditioned_diffusion_ours,operator-conditioned diffusion,5000,15000,1232,1600,bootstrap_with_replacement_effective_N,20260606,352,priority1_learning_curve_by_N_from_available_3d_parameter_library+full_endpoint_anchor_depth_metrics,0.615810081569219,0.7275393797888762,0.335220640896837,0.8897321795187647,2.0797306203224144,0.8123646967720154,3.308603200758231
Figure 3,3D,US,ultrasound,op_conditioned_diffusion_ours,operator-conditioned diffusion,5000,15000,1232,1600,bootstrap_with_replacement_effective_N,20260606,352,priority1_learning_curve_by_N_from_available_3d_parameter_library+full_endpoint_anchor_depth_metrics,0.2203766448190056,0.2823131793288611,0.1419125957697366,0.9318251964085297,0.9321837079833181,0.9945945945945946,1.1304461415243834
Figure 3,3D,MMP,soft MMP,SRCNN_3D_proxy,SRCNN 3D proxy,100,100,100,1600,without_replacement,20260607,352,priority1_learning_curve_by_N_from_available_3d_parameter_library+full_endpoint_anchor_depth_metrics,0.6909823761566084,0.7417451736554561,0.6543755137605568,0.007524431304918977,0.22465483908800657,0.8800557753234978,1.3979404133618258
Figure 3,3D,PIEZO,sheet piezo,SRCNN_3D_proxy,SRCNN 3D proxy,100,100,100,1600,without_replacement,20260607,352,priority1_learning_curve_by_N_from_available_3d_parameter_library+full_endpoint_anchor_depth_metrics,1.2358117553891017,1.5138651532075806,1.2034316427112817,0.6434343434343435,4.2040989225094245,0.8212105102929353,3.22653913811873
Figure 3,3D,US,ultrasound,SRCNN_3D_proxy,SRCNN 3D proxy,100,100,100,1600,without_replacement,20260607,352,priority1_learning_curve_by_N_from_available_3d_parameter_library+full_endpoint_anchor_depth_metrics,1.1166151571057186,1.128782197437818,0.9865025890168969,0.07738102570419625,0.4296733133721429,0.7986167935187544,1.2206625718350195
Figure 3,3D,MMP,soft MMP,direct_scalar_regression,direct scalar regression,100,100,100,1600,without_replacement,20260607,352,priority1_learning_curve_by_N_from_available_3d_parameter_library+full_endpoint_anchor_depth_metrics,1.4954877649341227,1.7897605054079682,1.0386803138763983,0.7554713804713804,4.141369830001654,0.45522714720908386,1.3979404133618258
Figure 3,3D,PIEZO,sheet piezo,direct_scalar_regression,direct scalar regression,100,100,100,1600,without_replacement,20260607,352,priority1_learning_curve_by_N_from_available_3d_parameter_library+full_endpoint_anchor_depth_metrics,1.3221918018960535,1.4832044020998931,0.9258629647217117,0.7630822109988776,4.718741498574117,0.34370787886610876,3.22653913811873
Figure 3,3D,US,ultrasound,direct_scalar_regression,direct scalar regression,100,100,100,1600,without_replacement,20260607,352,priority1_learning_curve_by_N_from_available_3d_parameter_library+full_endpoint_anchor_depth_metrics,2.128321324721252,2.286352409298856,1.3770089081085766,0.7881242985409652,5.94770424639203,0.4798810075735781,1.2206625718350195
Figure 3,3D,MMP,soft MMP,unet_3d,3D U-Net,100,100,100,1600,without_replacement,20260607,352,priority1_learning_curve_by_N_from_available_3d_parameter_library+full_endpoint_anchor_depth_metrics,0.7980573491337281,0.8058725988739635,0.7304922740937728,0.014153219183706933,0.24517002057421108,0.8800557753234978,1.1333507893196264
Figure 3,3D,PIEZO,sheet piezo,unet_3d,3D U-Net,100,100,100,1600,without_replacement,20260607,352,priority1_learning_curve_by_N_from_available_3d_parameter_library+full_endpoint_anchor_depth_metrics,1.1078579758751013,1.4129084264156446,1.1107688463151866,0.5790404040404039,3.758830753103825,0.8212105102929353,2.617802918869699
Figure 3,3D,US,ultrasound,unet_3d,3D U-Net,100,100,100,1600,without_replacement,20260607,352,priority1_learning_curve_by_N_from_available_3d_parameter_library+full_endpoint_anchor_depth_metrics,1.425039638292711,1.5805471519556504,1.3465035772005267,0.016774965098135697,0.5180918034522994,0.7986167935187544,1.2153649387062622
Figure 3,3D,MMP,soft MMP,kernel_gp,kernel GP,100,100,100,1600,without_replacement,20260607,352,priority1_learning_curve_by_N_from_available_3d_parameter_library+full_endpoint_anchor_depth_metrics,0.7426895888243719,0.7811599089343823,0.4698829297175952,0.8480013550135501,1.6336944203826436,0.9356028159306848,0.9371986049446567
Figure 3,3D,PIEZO,sheet piezo,kernel_gp,kernel GP,100,100,100,1600,without_replacement,20260607,352,priority1_learning_curve_by_N_from_available_3d_parameter_library+full_endpoint_anchor_depth_metrics,0.6751257999348412,0.9283149969952611,0.5059101767165871,0.8823793490460158,3.0218532642319382,0.9588478085047406,1.892127042864088
Figure 3,3D,US,ultrasound,kernel_gp,kernel GP,100,100,100,1600,without_replacement,20260607,352,priority1_learning_curve_by_N_from_available_3d_parameter_library+full_endpoint_anchor_depth_metrics,1.0071251289433736,1.1106560152829716,0.6552876543679049,0.7829198146779447,2.0049343203242445,0.969279688619634,0.9539175948850004
Figure 3,3D,MMP,soft MMP,vanilla_3d_diffusion,vanilla 3D diffusion,100,300,100,1600,without_replacement,20260607,352,priority1_learning_curve_by_N_from_available_3d_parameter_library+full_endpoint_anchor_depth_metrics,0.5392142634521474,0.5711734165066495,0.33022386685493027,0.9091119528619529,1.7578523324210649,0.5816361082754525,2.2582259862817593
Figure 3,3D,PIEZO,sheet piezo,vanilla_3d_diffusion,vanilla 3D diffusion,100,300,100,1600,without_replacement,20260607,352,priority1_learning_curve_by_N_from_available_3d_parameter_library+full_endpoint_anchor_depth_metrics,0.6560713489693494,1.016888410547086,0.48117222605637183,0.8105691056910569,2.1913240893502515,0.965120411995412,3.9751097298482163
Figure 3,3D,US,ultrasound,vanilla_3d_diffusion,vanilla 3D diffusion,100,300,100,1600,without_replacement,20260607,352,priority1_learning_curve_by_N_from_available_3d_parameter_library+full_endpoint_anchor_depth_metrics,0.4935910101560454,0.5260580638123518,0.30816373732313374,0.9269781144781146,1.7924921665505773,0.7653517551058536,3.327250649572303
Figure 3,3D,MMP,soft MMP,dps_inverse_diffusion,DPS inverse diffusion,100,100,100,1600,without_replacement,20260607,352,priority1_learning_curve_by_N_from_available_3d_parameter_library+full_endpoint_anchor_depth_metrics,0.5211564778253153,0.5482664567866303,0.3301677562880199,0.8291469915961786,1.1148852600898413,0.9238788238788238,1.0988566579183645
Figure 3,3D,PIEZO,sheet piezo,dps_inverse_diffusion,DPS inverse diffusion,100,100,100,1600,without_replacement,20260607,352,priority1_learning_curve_by_N_from_available_3d_parameter_library+full_endpoint_anchor_depth_metrics,0.4578114600346966,0.6024750512939242,0.3363656668298736,0.8826739618406284,2.1184816959064334,0.9959051424269704,1.4137587433159093
Figure 3,3D,US,ultrasound,dps_inverse_diffusion,DPS inverse diffusion,100,100,100,1600,without_replacement,20260607,352,priority1_learning_curve_by_N_from_available_3d_parameter_library+full_endpoint_anchor_depth_metrics,0.7962531405101493,0.8674553002221795,0.5133067690933923,0.7744923831814077,1.569451013565619,0.9635620779746464,0.8642236882689769
Figure 3,3D,MMP,soft MMP,eapp_only_diffusion,Eapp-only diffusion,100,100,100,1600,without_replacement,20260607,352,priority1_learning_curve_by_N_from_available_3d_parameter_library+full_endpoint_anchor_depth_metrics,0.5589784897229334,0.5941654749263867,0.3441913130450917,0.9095819304152639,1.8128137757478389,0.4990942028985508,1.1629747246398205
Figure 3,3D,PIEZO,sheet piezo,eapp_only_diffusion,Eapp-only diffusion,100,100,100,1600,without_replacement,20260607,352,priority1_learning_curve_by_N_from_available_3d_parameter_library+full_endpoint_anchor_depth_metrics,0.7843033827632869,1.1882702343287501,0.5725315481529999,0.8190697626673237,2.196507597038888,0.9413277046439732,2.4377519385373887
Figure 3,3D,US,ultrasound,eapp_only_diffusion,Eapp-only diffusion,100,100,100,1600,without_replacement,20260607,352,priority1_learning_curve_by_N_from_available_3d_parameter_library+full_endpoint_anchor_depth_metrics,0.7874787982114305,0.8442591015392799,0.5191027797757928,0.900996071829405,3.0010541772204014,0.7431768527732977,1.3225378458846806
Figure 3,3D,MMP,soft MMP,op_conditioned_diffusion_ours,operator-conditioned diffusion,100,300,100,1600,without_replacement,20260607,352,priority1_learning_curve_by_N_from_available_3d_parameter_library+full_endpoint_anchor_depth_metrics,0.23164550177934262,0.32889263771339133,0.14600933427425988,0.9307396457802963,0.8846012380527474,1.0,1.3103154636199246
Figure 3,3D,PIEZO,sheet piezo,op_conditioned_diffusion_ours,operator-conditioned diffusion,100,300,100,1600,without_replacement,20260607,352,priority1_learning_curve_by_N_from_available_3d_parameter_library+full_endpoint_anchor_depth_metrics,0.6561094832068408,0.7637795632994694,0.3603444217034363,0.8499594522460374,2.0418086611836936,0.8123646967720154,3.637849057929558
Figure 3,3D,US,ultrasound,op_conditioned_diffusion_ours,operator-conditioned diffusion,100,300,100,1600,without_replacement,20260607,352,priority1_learning_curve_by_N_from_available_3d_parameter_library+full_endpoint_anchor_depth_metrics,0.2846626309391439,0.32988481798420205,0.16403851562754973,0.9204615600448933,0.915186202566754,0.9945945945945946,1.444682278948517
Figure 3,3D,MMP,soft MMP,SRCNN_3D_proxy,SRCNN 3D proxy,250,250,250,1600,without_replacement,20260607,352,priority1_learning_curve_by_N_from_available_3d_parameter_library+full_endpoint_anchor_depth_metrics,0.6274175339890182,0.7013545996187248,0.6045630589802858,0.030251704032191684,0.22600336657381762,0.8800557753234978,1.2417317194609452
Figure 3,3D,PIEZO,sheet piezo,SRCNN_3D_proxy,SRCNN 3D proxy,250,250,250,1600,without_replacement,20260607,352,priority1_learning_curve_by_N_from_available_3d_parameter_library+full_endpoint_anchor_depth_metrics,1.1242245946891218,1.3693400056175102,1.086547486803774,0.6519570707070708,4.171587480597502,0.8212105102929353,2.959311711759045
Figure 3,3D,US,ultrasound,SRCNN_3D_proxy,SRCNN 3D proxy,250,250,250,1600,without_replacement,20260607,352,priority1_learning_curve_by_N_from_available_3d_parameter_library+full_endpoint_anchor_depth_metrics,0.941662485089636,1.021603150461359,0.8656973331300739,0.07454011661328719,0.36446941167014807,0.7986167935187544,1.0311612952404687
Figure 3,3D,MMP,soft MMP,direct_scalar_regression,direct scalar regression,250,250,250,1600,without_replacement,20260607,352,priority1_learning_curve_by_N_from_available_3d_parameter_library+full_endpoint_anchor_depth_metrics,1.3579148730315154,1.6923018945949817,0.9596137609902863,0.7781986531986531,4.166229081052454,0.45522714720908386,1.2417317194609452
Figure 3,3D,PIEZO,sheet piezo,direct_scalar_regression,direct scalar regression,250,250,250,1600,without_replacement,20260607,352,priority1_learning_curve_by_N_from_available_3d_parameter_library+full_endpoint_anchor_depth_metrics,1.2028049871720607,1.3416063643449836,0.8359378644694802,0.7716049382716049,4.682250185463745,0.34370787886610876,2.959311711759045
Figure 3,3D,US,ultrasound,direct_scalar_regression,direct scalar regression,250,250,250,1600,without_replacement,20260607,352,priority1_learning_curve_by_N_from_available_3d_parameter_library+full_endpoint_anchor_depth_metrics,1.7948532535606008,2.0692608633503013,1.2083829811677584,0.7852833894500562,5.045126611326305,0.4798810075735781,1.0311612952404687
Figure 3,3D,MMP,soft MMP,unet_3d,3D U-Net,250,250,250,1600,without_replacement,20260607,352,priority1_learning_curve_by_N_from_available_3d_parameter_library+full_endpoint_anchor_depth_metrics,0.6850995141226751,0.7382623752892422,0.6379167939647095,0.04540321918370693,0.23017660977899881,0.8800557753234978,0.9435171343520466
Figure 3,3D,PIEZO,sheet piezo,unet_3d,3D U-Net,250,250,250,1600,without_replacement,20260607,352,priority1_learning_curve_by_N_from_available_3d_parameter_library+full_endpoint_anchor_depth_metrics,1.0637623552499782,1.339101590114648,1.048608129599732,0.6472222222222221,4.002597407574118,0.8212105102929353,2.530235628042334
Figure 3,3D,US,ultrasound,unet_3d,3D U-Net,250,250,250,1600,without_replacement,20260607,352,priority1_learning_curve_by_N_from_available_3d_parameter_library+full_endpoint_anchor_depth_metrics,1.1609271735266622,1.3421402999270322,1.124270778778694,0.02529769237086299,0.46625460009513764,0.7986167935187544,0.9821666062755678
Figure 3,3D,MMP,soft MMP,kernel_gp,kernel GP,250,250,250,1600,without_replacement,20260607,352,priority1_learning_curve_by_N_from_available_3d_parameter_library+full_endpoint_anchor_depth_metrics,0.6349000632920933,0.7090410230169001,0.41002253612646,0.8877740822862774,1.5303815541786376,0.9356028159306848,0.7709297194950109
Figure 3,3D,PIEZO,sheet piezo,kernel_gp,kernel GP,250,250,250,1600,without_replacement,20260607,352,priority1_learning_curve_by_N_from_available_3d_parameter_library+full_endpoint_anchor_depth_metrics,0.6662056528344508,0.9188232985629113,0.4976250709831313,0.9051066217732886,3.0212017438030347,0.9588478085047406,1.909537792999768
Figure 3,3D,US,ultrasound,kernel_gp,kernel GP,250,250,250,1600,without_replacement,20260607,352,priority1_learning_curve_by_N_from_available_3d_parameter_library+full_endpoint_anchor_depth_metrics,0.7708680213536973,0.8656550471307862,0.5041769311062816,0.8283743601324902,1.756935801091532,0.969279688619634,0.6998615599080644
Figure 3,3D,MMP,soft MMP,vanilla_3d_diffusion,vanilla 3D diffusion,250,750,250,1600,without_replacement,20260607,352,priority1_learning_curve_by_N_from_available_3d_parameter_library+full_endpoint_anchor_depth_metrics,0.5208113849554833,0.5552173261064767,0.32417149451406424,0.9147937710437711,1.8006487122111543,0.5816361082754525,2.192598470020443
Figure 3,3D,PIEZO,sheet piezo,vanilla_3d_diffusion,vanilla 3D diffusion,250,750,250,1600,without_replacement,20260607,352,priority1_learning_curve_by_N_from_available_3d_parameter_library+full_endpoint_anchor_depth_metrics,0.6430896601056479,0.9923393550965649,0.4680292218199788,0.8617054693274205,2.2446737002597428,0.965120411995412,3.720586159576917
Figure 3,3D,US,ultrasound,vanilla_3d_diffusion,vanilla 3D diffusion,250,750,250,1600,without_replacement,20260607,352,priority1_learning_curve_by_N_from_available_3d_parameter_library+full_endpoint_anchor_depth_metrics,0.4997434892560969,0.5335014399992833,0.31174889349703283,0.9269781144781146,1.8361318819667205,0.7653517551058536,3.36872393344685
Figure 3,3D,MMP,soft MMP,dps_inverse_diffusion,DPS inverse diffusion,250,250,250,1600,without_replacement,20260607,352,priority1_learning_curve_by_N_from_available_3d_parameter_library+full_endpoint_anchor_depth_metrics,0.43234026239433637,0.493167588631205,0.2806129839888895,0.8603969915961786,1.0284819999964339,0.9238788238788238,0.8843985243101709
Figure 3,3D,PIEZO,sheet piezo,dps_inverse_diffusion,DPS inverse diffusion,250,250,250,1600,without_replacement,20260607,352,priority1_learning_curve_by_N_from_available_3d_parameter_library+full_endpoint_anchor_depth_metrics,0.41692185116298264,0.5832816011046932,0.3236819736209822,0.9139239618406284,2.239997915078812,0.9959051424269704,1.248666039826753
Figure 3,3D,US,ultrasound,dps_inverse_diffusion,DPS inverse diffusion,250,250,250,1600,without_replacement,20260607,352,priority1_learning_curve_by_N_from_available_3d_parameter_library+full_endpoint_anchor_depth_metrics,0.5941196897189847,0.6725945285163637,0.39136060775982295,0.7972196559086804,1.315141629256747,0.9635620779746464,0.6308855918534261
Figure 3,3D,MMP,soft MMP,eapp_only_diffusion,Eapp-only diffusion,250,250,250,1600,without_replacement,20260607,352,priority1_learning_curve_by_N_from_available_3d_parameter_library+full_endpoint_anchor_depth_metrics,0.5042463371404041,0.5830748966453486,0.3161225312914971,0.912422839506173,1.6561902031042024,0.4990942028985508,1.0461786050930852
Figure 3,3D,PIEZO,sheet piezo,eapp_only_diffusion,Eapp-only diffusion,250,250,250,1600,without_replacement,20260607,352,priority1_learning_curve_by_N_from_available_3d_parameter_library+full_endpoint_anchor_depth_metrics,0.7635338034981671,1.1559225424679191,0.5533821535446782,0.8702061263036873,2.3343933323051798,0.9413277046439732,2.4561379346434684
Figure 3,3D,US,ultrasound,eapp_only_diffusion,Eapp-only diffusion,250,250,250,1600,without_replacement,20260607,352,priority1_learning_curve_by_N_from_available_3d_parameter_library+full_endpoint_anchor_depth_metrics,0.6497291152183022,0.7361804862190735,0.4391711019274923,0.8782687991021323,2.403401847152268,0.7431768527732977,1.1159365953029956
Figure 3,3D,MMP,soft MMP,op_conditioned_diffusion_ours,operator-conditioned diffusion,250,750,250,1600,without_replacement,20260607,352,priority1_learning_curve_by_N_from_available_3d_parameter_library+full_endpoint_anchor_depth_metrics,0.2199148567520008,0.29344597913852183,0.14099984152142706,0.922216918507569,0.9143738554769095,1.0,1.2339607458639512
Figure 3,3D,PIEZO,sheet piezo,op_conditioned_diffusion_ours,operator-conditioned diffusion,250,750,250,1600,without_replacement,20260607,352,priority1_learning_curve_by_N_from_available_3d_parameter_library+full_endpoint_anchor_depth_metrics,0.6280481679667423,0.7342876983937984,0.3395138353456845,0.9181412704278556,2.110528877149679,0.8123646967720154,3.297280294239639
Figure 3,3D,US,ultrasound,op_conditioned_diffusion_ours,operator-conditioned diffusion,250,750,250,1600,without_replacement,20260607,352,priority1_learning_curve_by_N_from_available_3d_parameter_library+full_endpoint_anchor_depth_metrics,0.2326730681111786,0.2864606054294385,0.14500531307542738,0.9318251964085297,0.9459882040887856,0.9945945945945946,1.1935219918560005
Figure 3,3D,MMP,soft MMP,SRCNN_3D_proxy,SRCNN 3D proxy,500,500,500,1600,without_replacement,20260607,352,priority1_learning_curve_by_N_from_available_3d_parameter_library+full_endpoint_anchor_depth_metrics,0.6466852222627468,0.7032010591533624,0.6161941667271771,0.010365340395828038,0.2265611888867687,0.8800557753234978,1.304764789939486
Figure 3,3D,PIEZO,sheet piezo,SRCNN_3D_proxy,SRCNN 3D proxy,500,500,500,1600,without_replacement,20260607,352,priority1_learning_curve_by_N_from_available_3d_parameter_library+full_endpoint_anchor_depth_metrics,1.0631961063974982,1.3089555221255729,1.0390893984107037,0.6462752525252525,3.820204371432977,0.8212105102929353,2.78346371367234
Figure 3,3D,US,ultrasound,SRCNN_3D_proxy,SRCNN 3D proxy,500,500,500,1600,without_replacement,20260607,352,priority1_learning_curve_by_N_from_available_3d_parameter_library+full_endpoint_anchor_depth_metrics,0.7990341023948165,0.9053000099092184,0.7548839085986006,0.07454011661328719,0.3432757786304849,0.7986167935187544,0.87497702522185
Figure 3,3D,MMP,soft MMP,direct_scalar_regression,direct scalar regression,500,500,500,1600,without_replacement,20260607,352,priority1_learning_curve_by_N_from_available_3d_parameter_library+full_endpoint_anchor_depth_metrics,1.399615780415288,1.6967572257077437,0.9780756416554786,0.7583122895622895,4.176512182483679,0.45522714720908386,1.304764789939486
Figure 3,3D,PIEZO,sheet piezo,direct_scalar_regression,direct scalar regression,500,500,500,1600,without_replacement,20260607,352,priority1_learning_curve_by_N_from_available_3d_parameter_library+full_endpoint_anchor_depth_metrics,1.1375107653381795,1.2824448653541358,0.7994258725455858,0.7659231200897867,4.2878526963288,0.34370787886610876,2.78346371367234
Figure 3,3D,US,ultrasound,direct_scalar_regression,direct scalar regression,500,500,500,1600,without_replacement,20260607,352,priority1_learning_curve_by_N_from_available_3d_parameter_library+full_endpoint_anchor_depth_metrics,1.5229968073462068,1.8336884329788892,1.0537041446226645,0.7852833894500562,4.751756142871581,0.4798810075735781,0.87497702522185
Figure 3,3D,MMP,soft MMP,unet_3d,3D U-Net,500,500,500,1600,without_replacement,20260607,352,priority1_learning_curve_by_N_from_available_3d_parameter_library+full_endpoint_anchor_depth_metrics,0.6976650346591575,0.8113024954256327,0.6565423717094366,0.02835776463825246,0.22845618692159725,0.8800557753234978,0.9771628499698809
Figure 3,3D,PIEZO,sheet piezo,unet_3d,3D U-Net,500,500,500,1600,without_replacement,20260607,352,priority1_learning_curve_by_N_from_available_3d_parameter_library+full_endpoint_anchor_depth_metrics,1.0586975352547687,1.326615569067342,1.0422830529486455,0.6358585858585858,3.8165358149130024,0.8212105102929353,2.4906071135804124
Figure 3,3D,US,ultrasound,unet_3d,3D U-Net,500,500,500,1600,without_replacement,20260607,352,priority1_learning_curve_by_N_from_available_3d_parameter_library+full_endpoint_anchor_depth_metrics,1.0003054227430237,1.1524798139316912,0.9638215685507051,0.06791132873449934,0.4369584217878749,0.7986167935187544,0.812043003221829
Figure 3,3D,MMP,soft MMP,kernel_gp,kernel GP,500,500,500,1600,without_replacement,20260607,352,priority1_learning_curve_by_N_from_available_3d_parameter_library+full_endpoint_anchor_depth_metrics,0.6344048211180189,0.7409882198898861,0.4087788869121095,0.8934559004680956,1.5258840434099885,0.9356028159306848,0.7660103857412227
Figure 3,3D,PIEZO,sheet piezo,kernel_gp,kernel GP,500,500,500,1600,without_replacement,20260607,352,priority1_learning_curve_by_N_from_available_3d_parameter_library+full_endpoint_anchor_depth_metrics,0.6367715753338054,0.8701312947328159,0.47616177550965005,0.9051066217732886,2.8813890874481105,0.9588478085047406,1.825171226684346
Figure 3,3D,US,ultrasound,kernel_gp,kernel GP,500,500,500,1600,without_replacement,20260607,352,priority1_learning_curve_by_N_from_available_3d_parameter_library+full_endpoint_anchor_depth_metrics,0.6864548661928079,0.7680165043138354,0.44542170456841707,0.8624652692233993,1.6576531539636945,0.969279688619634,0.6030002998004191
Figure 3,3D,MMP,soft MMP,vanilla_3d_diffusion,vanilla 3D diffusion,500,1500,500,1600,without_replacement,20260607,352,priority1_learning_curve_by_N_from_available_3d_parameter_library+full_endpoint_anchor_depth_metrics,0.5409637758581562,0.5738323117321488,0.332988353945984,0.9091119528619529,1.8014728592498082,0.5816361082754525,2.2655529333719153
Figure 3,3D,PIEZO,sheet piezo,vanilla_3d_diffusion,vanilla 3D diffusion,500,1500,500,1600,without_replacement,20260607,352,priority1_learning_curve_by_N_from_available_3d_parameter_library+full_endpoint_anchor_depth_metrics,0.6454576118294799,0.9889913803771714,0.46769642304784975,0.8531827420546932,2.245701075099859,0.965120411995412,3.763705180137769
Figure 3,3D,US,ultrasound,vanilla_3d_diffusion,vanilla 3D diffusion,500,1500,500,1600,without_replacement,20260607,352,priority1_learning_curve_by_N_from_available_3d_parameter_library+full_endpoint_anchor_depth_metrics,0.49439664095899105,0.5309683644356257,0.3097498689193975,0.9212962962962965,1.8369722694575392,0.7653517551058536,3.314479903904241
Figure 3,3D,MMP,soft MMP,dps_inverse_diffusion,DPS inverse diffusion,500,500,500,1600,without_replacement,20260607,352,priority1_learning_curve_by_N_from_available_3d_parameter_library+full_endpoint_anchor_depth_metrics,0.43716376425874764,0.5402101640756484,0.28635087541024906,0.8490333552325422,1.013195332418001,0.9238788238788238,0.9042628949643193
Figure 3,3D,PIEZO,sheet piezo,dps_inverse_diffusion,DPS inverse diffusion,500,500,500,1600,without_replacement,20260607,352,priority1_learning_curve_by_N_from_available_3d_parameter_library+full_endpoint_anchor_depth_metrics,0.41170275131729983,0.5801052702009272,0.3217461962034413,0.9224466891133557,2.215065994718818,0.9959051424269704,1.2309439511002602
Figure 3,3D,US,ultrasound,dps_inverse_diffusion,DPS inverse diffusion,500,500,500,1600,without_replacement,20260607,352,priority1_learning_curve_by_N_from_available_3d_parameter_library+full_endpoint_anchor_depth_metrics,0.5169918906654015,0.6171097423698046,0.34440857270300995,0.7943787468177712,1.1438480885463997,0.9635620779746464,0.5505022652541558
Figure 3,3D,MMP,soft MMP,eapp_only_diffusion,Eapp-only diffusion,500,500,500,1600,without_replacement,20260607,352,priority1_learning_curve_by_N_from_available_3d_parameter_library+full_endpoint_anchor_depth_metrics,0.5123082633836343,0.6525500692059695,0.3227733371402412,0.912422839506173,1.6400236477306647,0.4990942028985508,1.0629049829173378
Figure 3,3D,PIEZO,sheet piezo,eapp_only_diffusion,Eapp-only diffusion,500,500,500,1600,without_replacement,20260607,352,priority1_learning_curve_by_N_from_available_3d_parameter_library+full_endpoint_anchor_depth_metrics,0.757985516460945,1.1685408458050457,0.5568483316798175,0.8417970353945964,2.206692321554549,0.9413277046439732,2.3718879492731166
Figure 3,3D,US,ultrasound,eapp_only_diffusion,Eapp-only diffusion,500,500,500,1600,without_replacement,20260607,352,priority1_learning_curve_by_N_from_available_3d_parameter_library+full_endpoint_anchor_depth_metrics,0.5790154894663859,0.6511595928283276,0.3846552009179139,0.9152006172839505,2.4010635245177854,0.7431768527732977,0.9818039146729364
Figure 3,3D,MMP,soft MMP,op_conditioned_diffusion_ours,operator-conditioned diffusion,500,1500,500,1600,without_replacement,20260607,352,priority1_learning_curve_by_N_from_available_3d_parameter_library+full_endpoint_anchor_depth_metrics,0.20896081060392813,0.267747630451138,0.13327726907857737,0.9165351003257509,0.8900424829053784,1.0,1.166162276348473
Figure 3,3D,PIEZO,sheet piezo,op_conditioned_diffusion_ours,operator-conditioned diffusion,500,1500,500,1600,without_replacement,20260607,352,priority1_learning_curve_by_N_from_available_3d_parameter_library+full_endpoint_anchor_depth_metrics,0.6357748316163775,0.7384605967989728,0.3455124802891994,0.8613230886096738,2.054367970836232,0.8123646967720154,3.493892629000039
Figure 3,3D,US,ultrasound,op_conditioned_diffusion_ours,operator-conditioned diffusion,500,1500,500,1600,without_replacement,20260607,352,priority1_learning_curve_by_N_from_available_3d_parameter_library+full_endpoint_anchor_depth_metrics,0.21680824872432988,0.27067434411052677,0.13775111294095493,0.9289842873176206,0.9208155777017889,0.9945945945945946,1.1091854117469884
Figure 3,3D,MMP,soft MMP,SRCNN_3D_proxy,SRCNN 3D proxy,1000,1000,1000,1600,without_replacement,20260607,352,priority1_learning_curve_by_N_from_available_3d_parameter_library+full_endpoint_anchor_depth_metrics,0.6323502107067335,0.6935046044244012,0.6024101927280889,0.033092613123100856,0.22395565244412202,0.8800557753234978,1.2480157512703056
Figure 3,3D,PIEZO,sheet piezo,SRCNN_3D_proxy,SRCNN 3D proxy,1000,1000,1000,1600,without_replacement,20260607,352,priority1_learning_curve_by_N_from_available_3d_parameter_library+full_endpoint_anchor_depth_metrics,1.0388891713429445,1.2923664332308127,1.0209816973359793,0.6405934343434344,3.800321829245686,0.8212105102929353,2.7049734550919946
Figure 3,3D,US,ultrasound,SRCNN_3D_proxy,SRCNN 3D proxy,1000,1000,1000,1600,without_replacement,20260607,352,priority1_learning_curve_by_N_from_available_3d_parameter_library+full_endpoint_anchor_depth_metrics,0.7291060691597209,0.8269923681267743,0.6937316383782137,0.07738102570419625,0.32878308595542743,0.7986167935187544,0.7970449656333692
Figure 3,3D,MMP,soft MMP,direct_scalar_regression,direct scalar regression,1000,1000,1000,1600,without_replacement,20260607,352,priority1_learning_curve_by_N_from_available_3d_parameter_library+full_endpoint_anchor_depth_metrics,1.3685906267616608,1.6733606033463935,0.9561965490874216,0.7810395622895623,4.128480766564257,0.45522714720908386,1.2480157512703056
Figure 3,3D,PIEZO,sheet piezo,direct_scalar_regression,direct scalar regression,1000,1000,1000,1600,without_replacement,20260607,352,priority1_learning_curve_by_N_from_available_3d_parameter_library+full_endpoint_anchor_depth_metrics,1.1115048383689612,1.266191760100077,0.7854946701354786,0.7602413019079686,4.265536243113584,0.34370787886610876,2.7049734550919946
Figure 3,3D,US,ultrasound,direct_scalar_regression,direct scalar regression,1000,1000,1000,1600,without_replacement,20260607,352,priority1_learning_curve_by_N_from_available_3d_parameter_library+full_endpoint_anchor_depth_metrics,1.3897106671904185,1.6750760223099428,0.9683447935352514,0.7881242985409652,4.5511426835701485,0.4798810075735781,0.7970449656333692
Figure 3,3D,MMP,soft MMP,unet_3d,3D U-Net,1000,1000,1000,1600,without_replacement,20260607,352,priority1_learning_curve_by_N_from_available_3d_parameter_library+full_endpoint_anchor_depth_metrics,0.6521651589585131,0.6985807465208398,0.6124953695160452,0.04540321918370693,0.22771046444678586,0.8800557753234978,0.8981600325505433
Figure 3,3D,PIEZO,sheet piezo,unet_3d,3D U-Net,1000,1000,1000,1600,without_replacement,20260607,352,priority1_learning_curve_by_N_from_available_3d_parameter_library+full_endpoint_anchor_depth_metrics,1.0364283903762144,1.306908966251478,1.0224696824004502,0.6386994949494949,3.838538779752774,0.8212105102929353,2.4449688332116075
Figure 3,3D,US,ultrasound,unet_3d,3D U-Net,1000,1000,1000,1600,without_replacement,20260607,352,priority1_learning_curve_by_N_from_available_3d_parameter_library+full_endpoint_anchor_depth_metrics,0.8557515251006984,0.9500002596943705,0.8050927811152672,0.0792749650981357,0.38293678925319136,0.7986167935187544,0.6876659097628065
Figure 3,3D,MMP,soft MMP,kernel_gp,kernel GP,1000,1000,1000,1600,without_replacement,20260607,352,priority1_learning_curve_by_N_from_available_3d_parameter_library+full_endpoint_anchor_depth_metrics,0.5587018152642548,0.6117757249390885,0.3605148321103887,0.8906149913771865,1.468937975540552,0.9356028159306848,0.6765043573535658
Figure 3,3D,PIEZO,sheet piezo,kernel_gp,kernel GP,1000,1000,1000,1600,without_replacement,20260607,352,priority1_learning_curve_by_N_from_available_3d_parameter_library+full_endpoint_anchor_depth_metrics,0.6176096817025574,0.8515498936879347,0.4633900275770533,0.8994248035914704,2.7878181523171603,0.9588478085047406,1.76041845703563
Figure 3,3D,US,ultrasound,kernel_gp,kernel GP,1000,1000,1000,1600,without_replacement,20260607,352,priority1_learning_curve_by_N_from_available_3d_parameter_library+full_endpoint_anchor_depth_metrics,0.6039710421165071,0.6651163966777096,0.38836097836246525,0.8624652692233993,1.5280977847288078,0.969279688619634,0.5305443043719821
Figure 3,3D,MMP,soft MMP,vanilla_3d_diffusion,vanilla 3D diffusion,1000,3000,1000,1600,without_replacement,20260607,352,priority1_learning_curve_by_N_from_available_3d_parameter_library+full_endpoint_anchor_depth_metrics,0.5504125639109232,0.5829871137889784,0.3375877319662132,0.9091119528619529,1.7858394975151686,0.5816361082754525,2.30512439905055
Figure 3,3D,PIEZO,sheet piezo,vanilla_3d_diffusion,vanilla 3D diffusion,1000,3000,1000,1600,without_replacement,20260607,352,priority1_learning_curve_by_N_from_available_3d_parameter_library+full_endpoint_anchor_depth_metrics,0.6322219021754654,0.9677660136600746,0.45715667919656483,0.878750923872875,2.2262126564569464,0.965120411995412,3.6000788998666464
Figure 3,3D,US,ultrasound,vanilla_3d_diffusion,vanilla 3D diffusion,1000,3000,1000,1600,without_replacement,20260607,352,priority1_learning_curve_by_N_from_available_3d_parameter_library+full_endpoint_anchor_depth_metrics,0.49569863004847514,0.5317065399077061,0.31067345925324497,0.9127735690235692,1.821030840288914,0.7653517551058536,3.295834515970564
Figure 3,3D,MMP,soft MMP,dps_inverse_diffusion,DPS inverse diffusion,1000,1000,1000,1600,without_replacement,20260607,352,priority1_learning_curve_by_N_from_available_3d_parameter_library+full_endpoint_anchor_depth_metrics,0.40562158663236847,0.4601101976806966,0.2647064678371549,0.8717606279598149,1.013133048245748,0.9238788238788238,0.8204665490774501
Figure 3,3D,PIEZO,sheet piezo,dps_inverse_diffusion,DPS inverse diffusion,1000,1000,1000,1600,without_replacement,20260607,352,priority1_learning_curve_by_N_from_available_3d_parameter_library+full_endpoint_anchor_depth_metrics,0.41083948836363104,0.5755351269071785,0.3186828318172581,0.9196057800224465,2.1668563205980926,0.9959051424269704,1.2248850828580964
Figure 3,3D,US,ultrasound,dps_inverse_diffusion,DPS inverse diffusion,1000,1000,1000,1600,without_replacement,20260607,352,priority1_learning_curve_by_N_from_available_3d_parameter_library+full_endpoint_anchor_depth_metrics,0.48235228259069074,0.5511589480154337,0.3158355329098139,0.817106019545044,1.1340186069620104,0.9635620779746464,0.5022917559742499
Figure 3,3D,MMP,soft MMP,eapp_only_diffusion,Eapp-only diffusion,1000,1000,1000,1600,without_replacement,20260607,352,priority1_learning_curve_by_N_from_available_3d_parameter_library+full_endpoint_anchor_depth_metrics,0.49143705986532066,0.5424111190929354,0.30671908245965473,0.9181046576879911,1.669732128308082,0.4990942028985508,1.013903433199378
Figure 3,3D,PIEZO,sheet piezo,eapp_only_diffusion,Eapp-only diffusion,1000,1000,1000,1600,without_replacement,20260607,352,priority1_learning_curve_by_N_from_available_3d_parameter_library+full_endpoint_anchor_depth_metrics,0.7473187766788457,1.143917594267218,0.5468976061185001,0.86168339903096,2.218317600582702,0.9413277046439732,2.3843370473804018
Figure 3,3D,US,ultrasound,eapp_only_diffusion,Eapp-only diffusion,1000,1000,1000,1600,without_replacement,20260607,352,priority1_learning_curve_by_N_from_available_3d_parameter_library+full_endpoint_anchor_depth_metrics,0.48844716910747343,0.5448993602479983,0.32511767896441507,0.9237233445566777,2.079819141519417,0.7431768527732977,0.8352078880018577
Figure 3,3D,MMP,soft MMP,op_conditioned_diffusion_ours,operator-conditioned diffusion,1000,3000,1000,1600,without_replacement,20260607,352,priority1_learning_curve_by_N_from_available_3d_parameter_library+full_endpoint_anchor_depth_metrics,0.21416935364076145,0.27455197485119515,0.13587650535934415,0.9165351003257509,0.8923743876974539,1.0,1.195229958402049
Figure 3,3D,PIEZO,sheet piezo,op_conditioned_diffusion_ours,operator-conditioned diffusion,1000,3000,1000,1600,without_replacement,20260607,352,priority1_learning_curve_by_N_from_available_3d_parameter_library+full_endpoint_anchor_depth_metrics,0.6243834708067952,0.7282036707664147,0.3388004514817366,0.8812094522460374,2.0597503998864064,0.8123646967720154,3.3776536723375306
Figure 3,3D,US,ultrasound,op_conditioned_diffusion_ours,operator-conditioned diffusion,1000,3000,1000,1600,without_replacement,20260607,352,priority1_learning_curve_by_N_from_available_3d_parameter_library+full_endpoint_anchor_depth_metrics,0.21390539350677712,0.26707022631957883,0.1367475936318689,0.9346661054994387,0.9232281077770403,0.9945945945945946,1.100167818723497
Figure 3,3D,MMP,soft MMP,SRCNN_3D_proxy,SRCNN 3D proxy,1600,1600,891,1600,bootstrap_with_replacement_effective_N,20260607,352,priority1_learning_curve_by_N_from_available_3d_parameter_library+full_endpoint_anchor_depth_metrics,0.6395122469758381,0.6964316461054468,0.6064428930504938,0.033092613123100856,0.22102645073792707,0.8800557753234978,1.2621508522375717
Figure 3,3D,PIEZO,sheet piezo,SRCNN_3D_proxy,SRCNN 3D proxy,1600,1600,891,1600,bootstrap_with_replacement_effective_N,20260607,352,priority1_learning_curve_by_N_from_available_3d_parameter_library+full_endpoint_anchor_depth_metrics,1.0383488355664279,1.2925080781919507,1.0206997031502907,0.6462752525252525,3.8069634666939627,0.8212105102929353,2.7184131775333227
Figure 3,3D,US,ultrasound,SRCNN_3D_proxy,SRCNN 3D proxy,1600,1600,891,1600,bootstrap_with_replacement_effective_N,20260607,352,priority1_learning_curve_by_N_from_available_3d_parameter_library+full_endpoint_anchor_depth_metrics,0.702444827561534,0.7971573777874957,0.6671323754467854,0.07738102570419625,0.30734176602685137,0.7986167935187544,0.7678994005472628
Figure 3,3D,MMP,soft MMP,direct_scalar_regression,direct scalar regression,1600,1600,891,1600,bootstrap_with_replacement_effective_N,20260607,352,priority1_learning_curve_by_N_from_available_3d_parameter_library+full_endpoint_anchor_depth_metrics,1.3840913659730365,1.6804232763296243,0.9625975930576849,0.7810395622895623,4.074482786279162,0.45522714720908386,1.2621508522375717
Figure 3,3D,PIEZO,sheet piezo,direct_scalar_regression,direct scalar regression,1600,1600,891,1600,bootstrap_with_replacement_effective_N,20260607,352,priority1_learning_curve_by_N_from_available_3d_parameter_library+full_endpoint_anchor_depth_metrics,1.1109267345187055,1.2663305362846335,0.7852777172454849,0.7659231200897867,4.272990913144745,0.34370787886610876,2.7184131775333227
Figure 3,3D,US,ultrasound,direct_scalar_regression,direct scalar regression,1600,1600,891,1600,bootstrap_with_replacement_effective_N,20260607,352,priority1_learning_curve_by_N_from_available_3d_parameter_library+full_endpoint_anchor_depth_metrics,1.3388930791647937,1.6146451418456222,0.9312162320763298,0.7881242985409652,4.25434363736783,0.4798810075735781,0.7678994005472628
Figure 3,3D,MMP,soft MMP,unet_3d,3D U-Net,1600,1600,891,1600,bootstrap_with_replacement_effective_N,20260607,352,priority1_learning_curve_by_N_from_available_3d_parameter_library+full_endpoint_anchor_depth_metrics,0.6518102686478885,0.7122752366273049,0.6111799479113003,0.03119867372916152,0.21694418051352726,0.8800557753234978,0.9103933772272425
Figure 3,3D,PIEZO,sheet piezo,unet_3d,3D U-Net,1600,1600,891,1600,bootstrap_with_replacement_effective_N,20260607,352,priority1_learning_curve_by_N_from_available_3d_parameter_library+full_endpoint_anchor_depth_metrics,1.0381891301682267,1.3049747714452042,1.0227842650979866,0.6301767676767676,3.83162163838043,0.8212105102929353,2.4288370888709254
Figure 3,3D,US,ultrasound,unet_3d,3D U-Net,1600,1600,891,1600,bootstrap_with_replacement_effective_N,20260607,352,priority1_learning_curve_by_N_from_available_3d_parameter_library+full_endpoint_anchor_depth_metrics,0.7701760280474884,0.8537447519830316,0.7235101263378849,0.0792749650981357,0.3419823491357189,0.7986167935187544,0.6188990419181067
Figure 3,3D,MMP,soft MMP,kernel_gp,kernel GP,1600,1600,891,1600,bootstrap_with_replacement_effective_N,20260607,352,priority1_learning_curve_by_N_from_available_3d_parameter_library+full_endpoint_anchor_depth_metrics,0.5280712901740618,0.5890350220216807,0.3418315701030641,0.8962968095590047,1.3380674567721775,0.9356028159306848,0.6358211311310528
Figure 3,3D,PIEZO,sheet piezo,kernel_gp,kernel GP,1600,1600,891,1600,bootstrap_with_replacement_effective_N,20260607,352,priority1_learning_curve_by_N_from_available_3d_parameter_library+full_endpoint_anchor_depth_metrics,0.613849455467114,0.8384188158212913,0.4585247219209267,0.8994248035914704,2.7773258976423643,0.9588478085047406,1.7497004066817947
Figure 3,3D,US,ultrasound,kernel_gp,kernel GP,1600,1600,891,1600,bootstrap_with_replacement_effective_N,20260607,352,priority1_learning_curve_by_N_from_available_3d_parameter_library+full_endpoint_anchor_depth_metrics,0.5760422270671279,0.6427689511987255,0.3729771966915063,0.8709879964961266,1.4359939490972713,0.969279688619634,0.5017682019326879
Figure 3,3D,MMP,soft MMP,vanilla_3d_diffusion,vanilla 3D diffusion,1600,4800,891,1600,bootstrap_with_replacement_effective_N,20260607,352,priority1_learning_curve_by_N_from_available_3d_parameter_library+full_endpoint_anchor_depth_metrics,0.5387324576547543,0.573383806366858,0.33269067137132247,0.9091119528619529,1.8014013277292553,0.5816361082754525,2.256208186594769
Figure 3,3D,PIEZO,sheet piezo,vanilla_3d_diffusion,vanilla 3D diffusion,1600,4800,891,1600,bootstrap_with_replacement_effective_N,20260607,352,priority1_learning_curve_by_N_from_available_3d_parameter_library+full_endpoint_anchor_depth_metrics,0.6436443503388203,0.9892658521495256,0.4672771243677635,0.8503418329637841,2.2456119045015983,0.965120411995412,3.7629108090744214
Figure 3,3D,US,ultrasound,vanilla_3d_diffusion,vanilla 3D diffusion,1600,4800,891,1600,bootstrap_with_replacement_effective_N,20260607,352,priority1_learning_curve_by_N_from_available_3d_parameter_library+full_endpoint_anchor_depth_metrics,0.49360917903301677,0.5296351510032655,0.3089445476935752,0.9241372053872056,1.8368993283532793,0.7653517551058536,3.3182869060128
Figure 3,3D,MMP,soft MMP,dps_inverse_diffusion,DPS inverse diffusion,1600,1600,891,1600,bootstrap_with_replacement_effective_N,20260607,352,priority1_learning_curve_by_N_from_available_3d_parameter_library+full_endpoint_anchor_depth_metrics,0.40276382814529127,0.47333444759468035,0.2636069365513518,0.8689197188689058,0.9535172397087176,0.9238788238788238,0.8169887238776915
Figure 3,3D,PIEZO,sheet piezo,dps_inverse_diffusion,DPS inverse diffusion,1600,1600,891,1600,bootstrap_with_replacement_effective_N,20260607,352,priority1_learning_curve_by_N_from_available_3d_parameter_library+full_endpoint_anchor_depth_metrics,0.41438549146024584,0.5798279413294425,0.32167142177833563,0.9054012345679011,2.168336806246111,0.9959051424269704,1.25159321877242
Figure 3,3D,US,ultrasound,dps_inverse_diffusion,DPS inverse diffusion,1600,1600,891,1600,bootstrap_with_replacement_effective_N,20260607,352,priority1_learning_curve_by_N_from_available_3d_parameter_library+full_endpoint_anchor_depth_metrics,0.46708249504928656,0.5442511446612257,0.3086909939411983,0.8142651104541349,1.0856716616072217,0.9635620779746464,0.48776163323099836
Figure 3,3D,MMP,soft MMP,eapp_only_diffusion,Eapp-only diffusion,1600,1600,891,1600,bootstrap_with_replacement_effective_N,20260607,352,priority1_learning_curve_by_N_from_available_3d_parameter_library+full_endpoint_anchor_depth_metrics,0.4941905210732125,0.5546665865736736,0.30882108464858177,0.9095819304152639,1.5843664768911212,0.4990942028985508,1.0281810404718854
Figure 3,3D,PIEZO,sheet piezo,eapp_only_diffusion,Eapp-only diffusion,1600,1600,891,1600,bootstrap_with_replacement_effective_N,20260607,352,priority1_learning_curve_by_N_from_available_3d_parameter_library+full_endpoint_anchor_depth_metrics,0.7500763853190638,1.141823461951883,0.5469201927748066,0.8645243081218691,2.2273301214556587,0.9413277046439732,2.3997061956053733
Figure 3,3D,US,ultrasound,eapp_only_diffusion,Eapp-only diffusion,1600,1600,891,1600,bootstrap_with_replacement_effective_N,20260607,352,priority1_learning_curve_by_N_from_available_3d_parameter_library+full_endpoint_anchor_depth_metrics,0.44684730265795686,0.5029331679902453,0.29718936971380777,0.9180415263748596,1.9248796713694118,0.7431768527732977,0.7598209315590574
Figure 3,3D,MMP,soft MMP,op_conditioned_diffusion_ours,operator-conditioned diffusion,1600,4800,891,1600,bootstrap_with_replacement_effective_N,20260607,352,priority1_learning_curve_by_N_from_available_3d_parameter_library+full_endpoint_anchor_depth_metrics,0.2168764232571623,0.27913212749374644,0.13709617800811072,0.922216918507569,0.8902369434705655,1.0,1.2169118401332346
Figure 3,3D,PIEZO,sheet piezo,op_conditioned_diffusion_ours,operator-conditioned diffusion,1600,4800,891,1600,bootstrap_with_replacement_effective_N,20260607,352,priority1_learning_curve_by_N_from_available_3d_parameter_library+full_endpoint_anchor_depth_metrics,0.6273246335663886,0.7280371291694907,0.340162597621244,0.8556412704278556,2.0548168185759565,0.8123646967720154,3.4628519678226852
Figure 3,3D,US,ultrasound,op_conditioned_diffusion_ours,operator-conditioned diffusion,1600,4800,891,1600,bootstrap_with_replacement_effective_N,20260607,352,priority1_learning_curve_by_N_from_available_3d_parameter_library+full_endpoint_anchor_depth_metrics,0.21194886377801328,0.265994894037143,0.1361973567557949,0.9375070145903479,0.9210167617139144,0.9945945945945946,1.0929948990254592
Figure 3,3D,MMP,soft MMP,SRCNN_3D_proxy,SRCNN 3D proxy,3000,3000,1135,1600,bootstrap_with_replacement_effective_N,20260607,352,priority1_learning_curve_by_N_from_available_3d_parameter_library+full_endpoint_anchor_depth_metrics,0.6358627413882106,0.6942132119142072,0.6055173293600663,0.04445624948673721,0.23414060887101046,0.8800557753234978,1.2409576307361263
Figure 3,3D,PIEZO,sheet piezo,SRCNN_3D_proxy,SRCNN 3D proxy,3000,3000,1135,1600,bootstrap_with_replacement_effective_N,20260607,352,priority1_learning_curve_by_N_from_available_3d_parameter_library+full_endpoint_anchor_depth_metrics,1.0217997870926607,1.287536479905378,1.008506420598956,0.6462752525252525,3.839358470263587,0.8212105102929353,2.6750875148024686
Figure 3,3D,US,ultrasound,SRCNN_3D_proxy,SRCNN 3D proxy,3000,3000,1135,1600,bootstrap_with_replacement_effective_N,20260607,352,priority1_learning_curve_by_N_from_available_3d_parameter_library+full_endpoint_anchor_depth_metrics,0.6915398019924508,0.7961948422704974,0.66045009034392,0.07738102570419625,0.29913190874600804,0.7986167935187544,0.7559782328357416
Figure 3,3D,MMP,soft MMP,direct_scalar_regression,direct scalar regression,3000,3000,1135,1600,bootstrap_with_replacement_effective_N,20260607,352,priority1_learning_curve_by_N_from_available_3d_parameter_library+full_endpoint_anchor_depth_metrics,1.3761927695070704,1.6750704057746868,0.961128459869982,0.7924031986531986,4.316233994749445,0.45522714720908386,1.2409576307361263
Figure 3,3D,PIEZO,sheet piezo,direct_scalar_regression,direct scalar regression,3000,3000,1135,1600,bootstrap_with_replacement_effective_N,20260607,352,priority1_learning_curve_by_N_from_available_3d_parameter_library+full_endpoint_anchor_depth_metrics,1.0932209503442332,1.2614596292236622,0.7758967866367187,0.7659231200897867,4.309351534173899,0.34370787886610876,2.6750875148024686
Figure 3,3D,US,ultrasound,direct_scalar_regression,direct scalar regression,3000,3000,1135,1600,bootstrap_with_replacement_effective_N,20260607,352,priority1_learning_curve_by_N_from_available_3d_parameter_library+full_endpoint_anchor_depth_metrics,1.3181075844331358,1.6126955226867448,0.9218887693655257,0.7881242985409652,4.140699616452682,0.4798810075735781,0.7559782328357416
Figure 3,3D,MMP,soft MMP,unet_3d,3D U-Net,3000,3000,1135,1600,bootstrap_with_replacement_effective_N,20260607,352,priority1_learning_curve_by_N_from_available_3d_parameter_library+full_endpoint_anchor_depth_metrics,0.6642257205186184,0.7001000406786713,0.6163323455534362,0.053925946456434226,0.2331583790986328,0.8800557753234978,0.918399843098427
Figure 3,3D,PIEZO,sheet piezo,unet_3d,3D U-Net,3000,3000,1135,1600,bootstrap_with_replacement_effective_N,20260607,352,priority1_learning_curve_by_N_from_available_3d_parameter_library+full_endpoint_anchor_depth_metrics,1.0169374144676662,1.2825255437162302,1.0027487767778736,0.6500631313131312,3.8676312658785545,0.8212105102929353,2.4254825049275928
Figure 3,3D,US,ultrasound,unet_3d,3D U-Net,3000,3000,1135,1600,bootstrap_with_replacement_effective_N,20260607,352,priority1_learning_curve_by_N_from_available_3d_parameter_library+full_endpoint_anchor_depth_metrics,0.7374904239489594,0.8194843037249704,0.6939014390260425,0.07075223782540851,0.3217427623172414,0.7986167935187544,0.5970084229914117
Figure 3,3D,MMP,soft MMP,kernel_gp,kernel GP,3000,3000,1135,1600,bootstrap_with_replacement_effective_N,20260607,352,priority1_learning_curve_by_N_from_available_3d_parameter_library+full_endpoint_anchor_depth_metrics,0.5092482533738459,0.5372029927300809,0.32219937376994884,0.8962968095590047,1.3324194973258225,0.9356028159306848,0.6131573643777233
Figure 3,3D,PIEZO,sheet piezo,kernel_gp,kernel GP,3000,3000,1135,1600,bootstrap_with_replacement_effective_N,20260607,352,priority1_learning_curve_by_N_from_available_3d_parameter_library+full_endpoint_anchor_depth_metrics,0.5943100613775417,0.8124108412261287,0.4432746991829128,0.9107884399551067,2.7725422121144034,0.9588478085047406,1.7129227010005657
Figure 3,3D,US,ultrasound,kernel_gp,kernel GP,3000,3000,1135,1600,bootstrap_with_replacement_effective_N,20260607,352,priority1_learning_curve_by_N_from_available_3d_parameter_library+full_endpoint_anchor_depth_metrics,0.5618427903891843,0.6288970517977415,0.36406174848162365,0.8766698146779447,1.4097580229712539,0.969279688619634,0.4866408842587483
Figure 3,3D,MMP,soft MMP,vanilla_3d_diffusion,vanilla 3D diffusion,3000,9000,1135,1600,bootstrap_with_replacement_effective_N,20260607,352,priority1_learning_curve_by_N_from_available_3d_parameter_library+full_endpoint_anchor_depth_metrics,0.5479273317357858,0.5796278279934098,0.33668418721714277,0.9091119528619529,1.810031475226984,0.5816361082754525,2.2947162621368333
Figure 3,3D,PIEZO,sheet piezo,vanilla_3d_diffusion,vanilla 3D diffusion,3000,9000,1135,1600,bootstrap_with_replacement_effective_N,20260607,352,priority1_learning_curve_by_N_from_available_3d_parameter_library+full_endpoint_anchor_depth_metrics,0.6336116829130563,0.9699308394627947,0.45769555769565207,0.878750923872875,2.2563701745551317,0.965120411995412,3.607992767278746
Figure 3,3D,US,ultrasound,vanilla_3d_diffusion,vanilla 3D diffusion,3000,9000,1135,1600,bootstrap_with_replacement_effective_N,20260607,352,priority1_learning_curve_by_N_from_available_3d_parameter_library+full_endpoint_anchor_depth_metrics,0.4940558393044156,0.5299456745784438,0.3090658593280626,0.9212962962962965,1.8456995395544948,0.7653517551058536,3.312195138714258
Figure 3,3D,MMP,soft MMP,dps_inverse_diffusion,DPS inverse diffusion,3000,3000,1135,1600,bootstrap_with_replacement_effective_N,20260607,352,priority1_learning_curve_by_N_from_available_3d_parameter_library+full_endpoint_anchor_depth_metrics,0.4151732570311653,0.46182705695987397,0.2662004473080227,0.8632379006870876,1.0266344270530254,0.9238788238788238,0.8469079468313435
Figure 3,3D,PIEZO,sheet piezo,dps_inverse_diffusion,DPS inverse diffusion,3000,3000,1135,1600,bootstrap_with_replacement_effective_N,20260607,352,priority1_learning_curve_by_N_from_available_3d_parameter_library+full_endpoint_anchor_depth_metrics,0.4142394436050456,0.5799262146724906,0.3214875799444035,0.9139239618406284,2.2195065282645574,0.9959051424269704,1.2406323250832645
Figure 3,3D,US,ultrasound,dps_inverse_diffusion,DPS inverse diffusion,3000,3000,1135,1600,bootstrap_with_replacement_effective_N,20260607,352,priority1_learning_curve_by_N_from_available_3d_parameter_library+full_endpoint_anchor_depth_metrics,0.4577535461782345,0.5214785842013848,0.3012352795992976,0.8142651104541349,1.0688255397542923,0.9635620779746464,0.478019663908871
Figure 3,3D,MMP,soft MMP,eapp_only_diffusion,Eapp-only diffusion,3000,3000,1135,1600,bootstrap_with_replacement_effective_N,20260607,352,priority1_learning_curve_by_N_from_available_3d_parameter_library+full_endpoint_anchor_depth_metrics,0.4964039373821063,0.5452851841061944,0.30756005609072384,0.9181046576879911,1.6952600554659858,0.4990942028985508,1.0241507966520444
Figure 3,3D,PIEZO,sheet piezo,eapp_only_diffusion,Eapp-only diffusion,3000,3000,1135,1600,bootstrap_with_replacement_effective_N,20260607,352,priority1_learning_curve_by_N_from_available_3d_parameter_library+full_endpoint_anchor_depth_metrics,0.7294341398388321,1.1186077176403635,0.5344753048696786,0.8730470353945964,2.2517251093925537,0.9413277046439732,2.352836133164509
Figure 3,3D,US,ultrasound,eapp_only_diffusion,Eapp-only diffusion,3000,3000,1135,1600,bootstrap_with_replacement_effective_N,20260607,352,priority1_learning_curve_by_N_from_available_3d_parameter_library+full_endpoint_anchor_depth_metrics,0.43550219997018164,0.476647162995847,0.28825679378542063,0.9294051627384959,1.8649532223476062,0.7431768527732977,0.7488222793334219
Figure 3,3D,MMP,soft MMP,op_conditioned_diffusion_ours,operator-conditioned diffusion,3000,9000,1135,1600,bootstrap_with_replacement_effective_N,20260607,352,priority1_learning_curve_by_N_from_available_3d_parameter_library+full_endpoint_anchor_depth_metrics,0.21212665035858919,0.2715477609840097,0.13523360238472565,0.9250578275984782,0.9090649387566314,1.0,1.1934756474037524
Figure 3,3D,PIEZO,sheet piezo,op_conditioned_diffusion_ours,operator-conditioned diffusion,3000,9000,1135,1600,bootstrap_with_replacement_effective_N,20260607,352,priority1_learning_curve_by_N_from_available_3d_parameter_library+full_endpoint_anchor_depth_metrics,0.6243121025701454,0.7273382345601378,0.3374782939572954,0.898254906791492,2.09827500311619,0.8123646967720154,3.3312975328485446
Figure 3,3D,US,ultrasound,op_conditioned_diffusion_ours,operator-conditioned diffusion,3000,9000,1135,1600,bootstrap_with_replacement_effective_N,20260607,352,priority1_learning_curve_by_N_from_available_3d_parameter_library+full_endpoint_anchor_depth_metrics,0.21181010823864788,0.26694718855543137,0.13712925401374212,0.9375070145903479,0.9404957323128363,0.9945945945945946,1.092279353331868
Figure 3,3D,MMP,soft MMP,SRCNN_3D_proxy,SRCNN 3D proxy,5000,5000,1221,1600,bootstrap_with_replacement_effective_N,20260607,352,priority1_learning_curve_by_N_from_available_3d_parameter_library+full_endpoint_anchor_depth_metrics,0.6419263813703031,0.6968770540344927,0.6073192128245885,0.033092613123100856,0.22765696332972277,0.8800557753234978,1.2669154236711901
Figure 3,3D,PIEZO,sheet piezo,SRCNN_3D_proxy,SRCNN 3D proxy,5000,5000,1221,1600,bootstrap_with_replacement_effective_N,20260607,352,priority1_learning_curve_by_N_from_available_3d_parameter_library+full_endpoint_anchor_depth_metrics,1.0237943344934683,1.2893448933284841,1.0106175269742619,0.6405934343434344,3.8141670901559053,0.8212105102929353,2.6656707709240615
Figure 3,3D,US,ultrasound,SRCNN_3D_proxy,SRCNN 3D proxy,5000,5000,1221,1600,bootstrap_with_replacement_effective_N,20260607,352,priority1_learning_curve_by_N_from_available_3d_parameter_library+full_endpoint_anchor_depth_metrics,0.6889542360029747,0.777730277683254,0.6524478889883384,0.07738102570419625,0.3032613613186177,0.7986167935187544,0.7531517409953983
Figure 3,3D,MMP,soft MMP,direct_scalar_regression,direct scalar regression,5000,5000,1221,1600,bootstrap_with_replacement_effective_N,20260607,352,priority1_learning_curve_by_N_from_available_3d_parameter_library+full_endpoint_anchor_depth_metrics,1.3893162582053253,1.6814980032688953,0.963988562124944,0.7810395622895623,4.196712091094413,0.45522714720908386,1.2669154236711901
Figure 3,3D,PIEZO,sheet piezo,direct_scalar_regression,direct scalar regression,5000,5000,1221,1600,bootstrap_with_replacement_effective_N,20260607,352,priority1_learning_curve_by_N_from_available_3d_parameter_library+full_endpoint_anchor_depth_metrics,1.0953549114514494,1.2632314163239098,0.7775209712917606,0.7602413019079686,4.281076364414212,0.34370787886610876,2.6656707709240615
Figure 3,3D,US,ultrasound,direct_scalar_regression,direct scalar regression,5000,5000,1221,1600,bootstrap_with_replacement_effective_N,20260607,352,priority1_learning_curve_by_N_from_available_3d_parameter_library+full_endpoint_anchor_depth_metrics,1.3131793733150459,1.5752954805647799,0.9107189025311209,0.7881242985409652,4.1978610966680305,0.4798810075735781,0.7531517409953983
Figure 3,3D,MMP,soft MMP,unet_3d,3D U-Net,5000,5000,1221,1600,bootstrap_with_replacement_effective_N,20260607,352,priority1_learning_curve_by_N_from_available_3d_parameter_library+full_endpoint_anchor_depth_metrics,0.64371683454387,0.6823142653709123,0.6015236008112336,0.04540321918370693,0.2283598594826782,0.8800557753234978,0.8865250238000434
Figure 3,3D,PIEZO,sheet piezo,unet_3d,3D U-Net,5000,5000,1221,1600,bootstrap_with_replacement_effective_N,20260607,352,priority1_learning_curve_by_N_from_available_3d_parameter_library+full_endpoint_anchor_depth_metrics,1.0133895447114551,1.2818231382885374,1.0026132513545691,0.6500631313131312,3.8422376747240943,0.8212105102929353,2.417020532832726
Figure 3,3D,US,ultrasound,unet_3d,3D U-Net,5000,5000,1221,1600,bootstrap_with_replacement_effective_N,20260607,352,priority1_learning_curve_by_N_from_available_3d_parameter_library+full_endpoint_anchor_depth_metrics,0.6909466778970978,0.7611772150671047,0.6456298953043732,0.08211587418904487,0.302009150934272,0.7986167935187544,0.5568082863551828
Figure 3,3D,MMP,soft MMP,kernel_gp,kernel GP,5000,5000,1221,1600,bootstrap_with_replacement_effective_N,20260607,352,priority1_learning_curve_by_N_from_available_3d_parameter_library+full_endpoint_anchor_depth_metrics,0.45889605462373234,0.48751267569682344,0.2917173105119744,0.9019786277408228,1.2417796113774324,0.9356028159306848,0.5500323682177167
Figure 3,3D,PIEZO,sheet piezo,kernel_gp,kernel GP,5000,5000,1221,1600,bootstrap_with_replacement_effective_N,20260607,352,priority1_learning_curve_by_N_from_available_3d_parameter_library+full_endpoint_anchor_depth_metrics,0.5923520331578043,0.8070403687136506,0.4407673254099377,0.9051066217732886,2.744843857224099,0.9588478085047406,1.6978519909919723
Figure 3,3D,US,ultrasound,kernel_gp,kernel GP,5000,5000,1221,1600,bootstrap_with_replacement_effective_N,20260607,352,priority1_learning_curve_by_N_from_available_3d_parameter_library+full_endpoint_anchor_depth_metrics,0.5440447479240589,0.6091520637430816,0.3531789247550332,0.8766698146779447,1.3504095167771004,0.969279688619634,0.47122508597591584
Figure 3,3D,MMP,soft MMP,vanilla_3d_diffusion,vanilla 3D diffusion,5000,15000,1221,1600,bootstrap_with_replacement_effective_N,20260607,352,priority1_learning_curve_by_N_from_available_3d_parameter_library+full_endpoint_anchor_depth_metrics,0.5421623823342815,0.5766623395866787,0.3340183751861519,0.9091119528619529,1.7962554572478695,0.5816361082754525,2.270572689849392
Figure 3,3D,PIEZO,sheet piezo,vanilla_3d_diffusion,vanilla 3D diffusion,5000,15000,1221,1600,bootstrap_with_replacement_effective_N,20260607,352,priority1_learning_curve_by_N_from_available_3d_parameter_library+full_endpoint_anchor_depth_metrics,0.6440594753391093,0.9909874891265836,0.4677573874048039,0.8560236511456023,2.239197105181677,0.965120411995412,3.7457673743912356
Figure 3,3D,US,ultrasound,vanilla_3d_diffusion,vanilla 3D diffusion,5000,15000,1221,1600,bootstrap_with_replacement_effective_N,20260607,352,priority1_learning_curve_by_N_from_available_3d_parameter_library+full_endpoint_anchor_depth_metrics,0.4944475037712501,0.5298887082504087,0.30930946747551347,0.9269781144781146,1.831652054530646,0.7653517551058536,3.3330241926047077
Figure 3,3D,MMP,soft MMP,dps_inverse_diffusion,DPS inverse diffusion,5000,5000,1221,1600,bootstrap_with_replacement_effective_N,20260607,352,priority1_learning_curve_by_N_from_available_3d_parameter_library+full_endpoint_anchor_depth_metrics,0.4017091001100619,0.44833742297548823,0.25963170650103523,0.8717606279598149,1.0001317135601124,0.9238788238788238,0.8125526105173253
Figure 3,3D,PIEZO,sheet piezo,dps_inverse_diffusion,DPS inverse diffusion,5000,5000,1221,1600,bootstrap_with_replacement_effective_N,20260607,352,priority1_learning_curve_by_N_from_available_3d_parameter_library+full_endpoint_anchor_depth_metrics,0.4143018682356104,0.578119853294279,0.3212307103765523,0.9252875982042648,2.23783053688285,0.9959051424269704,1.2422221328786818
Figure 3,3D,US,ultrasound,dps_inverse_diffusion,DPS inverse diffusion,5000,5000,1221,1600,bootstrap_with_replacement_effective_N,20260607,352,priority1_learning_curve_by_N_from_available_3d_parameter_library+full_endpoint_anchor_depth_metrics,0.44936495646609637,0.5022763255239054,0.29350187139654627,0.8227878377268621,1.0251543316522747,0.9635620779746464,0.46530302785625105
Figure 3,3D,MMP,soft MMP,eapp_only_diffusion,Eapp-only diffusion,5000,5000,1221,1600,bootstrap_with_replacement_effective_N,20260607,352,priority1_learning_curve_by_N_from_available_3d_parameter_library+full_endpoint_anchor_depth_metrics,0.48617224162814815,0.5284545681953168,0.3019354294178172,0.912422839506173,1.6867965597949695,0.4990942028985508,1.0086796078002875
Figure 3,3D,PIEZO,sheet piezo,eapp_only_diffusion,Eapp-only diffusion,5000,5000,1221,1600,bootstrap_with_replacement_effective_N,20260607,352,priority1_learning_curve_by_N_from_available_3d_parameter_library+full_endpoint_anchor_depth_metrics,0.725365339723534,1.1154033970092188,0.5328647895069102,0.8730470353945964,2.241693968522826,0.9413277046439732,2.3397119600458605
Figure 3,3D,US,ultrasound,eapp_only_diffusion,Eapp-only diffusion,5000,5000,1221,1600,bootstrap_with_replacement_effective_N,20260607,352,priority1_learning_curve_by_N_from_available_3d_parameter_library+full_endpoint_anchor_depth_metrics,0.4017492098788302,0.4468594286181991,0.2679727613461554,0.9180415263748596,1.7236163197409455,0.7431768527732977,0.6831359551406088
Figure 3,3D,MMP,soft MMP,op_conditioned_diffusion_ours,operator-conditioned diffusion,5000,15000,1221,1600,bootstrap_with_replacement_effective_N,20260607,352,priority1_learning_curve_by_N_from_available_3d_parameter_library+full_endpoint_anchor_depth_metrics,0.21226269491651803,0.275719948040281,0.136072399858197,0.91937600941666,0.9031118979920794,1.0,1.1878065783601353
Figure 3,3D,PIEZO,sheet piezo,op_conditioned_diffusion_ours,operator-conditioned diffusion,5000,15000,1221,1600,bootstrap_with_replacement_effective_N,20260607,352,priority1_learning_curve_by_N_from_available_3d_parameter_library+full_endpoint_anchor_depth_metrics,0.6223303203371051,0.7254361634303083,0.3369447759167127,0.9010958158824011,2.084534382291152,0.8123646967720154,3.3130854868979323
Figure 3,3D,US,ultrasound,op_conditioned_diffusion_ours,operator-conditioned diffusion,5000,15000,1221,1600,bootstrap_with_replacement_effective_N,20260607,352,priority1_learning_curve_by_N_from_available_3d_parameter_library+full_endpoint_anchor_depth_metrics,0.2151329409250791,0.26644693276705594,0.13710989398939166,0.940347923681257,0.9343368659935575,0.9945945945945946,1.1123482111502034
Figure 3,3D,MMP,soft MMP,SRCNN_3D_proxy,SRCNN 3D proxy,100,100,100,1600,without_replacement,20260608,352,priority1_learning_curve_by_N_from_available_3d_parameter_library+full_endpoint_anchor_depth_metrics,0.6413268466333011,0.6744474047162757,0.6070475330297418,0.061501704032191684,0.25535950750346803,0.8800557753234978,1.2530325191154024
Figure 3,3D,PIEZO,sheet piezo,SRCNN_3D_proxy,SRCNN 3D proxy,100,100,100,1600,without_replacement,20260608,352,priority1_learning_curve_by_N_from_available_3d_parameter_library+full_endpoint_anchor_depth_metrics,1.1976873191782473,1.567520651861354,1.206218481924867,0.5695707070707071,4.0181748134214,0.8212105102929353,3.123576362251068
Figure 3,3D,US,ultrasound,SRCNN_3D_proxy,SRCNN 3D proxy,100,100,100,1600,without_replacement,20260608,352,priority1_learning_curve_by_N_from_available_3d_parameter_library+full_endpoint_anchor_depth_metrics,1.2896875384966433,1.2377094390376346,1.1022716329773763,0.10579011661328719,0.48198828477359246,0.7986167935187544,1.4498921800100097
Figure 3,3D,MMP,soft MMP,direct_scalar_regression,direct scalar regression,100,100,100,1600,without_replacement,20260608,352,priority1_learning_curve_by_N_from_available_3d_parameter_library+full_endpoint_anchor_depth_metrics,1.3880186898522415,1.6273773942974072,0.9635573289130479,0.8094486531986531,4.707390966836295,0.45522714720908386,1.2530325191154024
Figure 3,3D,PIEZO,sheet piezo,direct_scalar_regression,direct scalar regression,100,100,100,1600,without_replacement,20260608,352,priority1_learning_curve_by_N_from_available_3d_parameter_library+full_endpoint_anchor_depth_metrics,1.2814025661648965,1.5357732003389721,0.9280070260251687,0.6892185746352413,4.510057586680006,0.34370787886610876,3.123576362251068
Figure 3,3D,US,ultrasound,direct_scalar_regression,direct scalar regression,100,100,100,1600,without_replacement,20260608,352,priority1_learning_curve_by_N_from_available_3d_parameter_library+full_endpoint_anchor_depth_metrics,2.45820547297997,2.5069849297579134,1.5386050423626783,0.8165333894500562,6.671868321447785,0.4798810075735781,1.4498921800100097
Figure 3,3D,MMP,soft MMP,unet_3d,3D U-Net,100,100,100,1600,without_replacement,20260608,352,priority1_learning_curve_by_N_from_available_3d_parameter_library+full_endpoint_anchor_depth_metrics,0.7329035541030983,0.7324731542227465,0.6687928758819487,0.022675946456434226,0.2502358687951074,0.8800557753234978,1.032240541367811
Figure 3,3D,PIEZO,sheet piezo,unet_3d,3D U-Net,100,100,100,1600,without_replacement,20260608,352,priority1_learning_curve_by_N_from_available_3d_parameter_library+full_endpoint_anchor_depth_metrics,1.2689320374982962,1.9393420539109836,1.315783088598788,0.5563131313131312,3.8248517683560808,0.8212105102929353,3.064528526786901
Figure 3,3D,US,ultrasound,unet_3d,3D U-Net,100,100,100,1600,without_replacement,20260608,352,priority1_learning_curve_by_N_from_available_3d_parameter_library+full_endpoint_anchor_depth_metrics,1.4172254926768382,1.5495667809262044,1.3287380471725874,0.06507041964359028,0.6080449033069878,0.7986167935187544,1.1537302062552193
Figure 3,3D,MMP,soft MMP,kernel_gp,kernel GP,100,100,100,1600,without_replacement,20260608,352,priority1_learning_curve_by_N_from_available_3d_parameter_library+full_endpoint_anchor_depth_metrics,0.7258649923875562,0.7423044637021876,0.4530509243318714,0.8650468095590047,1.7112172116519926,0.9356028159306848,0.9011461946611355
Figure 3,3D,PIEZO,sheet piezo,kernel_gp,kernel GP,100,100,100,1600,without_replacement,20260608,352,priority1_learning_curve_by_N_from_available_3d_parameter_library+full_endpoint_anchor_depth_metrics,0.7935946958044522,1.2333970726937327,0.6135213936566858,0.791470258136925,2.8281617075815273,0.9588478085047406,2.423706140594773
Figure 3,3D,US,ultrasound,kernel_gp,kernel GP,100,100,100,1600,without_replacement,20260608,352,priority1_learning_curve_by_N_from_available_3d_parameter_library+full_endpoint_anchor_depth_metrics,0.9385708892909566,1.0516170438388546,0.6125714743534155,0.8397379964961266,2.3421625763204386,0.969279688619634,0.8428998663082504
Figure 3,3D,MMP,soft MMP,vanilla_3d_diffusion,vanilla 3D diffusion,100,300,100,1600,without_replacement,20260608,352,priority1_learning_curve_by_N_from_available_3d_parameter_library+full_endpoint_anchor_depth_metrics,0.5730766641439383,0.6098401638053595,0.3529207027360912,0.9119528619528621,1.815080445481673,0.5816361082754525,2.406337526613005
Figure 3,3D,PIEZO,sheet piezo,vanilla_3d_diffusion,vanilla 3D diffusion,100,300,100,1600,without_replacement,20260608,352,priority1_learning_curve_by_N_from_available_3d_parameter_library+full_endpoint_anchor_depth_metrics,0.5839124091044829,0.9198008778242809,0.4219312529142367,1.0,2.2626641788588233,0.965120411995412,3.310794610160109
Figure 3,3D,US,ultrasound,vanilla_3d_diffusion,vanilla 3D diffusion,100,300,100,1600,without_replacement,20260608,352,priority1_learning_curve_by_N_from_available_3d_parameter_library+full_endpoint_anchor_depth_metrics,0.5367030667029784,0.5735322227681504,0.33799859464756765,0.8644781144781146,1.8508480036568307,0.7653517551058536,3.5546363128994267
Figure 3,3D,MMP,soft MMP,dps_inverse_diffusion,DPS inverse diffusion,100,100,100,1600,without_replacement,20260608,352,priority1_learning_curve_by_N_from_available_3d_parameter_library+full_endpoint_anchor_depth_metrics,0.48869727826677406,0.4995560806014869,0.306089974638998,0.8405106279598149,1.1513510273976681,0.9238788238788238,1.019240661788006
Figure 3,3D,PIEZO,sheet piezo,dps_inverse_diffusion,DPS inverse diffusion,100,100,100,1600,without_replacement,20260608,352,priority1_learning_curve_by_N_from_available_3d_parameter_library+full_endpoint_anchor_depth_metrics,0.4872431747243901,0.6331854176091757,0.356908935133095,0.840060325476992,2.0033599765180736,0.9959051424269704,1.5665149322257277
Figure 3,3D,US,ultrasound,dps_inverse_diffusion,DPS inverse diffusion,100,100,100,1600,without_replacement,20260608,352,priority1_learning_curve_by_N_from_available_3d_parameter_library+full_endpoint_anchor_depth_metrics,0.8186103979504318,0.8757600040915103,0.5227504583242897,0.7943787468177712,1.798758758122445,0.9635620779746464,0.8716710775720435
Figure 3,3D,MMP,soft MMP,eapp_only_diffusion,Eapp-only diffusion,100,100,100,1600,without_replacement,20260608,352,priority1_learning_curve_by_N_from_available_3d_parameter_library+full_endpoint_anchor_depth_metrics,0.4992292787278711,0.51929906088732,0.30488277246368567,0.9493546576879911,1.8769185135300328,0.4990942028985508,1.0398222871249276
Figure 3,3D,PIEZO,sheet piezo,eapp_only_diffusion,Eapp-only diffusion,100,100,100,1600,without_replacement,20260608,352,priority1_learning_curve_by_N_from_available_3d_parameter_library+full_endpoint_anchor_depth_metrics,0.829131473995985,1.3140099659519104,0.6116192624833591,0.8105470353945964,2.267452488458238,0.9413277046439732,2.5988759414175795
Figure 3,3D,US,ultrasound,eapp_only_diffusion,Eapp-only diffusion,100,100,100,1600,without_replacement,20260608,352,priority1_learning_curve_by_N_from_available_3d_parameter_library+full_endpoint_anchor_depth_metrics,0.8272901195286847,0.8145236568187072,0.5176379786983939,0.963496071829405,3.4425331110126396,0.7431768527732977,1.4697387174598995
Figure 3,3D,MMP,soft MMP,op_conditioned_diffusion_ours,operator-conditioned diffusion,100,300,100,1600,without_replacement,20260608,352,priority1_learning_curve_by_N_from_available_3d_parameter_library+full_endpoint_anchor_depth_metrics,0.22176357076956513,0.3018241338454174,0.14068875848053525,0.9307396457802963,0.9012327360425889,1.0,1.2544177798182725
Figure 3,3D,PIEZO,sheet piezo,op_conditioned_diffusion_ours,operator-conditioned diffusion,100,300,100,1600,without_replacement,20260608,352,priority1_learning_curve_by_N_from_available_3d_parameter_library+full_endpoint_anchor_depth_metrics,0.6537756485430698,0.8443313048922898,0.3669972394517911,0.8925730886096738,2.0801969599824486,0.8123646967720154,3.5045600315009318
Figure 3,3D,US,ultrasound,op_conditioned_diffusion_ours,operator-conditioned diffusion,100,300,100,1600,without_replacement,20260608,352,priority1_learning_curve_by_N_from_available_3d_parameter_library+full_endpoint_anchor_depth_metrics,0.28577031946897846,0.3340596776157031,0.16579498418137234,0.9375070145903479,0.9323927322815723,0.9945945945945946,1.4736833022120253
Figure 3,3D,MMP,soft MMP,SRCNN_3D_proxy,SRCNN 3D proxy,250,250,250,1600,without_replacement,20260608,352,priority1_learning_curve_by_N_from_available_3d_parameter_library+full_endpoint_anchor_depth_metrics,0.6375370828590317,0.6716342310644114,0.6001741864346171,0.01888806766855533,0.2266704710023772,0.8800557753234978,1.2757868174113949
Figure 3,3D,PIEZO,sheet piezo,SRCNN_3D_proxy,SRCNN 3D proxy,250,250,250,1600,without_replacement,20260608,352,priority1_learning_curve_by_N_from_available_3d_parameter_library+full_endpoint_anchor_depth_metrics,1.084149334931012,1.3621198860873873,1.0696956213704223,0.6263888888888889,4.043546029106812,0.8212105102929353,2.7840644341239416
Figure 3,3D,US,ultrasound,SRCNN_3D_proxy,SRCNN 3D proxy,250,250,250,1600,without_replacement,20260608,352,priority1_learning_curve_by_N_from_available_3d_parameter_library+full_endpoint_anchor_depth_metrics,1.0323745472523929,1.072589351907156,0.9298940979616843,0.08306284388601448,0.4205405577312011,0.7986167935187544,1.1349810318168823
Figure 3,3D,MMP,soft MMP,direct_scalar_regression,direct scalar regression,250,250,250,1600,without_replacement,20260608,352,priority1_learning_curve_by_N_from_available_3d_parameter_library+full_endpoint_anchor_depth_metrics,1.3798165336873698,1.6205894740307367,0.9526473702598307,0.7668350168350168,4.178526729147249,0.45522714720908386,1.2757868174113949
Figure 3,3D,PIEZO,sheet piezo,direct_scalar_regression,direct scalar regression,250,250,250,1600,without_replacement,20260608,352,priority1_learning_curve_by_N_from_available_3d_parameter_library+full_endpoint_anchor_depth_metrics,1.1599285703715552,1.3345324759949704,0.8229728421637158,0.746036756453423,4.5385346064958405,0.34370787886610876,2.7840644341239416
Figure 3,3D,US,ultrasound,direct_scalar_regression,direct scalar regression,250,250,250,1600,without_replacement,20260608,352,priority1_learning_curve_by_N_from_available_3d_parameter_library+full_endpoint_anchor_depth_metrics,1.9677547362978232,2.172533598144665,1.2979919878029804,0.7938061167227835,5.8212851093025355,0.4798810075735781,1.1349810318168823
Figure 3,3D,MMP,soft MMP,unet_3d,3D U-Net,250,250,250,1600,without_replacement,20260608,352,priority1_learning_curve_by_N_from_available_3d_parameter_library+full_endpoint_anchor_depth_metrics,0.7168196573113407,0.7107218145946559,0.6484483469864758,0.008471401001888812,0.22422355959975776,0.8800557753234978,1.0235785187354127
Figure 3,3D,PIEZO,sheet piezo,unet_3d,3D U-Net,250,250,250,1600,without_replacement,20260608,352,priority1_learning_curve_by_N_from_available_3d_parameter_library+full_endpoint_anchor_depth_metrics,1.0774081544326035,1.3694787359245757,1.0717368378742487,0.6017676767676767,3.86477877741298,0.8212105102929353,2.4897139340270926
Figure 3,3D,US,ultrasound,unet_3d,3D U-Net,250,250,250,1600,without_replacement,20260608,352,priority1_learning_curve_by_N_from_available_3d_parameter_library+full_endpoint_anchor_depth_metrics,1.218089266130774,1.3604841325582606,1.1528612353473338,0.05654769237086299,0.5086139327264432,0.7986167935187544,0.9999556462753004
Figure 3,3D,MMP,soft MMP,kernel_gp,kernel GP,250,250,250,1600,without_replacement,20260608,352,priority1_learning_curve_by_N_from_available_3d_parameter_library+full_endpoint_anchor_depth_metrics,0.6775040425016642,0.6982538040635844,0.4227397513845171,0.8593649913771865,1.5393076611106853,0.9356028159306848,0.8457184203586859
Figure 3,3D,PIEZO,sheet piezo,kernel_gp,kernel GP,250,250,250,1600,without_replacement,20260608,352,priority1_learning_curve_by_N_from_available_3d_parameter_library+full_endpoint_anchor_depth_metrics,0.6844966608639012,0.9156131186125464,0.503640432799533,0.885220258136925,2.936492103831529,0.9588478085047406,1.923836965058115
Figure 3,3D,US,ultrasound,kernel_gp,kernel GP,250,250,250,1600,without_replacement,20260608,352,priority1_learning_curve_by_N_from_available_3d_parameter_library+full_endpoint_anchor_depth_metrics,0.8047570376241867,0.9073992175131502,0.5252137160921474,0.8624652692233993,2.001367182714134,0.969279688619634,0.7069200887820378
Figure 3,3D,MMP,soft MMP,vanilla_3d_diffusion,vanilla 3D diffusion,250,750,250,1600,without_replacement,20260608,352,priority1_learning_curve_by_N_from_available_3d_parameter_library+full_endpoint_anchor_depth_metrics,0.5422589718913632,0.5679024971489631,0.3316962931243913,0.9204755892255893,1.7954633816773014,0.5816361082754525,2.294806977629481
Figure 3,3D,PIEZO,sheet piezo,vanilla_3d_diffusion,vanilla 3D diffusion,250,750,250,1600,without_replacement,20260608,352,priority1_learning_curve_by_N_from_available_3d_parameter_library+full_endpoint_anchor_depth_metrics,0.5985730279394745,0.9363005696006381,0.4340261529025708,0.9242054693274205,2.238209710366789,0.965120411995412,3.2629654656816967
Figure 3,3D,US,ultrasound,vanilla_3d_diffusion,vanilla 3D diffusion,250,750,250,1600,without_replacement,20260608,352,priority1_learning_curve_by_N_from_available_3d_parameter_library+full_endpoint_anchor_depth_metrics,0.5221753353353782,0.5544488298232024,0.32650793198385547,0.8985690235690238,1.8308443705008937,0.7653517551058536,3.4238143415972564
Figure 3,3D,MMP,soft MMP,dps_inverse_diffusion,DPS inverse diffusion,250,250,250,1600,without_replacement,20260608,352,priority1_learning_curve_by_N_from_available_3d_parameter_library+full_endpoint_anchor_depth_metrics,0.45477777250786283,0.4722456567784521,0.2860565489941181,0.814942446141633,1.011896064872227,0.9238788238788238,0.9718976195903338
Figure 3,3D,PIEZO,sheet piezo,dps_inverse_diffusion,DPS inverse diffusion,250,250,250,1600,without_replacement,20260608,352,priority1_learning_curve_by_N_from_available_3d_parameter_library+full_endpoint_anchor_depth_metrics,0.45638459274708965,0.6146613792863587,0.3448130037819166,0.8855148709315375,2.1575028285588185,0.9959051424269704,1.4054891054249865
Figure 3,3D,US,ultrasound,dps_inverse_diffusion,DPS inverse diffusion,250,250,250,1600,without_replacement,20260608,352,priority1_learning_curve_by_N_from_available_3d_parameter_library+full_endpoint_anchor_depth_metrics,0.602140127151833,0.6630503956200231,0.39151158355940063,0.8256287468177712,1.439897026689512,0.9635620779746464,0.6224364578820191
Figure 3,3D,MMP,soft MMP,eapp_only_diffusion,Eapp-only diffusion,250,250,250,1600,without_replacement,20260608,352,priority1_learning_curve_by_N_from_available_3d_parameter_library+full_endpoint_anchor_depth_metrics,0.4885430377166879,0.5100147283892025,0.2990900453141423,0.8982182940516275,1.6352555367211157,0.4990942028985508,1.027762701575963
Figure 3,3D,PIEZO,sheet piezo,eapp_only_diffusion,Eapp-only diffusion,250,250,250,1600,without_replacement,20260608,352,priority1_learning_curve_by_N_from_available_3d_parameter_library+full_endpoint_anchor_depth_metrics,0.7790811445689497,1.1969667773796815,0.5704475566232664,0.8503197626673237,2.2836721353057645,0.9413277046439732,2.458375466771445
Figure 3,3D,US,ultrasound,eapp_only_diffusion,Eapp-only diffusion,250,250,250,1600,without_replacement,20260608,352,priority1_learning_curve_by_N_from_available_3d_parameter_library+full_endpoint_anchor_depth_metrics,0.6538194868212442,0.6779546606091872,0.4218720257569126,0.9464506172839505,2.8593836711331795,0.7431768527732977,1.1428814804286793
Figure 3,3D,MMP,soft MMP,op_conditioned_diffusion_ours,operator-conditioned diffusion,250,750,250,1600,without_replacement,20260608,352,priority1_learning_curve_by_N_from_available_3d_parameter_library+full_endpoint_anchor_depth_metrics,0.20502405096640047,0.2516350749235199,0.12932881379312916,0.9563078275984782,0.9184262111330969,1.0,1.187697529263285
Figure 3,3D,PIEZO,sheet piezo,op_conditioned_diffusion_ours,operator-conditioned diffusion,250,750,250,1600,without_replacement,20260608,352,priority1_learning_curve_by_N_from_available_3d_parameter_library+full_endpoint_anchor_depth_metrics,0.6091594988507134,0.7305301605903717,0.3333734278817982,0.9153003613369465,2.119882396589934,0.8123646967720154,3.2055896791463727
Figure 3,3D,US,ultrasound,op_conditioned_diffusion_ours,operator-conditioned diffusion,250,750,250,1600,without_replacement,20260608,352,priority1_learning_curve_by_N_from_available_3d_parameter_library+full_endpoint_anchor_depth_metrics,0.2695836288992967,0.3144810292116432,0.15848056189571258,0.9460297418630751,0.9501806693769868,0.9945945945945946,1.4012380599035774
Figure 3,3D,MMP,soft MMP,SRCNN_3D_proxy,SRCNN 3D proxy,500,500,500,1600,without_replacement,20260608,352,priority1_learning_curve_by_N_from_available_3d_parameter_library+full_endpoint_anchor_depth_metrics,0.635238254438924,0.6617404668417451,0.5951258500031494,0.05581988585037356,0.24511017455661346,0.8800557753234978,1.2341481690600673
Figure 3,3D,PIEZO,sheet piezo,SRCNN_3D_proxy,SRCNN 3D proxy,500,500,500,1600,without_replacement,20260608,352,priority1_learning_curve_by_N_from_available_3d_parameter_library+full_endpoint_anchor_depth_metrics,1.0369982751917821,1.2930222018804243,1.0180551050202324,0.6434343434343435,3.924506976244039,0.8212105102929353,2.7074637431446207
Figure 3,3D,US,ultrasound,SRCNN_3D_proxy,SRCNN 3D proxy,500,500,500,1600,without_replacement,20260608,352,priority1_learning_curve_by_N_from_available_3d_parameter_library+full_endpoint_anchor_depth_metrics,0.817410430423779,0.8964311459536637,0.7568241352114178,0.0972673893405599,0.3567731571300718,0.7986167935187544,0.9113375420083356
Figure 3,3D,MMP,soft MMP,direct_scalar_regression,direct scalar regression,500,500,500,1600,without_replacement,20260608,352,priority1_learning_curve_by_N_from_available_3d_parameter_library+full_endpoint_anchor_depth_metrics,1.3748411972756425,1.5967167626408116,0.944634222519848,0.803766835016835,4.518450998233537,0.45522714720908386,1.2341481690600673
Figure 3,3D,PIEZO,sheet piezo,direct_scalar_regression,direct scalar regression,500,500,500,1600,without_replacement,20260608,352,priority1_learning_curve_by_N_from_available_3d_parameter_library+full_endpoint_anchor_depth_metrics,1.1094817734657496,1.2668342472765617,0.7832430894541824,0.7630822109988776,4.40492345008679,0.34370787886610876,2.7074637431446207
Figure 3,3D,US,ultrasound,direct_scalar_regression,direct scalar regression,500,500,500,1600,without_replacement,20260608,352,priority1_learning_curve_by_N_from_available_3d_parameter_library+full_endpoint_anchor_depth_metrics,1.5580229580886786,1.8157245170715042,1.0564124085029056,0.8080106621773289,4.938592078264254,0.4798810075735781,0.9113375420083356
Figure 3,3D,MMP,soft MMP,unet_3d,3D U-Net,500,500,500,1600,without_replacement,20260608,352,priority1_learning_curve_by_N_from_available_3d_parameter_library+full_endpoint_anchor_depth_metrics,0.6701182460468268,0.6695348942500408,0.6108854094291006,0.053925946456434226,0.25373413836347625,0.8800557753234978,0.9265472158263827
Figure 3,3D,PIEZO,sheet piezo,unet_3d,3D U-Net,500,500,500,1600,without_replacement,20260608,352,priority1_learning_curve_by_N_from_available_3d_parameter_library+full_endpoint_anchor_depth_metrics,1.0515571589280281,1.321574217415549,1.0348882843564544,0.6443813131313131,3.9749307138683307,0.8212105102929353,2.4943558238806443
Figure 3,3D,US,ultrasound,unet_3d,3D U-Net,500,500,500,1600,without_replacement,20260608,352,priority1_learning_curve_by_N_from_available_3d_parameter_library+full_endpoint_anchor_depth_metrics,0.9696950665813011,1.0871854328149975,0.9221130712656723,0.06222951055268122,0.427181655079397,0.7986167935187544,0.7916185894710447
Figure 3,3D,MMP,soft MMP,kernel_gp,kernel GP,500,500,500,1600,without_replacement,20260608,352,priority1_learning_curve_by_N_from_available_3d_parameter_library+full_endpoint_anchor_depth_metrics,0.5924408358559913,0.6150227431787861,0.3737075024272493,0.904819536831732,1.640109302548344,0.9356028159306848,0.7121151953134699
Figure 3,3D,PIEZO,sheet piezo,kernel_gp,kernel GP,500,500,500,1600,without_replacement,20260608,352,priority1_learning_curve_by_N_from_available_3d_parameter_library+full_endpoint_anchor_depth_metrics,0.6721237298242159,0.8908186011737566,0.49144744261113965,0.919311167227834,2.9227412754251505,0.9588478085047406,1.9532428083147524
Figure 3,3D,US,ultrasound,kernel_gp,kernel GP,500,500,500,1600,without_replacement,20260608,352,priority1_learning_curve_by_N_from_available_3d_parameter_library+full_endpoint_anchor_depth_metrics,0.6709870416534048,0.7514026804928964,0.4371538724366374,0.8482607237688538,1.6611609601077963,0.969279688619634,0.5976495752504816
Figure 3,3D,MMP,soft MMP,vanilla_3d_diffusion,vanilla 3D diffusion,500,1500,500,1600,without_replacement,20260608,352,priority1_learning_curve_by_N_from_available_3d_parameter_library+full_endpoint_anchor_depth_metrics,0.5184101292077268,0.5492421876758049,0.32293276912054625,0.9204755892255893,1.827452903590676,0.5816361082754525,2.1938801263725853
Figure 3,3D,PIEZO,sheet piezo,vanilla_3d_diffusion,vanilla 3D diffusion,500,1500,500,1600,without_replacement,20260608,352,priority1_learning_curve_by_N_from_available_3d_parameter_library+full_endpoint_anchor_depth_metrics,0.6128207878280941,0.9400408604898866,0.439588165532226,0.8986372875092387,2.278087582178142,0.965120411995412,3.424428582761998
Figure 3,3D,US,ultrasound,vanilla_3d_diffusion,vanilla 3D diffusion,500,1500,500,1600,without_replacement,20260608,352,priority1_learning_curve_by_N_from_available_3d_parameter_library+full_endpoint_anchor_depth_metrics,0.5010345971819538,0.5330165917811727,0.3117444135554733,0.9468644781144783,1.8634642705822886,0.7653517551058536,3.44198749349678
Figure 3,3D,MMP,soft MMP,dps_inverse_diffusion,DPS inverse diffusion,500,500,500,1600,without_replacement,20260608,352,priority1_learning_curve_by_N_from_available_3d_parameter_library+full_endpoint_anchor_depth_metrics,0.41113346549573343,0.4354447974105921,0.26372551608792644,0.8802833552325422,1.1407717226267389,0.9238788238788238,0.8302053258682892
Figure 3,3D,PIEZO,sheet piezo,dps_inverse_diffusion,DPS inverse diffusion,500,500,500,1600,without_replacement,20260608,352,priority1_learning_curve_by_N_from_available_3d_parameter_library+full_endpoint_anchor_depth_metrics,0.45641089684072356,0.6112788094370959,0.34324169485229034,0.9196057800224465,2.264828555716935,0.9959051424269704,1.3607525932348448
Figure 3,3D,US,ultrasound,dps_inverse_diffusion,DPS inverse diffusion,500,500,500,1600,without_replacement,20260608,352,priority1_learning_curve_by_N_from_available_3d_parameter_library+full_endpoint_anchor_depth_metrics,0.482659734981778,0.5455576368929982,0.3195693474117071,0.8341514740904985,1.2537059147845568,0.9635620779746464,0.503178560351837
Figure 3,3D,MMP,soft MMP,eapp_only_diffusion,Eapp-only diffusion,500,500,500,1600,without_replacement,20260608,352,priority1_learning_curve_by_N_from_available_3d_parameter_library+full_endpoint_anchor_depth_metrics,0.47393353125781107,0.4897189354397363,0.2900143957053126,0.9408319304152639,1.8370464415627643,0.4990942028985508,0.9788904633528244
Figure 3,3D,PIEZO,sheet piezo,eapp_only_diffusion,Eapp-only diffusion,500,500,500,1600,without_replacement,20260608,352,priority1_learning_curve_by_N_from_available_3d_parameter_library+full_endpoint_anchor_depth_metrics,0.7622805280008599,1.1645984146129902,0.5580583071396376,0.8645243081218691,2.292946014396625,0.9413277046439732,2.4387506947774145
Figure 3,3D,US,ultrasound,eapp_only_diffusion,Eapp-only diffusion,500,500,500,1600,without_replacement,20260608,352,priority1_learning_curve_by_N_from_available_3d_parameter_library+full_endpoint_anchor_depth_metrics,0.5119830029557336,0.552677973532705,0.33688335109687717,0.9492915263748596,2.3634093700808556,0.7431768527732977,0.8973874464297691
Figure 3,3D,MMP,soft MMP,op_conditioned_diffusion_ours,operator-conditioned diffusion,500,1500,500,1600,without_replacement,20260608,352,priority1_learning_curve_by_N_from_available_3d_parameter_library+full_endpoint_anchor_depth_metrics,0.19684249618234836,0.24394063114951348,0.12638655983314198,0.953466918507569,0.9213997882104624,1.0,1.1373185318183712
Figure 3,3D,PIEZO,sheet piezo,op_conditioned_diffusion_ours,operator-conditioned diffusion,500,1500,500,1600,without_replacement,20260608,352,priority1_learning_curve_by_N_from_available_3d_parameter_library+full_endpoint_anchor_depth_metrics,0.6117414993188856,0.72257791140082,0.3320421762792338,0.9209821795187647,2.126745913358944,0.8123646967720154,3.2041621630968873
Figure 3,3D,US,ultrasound,op_conditioned_diffusion_ours,operator-conditioned diffusion,500,1500,500,1600,without_replacement,20260608,352,priority1_learning_curve_by_N_from_available_3d_parameter_library+full_endpoint_anchor_depth_metrics,0.22151491805105675,0.26651617647770987,0.13900872926955166,0.9545524691358024,0.9532570574673587,0.9945945945945946,1.1604484632994116
Figure 3,3D,MMP,soft MMP,SRCNN_3D_proxy,SRCNN 3D proxy,1000,1000,1000,1600,without_replacement,20260608,352,priority1_learning_curve_by_N_from_available_3d_parameter_library+full_endpoint_anchor_depth_metrics,0.6271575613644668,0.6468081802066745,0.5821498408401341,0.061501704032191684,0.23743662701683962,0.8800557753234978,1.2253483900201112
Figure 3,3D,PIEZO,sheet piezo,SRCNN_3D_proxy,SRCNN 3D proxy,1000,1000,1000,1600,without_replacement,20260608,352,priority1_learning_curve_by_N_from_available_3d_parameter_library+full_endpoint_anchor_depth_metrics,1.023171256922813,1.2814014761146981,1.008709894238505,0.6377525252525252,3.840600078832458,0.8212105102929353,2.6567336579122762
Figure 3,3D,US,ultrasound,SRCNN_3D_proxy,SRCNN 3D proxy,1000,1000,1000,1600,without_replacement,20260608,352,priority1_learning_curve_by_N_from_available_3d_parameter_library+full_endpoint_anchor_depth_metrics,0.7413194236036472,0.8122465058333164,0.690765598691762,0.09158557115874177,0.3351313614506679,0.7986167935187544,0.8219011490498284
Figure 3,3D,MMP,soft MMP,direct_scalar_regression,direct scalar regression,1000,1000,1000,1600,without_replacement,20260608,352,priority1_learning_curve_by_N_from_available_3d_parameter_library+full_endpoint_anchor_depth_metrics,1.3573522163087826,1.5606865762316788,0.924037600264151,0.8094486531986531,4.376994004031629,0.45522714720908386,1.2253483900201112
Figure 3,3D,PIEZO,sheet piezo,direct_scalar_regression,direct scalar regression,1000,1000,1000,1600,without_replacement,20260608,352,priority1_learning_curve_by_N_from_available_3d_parameter_library+full_endpoint_anchor_depth_metrics,1.094688282369574,1.2554488794485215,0.776053329559864,0.7574003928170594,4.310745133607907,0.34370787886610876,2.6567336579122762
Figure 3,3D,US,ultrasound,direct_scalar_regression,direct scalar regression,1000,1000,1000,1600,without_replacement,20260608,352,priority1_learning_curve_by_N_from_available_3d_parameter_library+full_endpoint_anchor_depth_metrics,1.4129898986641913,1.6452082250870919,0.9642046492360683,0.8023288439955107,4.639017969153934,0.4798810075735781,0.8219011490498284
Figure 3,3D,MMP,soft MMP,unet_3d,3D U-Net,1000,1000,1000,1600,without_replacement,20260608,352,priority1_learning_curve_by_N_from_available_3d_parameter_library+full_endpoint_anchor_depth_metrics,0.6476037734108309,0.6490038879170783,0.5929414897575481,0.05676685554734329,0.2430350277346537,0.8800557753234978,0.897945303128408
Figure 3,3D,PIEZO,sheet piezo,unet_3d,3D U-Net,1000,1000,1000,1600,without_replacement,20260608,352,priority1_learning_curve_by_N_from_available_3d_parameter_library+full_endpoint_anchor_depth_metrics,1.0450131861194243,1.314051223815219,1.0290871718051897,0.6301767676767676,3.859738070543474,0.8212105102929353,2.444801925825165
Figure 3,3D,US,ultrasound,unet_3d,3D U-Net,1000,1000,1000,1600,without_replacement,20260608,352,priority1_learning_curve_by_N_from_available_3d_parameter_library+full_endpoint_anchor_depth_metrics,0.8374448848287965,0.9369380552832764,0.7911226932703487,0.09347951055268122,0.3803349952250635,0.7986167935187544,0.6825086284820202
Figure 3,3D,MMP,soft MMP,kernel_gp,kernel GP,1000,1000,1000,1600,without_replacement,20260608,352,priority1_learning_curve_by_N_from_available_3d_parameter_library+full_endpoint_anchor_depth_metrics,0.5527162406688905,0.5669940312059963,0.3456338808542994,0.9218649913771865,1.4984716001433713,0.9356028159306848,0.6756520921050763
Figure 3,3D,PIEZO,sheet piezo,kernel_gp,kernel GP,1000,1000,1000,1600,without_replacement,20260608,352,priority1_learning_curve_by_N_from_available_3d_parameter_library+full_endpoint_anchor_depth_metrics,0.6475744113491245,0.8716331825784787,0.47933071969066604,0.8994248035914704,2.8054052132056384,0.9588478085047406,1.8458291374260067
Figure 3,3D,US,ultrasound,kernel_gp,kernel GP,1000,1000,1000,1600,without_replacement,20260608,352,priority1_learning_curve_by_N_from_available_3d_parameter_library+full_endpoint_anchor_depth_metrics,0.5936671160862107,0.6624089080342177,0.38383398471401736,0.8766698146779447,1.524661615752979,0.969279688619634,0.5142055665205097
Figure 3,3D,MMP,soft MMP,vanilla_3d_diffusion,vanilla 3D diffusion,1000,3000,1000,1600,without_replacement,20260608,352,priority1_learning_curve_by_N_from_available_3d_parameter_library+full_endpoint_anchor_depth_metrics,0.5384239520342073,0.5704058444277027,0.3326495698360871,0.9233164983164984,1.8048533440667922,0.5816361082754525,2.2844927169060956
Figure 3,3D,PIEZO,sheet piezo,vanilla_3d_diffusion,vanilla 3D diffusion,1000,3000,1000,1600,without_replacement,20260608,352,priority1_learning_curve_by_N_from_available_3d_parameter_library+full_endpoint_anchor_depth_metrics,0.6001793407050636,0.9160421517294282,0.4288567496610714,0.9213645602365114,2.2499151593414726,0.965120411995412,3.280840374029915
Figure 3,3D,US,ultrasound,vanilla_3d_diffusion,vanilla 3D diffusion,1000,3000,1000,1600,without_replacement,20260608,352,priority1_learning_curve_by_N_from_available_3d_parameter_library+full_endpoint_anchor_depth_metrics,0.5028105567996529,0.5363425661500121,0.31422823808148054,0.9298190235690238,1.840419369331532,0.7653517551058536,3.3986543423640763
Figure 3,3D,MMP,soft MMP,dps_inverse_diffusion,DPS inverse diffusion,1000,1000,1000,1600,without_replacement,20260608,352,priority1_learning_curve_by_N_from_available_3d_parameter_library+full_endpoint_anchor_depth_metrics,0.4031133016358211,0.41981537450975737,0.25491783841204735,0.877442446141633,1.0829793535509111,0.9238788238788238,0.8117054683678914
Figure 3,3D,PIEZO,sheet piezo,dps_inverse_diffusion,DPS inverse diffusion,1000,1000,1000,1600,without_replacement,20260608,352,priority1_learning_curve_by_N_from_available_3d_parameter_library+full_endpoint_anchor_depth_metrics,0.44261606939457676,0.6091143553558155,0.340639392168847,0.8940375982042648,2.1716647485864806,0.9959051424269704,1.3518469338792027
Figure 3,3D,US,ultrasound,dps_inverse_diffusion,DPS inverse diffusion,1000,1000,1000,1600,without_replacement,20260608,352,priority1_learning_curve_by_N_from_available_3d_parameter_library+full_endpoint_anchor_depth_metrics,0.4311991794777761,0.49718483973254385,0.28923768188885873,0.8540378377268621,1.1608302154296788,0.9635620779746464,0.4583893013249169
Figure 3,3D,MMP,soft MMP,eapp_only_diffusion,Eapp-only diffusion,1000,1000,1000,1600,without_replacement,20260608,352,priority1_learning_curve_by_N_from_available_3d_parameter_library+full_endpoint_anchor_depth_metrics,0.47251552630573385,0.4849355936689333,0.2876527641252243,0.9294682940516275,1.7839563206533828,0.4990942028985508,0.9650019278131641
Figure 3,3D,PIEZO,sheet piezo,eapp_only_diffusion,Eapp-only diffusion,1000,1000,1000,1600,without_replacement,20260608,352,priority1_learning_curve_by_N_from_available_3d_parameter_library+full_endpoint_anchor_depth_metrics,0.7490776533366911,1.146768288175399,0.5492491269442586,0.8588424899400509,2.223519182602588,0.9413277046439732,2.3833865944088117
Figure 3,3D,US,ultrasound,eapp_only_diffusion,Eapp-only diffusion,1000,1000,1000,1600,without_replacement,20260608,352,priority1_learning_curve_by_N_from_available_3d_parameter_library+full_endpoint_anchor_depth_metrics,0.4742334972789508,0.5064618985848968,0.3091354323858194,0.932246071829405,2.0904452342505127,0.7431768527732977,0.8176761592100887
Figure 3,3D,MMP,soft MMP,op_conditioned_diffusion_ours,operator-conditioned diffusion,1000,3000,1000,1600,without_replacement,20260608,352,priority1_learning_curve_by_N_from_available_3d_parameter_library+full_endpoint_anchor_depth_metrics,0.19272034993118428,0.23929748743204965,0.12406293281943227,0.953466918507569,0.9069735608637746,1.0,1.1135015542183129
Figure 3,3D,PIEZO,sheet piezo,op_conditioned_diffusion_ours,operator-conditioned diffusion,1000,3000,1000,1600,without_replacement,20260608,352,priority1_learning_curve_by_N_from_available_3d_parameter_library+full_endpoint_anchor_depth_metrics,0.6057806940371392,0.7184649086031591,0.32989239822333793,0.9209821795187647,2.0934477506641778,0.8123646967720154,3.1729408273421202
Figure 3,3D,US,ultrasound,op_conditioned_diffusion_ours,operator-conditioned diffusion,1000,3000,1000,1600,without_replacement,20260608,352,priority1_learning_curve_by_N_from_available_3d_parameter_library+full_endpoint_anchor_depth_metrics,0.22033649575177486,0.26770274960640306,0.13866129215450496,0.9517115600448933,0.9383320453208206,0.9945945945945946,1.1512707117505077
Figure 3,3D,MMP,soft MMP,SRCNN_3D_proxy,SRCNN 3D proxy,1600,1600,903,1600,bootstrap_with_replacement_effective_N,20260608,352,priority1_learning_curve_by_N_from_available_3d_parameter_library+full_endpoint_anchor_depth_metrics,0.6257449479804243,0.6511901122956959,0.5825555919950399,0.04729715857764627,0.23087943982799253,0.8800557753234978,1.2177696474738644
Figure 3,3D,PIEZO,sheet piezo,SRCNN_3D_proxy,SRCNN 3D proxy,1600,1600,903,1600,bootstrap_with_replacement_effective_N,20260608,352,priority1_learning_curve_by_N_from_available_3d_parameter_library+full_endpoint_anchor_depth_metrics,1.0299429730057283,1.2784486112816544,1.0096894505072982,0.6377525252525252,3.8825110241018628,0.8212105102929353,2.6743168786268745
Figure 3,3D,US,ultrasound,SRCNN_3D_proxy,SRCNN 3D proxy,1600,1600,903,1600,bootstrap_with_replacement_effective_N,20260608,352,priority1_learning_curve_by_N_from_available_3d_parameter_library+full_endpoint_anchor_depth_metrics,0.7091246678928085,0.7814118865746781,0.6614622662756391,0.08306284388601448,0.3061067632192689,0.7986167935187544,0.7796037294737926
Figure 3,3D,MMP,soft MMP,direct_scalar_regression,direct scalar regression,1600,1600,903,1600,bootstrap_with_replacement_effective_N,20260608,352,priority1_learning_curve_by_N_from_available_3d_parameter_library+full_endpoint_anchor_depth_metrics,1.354294908184416,1.571259761294226,0.924681642909499,0.7952441077441077,4.256116406630192,0.45522714720908386,1.2177696474738644
Figure 3,3D,PIEZO,sheet piezo,direct_scalar_regression,direct scalar regression,1600,1600,903,1600,bootstrap_with_replacement_effective_N,20260608,352,priority1_learning_curve_by_N_from_available_3d_parameter_library+full_endpoint_anchor_depth_metrics,1.1019333238983942,1.2525558198454938,0.7768069534791197,0.7574003928170594,4.357786585374974,0.34370787886610876,2.6743168786268745
Figure 3,3D,US,ultrasound,direct_scalar_regression,direct scalar regression,1600,1600,903,1600,bootstrap_with_replacement_effective_N,20260608,352,priority1_learning_curve_by_N_from_available_3d_parameter_library+full_endpoint_anchor_depth_metrics,1.351625170908591,1.5827525926437178,0.923301614390027,0.7938061167227835,4.2372482506766795,0.4798810075735781,0.7796037294737926
Figure 3,3D,MMP,soft MMP,unet_3d,3D U-Net,1600,1600,903,1600,bootstrap_with_replacement_effective_N,20260608,352,priority1_learning_curve_by_N_from_available_3d_parameter_library+full_endpoint_anchor_depth_metrics,0.6357093804763304,0.6518393522248866,0.5851513452271668,0.048244128274615994,0.22738591344518708,0.8800557753234978,0.8740082396751913
Figure 3,3D,PIEZO,sheet piezo,unet_3d,3D U-Net,1600,1600,903,1600,bootstrap_with_replacement_effective_N,20260608,352,priority1_learning_curve_by_N_from_available_3d_parameter_library+full_endpoint_anchor_depth_metrics,1.0394269078343448,1.3092354616906061,1.025167981074606,0.6301767676767676,3.854010590089773,0.8212105102929353,2.431732862112894
Figure 3,3D,US,ultrasound,unet_3d,3D U-Net,1600,1600,903,1600,bootstrap_with_replacement_effective_N,20260608,352,priority1_learning_curve_by_N_from_available_3d_parameter_library+full_endpoint_anchor_depth_metrics,0.788013228135889,0.8799144247668549,0.7412960558874768,0.09063860146177216,0.3419866778334538,0.7986167935187544,0.6404244217941739
Figure 3,3D,MMP,soft MMP,kernel_gp,kernel GP,1600,1600,903,1600,bootstrap_with_replacement_effective_N,20260608,352,priority1_learning_curve_by_N_from_available_3d_parameter_library+full_endpoint_anchor_depth_metrics,0.5349328407848419,0.5560160618645358,0.33534828614613477,0.904819536831732,1.3721408024280723,0.9356028159306848,0.6429904580171162
Figure 3,3D,PIEZO,sheet piezo,kernel_gp,kernel GP,1600,1600,903,1600,bootstrap_with_replacement_effective_N,20260608,352,priority1_learning_curve_by_N_from_available_3d_parameter_library+full_endpoint_anchor_depth_metrics,0.6423923258843107,0.8610428072880796,0.47349553519949666,0.9051066217732886,2.794376838299012,0.9588478085047406,1.8412819209655327
Figure 3,3D,US,ultrasound,kernel_gp,kernel GP,1600,1600,903,1600,bootstrap_with_replacement_effective_N,20260608,352,priority1_learning_curve_by_N_from_available_3d_parameter_library+full_endpoint_anchor_depth_metrics,0.5753552514567006,0.6434295673124039,0.372245142765367,0.8766698146779447,1.4477833156035071,0.969279688619634,0.4983447204828513
Figure 3,3D,MMP,soft MMP,vanilla_3d_diffusion,vanilla 3D diffusion,1600,4800,903,1600,bootstrap_with_replacement_effective_N,20260608,352,priority1_learning_curve_by_N_from_available_3d_parameter_library+full_endpoint_anchor_depth_metrics,0.549226337432385,0.5807336808383113,0.33767952383945543,0.9147937710437711,1.8146667685315137,0.5816361082754525,2.3122244673128867
Figure 3,3D,PIEZO,sheet piezo,vanilla_3d_diffusion,vanilla 3D diffusion,1600,4800,903,1600,bootstrap_with_replacement_effective_N,20260608,352,priority1_learning_curve_by_N_from_available_3d_parameter_library+full_endpoint_anchor_depth_metrics,0.5952864268372293,0.9113194967957073,0.4257895300354373,0.9355691056910569,2.262148492615233,0.965120411995412,3.2088727194429745
Figure 3,3D,US,ultrasound,vanilla_3d_diffusion,vanilla 3D diffusion,1600,4800,903,1600,bootstrap_with_replacement_effective_N,20260608,352,priority1_learning_curve_by_N_from_available_3d_parameter_library+full_endpoint_anchor_depth_metrics,0.5036199529072947,0.5372425289228583,0.3147093554814454,0.9298190235690238,1.8504261748837494,0.7653517551058536,3.404125304655397
Figure 3,3D,MMP,soft MMP,dps_inverse_diffusion,DPS inverse diffusion,1600,1600,903,1600,bootstrap_with_replacement_effective_N,20260608,352,priority1_learning_curve_by_N_from_available_3d_parameter_library+full_endpoint_anchor_depth_metrics,0.39109748580281944,0.42101075953457945,0.25016686947994604,0.8632379006870876,0.9996280260654244,0.9238788238788238,0.7977960119124503
Figure 3,3D,PIEZO,sheet piezo,dps_inverse_diffusion,DPS inverse diffusion,1600,1600,903,1600,bootstrap_with_replacement_effective_N,20260608,352,priority1_learning_curve_by_N_from_available_3d_parameter_library+full_endpoint_anchor_depth_metrics,0.4460038727017737,0.6105747976018182,0.341627391960921,0.9054012345679011,2.1871374946614894,0.9959051424269704,1.347092101735251
Figure 3,3D,US,ultrasound,dps_inverse_diffusion,DPS inverse diffusion,1600,1600,903,1600,bootstrap_with_replacement_effective_N,20260608,352,priority1_learning_curve_by_N_from_available_3d_parameter_library+full_endpoint_anchor_depth_metrics,0.42887271949833417,0.49783056032991385,0.2869762559754524,0.8455151104541349,1.0843309809251047,0.9635620779746464,0.4521399175289885
Figure 3,3D,MMP,soft MMP,eapp_only_diffusion,Eapp-only diffusion,1600,1600,903,1600,bootstrap_with_replacement_effective_N,20260608,352,priority1_learning_curve_by_N_from_available_3d_parameter_library+full_endpoint_anchor_depth_metrics,0.4698655556929484,0.4965854631262075,0.28821131974227315,0.9095819304152639,1.6564657673107406,0.4990942028985508,0.9775720806727206
Figure 3,3D,PIEZO,sheet piezo,eapp_only_diffusion,Eapp-only diffusion,1600,1600,903,1600,bootstrap_with_replacement_effective_N,20260608,352,priority1_learning_curve_by_N_from_available_3d_parameter_library+full_endpoint_anchor_depth_metrics,0.7456579354691757,1.1429570479619158,0.5473395329632339,0.8560015808491418,2.2277174543956377,0.9413277046439732,2.3659736372324365
Figure 3,3D,US,ultrasound,eapp_only_diffusion,Eapp-only diffusion,1600,1600,903,1600,bootstrap_with_replacement_effective_N,20260608,352,priority1_learning_curve_by_N_from_available_3d_parameter_library+full_endpoint_anchor_depth_metrics,0.4500760505754025,0.4813336845501271,0.2918257886991108,0.9237233445566777,1.9173282103180729,0.7431768527732977,0.7695961639580884
Figure 3,3D,MMP,soft MMP,op_conditioned_diffusion_ours,operator-conditioned diffusion,1600,4800,903,1600,bootstrap_with_replacement_effective_N,20260608,352,priority1_learning_curve_by_N_from_available_3d_parameter_library+full_endpoint_anchor_depth_metrics,0.19707066599090522,0.24685033594167474,0.12629961697541664,0.9477851003257509,0.9015017161814746,1.0,1.1326628931999687
Figure 3,3D,PIEZO,sheet piezo,op_conditioned_diffusion_ours,operator-conditioned diffusion,1600,4800,903,1600,bootstrap_with_replacement_effective_N,20260608,352,priority1_learning_curve_by_N_from_available_3d_parameter_library+full_endpoint_anchor_depth_metrics,0.6026166930382314,0.7159918737380313,0.3286968698854464,0.9067776340642193,2.0808178114504754,0.8123646967720154,3.1933456513844907
Figure 3,3D,US,ultrasound,op_conditioned_diffusion_ours,operator-conditioned diffusion,1600,4800,903,1600,bootstrap_with_replacement_effective_N,20260608,352,priority1_learning_curve_by_N_from_available_3d_parameter_library+full_endpoint_anchor_depth_metrics,0.2250425238251665,0.27494526485122167,0.1408889769086852,0.9488706509539843,0.9326710123712707,0.9945945945945946,1.1727914477509183
Figure 3,3D,MMP,soft MMP,SRCNN_3D_proxy,SRCNN 3D proxy,3000,3000,1130,1600,bootstrap_with_replacement_effective_N,20260608,352,priority1_learning_curve_by_N_from_available_3d_parameter_library+full_endpoint_anchor_depth_metrics,0.6296256524189229,0.643353070746323,0.5802340386054544,0.061501704032191684,0.2382480673445696,0.8800557753234978,1.2301705775951461
Figure 3,3D,PIEZO,sheet piezo,SRCNN_3D_proxy,SRCNN 3D proxy,3000,3000,1130,1600,bootstrap_with_replacement_effective_N,20260608,352,priority1_learning_curve_by_N_from_available_3d_parameter_library+full_endpoint_anchor_depth_metrics,1.0165320293030706,1.309339333677973,1.0138199128595191,0.6263888888888889,3.7882739914210024,0.8212105102929353,2.610425130326352
Figure 3,3D,US,ultrasound,SRCNN_3D_proxy,SRCNN 3D proxy,3000,3000,1130,1600,bootstrap_with_replacement_effective_N,20260608,352,priority1_learning_curve_by_N_from_available_3d_parameter_library+full_endpoint_anchor_depth_metrics,0.722202007793894,0.781100071114692,0.6678493489394293,0.09158557115874177,0.3055066833845106,0.7986167935187544,0.8007056622993012
Figure 3,3D,MMP,soft MMP,direct_scalar_regression,direct scalar regression,3000,3000,1130,1600,bootstrap_with_replacement_effective_N,20260608,352,priority1_learning_curve_by_N_from_available_3d_parameter_library+full_endpoint_anchor_depth_metrics,1.3626938865192626,1.5523497259579875,0.9209966764755961,0.8094486531986531,4.3919523931130735,0.45522714720908386,1.2301705775951461
Figure 3,3D,PIEZO,sheet piezo,direct_scalar_regression,direct scalar regression,3000,3000,1130,1600,bootstrap_with_replacement_effective_N,20260608,352,priority1_learning_curve_by_N_from_available_3d_parameter_library+full_endpoint_anchor_depth_metrics,1.0875849899049532,1.282820903459571,0.7799847344044101,0.746036756453423,4.252013575507682,0.34370787886610876,2.610425130326352
Figure 3,3D,US,ultrasound,direct_scalar_regression,direct scalar regression,3000,3000,1130,1600,bootstrap_with_replacement_effective_N,20260608,352,priority1_learning_curve_by_N_from_available_3d_parameter_library+full_endpoint_anchor_depth_metrics,1.3765511995452175,1.582121009305662,0.932217018994925,0.8023288439955107,4.228941713430149,0.4798810075735781,0.8007056622993012
Figure 3,3D,MMP,soft MMP,unet_3d,3D U-Net,3000,3000,1130,1600,bootstrap_with_replacement_effective_N,20260608,352,priority1_learning_curve_by_N_from_available_3d_parameter_library+full_endpoint_anchor_depth_metrics,0.6302518678041624,0.6382217645900583,0.5806361965470453,0.053925946456434226,0.22897551177300543,0.8800557753234978,0.8714254787542645
Figure 3,3D,PIEZO,sheet piezo,unet_3d,3D U-Net,3000,3000,1130,1600,bootstrap_with_replacement_effective_N,20260608,352,priority1_learning_curve_by_N_from_available_3d_parameter_library+full_endpoint_anchor_depth_metrics,1.0299659364613438,1.3013739344014719,1.0190582399802646,0.6244949494949494,3.7942332152960243,0.8212105102929353,2.3961825023598093
Figure 3,3D,US,ultrasound,unet_3d,3D U-Net,3000,3000,1130,1600,bootstrap_with_replacement_effective_N,20260608,352,priority1_learning_curve_by_N_from_available_3d_parameter_library+full_endpoint_anchor_depth_metrics,0.7233829775113136,0.8290136875433923,0.6841098101673588,0.07075223782540851,0.3074246090625165,0.7986167935187544,0.5855882552486539
Figure 3,3D,MMP,soft MMP,kernel_gp,kernel GP,3000,3000,1130,1600,bootstrap_with_replacement_effective_N,20260608,352,priority1_learning_curve_by_N_from_available_3d_parameter_library+full_endpoint_anchor_depth_metrics,0.49487642056325565,0.5131987869463986,0.3104371855401599,0.9019786277408228,1.300288576808969,0.9356028159306848,0.5931584001102398
Figure 3,3D,PIEZO,sheet piezo,kernel_gp,kernel GP,3000,3000,1130,1600,bootstrap_with_replacement_effective_N,20260608,352,priority1_learning_curve_by_N_from_available_3d_parameter_library+full_endpoint_anchor_depth_metrics,0.6264678734707998,0.8421459873344233,0.4638887950418687,0.8994248035914704,2.6733809256819057,0.9588478085047406,1.7856676147913613
Figure 3,3D,US,ultrasound,kernel_gp,kernel GP,3000,3000,1130,1600,bootstrap_with_replacement_effective_N,20260608,352,priority1_learning_curve_by_N_from_available_3d_parameter_library+full_endpoint_anchor_depth_metrics,0.5518486791687235,0.6362493205317142,0.3636139317730137,0.8823516328597629,1.3822508047443458,0.969279688619634,0.47852640396715324
Figure 3,3D,MMP,soft MMP,vanilla_3d_diffusion,vanilla 3D diffusion,3000,9000,1130,1600,bootstrap_with_replacement_effective_N,20260608,352,priority1_learning_curve_by_N_from_available_3d_parameter_library+full_endpoint_anchor_depth_metrics,0.5517900858062187,0.5843632593942509,0.3397263016773162,0.9119528619528621,1.8229611165754909,0.5816361082754525,2.316955607103582
Figure 3,3D,PIEZO,sheet piezo,vanilla_3d_diffusion,vanilla 3D diffusion,3000,9000,1130,1600,bootstrap_with_replacement_effective_N,20260608,352,priority1_learning_curve_by_N_from_available_3d_parameter_library+full_endpoint_anchor_depth_metrics,0.5961490744898938,0.9098236131713696,0.425185699803305,0.9440918329637841,2.272488157864127,0.965120411995412,3.189973867518682
Figure 3,3D,US,ultrasound,vanilla_3d_diffusion,vanilla 3D diffusion,3000,9000,1130,1600,bootstrap_with_replacement_effective_N,20260608,352,priority1_learning_curve_by_N_from_available_3d_parameter_library+full_endpoint_anchor_depth_metrics,0.5003072974507916,0.5344174493118319,0.3124718289411405,0.9241372053872056,1.8588839694443404,0.7653517551058536,3.3633149962200504
Figure 3,3D,MMP,soft MMP,dps_inverse_diffusion,DPS inverse diffusion,3000,3000,1130,1600,bootstrap_with_replacement_effective_N,20260608,352,priority1_learning_curve_by_N_from_available_3d_parameter_library+full_endpoint_anchor_depth_metrics,0.3921632046018206,0.4104301737569886,0.2484056774147919,0.8802833552325422,1.0204113288455723,0.9238788238788238,0.7918985156740682
Figure 3,3D,PIEZO,sheet piezo,dps_inverse_diffusion,DPS inverse diffusion,3000,3000,1130,1600,bootstrap_with_replacement_effective_N,20260608,352,priority1_learning_curve_by_N_from_available_3d_parameter_library+full_endpoint_anchor_depth_metrics,0.4446410020360118,0.6074334385683305,0.33991053021769607,0.8911966891133557,2.134066624614719,0.9959051424269704,1.3617954694940695
Figure 3,3D,US,ultrasound,dps_inverse_diffusion,DPS inverse diffusion,3000,3000,1130,1600,bootstrap_with_replacement_effective_N,20260608,352,priority1_learning_curve_by_N_from_available_3d_parameter_library+full_endpoint_anchor_depth_metrics,0.4211740487545674,0.48443191094206434,0.2820501857902228,0.8426742013632258,1.0638631208064053,0.9635620779746464,0.4427874327651394
Figure 3,3D,MMP,soft MMP,eapp_only_diffusion,Eapp-only diffusion,3000,3000,1130,1600,bootstrap_with_replacement_effective_N,20260608,352,priority1_learning_curve_by_N_from_available_3d_parameter_library+full_endpoint_anchor_depth_metrics,0.4719963997109811,0.48326872799225445,0.2865226076102964,0.9266273849607184,1.7194570480668585,0.4990942028985508,0.9655838831922211
Figure 3,3D,PIEZO,sheet piezo,eapp_only_diffusion,Eapp-only diffusion,3000,3000,1130,1600,bootstrap_with_replacement_effective_N,20260608,352,priority1_learning_curve_by_N_from_available_3d_parameter_library+full_endpoint_anchor_depth_metrics,0.7452554563941561,1.1365972883578415,0.5446663414700846,0.8560015808491418,2.20318578099595,0.9413277046439732,2.3646965705833236
Figure 3,3D,US,ultrasound,eapp_only_diffusion,Eapp-only diffusion,3000,3000,1130,1600,bootstrap_with_replacement_effective_N,20260608,352,priority1_learning_curve_by_N_from_available_3d_parameter_library+full_endpoint_anchor_depth_metrics,0.42425521944720657,0.4601151410926324,0.27310042090096287,0.9350869809203141,1.7827653609322087,0.7431768527732977,0.7335229329652762
Figure 3,3D,MMP,soft MMP,op_conditioned_diffusion_ours,operator-conditioned diffusion,3000,9000,1130,1600,bootstrap_with_replacement_effective_N,20260608,352,priority1_learning_curve_by_N_from_available_3d_parameter_library+full_endpoint_anchor_depth_metrics,0.19262711854457423,0.24203592486619246,0.12481767781824958,0.95062600941666,0.9028049950775697,1.0,1.1100432511824612
Figure 3,3D,PIEZO,sheet piezo,op_conditioned_diffusion_ours,operator-conditioned diffusion,3000,9000,1130,1600,bootstrap_with_replacement_effective_N,20260608,352,priority1_learning_curve_by_N_from_available_3d_parameter_library+full_endpoint_anchor_depth_metrics,0.6011608139484945,0.7138981369348383,0.3273902267852843,0.929504906791492,2.083825998669208,0.8123646967720154,3.1266102688743618
Figure 3,3D,US,ultrasound,op_conditioned_diffusion_ours,operator-conditioned diffusion,3000,9000,1130,1600,bootstrap_with_replacement_effective_N,20260608,352,priority1_learning_curve_by_N_from_available_3d_parameter_library+full_endpoint_anchor_depth_metrics,0.22750487869726826,0.2811430997072806,0.14287421736342565,0.9460297418630751,0.9340193519535533,0.9945945945945946,1.182521713747843
Figure 3,3D,MMP,soft MMP,SRCNN_3D_proxy,SRCNN 3D proxy,5000,5000,1224,1600,bootstrap_with_replacement_effective_N,20260608,352,priority1_learning_curve_by_N_from_available_3d_parameter_library+full_endpoint_anchor_depth_metrics,0.6245946335003796,0.6451203133577473,0.5781945789632944,0.04729715857764627,0.22649673299981032,0.8800557753234978,1.2155310068530023
Figure 3,3D,PIEZO,sheet piezo,SRCNN_3D_proxy,SRCNN 3D proxy,5000,5000,1224,1600,bootstrap_with_replacement_effective_N,20260608,352,priority1_learning_curve_by_N_from_available_3d_parameter_library+full_endpoint_anchor_depth_metrics,1.0134736576670462,1.3064988485480464,1.0120513024762752,0.6263888888888889,3.760299527319406,0.8212105102929353,2.602571319579209
Figure 3,3D,US,ultrasound,SRCNN_3D_proxy,SRCNN 3D proxy,5000,5000,1224,1600,bootstrap_with_replacement_effective_N,20260608,352,priority1_learning_curve_by_N_from_available_3d_parameter_library+full_endpoint_anchor_depth_metrics,0.6951602594806625,0.7535844003904447,0.6431428083479444,0.09442648024965083,0.30344372253446167,0.7986167935187544,0.772882148123747
Figure 3,3D,MMP,soft MMP,direct_scalar_regression,direct scalar regression,5000,5000,1224,1600,bootstrap_with_replacement_effective_N,20260608,352,priority1_learning_curve_by_N_from_available_3d_parameter_library+full_endpoint_anchor_depth_metrics,1.3518052915312357,1.55661391417483,0.9177594731623437,0.7952441077441077,4.175323978985819,0.45522714720908386,1.2155310068530023
Figure 3,3D,PIEZO,sheet piezo,direct_scalar_regression,direct scalar regression,5000,5000,1224,1600,bootstrap_with_replacement_effective_N,20260608,352,priority1_learning_curve_by_N_from_available_3d_parameter_library+full_endpoint_anchor_depth_metrics,1.084312845998999,1.2800379475008585,0.7786240498463917,0.746036756453423,4.220614631979069,0.34370787886610876,2.602571319579209
Figure 3,3D,US,ultrasound,direct_scalar_regression,direct scalar regression,5000,5000,1224,1600,bootstrap_with_replacement_effective_N,20260608,352,priority1_learning_curve_by_N_from_available_3d_parameter_library+full_endpoint_anchor_depth_metrics,1.325008347716146,1.5263879190809444,0.8977304126121433,0.8051697530864198,4.200385411174185,0.4798810075735781,0.772882148123747
Figure 3,3D,MMP,soft MMP,unet_3d,3D U-Net,5000,5000,1224,1600,bootstrap_with_replacement_effective_N,20260608,352,priority1_learning_curve_by_N_from_available_3d_parameter_library+full_endpoint_anchor_depth_metrics,0.6297681712910127,0.630565647109926,0.5750981931723277,0.051085037365525165,0.2300046606832681,0.8800557753234978,0.868298314087285
Figure 3,3D,PIEZO,sheet piezo,unet_3d,3D U-Net,5000,5000,1224,1600,bootstrap_with_replacement_effective_N,20260608,352,priority1_learning_curve_by_N_from_available_3d_parameter_library+full_endpoint_anchor_depth_metrics,1.0265703426351669,1.2985715815381922,1.0171069892029836,0.6188131313131312,3.7427811704101135,0.8212105102929353,2.3749105190245525
Figure 3,3D,US,ultrasound,unet_3d,3D U-Net,5000,5000,1224,1600,bootstrap_with_replacement_effective_N,20260608,352,priority1_learning_curve_by_N_from_available_3d_parameter_library+full_endpoint_anchor_depth_metrics,0.7069014410167059,0.7911394737087885,0.6640538597155812,0.0792749650981357,0.303697732274636,0.7986167935187544,0.568052767994997
Figure 3,3D,MMP,soft MMP,kernel_gp,kernel GP,5000,5000,1224,1600,bootstrap_with_replacement_effective_N,20260608,352,priority1_learning_curve_by_N_from_available_3d_parameter_library+full_endpoint_anchor_depth_metrics,0.4821085247117204,0.4916419922118703,0.2988508094187925,0.9133422641044593,1.2597529704327817,0.9356028159306848,0.5844176155585797
Figure 3,3D,PIEZO,sheet piezo,kernel_gp,kernel GP,5000,5000,1224,1600,bootstrap_with_replacement_effective_N,20260608,352,priority1_learning_curve_by_N_from_available_3d_parameter_library+full_endpoint_anchor_depth_metrics,0.6125511665822692,0.8254941093701669,0.453602757909088,0.8994248035914704,2.649445368362071,0.9588478085047406,1.7459997980560613
Figure 3,3D,US,ultrasound,kernel_gp,kernel GP,5000,5000,1224,1600,bootstrap_with_replacement_effective_N,20260608,352,priority1_learning_curve_by_N_from_available_3d_parameter_library+full_endpoint_anchor_depth_metrics,0.541765021454735,0.6168809903617202,0.3551765395541961,0.8823516328597629,1.3683766610995365,0.969279688619634,0.46978252788869795
Figure 3,3D,MMP,soft MMP,vanilla_3d_diffusion,vanilla 3D diffusion,5000,15000,1224,1600,bootstrap_with_replacement_effective_N,20260608,352,priority1_learning_curve_by_N_from_available_3d_parameter_library+full_endpoint_anchor_depth_metrics,0.5502742385138215,0.5849056705877188,0.33933671669777715,0.9119528619528621,1.8030513090661273,0.5816361082754525,2.3105905944402956
Figure 3,3D,PIEZO,sheet piezo,vanilla_3d_diffusion,vanilla 3D diffusion,5000,15000,1224,1600,bootstrap_with_replacement_effective_N,20260608,352,priority1_learning_curve_by_N_from_available_3d_parameter_library+full_endpoint_anchor_depth_metrics,0.5930438970141038,0.9057831720082872,0.4235062558517924,0.938410014781966,2.2476687575055627,0.965120411995412,3.1877743304333475
Figure 3,3D,US,ultrasound,vanilla_3d_diffusion,vanilla 3D diffusion,5000,15000,1224,1600,bootstrap_with_replacement_effective_N,20260608,352,priority1_learning_curve_by_N_from_available_3d_parameter_library+full_endpoint_anchor_depth_metrics,0.5018804321266126,0.536980431822423,0.31452077288810143,0.9241372053872056,1.83858182384323,0.7653517551058536,3.3738903915285365
Figure 3,3D,MMP,soft MMP,dps_inverse_diffusion,DPS inverse diffusion,5000,5000,1224,1600,bootstrap_with_replacement_effective_N,20260608,352,priority1_learning_curve_by_N_from_available_3d_parameter_library+full_endpoint_anchor_depth_metrics,0.3905900283827724,0.4039523959821092,0.24499643750093347,0.8689197188689058,1.012954710263675,0.9238788238788238,0.7922947060992752
Figure 3,3D,PIEZO,sheet piezo,dps_inverse_diffusion,DPS inverse diffusion,5000,5000,1224,1600,bootstrap_with_replacement_effective_N,20260608,352,priority1_learning_curve_by_N_from_available_3d_parameter_library+full_endpoint_anchor_depth_metrics,0.44718060386287467,0.6058999757083765,0.339082187312681,0.8911966891133557,2.1484935276404276,0.9959051424269704,1.3695734707272094
Figure 3,3D,US,ultrasound,dps_inverse_diffusion,DPS inverse diffusion,5000,5000,1224,1600,bootstrap_with_replacement_effective_N,20260608,352,priority1_learning_curve_by_N_from_available_3d_parameter_library+full_endpoint_anchor_depth_metrics,0.41917385039321137,0.4786181688678241,0.27923575151702384,0.8341514740904985,1.0463841544728538,0.9635620779746464,0.4369937645325962
Figure 3,3D,MMP,soft MMP,eapp_only_diffusion,Eapp-only diffusion,5000,5000,1224,1600,bootstrap_with_replacement_effective_N,20260608,352,priority1_learning_curve_by_N_from_available_3d_parameter_library+full_endpoint_anchor_depth_metrics,0.4674373558492852,0.4809750235203829,0.2842518330128245,0.9209455667789003,1.7098947267264841,0.4990942028985508,0.9616782052324827
Figure 3,3D,PIEZO,sheet piezo,eapp_only_diffusion,Eapp-only diffusion,5000,5000,1224,1600,bootstrap_with_replacement_effective_N,20260608,352,priority1_learning_curve_by_N_from_available_3d_parameter_library+full_endpoint_anchor_depth_metrics,0.7433792308715452,1.132931557974558,0.5432791456743508,0.8503197626673237,2.1732775068278953,0.9413277046439732,2.3457187693756283
Figure 3,3D,US,ultrasound,eapp_only_diffusion,Eapp-only diffusion,5000,5000,1224,1600,bootstrap_with_replacement_effective_N,20260608,352,priority1_learning_curve_by_N_from_available_3d_parameter_library+full_endpoint_anchor_depth_metrics,0.4229509054353899,0.44679354465244797,0.27264428528879997,0.932246071829405,1.8044425017474626,0.7431768527732977,0.7292544155467215
Figure 3,3D,MMP,soft MMP,op_conditioned_diffusion_ours,operator-conditioned diffusion,5000,15000,1224,1600,bootstrap_with_replacement_effective_N,20260608,352,priority1_learning_curve_by_N_from_available_3d_parameter_library+full_endpoint_anchor_depth_metrics,0.1919580769702471,0.24107563608970503,0.12406519491507545,0.95062600941666,0.8965622268369617,1.0,1.1061877967171003
Figure 3,3D,PIEZO,sheet piezo,op_conditioned_diffusion_ours,operator-conditioned diffusion,5000,15000,1224,1600,bootstrap_with_replacement_effective_N,20260608,352,priority1_learning_curve_by_N_from_available_3d_parameter_library+full_endpoint_anchor_depth_metrics,0.5992568323052504,0.7134240076110676,0.32717682397195214,0.9266639977005829,2.0694166380272367,0.8123646967720154,3.1240619410322448
Figure 3,3D,US,ultrasound,op_conditioned_diffusion_ours,operator-conditioned diffusion,5000,15000,1224,1600,bootstrap_with_replacement_effective_N,20260608,352,priority1_learning_curve_by_N_from_available_3d_parameter_library+full_endpoint_anchor_depth_metrics,0.22491356948349278,0.27657519364026306,0.1410807564629106,0.943188832772166,0.9275607408711148,0.9945945945945946,1.1659858727492256
