figure,dimension,device,device_label,model,model_label,train_N_per_device,train_N_total,seed,n_test_cases,evidence_level,mae_zbottom_mm,rmse_zbottom_mm,crps_zbottom_mm,cov90_zbottom,width90_zbottom_mm,auroc_fail_tau_1mm
Figure 3,3D,MMP,soft MMP,SRCNN_3D_proxy,SRCNN 3D proxy,50,50,20260604,352,fast_surrogate_curve_anchorable_to_existing_depth_metrics+full_endpoint_anchor_depth_metrics,0.6422545469391203,0.7165254620700549,0.6219466988058456,0.05771382524431301,0.25182057418799064,0.8800557753234978
Figure 3,3D,PIEZO,sheet piezo,SRCNN_3D_proxy,SRCNN 3D proxy,50,50,20260604,352,fast_surrogate_curve_anchorable_to_existing_depth_metrics+full_endpoint_anchor_depth_metrics,1.1495652464330959,1.4435736019478023,1.1296221749497506,0.6557449494949495,4.190134821561791,0.8212105102929353
Figure 3,3D,US,ultrasound,SRCNN_3D_proxy,SRCNN 3D proxy,50,50,20260604,352,fast_surrogate_curve_anchorable_to_existing_depth_metrics+full_endpoint_anchor_depth_metrics,1.7137512708374099,1.6254615024756782,1.466261404845226,0.06222951055268122,0.5945756646700264,0.7986167935187544
Figure 3,3D,MMP,soft MMP,direct_scalar_regression,direct scalar regression,50,50,20260604,352,fast_surrogate_curve_anchorable_to_existing_depth_metrics+full_endpoint_anchor_depth_metrics,1.3900265043852187,1.7289077417413221,0.9872065484504444,0.8056607744107744,4.6421529700826865,0.45522714720908386
Figure 3,3D,PIEZO,sheet piezo,direct_scalar_regression,direct scalar regression,50,50,20260604,352,fast_surrogate_curve_anchorable_to_existing_depth_metrics+full_endpoint_anchor_depth_metrics,1.2299168849546125,1.4143364860652092,0.8690774771037684,0.7753928170594837,4.703067989494899,0.34370787886610876
Figure 3,3D,US,ultrasound,direct_scalar_regression,direct scalar regression,50,50,20260604,352,fast_surrogate_curve_anchorable_to_existing_depth_metrics+full_endpoint_anchor_depth_metrics,3.2664910123963837,3.2923781317985674,2.0466798957920322,0.7729727833894502,8.230346394579119,0.4798810075735781
Figure 3,3D,MMP,soft MMP,unet_3d,3D U-Net,50,50,20260604,352,fast_surrogate_curve_anchorable_to_existing_depth_metrics+full_endpoint_anchor_depth_metrics,0.8814854853749495,1.0122206076463545,0.8349924192571662,0.0018426131231008558,0.2513114721443565,0.8800557753234978
Figure 3,3D,PIEZO,sheet piezo,unet_3d,3D U-Net,50,50,20260604,352,fast_surrogate_curve_anchorable_to_existing_depth_metrics+full_endpoint_anchor_depth_metrics,1.1802648917143017,1.647096142708885,1.1949818436635933,0.6178661616161616,4.031999081974182,0.8212105102929353
Figure 3,3D,US,ultrasound,unet_3d,3D U-Net,50,50,20260604,352,fast_surrogate_curve_anchorable_to_existing_depth_metrics+full_endpoint_anchor_depth_metrics,1.894556758654278,1.9266618874914943,1.702353444163593,0.03855526812843868,0.6657735952844059,0.7986167935187544
Figure 3,3D,MMP,soft MMP,kernel_gp,kernel GP,50,50,20260604,352,fast_surrogate_curve_anchorable_to_existing_depth_metrics+full_endpoint_anchor_depth_metrics,0.7531958747237152,0.8450354100167801,0.473649460072909,0.8612589307711258,1.5925912580764239,0.9356028159306848
Figure 3,3D,PIEZO,sheet piezo,kernel_gp,kernel GP,50,50,20260604,352,fast_surrogate_curve_anchorable_to_existing_depth_metrics+full_endpoint_anchor_depth_metrics,0.722363833419391,1.0037362551013895,0.5383844092779274,0.885220258136925,3.033717058665543,0.9588478085047406
Figure 3,3D,US,ultrasound,kernel_gp,kernel GP,50,50,20260604,352,fast_surrogate_curve_anchorable_to_existing_depth_metrics+full_endpoint_anchor_depth_metrics,1.5344697441665485,1.641775557784698,0.984979164419872,0.7857607237688539,3.0839411595153647,0.969279688619634
Figure 3,3D,MMP,soft MMP,vanilla_3d_diffusion,vanilla 3D diffusion,50,150,20260604,352,fast_surrogate_curve_anchorable_to_existing_depth_metrics+full_endpoint_anchor_depth_metrics,0.46373810497576257,0.5069339500076476,0.30075186286327604,0.9185816498316498,1.7829613571242193,0.5816361082754525
Figure 3,3D,PIEZO,sheet piezo,vanilla_3d_diffusion,vanilla 3D diffusion,50,150,20260604,352,fast_surrogate_curve_anchorable_to_existing_depth_metrics+full_endpoint_anchor_depth_metrics,0.6347991176729832,0.9958615145375438,0.46708998175925076,0.8380312269031781,2.222624790596489,0.965120411995412
Figure 3,3D,US,ultrasound,vanilla_3d_diffusion,vanilla 3D diffusion,50,150,20260604,352,fast_surrogate_curve_anchorable_to_existing_depth_metrics+full_endpoint_anchor_depth_metrics,0.5064923729526871,0.5407892232915712,0.31717098021015266,0.9080387205387207,1.8180959839247826,0.7653517551058536
Figure 3,3D,MMP,soft MMP,dps_inverse_diffusion,DPS inverse diffusion,50,50,20260604,352,fast_surrogate_curve_anchorable_to_existing_depth_metrics+full_endpoint_anchor_depth_metrics,0.5745084951483048,0.6573991186365785,0.3647975646233874,0.8442985067476936,1.1505401105680328,0.9238788238788238
Figure 3,3D,PIEZO,sheet piezo,dps_inverse_diffusion,DPS inverse diffusion,50,50,20260604,352,fast_surrogate_curve_anchorable_to_existing_depth_metrics+full_endpoint_anchor_depth_metrics,0.49647470456589426,0.6477078665673013,0.36156781635731156,0.9205527497194161,2.4454269827129376,0.9959051424269704
Figure 3,3D,US,ultrasound,dps_inverse_diffusion,DPS inverse diffusion,50,50,20260604,352,fast_surrogate_curve_anchorable_to_existing_depth_metrics+full_endpoint_anchor_depth_metrics,1.459981434983698,1.469424106179893,0.9127011697362539,0.754606019545044,2.7206007996128383,0.9635620779746464
Figure 3,3D,MMP,soft MMP,eapp_only_diffusion,Eapp-only diffusion,50,50,20260604,352,fast_surrogate_curve_anchorable_to_existing_depth_metrics+full_endpoint_anchor_depth_metrics,0.6189226828156191,0.8094298382454629,0.39437124275753876,0.9285213243546577,1.9413932768971276,0.4990942028985508
Figure 3,3D,PIEZO,sheet piezo,eapp_only_diffusion,Eapp-only diffusion,50,50,20260604,352,fast_surrogate_curve_anchorable_to_existing_depth_metrics+full_endpoint_anchor_depth_metrics,0.8379786741144394,1.3601756578558386,0.6191886591612954,0.8673652172127782,2.3914379873550202,0.9413277046439732
Figure 3,3D,US,ultrasound,eapp_only_diffusion,Eapp-only diffusion,50,50,20260604,352,fast_surrogate_curve_anchorable_to_existing_depth_metrics+full_endpoint_anchor_depth_metrics,0.9845200827002033,1.0421469715501248,0.6315258685448399,0.9133066778900112,3.6430234807533157,0.7431768527732977
Figure 3,3D,MMP,soft MMP,op_conditioned_diffusion_ours,operator-conditioned diffusion,50,150,20260604,352,fast_surrogate_curve_anchorable_to_existing_depth_metrics+full_endpoint_anchor_depth_metrics,0.2520373189720523,0.37480020109908097,0.1578691959529227,0.9241108579015085,0.9279217435400717,1.0
Figure 3,3D,PIEZO,sheet piezo,op_conditioned_diffusion_ours,operator-conditioned diffusion,50,150,20260604,352,fast_surrogate_curve_anchorable_to_existing_depth_metrics+full_endpoint_anchor_depth_metrics,0.6795732221662067,0.911390616665373,0.38170324999585814,0.9058306643672496,2.141799684829085,0.8123646967720154
Figure 3,3D,US,ultrasound,op_conditioned_diffusion_ours,operator-conditioned diffusion,50,150,20260604,352,fast_surrogate_curve_anchorable_to_existing_depth_metrics+full_endpoint_anchor_depth_metrics,0.40000098423310465,0.4432556425114129,0.2204683110501051,0.8721661054994387,0.960004508493489,0.9945945945945946
Figure 3,3D,MMP,soft MMP,SRCNN_3D_proxy,SRCNN 3D proxy,100,100,20260604,352,fast_surrogate_curve_anchorable_to_existing_depth_metrics+full_endpoint_anchor_depth_metrics,0.631590324581143,0.6920290118235606,0.6038186487388597,0.05487291615340384,0.23104101876494185,0.8800557753234978
Figure 3,3D,PIEZO,sheet piezo,SRCNN_3D_proxy,SRCNN 3D proxy,100,100,20260604,352,fast_surrogate_curve_anchorable_to_existing_depth_metrics+full_endpoint_anchor_depth_metrics,1.0627681042650639,1.3633317867952177,1.0591427410671455,0.5960858585858586,4.007350290765831,0.8212105102929353
Figure 3,3D,US,ultrasound,SRCNN_3D_proxy,SRCNN 3D proxy,100,100,20260604,352,fast_surrogate_curve_anchorable_to_existing_depth_metrics+full_endpoint_anchor_depth_metrics,1.2305684775047872,1.168304473880148,1.0569983741522357,0.016774965098135808,0.4061366131442588,0.7986167935187544
Figure 3,3D,MMP,soft MMP,direct_scalar_regression,direct scalar regression,100,100,20260604,352,fast_surrogate_curve_anchorable_to_existing_depth_metrics+full_endpoint_anchor_depth_metrics,1.3669460111494875,1.6698001388461101,0.9584321699206972,0.8028198653198653,4.259095012109434,0.45522714720908386
Figure 3,3D,PIEZO,sheet piezo,direct_scalar_regression,direct scalar regression,100,100,20260604,352,fast_surrogate_curve_anchorable_to_existing_depth_metrics+full_endpoint_anchor_depth_metrics,1.1370528469632888,1.3357198317254024,0.8148539588826242,0.7157337261503928,4.497907985731367,0.34370787886610876
Figure 3,3D,US,ultrasound,direct_scalar_regression,direct scalar regression,100,100,20260604,352,fast_surrogate_curve_anchorable_to_existing_depth_metrics+full_endpoint_anchor_depth_metrics,2.345521745371792,2.366404922680096,1.4754103975686381,0.7275182379349048,5.621900135373861,0.4798810075735781
Figure 3,3D,MMP,soft MMP,unet_3d,3D U-Net,100,100,20260604,352,fast_surrogate_curve_anchorable_to_existing_depth_metrics+full_endpoint_anchor_depth_metrics,0.7718467069330653,0.7914073403093763,0.7046762421107929,0.03877443130491898,0.2504328211393911,0.8800557753234978
Figure 3,3D,PIEZO,sheet piezo,unet_3d,3D U-Net,100,100,20260604,352,fast_surrogate_curve_anchorable_to_existing_depth_metrics+full_endpoint_anchor_depth_metrics,1.065004584092053,1.37785615091242,1.0751880813200307,0.5695707070707071,3.6113216122407508,0.8212105102929353
Figure 3,3D,US,ultrasound,unet_3d,3D U-Net,100,100,20260604,352,fast_surrogate_curve_anchorable_to_existing_depth_metrics+full_endpoint_anchor_depth_metrics,1.337568607677227,1.4650477591143491,1.2495133928574071,0.012987086310256912,0.43947285262481184,0.7986167935187544
Figure 3,3D,MMP,soft MMP,kernel_gp,kernel GP,100,100,20260604,352,fast_surrogate_curve_anchorable_to_existing_depth_metrics+full_endpoint_anchor_depth_metrics,0.6541242183419067,0.67225901608152,0.403316269373503,0.8925089307711258,1.5300782703957214,0.9356028159306848
Figure 3,3D,PIEZO,sheet piezo,kernel_gp,kernel GP,100,100,20260604,352,fast_surrogate_curve_anchorable_to_existing_depth_metrics+full_endpoint_anchor_depth_metrics,0.6698852674382296,0.9307517252078271,0.5081402310961486,0.822720258136925,2.615962981521345,0.9588478085047406
Figure 3,3D,US,ultrasound,kernel_gp,kernel GP,100,100,20260604,352,fast_surrogate_curve_anchorable_to_existing_depth_metrics+full_endpoint_anchor_depth_metrics,1.073300730355726,1.2247904080004575,0.7073793122784757,0.791442541950672,1.9522983642215683,0.969279688619634
Figure 3,3D,MMP,soft MMP,vanilla_3d_diffusion,vanilla 3D diffusion,100,300,20260604,352,fast_surrogate_curve_anchorable_to_existing_depth_metrics+full_endpoint_anchor_depth_metrics,0.5853566695676891,0.61869530102156,0.3559571130807555,0.8816498316498317,1.7872537031850586,0.5816361082754525
Figure 3,3D,PIEZO,sheet piezo,vanilla_3d_diffusion,vanilla 3D diffusion,100,300,20260604,352,fast_surrogate_curve_anchorable_to_existing_depth_metrics+full_endpoint_anchor_depth_metrics,0.5849313463252418,0.9007251835002291,0.42002756220104703,0.9431448632668146,2.2279755934764953,0.965120411995412
Figure 3,3D,US,ultrasound,vanilla_3d_diffusion,vanilla 3D diffusion,100,300,20260604,352,fast_surrogate_curve_anchorable_to_existing_depth_metrics+full_endpoint_anchor_depth_metrics,0.5460683214773124,0.5847759466032834,0.34600879629433573,0.8370159932659934,1.8224729139707674,0.7653517551058536
Figure 3,3D,MMP,soft MMP,dps_inverse_diffusion,DPS inverse diffusion,100,100,20260604,352,fast_surrogate_curve_anchorable_to_existing_depth_metrics+full_endpoint_anchor_depth_metrics,0.49982379460877013,0.5257542666316775,0.31177272824384866,0.8528212340204209,1.136734450414107,0.9238788238788238
Figure 3,3D,PIEZO,sheet piezo,dps_inverse_diffusion,DPS inverse diffusion,100,100,20260604,352,fast_surrogate_curve_anchorable_to_existing_depth_metrics+full_endpoint_anchor_depth_metrics,0.4981206501800597,0.643685935731471,0.36468603040054454,0.8353254769921434,1.9209954893151078,0.9959051424269704
Figure 3,3D,US,ultrasound,dps_inverse_diffusion,DPS inverse diffusion,100,100,20260604,352,fast_surrogate_curve_anchorable_to_existing_depth_metrics+full_endpoint_anchor_depth_metrics,0.9022960587197724,0.9822350132312098,0.5917206802001155,0.7006287468177712,1.4806155438023696,0.9635620779746464
Figure 3,3D,MMP,soft MMP,eapp_only_diffusion,Eapp-only diffusion,100,100,20260604,352,fast_surrogate_curve_anchorable_to_existing_depth_metrics+full_endpoint_anchor_depth_metrics,0.5426423362091694,0.5899040600642281,0.3355273715779986,0.9143167789001123,1.8737536658872025,0.4990942028985508
Figure 3,3D,PIEZO,sheet piezo,eapp_only_diffusion,Eapp-only diffusion,100,100,20260604,352,fast_surrogate_curve_anchorable_to_existing_depth_metrics+full_endpoint_anchor_depth_metrics,0.7659560532258304,1.1620636503702402,0.5576574748007955,0.8133879444855054,2.128032345053798,0.9413277046439732
Figure 3,3D,US,ultrasound,eapp_only_diffusion,Eapp-only diffusion,100,100,20260604,352,fast_surrogate_curve_anchorable_to_existing_depth_metrics+full_endpoint_anchor_depth_metrics,0.7217510973692683,0.7853682425045753,0.46527087340769113,0.938874859708193,2.8111506175768577,0.7431768527732977
Figure 3,3D,MMP,soft MMP,op_conditioned_diffusion_ours,operator-conditioned diffusion,100,300,20260604,352,fast_surrogate_curve_anchorable_to_existing_depth_metrics+full_endpoint_anchor_depth_metrics,0.2205123799514557,0.27669602136220184,0.13706848415775447,0.9269517669924175,0.883554775807092,1.0
Figure 3,3D,PIEZO,sheet piezo,op_conditioned_diffusion_ours,operator-conditioned diffusion,100,300,20260604,352,fast_surrogate_curve_anchorable_to_existing_depth_metrics+full_endpoint_anchor_depth_metrics,0.6127878059006926,0.7377139915911861,0.3375204545186411,0.9115124825490678,2.039393250052816,0.8123646967720154
Figure 3,3D,US,ultrasound,op_conditioned_diffusion_ours,operator-conditioned diffusion,100,300,20260604,352,fast_surrogate_curve_anchorable_to_existing_depth_metrics+full_endpoint_anchor_depth_metrics,0.3372859497115478,0.3837135311199498,0.18964699542342045,0.880688832772166,0.9141035590348061,0.9945945945945946
Figure 3,3D,MMP,soft MMP,SRCNN_3D_proxy,SRCNN 3D proxy,200,200,20260604,352,fast_surrogate_curve_anchorable_to_existing_depth_metrics+full_endpoint_anchor_depth_metrics,0.618620642852037,0.6948643822994663,0.5995380962757513,0.043509279789767485,0.22931894446676734,0.8800557753234978
Figure 3,3D,PIEZO,sheet piezo,SRCNN_3D_proxy,SRCNN 3D proxy,200,200,20260604,352,fast_surrogate_curve_anchorable_to_existing_depth_metrics+full_endpoint_anchor_depth_metrics,1.0823342783254954,1.390245843661567,1.0791233319570432,0.5818813131313131,3.7146213951346385,0.8212105102929353
Figure 3,3D,US,ultrasound,SRCNN_3D_proxy,SRCNN 3D proxy,200,200,20260604,352,fast_surrogate_curve_anchorable_to_existing_depth_metrics+full_endpoint_anchor_depth_metrics,0.9365036871900514,0.914240411345993,0.8031346693150259,0.09916132873449934,0.3806965206666505,0.7986167935187544
Figure 3,3D,MMP,soft MMP,direct_scalar_regression,direct scalar regression,200,200,20260604,352,fast_surrogate_curve_anchorable_to_existing_depth_metrics+full_endpoint_anchor_depth_metrics,1.338875830186476,1.6766416179365196,0.951637714012048,0.7914562289562289,4.2273496618982715,0.45522714720908386
Figure 3,3D,PIEZO,sheet piezo,direct_scalar_regression,direct scalar regression,200,200,20260604,352,fast_surrogate_curve_anchorable_to_existing_depth_metrics+full_endpoint_anchor_depth_metrics,1.1579866460021468,1.3620887903727135,0.8302260734769641,0.7015291806958472,4.169344835075965,0.34370787886610876
Figure 3,3D,US,ultrasound,direct_scalar_regression,direct scalar regression,200,200,20260604,352,fast_surrogate_curve_anchorable_to_existing_depth_metrics+full_endpoint_anchor_depth_metrics,1.7850203406633118,1.8517972483123224,1.1210549332260134,0.8099046015712683,5.269748532403289,0.4798810075735781
Figure 3,3D,MMP,soft MMP,unet_3d,3D U-Net,200,200,20260604,352,fast_surrogate_curve_anchorable_to_existing_depth_metrics+full_endpoint_anchor_depth_metrics,0.7009813876738408,0.7758560793871905,0.6567167500028236,0.05013806766855533,0.24727082167293382,0.8800557753234978
Figure 3,3D,PIEZO,sheet piezo,unet_3d,3D U-Net,200,200,20260604,352,fast_surrogate_curve_anchorable_to_existing_depth_metrics+full_endpoint_anchor_depth_metrics,1.0687938027262622,1.3650099603825607,1.0696904110213012,0.5695707070707071,3.567198692539541,0.8212105102929353
Figure 3,3D,US,ultrasound,unet_3d,3D U-Net,200,200,20260604,352,fast_surrogate_curve_anchorable_to_existing_depth_metrics+full_endpoint_anchor_depth_metrics,0.9689488455451669,1.0661450072952892,0.9049756542739605,0.1152598135829842,0.42453059211842015,0.7986167935187544
Figure 3,3D,MMP,soft MMP,kernel_gp,kernel GP,200,200,20260604,352,fast_surrogate_curve_anchorable_to_existing_depth_metrics+full_endpoint_anchor_depth_metrics,0.5888103804682843,0.651282163899303,0.3738056641789939,0.9010316580438531,1.5396839549629464,0.9356028159306848
Figure 3,3D,PIEZO,sheet piezo,kernel_gp,kernel GP,200,200,20260604,352,fast_surrogate_curve_anchorable_to_existing_depth_metrics+full_endpoint_anchor_depth_metrics,0.6457764627029239,0.8999065958774514,0.49050843574170483,0.8454475308641977,2.6236281573052143,0.9588478085047406
Figure 3,3D,US,ultrasound,kernel_gp,kernel GP,200,200,20260604,352,fast_surrogate_curve_anchorable_to_existing_depth_metrics+full_endpoint_anchor_depth_metrics,0.7339947822319891,0.8227738598852957,0.477041887998555,0.8965561783143084,1.8489515501161282,0.969279688619634
Figure 3,3D,MMP,soft MMP,vanilla_3d_diffusion,vanilla 3D diffusion,200,600,20260604,352,fast_surrogate_curve_anchorable_to_existing_depth_metrics+full_endpoint_anchor_depth_metrics,0.5666924746989415,0.6163834934690278,0.35172914746515754,0.893013468013468,1.7608832785196622,0.5816361082754525
Figure 3,3D,PIEZO,sheet piezo,vanilla_3d_diffusion,vanilla 3D diffusion,200,600,20260604,352,fast_surrogate_curve_anchorable_to_existing_depth_metrics+full_endpoint_anchor_depth_metrics,0.5906957955932166,0.9109961023228419,0.42626637267049744,0.9317812269031781,2.195102441534267,0.965120411995412
Figure 3,3D,US,ultrasound,vanilla_3d_diffusion,vanilla 3D diffusion,200,600,20260604,352,fast_surrogate_curve_anchorable_to_existing_depth_metrics+full_endpoint_anchor_depth_metrics,0.4964216611691814,0.5349115701800784,0.3128631582123899,0.885311447811448,1.7955828397765192,0.7653517551058536
Figure 3,3D,MMP,soft MMP,dps_inverse_diffusion,DPS inverse diffusion,200,200,20260604,352,fast_surrogate_curve_anchorable_to_existing_depth_metrics+full_endpoint_anchor_depth_metrics,0.4431358221094178,0.5116583075653924,0.2864885185613929,0.8727075976567845,1.1113625820576285,0.9238788238788238
Figure 3,3D,PIEZO,sheet piezo,dps_inverse_diffusion,DPS inverse diffusion,200,200,20260604,352,fast_surrogate_curve_anchorable_to_existing_depth_metrics+full_endpoint_anchor_depth_metrics,0.45643147243618404,0.6305540718055249,0.3452772282226435,0.8921436588103253,2.1582710379969545,0.9959051424269704
Figure 3,3D,US,ultrasound,dps_inverse_diffusion,DPS inverse diffusion,200,200,20260604,352,fast_surrogate_curve_anchorable_to_existing_depth_metrics+full_endpoint_anchor_depth_metrics,0.5725804754036522,0.6213977071192621,0.364871803900649,0.8313105649995894,1.2812001953356542,0.9635620779746464
Figure 3,3D,MMP,soft MMP,eapp_only_diffusion,Eapp-only diffusion,200,200,20260604,352,fast_surrogate_curve_anchorable_to_existing_depth_metrics+full_endpoint_anchor_depth_metrics,0.5024611004493694,0.6109029732577228,0.3182893113901994,0.9256804152637487,1.7489875829910435,0.4990942028985508
Figure 3,3D,PIEZO,sheet piezo,eapp_only_diffusion,Eapp-only diffusion,200,200,20260604,352,fast_surrogate_curve_anchorable_to_existing_depth_metrics+full_endpoint_anchor_depth_metrics,0.7480187901447963,1.1474382456776173,0.5498612432287653,0.8162288535764145,2.093405523739164,0.9413277046439732
Figure 3,3D,US,ultrasound,eapp_only_diffusion,Eapp-only diffusion,200,200,20260604,352,fast_surrogate_curve_anchorable_to_existing_depth_metrics+full_endpoint_anchor_depth_metrics,0.5734130210605882,0.6552843010959211,0.38002894538258936,0.9360339506172839,2.3125051580978617,0.7431768527732977
Figure 3,3D,MMP,soft MMP,op_conditioned_diffusion_ours,operator-conditioned diffusion,200,600,20260604,352,fast_surrogate_curve_anchorable_to_existing_depth_metrics+full_endpoint_anchor_depth_metrics,0.2252584078273091,0.2970822157922932,0.14143658137038176,0.9013835851742357,0.8714382576953521,1.0
Figure 3,3D,PIEZO,sheet piezo,op_conditioned_diffusion_ours,operator-conditioned diffusion,200,600,20260604,352,fast_surrogate_curve_anchorable_to_existing_depth_metrics+full_endpoint_anchor_depth_metrics,0.6069650943562379,0.7280304870571563,0.3336576417603876,0.9285579370945223,2.0114262853237155,0.8123646967720154
Figure 3,3D,US,ultrasound,op_conditioned_diffusion_ours,operator-conditioned diffusion,200,600,20260604,352,fast_surrogate_curve_anchorable_to_existing_depth_metrics+full_endpoint_anchor_depth_metrics,0.23619099100981,0.28190356228093566,0.14230741308409603,0.9346661054994387,0.9015681139980977,0.9945945945945946
Figure 3,3D,MMP,soft MMP,SRCNN_3D_proxy,SRCNN 3D proxy,400,400,20260604,352,fast_surrogate_curve_anchorable_to_existing_depth_metrics+full_endpoint_anchor_depth_metrics,0.6438057892059236,0.7108523417037583,0.6094440502456269,0.037827461607949364,0.22719050769343005,0.8800557753234978
Figure 3,3D,PIEZO,sheet piezo,SRCNN_3D_proxy,SRCNN 3D proxy,400,400,20260604,352,fast_surrogate_curve_anchorable_to_existing_depth_metrics+full_endpoint_anchor_depth_metrics,1.0316067034445342,1.3052830391131105,1.019155627984272,0.6358585858585859,4.031792865888838,0.8212105102929353
Figure 3,3D,US,ultrasound,SRCNN_3D_proxy,SRCNN 3D proxy,400,400,20260604,352,fast_surrogate_curve_anchorable_to_existing_depth_metrics+full_endpoint_anchor_depth_metrics,0.7761645996879927,0.820320227777076,0.7038332744713831,0.09632041964359028,0.34033871567047985,0.7986167935187544
Figure 3,3D,MMP,soft MMP,direct_scalar_regression,direct scalar regression,400,400,20260604,352,fast_surrogate_curve_anchorable_to_existing_depth_metrics+full_endpoint_anchor_depth_metrics,1.393383845918814,1.7152190422598212,0.9673612842898326,0.7857744107744108,4.188113276543972,0.45522714720908386
Figure 3,3D,PIEZO,sheet piezo,direct_scalar_regression,direct scalar regression,400,400,20260604,352,fast_surrogate_curve_anchorable_to_existing_depth_metrics+full_endpoint_anchor_depth_metrics,1.103713344793293,1.2788467622079076,0.7840897793849326,0.7555064534231201,4.52534268593488,0.34370787886610876
Figure 3,3D,US,ultrasound,direct_scalar_regression,direct scalar regression,400,400,20260604,352,fast_surrogate_curve_anchorable_to_existing_depth_metrics+full_endpoint_anchor_depth_metrics,1.4794064530625821,1.661561577983713,0.9824451547929217,0.8070636924803593,4.711100181015246,0.4798810075735781
Figure 3,3D,MMP,soft MMP,unet_3d,3D U-Net,400,400,20260604,352,fast_surrogate_curve_anchorable_to_existing_depth_metrics+full_endpoint_anchor_depth_metrics,0.6679732456356529,0.6932686944182823,0.6144336796554786,0.04161534039582804,0.22993402780016226,0.8800557753234978
Figure 3,3D,PIEZO,sheet piezo,unet_3d,3D U-Net,400,400,20260604,352,fast_surrogate_curve_anchorable_to_existing_depth_metrics+full_endpoint_anchor_depth_metrics,1.0186885951977969,1.2853293861890913,1.0055082666143094,0.6434343434343435,3.8359282552404728,0.8212105102929353
Figure 3,3D,US,ultrasound,unet_3d,3D U-Net,400,400,20260604,352,fast_surrogate_curve_anchorable_to_existing_depth_metrics+full_endpoint_anchor_depth_metrics,0.8247511561023128,0.9763624889755755,0.7940777188255852,0.09253254085571139,0.3664532188968965,0.7986167935187544
Figure 3,3D,MMP,soft MMP,kernel_gp,kernel GP,400,400,20260604,352,fast_surrogate_curve_anchorable_to_existing_depth_metrics+full_endpoint_anchor_depth_metrics,0.5370100757115952,0.5624124896446782,0.33527063648212224,0.9038725671347622,1.3357561702578842,0.9356028159306848
Figure 3,3D,PIEZO,sheet piezo,kernel_gp,kernel GP,400,400,20260604,352,fast_surrogate_curve_anchorable_to_existing_depth_metrics+full_endpoint_anchor_depth_metrics,0.6219868930475384,0.8512096668883272,0.4662662725400414,0.8994248035914704,2.8047246375878854,0.9588478085047406
Figure 3,3D,US,ultrasound,kernel_gp,kernel GP,400,400,20260604,352,fast_surrogate_curve_anchorable_to_existing_depth_metrics+full_endpoint_anchor_depth_metrics,0.6191704959181704,0.7362312283026211,0.412522884785934,0.8766698146779448,1.5763944311277642,0.969279688619634
Figure 3,3D,MMP,soft MMP,vanilla_3d_diffusion,vanilla 3D diffusion,400,1200,20260604,352,fast_surrogate_curve_anchorable_to_existing_depth_metrics+full_endpoint_anchor_depth_metrics,0.5555014002004327,0.620986612133767,0.34919857341337635,0.8986952861952863,1.7767825431264905,0.5816361082754525
Figure 3,3D,PIEZO,sheet piezo,vanilla_3d_diffusion,vanilla 3D diffusion,400,1200,20260604,352,fast_surrogate_curve_anchorable_to_existing_depth_metrics+full_endpoint_anchor_depth_metrics,0.6000149615457067,0.9299009779807894,0.4352761693883608,0.8920084996304509,2.214922332484897,0.965120411995412
Figure 3,3D,US,ultrasound,vanilla_3d_diffusion,vanilla 3D diffusion,400,1200,20260604,352,fast_surrogate_curve_anchorable_to_existing_depth_metrics+full_endpoint_anchor_depth_metrics,0.4721216705240134,0.5102633740314018,0.29635352542687216,0.9364478114478116,1.811795411638231,0.7653517551058536
Figure 3,3D,MMP,soft MMP,dps_inverse_diffusion,DPS inverse diffusion,400,400,20260604,352,fast_surrogate_curve_anchorable_to_existing_depth_metrics+full_endpoint_anchor_depth_metrics,0.41563729824072737,0.4518005532900516,0.264305413794593,0.8698666885658755,1.0118457596812012,0.9238788238788238
Figure 3,3D,PIEZO,sheet piezo,dps_inverse_diffusion,DPS inverse diffusion,400,400,20260604,352,fast_surrogate_curve_anchorable_to_existing_depth_metrics+full_endpoint_anchor_depth_metrics,0.4566840864285629,0.6131516772590557,0.34381497253756416,0.8694163860830526,2.1777666502994326,0.9959051424269704
Figure 3,3D,US,ultrasound,dps_inverse_diffusion,DPS inverse diffusion,400,400,20260604,352,fast_surrogate_curve_anchorable_to_existing_depth_metrics+full_endpoint_anchor_depth_metrics,0.4893144048694665,0.5617373133594721,0.32046355618425915,0.8341514740904985,1.1524392170817304,0.9635620779746464
Figure 3,3D,MMP,soft MMP,eapp_only_diffusion,Eapp-only diffusion,400,400,20260604,352,fast_surrogate_curve_anchorable_to_existing_depth_metrics+full_endpoint_anchor_depth_metrics,0.4937287808024333,0.5203385778499312,0.29981509775612514,0.9256804152637487,1.7127789385112386,0.4990942028985508
Figure 3,3D,PIEZO,sheet piezo,eapp_only_diffusion,Eapp-only diffusion,400,400,20260604,352,fast_surrogate_curve_anchorable_to_existing_depth_metrics+full_endpoint_anchor_depth_metrics,0.7412832183037923,1.1294754023634017,0.5397953248778133,0.8616833990309599,2.2506152381230318,0.9413277046439732
Figure 3,3D,US,ultrasound,eapp_only_diffusion,Eapp-only diffusion,400,400,20260604,352,fast_surrogate_curve_anchorable_to_existing_depth_metrics+full_endpoint_anchor_depth_metrics,0.48912705558103015,0.5427501456665844,0.32081375621653363,0.9473975869809202,2.1019013089687304,0.7431768527732977
Figure 3,3D,MMP,soft MMP,op_conditioned_diffusion_ours,operator-conditioned diffusion,400,1200,20260604,352,fast_surrogate_curve_anchorable_to_existing_depth_metrics+full_endpoint_anchor_depth_metrics,0.2175074890487219,0.2924438875793342,0.13974639099349953,0.9184290397196903,0.9014538829197756,1.0
Figure 3,3D,PIEZO,sheet piezo,op_conditioned_diffusion_ours,operator-conditioned diffusion,400,1200,20260604,352,fast_surrogate_curve_anchorable_to_existing_depth_metrics+full_endpoint_anchor_depth_metrics,0.6042285351472939,0.7160664224971208,0.32867045905313874,0.9171943007308859,2.0807074042253566,0.8123646967720154
Figure 3,3D,US,ultrasound,op_conditioned_diffusion_ours,operator-conditioned diffusion,400,1200,20260604,352,fast_surrogate_curve_anchorable_to_existing_depth_metrics+full_endpoint_anchor_depth_metrics,0.21098055527826162,0.2653075625220292,0.13642300479754113,0.9375070145903479,0.9326215252812152,0.9945945945945946
Figure 3,3D,MMP,soft MMP,SRCNN_3D_proxy,SRCNN 3D proxy,800,800,20260604,352,fast_surrogate_curve_anchorable_to_existing_depth_metrics+full_endpoint_anchor_depth_metrics,0.6369376369230889,0.6825952133630024,0.5940731306652612,0.04919109797158572,0.22716356953684536,0.8800557753234978
Figure 3,3D,PIEZO,sheet piezo,SRCNN_3D_proxy,SRCNN 3D proxy,800,800,20260604,352,fast_surrogate_curve_anchorable_to_existing_depth_metrics+full_endpoint_anchor_depth_metrics,0.992235169524354,1.2611822256173553,0.9840639131351714,0.6358585858585859,3.867186545509225,0.8212105102929353
Figure 3,3D,US,ultrasound,SRCNN_3D_proxy,SRCNN 3D proxy,800,800,20260604,352,fast_surrogate_curve_anchorable_to_existing_depth_metrics+full_endpoint_anchor_depth_metrics,0.742632034411733,0.8005123649875019,0.6872944343336225,0.08211587418904487,0.3117996491427332,0.7986167935187544
Figure 3,3D,MMP,soft MMP,direct_scalar_regression,direct scalar regression,800,800,20260604,352,fast_surrogate_curve_anchorable_to_existing_depth_metrics+full_endpoint_anchor_depth_metrics,1.3785191575257258,1.6470372810610343,0.9429632571042601,0.7971380471380471,4.187616688669842,0.45522714720908386
Figure 3,3D,PIEZO,sheet piezo,direct_scalar_regression,direct scalar regression,800,800,20260604,352,fast_surrogate_curve_anchorable_to_existing_depth_metrics+full_endpoint_anchor_depth_metrics,1.0615898424473031,1.2356391353102947,0.7570918860320887,0.7555064534231201,4.340586168731132,0.34370787886610876
Figure 3,3D,US,ultrasound,direct_scalar_regression,direct scalar regression,800,800,20260604,352,fast_surrogate_curve_anchorable_to_existing_depth_metrics+full_endpoint_anchor_depth_metrics,1.4154917969736769,1.6214406805113741,0.9593594270380906,0.7928591470258138,4.316051380234526,0.4798810075735781
Figure 3,3D,MMP,soft MMP,unet_3d,3D U-Net,800,800,20260604,352,fast_surrogate_curve_anchorable_to_existing_depth_metrics+full_endpoint_anchor_depth_metrics,0.6624636835855643,0.6870858536525514,0.6102150153119531,0.03877443130491898,0.22535783163007725,0.8800557753234978
Figure 3,3D,PIEZO,sheet piezo,unet_3d,3D U-Net,800,800,20260604,352,fast_surrogate_curve_anchorable_to_existing_depth_metrics+full_endpoint_anchor_depth_metrics,1.0105407225520349,1.2844908084355444,1.0033974033049375,0.6349116161616162,3.856638969771018,0.8212105102929353
Figure 3,3D,US,ultrasound,unet_3d,3D U-Net,800,800,20260604,352,fast_surrogate_curve_anchorable_to_existing_depth_metrics+full_endpoint_anchor_depth_metrics,0.7404066939542833,0.8571379743485047,0.7085037235588547,0.06128254085571139,0.31435317898425924,0.7986167935187544
Figure 3,3D,MMP,soft MMP,kernel_gp,kernel GP,800,800,20260604,352,fast_surrogate_curve_anchorable_to_existing_depth_metrics+full_endpoint_anchor_depth_metrics,0.5098286592488649,0.5338575581611724,0.31835292615099253,0.8953498398620349,1.2557692909596703,0.9356028159306848
Figure 3,3D,PIEZO,sheet piezo,kernel_gp,kernel GP,800,800,20260604,352,fast_surrogate_curve_anchorable_to_existing_depth_metrics+full_endpoint_anchor_depth_metrics,0.6191485031770011,0.836647651629513,0.4595064191892343,0.8965838945005613,2.7228062585140362,0.9588478085047406
Figure 3,3D,US,ultrasound,kernel_gp,kernel GP,800,800,20260604,352,fast_surrogate_curve_anchorable_to_existing_depth_metrics+full_endpoint_anchor_depth_metrics,0.5739612273572158,0.6505170413240975,0.37461184169601935,0.8653061783143084,1.4160318208988414,0.969279688619634
Figure 3,3D,MMP,soft MMP,vanilla_3d_diffusion,vanilla 3D diffusion,800,2400,20260604,352,fast_surrogate_curve_anchorable_to_existing_depth_metrics+full_endpoint_anchor_depth_metrics,0.5327879888080076,0.5818320751473671,0.3344974563126105,0.9072180134680135,1.802997290615724,0.5816361082754525
Figure 3,3D,PIEZO,sheet piezo,vanilla_3d_diffusion,vanilla 3D diffusion,800,2400,20260604,352,fast_surrogate_curve_anchorable_to_existing_depth_metrics+full_endpoint_anchor_depth_metrics,0.6033025585289644,0.9358312633080718,0.4377273605548484,0.8891675905395418,2.247601418554813,0.965120411995412
Figure 3,3D,US,ultrasound,vanilla_3d_diffusion,vanilla 3D diffusion,800,2400,20260604,352,fast_surrogate_curve_anchorable_to_existing_depth_metrics+full_endpoint_anchor_depth_metrics,0.4843843010382474,0.5208692355335314,0.3032026176069162,0.9392887205387207,1.8385267409176558,0.7653517551058536
Figure 3,3D,MMP,soft MMP,dps_inverse_diffusion,DPS inverse diffusion,800,800,20260604,352,fast_surrogate_curve_anchorable_to_existing_depth_metrics+full_endpoint_anchor_depth_metrics,0.40838585227808055,0.44317396540549464,0.259024491821292,0.8585030522022391,0.9844915035982154,0.9238788238788238
Figure 3,3D,PIEZO,sheet piezo,dps_inverse_diffusion,DPS inverse diffusion,800,800,20260604,352,fast_surrogate_curve_anchorable_to_existing_depth_metrics+full_endpoint_anchor_depth_metrics,0.4471589383208627,0.6099921674486448,0.34101315717361164,0.883620931537598,2.1969665507930736,0.9959051424269704
Figure 3,3D,US,ultrasound,dps_inverse_diffusion,DPS inverse diffusion,800,800,20260604,352,fast_surrogate_curve_anchorable_to_existing_depth_metrics+full_endpoint_anchor_depth_metrics,0.4678136300295236,0.5368100134910198,0.3063558677118565,0.8199469286359531,1.0673213472639782,0.9635620779746464
Figure 3,3D,MMP,soft MMP,eapp_only_diffusion,Eapp-only diffusion,800,800,20260604,352,fast_surrogate_curve_anchorable_to_existing_depth_metrics+full_endpoint_anchor_depth_metrics,0.4951791174268568,0.5179830327793139,0.29978559269847066,0.9199985970819304,1.6687088545370552,0.4990942028985508
Figure 3,3D,PIEZO,sheet piezo,eapp_only_diffusion,Eapp-only diffusion,800,800,20260604,352,fast_surrogate_curve_anchorable_to_existing_depth_metrics+full_endpoint_anchor_depth_metrics,0.7342688525294644,1.1230751390271048,0.5367161417256571,0.8588424899400509,2.2299946947360385,0.9413277046439732
Figure 3,3D,US,ultrasound,eapp_only_diffusion,Eapp-only diffusion,800,800,20260604,352,fast_surrogate_curve_anchorable_to_existing_depth_metrics+full_endpoint_anchor_depth_metrics,0.4207823721191545,0.46754134968438854,0.2756045789269099,0.9445566778900112,1.787040158545261,0.7431768527732977
Figure 3,3D,MMP,soft MMP,op_conditioned_diffusion_ours,operator-conditioned diffusion,800,2400,20260604,352,fast_surrogate_curve_anchorable_to_existing_depth_metrics+full_endpoint_anchor_depth_metrics,0.21265379729236766,0.27337589959880976,0.13530410989961064,0.9212699488105993,0.9004820449651163,1.0
Figure 3,3D,PIEZO,sheet piezo,op_conditioned_diffusion_ours,operator-conditioned diffusion,800,2400,20260604,352,fast_surrogate_curve_anchorable_to_existing_depth_metrics+full_endpoint_anchor_depth_metrics,0.6043299711650407,0.7143906765785011,0.32801199711872986,0.9257170280036132,2.078464238527942,0.8123646967720154
Figure 3,3D,US,ultrasound,op_conditioned_diffusion_ours,operator-conditioned diffusion,800,2400,20260604,352,fast_surrogate_curve_anchorable_to_existing_depth_metrics+full_endpoint_anchor_depth_metrics,0.2174424369094808,0.27262056629439724,0.1393379325235388,0.940347923681257,0.9316160861647239,0.9945945945945946
Figure 3,3D,MMP,soft MMP,SRCNN_3D_proxy,SRCNN 3D proxy,1200,1200,20260604,352,fast_surrogate_curve_anchorable_to_existing_depth_metrics+full_endpoint_anchor_depth_metrics,0.6342582657700142,0.6727792596195691,0.5891936601761124,0.05203200706249478,0.22862485943213437,0.8800557753234978
Figure 3,3D,PIEZO,sheet piezo,SRCNN_3D_proxy,SRCNN 3D proxy,1200,1200,20260604,352,fast_surrogate_curve_anchorable_to_existing_depth_metrics+full_endpoint_anchor_depth_metrics,0.981507536637721,1.2501862688531813,0.9747281165736013,0.6358585858585859,3.8409850033242923,0.8212105102929353
Figure 3,3D,US,ultrasound,SRCNN_3D_proxy,SRCNN 3D proxy,1200,1200,20260604,352,fast_surrogate_curve_anchorable_to_existing_depth_metrics+full_endpoint_anchor_depth_metrics,0.687579170705479,0.7477297599685013,0.6387151328354373,0.09063860146177216,0.3027051216600109,0.7986167935187544
Figure 3,3D,MMP,soft MMP,direct_scalar_regression,direct scalar regression,1200,1200,20260604,352,fast_surrogate_curve_anchorable_to_existing_depth_metrics+full_endpoint_anchor_depth_metrics,1.3727202154464384,1.6233523189515686,0.9352181477096652,0.7999789562289562,4.214554643399878,0.45522714720908386
Figure 3,3D,PIEZO,sheet piezo,direct_scalar_regression,direct scalar regression,1200,1200,20260604,352,fast_surrogate_curve_anchorable_to_existing_depth_metrics+full_endpoint_anchor_depth_metrics,1.0501123757582194,1.2248658828555654,0.7499093689901898,0.7555064534231201,4.31117717843057,0.34370787886610876
Figure 3,3D,US,ultrasound,direct_scalar_regression,direct scalar regression,1200,1200,20260604,352,fast_surrogate_curve_anchorable_to_existing_depth_metrics+full_endpoint_anchor_depth_metrics,1.310558433793564,1.5145293238048385,0.8915500450278956,0.8013818742985411,4.190161412101767,0.4798810075735781
Figure 3,3D,MMP,soft MMP,unet_3d,3D U-Net,1200,1200,20260604,352,fast_surrogate_curve_anchorable_to_existing_depth_metrics+full_endpoint_anchor_depth_metrics,0.6629881466791357,0.6816974273219585,0.6066509645761715,0.05581988585037356,0.22780879350002375,0.8800557753234978
Figure 3,3D,PIEZO,sheet piezo,unet_3d,3D U-Net,1200,1200,20260604,352,fast_surrogate_curve_anchorable_to_existing_depth_metrics+full_endpoint_anchor_depth_metrics,1.0064677542744902,1.27455225175996,0.9960763079691278,0.6377525252525252,3.820175787589892,0.8212105102929353
Figure 3,3D,US,ultrasound,unet_3d,3D U-Net,1200,1200,20260604,352,fast_surrogate_curve_anchorable_to_existing_depth_metrics+full_endpoint_anchor_depth_metrics,0.6782453979082745,0.7775011841311268,0.6464004461121918,0.07548708631025691,0.3006734648262004,0.7986167935187544
Figure 3,3D,MMP,soft MMP,kernel_gp,kernel GP,1200,1200,20260604,352,fast_surrogate_curve_anchorable_to_existing_depth_metrics+full_endpoint_anchor_depth_metrics,0.4853634802055048,0.5080405320396311,0.30268318848004505,0.9038725671347622,1.2273578940206318,0.9356028159306848
Figure 3,3D,PIEZO,sheet piezo,kernel_gp,kernel GP,1200,1200,20260604,352,fast_surrogate_curve_anchorable_to_existing_depth_metrics+full_endpoint_anchor_depth_metrics,0.6124888893225614,0.8285878313525492,0.4550155291854631,0.8937429854096522,2.678970194512352,0.9588478085047406
Figure 3,3D,US,ultrasound,kernel_gp,kernel GP,1200,1200,20260604,352,fast_surrogate_curve_anchorable_to_existing_depth_metrics+full_endpoint_anchor_depth_metrics,0.5345459313515574,0.6035232100907415,0.3482662604636193,0.8823516328597629,1.3682301523678513,0.969279688619634
Figure 3,3D,MMP,soft MMP,vanilla_3d_diffusion,vanilla 3D diffusion,1200,3600,20260604,352,fast_surrogate_curve_anchorable_to_existing_depth_metrics+full_endpoint_anchor_depth_metrics,0.5349309158051583,0.5859118146330621,0.3363120268666764,0.9072180134680135,1.803207987634895,0.5816361082754525
Figure 3,3D,PIEZO,sheet piezo,vanilla_3d_diffusion,vanilla 3D diffusion,1200,3600,20260604,352,fast_surrogate_curve_anchorable_to_existing_depth_metrics+full_endpoint_anchor_depth_metrics,0.6010000837952243,0.9310491016575096,0.4352721160842845,0.9033721359940873,2.247864071705563,0.965120411995412
Figure 3,3D,US,ultrasound,vanilla_3d_diffusion,vanilla 3D diffusion,1200,3600,20260604,352,fast_surrogate_curve_anchorable_to_existing_depth_metrics+full_endpoint_anchor_depth_metrics,0.4869275899797911,0.5234059800606964,0.3048428898556426,0.9364478114478116,1.838741589883871,0.7653517551058536
Figure 3,3D,MMP,soft MMP,dps_inverse_diffusion,DPS inverse diffusion,1200,1200,20260604,352,fast_surrogate_curve_anchorable_to_existing_depth_metrics+full_endpoint_anchor_depth_metrics,0.40589156619495165,0.4376725906173396,0.2565616581187162,0.8783894158386027,1.0055141311809763,0.9238788238788238
Figure 3,3D,PIEZO,sheet piezo,dps_inverse_diffusion,DPS inverse diffusion,1200,1200,20260604,352,fast_surrogate_curve_anchorable_to_existing_depth_metrics+full_endpoint_anchor_depth_metrics,0.4441480245546366,0.6095035988348217,0.3406110511523255,0.8694163860830526,2.1733411144853063,0.9959051424269704
Figure 3,3D,US,ultrasound,dps_inverse_diffusion,DPS inverse diffusion,1200,1200,20260604,352,fast_surrogate_curve_anchorable_to_existing_depth_metrics+full_endpoint_anchor_depth_metrics,0.4388912689844891,0.49320141264979056,0.28692590799606227,0.8313105649995894,1.0368641971158912,0.9635620779746464
Figure 3,3D,MMP,soft MMP,eapp_only_diffusion,Eapp-only diffusion,1200,1200,20260604,352,fast_surrogate_curve_anchorable_to_existing_depth_metrics+full_endpoint_anchor_depth_metrics,0.4858280410163295,0.5131518897455344,0.296312053711657,0.9313622334455669,1.6997119632336855,0.4990942028985508
Figure 3,3D,PIEZO,sheet piezo,eapp_only_diffusion,Eapp-only diffusion,1200,1200,20260604,352,fast_surrogate_curve_anchorable_to_existing_depth_metrics+full_endpoint_anchor_depth_metrics,0.7315470067116941,1.1174707200100873,0.5339168880206457,0.8588424899400509,2.2148175809840907,0.9413277046439732
Figure 3,3D,US,ultrasound,eapp_only_diffusion,Eapp-only diffusion,1200,1200,20260604,352,fast_surrogate_curve_anchorable_to_existing_depth_metrics+full_endpoint_anchor_depth_metrics,0.4054654384518674,0.4500845719170403,0.2655179681929906,0.941715768799102,1.7279103063206784,0.7431768527732977
Figure 3,3D,MMP,soft MMP,op_conditioned_diffusion_ours,operator-conditioned diffusion,1200,3600,20260604,352,fast_surrogate_curve_anchorable_to_existing_depth_metrics+full_endpoint_anchor_depth_metrics,0.20715399126589096,0.26387222281208556,0.13211284707431042,0.9297926760833266,0.901991409800496,1.0
Figure 3,3D,PIEZO,sheet piezo,op_conditioned_diffusion_ours,operator-conditioned diffusion,1200,3600,20260604,352,fast_surrogate_curve_anchorable_to_existing_depth_metrics+full_endpoint_anchor_depth_metrics,0.5999727621791444,0.7118684712108562,0.3258976911787567,0.9370806643672496,2.081948106808014,0.8123646967720154
Figure 3,3D,US,ultrasound,op_conditioned_diffusion_ours,operator-conditioned diffusion,1200,3600,20260604,352,fast_surrogate_curve_anchorable_to_existing_depth_metrics+full_endpoint_anchor_depth_metrics,0.21268503672295377,0.2688400935882508,0.1377583393376299,0.940347923681257,0.9331776370789184,0.9945945945945946
Figure 3,3D,MMP,soft MMP,SRCNN_3D_proxy,SRCNN 3D proxy,50,50,20260605,352,fast_surrogate_curve_anchorable_to_existing_depth_metrics+full_endpoint_anchor_depth_metrics,0.6897930909392253,0.7453820361973761,0.645805823852449,0.0,0.1909004628398277,0.8800557753234978
Figure 3,3D,PIEZO,sheet piezo,SRCNN_3D_proxy,SRCNN 3D proxy,50,50,20260605,352,fast_surrogate_curve_anchorable_to_existing_depth_metrics+full_endpoint_anchor_depth_metrics,1.2759310983863645,1.7183028583467546,1.2709923272086663,0.6642676767676767,4.3880748169842585,0.8212105102929353
Figure 3,3D,US,ultrasound,SRCNN_3D_proxy,SRCNN 3D proxy,50,50,20260605,352,fast_surrogate_curve_anchorable_to_existing_depth_metrics+full_endpoint_anchor_depth_metrics,1.7824756564784325,1.7818298742164693,1.609222648460498,0.0,0.5232583834675297,0.7986167935187544
Figure 3,3D,MMP,soft MMP,direct_scalar_regression,direct scalar regression,50,50,20260605,352,fast_surrogate_curve_anchorable_to_existing_depth_metrics+full_endpoint_anchor_depth_metrics,1.4929138042182124,1.7985359085683932,1.0250777752477391,0.731797138047138,3.5191292586780554,0.45522714720908386
Figure 3,3D,PIEZO,sheet piezo,direct_scalar_regression,direct scalar regression,50,50,20260605,352,fast_surrogate_curve_anchorable_to_existing_depth_metrics+full_endpoint_anchor_depth_metrics,1.3651153832401515,1.6835015709561505,0.9778409362386064,0.7839155443322109,4.925238706179666,0.34370787886610876
Figure 3,3D,US,ultrasound,direct_scalar_regression,direct scalar regression,50,50,20260605,352,fast_surrogate_curve_anchorable_to_existing_depth_metrics+full_endpoint_anchor_depth_metrics,3.397482943284446,3.609102832346825,2.246232241791134,0.6479727833894502,7.243144995171184,0.4798810075735781
Figure 3,3D,MMP,soft MMP,unet_3d,3D U-Net,50,50,20260605,352,fast_surrogate_curve_anchorable_to_existing_depth_metrics+full_endpoint_anchor_depth_metrics,0.8272517246547401,0.9305177412037188,0.8029786331766945,0.0,0.21950633521819937,0.8800557753234978
Figure 3,3D,PIEZO,sheet piezo,unet_3d,3D U-Net,50,50,20260605,352,fast_surrogate_curve_anchorable_to_existing_depth_metrics+full_endpoint_anchor_depth_metrics,1.9593240695255643,4.5679700831623595,2.2488222922573695,0.5269570707070707,4.120200159589229,0.8212105102929353
Figure 3,3D,US,ultrasound,unet_3d,3D U-Net,50,50,20260605,352,fast_surrogate_curve_anchorable_to_existing_depth_metrics+full_endpoint_anchor_depth_metrics,2.2486908828184693,2.297346920298367,2.149224729948361,0.0,0.544002735828683,0.7986167935187544
Figure 3,3D,MMP,soft MMP,kernel_gp,kernel GP,50,50,20260605,352,fast_surrogate_curve_anchorable_to_existing_depth_metrics+full_endpoint_anchor_depth_metrics,0.721515245894364,0.8021943528298887,0.48134080839601107,0.7334180216802167,1.1391905411821228,0.9356028159306848
Figure 3,3D,PIEZO,sheet piezo,kernel_gp,kernel GP,50,50,20260605,352,fast_surrogate_curve_anchorable_to_existing_depth_metrics+full_endpoint_anchor_depth_metrics,0.8424837853482356,1.3852852004527074,0.6418693279257297,0.8710157126823795,3.258089954288478,0.9588478085047406
Figure 3,3D,US,ultrasound,kernel_gp,kernel GP,50,50,20260605,352,fast_surrogate_curve_anchorable_to_existing_depth_metrics+full_endpoint_anchor_depth_metrics,1.9393632893415778,2.076771788763303,1.3167021493928959,0.6153061783143084,2.7600429878390242,0.969279688619634
Figure 3,3D,MMP,soft MMP,vanilla_3d_diffusion,vanilla 3D diffusion,50,150,20260605,352,fast_surrogate_curve_anchorable_to_existing_depth_metrics+full_endpoint_anchor_depth_metrics,0.478473527045276,0.5126015553266322,0.30312250164382654,0.9157407407407407,1.7639448280415628,0.5816361082754525
Figure 3,3D,PIEZO,sheet piezo,vanilla_3d_diffusion,vanilla 3D diffusion,50,150,20260605,352,fast_surrogate_curve_anchorable_to_existing_depth_metrics+full_endpoint_anchor_depth_metrics,0.6767523655378274,1.0416275169136255,0.49465176187409304,0.7897357723577236,2.1989189436911,0.965120411995412
Figure 3,3D,US,ultrasound,vanilla_3d_diffusion,vanilla 3D diffusion,50,150,20260605,352,fast_surrogate_curve_anchorable_to_existing_depth_metrics+full_endpoint_anchor_depth_metrics,0.5206553902183858,0.5535547617013934,0.3263511291615455,0.8796296296296298,1.7987047194897912,0.7653517551058536
Figure 3,3D,MMP,soft MMP,dps_inverse_diffusion,DPS inverse diffusion,50,50,20260605,352,fast_surrogate_curve_anchorable_to_existing_depth_metrics+full_endpoint_anchor_depth_metrics,0.5451070565978798,0.6316561113473703,0.361101241623171,0.7704348703840572,0.881545216704762,0.9238788238788238
Figure 3,3D,PIEZO,sheet piezo,dps_inverse_diffusion,DPS inverse diffusion,50,50,20260605,352,fast_surrogate_curve_anchorable_to_existing_depth_metrics+full_endpoint_anchor_depth_metrics,0.6913640358549052,1.0896772770454541,0.5117964635514927,0.8864618406285071,2.471555128963064,0.9959051424269704
Figure 3,3D,US,ultrasound,dps_inverse_diffusion,DPS inverse diffusion,50,50,20260605,352,fast_surrogate_curve_anchorable_to_existing_depth_metrics+full_endpoint_anchor_depth_metrics,1.6990870211452684,1.7491239875753828,1.1339407179612147,0.5557423831814076,2.390718332084115,0.9635620779746464
Figure 3,3D,MMP,soft MMP,eapp_only_diffusion,Eapp-only diffusion,50,50,20260605,352,fast_surrogate_curve_anchorable_to_existing_depth_metrics+full_endpoint_anchor_depth_metrics,0.5800207538397444,0.6606185441223926,0.36378134299065623,0.8773849607182941,1.6725757650525186,0.4990942028985508
Figure 3,3D,PIEZO,sheet piezo,eapp_only_diffusion,Eapp-only diffusion,50,50,20260605,352,fast_surrogate_curve_anchorable_to_existing_depth_metrics+full_endpoint_anchor_depth_metrics,1.1280229111635987,2.6536726498997196,0.892270253597075,0.8446379444855054,2.511143388905527,0.9413277046439732
Figure 3,3D,US,ultrasound,eapp_only_diffusion,Eapp-only diffusion,50,50,20260605,352,fast_surrogate_curve_anchorable_to_existing_depth_metrics+full_endpoint_anchor_depth_metrics,1.0705426111380743,1.1728242005681078,0.7024787241614333,0.8621703142536475,3.5556450942609836,0.7431768527732977
Figure 3,3D,MMP,soft MMP,op_conditioned_diffusion_ours,operator-conditioned diffusion,50,150,20260605,352,fast_surrogate_curve_anchorable_to_existing_depth_metrics+full_endpoint_anchor_depth_metrics,0.26673300989033816,0.3611072857443338,0.1660286261836635,0.9013835851742357,0.9633716526627487,1.0
Figure 3,3D,PIEZO,sheet piezo,op_conditioned_diffusion_ours,operator-conditioned diffusion,50,150,20260605,352,fast_surrogate_curve_anchorable_to_existing_depth_metrics+full_endpoint_anchor_depth_metrics,0.6798632303423136,0.8039213467148478,0.37155057155937077,0.9058306643672496,2.223624046328046,0.8123646967720154
Figure 3,3D,US,ultrasound,op_conditioned_diffusion_ours,operator-conditioned diffusion,50,150,20260605,352,fast_surrogate_curve_anchorable_to_existing_depth_metrics+full_endpoint_anchor_depth_metrics,0.429294602784421,0.48442002744717255,0.24106228298104396,0.8238706509539843,0.9966800932832367,0.9945945945945946
Figure 3,3D,MMP,soft MMP,SRCNN_3D_proxy,SRCNN 3D proxy,100,100,20260605,352,fast_surrogate_curve_anchorable_to_existing_depth_metrics+full_endpoint_anchor_depth_metrics,0.6697542170467026,0.7140295374331179,0.634711389897056,0.009418370698858425,0.21708765499738017,0.8800557753234978
Figure 3,3D,PIEZO,sheet piezo,SRCNN_3D_proxy,SRCNN 3D proxy,100,100,20260605,352,fast_surrogate_curve_anchorable_to_existing_depth_metrics+full_endpoint_anchor_depth_metrics,1.233119947184436,1.6075597824168377,1.2324645670362853,0.5875631313131313,3.849636232941938,0.8212105102929353
Figure 3,3D,US,ultrasound,SRCNN_3D_proxy,SRCNN 3D proxy,100,100,20260605,352,fast_surrogate_curve_anchorable_to_existing_depth_metrics+full_endpoint_anchor_depth_metrics,1.0857568807985438,1.0729703767264267,0.9461044296538527,0.02529769237086299,0.36834074772585823,0.7986167935187544
Figure 3,3D,MMP,soft MMP,direct_scalar_regression,direct scalar regression,100,100,20260605,352,fast_surrogate_curve_anchorable_to_existing_depth_metrics+full_endpoint_anchor_depth_metrics,1.4495438258172966,1.7228853131522017,1.007467748740413,0.7573653198653199,4.001873578693611,0.45522714720908386
Figure 3,3D,PIEZO,sheet piezo,direct_scalar_regression,direct scalar regression,100,100,20260605,352,fast_surrogate_curve_anchorable_to_existing_depth_metrics+full_endpoint_anchor_depth_metrics,1.3193118432575592,1.5750014067418463,0.9481995133349163,0.7072109988776655,4.320887443807987,0.34370787886610876
Figure 3,3D,US,ultrasound,direct_scalar_regression,direct scalar regression,100,100,20260605,352,fast_surrogate_curve_anchorable_to_existing_depth_metrics+full_endpoint_anchor_depth_metrics,2.069503989947708,2.1733053652893983,1.3206191672873804,0.736040965207632,5.098715142848195,0.4798810075735781
Figure 3,3D,MMP,soft MMP,unet_3d,3D U-Net,100,100,20260605,352,fast_surrogate_curve_anchorable_to_existing_depth_metrics+full_endpoint_anchor_depth_metrics,0.7371771522162018,0.7802530455956544,0.6928030045269696,0.0,0.21345225958386735,0.8800557753234978
Figure 3,3D,PIEZO,sheet piezo,unet_3d,3D U-Net,100,100,20260605,352,fast_surrogate_curve_anchorable_to_existing_depth_metrics+full_endpoint_anchor_depth_metrics,1.2804773604625261,2.3404079845264816,1.337039174939228,0.5752525252525252,3.779416827152134,0.8212105102929353
Figure 3,3D,US,ultrasound,unet_3d,3D U-Net,100,100,20260605,352,fast_surrogate_curve_anchorable_to_existing_depth_metrics+full_endpoint_anchor_depth_metrics,1.2329056664492029,1.3225096606544642,1.144539405843698,0.010146177219347852,0.43467707414006757,0.7986167935187544
Figure 3,3D,MMP,soft MMP,kernel_gp,kernel GP,100,100,20260605,352,fast_surrogate_curve_anchorable_to_existing_depth_metrics+full_endpoint_anchor_depth_metrics,0.6350169529361939,0.6767531944672008,0.40398799220704157,0.8271680216802167,1.3185332087378416,0.9356028159306848
Figure 3,3D,PIEZO,sheet piezo,kernel_gp,kernel GP,100,100,20260605,352,fast_surrogate_curve_anchorable_to_existing_depth_metrics+full_endpoint_anchor_depth_metrics,0.7532211645686043,1.3423440728345133,0.5827838663966988,0.8511293490460159,2.8919154844322983,0.9588478085047406
Figure 3,3D,US,ultrasound,kernel_gp,kernel GP,100,100,20260605,352,fast_surrogate_curve_anchorable_to_existing_depth_metrics+full_endpoint_anchor_depth_metrics,0.937764158599274,1.0347467822734313,0.6089816528184077,0.8141698146779448,1.9275451800371097,0.969279688619634
Figure 3,3D,MMP,soft MMP,vanilla_3d_diffusion,vanilla 3D diffusion,100,300,20260605,352,fast_surrogate_curve_anchorable_to_existing_depth_metrics+full_endpoint_anchor_depth_metrics,0.5462662413257864,0.5727503554072868,0.33309491921043616,0.9072180134680135,1.7442953090735784,0.5816361082754525
Figure 3,3D,PIEZO,sheet piezo,vanilla_3d_diffusion,vanilla 3D diffusion,100,300,20260605,352,fast_surrogate_curve_anchorable_to_existing_depth_metrics+full_endpoint_anchor_depth_metrics,0.6226700346324623,0.9505109388954347,0.44807395087781626,0.9090539541759054,2.1744240168621864,0.965120411995412
Figure 3,3D,US,ultrasound,vanilla_3d_diffusion,vanilla 3D diffusion,100,300,20260605,352,fast_surrogate_curve_anchorable_to_existing_depth_metrics+full_endpoint_anchor_depth_metrics,0.5513380092582089,0.5842422891245179,0.3485731024331881,0.8426978114478116,1.7786679916162451,0.7653517551058536
Figure 3,3D,MMP,soft MMP,dps_inverse_diffusion,DPS inverse diffusion,100,100,20260605,352,fast_surrogate_curve_anchorable_to_existing_depth_metrics+full_endpoint_anchor_depth_metrics,0.4760517384812293,0.5283236518537653,0.31117001900208247,0.7903212340204209,0.9653254755017868,0.9238788238788238
Figure 3,3D,PIEZO,sheet piezo,dps_inverse_diffusion,DPS inverse diffusion,100,100,20260605,352,fast_surrogate_curve_anchorable_to_existing_depth_metrics+full_endpoint_anchor_depth_metrics,0.4607134797072608,0.6228021128578108,0.3456326331534149,0.9006663860830526,2.2354891968863133,0.9959051424269704
Figure 3,3D,US,ultrasound,dps_inverse_diffusion,DPS inverse diffusion,100,100,20260605,352,fast_surrogate_curve_anchorable_to_existing_depth_metrics+full_endpoint_anchor_depth_metrics,0.7623703569065791,0.7947957764549775,0.4862648966466359,0.7347196559086804,1.4268903552409544,0.9635620779746464
Figure 3,3D,MMP,soft MMP,eapp_only_diffusion,Eapp-only diffusion,100,100,20260605,352,fast_surrogate_curve_anchorable_to_existing_depth_metrics+full_endpoint_anchor_depth_metrics,0.5323011636597922,0.5737886582519064,0.32822858824531687,0.8802258698092033,1.6155352833488978,0.4990942028985508
Figure 3,3D,PIEZO,sheet piezo,eapp_only_diffusion,Eapp-only diffusion,100,100,20260605,352,fast_surrogate_curve_anchorable_to_existing_depth_metrics+full_endpoint_anchor_depth_metrics,0.8541867666068671,1.43784344091176,0.6401545505891321,0.8133879444855054,2.218079264090195,0.9413277046439732
Figure 3,3D,US,ultrasound,eapp_only_diffusion,Eapp-only diffusion,100,100,20260605,352,fast_surrogate_curve_anchorable_to_existing_depth_metrics+full_endpoint_anchor_depth_metrics,0.7344928342740832,0.815230948133665,0.4873569232906237,0.8621703142536475,2.458724968716189,0.7431768527732977
Figure 3,3D,MMP,soft MMP,op_conditioned_diffusion_ours,operator-conditioned diffusion,100,300,20260605,352,fast_surrogate_curve_anchorable_to_existing_depth_metrics+full_endpoint_anchor_depth_metrics,0.20743257622110473,0.2728760539474529,0.13369799901305873,0.9297926760833266,0.8845565405215838,1.0
Figure 3,3D,PIEZO,sheet piezo,op_conditioned_diffusion_ours,operator-conditioned diffusion,100,300,20260605,352,fast_surrogate_curve_anchorable_to_existing_depth_metrics+full_endpoint_anchor_depth_metrics,0.6336533053918149,0.761065521281655,0.35106340550635706,0.8688988461854315,2.0417054917528388,0.8123646967720154
Figure 3,3D,US,ultrasound,op_conditioned_diffusion_ours,operator-conditioned diffusion,100,300,20260605,352,fast_surrogate_curve_anchorable_to_existing_depth_metrics+full_endpoint_anchor_depth_metrics,0.2953069663216807,0.34761861476186895,0.17199728844593354,0.9147797418630751,0.9151399596246802,0.9945945945945946
Figure 3,3D,MMP,soft MMP,SRCNN_3D_proxy,SRCNN 3D proxy,200,200,20260605,352,fast_surrogate_curve_anchorable_to_existing_depth_metrics+full_endpoint_anchor_depth_metrics,0.6314112288450865,0.675745952618787,0.604017108533751,0.06907746160794936,0.2526055895739052,0.8800557753234978
Figure 3,3D,PIEZO,sheet piezo,SRCNN_3D_proxy,SRCNN 3D proxy,200,200,20260605,352,fast_surrogate_curve_anchorable_to_existing_depth_metrics+full_endpoint_anchor_depth_metrics,1.1282891887311248,1.398097295112787,1.1006591443492255,0.6273358585858586,4.0496332236587,0.8212105102929353
Figure 3,3D,US,ultrasound,SRCNN_3D_proxy,SRCNN 3D proxy,200,200,20260605,352,fast_surrogate_curve_anchorable_to_existing_depth_metrics+full_endpoint_anchor_depth_metrics,0.9306965725898922,0.9578170349440657,0.8252444947685706,0.07643405600722664,0.37842828025208225,0.7986167935187544
Figure 3,3D,MMP,soft MMP,direct_scalar_regression,direct scalar regression,200,200,20260605,352,fast_surrogate_curve_anchorable_to_existing_depth_metrics+full_endpoint_anchor_depth_metrics,1.3665583956454364,1.6305106667915736,0.9587471821387812,0.8170244107744108,4.6566242320795865,0.45522714720908386
Figure 3,3D,PIEZO,sheet piezo,direct_scalar_regression,direct scalar regression,200,200,20260605,352,fast_surrogate_curve_anchorable_to_existing_depth_metrics+full_endpoint_anchor_depth_metrics,1.2071536858285803,1.3697812240948644,0.8467947013918775,0.7469837261503928,4.545366961792737,0.34370787886610876
Figure 3,3D,US,ultrasound,direct_scalar_regression,direct scalar regression,200,200,20260605,352,fast_surrogate_curve_anchorable_to_existing_depth_metrics+full_endpoint_anchor_depth_metrics,1.773951705458095,1.9400618564703116,1.1519169167070678,0.7871773288439956,5.238350670991587,0.4798810075735781
Figure 3,3D,MMP,soft MMP,unet_3d,3D U-Net,200,200,20260605,352,fast_surrogate_curve_anchorable_to_existing_depth_metrics+full_endpoint_anchor_depth_metrics,0.6612582563963604,0.6869961836004848,0.6150422717016292,0.061501704032191684,0.2510357711458804,0.8800557753234978
Figure 3,3D,PIEZO,sheet piezo,unet_3d,3D U-Net,200,200,20260605,352,fast_surrogate_curve_anchorable_to_existing_depth_metrics+full_endpoint_anchor_depth_metrics,1.0944450290408327,1.3914567724062725,1.0917508080563116,0.6121843434343435,3.860994132633413,0.8212105102929353
Figure 3,3D,US,ultrasound,unet_3d,3D U-Net,200,200,20260605,352,fast_surrogate_curve_anchorable_to_existing_depth_metrics+full_endpoint_anchor_depth_metrics,1.003146996198452,1.0920979305049165,0.9313679888567677,0.07264617721934785,0.42769459354135886,0.7986167935187544
Figure 3,3D,MMP,soft MMP,kernel_gp,kernel GP,200,200,20260605,352,fast_surrogate_curve_anchorable_to_existing_depth_metrics+full_endpoint_anchor_depth_metrics,0.5539127160238843,0.5779363783713427,0.3481671133638655,0.9123952944074895,1.4858304298780773,0.9356028159306848
Figure 3,3D,PIEZO,sheet piezo,kernel_gp,kernel GP,200,200,20260605,352,fast_surrogate_curve_anchorable_to_existing_depth_metrics+full_endpoint_anchor_depth_metrics,0.6762585240937042,0.9288535098701243,0.5081065232256405,0.853970258136925,2.7969192132179503,0.9588478085047406
Figure 3,3D,US,ultrasound,kernel_gp,kernel GP,200,200,20260605,352,fast_surrogate_curve_anchorable_to_existing_depth_metrics+full_endpoint_anchor_depth_metrics,0.7476692225860226,0.8285010669562959,0.482266933508226,0.8738289055870356,1.8569445572472985,0.969279688619634
Figure 3,3D,MMP,soft MMP,vanilla_3d_diffusion,vanilla 3D diffusion,200,600,20260605,352,fast_surrogate_curve_anchorable_to_existing_depth_metrics+full_endpoint_anchor_depth_metrics,0.5672346714341644,0.5889316466569199,0.34397503414812836,0.921422558922559,1.8248701678372983,0.5816361082754525
Figure 3,3D,PIEZO,sheet piezo,vanilla_3d_diffusion,vanilla 3D diffusion,200,600,20260605,352,fast_surrogate_curve_anchorable_to_existing_depth_metrics+full_endpoint_anchor_depth_metrics,0.6355915913598396,0.9622671982987703,0.45403852799717564,0.9374630450849963,2.2748679652806247,0.965120411995412
Figure 3,3D,US,ultrasound,vanilla_3d_diffusion,vanilla 3D diffusion,200,600,20260605,352,fast_surrogate_curve_anchorable_to_existing_depth_metrics+full_endpoint_anchor_depth_metrics,0.5154856455032802,0.5489009848865672,0.3219108968265751,0.916561447811448,1.8608306400316361,0.7653517551058536
Figure 3,3D,MMP,soft MMP,dps_inverse_diffusion,DPS inverse diffusion,200,200,20260605,352,fast_surrogate_curve_anchorable_to_existing_depth_metrics+full_endpoint_anchor_depth_metrics,0.4234044068725002,0.4586084137329432,0.2723132133597925,0.8840712340204209,1.12578170488339,0.9238788238788238
Figure 3,3D,PIEZO,sheet piezo,dps_inverse_diffusion,DPS inverse diffusion,200,200,20260605,352,fast_surrogate_curve_anchorable_to_existing_depth_metrics+full_endpoint_anchor_depth_metrics,0.4527785560242068,0.612868248960836,0.34060998204241055,0.9063482042648707,2.240731902875913,0.9959051424269704
Figure 3,3D,US,ultrasound,dps_inverse_diffusion,DPS inverse diffusion,200,200,20260605,352,fast_surrogate_curve_anchorable_to_existing_depth_metrics+full_endpoint_anchor_depth_metrics,0.5929202778679669,0.6235630018372968,0.3733922723566825,0.8568787468177712,1.3530334316426627,0.9635620779746464
Figure 3,3D,MMP,soft MMP,eapp_only_diffusion,Eapp-only diffusion,200,200,20260605,352,fast_surrogate_curve_anchorable_to_existing_depth_metrics+full_endpoint_anchor_depth_metrics,0.4646800540388265,0.505346083490965,0.2941331393732939,0.9569304152637487,1.9425103962229688,0.4990942028985508
Figure 3,3D,PIEZO,sheet piezo,eapp_only_diffusion,Eapp-only diffusion,200,200,20260605,352,fast_surrogate_curve_anchorable_to_existing_depth_metrics+full_endpoint_anchor_depth_metrics,0.7661638386793934,1.1672573671209612,0.5590324505913473,0.8531606717582327,2.2749654738503398,0.9413277046439732
Figure 3,3D,US,ultrasound,eapp_only_diffusion,Eapp-only diffusion,200,200,20260605,352,fast_surrogate_curve_anchorable_to_existing_depth_metrics+full_endpoint_anchor_depth_metrics,0.6359181170143448,0.6800998014786543,0.4094065280291366,0.9218294051627385,2.5336804000559825,0.7431768527732977
Figure 3,3D,MMP,soft MMP,op_conditioned_diffusion_ours,operator-conditioned diffusion,200,600,20260605,352,fast_surrogate_curve_anchorable_to_existing_depth_metrics+full_endpoint_anchor_depth_metrics,0.2027722153218931,0.25818978633161466,0.13085235647429802,0.941156312446963,0.9167933453501633,1.0
Figure 3,3D,PIEZO,sheet piezo,op_conditioned_diffusion_ours,operator-conditioned diffusion,200,600,20260605,352,fast_surrogate_curve_anchorable_to_existing_depth_metrics+full_endpoint_anchor_depth_metrics,0.6323328281961119,0.7486746294912223,0.34545255796256963,0.9058306643672496,2.116113467320195,0.8123646967720154
Figure 3,3D,US,ultrasound,op_conditioned_diffusion_ours,operator-conditioned diffusion,200,600,20260605,352,fast_surrogate_curve_anchorable_to_existing_depth_metrics+full_endpoint_anchor_depth_metrics,0.23746859169172585,0.285385732726491,0.1457999255027112,0.940347923681257,0.9484913474871897,0.9945945945945946
Figure 3,3D,MMP,soft MMP,SRCNN_3D_proxy,SRCNN 3D proxy,400,400,20260605,352,fast_surrogate_curve_anchorable_to_existing_depth_metrics+full_endpoint_anchor_depth_metrics,0.6232045859966867,0.6707335101703562,0.5890105004151585,0.05203200706249478,0.22106581290339905,0.8800557753234978
Figure 3,3D,PIEZO,sheet piezo,SRCNN_3D_proxy,SRCNN 3D proxy,400,400,20260605,352,fast_surrogate_curve_anchorable_to_existing_depth_metrics+full_endpoint_anchor_depth_metrics,1.0829205503630557,1.3515524228861973,1.0671265656158302,0.6216540404040404,3.7692628278944227,0.8212105102929353
Figure 3,3D,US,ultrasound,SRCNN_3D_proxy,SRCNN 3D proxy,400,400,20260605,352,fast_surrogate_curve_anchorable_to_existing_depth_metrics+full_endpoint_anchor_depth_metrics,0.8239941579361306,0.9163434608154545,0.7639681865430504,0.05370678327995393,0.3160576748771849,0.7986167935187544
Figure 3,3D,MMP,soft MMP,direct_scalar_regression,direct scalar regression,400,400,20260605,352,fast_surrogate_curve_anchorable_to_existing_depth_metrics+full_endpoint_anchor_depth_metrics,1.348796822565627,1.6184161202431668,0.9349274210030624,0.7999789562289562,4.075208402897042,0.45522714720908386
Figure 3,3D,PIEZO,sheet piezo,direct_scalar_regression,direct scalar regression,400,400,20260605,352,fast_surrogate_curve_anchorable_to_existing_depth_metrics+full_endpoint_anchor_depth_metrics,1.1586138969393245,1.3241790386985084,0.8209963330766495,0.7413019079685745,4.230675170317277,0.34370787886610876
Figure 3,3D,US,ultrasound,direct_scalar_regression,direct scalar regression,400,400,20260605,352,fast_surrogate_curve_anchorable_to_existing_depth_metrics+full_endpoint_anchor_depth_metrics,1.5705718542518043,1.8560569825925868,1.0663844272620724,0.7644500561167229,4.374992619901674,0.4798810075735781
Figure 3,3D,MMP,soft MMP,unet_3d,3D U-Net,400,400,20260605,352,fast_surrogate_curve_anchorable_to_existing_depth_metrics+full_endpoint_anchor_depth_metrics,0.6246913041550833,0.6712436629975699,0.5903043479924407,0.04161534039582804,0.22933326861602396,0.8800557753234978
Figure 3,3D,PIEZO,sheet piezo,unet_3d,3D U-Net,400,400,20260605,352,fast_surrogate_curve_anchorable_to_existing_depth_metrics+full_endpoint_anchor_depth_metrics,1.0481582251419215,1.3309916450507508,1.0415933510684443,0.6320707070707071,3.825096646640414,0.8212105102929353
Figure 3,3D,US,ultrasound,unet_3d,3D U-Net,400,400,20260605,352,fast_surrogate_curve_anchorable_to_existing_depth_metrics+full_endpoint_anchor_depth_metrics,0.9199924595103278,1.0154542397616817,0.8580165924983062,0.04139617721934785,0.35500749967762163,0.7986167935187544
Figure 3,3D,MMP,soft MMP,kernel_gp,kernel GP,400,400,20260605,352,fast_surrogate_curve_anchorable_to_existing_depth_metrics+full_endpoint_anchor_depth_metrics,0.49102959337643415,0.5379693677188048,0.3168842019740799,0.8953498398620349,1.326733329561374,0.9356028159306848
Figure 3,3D,PIEZO,sheet piezo,kernel_gp,kernel GP,400,400,20260605,352,fast_surrogate_curve_anchorable_to_existing_depth_metrics+full_endpoint_anchor_depth_metrics,0.6269661332252535,0.8518185023651307,0.46581943677709137,0.8937429854096522,2.811982706289893,0.9588478085047406
Figure 3,3D,US,ultrasound,kernel_gp,kernel GP,400,400,20260605,352,fast_surrogate_curve_anchorable_to_existing_depth_metrics+full_endpoint_anchor_depth_metrics,0.6636802202304221,0.7618536229121801,0.4380342188694735,0.8368970874052175,1.5125069483253606,0.969279688619634
Figure 3,3D,MMP,soft MMP,vanilla_3d_diffusion,vanilla 3D diffusion,400,1200,20260605,352,fast_surrogate_curve_anchorable_to_existing_depth_metrics+full_endpoint_anchor_depth_metrics,0.5374788976926839,0.5625261960540652,0.3293650614124449,0.9157407407407407,1.7930621456977354,0.5816361082754525
Figure 3,3D,PIEZO,sheet piezo,vanilla_3d_diffusion,vanilla 3D diffusion,400,1200,20260605,352,fast_surrogate_curve_anchorable_to_existing_depth_metrics+full_endpoint_anchor_depth_metrics,0.6385305269184776,0.9699878112765484,0.4585534308232197,0.8721221359940873,2.2352163495769264,0.965120411995412
Figure 3,3D,US,ultrasound,vanilla_3d_diffusion,vanilla 3D diffusion,400,1200,20260605,352,fast_surrogate_curve_anchorable_to_existing_depth_metrics+full_endpoint_anchor_depth_metrics,0.5092298358431272,0.5451250603355707,0.31960549678510874,0.8995159932659934,1.8283958163168894,0.7653517551058536
Figure 3,3D,MMP,soft MMP,dps_inverse_diffusion,DPS inverse diffusion,400,400,20260605,352,fast_surrogate_curve_anchorable_to_existing_depth_metrics+full_endpoint_anchor_depth_metrics,0.3852210412624977,0.4413425167909587,0.25458056466534323,0.8585030522022391,1.0107158869834265,0.9238788238788238
Figure 3,3D,PIEZO,sheet piezo,dps_inverse_diffusion,DPS inverse diffusion,400,400,20260605,352,fast_surrogate_curve_anchorable_to_existing_depth_metrics+full_endpoint_anchor_depth_metrics,0.436729924321915,0.599891027513558,0.33382220397713597,0.9290754769921434,2.246200672965148,0.9959051424269704
Figure 3,3D,US,ultrasound,dps_inverse_diffusion,DPS inverse diffusion,400,400,20260605,352,fast_surrogate_curve_anchorable_to_existing_depth_metrics+full_endpoint_anchor_depth_metrics,0.48860759982013435,0.5401242247802933,0.31780136501061734,0.8142651104541349,1.0963298051691952,0.9635620779746464
Figure 3,3D,MMP,soft MMP,eapp_only_diffusion,Eapp-only diffusion,400,400,20260605,352,fast_surrogate_curve_anchorable_to_existing_depth_metrics+full_endpoint_anchor_depth_metrics,0.46268845927561836,0.5064921752372189,0.2880882131989196,0.9114758698092033,1.6613460861266147,0.4990942028985508
Figure 3,3D,PIEZO,sheet piezo,eapp_only_diffusion,Eapp-only diffusion,400,400,20260605,352,fast_surrogate_curve_anchorable_to_existing_depth_metrics+full_endpoint_anchor_depth_metrics,0.7555947983637252,1.1547064884226368,0.5539294931036665,0.8560015808491418,2.2153086818096503,0.9413277046439732
Figure 3,3D,US,ultrasound,eapp_only_diffusion,Eapp-only diffusion,400,400,20260605,352,fast_surrogate_curve_anchorable_to_existing_depth_metrics+full_endpoint_anchor_depth_metrics,0.5335164674141636,0.6100512618997801,0.35854456948021063,0.8678521324354657,1.9470895734043001,0.7431768527732977
Figure 3,3D,MMP,soft MMP,op_conditioned_diffusion_ours,operator-conditioned diffusion,400,1200,20260605,352,fast_surrogate_curve_anchorable_to_existing_depth_metrics+full_endpoint_anchor_depth_metrics,0.1867342826032893,0.24152435541964595,0.12243613780837519,0.941156312446963,0.880073050020131,1.0
Figure 3,3D,PIEZO,sheet piezo,op_conditioned_diffusion_ours,operator-conditioned diffusion,400,1200,20260605,352,fast_surrogate_curve_anchorable_to_existing_depth_metrics+full_endpoint_anchor_depth_metrics,0.6365521791499578,0.7388135910478736,0.3467291633770708,0.8490124825490678,2.0313568404686144,0.8123646967720154
Figure 3,3D,US,ultrasound,op_conditioned_diffusion_ours,operator-conditioned diffusion,400,1200,20260605,352,fast_surrogate_curve_anchorable_to_existing_depth_metrics+full_endpoint_anchor_depth_metrics,0.23273239842227733,0.29261861287694674,0.14597562125650196,0.9176206509539843,0.910501453064028,0.9945945945945946
Figure 3,3D,MMP,soft MMP,SRCNN_3D_proxy,SRCNN 3D proxy,800,800,20260605,352,fast_surrogate_curve_anchorable_to_existing_depth_metrics+full_endpoint_anchor_depth_metrics,0.6225245146788407,0.6627887723396512,0.5872990336455445,0.046350188880676546,0.22831913814162585,0.8800557753234978
Figure 3,3D,PIEZO,sheet piezo,SRCNN_3D_proxy,SRCNN 3D proxy,800,800,20260605,352,fast_surrogate_curve_anchorable_to_existing_depth_metrics+full_endpoint_anchor_depth_metrics,1.075822932898024,1.3502034966553695,1.06373858946761,0.6131313131313131,3.754682188824218,0.8212105102929353
Figure 3,3D,US,ultrasound,SRCNN_3D_proxy,SRCNN 3D proxy,800,800,20260605,352,fast_surrogate_curve_anchorable_to_existing_depth_metrics+full_endpoint_anchor_depth_metrics,0.7369602587710646,0.8328314777620246,0.694605844440559,0.05086587418904487,0.31463703689998657,0.7986167935187544
Figure 3,3D,MMP,soft MMP,direct_scalar_regression,direct scalar regression,800,800,20260605,352,fast_surrogate_curve_anchorable_to_existing_depth_metrics+full_endpoint_anchor_depth_metrics,1.3473249495190547,1.599246224030507,0.9322108357946155,0.794297138047138,4.208918864824883,0.45522714720908386
Figure 3,3D,PIEZO,sheet piezo,direct_scalar_regression,direct scalar regression,800,800,20260605,352,fast_surrogate_curve_anchorable_to_existing_depth_metrics+full_endpoint_anchor_depth_metrics,1.151020174364397,1.322857432662837,0.8183897856586918,0.7327791806958472,4.2143096499229005,0.34370787886610876
Figure 3,3D,US,ultrasound,direct_scalar_regression,direct scalar regression,800,800,20260605,352,fast_surrogate_curve_anchorable_to_existing_depth_metrics+full_endpoint_anchor_depth_metrics,1.4046811242291315,1.6869031599216255,0.969565053419791,0.7616091470258138,4.355327599369552,0.4798810075735781
Figure 3,3D,MMP,soft MMP,unet_3d,3D U-Net,800,800,20260605,352,fast_surrogate_curve_anchorable_to_existing_depth_metrics+full_endpoint_anchor_depth_metrics,0.623633809927761,0.6531001362704769,0.5841607452930255,0.05013806766855533,0.23377056322315326,0.8800557753234978
Figure 3,3D,PIEZO,sheet piezo,unet_3d,3D U-Net,800,800,20260605,352,fast_surrogate_curve_anchorable_to_existing_depth_metrics+full_endpoint_anchor_depth_metrics,1.0443426301895924,1.3380278831563652,1.0461702587347688,0.6008207070707071,3.763071173923284,0.8212105102929353
Figure 3,3D,US,ultrasound,unet_3d,3D U-Net,800,800,20260605,352,fast_surrogate_curve_anchorable_to_existing_depth_metrics+full_endpoint_anchor_depth_metrics,0.7894340351254897,0.8645076773235977,0.7351232825198076,0.06980526812843868,0.3254818701337504,0.7986167935187544
Figure 3,3D,MMP,soft MMP,kernel_gp,kernel GP,800,800,20260605,352,fast_surrogate_curve_anchorable_to_existing_depth_metrics+full_endpoint_anchor_depth_metrics,0.47620777191791497,0.5030585875152754,0.30213060042884293,0.9095543853165804,1.305860060269957,0.9356028159306848
Figure 3,3D,PIEZO,sheet piezo,kernel_gp,kernel GP,800,800,20260605,352,fast_surrogate_curve_anchorable_to_existing_depth_metrics+full_endpoint_anchor_depth_metrics,0.6157422763831194,0.8386780709680598,0.45789166920140517,0.8766975308641977,2.715915647265541,0.9588478085047406
Figure 3,3D,US,ultrasound,kernel_gp,kernel GP,800,800,20260605,352,fast_surrogate_curve_anchorable_to_existing_depth_metrics+full_endpoint_anchor_depth_metrics,0.585874335161612,0.6614551176056835,0.3827991523161089,0.8709879964961266,1.4321493636093114,0.969279688619634
Figure 3,3D,MMP,soft MMP,vanilla_3d_diffusion,vanilla 3D diffusion,800,2400,20260605,352,fast_surrogate_curve_anchorable_to_existing_depth_metrics+full_endpoint_anchor_depth_metrics,0.5792207574122483,0.6010082650299506,0.3490553856644893,0.9043771043771044,1.7601058447085893,0.5816361082754525
Figure 3,3D,PIEZO,sheet piezo,vanilla_3d_diffusion,vanilla 3D diffusion,800,2400,20260605,352,fast_surrogate_curve_anchorable_to_existing_depth_metrics+full_endpoint_anchor_depth_metrics,0.6317256681325353,0.9559472751698382,0.4525857732432295,0.8891675905395418,2.194133299014921,0.965120411995412
Figure 3,3D,US,ultrasound,vanilla_3d_diffusion,vanilla 3D diffusion,800,2400,20260605,352,fast_surrogate_curve_anchorable_to_existing_depth_metrics+full_endpoint_anchor_depth_metrics,0.5091708836011151,0.5451634905485858,0.3204104460606116,0.885311447811448,1.79479008603341,0.7653517551058536
Figure 3,3D,MMP,soft MMP,dps_inverse_diffusion,DPS inverse diffusion,800,800,20260605,352,fast_surrogate_curve_anchorable_to_existing_depth_metrics+full_endpoint_anchor_depth_metrics,0.39049145153725223,0.4266771125120347,0.25234485779412164,0.8670257794749664,1.0332533227049048,0.9238788238788238
Figure 3,3D,PIEZO,sheet piezo,dps_inverse_diffusion,DPS inverse diffusion,800,800,20260605,352,fast_surrogate_curve_anchorable_to_existing_depth_metrics+full_endpoint_anchor_depth_metrics,0.4366886782670433,0.601676540629607,0.33444432865803336,0.914870931537598,2.217691716316821,0.9959051424269704
Figure 3,3D,US,ultrasound,dps_inverse_diffusion,DPS inverse diffusion,800,800,20260605,352,fast_surrogate_curve_anchorable_to_existing_depth_metrics+full_endpoint_anchor_depth_metrics,0.4394215109999419,0.5019671303843454,0.29448663329180114,0.8142651104541349,1.0828447271094346,0.9635620779746464
Figure 3,3D,MMP,soft MMP,eapp_only_diffusion,Eapp-only diffusion,800,800,20260605,352,fast_surrogate_curve_anchorable_to_existing_depth_metrics+full_endpoint_anchor_depth_metrics,0.46715568192287427,0.4933041096521411,0.2868582475229406,0.9256804152637487,1.7270643925170115,0.4990942028985508
Figure 3,3D,PIEZO,sheet piezo,eapp_only_diffusion,Eapp-only diffusion,800,800,20260605,352,fast_surrogate_curve_anchorable_to_existing_depth_metrics+full_endpoint_anchor_depth_metrics,0.7505972882614538,1.1508447177457741,0.5515416351759151,0.8474788535764145,2.1981477559917146,0.9413277046439732
Figure 3,3D,US,ultrasound,eapp_only_diffusion,Eapp-only diffusion,800,800,20260605,352,fast_surrogate_curve_anchorable_to_existing_depth_metrics+full_endpoint_anchor_depth_metrics,0.4641120599635426,0.5202619007742312,0.3069017958862248,0.9133066778900112,1.8586825522989856,0.7431768527732977
Figure 3,3D,MMP,soft MMP,op_conditioned_diffusion_ours,operator-conditioned diffusion,800,2400,20260605,352,fast_surrogate_curve_anchorable_to_existing_depth_metrics+full_endpoint_anchor_depth_metrics,0.19656932934900245,0.2542623008609995,0.12762989821932585,0.9383154033560539,0.8887029496678291,1.0
Figure 3,3D,PIEZO,sheet piezo,op_conditioned_diffusion_ours,operator-conditioned diffusion,800,2400,20260605,352,fast_surrogate_curve_anchorable_to_existing_depth_metrics+full_endpoint_anchor_depth_metrics,0.63075479935529,0.7423064475205992,0.34554056689703055,0.8603761189127042,2.0512761024906796,0.8123646967720154
Figure 3,3D,US,ultrasound,op_conditioned_diffusion_ours,operator-conditioned diffusion,800,2400,20260605,352,fast_surrogate_curve_anchorable_to_existing_depth_metrics+full_endpoint_anchor_depth_metrics,0.22220164546391039,0.2757433122453941,0.1398852158927322,0.9318251964085297,0.9194297302892493,0.9945945945945946
Figure 3,3D,MMP,soft MMP,SRCNN_3D_proxy,SRCNN 3D proxy,1200,1200,20260605,352,fast_surrogate_curve_anchorable_to_existing_depth_metrics+full_endpoint_anchor_depth_metrics,0.6218535381215481,0.6614456268054748,0.5874480111459276,0.040668370698858425,0.23026411383632678,0.8800557753234978
Figure 3,3D,PIEZO,sheet piezo,SRCNN_3D_proxy,SRCNN 3D proxy,1200,1200,20260605,352,fast_surrogate_curve_anchorable_to_existing_depth_metrics+full_endpoint_anchor_depth_metrics,1.0666490090965115,1.351548256526795,1.0585904541181264,0.6216540404040404,3.746352853747691,0.8212105102929353
Figure 3,3D,US,ultrasound,SRCNN_3D_proxy,SRCNN 3D proxy,1200,1200,20260605,352,fast_surrogate_curve_anchorable_to_existing_depth_metrics+full_endpoint_anchor_depth_metrics,0.6996471615231042,0.7913976818314933,0.6617466748782068,0.06222951055268122,0.2999664853375066,0.7986167935187544
Figure 3,3D,MMP,soft MMP,direct_scalar_regression,direct scalar regression,1200,1200,20260605,352,fast_surrogate_curve_anchorable_to_existing_depth_metrics+full_endpoint_anchor_depth_metrics,1.3458727601917813,1.5960053416958948,0.9324473055181985,0.7886153198653199,4.244773261261745,0.45522714720908386
Figure 3,3D,PIEZO,sheet piezo,direct_scalar_regression,direct scalar regression,1200,1200,20260605,352,fast_surrogate_curve_anchorable_to_existing_depth_metrics+full_endpoint_anchor_depth_metrics,1.1412050170083643,1.3241749567215946,0.8144290556194493,0.7413019079685745,4.204960683638902,0.34370787886610876
Figure 3,3D,US,ultrasound,direct_scalar_regression,direct scalar regression,1200,1200,20260605,352,fast_surrogate_curve_anchorable_to_existing_depth_metrics+full_endpoint_anchor_depth_metrics,1.3335605953173846,1.6029788569274814,0.9236986059272402,0.7729727833894502,4.1522521485339485,0.4798810075735781
Figure 3,3D,MMP,soft MMP,unet_3d,3D U-Net,1200,1200,20260605,352,fast_surrogate_curve_anchorable_to_existing_depth_metrics+full_endpoint_anchor_depth_metrics,0.6153068822652447,0.6521581389635595,0.5764278200390547,0.05013806766855533,0.2306672471368185,0.8800557753234978
Figure 3,3D,PIEZO,sheet piezo,unet_3d,3D U-Net,1200,1200,20260605,352,fast_surrogate_curve_anchorable_to_existing_depth_metrics+full_endpoint_anchor_depth_metrics,1.0392780518821754,1.3235331542589428,1.0348690097715694,0.6207070707070707,3.781374694312451,0.8212105102929353
Figure 3,3D,US,ultrasound,unet_3d,3D U-Net,1200,1200,20260605,352,fast_surrogate_curve_anchorable_to_existing_depth_metrics+full_endpoint_anchor_depth_metrics,0.7129167071581062,0.7845948133769521,0.6651829120307043,0.0840098135829842,0.3031836400703235,0.7986167935187544
Figure 3,3D,MMP,soft MMP,kernel_gp,kernel GP,1200,1200,20260605,352,fast_surrogate_curve_anchorable_to_existing_depth_metrics+full_endpoint_anchor_depth_metrics,0.4530744766466926,0.4873453065960342,0.2897426022862652,0.9095543853165804,1.2503627463476092,0.9356028159306848
Figure 3,3D,PIEZO,sheet piezo,kernel_gp,kernel GP,1200,1200,20260605,352,fast_surrogate_curve_anchorable_to_existing_depth_metrics+full_endpoint_anchor_depth_metrics,0.6056027702465359,0.8194574791768378,0.4483603985597948,0.8965838945005613,2.694996458917242,0.9588478085047406
Figure 3,3D,US,ultrasound,kernel_gp,kernel GP,1200,1200,20260605,352,fast_surrogate_curve_anchorable_to_existing_depth_metrics+full_endpoint_anchor_depth_metrics,0.5421244675657748,0.6133784424903325,0.3539161713544763,0.8766698146779448,1.3633185643751613,0.969279688619634
Figure 3,3D,MMP,soft MMP,vanilla_3d_diffusion,vanilla 3D diffusion,1200,3600,20260605,352,fast_surrogate_curve_anchorable_to_existing_depth_metrics+full_endpoint_anchor_depth_metrics,0.5631944729274228,0.5856488221106988,0.34163049888320857,0.9128998316498317,1.7950147067049913,0.5816361082754525
Figure 3,3D,PIEZO,sheet piezo,vanilla_3d_diffusion,vanilla 3D diffusion,1200,3600,20260605,352,fast_surrogate_curve_anchorable_to_existing_depth_metrics+full_endpoint_anchor_depth_metrics,0.6326180952646482,0.9584772280261541,0.45256162323778676,0.9005312269031781,2.237650395880027,0.965120411995412
Figure 3,3D,US,ultrasound,vanilla_3d_diffusion,vanilla 3D diffusion,1200,3600,20260605,352,fast_surrogate_curve_anchorable_to_existing_depth_metrics+full_endpoint_anchor_depth_metrics,0.506615721939777,0.5416030473130111,0.31751518901864884,0.9108796296296298,1.8303868540426793,0.7653517551058536
Figure 3,3D,MMP,soft MMP,dps_inverse_diffusion,DPS inverse diffusion,1200,1200,20260605,352,fast_surrogate_curve_anchorable_to_existing_depth_metrics+full_endpoint_anchor_depth_metrics,0.3786796471553234,0.4235126709571409,0.24652425852994156,0.8698666885658755,1.0125662602624441,0.9238788238788238
Figure 3,3D,PIEZO,sheet piezo,dps_inverse_diffusion,DPS inverse diffusion,1200,1200,20260605,352,fast_surrogate_curve_anchorable_to_existing_depth_metrics+full_endpoint_anchor_depth_metrics,0.4328433577443457,0.5977952993685063,0.33296875703026735,0.912030022446689,2.1886632200713696,0.9959051424269704
Figure 3,3D,US,ultrasound,dps_inverse_diffusion,DPS inverse diffusion,1200,1200,20260605,352,fast_surrogate_curve_anchorable_to_existing_depth_metrics+full_endpoint_anchor_depth_metrics,0.4196280670059279,0.482813927703616,0.2807617527639016,0.8313105649995894,1.03592493048329,0.9635620779746464
Figure 3,3D,MMP,soft MMP,eapp_only_diffusion,Eapp-only diffusion,1200,1200,20260605,352,fast_surrogate_curve_anchorable_to_existing_depth_metrics+full_endpoint_anchor_depth_metrics,0.45952155853887,0.4977368096783756,0.28520566563487637,0.9228395061728396,1.7001974686595032,0.4990942028985508
Figure 3,3D,PIEZO,sheet piezo,eapp_only_diffusion,Eapp-only diffusion,1200,1200,20260605,352,fast_surrogate_curve_anchorable_to_existing_depth_metrics+full_endpoint_anchor_depth_metrics,0.7456455085374253,1.141405858752166,0.5472097292110253,0.8560015808491418,2.202084029106928,0.9413277046439732
Figure 3,3D,US,ultrasound,eapp_only_diffusion,Eapp-only diffusion,1200,1200,20260605,352,fast_surrogate_curve_anchorable_to_existing_depth_metrics+full_endpoint_anchor_depth_metrics,0.42881359668329666,0.4821238559456469,0.2832266955207877,0.910465768799102,1.7458945430565274,0.7431768527732977
Figure 3,3D,MMP,soft MMP,op_conditioned_diffusion_ours,operator-conditioned diffusion,1200,3600,20260605,352,fast_surrogate_curve_anchorable_to_existing_depth_metrics+full_endpoint_anchor_depth_metrics,0.19361435417898787,0.2496574814904114,0.12653231104538015,0.941156312446963,0.8989999165817648,1.0
Figure 3,3D,PIEZO,sheet piezo,op_conditioned_diffusion_ours,operator-conditioned diffusion,1200,3600,20260605,352,fast_surrogate_curve_anchorable_to_existing_depth_metrics+full_endpoint_anchor_depth_metrics,0.626882463303577,0.7350673436639266,0.3415909928478741,0.8831033916399769,2.0750432365669065,0.8123646967720154
Figure 3,3D,US,ultrasound,op_conditioned_diffusion_ours,operator-conditioned diffusion,1200,3600,20260605,352,fast_surrogate_curve_anchorable_to_existing_depth_metrics+full_endpoint_anchor_depth_metrics,0.22323958208756786,0.27596023312977047,0.1405223284736633,0.9375070145903479,0.9300827133990903,0.9945945945945946
Figure 3,3D,MMP,soft MMP,SRCNN_3D_proxy,SRCNN 3D proxy,50,50,20260606,352,fast_surrogate_curve_anchorable_to_existing_depth_metrics+full_endpoint_anchor_depth_metrics,0.6766298301365278,0.7090867848929856,0.6292958023182048,0.03214564342613113,0.22404095433436133,0.8800557753234978
Figure 3,3D,PIEZO,sheet piezo,SRCNN_3D_proxy,SRCNN 3D proxy,50,50,20260606,352,fast_surrogate_curve_anchorable_to_existing_depth_metrics+full_endpoint_anchor_depth_metrics,1.1687150074228094,1.4723018324786237,1.1498167293173194,0.641540404040404,4.196205237116997,0.8212105102929353
Figure 3,3D,US,ultrasound,SRCNN_3D_proxy,SRCNN 3D proxy,50,50,20260606,352,fast_surrogate_curve_anchorable_to_existing_depth_metrics+full_endpoint_anchor_depth_metrics,1.4586829301571307,1.436525737270272,1.2730538284768356,0.045184056007226636,0.5053967949858552,0.7986167935187544
Figure 3,3D,MMP,soft MMP,direct_scalar_regression,direct scalar regression,50,50,20260606,352,fast_surrogate_curve_anchorable_to_existing_depth_metrics+full_endpoint_anchor_depth_metrics,1.4644246615767371,1.7109589217194983,0.9988716688322571,0.7800925925925926,4.130053252944312,0.45522714720908386
Figure 3,3D,PIEZO,sheet piezo,direct_scalar_regression,direct scalar regression,50,50,20260606,352,fast_surrogate_curve_anchorable_to_existing_depth_metrics+full_endpoint_anchor_depth_metrics,1.2504051647257468,1.4424828753902907,0.884614205002884,0.7611882716049382,4.709881511802992,0.34370787886610876
Figure 3,3D,US,ultrasound,direct_scalar_regression,direct scalar regression,50,50,20260606,352,fast_surrogate_curve_anchorable_to_existing_depth_metrics+full_endpoint_anchor_depth_metrics,2.780318685900097,2.9096880584074163,1.7769912434404214,0.7559273288439956,6.995897976672384,0.4798810075735781
Figure 3,3D,MMP,soft MMP,unet_3d,3D U-Net,50,50,20260606,352,fast_surrogate_curve_anchorable_to_existing_depth_metrics+full_endpoint_anchor_depth_metrics,0.845657064130416,0.8685229483435827,0.7808952725356426,0.010365340395828038,0.26182603212418826,0.8800557753234978
Figure 3,3D,PIEZO,sheet piezo,unet_3d,3D U-Net,50,50,20260606,352,fast_surrogate_curve_anchorable_to_existing_depth_metrics+full_endpoint_anchor_depth_metrics,1.2488198565275364,1.7483022616837927,1.2672138345028434,0.5780934343434343,4.08481520274888,0.8212105102929353
Figure 3,3D,US,ultrasound,unet_3d,3D U-Net,50,50,20260606,352,fast_surrogate_curve_anchorable_to_existing_depth_metrics+full_endpoint_anchor_depth_metrics,1.6477539710677025,1.7449886593468746,1.5187969784950301,0.015827995401165973,0.5727273607303525,0.7986167935187544
Figure 3,3D,MMP,soft MMP,kernel_gp,kernel GP,50,50,20260606,352,fast_surrogate_curve_anchorable_to_existing_depth_metrics+full_endpoint_anchor_depth_metrics,0.6940053439849325,0.7293734539354692,0.43914663251552266,0.8726225671347622,1.6353207864636228,0.9356028159306848
Figure 3,3D,PIEZO,sheet piezo,kernel_gp,kernel GP,50,50,20260606,352,fast_surrogate_curve_anchorable_to_existing_depth_metrics+full_endpoint_anchor_depth_metrics,0.6961677177323732,0.9242611693404008,0.5079387189879316,0.8909020763187431,2.991748704959449,0.9588478085047406
Figure 3,3D,US,ultrasound,kernel_gp,kernel GP,50,50,20260606,352,fast_surrogate_curve_anchorable_to_existing_depth_metrics+full_endpoint_anchor_depth_metrics,1.2638551344936495,1.3981319284532696,0.8235372796424857,0.8056470874052175,2.5884755847854217,0.969279688619634
Figure 3,3D,MMP,soft MMP,vanilla_3d_diffusion,vanilla 3D diffusion,50,150,20260606,352,fast_surrogate_curve_anchorable_to_existing_depth_metrics+full_endpoint_anchor_depth_metrics,0.5026812819390215,0.5364838187077331,0.31447652590418806,0.9100589225589226,1.7608871190020183,0.5816361082754525
Figure 3,3D,PIEZO,sheet piezo,vanilla_3d_diffusion,vanilla 3D diffusion,50,150,20260606,352,fast_surrogate_curve_anchorable_to_existing_depth_metrics+full_endpoint_anchor_depth_metrics,0.6191883998064073,0.9594205635992907,0.45006052615562125,0.8721221359940873,2.195107229047612,0.965120411995412
Figure 3,3D,US,ultrasound,vanilla_3d_diffusion,vanilla 3D diffusion,50,150,20260606,352,fast_surrogate_curve_anchorable_to_existing_depth_metrics+full_endpoint_anchor_depth_metrics,0.5151486927742099,0.5551998375086232,0.3263444459528634,0.8625841750841753,1.795586755938538,0.7653517551058536
Figure 3,3D,MMP,soft MMP,dps_inverse_diffusion,DPS inverse diffusion,50,50,20260606,352,fast_surrogate_curve_anchorable_to_existing_depth_metrics+full_endpoint_anchor_depth_metrics,0.5590358069604126,0.5875336224387218,0.35339065268061665,0.8272530522022391,1.2018225943290801,0.9238788238788238
Figure 3,3D,PIEZO,sheet piezo,dps_inverse_diffusion,DPS inverse diffusion,50,50,20260606,352,fast_surrogate_curve_anchorable_to_existing_depth_metrics+full_endpoint_anchor_depth_metrics,0.5490213369210413,0.674290631668489,0.3955335797561387,0.7728254769921434,1.8221341886568954,0.9959051424269704
Figure 3,3D,US,ultrasound,dps_inverse_diffusion,DPS inverse diffusion,50,50,20260606,352,fast_surrogate_curve_anchorable_to_existing_depth_metrics+full_endpoint_anchor_depth_metrics,1.1200824816941983,1.130910918148683,0.7028845222631004,0.7404014740904985,1.9564502373304102,0.9635620779746464
Figure 3,3D,MMP,soft MMP,eapp_only_diffusion,Eapp-only diffusion,50,50,20260606,352,fast_surrogate_curve_anchorable_to_existing_depth_metrics+full_endpoint_anchor_depth_metrics,0.5986753825547907,0.6266166460650732,0.36399217513665383,0.905794051627385,1.8803337149286734,0.4990942028985508
Figure 3,3D,PIEZO,sheet piezo,eapp_only_diffusion,Eapp-only diffusion,50,50,20260606,352,fast_surrogate_curve_anchorable_to_existing_depth_metrics+full_endpoint_anchor_depth_metrics,0.7987541361347295,1.2408398991841931,0.5832154513376437,0.8673652172127782,2.4594041950080467,0.9413277046439732
Figure 3,3D,US,ultrasound,eapp_only_diffusion,Eapp-only diffusion,50,50,20260606,352,fast_surrogate_curve_anchorable_to_existing_depth_metrics+full_endpoint_anchor_depth_metrics,0.9597121406287804,1.0441043717438347,0.6282664940618546,0.8593294051627385,3.2051067214794813,0.7431768527732977
Figure 3,3D,MMP,soft MMP,op_conditioned_diffusion_ours,operator-conditioned diffusion,50,150,20260606,352,fast_surrogate_curve_anchorable_to_existing_depth_metrics+full_endpoint_anchor_depth_metrics,0.28978736958307044,0.38932704858957135,0.17994453717218722,0.8957017669924175,0.9391173547080547,1.0
Figure 3,3D,PIEZO,sheet piezo,op_conditioned_diffusion_ours,operator-conditioned diffusion,50,150,20260606,352,fast_surrogate_curve_anchorable_to_existing_depth_metrics+full_endpoint_anchor_depth_metrics,0.6357348437211197,0.8215347885274294,0.35026684425748716,0.9484443007308859,2.1676410412128404,0.8123646967720154
Figure 3,3D,US,ultrasound,op_conditioned_diffusion_ours,operator-conditioned diffusion,50,150,20260606,352,fast_surrogate_curve_anchorable_to_existing_depth_metrics+full_endpoint_anchor_depth_metrics,0.3424373715780888,0.38414227913715954,0.19057711452913634,0.9005751964085297,0.971587206357212,0.9945945945945946
Figure 3,3D,MMP,soft MMP,SRCNN_3D_proxy,SRCNN 3D proxy,100,100,20260606,352,fast_surrogate_curve_anchorable_to_existing_depth_metrics+full_endpoint_anchor_depth_metrics,0.6741774666352677,0.7503743954400373,0.6505699991959389,0.02078200706249478,0.2386427971704403,0.8800557753234978
Figure 3,3D,PIEZO,sheet piezo,SRCNN_3D_proxy,SRCNN 3D proxy,100,100,20260606,352,fast_surrogate_curve_anchorable_to_existing_depth_metrics+full_endpoint_anchor_depth_metrics,1.0977261850924156,1.3744778629456351,1.0754478953401698,0.6642676767676767,4.285612768131372,0.8212105102929353
Figure 3,3D,US,ultrasound,SRCNN_3D_proxy,SRCNN 3D proxy,100,100,20260606,352,fast_surrogate_curve_anchorable_to_existing_depth_metrics+full_endpoint_anchor_depth_metrics,1.4821218658136994,1.4408763981990564,1.2881621601215167,0.039502237825408515,0.4881005847188692,0.7986167935187544
Figure 3,3D,MMP,soft MMP,direct_scalar_regression,direct scalar regression,100,100,20260606,352,fast_surrogate_curve_anchorable_to_existing_depth_metrics+full_endpoint_anchor_depth_metrics,1.4591170303869163,1.8105819962527787,1.0326398784088133,0.7687289562289562,4.399228987725943,0.45522714720908386
Figure 3,3D,PIEZO,sheet piezo,direct_scalar_regression,direct scalar regression,100,100,20260606,352,fast_surrogate_curve_anchorable_to_existing_depth_metrics+full_endpoint_anchor_depth_metrics,1.1744544072562568,1.346640163154798,0.8273983676713575,0.7839155443322109,4.8102338190771405,0.34370787886610876
Figure 3,3D,US,ultrasound,direct_scalar_regression,direct scalar regression,100,100,20260606,352,fast_surrogate_curve_anchorable_to_existing_depth_metrics+full_endpoint_anchor_depth_metrics,2.8249944063299974,2.9185003377994434,1.7980801969748639,0.7502455106621775,6.756477142168884,0.4798810075735781
Figure 3,3D,MMP,soft MMP,unet_3d,3D U-Net,100,100,20260606,352,fast_surrogate_curve_anchorable_to_existing_depth_metrics+full_endpoint_anchor_depth_metrics,0.7328997050800103,0.7849557453194302,0.6919869368729281,0.033092613123100856,0.2585012488918506,0.8800557753234978
Figure 3,3D,PIEZO,sheet piezo,unet_3d,3D U-Net,100,100,20260606,352,fast_surrogate_curve_anchorable_to_existing_depth_metrics+full_endpoint_anchor_depth_metrics,1.1493445425871411,1.7142297643311948,1.1685969597684165,0.6661616161616162,4.287695342001048,0.8212105102929353
Figure 3,3D,US,ultrasound,unet_3d,3D U-Net,100,100,20260606,352,fast_surrogate_curve_anchorable_to_existing_depth_metrics+full_endpoint_anchor_depth_metrics,1.547201970906653,1.612136040975507,1.4231727024735294,0.015827995401165973,0.5341425969613635,0.7986167935187544
Figure 3,3D,MMP,soft MMP,kernel_gp,kernel GP,100,100,20260606,352,fast_surrogate_curve_anchorable_to_existing_depth_metrics+full_endpoint_anchor_depth_metrics,0.6474746279667896,0.6863353106195681,0.4134986146774902,0.866940748952944,1.59161074302336,0.9356028159306848
Figure 3,3D,PIEZO,sheet piezo,kernel_gp,kernel GP,100,100,20260606,352,fast_surrogate_curve_anchorable_to_existing_depth_metrics+full_endpoint_anchor_depth_metrics,0.7785394324993181,1.7413908420792683,0.6119190320731981,0.8994248035914704,3.0605423787863324,0.9588478085047406
Figure 3,3D,US,ultrasound,kernel_gp,kernel GP,100,100,20260606,352,fast_surrogate_curve_anchorable_to_existing_depth_metrics+full_endpoint_anchor_depth_metrics,1.1968426936257035,1.3061845204407547,0.7809987690298461,0.8028061783143084,2.4187828928665454,0.969279688619634
Figure 3,3D,MMP,soft MMP,vanilla_3d_diffusion,vanilla 3D diffusion,100,300,20260606,352,fast_surrogate_curve_anchorable_to_existing_depth_metrics+full_endpoint_anchor_depth_metrics,0.5019236620141133,0.5335838760265302,0.31517399854067324,0.9157407407407407,1.810692026465896,0.5816361082754525
Figure 3,3D,PIEZO,sheet piezo,vanilla_3d_diffusion,vanilla 3D diffusion,100,300,20260606,352,fast_surrogate_curve_anchorable_to_existing_depth_metrics+full_endpoint_anchor_depth_metrics,0.6220969804349025,0.961750162341501,0.4506830279261139,0.8692812269031781,2.257193612232678,0.965120411995412
Figure 3,3D,US,ultrasound,vanilla_3d_diffusion,vanilla 3D diffusion,100,300,20260606,352,fast_surrogate_curve_anchorable_to_existing_depth_metrics+full_endpoint_anchor_depth_metrics,0.5085881890641364,0.546035119712506,0.3196371684598436,0.919402356902357,1.8463731074643344,0.7653517551058536
Figure 3,3D,MMP,soft MMP,dps_inverse_diffusion,DPS inverse diffusion,100,100,20260606,352,fast_surrogate_curve_anchorable_to_existing_depth_metrics+full_endpoint_anchor_depth_metrics,0.48924409033466804,0.5408406125749077,0.3181008361250907,0.8300939612931482,1.1648407020204452,0.9238788238788238
Figure 3,3D,PIEZO,sheet piezo,dps_inverse_diffusion,DPS inverse diffusion,100,100,20260606,352,fast_surrogate_curve_anchorable_to_existing_depth_metrics+full_endpoint_anchor_depth_metrics,0.4976848097591299,0.6684584318459137,0.36487232844976564,0.9177118406285071,2.251337913611588,0.9959051424269704
Figure 3,3D,US,ultrasound,dps_inverse_diffusion,DPS inverse diffusion,100,100,20260606,352,fast_surrogate_curve_anchorable_to_existing_depth_metrics+full_endpoint_anchor_depth_metrics,1.072214809037996,1.0820810486684436,0.6757729330875869,0.7602878377268621,1.9523091542786755,0.9635620779746464
Figure 3,3D,MMP,soft MMP,eapp_only_diffusion,Eapp-only diffusion,100,100,20260606,352,fast_surrogate_curve_anchorable_to_existing_depth_metrics+full_endpoint_anchor_depth_metrics,0.5472790807036408,0.6030336348170643,0.34086203960925243,0.9143167789001123,1.9089368959820832,0.4990942028985508
Figure 3,3D,PIEZO,sheet piezo,eapp_only_diffusion,Eapp-only diffusion,100,100,20260606,352,fast_surrogate_curve_anchorable_to_existing_depth_metrics+full_endpoint_anchor_depth_metrics,0.7763766324090524,1.264505607118093,0.5738401206040668,0.8929333990309599,2.5209649320408456,0.9413277046439732
Figure 3,3D,US,ultrasound,eapp_only_diffusion,Eapp-only diffusion,100,100,20260606,352,fast_surrogate_curve_anchorable_to_existing_depth_metrics+full_endpoint_anchor_depth_metrics,0.8803503293706162,0.9552445636957974,0.5736972721407642,0.8848975869809202,3.2172516722553324,0.7431768527732977
Figure 3,3D,MMP,soft MMP,op_conditioned_diffusion_ours,operator-conditioned diffusion,100,300,20260606,352,fast_surrogate_curve_anchorable_to_existing_depth_metrics+full_endpoint_anchor_depth_metrics,0.20635436666899526,0.2640269882936935,0.13417140863971166,0.9439972215378721,0.9556899894900155,1.0
Figure 3,3D,PIEZO,sheet piezo,op_conditioned_diffusion_ours,operator-conditioned diffusion,100,300,20260606,352,fast_surrogate_curve_anchorable_to_existing_depth_metrics+full_endpoint_anchor_depth_metrics,0.6282724089647556,0.745031415072851,0.34082781718843624,0.9342397552763405,2.2058934738127864,0.8123646967720154
Figure 3,3D,US,ultrasound,op_conditioned_diffusion_ours,operator-conditioned diffusion,100,300,20260606,352,fast_surrogate_curve_anchorable_to_existing_depth_metrics+full_endpoint_anchor_depth_metrics,0.3076412495754205,0.35959813501011934,0.17834585158432764,0.909097923681257,0.9887328376769411,0.9945945945945946
Figure 3,3D,MMP,soft MMP,SRCNN_3D_proxy,SRCNN 3D proxy,200,200,20260606,352,fast_surrogate_curve_anchorable_to_existing_depth_metrics+full_endpoint_anchor_depth_metrics,0.6574957389154484,0.6994376265854929,0.620396927834747,0.046350188880676546,0.23710871941608833,0.8800557753234978
Figure 3,3D,PIEZO,sheet piezo,SRCNN_3D_proxy,SRCNN 3D proxy,200,200,20260606,352,fast_surrogate_curve_anchorable_to_existing_depth_metrics+full_endpoint_anchor_depth_metrics,1.0606947213981919,1.324189094040921,1.0392670864463327,0.6358585858585859,3.9231582870955983,0.8212105102929353
Figure 3,3D,US,ultrasound,SRCNN_3D_proxy,SRCNN 3D proxy,200,200,20260606,352,fast_surrogate_curve_anchorable_to_existing_depth_metrics+full_endpoint_anchor_depth_metrics,0.96071133561868,0.9933795858165992,0.8578805078416568,0.06222951055268122,0.37806471593759194,0.7986167935187544
Figure 3,3D,MMP,soft MMP,direct_scalar_regression,direct scalar regression,200,200,20260606,352,fast_surrogate_curve_anchorable_to_existing_depth_metrics+full_endpoint_anchor_depth_metrics,1.4230128972515468,1.6876764211215212,0.9847466205270314,0.794297138047138,4.370949234863548,0.45522714720908386
Figure 3,3D,PIEZO,sheet piezo,direct_scalar_regression,direct scalar regression,200,200,20260606,352,fast_surrogate_curve_anchorable_to_existing_depth_metrics+full_endpoint_anchor_depth_metrics,1.1348345399947595,1.2973699073082863,0.799562577253709,0.7555064534231201,4.4034096618599365,0.34370787886610876
Figure 3,3D,US,ultrasound,direct_scalar_regression,direct scalar regression,200,200,20260606,352,fast_surrogate_curve_anchorable_to_existing_depth_metrics+full_endpoint_anchor_depth_metrics,1.8311612640102153,2.0120939314381747,1.1974718713793842,0.7729727833894502,5.23331807308561,0.4798810075735781
Figure 3,3D,MMP,soft MMP,unet_3d,3D U-Net,200,200,20260606,352,fast_surrogate_curve_anchorable_to_existing_depth_metrics+full_endpoint_anchor_depth_metrics,0.6733896411480567,0.7056899131303497,0.6273314116985312,0.05297897675946439,0.23448685710489725,0.8800557753234978
Figure 3,3D,PIEZO,sheet piezo,unet_3d,3D U-Net,200,200,20260606,352,fast_surrogate_curve_anchorable_to_existing_depth_metrics+full_endpoint_anchor_depth_metrics,1.0459716002078496,1.3353180814418752,1.047895375080946,0.5780934343434343,3.6161447805023843,0.8212105102929353
Figure 3,3D,US,ultrasound,unet_3d,3D U-Net,200,200,20260606,352,fast_surrogate_curve_anchorable_to_existing_depth_metrics+full_endpoint_anchor_depth_metrics,1.0319328149745561,1.1081406326682388,0.9498536914392511,0.08685072267389327,0.4248019808777728,0.7986167935187544
Figure 3,3D,MMP,soft MMP,kernel_gp,kernel GP,200,200,20260606,352,fast_surrogate_curve_anchorable_to_existing_depth_metrics+full_endpoint_anchor_depth_metrics,0.5627507638843314,0.6004385860664057,0.35808150378264114,0.898190748952944,1.4093361000635005,0.9356028159306848
Figure 3,3D,PIEZO,sheet piezo,kernel_gp,kernel GP,200,200,20260606,352,fast_surrogate_curve_anchorable_to_existing_depth_metrics+full_endpoint_anchor_depth_metrics,0.6381255493553877,0.8708331114155549,0.47652794024317585,0.8766975308641977,2.664835361955598,0.9588478085047406
Figure 3,3D,US,ultrasound,kernel_gp,kernel GP,200,200,20260606,352,fast_surrogate_curve_anchorable_to_existing_depth_metrics+full_endpoint_anchor_depth_metrics,0.7529149501365712,0.8415166110863508,0.4897059911986388,0.8511016328597629,1.729211181481998,0.969279688619634
Figure 3,3D,MMP,soft MMP,vanilla_3d_diffusion,vanilla 3D diffusion,200,600,20260606,352,fast_surrogate_curve_anchorable_to_existing_depth_metrics+full_endpoint_anchor_depth_metrics,0.5264110353946052,0.5586506543114044,0.32569288176497313,0.9157407407407407,1.7561713655386229,0.5816361082754525
Figure 3,3D,PIEZO,sheet piezo,vanilla_3d_diffusion,vanilla 3D diffusion,200,600,20260606,352,fast_surrogate_curve_anchorable_to_existing_depth_metrics+full_endpoint_anchor_depth_metrics,0.6055405112072988,0.9324918361969773,0.43723354435341266,0.897690317812269,2.1892286100230307,0.965120411995412
Figure 3,3D,US,ultrasound,vanilla_3d_diffusion,vanilla 3D diffusion,200,600,20260606,352,fast_surrogate_curve_anchorable_to_existing_depth_metrics+full_endpoint_anchor_depth_metrics,0.5040190054451843,0.543706672271185,0.3189446960801024,0.8739478114478116,1.7907780749210158,0.7653517551058536
Figure 3,3D,MMP,soft MMP,dps_inverse_diffusion,DPS inverse diffusion,200,200,20260606,352,fast_surrogate_curve_anchorable_to_existing_depth_metrics+full_endpoint_anchor_depth_metrics,0.44672971893215196,0.4760493194190597,0.28307393334059044,0.85566214311133,1.0351844596433324,0.9238788238788238
Figure 3,3D,PIEZO,sheet piezo,dps_inverse_diffusion,DPS inverse diffusion,200,200,20260606,352,fast_surrogate_curve_anchorable_to_existing_depth_metrics+full_endpoint_anchor_depth_metrics,0.43264645722971423,0.5902201084119992,0.32798010788975984,0.8949845679012344,2.1367154030907005,0.9959051424269704
Figure 3,3D,US,ultrasound,dps_inverse_diffusion,DPS inverse diffusion,200,200,20260606,352,fast_surrogate_curve_anchorable_to_existing_depth_metrics+full_endpoint_anchor_depth_metrics,0.570349664187978,0.5979957272004918,0.3596611111137288,0.848356019545044,1.3022146963600023,0.9635620779746464
Figure 3,3D,MMP,soft MMP,eapp_only_diffusion,Eapp-only diffusion,200,200,20260606,352,fast_surrogate_curve_anchorable_to_existing_depth_metrics+full_endpoint_anchor_depth_metrics,0.48199138584934065,0.5200093168150465,0.2983153500053045,0.9313622334455669,1.7511120838380507,0.4990942028985508
Figure 3,3D,PIEZO,sheet piezo,eapp_only_diffusion,Eapp-only diffusion,200,200,20260606,352,fast_surrogate_curve_anchorable_to_existing_depth_metrics+full_endpoint_anchor_depth_metrics,0.7387161607832712,1.144212416913139,0.5430600718893271,0.8446379444855054,2.1822553144349426,0.9413277046439732
Figure 3,3D,US,ultrasound,eapp_only_diffusion,Eapp-only diffusion,200,200,20260606,352,fast_surrogate_curve_anchorable_to_existing_depth_metrics+full_endpoint_anchor_depth_metrics,0.5884179341990499,0.650242393650147,0.3848002919118255,0.9303521324354657,2.4044195238272597,0.7431768527732977
Figure 3,3D,MMP,soft MMP,op_conditioned_diffusion_ours,operator-conditioned diffusion,200,600,20260606,352,fast_surrogate_curve_anchorable_to_existing_depth_metrics+full_endpoint_anchor_depth_metrics,0.19599577088684203,0.253348111798445,0.12737538496692327,0.9439972215378721,0.8824281757470069,1.0
Figure 3,3D,PIEZO,sheet piezo,op_conditioned_diffusion_ours,operator-conditioned diffusion,200,600,20260606,352,fast_surrogate_curve_anchorable_to_existing_depth_metrics+full_endpoint_anchor_depth_metrics,0.6131469110976421,0.7264799277110957,0.3356743389222612,0.8916261189127042,2.0367928673476827,0.8123646967720154
Figure 3,3D,US,ultrasound,op_conditioned_diffusion_ours,operator-conditioned diffusion,200,600,20260606,352,fast_surrogate_curve_anchorable_to_existing_depth_metrics+full_endpoint_anchor_depth_metrics,0.2461220807012181,0.2923728301213652,0.14721923317938362,0.9375070145903479,0.9129380069346641,0.9945945945945946
Figure 3,3D,MMP,soft MMP,SRCNN_3D_proxy,SRCNN 3D proxy,400,400,20260606,352,fast_surrogate_curve_anchorable_to_existing_depth_metrics+full_endpoint_anchor_depth_metrics,0.6564289654337391,0.684734745101564,0.6101098941864275,0.05487291615340384,0.2350967108984786,0.8800557753234978
Figure 3,3D,PIEZO,sheet piezo,SRCNN_3D_proxy,SRCNN 3D proxy,400,400,20260606,352,fast_surrogate_curve_anchorable_to_existing_depth_metrics+full_endpoint_anchor_depth_metrics,1.0472001220481535,1.3166251419214512,1.0320411157697233,0.6159722222222223,3.842663228680352,0.8212105102929353
Figure 3,3D,US,ultrasound,SRCNN_3D_proxy,SRCNN 3D proxy,400,400,20260606,352,fast_surrogate_curve_anchorable_to_existing_depth_metrics+full_endpoint_anchor_depth_metrics,0.8512038836287125,0.9272186430098491,0.7835015212729072,0.06791132873449934,0.34787423782821175,0.7986167935187544
Figure 3,3D,MMP,soft MMP,direct_scalar_regression,direct scalar regression,400,400,20260606,352,fast_surrogate_curve_anchorable_to_existing_depth_metrics+full_endpoint_anchor_depth_metrics,1.420704087729188,1.6521997675075224,0.968418168263759,0.8028198653198653,4.333859130744886,0.45522714720908386
Figure 3,3D,PIEZO,sheet piezo,direct_scalar_regression,direct scalar regression,400,400,20260606,352,fast_surrogate_curve_anchorable_to_existing_depth_metrics+full_endpoint_anchor_depth_metrics,1.1203967030404778,1.2899591501103285,0.7940032597185936,0.7356200897867564,4.3130608428679595,0.34370787886610876
Figure 3,3D,US,ultrasound,direct_scalar_regression,direct scalar regression,400,400,20260606,352,fast_surrogate_curve_anchorable_to_existing_depth_metrics+full_endpoint_anchor_depth_metrics,1.6224348789141632,1.878084703323971,1.0936500180750517,0.7786546015712683,4.815409794252746,0.4798810075735781
Figure 3,3D,MMP,soft MMP,unet_3d,3D U-Net,400,400,20260606,352,fast_surrogate_curve_anchorable_to_existing_depth_metrics+full_endpoint_anchor_depth_metrics,0.6494421374912172,0.6995813046374006,0.6118568424350757,0.04729715857764627,0.22930273812711544,0.8800557753234978
Figure 3,3D,PIEZO,sheet piezo,unet_3d,3D U-Net,400,400,20260606,352,fast_surrogate_curve_anchorable_to_existing_depth_metrics+full_endpoint_anchor_depth_metrics,1.0100204160480184,1.287649846581219,1.0042415728641096,0.6235479797979798,3.8189648179444937,0.8212105102929353
Figure 3,3D,US,ultrasound,unet_3d,3D U-Net,400,400,20260606,352,fast_surrogate_curve_anchorable_to_existing_depth_metrics+full_endpoint_anchor_depth_metrics,0.9241672896073374,1.030671993464949,0.8642599634168867,0.06696435903752962,0.3708160764800319,0.7986167935187544
Figure 3,3D,MMP,soft MMP,kernel_gp,kernel GP,400,400,20260606,352,fast_surrogate_curve_anchorable_to_existing_depth_metrics+full_endpoint_anchor_depth_metrics,0.5196256256101099,0.5690545127165985,0.3333522562578401,0.9010316580438531,1.325208520734966,0.9356028159306848
Figure 3,3D,PIEZO,sheet piezo,kernel_gp,kernel GP,400,400,20260606,352,fast_surrogate_curve_anchorable_to_existing_depth_metrics+full_endpoint_anchor_depth_metrics,0.6105456989576575,0.8340047490665183,0.45349985582963265,0.888061167227834,2.8013295625511345,0.9588478085047406
Figure 3,3D,US,ultrasound,kernel_gp,kernel GP,400,400,20260606,352,fast_surrogate_curve_anchorable_to_existing_depth_metrics+full_endpoint_anchor_depth_metrics,0.6805480204742033,0.7670994990236113,0.44319097855171036,0.8653061783143084,1.6133650440661977,0.969279688619634
Figure 3,3D,MMP,soft MMP,vanilla_3d_diffusion,vanilla 3D diffusion,400,1200,20260606,352,fast_surrogate_curve_anchorable_to_existing_depth_metrics+full_endpoint_anchor_depth_metrics,0.5384862826208198,0.5640384995187211,0.3298672914222614,0.924263468013468,1.784741650508296,0.5816361082754525
Figure 3,3D,PIEZO,sheet piezo,vanilla_3d_diffusion,vanilla 3D diffusion,400,1200,20260606,352,fast_surrogate_curve_anchorable_to_existing_depth_metrics+full_endpoint_anchor_depth_metrics,0.6150017782336843,0.9401399908299145,0.44206939930035394,0.9062130450849963,2.2248440895140864,0.965120411995412
Figure 3,3D,US,ultrasound,vanilla_3d_diffusion,vanilla 3D diffusion,400,1200,20260606,352,fast_surrogate_curve_anchorable_to_existing_depth_metrics+full_endpoint_anchor_depth_metrics,0.501238036496325,0.5386452280167547,0.31519120516686777,0.9023569023569026,1.819911359361196,0.7653517551058536
Figure 3,3D,MMP,soft MMP,dps_inverse_diffusion,DPS inverse diffusion,400,400,20260606,352,fast_surrogate_curve_anchorable_to_existing_depth_metrics+full_endpoint_anchor_depth_metrics,0.4165358438939119,0.46371538055112055,0.2690986208858003,0.8670257794749664,1.0213474832100247,0.9238788238788238
Figure 3,3D,PIEZO,sheet piezo,dps_inverse_diffusion,DPS inverse diffusion,400,400,20260606,352,fast_surrogate_curve_anchorable_to_existing_depth_metrics+full_endpoint_anchor_depth_metrics,0.42216163366794207,0.5843246109804293,0.3249012538362721,0.9035072951739617,2.1758301601025827,0.9959051424269704
Figure 3,3D,US,ultrasound,dps_inverse_diffusion,DPS inverse diffusion,400,400,20260606,352,fast_surrogate_curve_anchorable_to_existing_depth_metrics+full_endpoint_anchor_depth_metrics,0.5199260588408459,0.5725036205325953,0.33545643304341916,0.8511969286359531,1.1996988866276215,0.9635620779746464
Figure 3,3D,MMP,soft MMP,eapp_only_diffusion,Eapp-only diffusion,400,400,20260606,352,fast_surrogate_curve_anchorable_to_existing_depth_metrics+full_endpoint_anchor_depth_metrics,0.4869846841404231,0.5221609811960245,0.3000757617319109,0.9199985970819304,1.6778386959782314,0.4990942028985508
Figure 3,3D,PIEZO,sheet piezo,eapp_only_diffusion,Eapp-only diffusion,400,400,20260606,352,fast_surrogate_curve_anchorable_to_existing_depth_metrics+full_endpoint_anchor_depth_metrics,0.7239200072224828,1.1155191264499904,0.5316490929647011,0.8446379444855054,2.227981877268865,0.9413277046439732
Figure 3,3D,US,ultrasound,eapp_only_diffusion,Eapp-only diffusion,400,400,20260606,352,fast_surrogate_curve_anchorable_to_existing_depth_metrics+full_endpoint_anchor_depth_metrics,0.5352845886349619,0.5878000701843789,0.34711713425708435,0.9218294051627385,2.0666753861874594,0.7431768527732977
Figure 3,3D,MMP,soft MMP,op_conditioned_diffusion_ours,operator-conditioned diffusion,400,1200,20260606,352,fast_surrogate_curve_anchorable_to_existing_depth_metrics+full_endpoint_anchor_depth_metrics,0.2000473768499258,0.2569791085570634,0.12889773657005352,0.9383154033560539,0.8918419839831564,1.0
Figure 3,3D,PIEZO,sheet piezo,op_conditioned_diffusion_ours,operator-conditioned diffusion,400,1200,20260606,352,fast_surrogate_curve_anchorable_to_existing_depth_metrics+full_endpoint_anchor_depth_metrics,0.6098010977836927,0.7206807474731357,0.33256613688138414,0.8944670280036132,2.058521522434808,0.8123646967720154
Figure 3,3D,US,ultrasound,op_conditioned_diffusion_ours,operator-conditioned diffusion,400,1200,20260606,352,fast_surrogate_curve_anchorable_to_existing_depth_metrics+full_endpoint_anchor_depth_metrics,0.2315885172052462,0.2879738582969351,0.144598146858962,0.9375070145903479,0.9226772962785249,0.9945945945945946
Figure 3,3D,MMP,soft MMP,SRCNN_3D_proxy,SRCNN 3D proxy,800,800,20260606,352,fast_surrogate_curve_anchorable_to_existing_depth_metrics+full_endpoint_anchor_depth_metrics,0.6475687242086069,0.679524531223662,0.6036802206532097,0.043509279789767485,0.22881807556658706,0.8800557753234978
Figure 3,3D,PIEZO,sheet piezo,SRCNN_3D_proxy,SRCNN 3D proxy,800,800,20260606,352,fast_surrogate_curve_anchorable_to_existing_depth_metrics+full_endpoint_anchor_depth_metrics,1.0149235599982727,1.2786832319429728,1.0002578450350008,0.6472222222222223,3.8494013281935793,0.8212105102929353
Figure 3,3D,US,ultrasound,SRCNN_3D_proxy,SRCNN 3D proxy,800,800,20260606,352,fast_surrogate_curve_anchorable_to_existing_depth_metrics+full_endpoint_anchor_depth_metrics,0.7652532073137963,0.8534448567442127,0.7149509175874561,0.05370678327995393,0.29805126812297866,0.7986167935187544
Figure 3,3D,MMP,soft MMP,direct_scalar_regression,direct scalar regression,800,800,20260606,352,fast_surrogate_curve_anchorable_to_existing_depth_metrics+full_endpoint_anchor_depth_metrics,1.4015279367826883,1.6396280173235043,0.9582124451228883,0.7914562289562289,4.218116460599722,0.45522714720908386
Figure 3,3D,PIEZO,sheet piezo,direct_scalar_regression,direct scalar regression,800,800,20260606,352,fast_surrogate_curve_anchorable_to_existing_depth_metrics+full_endpoint_anchor_depth_metrics,1.0858640927544518,1.2527856886663418,0.7695507256264159,0.7668700897867564,4.320623783317422,0.34370787886610876
Figure 3,3D,US,ultrasound,direct_scalar_regression,direct scalar regression,800,800,20260606,352,fast_surrogate_curve_anchorable_to_existing_depth_metrics+full_endpoint_anchor_depth_metrics,1.458608822899118,1.728655633345368,0.9979637087008855,0.7644500561167229,4.125740970843597,0.4798810075735781
Figure 3,3D,MMP,soft MMP,unet_3d,3D U-Net,800,800,20260606,352,fast_surrogate_curve_anchorable_to_existing_depth_metrics+full_endpoint_anchor_depth_metrics,0.6281518066881755,0.6773791877898544,0.5943570777725093,0.04161534039582804,0.22271248659686257,0.8800557753234978
Figure 3,3D,PIEZO,sheet piezo,unet_3d,3D U-Net,800,800,20260606,352,fast_surrogate_curve_anchorable_to_existing_depth_metrics+full_endpoint_anchor_depth_metrics,1.016130513788662,1.2857211409606997,1.0056472509221657,0.6491161616161616,3.8764915924624996,0.8212105102929353
Figure 3,3D,US,ultrasound,unet_3d,3D U-Net,800,800,20260606,352,fast_surrogate_curve_anchorable_to_existing_depth_metrics+full_endpoint_anchor_depth_metrics,0.804315227201624,0.8744658263041626,0.7440288389411804,0.058441631764802326,0.313930459994503,0.7986167935187544
Figure 3,3D,MMP,soft MMP,kernel_gp,kernel GP,800,800,20260606,352,fast_surrogate_curve_anchorable_to_existing_depth_metrics+full_endpoint_anchor_depth_metrics,0.49480784495345753,0.5339982451610843,0.3155959788913387,0.8925089307711258,1.2493223375748719,0.9356028159306848
Figure 3,3D,PIEZO,sheet piezo,kernel_gp,kernel GP,800,800,20260606,352,fast_surrogate_curve_anchorable_to_existing_depth_metrics+full_endpoint_anchor_depth_metrics,0.6074433276440803,0.835018870738363,0.45215891279657644,0.9051066217732886,2.7262975836740275,0.9588478085047406
Figure 3,3D,US,ultrasound,kernel_gp,kernel GP,800,800,20260606,352,fast_surrogate_curve_anchorable_to_existing_depth_metrics+full_endpoint_anchor_depth_metrics,0.6105173995290835,0.678930727298452,0.3950822974028139,0.853942541950672,1.3816110311004879,0.969279688619634
Figure 3,3D,MMP,soft MMP,vanilla_3d_diffusion,vanilla 3D diffusion,800,2400,20260606,352,fast_surrogate_curve_anchorable_to_existing_depth_metrics+full_endpoint_anchor_depth_metrics,0.5198049183694052,0.5489074469637277,0.32245056150335394,0.921422558922559,1.8000042834135295,0.5816361082754525
Figure 3,3D,PIEZO,sheet piezo,vanilla_3d_diffusion,vanilla 3D diffusion,800,2400,20260606,352,fast_surrogate_curve_anchorable_to_existing_depth_metrics+full_endpoint_anchor_depth_metrics,0.6149139506831631,0.9461192650371795,0.4439815739146361,0.8920084996304509,2.24387036068334,0.965120411995412
Figure 3,3D,US,ultrasound,vanilla_3d_diffusion,vanilla 3D diffusion,800,2400,20260606,352,fast_surrogate_curve_anchorable_to_existing_depth_metrics+full_endpoint_anchor_depth_metrics,0.4974625803551728,0.5353399534958219,0.3126352523920835,0.919402356902357,1.8354747542032919,0.7653517551058536
Figure 3,3D,MMP,soft MMP,dps_inverse_diffusion,DPS inverse diffusion,800,800,20260606,352,fast_surrogate_curve_anchorable_to_existing_depth_metrics+full_endpoint_anchor_depth_metrics,0.4024724844846343,0.4440001493022314,0.25871006734050633,0.8585030522022391,0.9734366914471816,0.9238788238788238
Figure 3,3D,PIEZO,sheet piezo,dps_inverse_diffusion,DPS inverse diffusion,800,800,20260606,352,fast_surrogate_curve_anchorable_to_existing_depth_metrics+full_endpoint_anchor_depth_metrics,0.4207029660103598,0.5833294268002605,0.3250363419133458,0.912030022446689,2.207220645956016,0.9959051424269704
Figure 3,3D,US,ultrasound,dps_inverse_diffusion,DPS inverse diffusion,800,800,20260606,352,fast_surrogate_curve_anchorable_to_existing_depth_metrics+full_endpoint_anchor_depth_metrics,0.452941183996231,0.5107738675290585,0.29981325474648296,0.8142651104541349,1.0652425267950703,0.9635620779746464
Figure 3,3D,MMP,soft MMP,eapp_only_diffusion,Eapp-only diffusion,800,800,20260606,352,fast_surrogate_curve_anchorable_to_existing_depth_metrics+full_endpoint_anchor_depth_metrics,0.4787793294683094,0.5141477595829527,0.29546079632105227,0.9143167789001123,1.6730833325852512,0.4990942028985508
Figure 3,3D,PIEZO,sheet piezo,eapp_only_diffusion,Eapp-only diffusion,800,800,20260606,352,fast_surrogate_curve_anchorable_to_existing_depth_metrics+full_endpoint_anchor_depth_metrics,0.7261128503615774,1.1127953511503614,0.5308551783897606,0.8758879444855054,2.24436496876632,0.9413277046439732
Figure 3,3D,US,ultrasound,eapp_only_diffusion,Eapp-only diffusion,800,800,20260606,352,fast_surrogate_curve_anchorable_to_existing_depth_metrics+full_endpoint_anchor_depth_metrics,0.4520448899296779,0.5079228121601945,0.2968342229359147,0.9275112233445566,1.8186239168713598,0.7431768527732977
Figure 3,3D,MMP,soft MMP,op_conditioned_diffusion_ours,operator-conditioned diffusion,800,2400,20260606,352,fast_surrogate_curve_anchorable_to_existing_depth_metrics+full_endpoint_anchor_depth_metrics,0.19898659339284983,0.25880597163527724,0.1293505609506413,0.9354744942651448,0.8960686654058483,1.0
Figure 3,3D,PIEZO,sheet piezo,op_conditioned_diffusion_ours,operator-conditioned diffusion,800,2400,20260606,352,fast_surrogate_curve_anchorable_to_existing_depth_metrics+full_endpoint_anchor_depth_metrics,0.6064920454743168,0.7180577929275944,0.33032521148866506,0.8973079370945223,2.068277415107888,0.8123646967720154
Figure 3,3D,US,ultrasound,op_conditioned_diffusion_ours,operator-conditioned diffusion,800,2400,20260606,352,fast_surrogate_curve_anchorable_to_existing_depth_metrics+full_endpoint_anchor_depth_metrics,0.2286023550253746,0.28482427935347143,0.14335916931927875,0.9375070145903479,0.9270501146223108,0.9945945945945946
Figure 3,3D,MMP,soft MMP,SRCNN_3D_proxy,SRCNN 3D proxy,1200,1200,20260606,352,fast_surrogate_curve_anchorable_to_existing_depth_metrics+full_endpoint_anchor_depth_metrics,0.6486896638897519,0.678040021216804,0.6025235650981834,0.04919109797158572,0.22765839997399054,0.8800557753234978
Figure 3,3D,PIEZO,sheet piezo,SRCNN_3D_proxy,SRCNN 3D proxy,1200,1200,20260606,352,fast_surrogate_curve_anchorable_to_existing_depth_metrics+full_endpoint_anchor_depth_metrics,1.0086983519028587,1.2688529551852858,0.9938913709862905,0.6585858585858586,3.814158648389118,0.8212105102929353
Figure 3,3D,US,ultrasound,SRCNN_3D_proxy,SRCNN 3D proxy,1200,1200,20260606,352,fast_surrogate_curve_anchorable_to_existing_depth_metrics+full_endpoint_anchor_depth_metrics,0.7462570157626893,0.8282147918670874,0.6956457974874717,0.06507041964359028,0.2977426127055196,0.7986167935187544
Figure 3,3D,MMP,soft MMP,direct_scalar_regression,direct scalar regression,1200,1200,20260606,352,fast_surrogate_curve_anchorable_to_existing_depth_metrics+full_endpoint_anchor_depth_metrics,1.4039539777878234,1.6360460359712514,0.9563765033284934,0.7971380471380471,4.196738574722592,0.45522714720908386
Figure 3,3D,PIEZO,sheet piezo,direct_scalar_regression,direct scalar regression,1200,1200,20260606,352,fast_surrogate_curve_anchorable_to_existing_depth_metrics+full_endpoint_anchor_depth_metrics,1.0792037587084613,1.243154507362004,0.764652663843461,0.7782337261503928,4.281066889252948,0.34370787886610876
Figure 3,3D,US,ultrasound,direct_scalar_regression,direct scalar regression,1200,1200,20260606,352,fast_surrogate_curve_anchorable_to_existing_depth_metrics+full_endpoint_anchor_depth_metrics,1.4224011829531353,1.677552046001841,0.9710166711099592,0.7758136924803593,4.121468443134847,0.4798810075735781
Figure 3,3D,MMP,soft MMP,unet_3d,3D U-Net,1200,1200,20260606,352,fast_surrogate_curve_anchorable_to_existing_depth_metrics+full_endpoint_anchor_depth_metrics,0.6265064388369339,0.6784093413563298,0.5960864518049973,0.035933522214009916,0.22807133260560944,0.8800557753234978
Figure 3,3D,PIEZO,sheet piezo,unet_3d,3D U-Net,1200,1200,20260606,352,fast_surrogate_curve_anchorable_to_existing_depth_metrics+full_endpoint_anchor_depth_metrics,1.0111090914804257,1.2725020745463596,0.9962646239373211,0.6576388888888889,3.799946023558761,0.8212105102929353
Figure 3,3D,US,ultrasound,unet_3d,3D U-Net,1200,1200,20260606,352,fast_surrogate_curve_anchorable_to_existing_depth_metrics+full_endpoint_anchor_depth_metrics,0.7423212429248922,0.8052462361590031,0.6845242470582198,0.058441631764802326,0.2965571148065132,0.7986167935187544
Figure 3,3D,MMP,soft MMP,kernel_gp,kernel GP,1200,1200,20260606,352,fast_surrogate_curve_anchorable_to_existing_depth_metrics+full_endpoint_anchor_depth_metrics,0.47752087537857374,0.5128415897551657,0.30375526353862875,0.9010316580438531,1.23884566100068,0.9356028159306848
Figure 3,3D,PIEZO,sheet piezo,kernel_gp,kernel GP,1200,1200,20260606,352,fast_surrogate_curve_anchorable_to_existing_depth_metrics+full_endpoint_anchor_depth_metrics,0.596826311722083,0.8016687735973167,0.4395980236180808,0.9107884399551067,2.7131857895331493,0.9588478085047406
Figure 3,3D,US,ultrasound,kernel_gp,kernel GP,1200,1200,20260606,352,fast_surrogate_curve_anchorable_to_existing_depth_metrics+full_endpoint_anchor_depth_metrics,0.5700573495146068,0.6315815203323638,0.3684104059062519,0.8653061783143084,1.3354193933542056,0.969279688619634
Figure 3,3D,MMP,soft MMP,vanilla_3d_diffusion,vanilla 3D diffusion,1200,3600,20260606,352,fast_surrogate_curve_anchorable_to_existing_depth_metrics+full_endpoint_anchor_depth_metrics,0.5145059202909217,0.545733893777967,0.32086175364257763,0.921422558922559,1.801090547344093,0.5816361082754525
Figure 3,3D,PIEZO,sheet piezo,vanilla_3d_diffusion,vanilla 3D diffusion,1200,3600,20260606,352,fast_surrogate_curve_anchorable_to_existing_depth_metrics+full_endpoint_anchor_depth_metrics,0.6183290487069898,0.9529429154354185,0.44725193441544037,0.8778039541759054,2.2452244882596633,0.965120411995412
Figure 3,3D,US,ultrasound,vanilla_3d_diffusion,vanilla 3D diffusion,1200,3600,20260606,352,fast_surrogate_curve_anchorable_to_existing_depth_metrics+full_endpoint_anchor_depth_metrics,0.4946806319897681,0.5330808527357012,0.31103247776613546,0.916561447811448,1.8365824238012607,0.7653517551058536
Figure 3,3D,MMP,soft MMP,dps_inverse_diffusion,DPS inverse diffusion,1200,1200,20260606,352,fast_surrogate_curve_anchorable_to_existing_depth_metrics+full_endpoint_anchor_depth_metrics,0.40101897176575385,0.44389573378244407,0.2587514669796546,0.8670257794749664,0.9991220663926881,0.9238788238788238
Figure 3,3D,PIEZO,sheet piezo,dps_inverse_diffusion,DPS inverse diffusion,1200,1200,20260606,352,fast_surrogate_curve_anchorable_to_existing_depth_metrics+full_endpoint_anchor_depth_metrics,0.42147567462118607,0.5843033238221704,0.325760538522504,0.9177118406285071,2.2140272579185987,0.9959051424269704
Figure 3,3D,US,ultrasound,dps_inverse_diffusion,DPS inverse diffusion,1200,1200,20260606,352,fast_surrogate_curve_anchorable_to_existing_depth_metrics+full_endpoint_anchor_depth_metrics,0.44269543352956403,0.492868842680043,0.29071015238251197,0.817106019545044,1.0325397619305585,0.9635620779746464
Figure 3,3D,MMP,soft MMP,eapp_only_diffusion,Eapp-only diffusion,1200,1200,20260606,352,fast_surrogate_curve_anchorable_to_existing_depth_metrics+full_endpoint_anchor_depth_metrics,0.48084695044328624,0.5164703271265896,0.297205913358482,0.9143167789001123,1.691591980390127,0.4990942028985508
Figure 3,3D,PIEZO,sheet piezo,eapp_only_diffusion,Eapp-only diffusion,1200,1200,20260606,352,fast_surrogate_curve_anchorable_to_existing_depth_metrics+full_endpoint_anchor_depth_metrics,0.7219612012771314,1.106709028304597,0.5287901886184501,0.8844106717582327,2.223163438577375,0.9413277046439732
Figure 3,3D,US,ultrasound,eapp_only_diffusion,Eapp-only diffusion,1200,1200,20260606,352,fast_surrogate_curve_anchorable_to_existing_depth_metrics+full_endpoint_anchor_depth_metrics,0.4219092516093946,0.47777010567537775,0.27835754144836383,0.9246703142536475,1.7061907363505873,0.7431768527732977
Figure 3,3D,MMP,soft MMP,op_conditioned_diffusion_ours,operator-conditioned diffusion,1200,3600,20260606,352,fast_surrogate_curve_anchorable_to_existing_depth_metrics+full_endpoint_anchor_depth_metrics,0.201608292722731,0.26046255272112356,0.13031967398909536,0.9383154033560539,0.8997134956556327,1.0
Figure 3,3D,PIEZO,sheet piezo,op_conditioned_diffusion_ours,operator-conditioned diffusion,1200,3600,20260606,352,fast_surrogate_curve_anchorable_to_existing_depth_metrics+full_endpoint_anchor_depth_metrics,0.6105420087288536,0.7194637359554693,0.33185355675887124,0.8973079370945223,2.076690297265883,0.8123646967720154
Figure 3,3D,US,ultrasound,op_conditioned_diffusion_ours,operator-conditioned diffusion,1200,3600,20260606,352,fast_surrogate_curve_anchorable_to_existing_depth_metrics+full_endpoint_anchor_depth_metrics,0.22449853641705572,0.2805349790181589,0.14182257841074566,0.9375070145903479,0.9308209643699819,0.9945945945945946
