model,mae_norm,rmse_norm,psnr_norm,ssim_norm,mae_kpa,rmse_kpa,spearman_pixel,n_eval_samples,eval_condition_ids,dataset,split_mode,fold,split_column,test_group,train_count,val_count,test_count,crps_norm,cov50,width50_norm,cov80,width80_norm,cov90,width90_norm,cov95,width95_norm,uncertainty_error_spearman,failure_auroc_top10_abs_error,uce,ence,ause_abs_error,pit_mean,posterior_std_norm_mean,calibration_split,calibration_target_coverage,calibration_scale_90,residual_scale
train_mean_prior,0.1440892666578292,0.2195225340582517,13.170417853325851,0.0332627339073671,4.060465335845947,11.480061371004568,,52,F3NCS_0009_iid_support_ellipse_zb07p3_E22p5;F3NCS_0010_iid_support_cylinder_zb06p1_E14p0;F3NCS_0019_iid_support_two_foci_zb05p4_E27p2;F3NCS_0021_iid_support_ellipse_zb05p6_E31p9;F3NCS_0023_iid_support_cylinder_zb05p0_E06p6;F3NCS_0027_iid_support_ellipse_zb02p3_E78p6;F3NCS_0035_iid_support_ellipse_zb02p8_E30p8;F3NCS_0037_iid_support_ellipse_zb08p0_E07p6;F3NCS_0044_iid_support_ellipse_zb07p2_E08p4;F3NCS_0079_iid_support_cylinder_zb04p3_E13p0;F3NCS_0081_iid_support_ellipse_zb05p9_E06p8;F3NCS_0089_iid_support_cylinder_zb05p4_E08p5;F3NCS_0091_iid_support_two_foci_zb03p9_E39p0;F3NCS_0097_iid_support_cylinder_zb06p3_E18p9;F3NCS_0100_iid_support_cylinder_zb03p6_E34p7;F3NCS_0104_iid_support_ellipse_zb03p3_E52p9;F3NCS_0111_iid_support_ellipse_zb03p7_E19p4;F3NCS_0125_iid_support_cylinder_zb06p4_E14p2;F3NCS_0128_iid_support_two_foci_zb02p9_E23p9;F3NCS_0131_iid_support_ellipse_zb05p4_E74p1;F3NCS_0132_iid_support_cylinder_zb07p9_E08p3;F3NCS_0139_iid_support_two_foci_zb03p2_E25p1;F3NCS_0141_iid_support_cylinder_zb01p5_E37p1;F3NCS_0142_iid_support_two_foci_zb05p0_E19p6;F3NCS_0146_iid_support_two_foci_zb04p1_E20p6;F3NCS_0149_iid_support_cylinder_zb03p2_E32p2;F3NCS_0155_iid_support_ellipse_zb06p3_E24p5;F3NCS_0158_iid_support_cylinder_zb05p7_E11p3;F3NCS_0161_iid_support_ellipse_zb01p6_E25p7;F3NCS_0162_iid_support_ellipse_zb03p2_E17p6;F3NCS_0163_iid_support_two_foci_zb06p0_E08p1;F3NCS_0165_iid_support_ellipse_zb04p1_E25p8;F3NCS_0179_iid_support_two_foci_zb03p8_E90p2;F3NCS_0183_iid_support_cylinder_zb06p6_E10p9;F3NCS_0184_iid_support_cylinder_zb03p7_E17p7;F3NCS_0188_iid_support_cylinder_zb02p6_E41p7;F3NCS_0198_iid_support_cylinder_zb05p9_E17p9;F3NCS_0199_iid_support_ellipse_zb06p2_E37p7;F3NCS_0202_iid_support_cylinder_zb03p7_E57p3;F3NCS_0220_iid_support_two_foci_zb02p4_E32p0;F3NCS_0223_iid_support_two_foci_zb05p1_E52p3;F3NCS_0239_iid_support_ellipse_zb02p9_E06p8;F3NCS_0262_iid_support_ellipse_zb05p7_E60p2;F3NCS_0272_iid_support_ellipse_zb02p7_E33p6;F3NCS_0278_iid_support_ellipse_zb02p1_E44p7;F3NCS_0284_iid_support_ellipse_zb03p7_E68p9;F3NCS_0288_iid_support_cylinder_zb03p9_E35p1;F3NCS_0296_iid_support_cylinder_zb06p2_E15p6;F3NCS_0300_iid_support_ellipse_zb07p6_E67p9;F3NCS_0306_iid_support_ellipse_zb04p6_E40p2;F3NCS_0315_iid_support_ellipse_zb08p0_E09p3;F3NCS_0316_iid_support_two_foci_zb02p8_E06p3,method2b_512_full_comsol_recalibrated_9model,fig3_true_ood,0,split_role/ood_split_family,iid_test,230,38,52,,,,,,,,,,,,,,,,,,,,
srcnn_bz_single_channel,0.1210814788937568,0.2054937601279113,13.744027221077902,0.1581707489318572,3.812653064727783,11.062937927198846,0.3319729381456354,52,F3NCS_0009_iid_support_ellipse_zb07p3_E22p5;F3NCS_0010_iid_support_cylinder_zb06p1_E14p0;F3NCS_0019_iid_support_two_foci_zb05p4_E27p2;F3NCS_0021_iid_support_ellipse_zb05p6_E31p9;F3NCS_0023_iid_support_cylinder_zb05p0_E06p6;F3NCS_0027_iid_support_ellipse_zb02p3_E78p6;F3NCS_0035_iid_support_ellipse_zb02p8_E30p8;F3NCS_0037_iid_support_ellipse_zb08p0_E07p6;F3NCS_0044_iid_support_ellipse_zb07p2_E08p4;F3NCS_0079_iid_support_cylinder_zb04p3_E13p0;F3NCS_0081_iid_support_ellipse_zb05p9_E06p8;F3NCS_0089_iid_support_cylinder_zb05p4_E08p5;F3NCS_0091_iid_support_two_foci_zb03p9_E39p0;F3NCS_0097_iid_support_cylinder_zb06p3_E18p9;F3NCS_0100_iid_support_cylinder_zb03p6_E34p7;F3NCS_0104_iid_support_ellipse_zb03p3_E52p9;F3NCS_0111_iid_support_ellipse_zb03p7_E19p4;F3NCS_0125_iid_support_cylinder_zb06p4_E14p2;F3NCS_0128_iid_support_two_foci_zb02p9_E23p9;F3NCS_0131_iid_support_ellipse_zb05p4_E74p1;F3NCS_0132_iid_support_cylinder_zb07p9_E08p3;F3NCS_0139_iid_support_two_foci_zb03p2_E25p1;F3NCS_0141_iid_support_cylinder_zb01p5_E37p1;F3NCS_0142_iid_support_two_foci_zb05p0_E19p6;F3NCS_0146_iid_support_two_foci_zb04p1_E20p6;F3NCS_0149_iid_support_cylinder_zb03p2_E32p2;F3NCS_0155_iid_support_ellipse_zb06p3_E24p5;F3NCS_0158_iid_support_cylinder_zb05p7_E11p3;F3NCS_0161_iid_support_ellipse_zb01p6_E25p7;F3NCS_0162_iid_support_ellipse_zb03p2_E17p6;F3NCS_0163_iid_support_two_foci_zb06p0_E08p1;F3NCS_0165_iid_support_ellipse_zb04p1_E25p8;F3NCS_0179_iid_support_two_foci_zb03p8_E90p2;F3NCS_0183_iid_support_cylinder_zb06p6_E10p9;F3NCS_0184_iid_support_cylinder_zb03p7_E17p7;F3NCS_0188_iid_support_cylinder_zb02p6_E41p7;F3NCS_0198_iid_support_cylinder_zb05p9_E17p9;F3NCS_0199_iid_support_ellipse_zb06p2_E37p7;F3NCS_0202_iid_support_cylinder_zb03p7_E57p3;F3NCS_0220_iid_support_two_foci_zb02p4_E32p0;F3NCS_0223_iid_support_two_foci_zb05p1_E52p3;F3NCS_0239_iid_support_ellipse_zb02p9_E06p8;F3NCS_0262_iid_support_ellipse_zb05p7_E60p2;F3NCS_0272_iid_support_ellipse_zb02p7_E33p6;F3NCS_0278_iid_support_ellipse_zb02p1_E44p7;F3NCS_0284_iid_support_ellipse_zb03p7_E68p9;F3NCS_0288_iid_support_cylinder_zb03p9_E35p1;F3NCS_0296_iid_support_cylinder_zb06p2_E15p6;F3NCS_0300_iid_support_ellipse_zb07p6_E67p9;F3NCS_0306_iid_support_ellipse_zb04p6_E40p2;F3NCS_0315_iid_support_ellipse_zb08p0_E09p3;F3NCS_0316_iid_support_two_foci_zb02p8_E06p3,method2b_512_full_comsol_recalibrated_9model,fig3_true_ood,0,split_role/ood_split_family,iid_test,230,38,52,0.1210814788937568,0.0,0.0,0.0,0.0,0.0,0.0,0.0,0.0,,0.5,0.2038943984586476,,0.0961575094672376,0.1412118822336197,0.0,,,,
unet_canonical_bxyz,0.0731932446360588,0.1540915414624449,16.24442400655411,0.4334025921729895,2.863170862197876,8.934150121366514,0.5545023881789907,52,F3NCS_0009_iid_support_ellipse_zb07p3_E22p5;F3NCS_0010_iid_support_cylinder_zb06p1_E14p0;F3NCS_0019_iid_support_two_foci_zb05p4_E27p2;F3NCS_0021_iid_support_ellipse_zb05p6_E31p9;F3NCS_0023_iid_support_cylinder_zb05p0_E06p6;F3NCS_0027_iid_support_ellipse_zb02p3_E78p6;F3NCS_0035_iid_support_ellipse_zb02p8_E30p8;F3NCS_0037_iid_support_ellipse_zb08p0_E07p6;F3NCS_0044_iid_support_ellipse_zb07p2_E08p4;F3NCS_0079_iid_support_cylinder_zb04p3_E13p0;F3NCS_0081_iid_support_ellipse_zb05p9_E06p8;F3NCS_0089_iid_support_cylinder_zb05p4_E08p5;F3NCS_0091_iid_support_two_foci_zb03p9_E39p0;F3NCS_0097_iid_support_cylinder_zb06p3_E18p9;F3NCS_0100_iid_support_cylinder_zb03p6_E34p7;F3NCS_0104_iid_support_ellipse_zb03p3_E52p9;F3NCS_0111_iid_support_ellipse_zb03p7_E19p4;F3NCS_0125_iid_support_cylinder_zb06p4_E14p2;F3NCS_0128_iid_support_two_foci_zb02p9_E23p9;F3NCS_0131_iid_support_ellipse_zb05p4_E74p1;F3NCS_0132_iid_support_cylinder_zb07p9_E08p3;F3NCS_0139_iid_support_two_foci_zb03p2_E25p1;F3NCS_0141_iid_support_cylinder_zb01p5_E37p1;F3NCS_0142_iid_support_two_foci_zb05p0_E19p6;F3NCS_0146_iid_support_two_foci_zb04p1_E20p6;F3NCS_0149_iid_support_cylinder_zb03p2_E32p2;F3NCS_0155_iid_support_ellipse_zb06p3_E24p5;F3NCS_0158_iid_support_cylinder_zb05p7_E11p3;F3NCS_0161_iid_support_ellipse_zb01p6_E25p7;F3NCS_0162_iid_support_ellipse_zb03p2_E17p6;F3NCS_0163_iid_support_two_foci_zb06p0_E08p1;F3NCS_0165_iid_support_ellipse_zb04p1_E25p8;F3NCS_0179_iid_support_two_foci_zb03p8_E90p2;F3NCS_0183_iid_support_cylinder_zb06p6_E10p9;F3NCS_0184_iid_support_cylinder_zb03p7_E17p7;F3NCS_0188_iid_support_cylinder_zb02p6_E41p7;F3NCS_0198_iid_support_cylinder_zb05p9_E17p9;F3NCS_0199_iid_support_ellipse_zb06p2_E37p7;F3NCS_0202_iid_support_cylinder_zb03p7_E57p3;F3NCS_0220_iid_support_two_foci_zb02p4_E32p0;F3NCS_0223_iid_support_two_foci_zb05p1_E52p3;F3NCS_0239_iid_support_ellipse_zb02p9_E06p8;F3NCS_0262_iid_support_ellipse_zb05p7_E60p2;F3NCS_0272_iid_support_ellipse_zb02p7_E33p6;F3NCS_0278_iid_support_ellipse_zb02p1_E44p7;F3NCS_0284_iid_support_ellipse_zb03p7_E68p9;F3NCS_0288_iid_support_cylinder_zb03p9_E35p1;F3NCS_0296_iid_support_cylinder_zb06p2_E15p6;F3NCS_0300_iid_support_ellipse_zb07p6_E67p9;F3NCS_0306_iid_support_ellipse_zb04p6_E40p2;F3NCS_0315_iid_support_ellipse_zb08p0_E09p3;F3NCS_0316_iid_support_two_foci_zb02p8_E06p3,method2b_512_full_comsol_recalibrated_9model,fig3_true_ood,0,split_role/ood_split_family,iid_test,230,38,52,0.0731932446360588,0.0,0.0,0.0,0.0,0.0,0.0,0.0,0.0,,0.5,0.1525308897028094,,0.0639482771622853,0.0998347327113151,0.0,,,,
vanilla_diffusion,0.4582060277462005,0.4734505528831819,6.494507439078734,0.0512862388187876,13.184316635131836,14.68059075354418,0.1845248454015322,52,F3NCS_0009_iid_support_ellipse_zb07p3_E22p5;F3NCS_0010_iid_support_cylinder_zb06p1_E14p0;F3NCS_0019_iid_support_two_foci_zb05p4_E27p2;F3NCS_0021_iid_support_ellipse_zb05p6_E31p9;F3NCS_0023_iid_support_cylinder_zb05p0_E06p6;F3NCS_0027_iid_support_ellipse_zb02p3_E78p6;F3NCS_0035_iid_support_ellipse_zb02p8_E30p8;F3NCS_0037_iid_support_ellipse_zb08p0_E07p6;F3NCS_0044_iid_support_ellipse_zb07p2_E08p4;F3NCS_0079_iid_support_cylinder_zb04p3_E13p0;F3NCS_0081_iid_support_ellipse_zb05p9_E06p8;F3NCS_0089_iid_support_cylinder_zb05p4_E08p5;F3NCS_0091_iid_support_two_foci_zb03p9_E39p0;F3NCS_0097_iid_support_cylinder_zb06p3_E18p9;F3NCS_0100_iid_support_cylinder_zb03p6_E34p7;F3NCS_0104_iid_support_ellipse_zb03p3_E52p9;F3NCS_0111_iid_support_ellipse_zb03p7_E19p4;F3NCS_0125_iid_support_cylinder_zb06p4_E14p2;F3NCS_0128_iid_support_two_foci_zb02p9_E23p9;F3NCS_0131_iid_support_ellipse_zb05p4_E74p1;F3NCS_0132_iid_support_cylinder_zb07p9_E08p3;F3NCS_0139_iid_support_two_foci_zb03p2_E25p1;F3NCS_0141_iid_support_cylinder_zb01p5_E37p1;F3NCS_0142_iid_support_two_foci_zb05p0_E19p6;F3NCS_0146_iid_support_two_foci_zb04p1_E20p6;F3NCS_0149_iid_support_cylinder_zb03p2_E32p2;F3NCS_0155_iid_support_ellipse_zb06p3_E24p5;F3NCS_0158_iid_support_cylinder_zb05p7_E11p3;F3NCS_0161_iid_support_ellipse_zb01p6_E25p7;F3NCS_0162_iid_support_ellipse_zb03p2_E17p6;F3NCS_0163_iid_support_two_foci_zb06p0_E08p1;F3NCS_0165_iid_support_ellipse_zb04p1_E25p8;F3NCS_0179_iid_support_two_foci_zb03p8_E90p2;F3NCS_0183_iid_support_cylinder_zb06p6_E10p9;F3NCS_0184_iid_support_cylinder_zb03p7_E17p7;F3NCS_0188_iid_support_cylinder_zb02p6_E41p7;F3NCS_0198_iid_support_cylinder_zb05p9_E17p9;F3NCS_0199_iid_support_ellipse_zb06p2_E37p7;F3NCS_0202_iid_support_cylinder_zb03p7_E57p3;F3NCS_0220_iid_support_two_foci_zb02p4_E32p0;F3NCS_0223_iid_support_two_foci_zb05p1_E52p3;F3NCS_0239_iid_support_ellipse_zb02p9_E06p8;F3NCS_0262_iid_support_ellipse_zb05p7_E60p2;F3NCS_0272_iid_support_ellipse_zb02p7_E33p6;F3NCS_0278_iid_support_ellipse_zb02p1_E44p7;F3NCS_0284_iid_support_ellipse_zb03p7_E68p9;F3NCS_0288_iid_support_cylinder_zb03p9_E35p1;F3NCS_0296_iid_support_cylinder_zb06p2_E15p6;F3NCS_0300_iid_support_ellipse_zb07p6_E67p9;F3NCS_0306_iid_support_ellipse_zb04p6_E40p2;F3NCS_0315_iid_support_ellipse_zb08p0_E09p3;F3NCS_0316_iid_support_two_foci_zb02p8_E06p3,method2b_512_full_comsol_recalibrated_9model,fig3_true_ood,0,split_role/ood_split_family,iid_test,230,38,52,0.4151017665863037,0.0191744286566972,0.0776912793517112,0.046025201678276,0.2042169272899627,0.0605703517794609,0.2767844796180725,0.0708430334925651,0.3276832401752472,0.5315055047570476,0.932601352188698,0.3777596307834136,4.646685352663931,0.0946902947319876,0.0860030800104141,0.0956232100725174,,,,
vanilla_diffusion_calibrated90,0.4582060277462005,0.4734505528831819,6.494507439078734,0.0512861855184802,13.184316635131836,14.68059075354418,0.1845248756736417,52,F3NCS_0009_iid_support_ellipse_zb07p3_E22p5;F3NCS_0010_iid_support_cylinder_zb06p1_E14p0;F3NCS_0019_iid_support_two_foci_zb05p4_E27p2;F3NCS_0021_iid_support_ellipse_zb05p6_E31p9;F3NCS_0023_iid_support_cylinder_zb05p0_E06p6;F3NCS_0027_iid_support_ellipse_zb02p3_E78p6;F3NCS_0035_iid_support_ellipse_zb02p8_E30p8;F3NCS_0037_iid_support_ellipse_zb08p0_E07p6;F3NCS_0044_iid_support_ellipse_zb07p2_E08p4;F3NCS_0079_iid_support_cylinder_zb04p3_E13p0;F3NCS_0081_iid_support_ellipse_zb05p9_E06p8;F3NCS_0089_iid_support_cylinder_zb05p4_E08p5;F3NCS_0091_iid_support_two_foci_zb03p9_E39p0;F3NCS_0097_iid_support_cylinder_zb06p3_E18p9;F3NCS_0100_iid_support_cylinder_zb03p6_E34p7;F3NCS_0104_iid_support_ellipse_zb03p3_E52p9;F3NCS_0111_iid_support_ellipse_zb03p7_E19p4;F3NCS_0125_iid_support_cylinder_zb06p4_E14p2;F3NCS_0128_iid_support_two_foci_zb02p9_E23p9;F3NCS_0131_iid_support_ellipse_zb05p4_E74p1;F3NCS_0132_iid_support_cylinder_zb07p9_E08p3;F3NCS_0139_iid_support_two_foci_zb03p2_E25p1;F3NCS_0141_iid_support_cylinder_zb01p5_E37p1;F3NCS_0142_iid_support_two_foci_zb05p0_E19p6;F3NCS_0146_iid_support_two_foci_zb04p1_E20p6;F3NCS_0149_iid_support_cylinder_zb03p2_E32p2;F3NCS_0155_iid_support_ellipse_zb06p3_E24p5;F3NCS_0158_iid_support_cylinder_zb05p7_E11p3;F3NCS_0161_iid_support_ellipse_zb01p6_E25p7;F3NCS_0162_iid_support_ellipse_zb03p2_E17p6;F3NCS_0163_iid_support_two_foci_zb06p0_E08p1;F3NCS_0165_iid_support_ellipse_zb04p1_E25p8;F3NCS_0179_iid_support_two_foci_zb03p8_E90p2;F3NCS_0183_iid_support_cylinder_zb06p6_E10p9;F3NCS_0184_iid_support_cylinder_zb03p7_E17p7;F3NCS_0188_iid_support_cylinder_zb02p6_E41p7;F3NCS_0198_iid_support_cylinder_zb05p9_E17p9;F3NCS_0199_iid_support_ellipse_zb06p2_E37p7;F3NCS_0202_iid_support_cylinder_zb03p7_E57p3;F3NCS_0220_iid_support_two_foci_zb02p4_E32p0;F3NCS_0223_iid_support_two_foci_zb05p1_E52p3;F3NCS_0239_iid_support_ellipse_zb02p9_E06p8;F3NCS_0262_iid_support_ellipse_zb05p7_E60p2;F3NCS_0272_iid_support_ellipse_zb02p7_E33p6;F3NCS_0278_iid_support_ellipse_zb02p1_E44p7;F3NCS_0284_iid_support_ellipse_zb03p7_E68p9;F3NCS_0288_iid_support_cylinder_zb03p9_E35p1;F3NCS_0296_iid_support_cylinder_zb06p2_E15p6;F3NCS_0300_iid_support_ellipse_zb07p6_E67p9;F3NCS_0306_iid_support_ellipse_zb04p6_E40p2;F3NCS_0315_iid_support_ellipse_zb08p0_E09p3;F3NCS_0316_iid_support_two_foci_zb02p8_E06p3,method2b_512_full_comsol_recalibrated_9model,fig3_true_ood,0,split_role/ood_split_family,iid_test,230,38,52,0.231512039899826,0.4358989894390106,0.6684567928314209,0.7423893809318542,1.757085204124451,0.8744929432868958,2.3814573287963867,0.9409884214401244,2.8193905353546143,0.5315054903855313,0.9326013526785292,0.3749955421329071,0.4207033983294713,0.0946902946220771,0.3043108582496643,0.82274329662323,validation,0.9,8.604013442993164,
likelihood_guided_diffusion,0.4568797647953033,0.4719239386387205,6.522559844748824,0.0521526043661511,13.112926483154297,14.613519841509886,0.2172035364362142,52,F3NCS_0009_iid_support_ellipse_zb07p3_E22p5;F3NCS_0010_iid_support_cylinder_zb06p1_E14p0;F3NCS_0019_iid_support_two_foci_zb05p4_E27p2;F3NCS_0021_iid_support_ellipse_zb05p6_E31p9;F3NCS_0023_iid_support_cylinder_zb05p0_E06p6;F3NCS_0027_iid_support_ellipse_zb02p3_E78p6;F3NCS_0035_iid_support_ellipse_zb02p8_E30p8;F3NCS_0037_iid_support_ellipse_zb08p0_E07p6;F3NCS_0044_iid_support_ellipse_zb07p2_E08p4;F3NCS_0079_iid_support_cylinder_zb04p3_E13p0;F3NCS_0081_iid_support_ellipse_zb05p9_E06p8;F3NCS_0089_iid_support_cylinder_zb05p4_E08p5;F3NCS_0091_iid_support_two_foci_zb03p9_E39p0;F3NCS_0097_iid_support_cylinder_zb06p3_E18p9;F3NCS_0100_iid_support_cylinder_zb03p6_E34p7;F3NCS_0104_iid_support_ellipse_zb03p3_E52p9;F3NCS_0111_iid_support_ellipse_zb03p7_E19p4;F3NCS_0125_iid_support_cylinder_zb06p4_E14p2;F3NCS_0128_iid_support_two_foci_zb02p9_E23p9;F3NCS_0131_iid_support_ellipse_zb05p4_E74p1;F3NCS_0132_iid_support_cylinder_zb07p9_E08p3;F3NCS_0139_iid_support_two_foci_zb03p2_E25p1;F3NCS_0141_iid_support_cylinder_zb01p5_E37p1;F3NCS_0142_iid_support_two_foci_zb05p0_E19p6;F3NCS_0146_iid_support_two_foci_zb04p1_E20p6;F3NCS_0149_iid_support_cylinder_zb03p2_E32p2;F3NCS_0155_iid_support_ellipse_zb06p3_E24p5;F3NCS_0158_iid_support_cylinder_zb05p7_E11p3;F3NCS_0161_iid_support_ellipse_zb01p6_E25p7;F3NCS_0162_iid_support_ellipse_zb03p2_E17p6;F3NCS_0163_iid_support_two_foci_zb06p0_E08p1;F3NCS_0165_iid_support_ellipse_zb04p1_E25p8;F3NCS_0179_iid_support_two_foci_zb03p8_E90p2;F3NCS_0183_iid_support_cylinder_zb06p6_E10p9;F3NCS_0184_iid_support_cylinder_zb03p7_E17p7;F3NCS_0188_iid_support_cylinder_zb02p6_E41p7;F3NCS_0198_iid_support_cylinder_zb05p9_E17p9;F3NCS_0199_iid_support_ellipse_zb06p2_E37p7;F3NCS_0202_iid_support_cylinder_zb03p7_E57p3;F3NCS_0220_iid_support_two_foci_zb02p4_E32p0;F3NCS_0223_iid_support_two_foci_zb05p1_E52p3;F3NCS_0239_iid_support_ellipse_zb02p9_E06p8;F3NCS_0262_iid_support_ellipse_zb05p7_E60p2;F3NCS_0272_iid_support_ellipse_zb02p7_E33p6;F3NCS_0278_iid_support_ellipse_zb02p1_E44p7;F3NCS_0284_iid_support_ellipse_zb03p7_E68p9;F3NCS_0288_iid_support_cylinder_zb03p9_E35p1;F3NCS_0296_iid_support_cylinder_zb06p2_E15p6;F3NCS_0300_iid_support_ellipse_zb07p6_E67p9;F3NCS_0306_iid_support_ellipse_zb04p6_E40p2;F3NCS_0315_iid_support_ellipse_zb08p0_E09p3;F3NCS_0316_iid_support_two_foci_zb02p8_E06p3,method2b_512_full_comsol_recalibrated_9model,fig3_true_ood,0,split_role/ood_split_family,iid_test,230,38,52,0.41309255361557,0.0169771630316972,0.0760827735066413,0.048039361834526,0.2059611976146698,0.0626737177371978,0.2826492488384247,0.070406399667263,0.3351954221725464,0.5225529629883042,0.9282801275059884,0.3744344131862192,4.468155737083371,0.0940553583775814,0.0857450067996978,0.0974134504795074,,,,
likelihood_guided_diffusion_calibrated90,0.4568797647953033,0.4719239386387205,6.522559844748824,0.0521526493920156,13.11292552947998,14.613519841509886,0.21720353115472,52,F3NCS_0009_iid_support_ellipse_zb07p3_E22p5;F3NCS_0010_iid_support_cylinder_zb06p1_E14p0;F3NCS_0019_iid_support_two_foci_zb05p4_E27p2;F3NCS_0021_iid_support_ellipse_zb05p6_E31p9;F3NCS_0023_iid_support_cylinder_zb05p0_E06p6;F3NCS_0027_iid_support_ellipse_zb02p3_E78p6;F3NCS_0035_iid_support_ellipse_zb02p8_E30p8;F3NCS_0037_iid_support_ellipse_zb08p0_E07p6;F3NCS_0044_iid_support_ellipse_zb07p2_E08p4;F3NCS_0079_iid_support_cylinder_zb04p3_E13p0;F3NCS_0081_iid_support_ellipse_zb05p9_E06p8;F3NCS_0089_iid_support_cylinder_zb05p4_E08p5;F3NCS_0091_iid_support_two_foci_zb03p9_E39p0;F3NCS_0097_iid_support_cylinder_zb06p3_E18p9;F3NCS_0100_iid_support_cylinder_zb03p6_E34p7;F3NCS_0104_iid_support_ellipse_zb03p3_E52p9;F3NCS_0111_iid_support_ellipse_zb03p7_E19p4;F3NCS_0125_iid_support_cylinder_zb06p4_E14p2;F3NCS_0128_iid_support_two_foci_zb02p9_E23p9;F3NCS_0131_iid_support_ellipse_zb05p4_E74p1;F3NCS_0132_iid_support_cylinder_zb07p9_E08p3;F3NCS_0139_iid_support_two_foci_zb03p2_E25p1;F3NCS_0141_iid_support_cylinder_zb01p5_E37p1;F3NCS_0142_iid_support_two_foci_zb05p0_E19p6;F3NCS_0146_iid_support_two_foci_zb04p1_E20p6;F3NCS_0149_iid_support_cylinder_zb03p2_E32p2;F3NCS_0155_iid_support_ellipse_zb06p3_E24p5;F3NCS_0158_iid_support_cylinder_zb05p7_E11p3;F3NCS_0161_iid_support_ellipse_zb01p6_E25p7;F3NCS_0162_iid_support_ellipse_zb03p2_E17p6;F3NCS_0163_iid_support_two_foci_zb06p0_E08p1;F3NCS_0165_iid_support_ellipse_zb04p1_E25p8;F3NCS_0179_iid_support_two_foci_zb03p8_E90p2;F3NCS_0183_iid_support_cylinder_zb06p6_E10p9;F3NCS_0184_iid_support_cylinder_zb03p7_E17p7;F3NCS_0188_iid_support_cylinder_zb02p6_E41p7;F3NCS_0198_iid_support_cylinder_zb05p9_E17p9;F3NCS_0199_iid_support_ellipse_zb06p2_E37p7;F3NCS_0202_iid_support_cylinder_zb03p7_E57p3;F3NCS_0220_iid_support_two_foci_zb02p4_E32p0;F3NCS_0223_iid_support_two_foci_zb05p1_E52p3;F3NCS_0239_iid_support_ellipse_zb02p9_E06p8;F3NCS_0262_iid_support_ellipse_zb05p7_E60p2;F3NCS_0272_iid_support_ellipse_zb02p7_E33p6;F3NCS_0278_iid_support_ellipse_zb02p1_E44p7;F3NCS_0284_iid_support_ellipse_zb03p7_E68p9;F3NCS_0288_iid_support_cylinder_zb03p9_E35p1;F3NCS_0296_iid_support_cylinder_zb06p2_E15p6;F3NCS_0300_iid_support_ellipse_zb07p6_E67p9;F3NCS_0306_iid_support_ellipse_zb04p6_E40p2;F3NCS_0315_iid_support_ellipse_zb08p0_E09p3;F3NCS_0316_iid_support_two_foci_zb02p8_E06p3,method2b_512_full_comsol_recalibrated_9model,fig3_true_ood,0,split_role/ood_split_family,iid_test,230,38,52,0.230689138174057,0.5119816660881042,0.7131430506706238,0.83013916015625,1.9305260181427,0.937697172164917,2.649342536926269,0.9734262228012084,3.141871452331543,0.5225529506406845,0.9282801264038684,0.456556757946004,0.4568226644016707,0.0940553591478727,0.3415838479995727,0.9130808115005492,validation,0.9,9.373251914978027,
prior_init_diffusion_unet,0.0754505023360252,0.1542954625898011,16.23293690338847,0.2673536521884111,2.869870901107788,8.940242746628995,0.5481930615059425,52,F3NCS_0009_iid_support_ellipse_zb07p3_E22p5;F3NCS_0010_iid_support_cylinder_zb06p1_E14p0;F3NCS_0019_iid_support_two_foci_zb05p4_E27p2;F3NCS_0021_iid_support_ellipse_zb05p6_E31p9;F3NCS_0023_iid_support_cylinder_zb05p0_E06p6;F3NCS_0027_iid_support_ellipse_zb02p3_E78p6;F3NCS_0035_iid_support_ellipse_zb02p8_E30p8;F3NCS_0037_iid_support_ellipse_zb08p0_E07p6;F3NCS_0044_iid_support_ellipse_zb07p2_E08p4;F3NCS_0079_iid_support_cylinder_zb04p3_E13p0;F3NCS_0081_iid_support_ellipse_zb05p9_E06p8;F3NCS_0089_iid_support_cylinder_zb05p4_E08p5;F3NCS_0091_iid_support_two_foci_zb03p9_E39p0;F3NCS_0097_iid_support_cylinder_zb06p3_E18p9;F3NCS_0100_iid_support_cylinder_zb03p6_E34p7;F3NCS_0104_iid_support_ellipse_zb03p3_E52p9;F3NCS_0111_iid_support_ellipse_zb03p7_E19p4;F3NCS_0125_iid_support_cylinder_zb06p4_E14p2;F3NCS_0128_iid_support_two_foci_zb02p9_E23p9;F3NCS_0131_iid_support_ellipse_zb05p4_E74p1;F3NCS_0132_iid_support_cylinder_zb07p9_E08p3;F3NCS_0139_iid_support_two_foci_zb03p2_E25p1;F3NCS_0141_iid_support_cylinder_zb01p5_E37p1;F3NCS_0142_iid_support_two_foci_zb05p0_E19p6;F3NCS_0146_iid_support_two_foci_zb04p1_E20p6;F3NCS_0149_iid_support_cylinder_zb03p2_E32p2;F3NCS_0155_iid_support_ellipse_zb06p3_E24p5;F3NCS_0158_iid_support_cylinder_zb05p7_E11p3;F3NCS_0161_iid_support_ellipse_zb01p6_E25p7;F3NCS_0162_iid_support_ellipse_zb03p2_E17p6;F3NCS_0163_iid_support_two_foci_zb06p0_E08p1;F3NCS_0165_iid_support_ellipse_zb04p1_E25p8;F3NCS_0179_iid_support_two_foci_zb03p8_E90p2;F3NCS_0183_iid_support_cylinder_zb06p6_E10p9;F3NCS_0184_iid_support_cylinder_zb03p7_E17p7;F3NCS_0188_iid_support_cylinder_zb02p6_E41p7;F3NCS_0198_iid_support_cylinder_zb05p9_E17p9;F3NCS_0199_iid_support_ellipse_zb06p2_E37p7;F3NCS_0202_iid_support_cylinder_zb03p7_E57p3;F3NCS_0220_iid_support_two_foci_zb02p4_E32p0;F3NCS_0223_iid_support_two_foci_zb05p1_E52p3;F3NCS_0239_iid_support_ellipse_zb02p9_E06p8;F3NCS_0262_iid_support_ellipse_zb05p7_E60p2;F3NCS_0272_iid_support_ellipse_zb02p7_E33p6;F3NCS_0278_iid_support_ellipse_zb02p1_E44p7;F3NCS_0284_iid_support_ellipse_zb03p7_E68p9;F3NCS_0288_iid_support_cylinder_zb03p9_E35p1;F3NCS_0296_iid_support_cylinder_zb06p2_E15p6;F3NCS_0300_iid_support_ellipse_zb07p6_E67p9;F3NCS_0306_iid_support_ellipse_zb04p6_E40p2;F3NCS_0315_iid_support_ellipse_zb08p0_E09p3;F3NCS_0316_iid_support_two_foci_zb02p8_E06p3,method2b_512_full_comsol_recalibrated_9model,fig3_true_ood,0,split_role/ood_split_family,iid_test,230,38,52,0.0703926458954811,0.0046668420545756,0.0121003650128841,0.0150944637134671,0.022537937387824,0.0469031706452369,0.0282967370003461,0.102421686053276,0.032474759966135,0.6186075494599029,0.8489509122076602,0.1220753712333444,12.7283192738772,0.0135233648991607,0.113570436835289,0.0091200228780508,,,,
prior_init_diffusion_unet_calibrated90,0.0754505023360252,0.1542954625898011,16.23293690338847,0.2673536269710614,2.869870901107788,8.940242746628995,0.5481930613442222,52,F3NCS_0009_iid_support_ellipse_zb07p3_E22p5;F3NCS_0010_iid_support_cylinder_zb06p1_E14p0;F3NCS_0019_iid_support_two_foci_zb05p4_E27p2;F3NCS_0021_iid_support_ellipse_zb05p6_E31p9;F3NCS_0023_iid_support_cylinder_zb05p0_E06p6;F3NCS_0027_iid_support_ellipse_zb02p3_E78p6;F3NCS_0035_iid_support_ellipse_zb02p8_E30p8;F3NCS_0037_iid_support_ellipse_zb08p0_E07p6;F3NCS_0044_iid_support_ellipse_zb07p2_E08p4;F3NCS_0079_iid_support_cylinder_zb04p3_E13p0;F3NCS_0081_iid_support_ellipse_zb05p9_E06p8;F3NCS_0089_iid_support_cylinder_zb05p4_E08p5;F3NCS_0091_iid_support_two_foci_zb03p9_E39p0;F3NCS_0097_iid_support_cylinder_zb06p3_E18p9;F3NCS_0100_iid_support_cylinder_zb03p6_E34p7;F3NCS_0104_iid_support_ellipse_zb03p3_E52p9;F3NCS_0111_iid_support_ellipse_zb03p7_E19p4;F3NCS_0125_iid_support_cylinder_zb06p4_E14p2;F3NCS_0128_iid_support_two_foci_zb02p9_E23p9;F3NCS_0131_iid_support_ellipse_zb05p4_E74p1;F3NCS_0132_iid_support_cylinder_zb07p9_E08p3;F3NCS_0139_iid_support_two_foci_zb03p2_E25p1;F3NCS_0141_iid_support_cylinder_zb01p5_E37p1;F3NCS_0142_iid_support_two_foci_zb05p0_E19p6;F3NCS_0146_iid_support_two_foci_zb04p1_E20p6;F3NCS_0149_iid_support_cylinder_zb03p2_E32p2;F3NCS_0155_iid_support_ellipse_zb06p3_E24p5;F3NCS_0158_iid_support_cylinder_zb05p7_E11p3;F3NCS_0161_iid_support_ellipse_zb01p6_E25p7;F3NCS_0162_iid_support_ellipse_zb03p2_E17p6;F3NCS_0163_iid_support_two_foci_zb06p0_E08p1;F3NCS_0165_iid_support_ellipse_zb04p1_E25p8;F3NCS_0179_iid_support_two_foci_zb03p8_E90p2;F3NCS_0183_iid_support_cylinder_zb06p6_E10p9;F3NCS_0184_iid_support_cylinder_zb03p7_E17p7;F3NCS_0188_iid_support_cylinder_zb02p6_E41p7;F3NCS_0198_iid_support_cylinder_zb05p9_E17p9;F3NCS_0199_iid_support_ellipse_zb06p2_E37p7;F3NCS_0202_iid_support_cylinder_zb03p7_E57p3;F3NCS_0220_iid_support_two_foci_zb02p4_E32p0;F3NCS_0223_iid_support_two_foci_zb05p1_E52p3;F3NCS_0239_iid_support_ellipse_zb02p9_E06p8;F3NCS_0262_iid_support_ellipse_zb05p7_E60p2;F3NCS_0272_iid_support_ellipse_zb02p7_E33p6;F3NCS_0278_iid_support_ellipse_zb02p1_E44p7;F3NCS_0284_iid_support_ellipse_zb03p7_E68p9;F3NCS_0288_iid_support_cylinder_zb03p9_E35p1;F3NCS_0296_iid_support_cylinder_zb06p2_E15p6;F3NCS_0300_iid_support_ellipse_zb07p6_E67p9;F3NCS_0306_iid_support_ellipse_zb04p6_E40p2;F3NCS_0315_iid_support_ellipse_zb08p0_E09p3;F3NCS_0316_iid_support_two_foci_zb02p8_E06p3,method2b_512_full_comsol_recalibrated_9model,fig3_true_ood,0,split_role/ood_split_family,iid_test,230,38,52,0.0648293048143386,0.8244863748550415,0.157714694738388,0.8877657651901245,0.2937567234039306,0.91375732421875,0.3688162267208099,0.9287062287330629,0.4232720732688904,0.6186074972279838,0.8489509108606246,0.0264405745367819,0.202327997007433,0.0135233651040959,0.4314155578613281,0.1188692674040794,validation,0.9,13.033878326416016,
residual_likelihood_guided_diffusion,0.0754851475358009,0.1543632075018071,16.22912411667168,0.2671059688123373,2.870347023010254,8.939080372048862,0.5478900764447552,52,F3NCS_0009_iid_support_ellipse_zb07p3_E22p5;F3NCS_0010_iid_support_cylinder_zb06p1_E14p0;F3NCS_0019_iid_support_two_foci_zb05p4_E27p2;F3NCS_0021_iid_support_ellipse_zb05p6_E31p9;F3NCS_0023_iid_support_cylinder_zb05p0_E06p6;F3NCS_0027_iid_support_ellipse_zb02p3_E78p6;F3NCS_0035_iid_support_ellipse_zb02p8_E30p8;F3NCS_0037_iid_support_ellipse_zb08p0_E07p6;F3NCS_0044_iid_support_ellipse_zb07p2_E08p4;F3NCS_0079_iid_support_cylinder_zb04p3_E13p0;F3NCS_0081_iid_support_ellipse_zb05p9_E06p8;F3NCS_0089_iid_support_cylinder_zb05p4_E08p5;F3NCS_0091_iid_support_two_foci_zb03p9_E39p0;F3NCS_0097_iid_support_cylinder_zb06p3_E18p9;F3NCS_0100_iid_support_cylinder_zb03p6_E34p7;F3NCS_0104_iid_support_ellipse_zb03p3_E52p9;F3NCS_0111_iid_support_ellipse_zb03p7_E19p4;F3NCS_0125_iid_support_cylinder_zb06p4_E14p2;F3NCS_0128_iid_support_two_foci_zb02p9_E23p9;F3NCS_0131_iid_support_ellipse_zb05p4_E74p1;F3NCS_0132_iid_support_cylinder_zb07p9_E08p3;F3NCS_0139_iid_support_two_foci_zb03p2_E25p1;F3NCS_0141_iid_support_cylinder_zb01p5_E37p1;F3NCS_0142_iid_support_two_foci_zb05p0_E19p6;F3NCS_0146_iid_support_two_foci_zb04p1_E20p6;F3NCS_0149_iid_support_cylinder_zb03p2_E32p2;F3NCS_0155_iid_support_ellipse_zb06p3_E24p5;F3NCS_0158_iid_support_cylinder_zb05p7_E11p3;F3NCS_0161_iid_support_ellipse_zb01p6_E25p7;F3NCS_0162_iid_support_ellipse_zb03p2_E17p6;F3NCS_0163_iid_support_two_foci_zb06p0_E08p1;F3NCS_0165_iid_support_ellipse_zb04p1_E25p8;F3NCS_0179_iid_support_two_foci_zb03p8_E90p2;F3NCS_0183_iid_support_cylinder_zb06p6_E10p9;F3NCS_0184_iid_support_cylinder_zb03p7_E17p7;F3NCS_0188_iid_support_cylinder_zb02p6_E41p7;F3NCS_0198_iid_support_cylinder_zb05p9_E17p9;F3NCS_0199_iid_support_ellipse_zb06p2_E37p7;F3NCS_0202_iid_support_cylinder_zb03p7_E57p3;F3NCS_0220_iid_support_two_foci_zb02p4_E32p0;F3NCS_0223_iid_support_two_foci_zb05p1_E52p3;F3NCS_0239_iid_support_ellipse_zb02p9_E06p8;F3NCS_0262_iid_support_ellipse_zb05p7_E60p2;F3NCS_0272_iid_support_ellipse_zb02p7_E33p6;F3NCS_0278_iid_support_ellipse_zb02p1_E44p7;F3NCS_0284_iid_support_ellipse_zb03p7_E68p9;F3NCS_0288_iid_support_cylinder_zb03p9_E35p1;F3NCS_0296_iid_support_cylinder_zb06p2_E15p6;F3NCS_0300_iid_support_ellipse_zb07p6_E67p9;F3NCS_0306_iid_support_ellipse_zb04p6_E40p2;F3NCS_0315_iid_support_ellipse_zb08p0_E09p3;F3NCS_0316_iid_support_two_foci_zb02p8_E06p3,method2b_512_full_comsol_recalibrated_9model,fig3_true_ood,0,split_role/ood_split_family,iid_test,230,38,52,0.0704220384359359,0.0046809269115328,0.0121165197342634,0.0151461083441972,0.0225728061050176,0.04644775390625,0.0283287037163972,0.1017972528934478,0.0324911214411258,0.6174568963691655,0.8484211465889285,0.1220960545686342,12.717828712786254,0.0134416044140107,0.1135685294866561,0.0091278562322258,,,,
residual_likelihood_guided_diffusion_calibrated90,0.0754851475358009,0.154363219568446,16.229123437691946,0.2671060410256569,2.870347023010254,8.939080372048862,0.5478900749709408,52,F3NCS_0009_iid_support_ellipse_zb07p3_E22p5;F3NCS_0010_iid_support_cylinder_zb06p1_E14p0;F3NCS_0019_iid_support_two_foci_zb05p4_E27p2;F3NCS_0021_iid_support_ellipse_zb05p6_E31p9;F3NCS_0023_iid_support_cylinder_zb05p0_E06p6;F3NCS_0027_iid_support_ellipse_zb02p3_E78p6;F3NCS_0035_iid_support_ellipse_zb02p8_E30p8;F3NCS_0037_iid_support_ellipse_zb08p0_E07p6;F3NCS_0044_iid_support_ellipse_zb07p2_E08p4;F3NCS_0079_iid_support_cylinder_zb04p3_E13p0;F3NCS_0081_iid_support_ellipse_zb05p9_E06p8;F3NCS_0089_iid_support_cylinder_zb05p4_E08p5;F3NCS_0091_iid_support_two_foci_zb03p9_E39p0;F3NCS_0097_iid_support_cylinder_zb06p3_E18p9;F3NCS_0100_iid_support_cylinder_zb03p6_E34p7;F3NCS_0104_iid_support_ellipse_zb03p3_E52p9;F3NCS_0111_iid_support_ellipse_zb03p7_E19p4;F3NCS_0125_iid_support_cylinder_zb06p4_E14p2;F3NCS_0128_iid_support_two_foci_zb02p9_E23p9;F3NCS_0131_iid_support_ellipse_zb05p4_E74p1;F3NCS_0132_iid_support_cylinder_zb07p9_E08p3;F3NCS_0139_iid_support_two_foci_zb03p2_E25p1;F3NCS_0141_iid_support_cylinder_zb01p5_E37p1;F3NCS_0142_iid_support_two_foci_zb05p0_E19p6;F3NCS_0146_iid_support_two_foci_zb04p1_E20p6;F3NCS_0149_iid_support_cylinder_zb03p2_E32p2;F3NCS_0155_iid_support_ellipse_zb06p3_E24p5;F3NCS_0158_iid_support_cylinder_zb05p7_E11p3;F3NCS_0161_iid_support_ellipse_zb01p6_E25p7;F3NCS_0162_iid_support_ellipse_zb03p2_E17p6;F3NCS_0163_iid_support_two_foci_zb06p0_E08p1;F3NCS_0165_iid_support_ellipse_zb04p1_E25p8;F3NCS_0179_iid_support_two_foci_zb03p8_E90p2;F3NCS_0183_iid_support_cylinder_zb06p6_E10p9;F3NCS_0184_iid_support_cylinder_zb03p7_E17p7;F3NCS_0188_iid_support_cylinder_zb02p6_E41p7;F3NCS_0198_iid_support_cylinder_zb05p9_E17p9;F3NCS_0199_iid_support_ellipse_zb06p2_E37p7;F3NCS_0202_iid_support_cylinder_zb03p7_E57p3;F3NCS_0220_iid_support_two_foci_zb02p4_E32p0;F3NCS_0223_iid_support_two_foci_zb05p1_E52p3;F3NCS_0239_iid_support_ellipse_zb02p9_E06p8;F3NCS_0262_iid_support_ellipse_zb05p7_E60p2;F3NCS_0272_iid_support_ellipse_zb02p7_E33p6;F3NCS_0278_iid_support_ellipse_zb02p1_E44p7;F3NCS_0284_iid_support_ellipse_zb03p7_E68p9;F3NCS_0288_iid_support_cylinder_zb03p9_E35p1;F3NCS_0296_iid_support_cylinder_zb06p2_E15p6;F3NCS_0300_iid_support_ellipse_zb07p6_E67p9;F3NCS_0306_iid_support_ellipse_zb04p6_E40p2;F3NCS_0315_iid_support_ellipse_zb08p0_E09p3;F3NCS_0316_iid_support_two_foci_zb02p8_E06p3,method2b_512_full_comsol_recalibrated_9model,fig3_true_ood,0,split_role/ood_split_family,iid_test,230,38,52,0.064953789114952,0.8247774839401245,0.1584343314170837,0.8882258534431458,0.295159637928009,0.9137244820594788,0.3704231679439544,0.9287203550338744,0.4248505234718323,0.6174568897034954,0.8484211474461331,0.0261259701003643,0.1981144919677287,0.01344157429671,0.4316460490226745,0.1193548887968063,validation,0.9,13.07589626312256,
explicit_residual_target_diffusion,0.0817367509007453,0.1542712564567758,16.234299667338533,0.2356593336623448,2.926377296447754,8.995781227609948,0.5435798294240459,52,F3NCS_0009_iid_support_ellipse_zb07p3_E22p5;F3NCS_0010_iid_support_cylinder_zb06p1_E14p0;F3NCS_0019_iid_support_two_foci_zb05p4_E27p2;F3NCS_0021_iid_support_ellipse_zb05p6_E31p9;F3NCS_0023_iid_support_cylinder_zb05p0_E06p6;F3NCS_0027_iid_support_ellipse_zb02p3_E78p6;F3NCS_0035_iid_support_ellipse_zb02p8_E30p8;F3NCS_0037_iid_support_ellipse_zb08p0_E07p6;F3NCS_0044_iid_support_ellipse_zb07p2_E08p4;F3NCS_0079_iid_support_cylinder_zb04p3_E13p0;F3NCS_0081_iid_support_ellipse_zb05p9_E06p8;F3NCS_0089_iid_support_cylinder_zb05p4_E08p5;F3NCS_0091_iid_support_two_foci_zb03p9_E39p0;F3NCS_0097_iid_support_cylinder_zb06p3_E18p9;F3NCS_0100_iid_support_cylinder_zb03p6_E34p7;F3NCS_0104_iid_support_ellipse_zb03p3_E52p9;F3NCS_0111_iid_support_ellipse_zb03p7_E19p4;F3NCS_0125_iid_support_cylinder_zb06p4_E14p2;F3NCS_0128_iid_support_two_foci_zb02p9_E23p9;F3NCS_0131_iid_support_ellipse_zb05p4_E74p1;F3NCS_0132_iid_support_cylinder_zb07p9_E08p3;F3NCS_0139_iid_support_two_foci_zb03p2_E25p1;F3NCS_0141_iid_support_cylinder_zb01p5_E37p1;F3NCS_0142_iid_support_two_foci_zb05p0_E19p6;F3NCS_0146_iid_support_two_foci_zb04p1_E20p6;F3NCS_0149_iid_support_cylinder_zb03p2_E32p2;F3NCS_0155_iid_support_ellipse_zb06p3_E24p5;F3NCS_0158_iid_support_cylinder_zb05p7_E11p3;F3NCS_0161_iid_support_ellipse_zb01p6_E25p7;F3NCS_0162_iid_support_ellipse_zb03p2_E17p6;F3NCS_0163_iid_support_two_foci_zb06p0_E08p1;F3NCS_0165_iid_support_ellipse_zb04p1_E25p8;F3NCS_0179_iid_support_two_foci_zb03p8_E90p2;F3NCS_0183_iid_support_cylinder_zb06p6_E10p9;F3NCS_0184_iid_support_cylinder_zb03p7_E17p7;F3NCS_0188_iid_support_cylinder_zb02p6_E41p7;F3NCS_0198_iid_support_cylinder_zb05p9_E17p9;F3NCS_0199_iid_support_ellipse_zb06p2_E37p7;F3NCS_0202_iid_support_cylinder_zb03p7_E57p3;F3NCS_0220_iid_support_two_foci_zb02p4_E32p0;F3NCS_0223_iid_support_two_foci_zb05p1_E52p3;F3NCS_0239_iid_support_ellipse_zb02p9_E06p8;F3NCS_0262_iid_support_ellipse_zb05p7_E60p2;F3NCS_0272_iid_support_ellipse_zb02p7_E33p6;F3NCS_0278_iid_support_ellipse_zb02p1_E44p7;F3NCS_0284_iid_support_ellipse_zb03p7_E68p9;F3NCS_0288_iid_support_cylinder_zb03p9_E35p1;F3NCS_0296_iid_support_cylinder_zb06p2_E15p6;F3NCS_0300_iid_support_ellipse_zb07p6_E67p9;F3NCS_0306_iid_support_ellipse_zb04p6_E40p2;F3NCS_0315_iid_support_ellipse_zb08p0_E09p3;F3NCS_0316_iid_support_two_foci_zb02p8_E06p3,method2b_512_full_comsol_recalibrated_9model,fig3_true_ood,0,split_role/ood_split_family,iid_test,230,38,52,0.0558183118700981,0.7355675101280212,0.0497074201703071,0.8054386973381042,0.114406980574131,0.8448157906532288,0.1668227612972259,0.8685818910598755,0.2146463543176651,0.8152148056956136,0.7895821345940411,0.0740736047782878,1.2741074695436112,0.0160315652331441,0.4986224472522735,0.0637248009443283,,,,0.7352128624916077
explicit_residual_target_diffusion_calibrated90,0.0817367509007453,0.1542712564567758,16.234299667338533,0.2356593747838185,2.926377296447754,8.995781227609948,0.5435798306547317,52,F3NCS_0009_iid_support_ellipse_zb07p3_E22p5;F3NCS_0010_iid_support_cylinder_zb06p1_E14p0;F3NCS_0019_iid_support_two_foci_zb05p4_E27p2;F3NCS_0021_iid_support_ellipse_zb05p6_E31p9;F3NCS_0023_iid_support_cylinder_zb05p0_E06p6;F3NCS_0027_iid_support_ellipse_zb02p3_E78p6;F3NCS_0035_iid_support_ellipse_zb02p8_E30p8;F3NCS_0037_iid_support_ellipse_zb08p0_E07p6;F3NCS_0044_iid_support_ellipse_zb07p2_E08p4;F3NCS_0079_iid_support_cylinder_zb04p3_E13p0;F3NCS_0081_iid_support_ellipse_zb05p9_E06p8;F3NCS_0089_iid_support_cylinder_zb05p4_E08p5;F3NCS_0091_iid_support_two_foci_zb03p9_E39p0;F3NCS_0097_iid_support_cylinder_zb06p3_E18p9;F3NCS_0100_iid_support_cylinder_zb03p6_E34p7;F3NCS_0104_iid_support_ellipse_zb03p3_E52p9;F3NCS_0111_iid_support_ellipse_zb03p7_E19p4;F3NCS_0125_iid_support_cylinder_zb06p4_E14p2;F3NCS_0128_iid_support_two_foci_zb02p9_E23p9;F3NCS_0131_iid_support_ellipse_zb05p4_E74p1;F3NCS_0132_iid_support_cylinder_zb07p9_E08p3;F3NCS_0139_iid_support_two_foci_zb03p2_E25p1;F3NCS_0141_iid_support_cylinder_zb01p5_E37p1;F3NCS_0142_iid_support_two_foci_zb05p0_E19p6;F3NCS_0146_iid_support_two_foci_zb04p1_E20p6;F3NCS_0149_iid_support_cylinder_zb03p2_E32p2;F3NCS_0155_iid_support_ellipse_zb06p3_E24p5;F3NCS_0158_iid_support_cylinder_zb05p7_E11p3;F3NCS_0161_iid_support_ellipse_zb01p6_E25p7;F3NCS_0162_iid_support_ellipse_zb03p2_E17p6;F3NCS_0163_iid_support_two_foci_zb06p0_E08p1;F3NCS_0165_iid_support_ellipse_zb04p1_E25p8;F3NCS_0179_iid_support_two_foci_zb03p8_E90p2;F3NCS_0183_iid_support_cylinder_zb06p6_E10p9;F3NCS_0184_iid_support_cylinder_zb03p7_E17p7;F3NCS_0188_iid_support_cylinder_zb02p6_E41p7;F3NCS_0198_iid_support_cylinder_zb05p9_E17p9;F3NCS_0199_iid_support_ellipse_zb06p2_E37p7;F3NCS_0202_iid_support_cylinder_zb03p7_E57p3;F3NCS_0220_iid_support_two_foci_zb02p4_E32p0;F3NCS_0223_iid_support_two_foci_zb05p1_E52p3;F3NCS_0239_iid_support_ellipse_zb02p9_E06p8;F3NCS_0262_iid_support_ellipse_zb05p7_E60p2;F3NCS_0272_iid_support_ellipse_zb02p7_E33p6;F3NCS_0278_iid_support_ellipse_zb02p1_E44p7;F3NCS_0284_iid_support_ellipse_zb03p7_E68p9;F3NCS_0288_iid_support_cylinder_zb03p9_E35p1;F3NCS_0296_iid_support_cylinder_zb06p2_E15p6;F3NCS_0300_iid_support_ellipse_zb07p6_E67p9;F3NCS_0306_iid_support_ellipse_zb04p6_E40p2;F3NCS_0315_iid_support_ellipse_zb08p0_E09p3;F3NCS_0316_iid_support_two_foci_zb02p8_E06p3,method2b_512_full_comsol_recalibrated_9model,fig3_true_ood,0,split_role/ood_split_family,iid_test,230,38,52,0.0572045184671878,0.7245905995368958,0.085078664124012,0.8727088570594788,0.1958177089691162,0.9096491932868958,0.285531997680664,0.93206787109375,0.3673863112926483,0.8152148079373072,0.7895821330020899,0.0309469312505759,0.402246719171922,0.0160315652716181,0.5638228058815002,0.1090706661343574,validation,0.9,1.7115888595581057,0.7352128624916077
explicit_residual_likelihood_guided_diffusion,0.0819266662001609,0.1548334401390883,16.202704736178852,0.2297246822944054,2.926821231842041,9.02237886105987,0.5404257859623791,52,F3NCS_0009_iid_support_ellipse_zb07p3_E22p5;F3NCS_0010_iid_support_cylinder_zb06p1_E14p0;F3NCS_0019_iid_support_two_foci_zb05p4_E27p2;F3NCS_0021_iid_support_ellipse_zb05p6_E31p9;F3NCS_0023_iid_support_cylinder_zb05p0_E06p6;F3NCS_0027_iid_support_ellipse_zb02p3_E78p6;F3NCS_0035_iid_support_ellipse_zb02p8_E30p8;F3NCS_0037_iid_support_ellipse_zb08p0_E07p6;F3NCS_0044_iid_support_ellipse_zb07p2_E08p4;F3NCS_0079_iid_support_cylinder_zb04p3_E13p0;F3NCS_0081_iid_support_ellipse_zb05p9_E06p8;F3NCS_0089_iid_support_cylinder_zb05p4_E08p5;F3NCS_0091_iid_support_two_foci_zb03p9_E39p0;F3NCS_0097_iid_support_cylinder_zb06p3_E18p9;F3NCS_0100_iid_support_cylinder_zb03p6_E34p7;F3NCS_0104_iid_support_ellipse_zb03p3_E52p9;F3NCS_0111_iid_support_ellipse_zb03p7_E19p4;F3NCS_0125_iid_support_cylinder_zb06p4_E14p2;F3NCS_0128_iid_support_two_foci_zb02p9_E23p9;F3NCS_0131_iid_support_ellipse_zb05p4_E74p1;F3NCS_0132_iid_support_cylinder_zb07p9_E08p3;F3NCS_0139_iid_support_two_foci_zb03p2_E25p1;F3NCS_0141_iid_support_cylinder_zb01p5_E37p1;F3NCS_0142_iid_support_two_foci_zb05p0_E19p6;F3NCS_0146_iid_support_two_foci_zb04p1_E20p6;F3NCS_0149_iid_support_cylinder_zb03p2_E32p2;F3NCS_0155_iid_support_ellipse_zb06p3_E24p5;F3NCS_0158_iid_support_cylinder_zb05p7_E11p3;F3NCS_0161_iid_support_ellipse_zb01p6_E25p7;F3NCS_0162_iid_support_ellipse_zb03p2_E17p6;F3NCS_0163_iid_support_two_foci_zb06p0_E08p1;F3NCS_0165_iid_support_ellipse_zb04p1_E25p8;F3NCS_0179_iid_support_two_foci_zb03p8_E90p2;F3NCS_0183_iid_support_cylinder_zb06p6_E10p9;F3NCS_0184_iid_support_cylinder_zb03p7_E17p7;F3NCS_0188_iid_support_cylinder_zb02p6_E41p7;F3NCS_0198_iid_support_cylinder_zb05p9_E17p9;F3NCS_0199_iid_support_ellipse_zb06p2_E37p7;F3NCS_0202_iid_support_cylinder_zb03p7_E57p3;F3NCS_0220_iid_support_two_foci_zb02p4_E32p0;F3NCS_0223_iid_support_two_foci_zb05p1_E52p3;F3NCS_0239_iid_support_ellipse_zb02p9_E06p8;F3NCS_0262_iid_support_ellipse_zb05p7_E60p2;F3NCS_0272_iid_support_ellipse_zb02p7_E33p6;F3NCS_0278_iid_support_ellipse_zb02p1_E44p7;F3NCS_0284_iid_support_ellipse_zb03p7_E68p9;F3NCS_0288_iid_support_cylinder_zb03p9_E35p1;F3NCS_0296_iid_support_cylinder_zb06p2_E15p6;F3NCS_0300_iid_support_ellipse_zb07p6_E67p9;F3NCS_0306_iid_support_ellipse_zb04p6_E40p2;F3NCS_0315_iid_support_ellipse_zb08p0_E09p3;F3NCS_0316_iid_support_two_foci_zb02p8_E06p3,method2b_512_full_comsol_recalibrated_9model,fig3_true_ood,0,split_role/ood_split_family,iid_test,230,38,52,0.055686455219984,0.7471360564231873,0.0513291135430336,0.8132230043411255,0.1171010211110115,0.8500601053237915,0.1703579574823379,0.8751643300056458,0.2185896039009094,0.8189407696530308,0.7799516346841211,0.0769467402061409,1.4289419338320375,0.0168845471303167,0.5059410929679871,0.064878337085247,,,,0.7352128624916077
explicit_residual_likelihood_guided_diffusion_calibrated90,0.0819266662001609,0.1548334401390883,16.202704736178852,0.229724698055249,2.92682147026062,9.02237886105987,0.5404257868881451,52,F3NCS_0009_iid_support_ellipse_zb07p3_E22p5;F3NCS_0010_iid_support_cylinder_zb06p1_E14p0;F3NCS_0019_iid_support_two_foci_zb05p4_E27p2;F3NCS_0021_iid_support_ellipse_zb05p6_E31p9;F3NCS_0023_iid_support_cylinder_zb05p0_E06p6;F3NCS_0027_iid_support_ellipse_zb02p3_E78p6;F3NCS_0035_iid_support_ellipse_zb02p8_E30p8;F3NCS_0037_iid_support_ellipse_zb08p0_E07p6;F3NCS_0044_iid_support_ellipse_zb07p2_E08p4;F3NCS_0079_iid_support_cylinder_zb04p3_E13p0;F3NCS_0081_iid_support_ellipse_zb05p9_E06p8;F3NCS_0089_iid_support_cylinder_zb05p4_E08p5;F3NCS_0091_iid_support_two_foci_zb03p9_E39p0;F3NCS_0097_iid_support_cylinder_zb06p3_E18p9;F3NCS_0100_iid_support_cylinder_zb03p6_E34p7;F3NCS_0104_iid_support_ellipse_zb03p3_E52p9;F3NCS_0111_iid_support_ellipse_zb03p7_E19p4;F3NCS_0125_iid_support_cylinder_zb06p4_E14p2;F3NCS_0128_iid_support_two_foci_zb02p9_E23p9;F3NCS_0131_iid_support_ellipse_zb05p4_E74p1;F3NCS_0132_iid_support_cylinder_zb07p9_E08p3;F3NCS_0139_iid_support_two_foci_zb03p2_E25p1;F3NCS_0141_iid_support_cylinder_zb01p5_E37p1;F3NCS_0142_iid_support_two_foci_zb05p0_E19p6;F3NCS_0146_iid_support_two_foci_zb04p1_E20p6;F3NCS_0149_iid_support_cylinder_zb03p2_E32p2;F3NCS_0155_iid_support_ellipse_zb06p3_E24p5;F3NCS_0158_iid_support_cylinder_zb05p7_E11p3;F3NCS_0161_iid_support_ellipse_zb01p6_E25p7;F3NCS_0162_iid_support_ellipse_zb03p2_E17p6;F3NCS_0163_iid_support_two_foci_zb06p0_E08p1;F3NCS_0165_iid_support_ellipse_zb04p1_E25p8;F3NCS_0179_iid_support_two_foci_zb03p8_E90p2;F3NCS_0183_iid_support_cylinder_zb06p6_E10p9;F3NCS_0184_iid_support_cylinder_zb03p7_E17p7;F3NCS_0188_iid_support_cylinder_zb02p6_E41p7;F3NCS_0198_iid_support_cylinder_zb05p9_E17p9;F3NCS_0199_iid_support_ellipse_zb06p2_E37p7;F3NCS_0202_iid_support_cylinder_zb03p7_E57p3;F3NCS_0220_iid_support_two_foci_zb02p4_E32p0;F3NCS_0223_iid_support_two_foci_zb05p1_E52p3;F3NCS_0239_iid_support_ellipse_zb02p9_E06p8;F3NCS_0262_iid_support_ellipse_zb05p7_E60p2;F3NCS_0272_iid_support_ellipse_zb02p7_E33p6;F3NCS_0278_iid_support_ellipse_zb02p1_E44p7;F3NCS_0284_iid_support_ellipse_zb03p7_E68p9;F3NCS_0288_iid_support_cylinder_zb03p9_E35p1;F3NCS_0296_iid_support_cylinder_zb06p2_E15p6;F3NCS_0300_iid_support_ellipse_zb07p6_E67p9;F3NCS_0306_iid_support_ellipse_zb04p6_E40p2;F3NCS_0315_iid_support_ellipse_zb08p0_E09p3;F3NCS_0316_iid_support_two_foci_zb02p8_E06p3,method2b_512_full_comsol_recalibrated_9model,fig3_true_ood,0,split_role/ood_split_family,iid_test,230,38,52,0.0572865791618824,0.7547701597213745,0.0858249813318252,0.8748732209205627,0.1957990825176239,0.9110530018806458,0.2848474979400635,0.9318941831588744,0.3654933273792267,0.8189407664398626,0.779951632969712,0.0342900127748656,0.4872398149162375,0.0168845470793763,0.5665938854217529,0.1084799915552139,validation,0.9,1.6720527410507202,0.7352128624916077
train_mean_prior,0.1438805907964706,0.2227556441798263,13.043425660066552,0.0330969039350748,4.35940408706665,13.246117364878684,,64,F3NCS_0384_ood_unseen_depth_range_two_foci_zb11p3_E39p2;F3NCS_0385_ood_unseen_depth_range_cylinder_zb11p5_E77p5;F3NCS_0386_ood_unseen_depth_range_ellipse_zb09p6_E94p6;F3NCS_0387_ood_unseen_depth_range_ellipse_zb10p9_E15p1;F3NCS_0388_ood_unseen_depth_range_two_foci_zb12p8_E07p0;F3NCS_0389_ood_unseen_depth_range_two_foci_zb08p9_E35p1;F3NCS_0390_ood_unseen_depth_range_two_foci_zb08p6_E39p9;F3NCS_0391_ood_unseen_depth_range_ellipse_zb11p5_E49p0;F3NCS_0392_ood_unseen_depth_range_two_foci_zb09p8_E39p6;F3NCS_0393_ood_unseen_depth_range_two_foci_zb13p5_E10p5;F3NCS_0394_ood_unseen_depth_range_cylinder_zb13p1_E17p7;F3NCS_0395_ood_unseen_depth_range_ellipse_zb11p9_E19p2;F3NCS_0396_ood_unseen_depth_range_ellipse_zb12p8_E35p8;F3NCS_0397_ood_unseen_depth_range_ellipse_zb11p0_E90p4;F3NCS_0398_ood_unseen_depth_range_two_foci_zb09p3_E06p2;F3NCS_0399_ood_unseen_depth_range_two_foci_zb12p6_E13p2;F3NCS_0400_ood_unseen_depth_range_ellipse_zb13p7_E19p7;F3NCS_0401_ood_unseen_depth_range_ellipse_zb09p5_E63p3;F3NCS_0402_ood_unseen_depth_range_cylinder_zb09p7_E17p8;F3NCS_0403_ood_unseen_depth_range_cylinder_zb13p3_E13p7;F3NCS_0404_ood_unseen_depth_range_two_foci_zb08p6_E25p9;F3NCS_0405_ood_unseen_depth_range_cylinder_zb09p6_E16p6;F3NCS_0406_ood_unseen_depth_range_two_foci_zb12p7_E08p4;F3NCS_0407_ood_unseen_depth_range_two_foci_zb10p5_E11p3;F3NCS_0408_ood_unseen_depth_range_ellipse_zb12p1_E31p3;F3NCS_0409_ood_unseen_depth_range_two_foci_zb08p9_E07p6;F3NCS_0410_ood_unseen_depth_range_ellipse_zb13p0_E23p5;F3NCS_0411_ood_unseen_depth_range_two_foci_zb14p0_E48p4;F3NCS_0412_ood_unseen_depth_range_ellipse_zb12p8_E74p8;F3NCS_0413_ood_unseen_depth_range_ellipse_zb12p0_E10p1;F3NCS_0414_ood_unseen_depth_range_cylinder_zb10p0_E74p1;F3NCS_0415_ood_unseen_depth_range_two_foci_zb11p6_E74p6;F3NCS_0416_ood_unseen_depth_range_two_foci_zb10p5_E76p3;F3NCS_0417_ood_unseen_depth_range_two_foci_zb13p3_E17p8;F3NCS_0418_ood_unseen_depth_range_ellipse_zb13p8_E28p3;F3NCS_0419_ood_unseen_depth_range_ellipse_zb09p0_E16p3;F3NCS_0420_ood_unseen_depth_range_cylinder_zb13p3_E28p6;F3NCS_0421_ood_unseen_depth_range_cylinder_zb11p0_E23p8;F3NCS_0422_ood_unseen_depth_range_ellipse_zb11p4_E23p6;F3NCS_0423_ood_unseen_depth_range_ellipse_zb09p3_E11p4;F3NCS_0424_ood_unseen_depth_range_ellipse_zb11p1_E21p4;F3NCS_0425_ood_unseen_depth_range_two_foci_zb13p1_E09p6;F3NCS_0426_ood_unseen_depth_range_cylinder_zb10p6_E06p2;F3NCS_0427_ood_unseen_depth_range_ellipse_zb13p9_E58p6;F3NCS_0428_ood_unseen_depth_range_ellipse_zb10p2_E73p0;F3NCS_0429_ood_unseen_depth_range_two_foci_zb09p5_E07p0;F3NCS_0430_ood_unseen_depth_range_two_foci_zb11p3_E33p1;F3NCS_0431_ood_unseen_depth_range_cylinder_zb08p8_E06p7;F3NCS_0432_ood_unseen_depth_range_cylinder_zb09p3_E08p3;F3NCS_0433_ood_unseen_depth_range_cylinder_zb12p9_E86p3;F3NCS_0434_ood_unseen_depth_range_ellipse_zb13p9_E71p4;F3NCS_0435_ood_unseen_depth_range_cylinder_zb10p5_E25p4;F3NCS_0436_ood_unseen_depth_range_ellipse_zb11p9_E84p1;F3NCS_0437_ood_unseen_depth_range_ellipse_zb10p1_E14p8;F3NCS_0438_ood_unseen_depth_range_ellipse_zb10p1_E24p0;F3NCS_0439_ood_unseen_depth_range_ellipse_zb10p5_E33p5;F3NCS_0440_ood_unseen_depth_range_two_foci_zb12p0_E12p1;F3NCS_0441_ood_unseen_depth_range_ellipse_zb12p4_E06p2;F3NCS_0442_ood_unseen_depth_range_ellipse_zb11p7_E13p1;F3NCS_0443_ood_unseen_depth_range_ellipse_zb11p2_E14p1;F3NCS_0444_ood_unseen_depth_range_ellipse_zb10p4_E07p3;F3NCS_0445_ood_unseen_depth_range_two_foci_zb13p3_E51p9;F3NCS_0446_ood_unseen_depth_range_cylinder_zb12p2_E10p8;F3NCS_0447_ood_unseen_depth_range_two_foci_zb11p7_E11p2,method2b_512_full_comsol_recalibrated_9model,fig3_true_ood,1,split_role/ood_split_family,ood_unseen_depth_range,230,38,64,,,,,,,,,,,,,,,,,,,,
srcnn_bz_single_channel,0.1228545978665351,0.2131445533978242,13.426515212904878,0.1524579646065831,4.159709453582764,12.906650786376936,0.3147978079093865,64,F3NCS_0384_ood_unseen_depth_range_two_foci_zb11p3_E39p2;F3NCS_0385_ood_unseen_depth_range_cylinder_zb11p5_E77p5;F3NCS_0386_ood_unseen_depth_range_ellipse_zb09p6_E94p6;F3NCS_0387_ood_unseen_depth_range_ellipse_zb10p9_E15p1;F3NCS_0388_ood_unseen_depth_range_two_foci_zb12p8_E07p0;F3NCS_0389_ood_unseen_depth_range_two_foci_zb08p9_E35p1;F3NCS_0390_ood_unseen_depth_range_two_foci_zb08p6_E39p9;F3NCS_0391_ood_unseen_depth_range_ellipse_zb11p5_E49p0;F3NCS_0392_ood_unseen_depth_range_two_foci_zb09p8_E39p6;F3NCS_0393_ood_unseen_depth_range_two_foci_zb13p5_E10p5;F3NCS_0394_ood_unseen_depth_range_cylinder_zb13p1_E17p7;F3NCS_0395_ood_unseen_depth_range_ellipse_zb11p9_E19p2;F3NCS_0396_ood_unseen_depth_range_ellipse_zb12p8_E35p8;F3NCS_0397_ood_unseen_depth_range_ellipse_zb11p0_E90p4;F3NCS_0398_ood_unseen_depth_range_two_foci_zb09p3_E06p2;F3NCS_0399_ood_unseen_depth_range_two_foci_zb12p6_E13p2;F3NCS_0400_ood_unseen_depth_range_ellipse_zb13p7_E19p7;F3NCS_0401_ood_unseen_depth_range_ellipse_zb09p5_E63p3;F3NCS_0402_ood_unseen_depth_range_cylinder_zb09p7_E17p8;F3NCS_0403_ood_unseen_depth_range_cylinder_zb13p3_E13p7;F3NCS_0404_ood_unseen_depth_range_two_foci_zb08p6_E25p9;F3NCS_0405_ood_unseen_depth_range_cylinder_zb09p6_E16p6;F3NCS_0406_ood_unseen_depth_range_two_foci_zb12p7_E08p4;F3NCS_0407_ood_unseen_depth_range_two_foci_zb10p5_E11p3;F3NCS_0408_ood_unseen_depth_range_ellipse_zb12p1_E31p3;F3NCS_0409_ood_unseen_depth_range_two_foci_zb08p9_E07p6;F3NCS_0410_ood_unseen_depth_range_ellipse_zb13p0_E23p5;F3NCS_0411_ood_unseen_depth_range_two_foci_zb14p0_E48p4;F3NCS_0412_ood_unseen_depth_range_ellipse_zb12p8_E74p8;F3NCS_0413_ood_unseen_depth_range_ellipse_zb12p0_E10p1;F3NCS_0414_ood_unseen_depth_range_cylinder_zb10p0_E74p1;F3NCS_0415_ood_unseen_depth_range_two_foci_zb11p6_E74p6;F3NCS_0416_ood_unseen_depth_range_two_foci_zb10p5_E76p3;F3NCS_0417_ood_unseen_depth_range_two_foci_zb13p3_E17p8;F3NCS_0418_ood_unseen_depth_range_ellipse_zb13p8_E28p3;F3NCS_0419_ood_unseen_depth_range_ellipse_zb09p0_E16p3;F3NCS_0420_ood_unseen_depth_range_cylinder_zb13p3_E28p6;F3NCS_0421_ood_unseen_depth_range_cylinder_zb11p0_E23p8;F3NCS_0422_ood_unseen_depth_range_ellipse_zb11p4_E23p6;F3NCS_0423_ood_unseen_depth_range_ellipse_zb09p3_E11p4;F3NCS_0424_ood_unseen_depth_range_ellipse_zb11p1_E21p4;F3NCS_0425_ood_unseen_depth_range_two_foci_zb13p1_E09p6;F3NCS_0426_ood_unseen_depth_range_cylinder_zb10p6_E06p2;F3NCS_0427_ood_unseen_depth_range_ellipse_zb13p9_E58p6;F3NCS_0428_ood_unseen_depth_range_ellipse_zb10p2_E73p0;F3NCS_0429_ood_unseen_depth_range_two_foci_zb09p5_E07p0;F3NCS_0430_ood_unseen_depth_range_two_foci_zb11p3_E33p1;F3NCS_0431_ood_unseen_depth_range_cylinder_zb08p8_E06p7;F3NCS_0432_ood_unseen_depth_range_cylinder_zb09p3_E08p3;F3NCS_0433_ood_unseen_depth_range_cylinder_zb12p9_E86p3;F3NCS_0434_ood_unseen_depth_range_ellipse_zb13p9_E71p4;F3NCS_0435_ood_unseen_depth_range_cylinder_zb10p5_E25p4;F3NCS_0436_ood_unseen_depth_range_ellipse_zb11p9_E84p1;F3NCS_0437_ood_unseen_depth_range_ellipse_zb10p1_E14p8;F3NCS_0438_ood_unseen_depth_range_ellipse_zb10p1_E24p0;F3NCS_0439_ood_unseen_depth_range_ellipse_zb10p5_E33p5;F3NCS_0440_ood_unseen_depth_range_two_foci_zb12p0_E12p1;F3NCS_0441_ood_unseen_depth_range_ellipse_zb12p4_E06p2;F3NCS_0442_ood_unseen_depth_range_ellipse_zb11p7_E13p1;F3NCS_0443_ood_unseen_depth_range_ellipse_zb11p2_E14p1;F3NCS_0444_ood_unseen_depth_range_ellipse_zb10p4_E07p3;F3NCS_0445_ood_unseen_depth_range_two_foci_zb13p3_E51p9;F3NCS_0446_ood_unseen_depth_range_cylinder_zb12p2_E10p8;F3NCS_0447_ood_unseen_depth_range_two_foci_zb11p7_E11p2,method2b_512_full_comsol_recalibrated_9model,fig3_true_ood,1,split_role/ood_split_family,ood_unseen_depth_range,230,38,64,0.1228545904159545,0.0,0.0,0.0,0.0,0.0,0.0,0.0,0.0,,0.5,0.2113694979021962,,0.0844182188680167,0.1394844055175781,0.0,,,,
unet_canonical_bxyz,0.0776665806770324,0.1582783649629771,16.011568894077282,0.3732222695834934,3.203991174697876,10.848031114111649,0.5455244208393417,64,F3NCS_0384_ood_unseen_depth_range_two_foci_zb11p3_E39p2;F3NCS_0385_ood_unseen_depth_range_cylinder_zb11p5_E77p5;F3NCS_0386_ood_unseen_depth_range_ellipse_zb09p6_E94p6;F3NCS_0387_ood_unseen_depth_range_ellipse_zb10p9_E15p1;F3NCS_0388_ood_unseen_depth_range_two_foci_zb12p8_E07p0;F3NCS_0389_ood_unseen_depth_range_two_foci_zb08p9_E35p1;F3NCS_0390_ood_unseen_depth_range_two_foci_zb08p6_E39p9;F3NCS_0391_ood_unseen_depth_range_ellipse_zb11p5_E49p0;F3NCS_0392_ood_unseen_depth_range_two_foci_zb09p8_E39p6;F3NCS_0393_ood_unseen_depth_range_two_foci_zb13p5_E10p5;F3NCS_0394_ood_unseen_depth_range_cylinder_zb13p1_E17p7;F3NCS_0395_ood_unseen_depth_range_ellipse_zb11p9_E19p2;F3NCS_0396_ood_unseen_depth_range_ellipse_zb12p8_E35p8;F3NCS_0397_ood_unseen_depth_range_ellipse_zb11p0_E90p4;F3NCS_0398_ood_unseen_depth_range_two_foci_zb09p3_E06p2;F3NCS_0399_ood_unseen_depth_range_two_foci_zb12p6_E13p2;F3NCS_0400_ood_unseen_depth_range_ellipse_zb13p7_E19p7;F3NCS_0401_ood_unseen_depth_range_ellipse_zb09p5_E63p3;F3NCS_0402_ood_unseen_depth_range_cylinder_zb09p7_E17p8;F3NCS_0403_ood_unseen_depth_range_cylinder_zb13p3_E13p7;F3NCS_0404_ood_unseen_depth_range_two_foci_zb08p6_E25p9;F3NCS_0405_ood_unseen_depth_range_cylinder_zb09p6_E16p6;F3NCS_0406_ood_unseen_depth_range_two_foci_zb12p7_E08p4;F3NCS_0407_ood_unseen_depth_range_two_foci_zb10p5_E11p3;F3NCS_0408_ood_unseen_depth_range_ellipse_zb12p1_E31p3;F3NCS_0409_ood_unseen_depth_range_two_foci_zb08p9_E07p6;F3NCS_0410_ood_unseen_depth_range_ellipse_zb13p0_E23p5;F3NCS_0411_ood_unseen_depth_range_two_foci_zb14p0_E48p4;F3NCS_0412_ood_unseen_depth_range_ellipse_zb12p8_E74p8;F3NCS_0413_ood_unseen_depth_range_ellipse_zb12p0_E10p1;F3NCS_0414_ood_unseen_depth_range_cylinder_zb10p0_E74p1;F3NCS_0415_ood_unseen_depth_range_two_foci_zb11p6_E74p6;F3NCS_0416_ood_unseen_depth_range_two_foci_zb10p5_E76p3;F3NCS_0417_ood_unseen_depth_range_two_foci_zb13p3_E17p8;F3NCS_0418_ood_unseen_depth_range_ellipse_zb13p8_E28p3;F3NCS_0419_ood_unseen_depth_range_ellipse_zb09p0_E16p3;F3NCS_0420_ood_unseen_depth_range_cylinder_zb13p3_E28p6;F3NCS_0421_ood_unseen_depth_range_cylinder_zb11p0_E23p8;F3NCS_0422_ood_unseen_depth_range_ellipse_zb11p4_E23p6;F3NCS_0423_ood_unseen_depth_range_ellipse_zb09p3_E11p4;F3NCS_0424_ood_unseen_depth_range_ellipse_zb11p1_E21p4;F3NCS_0425_ood_unseen_depth_range_two_foci_zb13p1_E09p6;F3NCS_0426_ood_unseen_depth_range_cylinder_zb10p6_E06p2;F3NCS_0427_ood_unseen_depth_range_ellipse_zb13p9_E58p6;F3NCS_0428_ood_unseen_depth_range_ellipse_zb10p2_E73p0;F3NCS_0429_ood_unseen_depth_range_two_foci_zb09p5_E07p0;F3NCS_0430_ood_unseen_depth_range_two_foci_zb11p3_E33p1;F3NCS_0431_ood_unseen_depth_range_cylinder_zb08p8_E06p7;F3NCS_0432_ood_unseen_depth_range_cylinder_zb09p3_E08p3;F3NCS_0433_ood_unseen_depth_range_cylinder_zb12p9_E86p3;F3NCS_0434_ood_unseen_depth_range_ellipse_zb13p9_E71p4;F3NCS_0435_ood_unseen_depth_range_cylinder_zb10p5_E25p4;F3NCS_0436_ood_unseen_depth_range_ellipse_zb11p9_E84p1;F3NCS_0437_ood_unseen_depth_range_ellipse_zb10p1_E14p8;F3NCS_0438_ood_unseen_depth_range_ellipse_zb10p1_E24p0;F3NCS_0439_ood_unseen_depth_range_ellipse_zb10p5_E33p5;F3NCS_0440_ood_unseen_depth_range_two_foci_zb12p0_E12p1;F3NCS_0441_ood_unseen_depth_range_ellipse_zb12p4_E06p2;F3NCS_0442_ood_unseen_depth_range_ellipse_zb11p7_E13p1;F3NCS_0443_ood_unseen_depth_range_ellipse_zb11p2_E14p1;F3NCS_0444_ood_unseen_depth_range_ellipse_zb10p4_E07p3;F3NCS_0445_ood_unseen_depth_range_two_foci_zb13p3_E51p9;F3NCS_0446_ood_unseen_depth_range_cylinder_zb12p2_E10p8;F3NCS_0447_ood_unseen_depth_range_two_foci_zb11p7_E11p2,method2b_512_full_comsol_recalibrated_9model,fig3_true_ood,1,split_role/ood_split_family,ood_unseen_depth_range,230,38,64,0.0776665806770324,0.0,0.0,0.0,0.0,0.0,0.0,0.0,0.0,,0.5,0.1568781169730558,,0.0583548272917443,0.1153755187988281,0.0,,,,
vanilla_diffusion,0.4237399995326996,0.4368004144188466,7.194339165236123,0.0490548378729727,11.841379165649414,14.74567414552008,0.2349689888544297,64,F3NCS_0384_ood_unseen_depth_range_two_foci_zb11p3_E39p2;F3NCS_0385_ood_unseen_depth_range_cylinder_zb11p5_E77p5;F3NCS_0386_ood_unseen_depth_range_ellipse_zb09p6_E94p6;F3NCS_0387_ood_unseen_depth_range_ellipse_zb10p9_E15p1;F3NCS_0388_ood_unseen_depth_range_two_foci_zb12p8_E07p0;F3NCS_0389_ood_unseen_depth_range_two_foci_zb08p9_E35p1;F3NCS_0390_ood_unseen_depth_range_two_foci_zb08p6_E39p9;F3NCS_0391_ood_unseen_depth_range_ellipse_zb11p5_E49p0;F3NCS_0392_ood_unseen_depth_range_two_foci_zb09p8_E39p6;F3NCS_0393_ood_unseen_depth_range_two_foci_zb13p5_E10p5;F3NCS_0394_ood_unseen_depth_range_cylinder_zb13p1_E17p7;F3NCS_0395_ood_unseen_depth_range_ellipse_zb11p9_E19p2;F3NCS_0396_ood_unseen_depth_range_ellipse_zb12p8_E35p8;F3NCS_0397_ood_unseen_depth_range_ellipse_zb11p0_E90p4;F3NCS_0398_ood_unseen_depth_range_two_foci_zb09p3_E06p2;F3NCS_0399_ood_unseen_depth_range_two_foci_zb12p6_E13p2;F3NCS_0400_ood_unseen_depth_range_ellipse_zb13p7_E19p7;F3NCS_0401_ood_unseen_depth_range_ellipse_zb09p5_E63p3;F3NCS_0402_ood_unseen_depth_range_cylinder_zb09p7_E17p8;F3NCS_0403_ood_unseen_depth_range_cylinder_zb13p3_E13p7;F3NCS_0404_ood_unseen_depth_range_two_foci_zb08p6_E25p9;F3NCS_0405_ood_unseen_depth_range_cylinder_zb09p6_E16p6;F3NCS_0406_ood_unseen_depth_range_two_foci_zb12p7_E08p4;F3NCS_0407_ood_unseen_depth_range_two_foci_zb10p5_E11p3;F3NCS_0408_ood_unseen_depth_range_ellipse_zb12p1_E31p3;F3NCS_0409_ood_unseen_depth_range_two_foci_zb08p9_E07p6;F3NCS_0410_ood_unseen_depth_range_ellipse_zb13p0_E23p5;F3NCS_0411_ood_unseen_depth_range_two_foci_zb14p0_E48p4;F3NCS_0412_ood_unseen_depth_range_ellipse_zb12p8_E74p8;F3NCS_0413_ood_unseen_depth_range_ellipse_zb12p0_E10p1;F3NCS_0414_ood_unseen_depth_range_cylinder_zb10p0_E74p1;F3NCS_0415_ood_unseen_depth_range_two_foci_zb11p6_E74p6;F3NCS_0416_ood_unseen_depth_range_two_foci_zb10p5_E76p3;F3NCS_0417_ood_unseen_depth_range_two_foci_zb13p3_E17p8;F3NCS_0418_ood_unseen_depth_range_ellipse_zb13p8_E28p3;F3NCS_0419_ood_unseen_depth_range_ellipse_zb09p0_E16p3;F3NCS_0420_ood_unseen_depth_range_cylinder_zb13p3_E28p6;F3NCS_0421_ood_unseen_depth_range_cylinder_zb11p0_E23p8;F3NCS_0422_ood_unseen_depth_range_ellipse_zb11p4_E23p6;F3NCS_0423_ood_unseen_depth_range_ellipse_zb09p3_E11p4;F3NCS_0424_ood_unseen_depth_range_ellipse_zb11p1_E21p4;F3NCS_0425_ood_unseen_depth_range_two_foci_zb13p1_E09p6;F3NCS_0426_ood_unseen_depth_range_cylinder_zb10p6_E06p2;F3NCS_0427_ood_unseen_depth_range_ellipse_zb13p9_E58p6;F3NCS_0428_ood_unseen_depth_range_ellipse_zb10p2_E73p0;F3NCS_0429_ood_unseen_depth_range_two_foci_zb09p5_E07p0;F3NCS_0430_ood_unseen_depth_range_two_foci_zb11p3_E33p1;F3NCS_0431_ood_unseen_depth_range_cylinder_zb08p8_E06p7;F3NCS_0432_ood_unseen_depth_range_cylinder_zb09p3_E08p3;F3NCS_0433_ood_unseen_depth_range_cylinder_zb12p9_E86p3;F3NCS_0434_ood_unseen_depth_range_ellipse_zb13p9_E71p4;F3NCS_0435_ood_unseen_depth_range_cylinder_zb10p5_E25p4;F3NCS_0436_ood_unseen_depth_range_ellipse_zb11p9_E84p1;F3NCS_0437_ood_unseen_depth_range_ellipse_zb10p1_E14p8;F3NCS_0438_ood_unseen_depth_range_ellipse_zb10p1_E24p0;F3NCS_0439_ood_unseen_depth_range_ellipse_zb10p5_E33p5;F3NCS_0440_ood_unseen_depth_range_two_foci_zb12p0_E12p1;F3NCS_0441_ood_unseen_depth_range_ellipse_zb12p4_E06p2;F3NCS_0442_ood_unseen_depth_range_ellipse_zb11p7_E13p1;F3NCS_0443_ood_unseen_depth_range_ellipse_zb11p2_E14p1;F3NCS_0444_ood_unseen_depth_range_ellipse_zb10p4_E07p3;F3NCS_0445_ood_unseen_depth_range_two_foci_zb13p3_E51p9;F3NCS_0446_ood_unseen_depth_range_cylinder_zb12p2_E10p8;F3NCS_0447_ood_unseen_depth_range_two_foci_zb11p7_E11p2,method2b_512_full_comsol_recalibrated_9model,fig3_true_ood,1,split_role/ood_split_family,ood_unseen_depth_range,230,38,64,0.3807496428489685,0.0182151794433593,0.0743758156895637,0.0480690002441406,0.2041685879230499,0.0599021911621093,0.2757006883621216,0.0666084289550781,0.325627326965332,0.5573896317032171,0.891896475719665,0.3413128375379876,4.165713966666242,0.0812267797285319,0.0874054431915283,0.0953871682286262,,,,
vanilla_diffusion_calibrated90,0.4237399697303772,0.4368004144188466,7.194339165236123,0.0490550009126309,11.841379165649414,14.74567414552008,0.2349689910609382,64,F3NCS_0384_ood_unseen_depth_range_two_foci_zb11p3_E39p2;F3NCS_0385_ood_unseen_depth_range_cylinder_zb11p5_E77p5;F3NCS_0386_ood_unseen_depth_range_ellipse_zb09p6_E94p6;F3NCS_0387_ood_unseen_depth_range_ellipse_zb10p9_E15p1;F3NCS_0388_ood_unseen_depth_range_two_foci_zb12p8_E07p0;F3NCS_0389_ood_unseen_depth_range_two_foci_zb08p9_E35p1;F3NCS_0390_ood_unseen_depth_range_two_foci_zb08p6_E39p9;F3NCS_0391_ood_unseen_depth_range_ellipse_zb11p5_E49p0;F3NCS_0392_ood_unseen_depth_range_two_foci_zb09p8_E39p6;F3NCS_0393_ood_unseen_depth_range_two_foci_zb13p5_E10p5;F3NCS_0394_ood_unseen_depth_range_cylinder_zb13p1_E17p7;F3NCS_0395_ood_unseen_depth_range_ellipse_zb11p9_E19p2;F3NCS_0396_ood_unseen_depth_range_ellipse_zb12p8_E35p8;F3NCS_0397_ood_unseen_depth_range_ellipse_zb11p0_E90p4;F3NCS_0398_ood_unseen_depth_range_two_foci_zb09p3_E06p2;F3NCS_0399_ood_unseen_depth_range_two_foci_zb12p6_E13p2;F3NCS_0400_ood_unseen_depth_range_ellipse_zb13p7_E19p7;F3NCS_0401_ood_unseen_depth_range_ellipse_zb09p5_E63p3;F3NCS_0402_ood_unseen_depth_range_cylinder_zb09p7_E17p8;F3NCS_0403_ood_unseen_depth_range_cylinder_zb13p3_E13p7;F3NCS_0404_ood_unseen_depth_range_two_foci_zb08p6_E25p9;F3NCS_0405_ood_unseen_depth_range_cylinder_zb09p6_E16p6;F3NCS_0406_ood_unseen_depth_range_two_foci_zb12p7_E08p4;F3NCS_0407_ood_unseen_depth_range_two_foci_zb10p5_E11p3;F3NCS_0408_ood_unseen_depth_range_ellipse_zb12p1_E31p3;F3NCS_0409_ood_unseen_depth_range_two_foci_zb08p9_E07p6;F3NCS_0410_ood_unseen_depth_range_ellipse_zb13p0_E23p5;F3NCS_0411_ood_unseen_depth_range_two_foci_zb14p0_E48p4;F3NCS_0412_ood_unseen_depth_range_ellipse_zb12p8_E74p8;F3NCS_0413_ood_unseen_depth_range_ellipse_zb12p0_E10p1;F3NCS_0414_ood_unseen_depth_range_cylinder_zb10p0_E74p1;F3NCS_0415_ood_unseen_depth_range_two_foci_zb11p6_E74p6;F3NCS_0416_ood_unseen_depth_range_two_foci_zb10p5_E76p3;F3NCS_0417_ood_unseen_depth_range_two_foci_zb13p3_E17p8;F3NCS_0418_ood_unseen_depth_range_ellipse_zb13p8_E28p3;F3NCS_0419_ood_unseen_depth_range_ellipse_zb09p0_E16p3;F3NCS_0420_ood_unseen_depth_range_cylinder_zb13p3_E28p6;F3NCS_0421_ood_unseen_depth_range_cylinder_zb11p0_E23p8;F3NCS_0422_ood_unseen_depth_range_ellipse_zb11p4_E23p6;F3NCS_0423_ood_unseen_depth_range_ellipse_zb09p3_E11p4;F3NCS_0424_ood_unseen_depth_range_ellipse_zb11p1_E21p4;F3NCS_0425_ood_unseen_depth_range_two_foci_zb13p1_E09p6;F3NCS_0426_ood_unseen_depth_range_cylinder_zb10p6_E06p2;F3NCS_0427_ood_unseen_depth_range_ellipse_zb13p9_E58p6;F3NCS_0428_ood_unseen_depth_range_ellipse_zb10p2_E73p0;F3NCS_0429_ood_unseen_depth_range_two_foci_zb09p5_E07p0;F3NCS_0430_ood_unseen_depth_range_two_foci_zb11p3_E33p1;F3NCS_0431_ood_unseen_depth_range_cylinder_zb08p8_E06p7;F3NCS_0432_ood_unseen_depth_range_cylinder_zb09p3_E08p3;F3NCS_0433_ood_unseen_depth_range_cylinder_zb12p9_E86p3;F3NCS_0434_ood_unseen_depth_range_ellipse_zb13p9_E71p4;F3NCS_0435_ood_unseen_depth_range_cylinder_zb10p5_E25p4;F3NCS_0436_ood_unseen_depth_range_ellipse_zb11p9_E84p1;F3NCS_0437_ood_unseen_depth_range_ellipse_zb10p1_E14p8;F3NCS_0438_ood_unseen_depth_range_ellipse_zb10p1_E24p0;F3NCS_0439_ood_unseen_depth_range_ellipse_zb10p5_E33p5;F3NCS_0440_ood_unseen_depth_range_two_foci_zb12p0_E12p1;F3NCS_0441_ood_unseen_depth_range_ellipse_zb12p4_E06p2;F3NCS_0442_ood_unseen_depth_range_ellipse_zb11p7_E13p1;F3NCS_0443_ood_unseen_depth_range_ellipse_zb11p2_E14p1;F3NCS_0444_ood_unseen_depth_range_ellipse_zb10p4_E07p3;F3NCS_0445_ood_unseen_depth_range_two_foci_zb13p3_E51p9;F3NCS_0446_ood_unseen_depth_range_cylinder_zb12p2_E10p8;F3NCS_0447_ood_unseen_depth_range_two_foci_zb11p7_E11p2,method2b_512_full_comsol_recalibrated_9model,fig3_true_ood,1,split_role/ood_split_family,ood_unseen_depth_range,230,38,64,0.2133165597915649,0.4759178161621094,0.620742678642273,0.7781829833984375,1.7039968967437744,0.8923377990722656,2.3010058403015137,0.9472427368164062,2.7176947593688965,0.5573896276728607,0.8918964758005073,0.3770758714930294,0.4342315470428079,0.0812267802217266,0.3245000839233398,0.7961040139198303,validation,0.9,8.346028327941895,
likelihood_guided_diffusion,0.4244282245635986,0.4375222575111812,7.179996975420253,0.0498802066722419,11.8705472946167,14.74464034642122,0.2465024289457913,64,F3NCS_0384_ood_unseen_depth_range_two_foci_zb11p3_E39p2;F3NCS_0385_ood_unseen_depth_range_cylinder_zb11p5_E77p5;F3NCS_0386_ood_unseen_depth_range_ellipse_zb09p6_E94p6;F3NCS_0387_ood_unseen_depth_range_ellipse_zb10p9_E15p1;F3NCS_0388_ood_unseen_depth_range_two_foci_zb12p8_E07p0;F3NCS_0389_ood_unseen_depth_range_two_foci_zb08p9_E35p1;F3NCS_0390_ood_unseen_depth_range_two_foci_zb08p6_E39p9;F3NCS_0391_ood_unseen_depth_range_ellipse_zb11p5_E49p0;F3NCS_0392_ood_unseen_depth_range_two_foci_zb09p8_E39p6;F3NCS_0393_ood_unseen_depth_range_two_foci_zb13p5_E10p5;F3NCS_0394_ood_unseen_depth_range_cylinder_zb13p1_E17p7;F3NCS_0395_ood_unseen_depth_range_ellipse_zb11p9_E19p2;F3NCS_0396_ood_unseen_depth_range_ellipse_zb12p8_E35p8;F3NCS_0397_ood_unseen_depth_range_ellipse_zb11p0_E90p4;F3NCS_0398_ood_unseen_depth_range_two_foci_zb09p3_E06p2;F3NCS_0399_ood_unseen_depth_range_two_foci_zb12p6_E13p2;F3NCS_0400_ood_unseen_depth_range_ellipse_zb13p7_E19p7;F3NCS_0401_ood_unseen_depth_range_ellipse_zb09p5_E63p3;F3NCS_0402_ood_unseen_depth_range_cylinder_zb09p7_E17p8;F3NCS_0403_ood_unseen_depth_range_cylinder_zb13p3_E13p7;F3NCS_0404_ood_unseen_depth_range_two_foci_zb08p6_E25p9;F3NCS_0405_ood_unseen_depth_range_cylinder_zb09p6_E16p6;F3NCS_0406_ood_unseen_depth_range_two_foci_zb12p7_E08p4;F3NCS_0407_ood_unseen_depth_range_two_foci_zb10p5_E11p3;F3NCS_0408_ood_unseen_depth_range_ellipse_zb12p1_E31p3;F3NCS_0409_ood_unseen_depth_range_two_foci_zb08p9_E07p6;F3NCS_0410_ood_unseen_depth_range_ellipse_zb13p0_E23p5;F3NCS_0411_ood_unseen_depth_range_two_foci_zb14p0_E48p4;F3NCS_0412_ood_unseen_depth_range_ellipse_zb12p8_E74p8;F3NCS_0413_ood_unseen_depth_range_ellipse_zb12p0_E10p1;F3NCS_0414_ood_unseen_depth_range_cylinder_zb10p0_E74p1;F3NCS_0415_ood_unseen_depth_range_two_foci_zb11p6_E74p6;F3NCS_0416_ood_unseen_depth_range_two_foci_zb10p5_E76p3;F3NCS_0417_ood_unseen_depth_range_two_foci_zb13p3_E17p8;F3NCS_0418_ood_unseen_depth_range_ellipse_zb13p8_E28p3;F3NCS_0419_ood_unseen_depth_range_ellipse_zb09p0_E16p3;F3NCS_0420_ood_unseen_depth_range_cylinder_zb13p3_E28p6;F3NCS_0421_ood_unseen_depth_range_cylinder_zb11p0_E23p8;F3NCS_0422_ood_unseen_depth_range_ellipse_zb11p4_E23p6;F3NCS_0423_ood_unseen_depth_range_ellipse_zb09p3_E11p4;F3NCS_0424_ood_unseen_depth_range_ellipse_zb11p1_E21p4;F3NCS_0425_ood_unseen_depth_range_two_foci_zb13p1_E09p6;F3NCS_0426_ood_unseen_depth_range_cylinder_zb10p6_E06p2;F3NCS_0427_ood_unseen_depth_range_ellipse_zb13p9_E58p6;F3NCS_0428_ood_unseen_depth_range_ellipse_zb10p2_E73p0;F3NCS_0429_ood_unseen_depth_range_two_foci_zb09p5_E07p0;F3NCS_0430_ood_unseen_depth_range_two_foci_zb11p3_E33p1;F3NCS_0431_ood_unseen_depth_range_cylinder_zb08p8_E06p7;F3NCS_0432_ood_unseen_depth_range_cylinder_zb09p3_E08p3;F3NCS_0433_ood_unseen_depth_range_cylinder_zb12p9_E86p3;F3NCS_0434_ood_unseen_depth_range_ellipse_zb13p9_E71p4;F3NCS_0435_ood_unseen_depth_range_cylinder_zb10p5_E25p4;F3NCS_0436_ood_unseen_depth_range_ellipse_zb11p9_E84p1;F3NCS_0437_ood_unseen_depth_range_ellipse_zb10p1_E14p8;F3NCS_0438_ood_unseen_depth_range_ellipse_zb10p1_E24p0;F3NCS_0439_ood_unseen_depth_range_ellipse_zb10p5_E33p5;F3NCS_0440_ood_unseen_depth_range_two_foci_zb12p0_E12p1;F3NCS_0441_ood_unseen_depth_range_ellipse_zb12p4_E06p2;F3NCS_0442_ood_unseen_depth_range_ellipse_zb11p7_E13p1;F3NCS_0443_ood_unseen_depth_range_ellipse_zb11p2_E14p1;F3NCS_0444_ood_unseen_depth_range_ellipse_zb10p4_E07p3;F3NCS_0445_ood_unseen_depth_range_two_foci_zb13p3_E51p9;F3NCS_0446_ood_unseen_depth_range_cylinder_zb12p2_E10p8;F3NCS_0447_ood_unseen_depth_range_two_foci_zb11p7_E11p2,method2b_512_full_comsol_recalibrated_9model,fig3_true_ood,1,split_role/ood_split_family,ood_unseen_depth_range,230,38,64,0.3810533881187439,0.0196418762207031,0.0747083127498626,0.0488090515136718,0.2063774317502975,0.0602989196777343,0.2799530923366546,0.06634521484375,0.3304097652435303,0.5327321852900729,0.88574591802405,0.3412270060184367,4.102394024034758,0.082885427021918,0.087087869644165,0.0962378606200218,,,,
likelihood_guided_diffusion_calibrated90,0.4244282245635986,0.4375222575111812,7.179996975420253,0.049880299338838,11.8705472946167,14.74464034642122,0.2465024120898185,64,F3NCS_0384_ood_unseen_depth_range_two_foci_zb11p3_E39p2;F3NCS_0385_ood_unseen_depth_range_cylinder_zb11p5_E77p5;F3NCS_0386_ood_unseen_depth_range_ellipse_zb09p6_E94p6;F3NCS_0387_ood_unseen_depth_range_ellipse_zb10p9_E15p1;F3NCS_0388_ood_unseen_depth_range_two_foci_zb12p8_E07p0;F3NCS_0389_ood_unseen_depth_range_two_foci_zb08p9_E35p1;F3NCS_0390_ood_unseen_depth_range_two_foci_zb08p6_E39p9;F3NCS_0391_ood_unseen_depth_range_ellipse_zb11p5_E49p0;F3NCS_0392_ood_unseen_depth_range_two_foci_zb09p8_E39p6;F3NCS_0393_ood_unseen_depth_range_two_foci_zb13p5_E10p5;F3NCS_0394_ood_unseen_depth_range_cylinder_zb13p1_E17p7;F3NCS_0395_ood_unseen_depth_range_ellipse_zb11p9_E19p2;F3NCS_0396_ood_unseen_depth_range_ellipse_zb12p8_E35p8;F3NCS_0397_ood_unseen_depth_range_ellipse_zb11p0_E90p4;F3NCS_0398_ood_unseen_depth_range_two_foci_zb09p3_E06p2;F3NCS_0399_ood_unseen_depth_range_two_foci_zb12p6_E13p2;F3NCS_0400_ood_unseen_depth_range_ellipse_zb13p7_E19p7;F3NCS_0401_ood_unseen_depth_range_ellipse_zb09p5_E63p3;F3NCS_0402_ood_unseen_depth_range_cylinder_zb09p7_E17p8;F3NCS_0403_ood_unseen_depth_range_cylinder_zb13p3_E13p7;F3NCS_0404_ood_unseen_depth_range_two_foci_zb08p6_E25p9;F3NCS_0405_ood_unseen_depth_range_cylinder_zb09p6_E16p6;F3NCS_0406_ood_unseen_depth_range_two_foci_zb12p7_E08p4;F3NCS_0407_ood_unseen_depth_range_two_foci_zb10p5_E11p3;F3NCS_0408_ood_unseen_depth_range_ellipse_zb12p1_E31p3;F3NCS_0409_ood_unseen_depth_range_two_foci_zb08p9_E07p6;F3NCS_0410_ood_unseen_depth_range_ellipse_zb13p0_E23p5;F3NCS_0411_ood_unseen_depth_range_two_foci_zb14p0_E48p4;F3NCS_0412_ood_unseen_depth_range_ellipse_zb12p8_E74p8;F3NCS_0413_ood_unseen_depth_range_ellipse_zb12p0_E10p1;F3NCS_0414_ood_unseen_depth_range_cylinder_zb10p0_E74p1;F3NCS_0415_ood_unseen_depth_range_two_foci_zb11p6_E74p6;F3NCS_0416_ood_unseen_depth_range_two_foci_zb10p5_E76p3;F3NCS_0417_ood_unseen_depth_range_two_foci_zb13p3_E17p8;F3NCS_0418_ood_unseen_depth_range_ellipse_zb13p8_E28p3;F3NCS_0419_ood_unseen_depth_range_ellipse_zb09p0_E16p3;F3NCS_0420_ood_unseen_depth_range_cylinder_zb13p3_E28p6;F3NCS_0421_ood_unseen_depth_range_cylinder_zb11p0_E23p8;F3NCS_0422_ood_unseen_depth_range_ellipse_zb11p4_E23p6;F3NCS_0423_ood_unseen_depth_range_ellipse_zb09p3_E11p4;F3NCS_0424_ood_unseen_depth_range_ellipse_zb11p1_E21p4;F3NCS_0425_ood_unseen_depth_range_two_foci_zb13p1_E09p6;F3NCS_0426_ood_unseen_depth_range_cylinder_zb10p6_E06p2;F3NCS_0427_ood_unseen_depth_range_ellipse_zb13p9_E58p6;F3NCS_0428_ood_unseen_depth_range_ellipse_zb10p2_E73p0;F3NCS_0429_ood_unseen_depth_range_two_foci_zb09p5_E07p0;F3NCS_0430_ood_unseen_depth_range_two_foci_zb11p3_E33p1;F3NCS_0431_ood_unseen_depth_range_cylinder_zb08p8_E06p7;F3NCS_0432_ood_unseen_depth_range_cylinder_zb09p3_E08p3;F3NCS_0433_ood_unseen_depth_range_cylinder_zb12p9_E86p3;F3NCS_0434_ood_unseen_depth_range_ellipse_zb13p9_E71p4;F3NCS_0435_ood_unseen_depth_range_cylinder_zb10p5_E25p4;F3NCS_0436_ood_unseen_depth_range_ellipse_zb11p9_E84p1;F3NCS_0437_ood_unseen_depth_range_ellipse_zb10p1_E14p8;F3NCS_0438_ood_unseen_depth_range_ellipse_zb10p1_E24p0;F3NCS_0439_ood_unseen_depth_range_ellipse_zb10p5_E33p5;F3NCS_0440_ood_unseen_depth_range_two_foci_zb12p0_E12p1;F3NCS_0441_ood_unseen_depth_range_ellipse_zb12p4_E06p2;F3NCS_0442_ood_unseen_depth_range_ellipse_zb11p7_E13p1;F3NCS_0443_ood_unseen_depth_range_ellipse_zb11p2_E14p1;F3NCS_0444_ood_unseen_depth_range_ellipse_zb10p4_E07p3;F3NCS_0445_ood_unseen_depth_range_two_foci_zb13p3_E51p9;F3NCS_0446_ood_unseen_depth_range_cylinder_zb12p2_E10p8;F3NCS_0447_ood_unseen_depth_range_two_foci_zb11p7_E11p2,method2b_512_full_comsol_recalibrated_9model,fig3_true_ood,1,split_role/ood_split_family,ood_unseen_depth_range,230,38,64,0.2132439017295837,0.4841995239257812,0.6292391419410706,0.8069839477539062,1.7382371425628662,0.9237327575683594,2.357936382293701,0.9674530029296876,2.7829136848449707,0.5327321982786148,0.8857459173773113,0.387796213129808,0.4364505165703279,0.0828854273488077,0.3292664289474487,0.8105742335319519,validation,0.9,8.422613143920898,
prior_init_diffusion_unet,0.0812890380620956,0.1592514718734775,15.958330900596309,0.1950290543027222,3.2319576740264893,10.88670368282506,0.5306405444085154,64,F3NCS_0384_ood_unseen_depth_range_two_foci_zb11p3_E39p2;F3NCS_0385_ood_unseen_depth_range_cylinder_zb11p5_E77p5;F3NCS_0386_ood_unseen_depth_range_ellipse_zb09p6_E94p6;F3NCS_0387_ood_unseen_depth_range_ellipse_zb10p9_E15p1;F3NCS_0388_ood_unseen_depth_range_two_foci_zb12p8_E07p0;F3NCS_0389_ood_unseen_depth_range_two_foci_zb08p9_E35p1;F3NCS_0390_ood_unseen_depth_range_two_foci_zb08p6_E39p9;F3NCS_0391_ood_unseen_depth_range_ellipse_zb11p5_E49p0;F3NCS_0392_ood_unseen_depth_range_two_foci_zb09p8_E39p6;F3NCS_0393_ood_unseen_depth_range_two_foci_zb13p5_E10p5;F3NCS_0394_ood_unseen_depth_range_cylinder_zb13p1_E17p7;F3NCS_0395_ood_unseen_depth_range_ellipse_zb11p9_E19p2;F3NCS_0396_ood_unseen_depth_range_ellipse_zb12p8_E35p8;F3NCS_0397_ood_unseen_depth_range_ellipse_zb11p0_E90p4;F3NCS_0398_ood_unseen_depth_range_two_foci_zb09p3_E06p2;F3NCS_0399_ood_unseen_depth_range_two_foci_zb12p6_E13p2;F3NCS_0400_ood_unseen_depth_range_ellipse_zb13p7_E19p7;F3NCS_0401_ood_unseen_depth_range_ellipse_zb09p5_E63p3;F3NCS_0402_ood_unseen_depth_range_cylinder_zb09p7_E17p8;F3NCS_0403_ood_unseen_depth_range_cylinder_zb13p3_E13p7;F3NCS_0404_ood_unseen_depth_range_two_foci_zb08p6_E25p9;F3NCS_0405_ood_unseen_depth_range_cylinder_zb09p6_E16p6;F3NCS_0406_ood_unseen_depth_range_two_foci_zb12p7_E08p4;F3NCS_0407_ood_unseen_depth_range_two_foci_zb10p5_E11p3;F3NCS_0408_ood_unseen_depth_range_ellipse_zb12p1_E31p3;F3NCS_0409_ood_unseen_depth_range_two_foci_zb08p9_E07p6;F3NCS_0410_ood_unseen_depth_range_ellipse_zb13p0_E23p5;F3NCS_0411_ood_unseen_depth_range_two_foci_zb14p0_E48p4;F3NCS_0412_ood_unseen_depth_range_ellipse_zb12p8_E74p8;F3NCS_0413_ood_unseen_depth_range_ellipse_zb12p0_E10p1;F3NCS_0414_ood_unseen_depth_range_cylinder_zb10p0_E74p1;F3NCS_0415_ood_unseen_depth_range_two_foci_zb11p6_E74p6;F3NCS_0416_ood_unseen_depth_range_two_foci_zb10p5_E76p3;F3NCS_0417_ood_unseen_depth_range_two_foci_zb13p3_E17p8;F3NCS_0418_ood_unseen_depth_range_ellipse_zb13p8_E28p3;F3NCS_0419_ood_unseen_depth_range_ellipse_zb09p0_E16p3;F3NCS_0420_ood_unseen_depth_range_cylinder_zb13p3_E28p6;F3NCS_0421_ood_unseen_depth_range_cylinder_zb11p0_E23p8;F3NCS_0422_ood_unseen_depth_range_ellipse_zb11p4_E23p6;F3NCS_0423_ood_unseen_depth_range_ellipse_zb09p3_E11p4;F3NCS_0424_ood_unseen_depth_range_ellipse_zb11p1_E21p4;F3NCS_0425_ood_unseen_depth_range_two_foci_zb13p1_E09p6;F3NCS_0426_ood_unseen_depth_range_cylinder_zb10p6_E06p2;F3NCS_0427_ood_unseen_depth_range_ellipse_zb13p9_E58p6;F3NCS_0428_ood_unseen_depth_range_ellipse_zb10p2_E73p0;F3NCS_0429_ood_unseen_depth_range_two_foci_zb09p5_E07p0;F3NCS_0430_ood_unseen_depth_range_two_foci_zb11p3_E33p1;F3NCS_0431_ood_unseen_depth_range_cylinder_zb08p8_E06p7;F3NCS_0432_ood_unseen_depth_range_cylinder_zb09p3_E08p3;F3NCS_0433_ood_unseen_depth_range_cylinder_zb12p9_E86p3;F3NCS_0434_ood_unseen_depth_range_ellipse_zb13p9_E71p4;F3NCS_0435_ood_unseen_depth_range_cylinder_zb10p5_E25p4;F3NCS_0436_ood_unseen_depth_range_ellipse_zb11p9_E84p1;F3NCS_0437_ood_unseen_depth_range_ellipse_zb10p1_E14p8;F3NCS_0438_ood_unseen_depth_range_ellipse_zb10p1_E24p0;F3NCS_0439_ood_unseen_depth_range_ellipse_zb10p5_E33p5;F3NCS_0440_ood_unseen_depth_range_two_foci_zb12p0_E12p1;F3NCS_0441_ood_unseen_depth_range_ellipse_zb12p4_E06p2;F3NCS_0442_ood_unseen_depth_range_ellipse_zb11p7_E13p1;F3NCS_0443_ood_unseen_depth_range_ellipse_zb11p2_E14p1;F3NCS_0444_ood_unseen_depth_range_ellipse_zb10p4_E07p3;F3NCS_0445_ood_unseen_depth_range_two_foci_zb13p3_E51p9;F3NCS_0446_ood_unseen_depth_range_cylinder_zb12p2_E10p8;F3NCS_0447_ood_unseen_depth_range_two_foci_zb11p7_E11p2,method2b_512_full_comsol_recalibrated_9model,fig3_true_ood,1,split_role/ood_split_family,ood_unseen_depth_range,230,38,64,0.0762941837310791,0.003875732421875,0.0117447115480899,0.0073699951171875,0.022067155689001,0.0105400085449218,0.0279252454638481,0.01708984375,0.0323196910321712,0.6866889729001596,0.8520725104402552,0.124548090579407,12.78659471373846,0.0124752322994085,0.1192020177841186,0.0090143643319606,,,,
prior_init_diffusion_unet_calibrated90,0.0812890380620956,0.1592514718734775,15.958330900596309,0.1950290055247023,3.2319576740264893,10.88670368282506,0.5306405454800015,64,F3NCS_0384_ood_unseen_depth_range_two_foci_zb11p3_E39p2;F3NCS_0385_ood_unseen_depth_range_cylinder_zb11p5_E77p5;F3NCS_0386_ood_unseen_depth_range_ellipse_zb09p6_E94p6;F3NCS_0387_ood_unseen_depth_range_ellipse_zb10p9_E15p1;F3NCS_0388_ood_unseen_depth_range_two_foci_zb12p8_E07p0;F3NCS_0389_ood_unseen_depth_range_two_foci_zb08p9_E35p1;F3NCS_0390_ood_unseen_depth_range_two_foci_zb08p6_E39p9;F3NCS_0391_ood_unseen_depth_range_ellipse_zb11p5_E49p0;F3NCS_0392_ood_unseen_depth_range_two_foci_zb09p8_E39p6;F3NCS_0393_ood_unseen_depth_range_two_foci_zb13p5_E10p5;F3NCS_0394_ood_unseen_depth_range_cylinder_zb13p1_E17p7;F3NCS_0395_ood_unseen_depth_range_ellipse_zb11p9_E19p2;F3NCS_0396_ood_unseen_depth_range_ellipse_zb12p8_E35p8;F3NCS_0397_ood_unseen_depth_range_ellipse_zb11p0_E90p4;F3NCS_0398_ood_unseen_depth_range_two_foci_zb09p3_E06p2;F3NCS_0399_ood_unseen_depth_range_two_foci_zb12p6_E13p2;F3NCS_0400_ood_unseen_depth_range_ellipse_zb13p7_E19p7;F3NCS_0401_ood_unseen_depth_range_ellipse_zb09p5_E63p3;F3NCS_0402_ood_unseen_depth_range_cylinder_zb09p7_E17p8;F3NCS_0403_ood_unseen_depth_range_cylinder_zb13p3_E13p7;F3NCS_0404_ood_unseen_depth_range_two_foci_zb08p6_E25p9;F3NCS_0405_ood_unseen_depth_range_cylinder_zb09p6_E16p6;F3NCS_0406_ood_unseen_depth_range_two_foci_zb12p7_E08p4;F3NCS_0407_ood_unseen_depth_range_two_foci_zb10p5_E11p3;F3NCS_0408_ood_unseen_depth_range_ellipse_zb12p1_E31p3;F3NCS_0409_ood_unseen_depth_range_two_foci_zb08p9_E07p6;F3NCS_0410_ood_unseen_depth_range_ellipse_zb13p0_E23p5;F3NCS_0411_ood_unseen_depth_range_two_foci_zb14p0_E48p4;F3NCS_0412_ood_unseen_depth_range_ellipse_zb12p8_E74p8;F3NCS_0413_ood_unseen_depth_range_ellipse_zb12p0_E10p1;F3NCS_0414_ood_unseen_depth_range_cylinder_zb10p0_E74p1;F3NCS_0415_ood_unseen_depth_range_two_foci_zb11p6_E74p6;F3NCS_0416_ood_unseen_depth_range_two_foci_zb10p5_E76p3;F3NCS_0417_ood_unseen_depth_range_two_foci_zb13p3_E17p8;F3NCS_0418_ood_unseen_depth_range_ellipse_zb13p8_E28p3;F3NCS_0419_ood_unseen_depth_range_ellipse_zb09p0_E16p3;F3NCS_0420_ood_unseen_depth_range_cylinder_zb13p3_E28p6;F3NCS_0421_ood_unseen_depth_range_cylinder_zb11p0_E23p8;F3NCS_0422_ood_unseen_depth_range_ellipse_zb11p4_E23p6;F3NCS_0423_ood_unseen_depth_range_ellipse_zb09p3_E11p4;F3NCS_0424_ood_unseen_depth_range_ellipse_zb11p1_E21p4;F3NCS_0425_ood_unseen_depth_range_two_foci_zb13p1_E09p6;F3NCS_0426_ood_unseen_depth_range_cylinder_zb10p6_E06p2;F3NCS_0427_ood_unseen_depth_range_ellipse_zb13p9_E58p6;F3NCS_0428_ood_unseen_depth_range_ellipse_zb10p2_E73p0;F3NCS_0429_ood_unseen_depth_range_two_foci_zb09p5_E07p0;F3NCS_0430_ood_unseen_depth_range_two_foci_zb11p3_E33p1;F3NCS_0431_ood_unseen_depth_range_cylinder_zb08p8_E06p7;F3NCS_0432_ood_unseen_depth_range_cylinder_zb09p3_E08p3;F3NCS_0433_ood_unseen_depth_range_cylinder_zb12p9_E86p3;F3NCS_0434_ood_unseen_depth_range_ellipse_zb13p9_E71p4;F3NCS_0435_ood_unseen_depth_range_cylinder_zb10p5_E25p4;F3NCS_0436_ood_unseen_depth_range_ellipse_zb11p9_E84p1;F3NCS_0437_ood_unseen_depth_range_ellipse_zb10p1_E14p8;F3NCS_0438_ood_unseen_depth_range_ellipse_zb10p1_E24p0;F3NCS_0439_ood_unseen_depth_range_ellipse_zb10p5_E33p5;F3NCS_0440_ood_unseen_depth_range_two_foci_zb12p0_E12p1;F3NCS_0441_ood_unseen_depth_range_ellipse_zb12p4_E06p2;F3NCS_0442_ood_unseen_depth_range_ellipse_zb11p7_E13p1;F3NCS_0443_ood_unseen_depth_range_ellipse_zb11p2_E14p1;F3NCS_0444_ood_unseen_depth_range_ellipse_zb10p4_E07p3;F3NCS_0445_ood_unseen_depth_range_two_foci_zb13p3_E51p9;F3NCS_0446_ood_unseen_depth_range_cylinder_zb12p2_E10p8;F3NCS_0447_ood_unseen_depth_range_two_foci_zb11p7_E11p2,method2b_512_full_comsol_recalibrated_9model,fig3_true_ood,1,split_role/ood_split_family,ood_unseen_depth_range,230,38,64,0.0670443996787071,0.8171653747558594,0.1583384573459625,0.88433837890625,0.2975023984909057,0.9117546081542968,0.3764792382717132,0.9276161193847656,0.4357237517833709,0.6866889841573719,0.8520725085808817,0.0302430429641022,0.2306279891319598,0.012475230844399,0.4258393049240112,0.1215287894010543,validation,0.9,13.481681823730469,
residual_likelihood_guided_diffusion,0.0812788754701614,0.1593024125944397,15.95555293739632,0.1955663899425417,3.2326226234436035,10.88969813689504,0.5298489662340541,64,F3NCS_0384_ood_unseen_depth_range_two_foci_zb11p3_E39p2;F3NCS_0385_ood_unseen_depth_range_cylinder_zb11p5_E77p5;F3NCS_0386_ood_unseen_depth_range_ellipse_zb09p6_E94p6;F3NCS_0387_ood_unseen_depth_range_ellipse_zb10p9_E15p1;F3NCS_0388_ood_unseen_depth_range_two_foci_zb12p8_E07p0;F3NCS_0389_ood_unseen_depth_range_two_foci_zb08p9_E35p1;F3NCS_0390_ood_unseen_depth_range_two_foci_zb08p6_E39p9;F3NCS_0391_ood_unseen_depth_range_ellipse_zb11p5_E49p0;F3NCS_0392_ood_unseen_depth_range_two_foci_zb09p8_E39p6;F3NCS_0393_ood_unseen_depth_range_two_foci_zb13p5_E10p5;F3NCS_0394_ood_unseen_depth_range_cylinder_zb13p1_E17p7;F3NCS_0395_ood_unseen_depth_range_ellipse_zb11p9_E19p2;F3NCS_0396_ood_unseen_depth_range_ellipse_zb12p8_E35p8;F3NCS_0397_ood_unseen_depth_range_ellipse_zb11p0_E90p4;F3NCS_0398_ood_unseen_depth_range_two_foci_zb09p3_E06p2;F3NCS_0399_ood_unseen_depth_range_two_foci_zb12p6_E13p2;F3NCS_0400_ood_unseen_depth_range_ellipse_zb13p7_E19p7;F3NCS_0401_ood_unseen_depth_range_ellipse_zb09p5_E63p3;F3NCS_0402_ood_unseen_depth_range_cylinder_zb09p7_E17p8;F3NCS_0403_ood_unseen_depth_range_cylinder_zb13p3_E13p7;F3NCS_0404_ood_unseen_depth_range_two_foci_zb08p6_E25p9;F3NCS_0405_ood_unseen_depth_range_cylinder_zb09p6_E16p6;F3NCS_0406_ood_unseen_depth_range_two_foci_zb12p7_E08p4;F3NCS_0407_ood_unseen_depth_range_two_foci_zb10p5_E11p3;F3NCS_0408_ood_unseen_depth_range_ellipse_zb12p1_E31p3;F3NCS_0409_ood_unseen_depth_range_two_foci_zb08p9_E07p6;F3NCS_0410_ood_unseen_depth_range_ellipse_zb13p0_E23p5;F3NCS_0411_ood_unseen_depth_range_two_foci_zb14p0_E48p4;F3NCS_0412_ood_unseen_depth_range_ellipse_zb12p8_E74p8;F3NCS_0413_ood_unseen_depth_range_ellipse_zb12p0_E10p1;F3NCS_0414_ood_unseen_depth_range_cylinder_zb10p0_E74p1;F3NCS_0415_ood_unseen_depth_range_two_foci_zb11p6_E74p6;F3NCS_0416_ood_unseen_depth_range_two_foci_zb10p5_E76p3;F3NCS_0417_ood_unseen_depth_range_two_foci_zb13p3_E17p8;F3NCS_0418_ood_unseen_depth_range_ellipse_zb13p8_E28p3;F3NCS_0419_ood_unseen_depth_range_ellipse_zb09p0_E16p3;F3NCS_0420_ood_unseen_depth_range_cylinder_zb13p3_E28p6;F3NCS_0421_ood_unseen_depth_range_cylinder_zb11p0_E23p8;F3NCS_0422_ood_unseen_depth_range_ellipse_zb11p4_E23p6;F3NCS_0423_ood_unseen_depth_range_ellipse_zb09p3_E11p4;F3NCS_0424_ood_unseen_depth_range_ellipse_zb11p1_E21p4;F3NCS_0425_ood_unseen_depth_range_two_foci_zb13p1_E09p6;F3NCS_0426_ood_unseen_depth_range_cylinder_zb10p6_E06p2;F3NCS_0427_ood_unseen_depth_range_ellipse_zb13p9_E58p6;F3NCS_0428_ood_unseen_depth_range_ellipse_zb10p2_E73p0;F3NCS_0429_ood_unseen_depth_range_two_foci_zb09p5_E07p0;F3NCS_0430_ood_unseen_depth_range_two_foci_zb11p3_E33p1;F3NCS_0431_ood_unseen_depth_range_cylinder_zb08p8_E06p7;F3NCS_0432_ood_unseen_depth_range_cylinder_zb09p3_E08p3;F3NCS_0433_ood_unseen_depth_range_cylinder_zb12p9_E86p3;F3NCS_0434_ood_unseen_depth_range_ellipse_zb13p9_E71p4;F3NCS_0435_ood_unseen_depth_range_cylinder_zb10p5_E25p4;F3NCS_0436_ood_unseen_depth_range_ellipse_zb11p9_E84p1;F3NCS_0437_ood_unseen_depth_range_ellipse_zb10p1_E14p8;F3NCS_0438_ood_unseen_depth_range_ellipse_zb10p1_E24p0;F3NCS_0439_ood_unseen_depth_range_ellipse_zb10p5_E33p5;F3NCS_0440_ood_unseen_depth_range_two_foci_zb12p0_E12p1;F3NCS_0441_ood_unseen_depth_range_ellipse_zb12p4_E06p2;F3NCS_0442_ood_unseen_depth_range_ellipse_zb11p7_E13p1;F3NCS_0443_ood_unseen_depth_range_ellipse_zb11p2_E14p1;F3NCS_0444_ood_unseen_depth_range_ellipse_zb10p4_E07p3;F3NCS_0445_ood_unseen_depth_range_two_foci_zb13p3_E51p9;F3NCS_0446_ood_unseen_depth_range_cylinder_zb12p2_E10p8;F3NCS_0447_ood_unseen_depth_range_two_foci_zb11p7_E11p2,method2b_512_full_comsol_recalibrated_9model,fig3_true_ood,1,split_role/ood_split_family,ood_unseen_depth_range,230,38,64,0.0762576907873153,0.0038948059082031,0.0118104266002774,0.0073432922363281,0.0221796948462724,0.0107536315917968,0.0280591137707233,0.0175933837890625,0.0324764288961887,0.6885950074689365,0.8537971226690511,0.1237586988051889,12.57559046339694,0.0121975382442308,0.1192939281463623,0.0090610617771744,,,,
residual_likelihood_guided_diffusion_calibrated90,0.0812788754701614,0.1593024067481843,15.95555325616067,0.1955663522239774,3.2326223850250244,10.88969813689504,0.5298489586850014,64,F3NCS_0384_ood_unseen_depth_range_two_foci_zb11p3_E39p2;F3NCS_0385_ood_unseen_depth_range_cylinder_zb11p5_E77p5;F3NCS_0386_ood_unseen_depth_range_ellipse_zb09p6_E94p6;F3NCS_0387_ood_unseen_depth_range_ellipse_zb10p9_E15p1;F3NCS_0388_ood_unseen_depth_range_two_foci_zb12p8_E07p0;F3NCS_0389_ood_unseen_depth_range_two_foci_zb08p9_E35p1;F3NCS_0390_ood_unseen_depth_range_two_foci_zb08p6_E39p9;F3NCS_0391_ood_unseen_depth_range_ellipse_zb11p5_E49p0;F3NCS_0392_ood_unseen_depth_range_two_foci_zb09p8_E39p6;F3NCS_0393_ood_unseen_depth_range_two_foci_zb13p5_E10p5;F3NCS_0394_ood_unseen_depth_range_cylinder_zb13p1_E17p7;F3NCS_0395_ood_unseen_depth_range_ellipse_zb11p9_E19p2;F3NCS_0396_ood_unseen_depth_range_ellipse_zb12p8_E35p8;F3NCS_0397_ood_unseen_depth_range_ellipse_zb11p0_E90p4;F3NCS_0398_ood_unseen_depth_range_two_foci_zb09p3_E06p2;F3NCS_0399_ood_unseen_depth_range_two_foci_zb12p6_E13p2;F3NCS_0400_ood_unseen_depth_range_ellipse_zb13p7_E19p7;F3NCS_0401_ood_unseen_depth_range_ellipse_zb09p5_E63p3;F3NCS_0402_ood_unseen_depth_range_cylinder_zb09p7_E17p8;F3NCS_0403_ood_unseen_depth_range_cylinder_zb13p3_E13p7;F3NCS_0404_ood_unseen_depth_range_two_foci_zb08p6_E25p9;F3NCS_0405_ood_unseen_depth_range_cylinder_zb09p6_E16p6;F3NCS_0406_ood_unseen_depth_range_two_foci_zb12p7_E08p4;F3NCS_0407_ood_unseen_depth_range_two_foci_zb10p5_E11p3;F3NCS_0408_ood_unseen_depth_range_ellipse_zb12p1_E31p3;F3NCS_0409_ood_unseen_depth_range_two_foci_zb08p9_E07p6;F3NCS_0410_ood_unseen_depth_range_ellipse_zb13p0_E23p5;F3NCS_0411_ood_unseen_depth_range_two_foci_zb14p0_E48p4;F3NCS_0412_ood_unseen_depth_range_ellipse_zb12p8_E74p8;F3NCS_0413_ood_unseen_depth_range_ellipse_zb12p0_E10p1;F3NCS_0414_ood_unseen_depth_range_cylinder_zb10p0_E74p1;F3NCS_0415_ood_unseen_depth_range_two_foci_zb11p6_E74p6;F3NCS_0416_ood_unseen_depth_range_two_foci_zb10p5_E76p3;F3NCS_0417_ood_unseen_depth_range_two_foci_zb13p3_E17p8;F3NCS_0418_ood_unseen_depth_range_ellipse_zb13p8_E28p3;F3NCS_0419_ood_unseen_depth_range_ellipse_zb09p0_E16p3;F3NCS_0420_ood_unseen_depth_range_cylinder_zb13p3_E28p6;F3NCS_0421_ood_unseen_depth_range_cylinder_zb11p0_E23p8;F3NCS_0422_ood_unseen_depth_range_ellipse_zb11p4_E23p6;F3NCS_0423_ood_unseen_depth_range_ellipse_zb09p3_E11p4;F3NCS_0424_ood_unseen_depth_range_ellipse_zb11p1_E21p4;F3NCS_0425_ood_unseen_depth_range_two_foci_zb13p1_E09p6;F3NCS_0426_ood_unseen_depth_range_cylinder_zb10p6_E06p2;F3NCS_0427_ood_unseen_depth_range_ellipse_zb13p9_E58p6;F3NCS_0428_ood_unseen_depth_range_ellipse_zb10p2_E73p0;F3NCS_0429_ood_unseen_depth_range_two_foci_zb09p5_E07p0;F3NCS_0430_ood_unseen_depth_range_two_foci_zb11p3_E33p1;F3NCS_0431_ood_unseen_depth_range_cylinder_zb08p8_E06p7;F3NCS_0432_ood_unseen_depth_range_cylinder_zb09p3_E08p3;F3NCS_0433_ood_unseen_depth_range_cylinder_zb12p9_E86p3;F3NCS_0434_ood_unseen_depth_range_ellipse_zb13p9_E71p4;F3NCS_0435_ood_unseen_depth_range_cylinder_zb10p5_E25p4;F3NCS_0436_ood_unseen_depth_range_ellipse_zb11p9_E84p1;F3NCS_0437_ood_unseen_depth_range_ellipse_zb10p1_E14p8;F3NCS_0438_ood_unseen_depth_range_ellipse_zb10p1_E24p0;F3NCS_0439_ood_unseen_depth_range_ellipse_zb10p5_E33p5;F3NCS_0440_ood_unseen_depth_range_two_foci_zb12p0_E12p1;F3NCS_0441_ood_unseen_depth_range_ellipse_zb12p4_E06p2;F3NCS_0442_ood_unseen_depth_range_ellipse_zb11p7_E13p1;F3NCS_0443_ood_unseen_depth_range_ellipse_zb11p2_E14p1;F3NCS_0444_ood_unseen_depth_range_ellipse_zb10p4_E07p3;F3NCS_0445_ood_unseen_depth_range_two_foci_zb13p3_E51p9;F3NCS_0446_ood_unseen_depth_range_cylinder_zb12p2_E10p8;F3NCS_0447_ood_unseen_depth_range_two_foci_zb11p7_E11p2,method2b_512_full_comsol_recalibrated_9model,fig3_true_ood,1,split_role/ood_split_family,ood_unseen_depth_range,230,38,64,0.0670328885316848,0.8170166015625,0.1583265513181686,0.8838157653808594,0.2973334193229675,0.9114952087402344,0.3761509358882904,0.927215576171875,0.4353679418563843,0.6885949872639183,0.8537971236391589,0.0319688604799365,0.24852752582509,0.0121975381116878,0.425967812538147,0.1214695051312446,validation,0.9,13.405658721923828,
explicit_residual_target_diffusion,0.0847668200731277,0.1603855259712376,15.89669654578202,0.2501371279358864,3.2811472415924072,10.91205746167399,0.537301155536105,64,F3NCS_0384_ood_unseen_depth_range_two_foci_zb11p3_E39p2;F3NCS_0385_ood_unseen_depth_range_cylinder_zb11p5_E77p5;F3NCS_0386_ood_unseen_depth_range_ellipse_zb09p6_E94p6;F3NCS_0387_ood_unseen_depth_range_ellipse_zb10p9_E15p1;F3NCS_0388_ood_unseen_depth_range_two_foci_zb12p8_E07p0;F3NCS_0389_ood_unseen_depth_range_two_foci_zb08p9_E35p1;F3NCS_0390_ood_unseen_depth_range_two_foci_zb08p6_E39p9;F3NCS_0391_ood_unseen_depth_range_ellipse_zb11p5_E49p0;F3NCS_0392_ood_unseen_depth_range_two_foci_zb09p8_E39p6;F3NCS_0393_ood_unseen_depth_range_two_foci_zb13p5_E10p5;F3NCS_0394_ood_unseen_depth_range_cylinder_zb13p1_E17p7;F3NCS_0395_ood_unseen_depth_range_ellipse_zb11p9_E19p2;F3NCS_0396_ood_unseen_depth_range_ellipse_zb12p8_E35p8;F3NCS_0397_ood_unseen_depth_range_ellipse_zb11p0_E90p4;F3NCS_0398_ood_unseen_depth_range_two_foci_zb09p3_E06p2;F3NCS_0399_ood_unseen_depth_range_two_foci_zb12p6_E13p2;F3NCS_0400_ood_unseen_depth_range_ellipse_zb13p7_E19p7;F3NCS_0401_ood_unseen_depth_range_ellipse_zb09p5_E63p3;F3NCS_0402_ood_unseen_depth_range_cylinder_zb09p7_E17p8;F3NCS_0403_ood_unseen_depth_range_cylinder_zb13p3_E13p7;F3NCS_0404_ood_unseen_depth_range_two_foci_zb08p6_E25p9;F3NCS_0405_ood_unseen_depth_range_cylinder_zb09p6_E16p6;F3NCS_0406_ood_unseen_depth_range_two_foci_zb12p7_E08p4;F3NCS_0407_ood_unseen_depth_range_two_foci_zb10p5_E11p3;F3NCS_0408_ood_unseen_depth_range_ellipse_zb12p1_E31p3;F3NCS_0409_ood_unseen_depth_range_two_foci_zb08p9_E07p6;F3NCS_0410_ood_unseen_depth_range_ellipse_zb13p0_E23p5;F3NCS_0411_ood_unseen_depth_range_two_foci_zb14p0_E48p4;F3NCS_0412_ood_unseen_depth_range_ellipse_zb12p8_E74p8;F3NCS_0413_ood_unseen_depth_range_ellipse_zb12p0_E10p1;F3NCS_0414_ood_unseen_depth_range_cylinder_zb10p0_E74p1;F3NCS_0415_ood_unseen_depth_range_two_foci_zb11p6_E74p6;F3NCS_0416_ood_unseen_depth_range_two_foci_zb10p5_E76p3;F3NCS_0417_ood_unseen_depth_range_two_foci_zb13p3_E17p8;F3NCS_0418_ood_unseen_depth_range_ellipse_zb13p8_E28p3;F3NCS_0419_ood_unseen_depth_range_ellipse_zb09p0_E16p3;F3NCS_0420_ood_unseen_depth_range_cylinder_zb13p3_E28p6;F3NCS_0421_ood_unseen_depth_range_cylinder_zb11p0_E23p8;F3NCS_0422_ood_unseen_depth_range_ellipse_zb11p4_E23p6;F3NCS_0423_ood_unseen_depth_range_ellipse_zb09p3_E11p4;F3NCS_0424_ood_unseen_depth_range_ellipse_zb11p1_E21p4;F3NCS_0425_ood_unseen_depth_range_two_foci_zb13p1_E09p6;F3NCS_0426_ood_unseen_depth_range_cylinder_zb10p6_E06p2;F3NCS_0427_ood_unseen_depth_range_ellipse_zb13p9_E58p6;F3NCS_0428_ood_unseen_depth_range_ellipse_zb10p2_E73p0;F3NCS_0429_ood_unseen_depth_range_two_foci_zb09p5_E07p0;F3NCS_0430_ood_unseen_depth_range_two_foci_zb11p3_E33p1;F3NCS_0431_ood_unseen_depth_range_cylinder_zb08p8_E06p7;F3NCS_0432_ood_unseen_depth_range_cylinder_zb09p3_E08p3;F3NCS_0433_ood_unseen_depth_range_cylinder_zb12p9_E86p3;F3NCS_0434_ood_unseen_depth_range_ellipse_zb13p9_E71p4;F3NCS_0435_ood_unseen_depth_range_cylinder_zb10p5_E25p4;F3NCS_0436_ood_unseen_depth_range_ellipse_zb11p9_E84p1;F3NCS_0437_ood_unseen_depth_range_ellipse_zb10p1_E14p8;F3NCS_0438_ood_unseen_depth_range_ellipse_zb10p1_E24p0;F3NCS_0439_ood_unseen_depth_range_ellipse_zb10p5_E33p5;F3NCS_0440_ood_unseen_depth_range_two_foci_zb12p0_E12p1;F3NCS_0441_ood_unseen_depth_range_ellipse_zb12p4_E06p2;F3NCS_0442_ood_unseen_depth_range_ellipse_zb11p7_E13p1;F3NCS_0443_ood_unseen_depth_range_ellipse_zb11p2_E14p1;F3NCS_0444_ood_unseen_depth_range_ellipse_zb10p4_E07p3;F3NCS_0445_ood_unseen_depth_range_two_foci_zb13p3_E51p9;F3NCS_0446_ood_unseen_depth_range_cylinder_zb12p2_E10p8;F3NCS_0447_ood_unseen_depth_range_two_foci_zb11p7_E11p2,method2b_512_full_comsol_recalibrated_9model,fig3_true_ood,1,split_role/ood_split_family,ood_unseen_depth_range,230,38,64,0.0604685693979263,0.6446266174316406,0.0460469312965869,0.7572708129882812,0.1047903075814247,0.8089179992675781,0.1539635211229324,0.8410186767578125,0.1993473470211029,0.7756155883521713,0.7746530529995913,0.0889343910711253,2.145648455832769,0.0196131471264517,0.4306669235229492,0.0595464706420898,,,,0.7227941155433655
explicit_residual_target_diffusion_calibrated90,0.0847668200731277,0.1603855259712376,15.89669654578202,0.2501371519174427,3.2811472415924072,10.91205746167399,0.5373011551829101,64,F3NCS_0384_ood_unseen_depth_range_two_foci_zb11p3_E39p2;F3NCS_0385_ood_unseen_depth_range_cylinder_zb11p5_E77p5;F3NCS_0386_ood_unseen_depth_range_ellipse_zb09p6_E94p6;F3NCS_0387_ood_unseen_depth_range_ellipse_zb10p9_E15p1;F3NCS_0388_ood_unseen_depth_range_two_foci_zb12p8_E07p0;F3NCS_0389_ood_unseen_depth_range_two_foci_zb08p9_E35p1;F3NCS_0390_ood_unseen_depth_range_two_foci_zb08p6_E39p9;F3NCS_0391_ood_unseen_depth_range_ellipse_zb11p5_E49p0;F3NCS_0392_ood_unseen_depth_range_two_foci_zb09p8_E39p6;F3NCS_0393_ood_unseen_depth_range_two_foci_zb13p5_E10p5;F3NCS_0394_ood_unseen_depth_range_cylinder_zb13p1_E17p7;F3NCS_0395_ood_unseen_depth_range_ellipse_zb11p9_E19p2;F3NCS_0396_ood_unseen_depth_range_ellipse_zb12p8_E35p8;F3NCS_0397_ood_unseen_depth_range_ellipse_zb11p0_E90p4;F3NCS_0398_ood_unseen_depth_range_two_foci_zb09p3_E06p2;F3NCS_0399_ood_unseen_depth_range_two_foci_zb12p6_E13p2;F3NCS_0400_ood_unseen_depth_range_ellipse_zb13p7_E19p7;F3NCS_0401_ood_unseen_depth_range_ellipse_zb09p5_E63p3;F3NCS_0402_ood_unseen_depth_range_cylinder_zb09p7_E17p8;F3NCS_0403_ood_unseen_depth_range_cylinder_zb13p3_E13p7;F3NCS_0404_ood_unseen_depth_range_two_foci_zb08p6_E25p9;F3NCS_0405_ood_unseen_depth_range_cylinder_zb09p6_E16p6;F3NCS_0406_ood_unseen_depth_range_two_foci_zb12p7_E08p4;F3NCS_0407_ood_unseen_depth_range_two_foci_zb10p5_E11p3;F3NCS_0408_ood_unseen_depth_range_ellipse_zb12p1_E31p3;F3NCS_0409_ood_unseen_depth_range_two_foci_zb08p9_E07p6;F3NCS_0410_ood_unseen_depth_range_ellipse_zb13p0_E23p5;F3NCS_0411_ood_unseen_depth_range_two_foci_zb14p0_E48p4;F3NCS_0412_ood_unseen_depth_range_ellipse_zb12p8_E74p8;F3NCS_0413_ood_unseen_depth_range_ellipse_zb12p0_E10p1;F3NCS_0414_ood_unseen_depth_range_cylinder_zb10p0_E74p1;F3NCS_0415_ood_unseen_depth_range_two_foci_zb11p6_E74p6;F3NCS_0416_ood_unseen_depth_range_two_foci_zb10p5_E76p3;F3NCS_0417_ood_unseen_depth_range_two_foci_zb13p3_E17p8;F3NCS_0418_ood_unseen_depth_range_ellipse_zb13p8_E28p3;F3NCS_0419_ood_unseen_depth_range_ellipse_zb09p0_E16p3;F3NCS_0420_ood_unseen_depth_range_cylinder_zb13p3_E28p6;F3NCS_0421_ood_unseen_depth_range_cylinder_zb11p0_E23p8;F3NCS_0422_ood_unseen_depth_range_ellipse_zb11p4_E23p6;F3NCS_0423_ood_unseen_depth_range_ellipse_zb09p3_E11p4;F3NCS_0424_ood_unseen_depth_range_ellipse_zb11p1_E21p4;F3NCS_0425_ood_unseen_depth_range_two_foci_zb13p1_E09p6;F3NCS_0426_ood_unseen_depth_range_cylinder_zb10p6_E06p2;F3NCS_0427_ood_unseen_depth_range_ellipse_zb13p9_E58p6;F3NCS_0428_ood_unseen_depth_range_ellipse_zb10p2_E73p0;F3NCS_0429_ood_unseen_depth_range_two_foci_zb09p5_E07p0;F3NCS_0430_ood_unseen_depth_range_two_foci_zb11p3_E33p1;F3NCS_0431_ood_unseen_depth_range_cylinder_zb08p8_E06p7;F3NCS_0432_ood_unseen_depth_range_cylinder_zb09p3_E08p3;F3NCS_0433_ood_unseen_depth_range_cylinder_zb12p9_E86p3;F3NCS_0434_ood_unseen_depth_range_ellipse_zb13p9_E71p4;F3NCS_0435_ood_unseen_depth_range_cylinder_zb10p5_E25p4;F3NCS_0436_ood_unseen_depth_range_ellipse_zb11p9_E84p1;F3NCS_0437_ood_unseen_depth_range_ellipse_zb10p1_E14p8;F3NCS_0438_ood_unseen_depth_range_ellipse_zb10p1_E24p0;F3NCS_0439_ood_unseen_depth_range_ellipse_zb10p5_E33p5;F3NCS_0440_ood_unseen_depth_range_two_foci_zb12p0_E12p1;F3NCS_0441_ood_unseen_depth_range_ellipse_zb12p4_E06p2;F3NCS_0442_ood_unseen_depth_range_ellipse_zb11p7_E13p1;F3NCS_0443_ood_unseen_depth_range_ellipse_zb11p2_E14p1;F3NCS_0444_ood_unseen_depth_range_ellipse_zb10p4_E07p3;F3NCS_0445_ood_unseen_depth_range_two_foci_zb13p3_E51p9;F3NCS_0446_ood_unseen_depth_range_cylinder_zb12p2_E10p8;F3NCS_0447_ood_unseen_depth_range_two_foci_zb11p7_E11p2,method2b_512_full_comsol_recalibrated_9model,fig3_true_ood,1,split_role/ood_split_family,ood_unseen_depth_range,230,38,64,0.0610969215631485,0.7098503112792969,0.0913782864809036,0.8598670959472656,0.2079522013664245,0.9072341918945312,0.3055344521999359,0.9332504272460938,0.3955968618392944,0.775615589250901,0.7746530527570643,0.0303132681672702,0.5851406802718175,0.0196131471196286,0.5385632514953613,0.1181675866246223,validation,0.9,1.9844601154327397,0.7227941155433655
explicit_residual_likelihood_guided_diffusion,0.0844239071011543,0.1597887859484769,15.929074058837134,0.2496486329473555,3.28446626663208,10.92170280790139,0.5394531553110447,64,F3NCS_0384_ood_unseen_depth_range_two_foci_zb11p3_E39p2;F3NCS_0385_ood_unseen_depth_range_cylinder_zb11p5_E77p5;F3NCS_0386_ood_unseen_depth_range_ellipse_zb09p6_E94p6;F3NCS_0387_ood_unseen_depth_range_ellipse_zb10p9_E15p1;F3NCS_0388_ood_unseen_depth_range_two_foci_zb12p8_E07p0;F3NCS_0389_ood_unseen_depth_range_two_foci_zb08p9_E35p1;F3NCS_0390_ood_unseen_depth_range_two_foci_zb08p6_E39p9;F3NCS_0391_ood_unseen_depth_range_ellipse_zb11p5_E49p0;F3NCS_0392_ood_unseen_depth_range_two_foci_zb09p8_E39p6;F3NCS_0393_ood_unseen_depth_range_two_foci_zb13p5_E10p5;F3NCS_0394_ood_unseen_depth_range_cylinder_zb13p1_E17p7;F3NCS_0395_ood_unseen_depth_range_ellipse_zb11p9_E19p2;F3NCS_0396_ood_unseen_depth_range_ellipse_zb12p8_E35p8;F3NCS_0397_ood_unseen_depth_range_ellipse_zb11p0_E90p4;F3NCS_0398_ood_unseen_depth_range_two_foci_zb09p3_E06p2;F3NCS_0399_ood_unseen_depth_range_two_foci_zb12p6_E13p2;F3NCS_0400_ood_unseen_depth_range_ellipse_zb13p7_E19p7;F3NCS_0401_ood_unseen_depth_range_ellipse_zb09p5_E63p3;F3NCS_0402_ood_unseen_depth_range_cylinder_zb09p7_E17p8;F3NCS_0403_ood_unseen_depth_range_cylinder_zb13p3_E13p7;F3NCS_0404_ood_unseen_depth_range_two_foci_zb08p6_E25p9;F3NCS_0405_ood_unseen_depth_range_cylinder_zb09p6_E16p6;F3NCS_0406_ood_unseen_depth_range_two_foci_zb12p7_E08p4;F3NCS_0407_ood_unseen_depth_range_two_foci_zb10p5_E11p3;F3NCS_0408_ood_unseen_depth_range_ellipse_zb12p1_E31p3;F3NCS_0409_ood_unseen_depth_range_two_foci_zb08p9_E07p6;F3NCS_0410_ood_unseen_depth_range_ellipse_zb13p0_E23p5;F3NCS_0411_ood_unseen_depth_range_two_foci_zb14p0_E48p4;F3NCS_0412_ood_unseen_depth_range_ellipse_zb12p8_E74p8;F3NCS_0413_ood_unseen_depth_range_ellipse_zb12p0_E10p1;F3NCS_0414_ood_unseen_depth_range_cylinder_zb10p0_E74p1;F3NCS_0415_ood_unseen_depth_range_two_foci_zb11p6_E74p6;F3NCS_0416_ood_unseen_depth_range_two_foci_zb10p5_E76p3;F3NCS_0417_ood_unseen_depth_range_two_foci_zb13p3_E17p8;F3NCS_0418_ood_unseen_depth_range_ellipse_zb13p8_E28p3;F3NCS_0419_ood_unseen_depth_range_ellipse_zb09p0_E16p3;F3NCS_0420_ood_unseen_depth_range_cylinder_zb13p3_E28p6;F3NCS_0421_ood_unseen_depth_range_cylinder_zb11p0_E23p8;F3NCS_0422_ood_unseen_depth_range_ellipse_zb11p4_E23p6;F3NCS_0423_ood_unseen_depth_range_ellipse_zb09p3_E11p4;F3NCS_0424_ood_unseen_depth_range_ellipse_zb11p1_E21p4;F3NCS_0425_ood_unseen_depth_range_two_foci_zb13p1_E09p6;F3NCS_0426_ood_unseen_depth_range_cylinder_zb10p6_E06p2;F3NCS_0427_ood_unseen_depth_range_ellipse_zb13p9_E58p6;F3NCS_0428_ood_unseen_depth_range_ellipse_zb10p2_E73p0;F3NCS_0429_ood_unseen_depth_range_two_foci_zb09p5_E07p0;F3NCS_0430_ood_unseen_depth_range_two_foci_zb11p3_E33p1;F3NCS_0431_ood_unseen_depth_range_cylinder_zb08p8_E06p7;F3NCS_0432_ood_unseen_depth_range_cylinder_zb09p3_E08p3;F3NCS_0433_ood_unseen_depth_range_cylinder_zb12p9_E86p3;F3NCS_0434_ood_unseen_depth_range_ellipse_zb13p9_E71p4;F3NCS_0435_ood_unseen_depth_range_cylinder_zb10p5_E25p4;F3NCS_0436_ood_unseen_depth_range_ellipse_zb11p9_E84p1;F3NCS_0437_ood_unseen_depth_range_ellipse_zb10p1_E14p8;F3NCS_0438_ood_unseen_depth_range_ellipse_zb10p1_E24p0;F3NCS_0439_ood_unseen_depth_range_ellipse_zb10p5_E33p5;F3NCS_0440_ood_unseen_depth_range_two_foci_zb12p0_E12p1;F3NCS_0441_ood_unseen_depth_range_ellipse_zb12p4_E06p2;F3NCS_0442_ood_unseen_depth_range_ellipse_zb11p7_E13p1;F3NCS_0443_ood_unseen_depth_range_ellipse_zb11p2_E14p1;F3NCS_0444_ood_unseen_depth_range_ellipse_zb10p4_E07p3;F3NCS_0445_ood_unseen_depth_range_two_foci_zb13p3_E51p9;F3NCS_0446_ood_unseen_depth_range_cylinder_zb12p2_E10p8;F3NCS_0447_ood_unseen_depth_range_two_foci_zb11p7_E11p2,method2b_512_full_comsol_recalibrated_9model,fig3_true_ood,1,split_role/ood_split_family,ood_unseen_depth_range,230,38,64,0.0600801669061183,0.6378250122070312,0.0450504869222641,0.757659912109375,0.1047351360321044,0.8099708557128906,0.1555798202753067,0.8428840637207031,0.2023329436779022,0.7787858951496556,0.7867284254038006,0.0858074339215216,1.9800927088914395,0.0187754705826429,0.4308143854141235,0.0601800605654716,,,,0.7227941155433655
explicit_residual_likelihood_guided_diffusion_calibrated90,0.0844238996505737,0.1597887859484769,15.929074058837134,0.2496486341115087,3.28446626663208,10.92170280790139,0.5394531536821012,64,F3NCS_0384_ood_unseen_depth_range_two_foci_zb11p3_E39p2;F3NCS_0385_ood_unseen_depth_range_cylinder_zb11p5_E77p5;F3NCS_0386_ood_unseen_depth_range_ellipse_zb09p6_E94p6;F3NCS_0387_ood_unseen_depth_range_ellipse_zb10p9_E15p1;F3NCS_0388_ood_unseen_depth_range_two_foci_zb12p8_E07p0;F3NCS_0389_ood_unseen_depth_range_two_foci_zb08p9_E35p1;F3NCS_0390_ood_unseen_depth_range_two_foci_zb08p6_E39p9;F3NCS_0391_ood_unseen_depth_range_ellipse_zb11p5_E49p0;F3NCS_0392_ood_unseen_depth_range_two_foci_zb09p8_E39p6;F3NCS_0393_ood_unseen_depth_range_two_foci_zb13p5_E10p5;F3NCS_0394_ood_unseen_depth_range_cylinder_zb13p1_E17p7;F3NCS_0395_ood_unseen_depth_range_ellipse_zb11p9_E19p2;F3NCS_0396_ood_unseen_depth_range_ellipse_zb12p8_E35p8;F3NCS_0397_ood_unseen_depth_range_ellipse_zb11p0_E90p4;F3NCS_0398_ood_unseen_depth_range_two_foci_zb09p3_E06p2;F3NCS_0399_ood_unseen_depth_range_two_foci_zb12p6_E13p2;F3NCS_0400_ood_unseen_depth_range_ellipse_zb13p7_E19p7;F3NCS_0401_ood_unseen_depth_range_ellipse_zb09p5_E63p3;F3NCS_0402_ood_unseen_depth_range_cylinder_zb09p7_E17p8;F3NCS_0403_ood_unseen_depth_range_cylinder_zb13p3_E13p7;F3NCS_0404_ood_unseen_depth_range_two_foci_zb08p6_E25p9;F3NCS_0405_ood_unseen_depth_range_cylinder_zb09p6_E16p6;F3NCS_0406_ood_unseen_depth_range_two_foci_zb12p7_E08p4;F3NCS_0407_ood_unseen_depth_range_two_foci_zb10p5_E11p3;F3NCS_0408_ood_unseen_depth_range_ellipse_zb12p1_E31p3;F3NCS_0409_ood_unseen_depth_range_two_foci_zb08p9_E07p6;F3NCS_0410_ood_unseen_depth_range_ellipse_zb13p0_E23p5;F3NCS_0411_ood_unseen_depth_range_two_foci_zb14p0_E48p4;F3NCS_0412_ood_unseen_depth_range_ellipse_zb12p8_E74p8;F3NCS_0413_ood_unseen_depth_range_ellipse_zb12p0_E10p1;F3NCS_0414_ood_unseen_depth_range_cylinder_zb10p0_E74p1;F3NCS_0415_ood_unseen_depth_range_two_foci_zb11p6_E74p6;F3NCS_0416_ood_unseen_depth_range_two_foci_zb10p5_E76p3;F3NCS_0417_ood_unseen_depth_range_two_foci_zb13p3_E17p8;F3NCS_0418_ood_unseen_depth_range_ellipse_zb13p8_E28p3;F3NCS_0419_ood_unseen_depth_range_ellipse_zb09p0_E16p3;F3NCS_0420_ood_unseen_depth_range_cylinder_zb13p3_E28p6;F3NCS_0421_ood_unseen_depth_range_cylinder_zb11p0_E23p8;F3NCS_0422_ood_unseen_depth_range_ellipse_zb11p4_E23p6;F3NCS_0423_ood_unseen_depth_range_ellipse_zb09p3_E11p4;F3NCS_0424_ood_unseen_depth_range_ellipse_zb11p1_E21p4;F3NCS_0425_ood_unseen_depth_range_two_foci_zb13p1_E09p6;F3NCS_0426_ood_unseen_depth_range_cylinder_zb10p6_E06p2;F3NCS_0427_ood_unseen_depth_range_ellipse_zb13p9_E58p6;F3NCS_0428_ood_unseen_depth_range_ellipse_zb10p2_E73p0;F3NCS_0429_ood_unseen_depth_range_two_foci_zb09p5_E07p0;F3NCS_0430_ood_unseen_depth_range_two_foci_zb11p3_E33p1;F3NCS_0431_ood_unseen_depth_range_cylinder_zb08p8_E06p7;F3NCS_0432_ood_unseen_depth_range_cylinder_zb09p3_E08p3;F3NCS_0433_ood_unseen_depth_range_cylinder_zb12p9_E86p3;F3NCS_0434_ood_unseen_depth_range_ellipse_zb13p9_E71p4;F3NCS_0435_ood_unseen_depth_range_cylinder_zb10p5_E25p4;F3NCS_0436_ood_unseen_depth_range_ellipse_zb11p9_E84p1;F3NCS_0437_ood_unseen_depth_range_ellipse_zb10p1_E14p8;F3NCS_0438_ood_unseen_depth_range_ellipse_zb10p1_E24p0;F3NCS_0439_ood_unseen_depth_range_ellipse_zb10p5_E33p5;F3NCS_0440_ood_unseen_depth_range_two_foci_zb12p0_E12p1;F3NCS_0441_ood_unseen_depth_range_ellipse_zb12p4_E06p2;F3NCS_0442_ood_unseen_depth_range_ellipse_zb11p7_E13p1;F3NCS_0443_ood_unseen_depth_range_ellipse_zb11p2_E14p1;F3NCS_0444_ood_unseen_depth_range_ellipse_zb10p4_E07p3;F3NCS_0445_ood_unseen_depth_range_two_foci_zb13p3_E51p9;F3NCS_0446_ood_unseen_depth_range_cylinder_zb12p2_E10p8;F3NCS_0447_ood_unseen_depth_range_two_foci_zb11p7_E11p2,method2b_512_full_comsol_recalibrated_9model,fig3_true_ood,1,split_role/ood_split_family,ood_unseen_depth_range,230,38,64,0.0606186836957931,0.7039833068847656,0.0890479534864425,0.8620452880859375,0.2070222049951553,0.9096603393554688,0.307523101568222,0.9357681274414062,0.3999365568161011,0.7787858931649033,0.7867284258888545,0.0270340283529416,0.5076665140197314,0.0187754705511007,0.5401571989059448,0.1189534664154052,validation,0.9,1.976625919342041,0.7227941155433655
train_mean_prior,0.1460379064083099,0.2254924993504597,12.937357993226668,0.0317656520346645,4.367835521697998,12.731186693471408,,32,F3NCS_0448_ood_unseen_layer_modulus_ellipse_zb07p4_E21p0;F3NCS_0449_ood_unseen_layer_modulus_ellipse_zb05p8_E54p9;F3NCS_0450_ood_unseen_layer_modulus_crescent_zb09p9_E11p6;F3NCS_0451_ood_unseen_layer_modulus_cylinder_zb09p3_E36p6;F3NCS_0452_ood_unseen_layer_modulus_two_foci_zb09p4_E11p5;F3NCS_0453_ood_unseen_layer_modulus_lobed_zb09p7_E21p6;F3NCS_0454_ood_unseen_layer_modulus_crescent_zb06p1_E76p6;F3NCS_0455_ood_unseen_layer_modulus_ellipse_zb06p0_E06p3;F3NCS_0456_ood_unseen_layer_modulus_ellipse_zb02p7_E65p7;F3NCS_0457_ood_unseen_layer_modulus_lobed_zb07p1_E19p6;F3NCS_0458_ood_unseen_layer_modulus_lobed_zb02p9_E06p6;F3NCS_0459_ood_unseen_layer_modulus_ellipse_zb09p5_E34p1;F3NCS_0460_ood_unseen_layer_modulus_two_foci_zb03p6_E86p4;F3NCS_0461_ood_unseen_layer_modulus_cylinder_zb08p2_E46p7;F3NCS_0462_ood_unseen_layer_modulus_two_foci_zb09p7_E30p7;F3NCS_0463_ood_unseen_layer_modulus_lobed_zb03p1_E09p1;F3NCS_0464_ood_unseen_layer_modulus_lobed_zb05p9_E29p2;F3NCS_0465_ood_unseen_layer_modulus_two_foci_zb03p6_E42p2;F3NCS_0466_ood_unseen_layer_modulus_two_foci_zb03p5_E33p5;F3NCS_0467_ood_unseen_layer_modulus_cylinder_zb03p5_E16p4;F3NCS_0468_ood_unseen_layer_modulus_lobed_zb04p2_E55p5;F3NCS_0469_ood_unseen_layer_modulus_ellipse_zb08p2_E21p5;F3NCS_0470_ood_unseen_layer_modulus_lobed_zb05p9_E43p7;F3NCS_0471_ood_unseen_layer_modulus_lobed_zb02p0_E78p3;F3NCS_0472_ood_unseen_layer_modulus_lobed_zb07p9_E07p2;F3NCS_0473_ood_unseen_layer_modulus_ellipse_zb05p9_E08p4;F3NCS_0474_ood_unseen_layer_modulus_cylinder_zb09p4_E22p6;F3NCS_0475_ood_unseen_layer_modulus_lobed_zb08p1_E22p1;F3NCS_0476_ood_unseen_layer_modulus_ellipse_zb05p7_E79p4;F3NCS_0477_ood_unseen_layer_modulus_ellipse_zb03p5_E10p4;F3NCS_0478_ood_unseen_layer_modulus_ellipse_zb07p1_E27p2;F3NCS_0479_ood_unseen_layer_modulus_cylinder_zb03p7_E09p1,method2b_512_full_comsol_recalibrated_9model,fig3_true_ood,2,split_role/ood_split_family,ood_unseen_layer_modulus,230,38,32,,,,,,,,,,,,,,,,,,,,
srcnn_bz_single_channel,0.1137607097625732,0.2015304425348049,13.913186829041248,0.1705735619179904,3.974709033966065,12.25204201630634,0.4114782003846494,32,F3NCS_0448_ood_unseen_layer_modulus_ellipse_zb07p4_E21p0;F3NCS_0449_ood_unseen_layer_modulus_ellipse_zb05p8_E54p9;F3NCS_0450_ood_unseen_layer_modulus_crescent_zb09p9_E11p6;F3NCS_0451_ood_unseen_layer_modulus_cylinder_zb09p3_E36p6;F3NCS_0452_ood_unseen_layer_modulus_two_foci_zb09p4_E11p5;F3NCS_0453_ood_unseen_layer_modulus_lobed_zb09p7_E21p6;F3NCS_0454_ood_unseen_layer_modulus_crescent_zb06p1_E76p6;F3NCS_0455_ood_unseen_layer_modulus_ellipse_zb06p0_E06p3;F3NCS_0456_ood_unseen_layer_modulus_ellipse_zb02p7_E65p7;F3NCS_0457_ood_unseen_layer_modulus_lobed_zb07p1_E19p6;F3NCS_0458_ood_unseen_layer_modulus_lobed_zb02p9_E06p6;F3NCS_0459_ood_unseen_layer_modulus_ellipse_zb09p5_E34p1;F3NCS_0460_ood_unseen_layer_modulus_two_foci_zb03p6_E86p4;F3NCS_0461_ood_unseen_layer_modulus_cylinder_zb08p2_E46p7;F3NCS_0462_ood_unseen_layer_modulus_two_foci_zb09p7_E30p7;F3NCS_0463_ood_unseen_layer_modulus_lobed_zb03p1_E09p1;F3NCS_0464_ood_unseen_layer_modulus_lobed_zb05p9_E29p2;F3NCS_0465_ood_unseen_layer_modulus_two_foci_zb03p6_E42p2;F3NCS_0466_ood_unseen_layer_modulus_two_foci_zb03p5_E33p5;F3NCS_0467_ood_unseen_layer_modulus_cylinder_zb03p5_E16p4;F3NCS_0468_ood_unseen_layer_modulus_lobed_zb04p2_E55p5;F3NCS_0469_ood_unseen_layer_modulus_ellipse_zb08p2_E21p5;F3NCS_0470_ood_unseen_layer_modulus_lobed_zb05p9_E43p7;F3NCS_0471_ood_unseen_layer_modulus_lobed_zb02p0_E78p3;F3NCS_0472_ood_unseen_layer_modulus_lobed_zb07p9_E07p2;F3NCS_0473_ood_unseen_layer_modulus_ellipse_zb05p9_E08p4;F3NCS_0474_ood_unseen_layer_modulus_cylinder_zb09p4_E22p6;F3NCS_0475_ood_unseen_layer_modulus_lobed_zb08p1_E22p1;F3NCS_0476_ood_unseen_layer_modulus_ellipse_zb05p7_E79p4;F3NCS_0477_ood_unseen_layer_modulus_ellipse_zb03p5_E10p4;F3NCS_0478_ood_unseen_layer_modulus_ellipse_zb07p1_E27p2;F3NCS_0479_ood_unseen_layer_modulus_cylinder_zb03p7_E09p1,method2b_512_full_comsol_recalibrated_9model,fig3_true_ood,2,split_role/ood_split_family,ood_unseen_layer_modulus,230,38,32,0.1137607097625732,0.0,0.0,0.0,0.0,0.0,0.0,0.0,0.0,,0.5,0.2003649947841182,,0.0814846565521892,0.1459197998046875,0.0,,,,
unet_canonical_bxyz,0.0715071707963943,0.1499474237110832,16.48121983152317,0.3932843450456857,2.9431755542755127,9.702090197437805,0.546397872818958,32,F3NCS_0448_ood_unseen_layer_modulus_ellipse_zb07p4_E21p0;F3NCS_0449_ood_unseen_layer_modulus_ellipse_zb05p8_E54p9;F3NCS_0450_ood_unseen_layer_modulus_crescent_zb09p9_E11p6;F3NCS_0451_ood_unseen_layer_modulus_cylinder_zb09p3_E36p6;F3NCS_0452_ood_unseen_layer_modulus_two_foci_zb09p4_E11p5;F3NCS_0453_ood_unseen_layer_modulus_lobed_zb09p7_E21p6;F3NCS_0454_ood_unseen_layer_modulus_crescent_zb06p1_E76p6;F3NCS_0455_ood_unseen_layer_modulus_ellipse_zb06p0_E06p3;F3NCS_0456_ood_unseen_layer_modulus_ellipse_zb02p7_E65p7;F3NCS_0457_ood_unseen_layer_modulus_lobed_zb07p1_E19p6;F3NCS_0458_ood_unseen_layer_modulus_lobed_zb02p9_E06p6;F3NCS_0459_ood_unseen_layer_modulus_ellipse_zb09p5_E34p1;F3NCS_0460_ood_unseen_layer_modulus_two_foci_zb03p6_E86p4;F3NCS_0461_ood_unseen_layer_modulus_cylinder_zb08p2_E46p7;F3NCS_0462_ood_unseen_layer_modulus_two_foci_zb09p7_E30p7;F3NCS_0463_ood_unseen_layer_modulus_lobed_zb03p1_E09p1;F3NCS_0464_ood_unseen_layer_modulus_lobed_zb05p9_E29p2;F3NCS_0465_ood_unseen_layer_modulus_two_foci_zb03p6_E42p2;F3NCS_0466_ood_unseen_layer_modulus_two_foci_zb03p5_E33p5;F3NCS_0467_ood_unseen_layer_modulus_cylinder_zb03p5_E16p4;F3NCS_0468_ood_unseen_layer_modulus_lobed_zb04p2_E55p5;F3NCS_0469_ood_unseen_layer_modulus_ellipse_zb08p2_E21p5;F3NCS_0470_ood_unseen_layer_modulus_lobed_zb05p9_E43p7;F3NCS_0471_ood_unseen_layer_modulus_lobed_zb02p0_E78p3;F3NCS_0472_ood_unseen_layer_modulus_lobed_zb07p9_E07p2;F3NCS_0473_ood_unseen_layer_modulus_ellipse_zb05p9_E08p4;F3NCS_0474_ood_unseen_layer_modulus_cylinder_zb09p4_E22p6;F3NCS_0475_ood_unseen_layer_modulus_lobed_zb08p1_E22p1;F3NCS_0476_ood_unseen_layer_modulus_ellipse_zb05p7_E79p4;F3NCS_0477_ood_unseen_layer_modulus_ellipse_zb03p5_E10p4;F3NCS_0478_ood_unseen_layer_modulus_ellipse_zb07p1_E27p2;F3NCS_0479_ood_unseen_layer_modulus_cylinder_zb03p7_E09p1,method2b_512_full_comsol_recalibrated_9model,fig3_true_ood,2,split_role/ood_split_family,ood_unseen_layer_modulus,230,38,32,0.0715071707963943,0.0,0.0,0.0,0.0,0.0,0.0,0.0,0.0,,0.5,0.1478345002810158,,0.0514936303867705,0.123260498046875,0.0,,,,
vanilla_diffusion,0.4719467461109161,0.4876527326922089,6.237786755127205,0.0467339259339496,14.179438591003418,15.955706321218887,0.2691795264205112,32,F3NCS_0448_ood_unseen_layer_modulus_ellipse_zb07p4_E21p0;F3NCS_0449_ood_unseen_layer_modulus_ellipse_zb05p8_E54p9;F3NCS_0450_ood_unseen_layer_modulus_crescent_zb09p9_E11p6;F3NCS_0451_ood_unseen_layer_modulus_cylinder_zb09p3_E36p6;F3NCS_0452_ood_unseen_layer_modulus_two_foci_zb09p4_E11p5;F3NCS_0453_ood_unseen_layer_modulus_lobed_zb09p7_E21p6;F3NCS_0454_ood_unseen_layer_modulus_crescent_zb06p1_E76p6;F3NCS_0455_ood_unseen_layer_modulus_ellipse_zb06p0_E06p3;F3NCS_0456_ood_unseen_layer_modulus_ellipse_zb02p7_E65p7;F3NCS_0457_ood_unseen_layer_modulus_lobed_zb07p1_E19p6;F3NCS_0458_ood_unseen_layer_modulus_lobed_zb02p9_E06p6;F3NCS_0459_ood_unseen_layer_modulus_ellipse_zb09p5_E34p1;F3NCS_0460_ood_unseen_layer_modulus_two_foci_zb03p6_E86p4;F3NCS_0461_ood_unseen_layer_modulus_cylinder_zb08p2_E46p7;F3NCS_0462_ood_unseen_layer_modulus_two_foci_zb09p7_E30p7;F3NCS_0463_ood_unseen_layer_modulus_lobed_zb03p1_E09p1;F3NCS_0464_ood_unseen_layer_modulus_lobed_zb05p9_E29p2;F3NCS_0465_ood_unseen_layer_modulus_two_foci_zb03p6_E42p2;F3NCS_0466_ood_unseen_layer_modulus_two_foci_zb03p5_E33p5;F3NCS_0467_ood_unseen_layer_modulus_cylinder_zb03p5_E16p4;F3NCS_0468_ood_unseen_layer_modulus_lobed_zb04p2_E55p5;F3NCS_0469_ood_unseen_layer_modulus_ellipse_zb08p2_E21p5;F3NCS_0470_ood_unseen_layer_modulus_lobed_zb05p9_E43p7;F3NCS_0471_ood_unseen_layer_modulus_lobed_zb02p0_E78p3;F3NCS_0472_ood_unseen_layer_modulus_lobed_zb07p9_E07p2;F3NCS_0473_ood_unseen_layer_modulus_ellipse_zb05p9_E08p4;F3NCS_0474_ood_unseen_layer_modulus_cylinder_zb09p4_E22p6;F3NCS_0475_ood_unseen_layer_modulus_lobed_zb08p1_E22p1;F3NCS_0476_ood_unseen_layer_modulus_ellipse_zb05p7_E79p4;F3NCS_0477_ood_unseen_layer_modulus_ellipse_zb03p5_E10p4;F3NCS_0478_ood_unseen_layer_modulus_ellipse_zb07p1_E27p2;F3NCS_0479_ood_unseen_layer_modulus_cylinder_zb03p7_E09p1,method2b_512_full_comsol_recalibrated_9model,fig3_true_ood,2,split_role/ood_split_family,ood_unseen_layer_modulus,230,38,32,0.4367840588092804,0.0175323486328125,0.0705183297395706,0.04052734375,0.1617125570774078,0.0490493774414062,0.2163083553314209,0.0551528930664062,0.2560772895812988,0.3803136575232785,0.875725050262046,0.4156389607335135,6.478318661880881,0.1086159430261374,0.0830261707305908,0.0718828439712524,,,,
vanilla_diffusion_calibrated90,0.4719467461109161,0.4876527326922089,6.237786755127205,0.0467338708695024,14.179438591003418,15.955705843058004,0.2691794464802582,32,F3NCS_0448_ood_unseen_layer_modulus_ellipse_zb07p4_E21p0;F3NCS_0449_ood_unseen_layer_modulus_ellipse_zb05p8_E54p9;F3NCS_0450_ood_unseen_layer_modulus_crescent_zb09p9_E11p6;F3NCS_0451_ood_unseen_layer_modulus_cylinder_zb09p3_E36p6;F3NCS_0452_ood_unseen_layer_modulus_two_foci_zb09p4_E11p5;F3NCS_0453_ood_unseen_layer_modulus_lobed_zb09p7_E21p6;F3NCS_0454_ood_unseen_layer_modulus_crescent_zb06p1_E76p6;F3NCS_0455_ood_unseen_layer_modulus_ellipse_zb06p0_E06p3;F3NCS_0456_ood_unseen_layer_modulus_ellipse_zb02p7_E65p7;F3NCS_0457_ood_unseen_layer_modulus_lobed_zb07p1_E19p6;F3NCS_0458_ood_unseen_layer_modulus_lobed_zb02p9_E06p6;F3NCS_0459_ood_unseen_layer_modulus_ellipse_zb09p5_E34p1;F3NCS_0460_ood_unseen_layer_modulus_two_foci_zb03p6_E86p4;F3NCS_0461_ood_unseen_layer_modulus_cylinder_zb08p2_E46p7;F3NCS_0462_ood_unseen_layer_modulus_two_foci_zb09p7_E30p7;F3NCS_0463_ood_unseen_layer_modulus_lobed_zb03p1_E09p1;F3NCS_0464_ood_unseen_layer_modulus_lobed_zb05p9_E29p2;F3NCS_0465_ood_unseen_layer_modulus_two_foci_zb03p6_E42p2;F3NCS_0466_ood_unseen_layer_modulus_two_foci_zb03p5_E33p5;F3NCS_0467_ood_unseen_layer_modulus_cylinder_zb03p5_E16p4;F3NCS_0468_ood_unseen_layer_modulus_lobed_zb04p2_E55p5;F3NCS_0469_ood_unseen_layer_modulus_ellipse_zb08p2_E21p5;F3NCS_0470_ood_unseen_layer_modulus_lobed_zb05p9_E43p7;F3NCS_0471_ood_unseen_layer_modulus_lobed_zb02p0_E78p3;F3NCS_0472_ood_unseen_layer_modulus_lobed_zb07p9_E07p2;F3NCS_0473_ood_unseen_layer_modulus_ellipse_zb05p9_E08p4;F3NCS_0474_ood_unseen_layer_modulus_cylinder_zb09p4_E22p6;F3NCS_0475_ood_unseen_layer_modulus_lobed_zb08p1_E22p1;F3NCS_0476_ood_unseen_layer_modulus_ellipse_zb05p7_E79p4;F3NCS_0477_ood_unseen_layer_modulus_ellipse_zb03p5_E10p4;F3NCS_0478_ood_unseen_layer_modulus_ellipse_zb07p1_E27p2;F3NCS_0479_ood_unseen_layer_modulus_cylinder_zb03p7_E09p1,method2b_512_full_comsol_recalibrated_9model,fig3_true_ood,2,split_role/ood_split_family,ood_unseen_layer_modulus,230,38,32,0.2541792690753937,0.2591018676757812,0.642249345779419,0.7097702026367188,1.472805380821228,0.87591552734375,1.9700396060943604,0.9367828369140624,2.332236766815185,0.3803136847348691,0.8757250473518208,0.2077105284011074,0.2964556807323487,0.1086159431658105,0.2350091934204101,0.6546766757965088,validation,0.9,9.107551574707031,
likelihood_guided_diffusion,0.471188485622406,0.4865017776231349,6.258311370584404,0.0458968234015628,14.136810302734377,15.921108298517568,0.2539483036500112,32,F3NCS_0448_ood_unseen_layer_modulus_ellipse_zb07p4_E21p0;F3NCS_0449_ood_unseen_layer_modulus_ellipse_zb05p8_E54p9;F3NCS_0450_ood_unseen_layer_modulus_crescent_zb09p9_E11p6;F3NCS_0451_ood_unseen_layer_modulus_cylinder_zb09p3_E36p6;F3NCS_0452_ood_unseen_layer_modulus_two_foci_zb09p4_E11p5;F3NCS_0453_ood_unseen_layer_modulus_lobed_zb09p7_E21p6;F3NCS_0454_ood_unseen_layer_modulus_crescent_zb06p1_E76p6;F3NCS_0455_ood_unseen_layer_modulus_ellipse_zb06p0_E06p3;F3NCS_0456_ood_unseen_layer_modulus_ellipse_zb02p7_E65p7;F3NCS_0457_ood_unseen_layer_modulus_lobed_zb07p1_E19p6;F3NCS_0458_ood_unseen_layer_modulus_lobed_zb02p9_E06p6;F3NCS_0459_ood_unseen_layer_modulus_ellipse_zb09p5_E34p1;F3NCS_0460_ood_unseen_layer_modulus_two_foci_zb03p6_E86p4;F3NCS_0461_ood_unseen_layer_modulus_cylinder_zb08p2_E46p7;F3NCS_0462_ood_unseen_layer_modulus_two_foci_zb09p7_E30p7;F3NCS_0463_ood_unseen_layer_modulus_lobed_zb03p1_E09p1;F3NCS_0464_ood_unseen_layer_modulus_lobed_zb05p9_E29p2;F3NCS_0465_ood_unseen_layer_modulus_two_foci_zb03p6_E42p2;F3NCS_0466_ood_unseen_layer_modulus_two_foci_zb03p5_E33p5;F3NCS_0467_ood_unseen_layer_modulus_cylinder_zb03p5_E16p4;F3NCS_0468_ood_unseen_layer_modulus_lobed_zb04p2_E55p5;F3NCS_0469_ood_unseen_layer_modulus_ellipse_zb08p2_E21p5;F3NCS_0470_ood_unseen_layer_modulus_lobed_zb05p9_E43p7;F3NCS_0471_ood_unseen_layer_modulus_lobed_zb02p0_E78p3;F3NCS_0472_ood_unseen_layer_modulus_lobed_zb07p9_E07p2;F3NCS_0473_ood_unseen_layer_modulus_ellipse_zb05p9_E08p4;F3NCS_0474_ood_unseen_layer_modulus_cylinder_zb09p4_E22p6;F3NCS_0475_ood_unseen_layer_modulus_lobed_zb08p1_E22p1;F3NCS_0476_ood_unseen_layer_modulus_ellipse_zb05p7_E79p4;F3NCS_0477_ood_unseen_layer_modulus_ellipse_zb03p5_E10p4;F3NCS_0478_ood_unseen_layer_modulus_ellipse_zb07p1_E27p2;F3NCS_0479_ood_unseen_layer_modulus_cylinder_zb03p7_E09p1,method2b_512_full_comsol_recalibrated_9model,fig3_true_ood,2,split_role/ood_split_family,ood_unseen_layer_modulus,230,38,32,0.4354243278503418,0.016265869140625,0.0724419578909874,0.036407470703125,0.1634400784969329,0.0480194091796875,0.2172618806362152,0.0546493530273437,0.2561864256858825,0.4254873175878806,0.8950004683910383,0.4145373540479358,6.3846693940101416,0.1036865617857902,0.083808422088623,0.0719258338212966,,,,
likelihood_guided_diffusion_calibrated90,0.4711884260177612,0.4865017776231349,6.258311370584404,0.0458968256134539,14.136810302734377,15.921108298517568,0.253948390126014,32,F3NCS_0448_ood_unseen_layer_modulus_ellipse_zb07p4_E21p0;F3NCS_0449_ood_unseen_layer_modulus_ellipse_zb05p8_E54p9;F3NCS_0450_ood_unseen_layer_modulus_crescent_zb09p9_E11p6;F3NCS_0451_ood_unseen_layer_modulus_cylinder_zb09p3_E36p6;F3NCS_0452_ood_unseen_layer_modulus_two_foci_zb09p4_E11p5;F3NCS_0453_ood_unseen_layer_modulus_lobed_zb09p7_E21p6;F3NCS_0454_ood_unseen_layer_modulus_crescent_zb06p1_E76p6;F3NCS_0455_ood_unseen_layer_modulus_ellipse_zb06p0_E06p3;F3NCS_0456_ood_unseen_layer_modulus_ellipse_zb02p7_E65p7;F3NCS_0457_ood_unseen_layer_modulus_lobed_zb07p1_E19p6;F3NCS_0458_ood_unseen_layer_modulus_lobed_zb02p9_E06p6;F3NCS_0459_ood_unseen_layer_modulus_ellipse_zb09p5_E34p1;F3NCS_0460_ood_unseen_layer_modulus_two_foci_zb03p6_E86p4;F3NCS_0461_ood_unseen_layer_modulus_cylinder_zb08p2_E46p7;F3NCS_0462_ood_unseen_layer_modulus_two_foci_zb09p7_E30p7;F3NCS_0463_ood_unseen_layer_modulus_lobed_zb03p1_E09p1;F3NCS_0464_ood_unseen_layer_modulus_lobed_zb05p9_E29p2;F3NCS_0465_ood_unseen_layer_modulus_two_foci_zb03p6_E42p2;F3NCS_0466_ood_unseen_layer_modulus_two_foci_zb03p5_E33p5;F3NCS_0467_ood_unseen_layer_modulus_cylinder_zb03p5_E16p4;F3NCS_0468_ood_unseen_layer_modulus_lobed_zb04p2_E55p5;F3NCS_0469_ood_unseen_layer_modulus_ellipse_zb08p2_E21p5;F3NCS_0470_ood_unseen_layer_modulus_lobed_zb05p9_E43p7;F3NCS_0471_ood_unseen_layer_modulus_lobed_zb02p0_E78p3;F3NCS_0472_ood_unseen_layer_modulus_lobed_zb07p9_E07p2;F3NCS_0473_ood_unseen_layer_modulus_ellipse_zb05p9_E08p4;F3NCS_0474_ood_unseen_layer_modulus_cylinder_zb09p4_E22p6;F3NCS_0475_ood_unseen_layer_modulus_lobed_zb08p1_E22p1;F3NCS_0476_ood_unseen_layer_modulus_ellipse_zb05p7_E79p4;F3NCS_0477_ood_unseen_layer_modulus_ellipse_zb03p5_E10p4;F3NCS_0478_ood_unseen_layer_modulus_ellipse_zb07p1_E27p2;F3NCS_0479_ood_unseen_layer_modulus_cylinder_zb03p7_E09p1,method2b_512_full_comsol_recalibrated_9model,fig3_true_ood,2,split_role/ood_split_family,ood_unseen_layer_modulus,230,38,32,0.2512524724006653,0.2716827392578125,0.6603431701660156,0.74072265625,1.4898347854614258,0.8942337036132812,1.9804463386535645,0.949615478515625,2.3352622985839844,0.4254872852886799,0.8950004658041715,0.2045021961456223,0.2895518583456552,0.1036865627497522,0.2405469417572021,0.6556385159492493,validation,0.9,9.115480422973633,
prior_init_diffusion_unet,0.0738655105233192,0.1506385617264726,16.441276790953474,0.2572849716525525,2.9705822467803955,9.736643715108452,0.5394341069339327,32,F3NCS_0448_ood_unseen_layer_modulus_ellipse_zb07p4_E21p0;F3NCS_0449_ood_unseen_layer_modulus_ellipse_zb05p8_E54p9;F3NCS_0450_ood_unseen_layer_modulus_crescent_zb09p9_E11p6;F3NCS_0451_ood_unseen_layer_modulus_cylinder_zb09p3_E36p6;F3NCS_0452_ood_unseen_layer_modulus_two_foci_zb09p4_E11p5;F3NCS_0453_ood_unseen_layer_modulus_lobed_zb09p7_E21p6;F3NCS_0454_ood_unseen_layer_modulus_crescent_zb06p1_E76p6;F3NCS_0455_ood_unseen_layer_modulus_ellipse_zb06p0_E06p3;F3NCS_0456_ood_unseen_layer_modulus_ellipse_zb02p7_E65p7;F3NCS_0457_ood_unseen_layer_modulus_lobed_zb07p1_E19p6;F3NCS_0458_ood_unseen_layer_modulus_lobed_zb02p9_E06p6;F3NCS_0459_ood_unseen_layer_modulus_ellipse_zb09p5_E34p1;F3NCS_0460_ood_unseen_layer_modulus_two_foci_zb03p6_E86p4;F3NCS_0461_ood_unseen_layer_modulus_cylinder_zb08p2_E46p7;F3NCS_0462_ood_unseen_layer_modulus_two_foci_zb09p7_E30p7;F3NCS_0463_ood_unseen_layer_modulus_lobed_zb03p1_E09p1;F3NCS_0464_ood_unseen_layer_modulus_lobed_zb05p9_E29p2;F3NCS_0465_ood_unseen_layer_modulus_two_foci_zb03p6_E42p2;F3NCS_0466_ood_unseen_layer_modulus_two_foci_zb03p5_E33p5;F3NCS_0467_ood_unseen_layer_modulus_cylinder_zb03p5_E16p4;F3NCS_0468_ood_unseen_layer_modulus_lobed_zb04p2_E55p5;F3NCS_0469_ood_unseen_layer_modulus_ellipse_zb08p2_E21p5;F3NCS_0470_ood_unseen_layer_modulus_lobed_zb05p9_E43p7;F3NCS_0471_ood_unseen_layer_modulus_lobed_zb02p0_E78p3;F3NCS_0472_ood_unseen_layer_modulus_lobed_zb07p9_E07p2;F3NCS_0473_ood_unseen_layer_modulus_ellipse_zb05p9_E08p4;F3NCS_0474_ood_unseen_layer_modulus_cylinder_zb09p4_E22p6;F3NCS_0475_ood_unseen_layer_modulus_lobed_zb08p1_E22p1;F3NCS_0476_ood_unseen_layer_modulus_ellipse_zb05p7_E79p4;F3NCS_0477_ood_unseen_layer_modulus_ellipse_zb03p5_E10p4;F3NCS_0478_ood_unseen_layer_modulus_ellipse_zb07p1_E27p2;F3NCS_0479_ood_unseen_layer_modulus_cylinder_zb03p7_E09p1,method2b_512_full_comsol_recalibrated_9model,fig3_true_ood,2,split_role/ood_split_family,ood_unseen_layer_modulus,230,38,32,0.0691297650337219,0.0094146728515625,0.0112751619890332,0.0201950073242187,0.0210084188729524,0.0307083129882812,0.0264315474778413,0.0478591918945312,0.030451713129878,0.6243783077195204,0.8692306044125304,0.1097991141091401,11.461151340973208,0.0100002824084265,0.1317455768585205,0.0085444841533899,,,,
prior_init_diffusion_unet_calibrated90,0.0738655179738998,0.1506385617264726,16.441276790953474,0.2572849404532462,2.9705822467803955,9.736643715108452,0.5394341107548726,32,F3NCS_0448_ood_unseen_layer_modulus_ellipse_zb07p4_E21p0;F3NCS_0449_ood_unseen_layer_modulus_ellipse_zb05p8_E54p9;F3NCS_0450_ood_unseen_layer_modulus_crescent_zb09p9_E11p6;F3NCS_0451_ood_unseen_layer_modulus_cylinder_zb09p3_E36p6;F3NCS_0452_ood_unseen_layer_modulus_two_foci_zb09p4_E11p5;F3NCS_0453_ood_unseen_layer_modulus_lobed_zb09p7_E21p6;F3NCS_0454_ood_unseen_layer_modulus_crescent_zb06p1_E76p6;F3NCS_0455_ood_unseen_layer_modulus_ellipse_zb06p0_E06p3;F3NCS_0456_ood_unseen_layer_modulus_ellipse_zb02p7_E65p7;F3NCS_0457_ood_unseen_layer_modulus_lobed_zb07p1_E19p6;F3NCS_0458_ood_unseen_layer_modulus_lobed_zb02p9_E06p6;F3NCS_0459_ood_unseen_layer_modulus_ellipse_zb09p5_E34p1;F3NCS_0460_ood_unseen_layer_modulus_two_foci_zb03p6_E86p4;F3NCS_0461_ood_unseen_layer_modulus_cylinder_zb08p2_E46p7;F3NCS_0462_ood_unseen_layer_modulus_two_foci_zb09p7_E30p7;F3NCS_0463_ood_unseen_layer_modulus_lobed_zb03p1_E09p1;F3NCS_0464_ood_unseen_layer_modulus_lobed_zb05p9_E29p2;F3NCS_0465_ood_unseen_layer_modulus_two_foci_zb03p6_E42p2;F3NCS_0466_ood_unseen_layer_modulus_two_foci_zb03p5_E33p5;F3NCS_0467_ood_unseen_layer_modulus_cylinder_zb03p5_E16p4;F3NCS_0468_ood_unseen_layer_modulus_lobed_zb04p2_E55p5;F3NCS_0469_ood_unseen_layer_modulus_ellipse_zb08p2_E21p5;F3NCS_0470_ood_unseen_layer_modulus_lobed_zb05p9_E43p7;F3NCS_0471_ood_unseen_layer_modulus_lobed_zb02p0_E78p3;F3NCS_0472_ood_unseen_layer_modulus_lobed_zb07p9_E07p2;F3NCS_0473_ood_unseen_layer_modulus_ellipse_zb05p9_E08p4;F3NCS_0474_ood_unseen_layer_modulus_cylinder_zb09p4_E22p6;F3NCS_0475_ood_unseen_layer_modulus_lobed_zb08p1_E22p1;F3NCS_0476_ood_unseen_layer_modulus_ellipse_zb05p7_E79p4;F3NCS_0477_ood_unseen_layer_modulus_ellipse_zb03p5_E10p4;F3NCS_0478_ood_unseen_layer_modulus_ellipse_zb07p1_E27p2;F3NCS_0479_ood_unseen_layer_modulus_cylinder_zb03p7_E09p1,method2b_512_full_comsol_recalibrated_9model,fig3_true_ood,2,split_role/ood_split_family,ood_unseen_layer_modulus,230,38,32,0.0607926696538925,0.8207015991210938,0.1397080570459365,0.8854751586914062,0.2603107094764709,0.9124069213867188,0.3275074958801269,0.9282073974609376,0.3773205280303955,0.6243782745653674,0.8692306057059639,0.0329443285405359,0.2952456087181832,0.0100002826463377,0.4422335624694824,0.1058728322386741,validation,0.9,12.390780448913574,
residual_likelihood_guided_diffusion,0.0738294571638107,0.1506155363449753,16.442604546653598,0.2576753299217671,2.96935772895813,9.734458469871868,0.5404787692782299,32,F3NCS_0448_ood_unseen_layer_modulus_ellipse_zb07p4_E21p0;F3NCS_0449_ood_unseen_layer_modulus_ellipse_zb05p8_E54p9;F3NCS_0450_ood_unseen_layer_modulus_crescent_zb09p9_E11p6;F3NCS_0451_ood_unseen_layer_modulus_cylinder_zb09p3_E36p6;F3NCS_0452_ood_unseen_layer_modulus_two_foci_zb09p4_E11p5;F3NCS_0453_ood_unseen_layer_modulus_lobed_zb09p7_E21p6;F3NCS_0454_ood_unseen_layer_modulus_crescent_zb06p1_E76p6;F3NCS_0455_ood_unseen_layer_modulus_ellipse_zb06p0_E06p3;F3NCS_0456_ood_unseen_layer_modulus_ellipse_zb02p7_E65p7;F3NCS_0457_ood_unseen_layer_modulus_lobed_zb07p1_E19p6;F3NCS_0458_ood_unseen_layer_modulus_lobed_zb02p9_E06p6;F3NCS_0459_ood_unseen_layer_modulus_ellipse_zb09p5_E34p1;F3NCS_0460_ood_unseen_layer_modulus_two_foci_zb03p6_E86p4;F3NCS_0461_ood_unseen_layer_modulus_cylinder_zb08p2_E46p7;F3NCS_0462_ood_unseen_layer_modulus_two_foci_zb09p7_E30p7;F3NCS_0463_ood_unseen_layer_modulus_lobed_zb03p1_E09p1;F3NCS_0464_ood_unseen_layer_modulus_lobed_zb05p9_E29p2;F3NCS_0465_ood_unseen_layer_modulus_two_foci_zb03p6_E42p2;F3NCS_0466_ood_unseen_layer_modulus_two_foci_zb03p5_E33p5;F3NCS_0467_ood_unseen_layer_modulus_cylinder_zb03p5_E16p4;F3NCS_0468_ood_unseen_layer_modulus_lobed_zb04p2_E55p5;F3NCS_0469_ood_unseen_layer_modulus_ellipse_zb08p2_E21p5;F3NCS_0470_ood_unseen_layer_modulus_lobed_zb05p9_E43p7;F3NCS_0471_ood_unseen_layer_modulus_lobed_zb02p0_E78p3;F3NCS_0472_ood_unseen_layer_modulus_lobed_zb07p9_E07p2;F3NCS_0473_ood_unseen_layer_modulus_ellipse_zb05p9_E08p4;F3NCS_0474_ood_unseen_layer_modulus_cylinder_zb09p4_E22p6;F3NCS_0475_ood_unseen_layer_modulus_lobed_zb08p1_E22p1;F3NCS_0476_ood_unseen_layer_modulus_ellipse_zb05p7_E79p4;F3NCS_0477_ood_unseen_layer_modulus_ellipse_zb03p5_E10p4;F3NCS_0478_ood_unseen_layer_modulus_ellipse_zb07p1_E27p2;F3NCS_0479_ood_unseen_layer_modulus_cylinder_zb03p7_E09p1,method2b_512_full_comsol_recalibrated_9model,fig3_true_ood,2,split_role/ood_split_family,ood_unseen_layer_modulus,230,38,32,0.0690884515643119,0.0098800659179687,0.0112923681735992,0.0205078125,0.0210233498364686,0.0307388305664062,0.026463970541954,0.0478134155273437,0.0304884742945432,0.6263629104385692,0.8703406522409038,0.1094956528524657,11.395395503147205,0.0099613379577118,0.1317994594573974,0.0085530709475278,,,,
residual_likelihood_guided_diffusion_calibrated90,0.0738294571638107,0.1506155363449753,16.442604546653598,0.2576753655448556,2.96935772895813,9.734458469871868,0.5404787665889397,32,F3NCS_0448_ood_unseen_layer_modulus_ellipse_zb07p4_E21p0;F3NCS_0449_ood_unseen_layer_modulus_ellipse_zb05p8_E54p9;F3NCS_0450_ood_unseen_layer_modulus_crescent_zb09p9_E11p6;F3NCS_0451_ood_unseen_layer_modulus_cylinder_zb09p3_E36p6;F3NCS_0452_ood_unseen_layer_modulus_two_foci_zb09p4_E11p5;F3NCS_0453_ood_unseen_layer_modulus_lobed_zb09p7_E21p6;F3NCS_0454_ood_unseen_layer_modulus_crescent_zb06p1_E76p6;F3NCS_0455_ood_unseen_layer_modulus_ellipse_zb06p0_E06p3;F3NCS_0456_ood_unseen_layer_modulus_ellipse_zb02p7_E65p7;F3NCS_0457_ood_unseen_layer_modulus_lobed_zb07p1_E19p6;F3NCS_0458_ood_unseen_layer_modulus_lobed_zb02p9_E06p6;F3NCS_0459_ood_unseen_layer_modulus_ellipse_zb09p5_E34p1;F3NCS_0460_ood_unseen_layer_modulus_two_foci_zb03p6_E86p4;F3NCS_0461_ood_unseen_layer_modulus_cylinder_zb08p2_E46p7;F3NCS_0462_ood_unseen_layer_modulus_two_foci_zb09p7_E30p7;F3NCS_0463_ood_unseen_layer_modulus_lobed_zb03p1_E09p1;F3NCS_0464_ood_unseen_layer_modulus_lobed_zb05p9_E29p2;F3NCS_0465_ood_unseen_layer_modulus_two_foci_zb03p6_E42p2;F3NCS_0466_ood_unseen_layer_modulus_two_foci_zb03p5_E33p5;F3NCS_0467_ood_unseen_layer_modulus_cylinder_zb03p5_E16p4;F3NCS_0468_ood_unseen_layer_modulus_lobed_zb04p2_E55p5;F3NCS_0469_ood_unseen_layer_modulus_ellipse_zb08p2_E21p5;F3NCS_0470_ood_unseen_layer_modulus_lobed_zb05p9_E43p7;F3NCS_0471_ood_unseen_layer_modulus_lobed_zb02p0_E78p3;F3NCS_0472_ood_unseen_layer_modulus_lobed_zb07p9_E07p2;F3NCS_0473_ood_unseen_layer_modulus_ellipse_zb05p9_E08p4;F3NCS_0474_ood_unseen_layer_modulus_cylinder_zb09p4_E22p6;F3NCS_0475_ood_unseen_layer_modulus_lobed_zb08p1_E22p1;F3NCS_0476_ood_unseen_layer_modulus_ellipse_zb05p7_E79p4;F3NCS_0477_ood_unseen_layer_modulus_ellipse_zb03p5_E10p4;F3NCS_0478_ood_unseen_layer_modulus_ellipse_zb07p1_E27p2;F3NCS_0479_ood_unseen_layer_modulus_cylinder_zb03p7_E09p1,method2b_512_full_comsol_recalibrated_9model,fig3_true_ood,2,split_role/ood_split_family,ood_unseen_layer_modulus,230,38,32,0.060721643269062,0.820404052734375,0.1397562026977539,0.8847808837890625,0.2601884007453918,0.9118499755859376,0.3275224566459656,0.9283905029296876,0.3773303627967834,0.626362914027581,0.8703406525642623,0.0333834368981101,0.3005220516039901,0.0099613379590033,0.4422607421875,0.1058542132377624,validation,0.9,12.376164436340332,
explicit_residual_target_diffusion,0.0718884393572807,0.1535987694367367,16.27224527319634,0.3935405388474464,3.000901460647583,10.021071549490104,0.5494765672805906,32,F3NCS_0448_ood_unseen_layer_modulus_ellipse_zb07p4_E21p0;F3NCS_0449_ood_unseen_layer_modulus_ellipse_zb05p8_E54p9;F3NCS_0450_ood_unseen_layer_modulus_crescent_zb09p9_E11p6;F3NCS_0451_ood_unseen_layer_modulus_cylinder_zb09p3_E36p6;F3NCS_0452_ood_unseen_layer_modulus_two_foci_zb09p4_E11p5;F3NCS_0453_ood_unseen_layer_modulus_lobed_zb09p7_E21p6;F3NCS_0454_ood_unseen_layer_modulus_crescent_zb06p1_E76p6;F3NCS_0455_ood_unseen_layer_modulus_ellipse_zb06p0_E06p3;F3NCS_0456_ood_unseen_layer_modulus_ellipse_zb02p7_E65p7;F3NCS_0457_ood_unseen_layer_modulus_lobed_zb07p1_E19p6;F3NCS_0458_ood_unseen_layer_modulus_lobed_zb02p9_E06p6;F3NCS_0459_ood_unseen_layer_modulus_ellipse_zb09p5_E34p1;F3NCS_0460_ood_unseen_layer_modulus_two_foci_zb03p6_E86p4;F3NCS_0461_ood_unseen_layer_modulus_cylinder_zb08p2_E46p7;F3NCS_0462_ood_unseen_layer_modulus_two_foci_zb09p7_E30p7;F3NCS_0463_ood_unseen_layer_modulus_lobed_zb03p1_E09p1;F3NCS_0464_ood_unseen_layer_modulus_lobed_zb05p9_E29p2;F3NCS_0465_ood_unseen_layer_modulus_two_foci_zb03p6_E42p2;F3NCS_0466_ood_unseen_layer_modulus_two_foci_zb03p5_E33p5;F3NCS_0467_ood_unseen_layer_modulus_cylinder_zb03p5_E16p4;F3NCS_0468_ood_unseen_layer_modulus_lobed_zb04p2_E55p5;F3NCS_0469_ood_unseen_layer_modulus_ellipse_zb08p2_E21p5;F3NCS_0470_ood_unseen_layer_modulus_lobed_zb05p9_E43p7;F3NCS_0471_ood_unseen_layer_modulus_lobed_zb02p0_E78p3;F3NCS_0472_ood_unseen_layer_modulus_lobed_zb07p9_E07p2;F3NCS_0473_ood_unseen_layer_modulus_ellipse_zb05p9_E08p4;F3NCS_0474_ood_unseen_layer_modulus_cylinder_zb09p4_E22p6;F3NCS_0475_ood_unseen_layer_modulus_lobed_zb08p1_E22p1;F3NCS_0476_ood_unseen_layer_modulus_ellipse_zb05p7_E79p4;F3NCS_0477_ood_unseen_layer_modulus_ellipse_zb03p5_E10p4;F3NCS_0478_ood_unseen_layer_modulus_ellipse_zb07p1_E27p2;F3NCS_0479_ood_unseen_layer_modulus_cylinder_zb03p7_E09p1,method2b_512_full_comsol_recalibrated_9model,fig3_true_ood,2,split_role/ood_split_family,ood_unseen_layer_modulus,230,38,32,0.0519152544438838,0.729736328125,0.0294514186680316,0.80328369140625,0.081217423081398,0.8493804931640625,0.1334407329559326,0.8787841796875,0.1823194026947021,0.8678129911347552,0.8377244709694408,0.0769062566581867,1.908296137767322,0.0123394234675745,0.6272213459014893,0.0549327135086059,,,,0.7554484009742737
explicit_residual_target_diffusion_calibrated90,0.0718884468078613,0.1535987694367367,16.27224527319634,0.3935405286028981,3.000901460647583,10.021071549490104,0.5494765659835695,32,F3NCS_0448_ood_unseen_layer_modulus_ellipse_zb07p4_E21p0;F3NCS_0449_ood_unseen_layer_modulus_ellipse_zb05p8_E54p9;F3NCS_0450_ood_unseen_layer_modulus_crescent_zb09p9_E11p6;F3NCS_0451_ood_unseen_layer_modulus_cylinder_zb09p3_E36p6;F3NCS_0452_ood_unseen_layer_modulus_two_foci_zb09p4_E11p5;F3NCS_0453_ood_unseen_layer_modulus_lobed_zb09p7_E21p6;F3NCS_0454_ood_unseen_layer_modulus_crescent_zb06p1_E76p6;F3NCS_0455_ood_unseen_layer_modulus_ellipse_zb06p0_E06p3;F3NCS_0456_ood_unseen_layer_modulus_ellipse_zb02p7_E65p7;F3NCS_0457_ood_unseen_layer_modulus_lobed_zb07p1_E19p6;F3NCS_0458_ood_unseen_layer_modulus_lobed_zb02p9_E06p6;F3NCS_0459_ood_unseen_layer_modulus_ellipse_zb09p5_E34p1;F3NCS_0460_ood_unseen_layer_modulus_two_foci_zb03p6_E86p4;F3NCS_0461_ood_unseen_layer_modulus_cylinder_zb08p2_E46p7;F3NCS_0462_ood_unseen_layer_modulus_two_foci_zb09p7_E30p7;F3NCS_0463_ood_unseen_layer_modulus_lobed_zb03p1_E09p1;F3NCS_0464_ood_unseen_layer_modulus_lobed_zb05p9_E29p2;F3NCS_0465_ood_unseen_layer_modulus_two_foci_zb03p6_E42p2;F3NCS_0466_ood_unseen_layer_modulus_two_foci_zb03p5_E33p5;F3NCS_0467_ood_unseen_layer_modulus_cylinder_zb03p5_E16p4;F3NCS_0468_ood_unseen_layer_modulus_lobed_zb04p2_E55p5;F3NCS_0469_ood_unseen_layer_modulus_ellipse_zb08p2_E21p5;F3NCS_0470_ood_unseen_layer_modulus_lobed_zb05p9_E43p7;F3NCS_0471_ood_unseen_layer_modulus_lobed_zb02p0_E78p3;F3NCS_0472_ood_unseen_layer_modulus_lobed_zb07p9_E07p2;F3NCS_0473_ood_unseen_layer_modulus_ellipse_zb05p9_E08p4;F3NCS_0474_ood_unseen_layer_modulus_cylinder_zb09p4_E22p6;F3NCS_0475_ood_unseen_layer_modulus_lobed_zb08p1_E22p1;F3NCS_0476_ood_unseen_layer_modulus_ellipse_zb05p7_E79p4;F3NCS_0477_ood_unseen_layer_modulus_ellipse_zb03p5_E10p4;F3NCS_0478_ood_unseen_layer_modulus_ellipse_zb07p1_E27p2;F3NCS_0479_ood_unseen_layer_modulus_cylinder_zb03p7_E09p1,method2b_512_full_comsol_recalibrated_9model,fig3_true_ood,2,split_role/ood_split_family,ood_unseen_layer_modulus,230,38,32,0.0525366440415382,0.3881912231445312,0.0479524694383144,0.7584304809570312,0.1322373002767563,0.8867111206054688,0.2172666937112808,0.93609619140625,0.2968503832817077,0.8678130026623448,0.8377244735563076,0.0423981472337848,0.7862156186600032,0.0123394234925769,0.6792018413543701,0.0894408226013183,validation,0.9,1.6281887292861938,0.7554484009742737
explicit_residual_likelihood_guided_diffusion,0.0716616883873939,0.1526664287625236,16.325129069757395,0.3837544764392078,2.990118741989136,10.040687566064207,0.5523055368176139,32,F3NCS_0448_ood_unseen_layer_modulus_ellipse_zb07p4_E21p0;F3NCS_0449_ood_unseen_layer_modulus_ellipse_zb05p8_E54p9;F3NCS_0450_ood_unseen_layer_modulus_crescent_zb09p9_E11p6;F3NCS_0451_ood_unseen_layer_modulus_cylinder_zb09p3_E36p6;F3NCS_0452_ood_unseen_layer_modulus_two_foci_zb09p4_E11p5;F3NCS_0453_ood_unseen_layer_modulus_lobed_zb09p7_E21p6;F3NCS_0454_ood_unseen_layer_modulus_crescent_zb06p1_E76p6;F3NCS_0455_ood_unseen_layer_modulus_ellipse_zb06p0_E06p3;F3NCS_0456_ood_unseen_layer_modulus_ellipse_zb02p7_E65p7;F3NCS_0457_ood_unseen_layer_modulus_lobed_zb07p1_E19p6;F3NCS_0458_ood_unseen_layer_modulus_lobed_zb02p9_E06p6;F3NCS_0459_ood_unseen_layer_modulus_ellipse_zb09p5_E34p1;F3NCS_0460_ood_unseen_layer_modulus_two_foci_zb03p6_E86p4;F3NCS_0461_ood_unseen_layer_modulus_cylinder_zb08p2_E46p7;F3NCS_0462_ood_unseen_layer_modulus_two_foci_zb09p7_E30p7;F3NCS_0463_ood_unseen_layer_modulus_lobed_zb03p1_E09p1;F3NCS_0464_ood_unseen_layer_modulus_lobed_zb05p9_E29p2;F3NCS_0465_ood_unseen_layer_modulus_two_foci_zb03p6_E42p2;F3NCS_0466_ood_unseen_layer_modulus_two_foci_zb03p5_E33p5;F3NCS_0467_ood_unseen_layer_modulus_cylinder_zb03p5_E16p4;F3NCS_0468_ood_unseen_layer_modulus_lobed_zb04p2_E55p5;F3NCS_0469_ood_unseen_layer_modulus_ellipse_zb08p2_E21p5;F3NCS_0470_ood_unseen_layer_modulus_lobed_zb05p9_E43p7;F3NCS_0471_ood_unseen_layer_modulus_lobed_zb02p0_E78p3;F3NCS_0472_ood_unseen_layer_modulus_lobed_zb07p9_E07p2;F3NCS_0473_ood_unseen_layer_modulus_ellipse_zb05p9_E08p4;F3NCS_0474_ood_unseen_layer_modulus_cylinder_zb09p4_E22p6;F3NCS_0475_ood_unseen_layer_modulus_lobed_zb08p1_E22p1;F3NCS_0476_ood_unseen_layer_modulus_ellipse_zb05p7_E79p4;F3NCS_0477_ood_unseen_layer_modulus_ellipse_zb03p5_E10p4;F3NCS_0478_ood_unseen_layer_modulus_ellipse_zb07p1_E27p2;F3NCS_0479_ood_unseen_layer_modulus_cylinder_zb03p7_E09p1,method2b_512_full_comsol_recalibrated_9model,fig3_true_ood,2,split_role/ood_split_family,ood_unseen_layer_modulus,230,38,32,0.0517738088965415,0.7343292236328125,0.0298324041068553,0.8057403564453125,0.0798266977071762,0.8469161987304688,0.1320217400789261,0.8755035400390625,0.1829664409160614,0.8465669967429207,0.8218338587613355,0.0780556251781017,2.101832818368494,0.0135778949689085,0.6262557506561279,0.0555323995649814,,,,0.7554484009742737
explicit_residual_likelihood_guided_diffusion_calibrated90,0.0716616883873939,0.1526664287625236,16.325129069757395,0.3837544764392078,2.990118741989136,10.040687566064207,0.5523055352881734,32,F3NCS_0448_ood_unseen_layer_modulus_ellipse_zb07p4_E21p0;F3NCS_0449_ood_unseen_layer_modulus_ellipse_zb05p8_E54p9;F3NCS_0450_ood_unseen_layer_modulus_crescent_zb09p9_E11p6;F3NCS_0451_ood_unseen_layer_modulus_cylinder_zb09p3_E36p6;F3NCS_0452_ood_unseen_layer_modulus_two_foci_zb09p4_E11p5;F3NCS_0453_ood_unseen_layer_modulus_lobed_zb09p7_E21p6;F3NCS_0454_ood_unseen_layer_modulus_crescent_zb06p1_E76p6;F3NCS_0455_ood_unseen_layer_modulus_ellipse_zb06p0_E06p3;F3NCS_0456_ood_unseen_layer_modulus_ellipse_zb02p7_E65p7;F3NCS_0457_ood_unseen_layer_modulus_lobed_zb07p1_E19p6;F3NCS_0458_ood_unseen_layer_modulus_lobed_zb02p9_E06p6;F3NCS_0459_ood_unseen_layer_modulus_ellipse_zb09p5_E34p1;F3NCS_0460_ood_unseen_layer_modulus_two_foci_zb03p6_E86p4;F3NCS_0461_ood_unseen_layer_modulus_cylinder_zb08p2_E46p7;F3NCS_0462_ood_unseen_layer_modulus_two_foci_zb09p7_E30p7;F3NCS_0463_ood_unseen_layer_modulus_lobed_zb03p1_E09p1;F3NCS_0464_ood_unseen_layer_modulus_lobed_zb05p9_E29p2;F3NCS_0465_ood_unseen_layer_modulus_two_foci_zb03p6_E42p2;F3NCS_0466_ood_unseen_layer_modulus_two_foci_zb03p5_E33p5;F3NCS_0467_ood_unseen_layer_modulus_cylinder_zb03p5_E16p4;F3NCS_0468_ood_unseen_layer_modulus_lobed_zb04p2_E55p5;F3NCS_0469_ood_unseen_layer_modulus_ellipse_zb08p2_E21p5;F3NCS_0470_ood_unseen_layer_modulus_lobed_zb05p9_E43p7;F3NCS_0471_ood_unseen_layer_modulus_lobed_zb02p0_E78p3;F3NCS_0472_ood_unseen_layer_modulus_lobed_zb07p9_E07p2;F3NCS_0473_ood_unseen_layer_modulus_ellipse_zb05p9_E08p4;F3NCS_0474_ood_unseen_layer_modulus_cylinder_zb09p4_E22p6;F3NCS_0475_ood_unseen_layer_modulus_lobed_zb08p1_E22p1;F3NCS_0476_ood_unseen_layer_modulus_ellipse_zb05p7_E79p4;F3NCS_0477_ood_unseen_layer_modulus_ellipse_zb03p5_E10p4;F3NCS_0478_ood_unseen_layer_modulus_ellipse_zb07p1_E27p2;F3NCS_0479_ood_unseen_layer_modulus_cylinder_zb03p7_E09p1,method2b_512_full_comsol_recalibrated_9model,fig3_true_ood,2,split_role/ood_split_family,ood_unseen_layer_modulus,230,38,32,0.0525677278637886,0.3985443115234375,0.0484576597809791,0.7547149658203125,0.1296648830175399,0.8847732543945312,0.2144468277692794,0.9326019287109376,0.2971978187561035,0.8465669909483616,0.8218338597314105,0.0433851020713335,0.9096079107818692,0.0135778949708005,0.6793334484100342,0.0902029201388359,validation,0.9,1.624329686164856,0.7554484009742737
train_mean_prior,0.1387180089950561,0.2099162830506646,13.559077444190562,0.0306947253411635,3.739305257797241,10.71926353714697,,32,F3NCS_0480_ood_unseen_operator_noise_lobed_zb10p0_E66p7;F3NCS_0481_ood_unseen_operator_noise_ellipse_zb05p4_E11p5;F3NCS_0482_ood_unseen_operator_noise_lobed_zb01p7_E06p9;F3NCS_0483_ood_unseen_operator_noise_lobed_zb08p7_E31p8;F3NCS_0484_ood_unseen_operator_noise_cylinder_zb10p1_E08p6;F3NCS_0485_ood_unseen_operator_noise_two_foci_zb07p5_E25p6;F3NCS_0486_ood_unseen_operator_noise_cylinder_zb04p8_E14p8;F3NCS_0487_ood_unseen_operator_noise_two_foci_zb04p8_E08p4;F3NCS_0488_ood_unseen_operator_noise_ellipse_zb02p0_E51p8;F3NCS_0489_ood_unseen_operator_noise_two_foci_zb07p5_E23p2;F3NCS_0490_ood_unseen_operator_noise_crescent_zb05p7_E09p8;F3NCS_0491_ood_unseen_operator_noise_two_foci_zb01p9_E52p0;F3NCS_0492_ood_unseen_operator_noise_two_foci_zb05p8_E11p8;F3NCS_0493_ood_unseen_operator_noise_two_foci_zb02p7_E17p6;F3NCS_0494_ood_unseen_operator_noise_cylinder_zb03p5_E15p1;F3NCS_0495_ood_unseen_operator_noise_ellipse_zb11p4_E39p6;F3NCS_0496_ood_unseen_operator_noise_two_foci_zb05p4_E16p3;F3NCS_0497_ood_unseen_operator_noise_two_foci_zb06p2_E23p1;F3NCS_0498_ood_unseen_operator_noise_crescent_zb04p0_E08p5;F3NCS_0499_ood_unseen_operator_noise_lobed_zb01p5_E71p0;F3NCS_0500_ood_unseen_operator_noise_cylinder_zb02p3_E45p6;F3NCS_0501_ood_unseen_operator_noise_two_foci_zb09p3_E50p3;F3NCS_0502_ood_unseen_operator_noise_cylinder_zb11p5_E11p1;F3NCS_0503_ood_unseen_operator_noise_two_foci_zb07p9_E32p0;F3NCS_0504_ood_unseen_operator_noise_crescent_zb10p9_E39p6;F3NCS_0505_ood_unseen_operator_noise_lobed_zb06p3_E74p2;F3NCS_0506_ood_unseen_operator_noise_lobed_zb06p9_E36p9;F3NCS_0507_ood_unseen_operator_noise_ellipse_zb01p4_E08p8;F3NCS_0508_ood_unseen_operator_noise_two_foci_zb03p5_E13p6;F3NCS_0509_ood_unseen_operator_noise_crescent_zb11p1_E35p5;F3NCS_0510_ood_unseen_operator_noise_ellipse_zb02p7_E08p0;F3NCS_0511_ood_unseen_operator_noise_crescent_zb08p1_E09p7,method2b_512_full_comsol_recalibrated_9model,fig3_true_ood,3,split_role/ood_split_family,ood_unseen_operator_noise,230,38,32,,,,,,,,,,,,,,,,,,,,
srcnn_bz_single_channel,0.1137795895338058,0.1913774916395095,14.362182839185673,0.1449554881546646,3.4481773376464844,10.174879248650049,0.3717932785347146,32,F3NCS_0480_ood_unseen_operator_noise_lobed_zb10p0_E66p7;F3NCS_0481_ood_unseen_operator_noise_ellipse_zb05p4_E11p5;F3NCS_0482_ood_unseen_operator_noise_lobed_zb01p7_E06p9;F3NCS_0483_ood_unseen_operator_noise_lobed_zb08p7_E31p8;F3NCS_0484_ood_unseen_operator_noise_cylinder_zb10p1_E08p6;F3NCS_0485_ood_unseen_operator_noise_two_foci_zb07p5_E25p6;F3NCS_0486_ood_unseen_operator_noise_cylinder_zb04p8_E14p8;F3NCS_0487_ood_unseen_operator_noise_two_foci_zb04p8_E08p4;F3NCS_0488_ood_unseen_operator_noise_ellipse_zb02p0_E51p8;F3NCS_0489_ood_unseen_operator_noise_two_foci_zb07p5_E23p2;F3NCS_0490_ood_unseen_operator_noise_crescent_zb05p7_E09p8;F3NCS_0491_ood_unseen_operator_noise_two_foci_zb01p9_E52p0;F3NCS_0492_ood_unseen_operator_noise_two_foci_zb05p8_E11p8;F3NCS_0493_ood_unseen_operator_noise_two_foci_zb02p7_E17p6;F3NCS_0494_ood_unseen_operator_noise_cylinder_zb03p5_E15p1;F3NCS_0495_ood_unseen_operator_noise_ellipse_zb11p4_E39p6;F3NCS_0496_ood_unseen_operator_noise_two_foci_zb05p4_E16p3;F3NCS_0497_ood_unseen_operator_noise_two_foci_zb06p2_E23p1;F3NCS_0498_ood_unseen_operator_noise_crescent_zb04p0_E08p5;F3NCS_0499_ood_unseen_operator_noise_lobed_zb01p5_E71p0;F3NCS_0500_ood_unseen_operator_noise_cylinder_zb02p3_E45p6;F3NCS_0501_ood_unseen_operator_noise_two_foci_zb09p3_E50p3;F3NCS_0502_ood_unseen_operator_noise_cylinder_zb11p5_E11p1;F3NCS_0503_ood_unseen_operator_noise_two_foci_zb07p9_E32p0;F3NCS_0504_ood_unseen_operator_noise_crescent_zb10p9_E39p6;F3NCS_0505_ood_unseen_operator_noise_lobed_zb06p3_E74p2;F3NCS_0506_ood_unseen_operator_noise_lobed_zb06p9_E36p9;F3NCS_0507_ood_unseen_operator_noise_ellipse_zb01p4_E08p8;F3NCS_0508_ood_unseen_operator_noise_two_foci_zb03p5_E13p6;F3NCS_0509_ood_unseen_operator_noise_crescent_zb11p1_E35p5;F3NCS_0510_ood_unseen_operator_noise_ellipse_zb02p7_E08p0;F3NCS_0511_ood_unseen_operator_noise_crescent_zb08p1_E09p7,method2b_512_full_comsol_recalibrated_9model,fig3_true_ood,3,split_role/ood_split_family,ood_unseen_operator_noise,230,38,32,0.1137795746326446,0.0,0.0,0.0,0.0,0.0,0.0,0.0,0.0,,0.5,0.1884254640733001,,0.0804594052327959,0.13458251953125,0.0,,,,
unet_canonical_bxyz,0.0702155381441116,0.1463759911431945,16.690603024172944,0.3853553961962461,2.5489041805267334,8.195689524513881,0.536695755480334,32,F3NCS_0480_ood_unseen_operator_noise_lobed_zb10p0_E66p7;F3NCS_0481_ood_unseen_operator_noise_ellipse_zb05p4_E11p5;F3NCS_0482_ood_unseen_operator_noise_lobed_zb01p7_E06p9;F3NCS_0483_ood_unseen_operator_noise_lobed_zb08p7_E31p8;F3NCS_0484_ood_unseen_operator_noise_cylinder_zb10p1_E08p6;F3NCS_0485_ood_unseen_operator_noise_two_foci_zb07p5_E25p6;F3NCS_0486_ood_unseen_operator_noise_cylinder_zb04p8_E14p8;F3NCS_0487_ood_unseen_operator_noise_two_foci_zb04p8_E08p4;F3NCS_0488_ood_unseen_operator_noise_ellipse_zb02p0_E51p8;F3NCS_0489_ood_unseen_operator_noise_two_foci_zb07p5_E23p2;F3NCS_0490_ood_unseen_operator_noise_crescent_zb05p7_E09p8;F3NCS_0491_ood_unseen_operator_noise_two_foci_zb01p9_E52p0;F3NCS_0492_ood_unseen_operator_noise_two_foci_zb05p8_E11p8;F3NCS_0493_ood_unseen_operator_noise_two_foci_zb02p7_E17p6;F3NCS_0494_ood_unseen_operator_noise_cylinder_zb03p5_E15p1;F3NCS_0495_ood_unseen_operator_noise_ellipse_zb11p4_E39p6;F3NCS_0496_ood_unseen_operator_noise_two_foci_zb05p4_E16p3;F3NCS_0497_ood_unseen_operator_noise_two_foci_zb06p2_E23p1;F3NCS_0498_ood_unseen_operator_noise_crescent_zb04p0_E08p5;F3NCS_0499_ood_unseen_operator_noise_lobed_zb01p5_E71p0;F3NCS_0500_ood_unseen_operator_noise_cylinder_zb02p3_E45p6;F3NCS_0501_ood_unseen_operator_noise_two_foci_zb09p3_E50p3;F3NCS_0502_ood_unseen_operator_noise_cylinder_zb11p5_E11p1;F3NCS_0503_ood_unseen_operator_noise_two_foci_zb07p9_E32p0;F3NCS_0504_ood_unseen_operator_noise_crescent_zb10p9_E39p6;F3NCS_0505_ood_unseen_operator_noise_lobed_zb06p3_E74p2;F3NCS_0506_ood_unseen_operator_noise_lobed_zb06p9_E36p9;F3NCS_0507_ood_unseen_operator_noise_ellipse_zb01p4_E08p8;F3NCS_0508_ood_unseen_operator_noise_two_foci_zb03p5_E13p6;F3NCS_0509_ood_unseen_operator_noise_crescent_zb11p1_E35p5;F3NCS_0510_ood_unseen_operator_noise_ellipse_zb02p7_E08p0;F3NCS_0511_ood_unseen_operator_noise_crescent_zb08p1_E09p7,method2b_512_full_comsol_recalibrated_9model,fig3_true_ood,3,split_role/ood_split_family,ood_unseen_operator_noise,230,38,32,0.0702155381441116,0.0,0.0,0.0,0.0,0.0,0.0,0.0,0.0,,0.5,0.1447612523075594,,0.0539478494630533,0.1151809692382812,0.0,,,,
vanilla_diffusion,0.439548134803772,0.4530461670274197,6.877150791371097,0.0435236140328925,12.040597915649414,13.541523123738417,0.2585762318170104,32,F3NCS_0480_ood_unseen_operator_noise_lobed_zb10p0_E66p7;F3NCS_0481_ood_unseen_operator_noise_ellipse_zb05p4_E11p5;F3NCS_0482_ood_unseen_operator_noise_lobed_zb01p7_E06p9;F3NCS_0483_ood_unseen_operator_noise_lobed_zb08p7_E31p8;F3NCS_0484_ood_unseen_operator_noise_cylinder_zb10p1_E08p6;F3NCS_0485_ood_unseen_operator_noise_two_foci_zb07p5_E25p6;F3NCS_0486_ood_unseen_operator_noise_cylinder_zb04p8_E14p8;F3NCS_0487_ood_unseen_operator_noise_two_foci_zb04p8_E08p4;F3NCS_0488_ood_unseen_operator_noise_ellipse_zb02p0_E51p8;F3NCS_0489_ood_unseen_operator_noise_two_foci_zb07p5_E23p2;F3NCS_0490_ood_unseen_operator_noise_crescent_zb05p7_E09p8;F3NCS_0491_ood_unseen_operator_noise_two_foci_zb01p9_E52p0;F3NCS_0492_ood_unseen_operator_noise_two_foci_zb05p8_E11p8;F3NCS_0493_ood_unseen_operator_noise_two_foci_zb02p7_E17p6;F3NCS_0494_ood_unseen_operator_noise_cylinder_zb03p5_E15p1;F3NCS_0495_ood_unseen_operator_noise_ellipse_zb11p4_E39p6;F3NCS_0496_ood_unseen_operator_noise_two_foci_zb05p4_E16p3;F3NCS_0497_ood_unseen_operator_noise_two_foci_zb06p2_E23p1;F3NCS_0498_ood_unseen_operator_noise_crescent_zb04p0_E08p5;F3NCS_0499_ood_unseen_operator_noise_lobed_zb01p5_E71p0;F3NCS_0500_ood_unseen_operator_noise_cylinder_zb02p3_E45p6;F3NCS_0501_ood_unseen_operator_noise_two_foci_zb09p3_E50p3;F3NCS_0502_ood_unseen_operator_noise_cylinder_zb11p5_E11p1;F3NCS_0503_ood_unseen_operator_noise_two_foci_zb07p9_E32p0;F3NCS_0504_ood_unseen_operator_noise_crescent_zb10p9_E39p6;F3NCS_0505_ood_unseen_operator_noise_lobed_zb06p3_E74p2;F3NCS_0506_ood_unseen_operator_noise_lobed_zb06p9_E36p9;F3NCS_0507_ood_unseen_operator_noise_ellipse_zb01p4_E08p8;F3NCS_0508_ood_unseen_operator_noise_two_foci_zb03p5_E13p6;F3NCS_0509_ood_unseen_operator_noise_crescent_zb11p1_E35p5;F3NCS_0510_ood_unseen_operator_noise_ellipse_zb02p7_E08p0;F3NCS_0511_ood_unseen_operator_noise_crescent_zb08p1_E09p7,method2b_512_full_comsol_recalibrated_9model,fig3_true_ood,3,split_role/ood_split_family,ood_unseen_operator_noise,230,38,32,0.4016953110694885,0.0168380737304687,0.0646806508302688,0.0356369018554687,0.1678456962108612,0.0456771850585937,0.2375702410936355,0.0538787841796875,0.2914020419120788,0.4800083329991489,0.9142283855016587,0.3707827408309139,5.372908710357526,0.0908063181309026,0.0745313167572021,0.0822563916444778,,,,
vanilla_diffusion_calibrated90,0.439548134803772,0.4530461670274197,6.877150791371097,0.0435235146724153,12.040597915649414,13.541523123738417,0.2585762518263904,32,F3NCS_0480_ood_unseen_operator_noise_lobed_zb10p0_E66p7;F3NCS_0481_ood_unseen_operator_noise_ellipse_zb05p4_E11p5;F3NCS_0482_ood_unseen_operator_noise_lobed_zb01p7_E06p9;F3NCS_0483_ood_unseen_operator_noise_lobed_zb08p7_E31p8;F3NCS_0484_ood_unseen_operator_noise_cylinder_zb10p1_E08p6;F3NCS_0485_ood_unseen_operator_noise_two_foci_zb07p5_E25p6;F3NCS_0486_ood_unseen_operator_noise_cylinder_zb04p8_E14p8;F3NCS_0487_ood_unseen_operator_noise_two_foci_zb04p8_E08p4;F3NCS_0488_ood_unseen_operator_noise_ellipse_zb02p0_E51p8;F3NCS_0489_ood_unseen_operator_noise_two_foci_zb07p5_E23p2;F3NCS_0490_ood_unseen_operator_noise_crescent_zb05p7_E09p8;F3NCS_0491_ood_unseen_operator_noise_two_foci_zb01p9_E52p0;F3NCS_0492_ood_unseen_operator_noise_two_foci_zb05p8_E11p8;F3NCS_0493_ood_unseen_operator_noise_two_foci_zb02p7_E17p6;F3NCS_0494_ood_unseen_operator_noise_cylinder_zb03p5_E15p1;F3NCS_0495_ood_unseen_operator_noise_ellipse_zb11p4_E39p6;F3NCS_0496_ood_unseen_operator_noise_two_foci_zb05p4_E16p3;F3NCS_0497_ood_unseen_operator_noise_two_foci_zb06p2_E23p1;F3NCS_0498_ood_unseen_operator_noise_crescent_zb04p0_E08p5;F3NCS_0499_ood_unseen_operator_noise_lobed_zb01p5_E71p0;F3NCS_0500_ood_unseen_operator_noise_cylinder_zb02p3_E45p6;F3NCS_0501_ood_unseen_operator_noise_two_foci_zb09p3_E50p3;F3NCS_0502_ood_unseen_operator_noise_cylinder_zb11p5_E11p1;F3NCS_0503_ood_unseen_operator_noise_two_foci_zb07p9_E32p0;F3NCS_0504_ood_unseen_operator_noise_crescent_zb10p9_E39p6;F3NCS_0505_ood_unseen_operator_noise_lobed_zb06p3_E74p2;F3NCS_0506_ood_unseen_operator_noise_lobed_zb06p9_E36p9;F3NCS_0507_ood_unseen_operator_noise_ellipse_zb01p4_E08p8;F3NCS_0508_ood_unseen_operator_noise_two_foci_zb03p5_E13p6;F3NCS_0509_ood_unseen_operator_noise_crescent_zb11p1_E35p5;F3NCS_0510_ood_unseen_operator_noise_ellipse_zb02p7_E08p0;F3NCS_0511_ood_unseen_operator_noise_crescent_zb08p1_E09p7,method2b_512_full_comsol_recalibrated_9model,fig3_true_ood,3,split_role/ood_split_family,ood_unseen_operator_noise,230,38,32,0.2272185981273651,0.3396835327148437,0.567957878112793,0.7105941772460938,1.4738454818725586,0.8796844482421875,2.0860934257507324,0.9570693969726562,2.5587878227233887,0.480008362419883,0.9142283803279252,0.3030370749858138,0.3796751089315552,0.0908063182702433,0.2659900188446045,0.7222896218299866,validation,0.9,8.780954360961914,
likelihood_guided_diffusion,0.4401094317436218,0.4537932467015292,6.862839430462119,0.0433177265804261,12.07134246826172,13.570661629252424,0.2188318536941406,32,F3NCS_0480_ood_unseen_operator_noise_lobed_zb10p0_E66p7;F3NCS_0481_ood_unseen_operator_noise_ellipse_zb05p4_E11p5;F3NCS_0482_ood_unseen_operator_noise_lobed_zb01p7_E06p9;F3NCS_0483_ood_unseen_operator_noise_lobed_zb08p7_E31p8;F3NCS_0484_ood_unseen_operator_noise_cylinder_zb10p1_E08p6;F3NCS_0485_ood_unseen_operator_noise_two_foci_zb07p5_E25p6;F3NCS_0486_ood_unseen_operator_noise_cylinder_zb04p8_E14p8;F3NCS_0487_ood_unseen_operator_noise_two_foci_zb04p8_E08p4;F3NCS_0488_ood_unseen_operator_noise_ellipse_zb02p0_E51p8;F3NCS_0489_ood_unseen_operator_noise_two_foci_zb07p5_E23p2;F3NCS_0490_ood_unseen_operator_noise_crescent_zb05p7_E09p8;F3NCS_0491_ood_unseen_operator_noise_two_foci_zb01p9_E52p0;F3NCS_0492_ood_unseen_operator_noise_two_foci_zb05p8_E11p8;F3NCS_0493_ood_unseen_operator_noise_two_foci_zb02p7_E17p6;F3NCS_0494_ood_unseen_operator_noise_cylinder_zb03p5_E15p1;F3NCS_0495_ood_unseen_operator_noise_ellipse_zb11p4_E39p6;F3NCS_0496_ood_unseen_operator_noise_two_foci_zb05p4_E16p3;F3NCS_0497_ood_unseen_operator_noise_two_foci_zb06p2_E23p1;F3NCS_0498_ood_unseen_operator_noise_crescent_zb04p0_E08p5;F3NCS_0499_ood_unseen_operator_noise_lobed_zb01p5_E71p0;F3NCS_0500_ood_unseen_operator_noise_cylinder_zb02p3_E45p6;F3NCS_0501_ood_unseen_operator_noise_two_foci_zb09p3_E50p3;F3NCS_0502_ood_unseen_operator_noise_cylinder_zb11p5_E11p1;F3NCS_0503_ood_unseen_operator_noise_two_foci_zb07p9_E32p0;F3NCS_0504_ood_unseen_operator_noise_crescent_zb10p9_E39p6;F3NCS_0505_ood_unseen_operator_noise_lobed_zb06p3_E74p2;F3NCS_0506_ood_unseen_operator_noise_lobed_zb06p9_E36p9;F3NCS_0507_ood_unseen_operator_noise_ellipse_zb01p4_E08p8;F3NCS_0508_ood_unseen_operator_noise_two_foci_zb03p5_E13p6;F3NCS_0509_ood_unseen_operator_noise_crescent_zb11p1_E35p5;F3NCS_0510_ood_unseen_operator_noise_ellipse_zb02p7_E08p0;F3NCS_0511_ood_unseen_operator_noise_crescent_zb08p1_E09p7,method2b_512_full_comsol_recalibrated_9model,fig3_true_ood,3,split_role/ood_split_family,ood_unseen_operator_noise,230,38,32,0.4018524289131164,0.017852783203125,0.0668227151036262,0.037261962890625,0.1697388887405395,0.04638671875,0.2391628623008728,0.053619384765625,0.2937172949314117,0.5055694580303416,0.9182297769462714,0.3704903733452384,5.374665438757834,0.0899227750161096,0.074254035949707,0.0832653790712356,,,,
likelihood_guided_diffusion_calibrated90,0.4401094317436218,0.4537932302830814,6.862839744721595,0.043317701522028,12.07134246826172,13.570662191450095,0.2188318106824095,32,F3NCS_0480_ood_unseen_operator_noise_lobed_zb10p0_E66p7;F3NCS_0481_ood_unseen_operator_noise_ellipse_zb05p4_E11p5;F3NCS_0482_ood_unseen_operator_noise_lobed_zb01p7_E06p9;F3NCS_0483_ood_unseen_operator_noise_lobed_zb08p7_E31p8;F3NCS_0484_ood_unseen_operator_noise_cylinder_zb10p1_E08p6;F3NCS_0485_ood_unseen_operator_noise_two_foci_zb07p5_E25p6;F3NCS_0486_ood_unseen_operator_noise_cylinder_zb04p8_E14p8;F3NCS_0487_ood_unseen_operator_noise_two_foci_zb04p8_E08p4;F3NCS_0488_ood_unseen_operator_noise_ellipse_zb02p0_E51p8;F3NCS_0489_ood_unseen_operator_noise_two_foci_zb07p5_E23p2;F3NCS_0490_ood_unseen_operator_noise_crescent_zb05p7_E09p8;F3NCS_0491_ood_unseen_operator_noise_two_foci_zb01p9_E52p0;F3NCS_0492_ood_unseen_operator_noise_two_foci_zb05p8_E11p8;F3NCS_0493_ood_unseen_operator_noise_two_foci_zb02p7_E17p6;F3NCS_0494_ood_unseen_operator_noise_cylinder_zb03p5_E15p1;F3NCS_0495_ood_unseen_operator_noise_ellipse_zb11p4_E39p6;F3NCS_0496_ood_unseen_operator_noise_two_foci_zb05p4_E16p3;F3NCS_0497_ood_unseen_operator_noise_two_foci_zb06p2_E23p1;F3NCS_0498_ood_unseen_operator_noise_crescent_zb04p0_E08p5;F3NCS_0499_ood_unseen_operator_noise_lobed_zb01p5_E71p0;F3NCS_0500_ood_unseen_operator_noise_cylinder_zb02p3_E45p6;F3NCS_0501_ood_unseen_operator_noise_two_foci_zb09p3_E50p3;F3NCS_0502_ood_unseen_operator_noise_cylinder_zb11p5_E11p1;F3NCS_0503_ood_unseen_operator_noise_two_foci_zb07p9_E32p0;F3NCS_0504_ood_unseen_operator_noise_crescent_zb10p9_E39p6;F3NCS_0505_ood_unseen_operator_noise_lobed_zb06p3_E74p2;F3NCS_0506_ood_unseen_operator_noise_lobed_zb06p9_E36p9;F3NCS_0507_ood_unseen_operator_noise_ellipse_zb01p4_E08p8;F3NCS_0508_ood_unseen_operator_noise_two_foci_zb03p5_E13p6;F3NCS_0509_ood_unseen_operator_noise_crescent_zb11p1_E35p5;F3NCS_0510_ood_unseen_operator_noise_ellipse_zb02p7_E08p0;F3NCS_0511_ood_unseen_operator_noise_crescent_zb08p1_E09p7,method2b_512_full_comsol_recalibrated_9model,fig3_true_ood,3,split_role/ood_split_family,ood_unseen_operator_noise,230,38,32,0.2263622283935547,0.3775711059570312,0.599373996257782,0.7305831909179688,1.522492527961731,0.8881072998046875,2.1451988220214844,0.9550857543945312,2.634531021118164,0.505569438743015,0.918229777592988,0.3260642319531536,0.3937875265023558,0.0899227750612737,0.2785460948944092,0.7468583583831787,validation,0.9,8.96961498260498,
prior_init_diffusion_unet,0.0711199343204498,0.147018108753586,16.65258336661672,0.2814290192909539,2.5598065853118896,8.236233872400595,0.5202123484897557,32,F3NCS_0480_ood_unseen_operator_noise_lobed_zb10p0_E66p7;F3NCS_0481_ood_unseen_operator_noise_ellipse_zb05p4_E11p5;F3NCS_0482_ood_unseen_operator_noise_lobed_zb01p7_E06p9;F3NCS_0483_ood_unseen_operator_noise_lobed_zb08p7_E31p8;F3NCS_0484_ood_unseen_operator_noise_cylinder_zb10p1_E08p6;F3NCS_0485_ood_unseen_operator_noise_two_foci_zb07p5_E25p6;F3NCS_0486_ood_unseen_operator_noise_cylinder_zb04p8_E14p8;F3NCS_0487_ood_unseen_operator_noise_two_foci_zb04p8_E08p4;F3NCS_0488_ood_unseen_operator_noise_ellipse_zb02p0_E51p8;F3NCS_0489_ood_unseen_operator_noise_two_foci_zb07p5_E23p2;F3NCS_0490_ood_unseen_operator_noise_crescent_zb05p7_E09p8;F3NCS_0491_ood_unseen_operator_noise_two_foci_zb01p9_E52p0;F3NCS_0492_ood_unseen_operator_noise_two_foci_zb05p8_E11p8;F3NCS_0493_ood_unseen_operator_noise_two_foci_zb02p7_E17p6;F3NCS_0494_ood_unseen_operator_noise_cylinder_zb03p5_E15p1;F3NCS_0495_ood_unseen_operator_noise_ellipse_zb11p4_E39p6;F3NCS_0496_ood_unseen_operator_noise_two_foci_zb05p4_E16p3;F3NCS_0497_ood_unseen_operator_noise_two_foci_zb06p2_E23p1;F3NCS_0498_ood_unseen_operator_noise_crescent_zb04p0_E08p5;F3NCS_0499_ood_unseen_operator_noise_lobed_zb01p5_E71p0;F3NCS_0500_ood_unseen_operator_noise_cylinder_zb02p3_E45p6;F3NCS_0501_ood_unseen_operator_noise_two_foci_zb09p3_E50p3;F3NCS_0502_ood_unseen_operator_noise_cylinder_zb11p5_E11p1;F3NCS_0503_ood_unseen_operator_noise_two_foci_zb07p9_E32p0;F3NCS_0504_ood_unseen_operator_noise_crescent_zb10p9_E39p6;F3NCS_0505_ood_unseen_operator_noise_lobed_zb06p3_E74p2;F3NCS_0506_ood_unseen_operator_noise_lobed_zb06p9_E36p9;F3NCS_0507_ood_unseen_operator_noise_ellipse_zb01p4_E08p8;F3NCS_0508_ood_unseen_operator_noise_two_foci_zb03p5_E13p6;F3NCS_0509_ood_unseen_operator_noise_crescent_zb11p1_E35p5;F3NCS_0510_ood_unseen_operator_noise_ellipse_zb02p7_E08p0;F3NCS_0511_ood_unseen_operator_noise_crescent_zb08p1_E09p7,method2b_512_full_comsol_recalibrated_9model,fig3_true_ood,3,split_role/ood_split_family,ood_unseen_operator_noise,230,38,32,0.0665220320224762,0.0045928955078125,0.0108945863321423,0.0114898681640625,0.0203945264220237,0.0238494873046875,0.0257499516010284,0.0469207763671875,0.0297432895749807,0.5877269769584517,0.8306498552435899,0.1165208132483219,13.84316356352041,0.0133248956466832,0.1222264766693115,0.0083310715854167,,,,
prior_init_diffusion_unet_calibrated90,0.0711199343204498,0.147018108753586,16.65258336661672,0.2814290756359696,2.5598065853118896,8.236233872400595,0.5202123418528584,32,F3NCS_0480_ood_unseen_operator_noise_lobed_zb10p0_E66p7;F3NCS_0481_ood_unseen_operator_noise_ellipse_zb05p4_E11p5;F3NCS_0482_ood_unseen_operator_noise_lobed_zb01p7_E06p9;F3NCS_0483_ood_unseen_operator_noise_lobed_zb08p7_E31p8;F3NCS_0484_ood_unseen_operator_noise_cylinder_zb10p1_E08p6;F3NCS_0485_ood_unseen_operator_noise_two_foci_zb07p5_E25p6;F3NCS_0486_ood_unseen_operator_noise_cylinder_zb04p8_E14p8;F3NCS_0487_ood_unseen_operator_noise_two_foci_zb04p8_E08p4;F3NCS_0488_ood_unseen_operator_noise_ellipse_zb02p0_E51p8;F3NCS_0489_ood_unseen_operator_noise_two_foci_zb07p5_E23p2;F3NCS_0490_ood_unseen_operator_noise_crescent_zb05p7_E09p8;F3NCS_0491_ood_unseen_operator_noise_two_foci_zb01p9_E52p0;F3NCS_0492_ood_unseen_operator_noise_two_foci_zb05p8_E11p8;F3NCS_0493_ood_unseen_operator_noise_two_foci_zb02p7_E17p6;F3NCS_0494_ood_unseen_operator_noise_cylinder_zb03p5_E15p1;F3NCS_0495_ood_unseen_operator_noise_ellipse_zb11p4_E39p6;F3NCS_0496_ood_unseen_operator_noise_two_foci_zb05p4_E16p3;F3NCS_0497_ood_unseen_operator_noise_two_foci_zb06p2_E23p1;F3NCS_0498_ood_unseen_operator_noise_crescent_zb04p0_E08p5;F3NCS_0499_ood_unseen_operator_noise_lobed_zb01p5_E71p0;F3NCS_0500_ood_unseen_operator_noise_cylinder_zb02p3_E45p6;F3NCS_0501_ood_unseen_operator_noise_two_foci_zb09p3_E50p3;F3NCS_0502_ood_unseen_operator_noise_cylinder_zb11p5_E11p1;F3NCS_0503_ood_unseen_operator_noise_two_foci_zb07p9_E32p0;F3NCS_0504_ood_unseen_operator_noise_crescent_zb10p9_E39p6;F3NCS_0505_ood_unseen_operator_noise_lobed_zb06p3_E74p2;F3NCS_0506_ood_unseen_operator_noise_lobed_zb06p9_E36p9;F3NCS_0507_ood_unseen_operator_noise_ellipse_zb01p4_E08p8;F3NCS_0508_ood_unseen_operator_noise_two_foci_zb03p5_E13p6;F3NCS_0509_ood_unseen_operator_noise_crescent_zb11p1_E35p5;F3NCS_0510_ood_unseen_operator_noise_ellipse_zb02p7_E08p0;F3NCS_0511_ood_unseen_operator_noise_crescent_zb08p1_E09p7,method2b_512_full_comsol_recalibrated_9model,fig3_true_ood,3,split_role/ood_split_family,ood_unseen_operator_noise,230,38,32,0.0590975098311901,0.8230972290039062,0.1323281526565551,0.8874130249023438,0.2477166056632995,0.9117507934570312,0.3127648532390594,0.9265670776367188,0.3612688779830932,0.5877269977454403,0.8306498552435899,0.0239991250022567,0.2233270416799784,0.0133248957893661,0.4357280731201172,0.1011911183595657,validation,0.9,12.146230697631836,
residual_likelihood_guided_diffusion,0.0711684003472328,0.1470434012241356,16.651089205694905,0.280460822628811,2.560293912887573,8.235406163198727,0.519105438709403,32,F3NCS_0480_ood_unseen_operator_noise_lobed_zb10p0_E66p7;F3NCS_0481_ood_unseen_operator_noise_ellipse_zb05p4_E11p5;F3NCS_0482_ood_unseen_operator_noise_lobed_zb01p7_E06p9;F3NCS_0483_ood_unseen_operator_noise_lobed_zb08p7_E31p8;F3NCS_0484_ood_unseen_operator_noise_cylinder_zb10p1_E08p6;F3NCS_0485_ood_unseen_operator_noise_two_foci_zb07p5_E25p6;F3NCS_0486_ood_unseen_operator_noise_cylinder_zb04p8_E14p8;F3NCS_0487_ood_unseen_operator_noise_two_foci_zb04p8_E08p4;F3NCS_0488_ood_unseen_operator_noise_ellipse_zb02p0_E51p8;F3NCS_0489_ood_unseen_operator_noise_two_foci_zb07p5_E23p2;F3NCS_0490_ood_unseen_operator_noise_crescent_zb05p7_E09p8;F3NCS_0491_ood_unseen_operator_noise_two_foci_zb01p9_E52p0;F3NCS_0492_ood_unseen_operator_noise_two_foci_zb05p8_E11p8;F3NCS_0493_ood_unseen_operator_noise_two_foci_zb02p7_E17p6;F3NCS_0494_ood_unseen_operator_noise_cylinder_zb03p5_E15p1;F3NCS_0495_ood_unseen_operator_noise_ellipse_zb11p4_E39p6;F3NCS_0496_ood_unseen_operator_noise_two_foci_zb05p4_E16p3;F3NCS_0497_ood_unseen_operator_noise_two_foci_zb06p2_E23p1;F3NCS_0498_ood_unseen_operator_noise_crescent_zb04p0_E08p5;F3NCS_0499_ood_unseen_operator_noise_lobed_zb01p5_E71p0;F3NCS_0500_ood_unseen_operator_noise_cylinder_zb02p3_E45p6;F3NCS_0501_ood_unseen_operator_noise_two_foci_zb09p3_E50p3;F3NCS_0502_ood_unseen_operator_noise_cylinder_zb11p5_E11p1;F3NCS_0503_ood_unseen_operator_noise_two_foci_zb07p9_E32p0;F3NCS_0504_ood_unseen_operator_noise_crescent_zb10p9_E39p6;F3NCS_0505_ood_unseen_operator_noise_lobed_zb06p3_E74p2;F3NCS_0506_ood_unseen_operator_noise_lobed_zb06p9_E36p9;F3NCS_0507_ood_unseen_operator_noise_ellipse_zb01p4_E08p8;F3NCS_0508_ood_unseen_operator_noise_two_foci_zb03p5_E13p6;F3NCS_0509_ood_unseen_operator_noise_crescent_zb11p1_E35p5;F3NCS_0510_ood_unseen_operator_noise_ellipse_zb02p7_E08p0;F3NCS_0511_ood_unseen_operator_noise_crescent_zb08p1_E09p7,method2b_512_full_comsol_recalibrated_9model,fig3_true_ood,3,split_role/ood_split_family,ood_unseen_operator_noise,230,38,32,0.0665650889277458,0.0043411254882812,0.0109079554677009,0.0117950439453125,0.0204296614974737,0.0246353149414062,0.0257885679602623,0.046539306640625,0.0297843199223279,0.5840592279286299,0.8289616252226633,0.1165338976437235,13.791261731092996,0.0132686519536484,0.1221327781677246,0.0083416737616062,,,,
residual_likelihood_guided_diffusion_calibrated90,0.0711684003472328,0.1470434012241356,16.651089205694905,0.2804608365986496,2.560293912887573,8.235406163198727,0.5191054307312291,32,F3NCS_0480_ood_unseen_operator_noise_lobed_zb10p0_E66p7;F3NCS_0481_ood_unseen_operator_noise_ellipse_zb05p4_E11p5;F3NCS_0482_ood_unseen_operator_noise_lobed_zb01p7_E06p9;F3NCS_0483_ood_unseen_operator_noise_lobed_zb08p7_E31p8;F3NCS_0484_ood_unseen_operator_noise_cylinder_zb10p1_E08p6;F3NCS_0485_ood_unseen_operator_noise_two_foci_zb07p5_E25p6;F3NCS_0486_ood_unseen_operator_noise_cylinder_zb04p8_E14p8;F3NCS_0487_ood_unseen_operator_noise_two_foci_zb04p8_E08p4;F3NCS_0488_ood_unseen_operator_noise_ellipse_zb02p0_E51p8;F3NCS_0489_ood_unseen_operator_noise_two_foci_zb07p5_E23p2;F3NCS_0490_ood_unseen_operator_noise_crescent_zb05p7_E09p8;F3NCS_0491_ood_unseen_operator_noise_two_foci_zb01p9_E52p0;F3NCS_0492_ood_unseen_operator_noise_two_foci_zb05p8_E11p8;F3NCS_0493_ood_unseen_operator_noise_two_foci_zb02p7_E17p6;F3NCS_0494_ood_unseen_operator_noise_cylinder_zb03p5_E15p1;F3NCS_0495_ood_unseen_operator_noise_ellipse_zb11p4_E39p6;F3NCS_0496_ood_unseen_operator_noise_two_foci_zb05p4_E16p3;F3NCS_0497_ood_unseen_operator_noise_two_foci_zb06p2_E23p1;F3NCS_0498_ood_unseen_operator_noise_crescent_zb04p0_E08p5;F3NCS_0499_ood_unseen_operator_noise_lobed_zb01p5_E71p0;F3NCS_0500_ood_unseen_operator_noise_cylinder_zb02p3_E45p6;F3NCS_0501_ood_unseen_operator_noise_two_foci_zb09p3_E50p3;F3NCS_0502_ood_unseen_operator_noise_cylinder_zb11p5_E11p1;F3NCS_0503_ood_unseen_operator_noise_two_foci_zb07p9_E32p0;F3NCS_0504_ood_unseen_operator_noise_crescent_zb10p9_E39p6;F3NCS_0505_ood_unseen_operator_noise_lobed_zb06p3_E74p2;F3NCS_0506_ood_unseen_operator_noise_lobed_zb06p9_E36p9;F3NCS_0507_ood_unseen_operator_noise_ellipse_zb01p4_E08p8;F3NCS_0508_ood_unseen_operator_noise_two_foci_zb03p5_E13p6;F3NCS_0509_ood_unseen_operator_noise_crescent_zb11p1_E35p5;F3NCS_0510_ood_unseen_operator_noise_ellipse_zb02p7_E08p0;F3NCS_0511_ood_unseen_operator_noise_crescent_zb08p1_E09p7,method2b_512_full_comsol_recalibrated_9model,fig3_true_ood,3,split_role/ood_split_family,ood_unseen_operator_noise,230,38,32,0.0592274218797683,0.8228302001953125,0.1330632269382476,0.8870773315429688,0.2492159605026245,0.9131622314453124,0.3145878314971924,0.9274215698242188,0.3633309602737427,0.5840591942457722,0.8289616248993049,0.0239239741328437,0.2155936837503537,0.0132686518145669,0.4359719753265381,0.1017578467726707,validation,0.9,12.198732376098633,
explicit_residual_target_diffusion,0.0857636258006095,0.149843732577294,16.48722834619455,0.2008503753459081,2.7364695072174072,8.19647144599669,0.5004949462613268,32,F3NCS_0480_ood_unseen_operator_noise_lobed_zb10p0_E66p7;F3NCS_0481_ood_unseen_operator_noise_ellipse_zb05p4_E11p5;F3NCS_0482_ood_unseen_operator_noise_lobed_zb01p7_E06p9;F3NCS_0483_ood_unseen_operator_noise_lobed_zb08p7_E31p8;F3NCS_0484_ood_unseen_operator_noise_cylinder_zb10p1_E08p6;F3NCS_0485_ood_unseen_operator_noise_two_foci_zb07p5_E25p6;F3NCS_0486_ood_unseen_operator_noise_cylinder_zb04p8_E14p8;F3NCS_0487_ood_unseen_operator_noise_two_foci_zb04p8_E08p4;F3NCS_0488_ood_unseen_operator_noise_ellipse_zb02p0_E51p8;F3NCS_0489_ood_unseen_operator_noise_two_foci_zb07p5_E23p2;F3NCS_0490_ood_unseen_operator_noise_crescent_zb05p7_E09p8;F3NCS_0491_ood_unseen_operator_noise_two_foci_zb01p9_E52p0;F3NCS_0492_ood_unseen_operator_noise_two_foci_zb05p8_E11p8;F3NCS_0493_ood_unseen_operator_noise_two_foci_zb02p7_E17p6;F3NCS_0494_ood_unseen_operator_noise_cylinder_zb03p5_E15p1;F3NCS_0495_ood_unseen_operator_noise_ellipse_zb11p4_E39p6;F3NCS_0496_ood_unseen_operator_noise_two_foci_zb05p4_E16p3;F3NCS_0497_ood_unseen_operator_noise_two_foci_zb06p2_E23p1;F3NCS_0498_ood_unseen_operator_noise_crescent_zb04p0_E08p5;F3NCS_0499_ood_unseen_operator_noise_lobed_zb01p5_E71p0;F3NCS_0500_ood_unseen_operator_noise_cylinder_zb02p3_E45p6;F3NCS_0501_ood_unseen_operator_noise_two_foci_zb09p3_E50p3;F3NCS_0502_ood_unseen_operator_noise_cylinder_zb11p5_E11p1;F3NCS_0503_ood_unseen_operator_noise_two_foci_zb07p9_E32p0;F3NCS_0504_ood_unseen_operator_noise_crescent_zb10p9_E39p6;F3NCS_0505_ood_unseen_operator_noise_lobed_zb06p3_E74p2;F3NCS_0506_ood_unseen_operator_noise_lobed_zb06p9_E36p9;F3NCS_0507_ood_unseen_operator_noise_ellipse_zb01p4_E08p8;F3NCS_0508_ood_unseen_operator_noise_two_foci_zb03p5_E13p6;F3NCS_0509_ood_unseen_operator_noise_crescent_zb11p1_E35p5;F3NCS_0510_ood_unseen_operator_noise_ellipse_zb02p7_E08p0;F3NCS_0511_ood_unseen_operator_noise_crescent_zb08p1_E09p7,method2b_512_full_comsol_recalibrated_9model,fig3_true_ood,3,split_role/ood_split_family,ood_unseen_operator_noise,230,38,32,0.0539724044501781,0.651458740234375,0.0390025041997432,0.7841339111328125,0.1372021585702896,0.8444366455078125,0.2283757179975509,0.8786392211914062,0.3010408282279968,0.7494339500750352,0.7236974817146544,0.0538959955118689,1.489932385203264,0.022925246100047,0.4357898235321045,0.0892607718706131,,,,0.7659994959831238
explicit_residual_target_diffusion_calibrated90,0.0857636258006095,0.149843732577294,16.48722834619455,0.2008503390243277,2.7364695072174072,8.19647144599669,0.5004949428983705,32,F3NCS_0480_ood_unseen_operator_noise_lobed_zb10p0_E66p7;F3NCS_0481_ood_unseen_operator_noise_ellipse_zb05p4_E11p5;F3NCS_0482_ood_unseen_operator_noise_lobed_zb01p7_E06p9;F3NCS_0483_ood_unseen_operator_noise_lobed_zb08p7_E31p8;F3NCS_0484_ood_unseen_operator_noise_cylinder_zb10p1_E08p6;F3NCS_0485_ood_unseen_operator_noise_two_foci_zb07p5_E25p6;F3NCS_0486_ood_unseen_operator_noise_cylinder_zb04p8_E14p8;F3NCS_0487_ood_unseen_operator_noise_two_foci_zb04p8_E08p4;F3NCS_0488_ood_unseen_operator_noise_ellipse_zb02p0_E51p8;F3NCS_0489_ood_unseen_operator_noise_two_foci_zb07p5_E23p2;F3NCS_0490_ood_unseen_operator_noise_crescent_zb05p7_E09p8;F3NCS_0491_ood_unseen_operator_noise_two_foci_zb01p9_E52p0;F3NCS_0492_ood_unseen_operator_noise_two_foci_zb05p8_E11p8;F3NCS_0493_ood_unseen_operator_noise_two_foci_zb02p7_E17p6;F3NCS_0494_ood_unseen_operator_noise_cylinder_zb03p5_E15p1;F3NCS_0495_ood_unseen_operator_noise_ellipse_zb11p4_E39p6;F3NCS_0496_ood_unseen_operator_noise_two_foci_zb05p4_E16p3;F3NCS_0497_ood_unseen_operator_noise_two_foci_zb06p2_E23p1;F3NCS_0498_ood_unseen_operator_noise_crescent_zb04p0_E08p5;F3NCS_0499_ood_unseen_operator_noise_lobed_zb01p5_E71p0;F3NCS_0500_ood_unseen_operator_noise_cylinder_zb02p3_E45p6;F3NCS_0501_ood_unseen_operator_noise_two_foci_zb09p3_E50p3;F3NCS_0502_ood_unseen_operator_noise_cylinder_zb11p5_E11p1;F3NCS_0503_ood_unseen_operator_noise_two_foci_zb07p9_E32p0;F3NCS_0504_ood_unseen_operator_noise_crescent_zb10p9_E39p6;F3NCS_0505_ood_unseen_operator_noise_lobed_zb06p3_E74p2;F3NCS_0506_ood_unseen_operator_noise_lobed_zb06p9_E36p9;F3NCS_0507_ood_unseen_operator_noise_ellipse_zb01p4_E08p8;F3NCS_0508_ood_unseen_operator_noise_two_foci_zb03p5_E13p6;F3NCS_0509_ood_unseen_operator_noise_crescent_zb11p1_E35p5;F3NCS_0510_ood_unseen_operator_noise_ellipse_zb02p7_E08p0;F3NCS_0511_ood_unseen_operator_noise_crescent_zb08p1_E09p7,method2b_512_full_comsol_recalibrated_9model,fig3_true_ood,3,split_role/ood_split_family,ood_unseen_operator_noise,230,38,32,0.0550219491124153,0.6406707763671875,0.059100903570652,0.8637619018554688,0.2079038918018341,0.9140243530273438,0.3460600674152374,0.9393844604492188,0.4561703503131866,0.7494339585560568,0.7236974778343541,0.0219206796384185,0.7230672717537353,0.0229252460623766,0.5634725093841553,0.1352577805519104,validation,0.9,1.515310525894165,0.7659994959831238
explicit_residual_likelihood_guided_diffusion,0.0857583731412887,0.1497939709009545,16.490113326474706,0.1922611477784812,2.721996545791626,8.172448220215859,0.5097965427605484,32,F3NCS_0480_ood_unseen_operator_noise_lobed_zb10p0_E66p7;F3NCS_0481_ood_unseen_operator_noise_ellipse_zb05p4_E11p5;F3NCS_0482_ood_unseen_operator_noise_lobed_zb01p7_E06p9;F3NCS_0483_ood_unseen_operator_noise_lobed_zb08p7_E31p8;F3NCS_0484_ood_unseen_operator_noise_cylinder_zb10p1_E08p6;F3NCS_0485_ood_unseen_operator_noise_two_foci_zb07p5_E25p6;F3NCS_0486_ood_unseen_operator_noise_cylinder_zb04p8_E14p8;F3NCS_0487_ood_unseen_operator_noise_two_foci_zb04p8_E08p4;F3NCS_0488_ood_unseen_operator_noise_ellipse_zb02p0_E51p8;F3NCS_0489_ood_unseen_operator_noise_two_foci_zb07p5_E23p2;F3NCS_0490_ood_unseen_operator_noise_crescent_zb05p7_E09p8;F3NCS_0491_ood_unseen_operator_noise_two_foci_zb01p9_E52p0;F3NCS_0492_ood_unseen_operator_noise_two_foci_zb05p8_E11p8;F3NCS_0493_ood_unseen_operator_noise_two_foci_zb02p7_E17p6;F3NCS_0494_ood_unseen_operator_noise_cylinder_zb03p5_E15p1;F3NCS_0495_ood_unseen_operator_noise_ellipse_zb11p4_E39p6;F3NCS_0496_ood_unseen_operator_noise_two_foci_zb05p4_E16p3;F3NCS_0497_ood_unseen_operator_noise_two_foci_zb06p2_E23p1;F3NCS_0498_ood_unseen_operator_noise_crescent_zb04p0_E08p5;F3NCS_0499_ood_unseen_operator_noise_lobed_zb01p5_E71p0;F3NCS_0500_ood_unseen_operator_noise_cylinder_zb02p3_E45p6;F3NCS_0501_ood_unseen_operator_noise_two_foci_zb09p3_E50p3;F3NCS_0502_ood_unseen_operator_noise_cylinder_zb11p5_E11p1;F3NCS_0503_ood_unseen_operator_noise_two_foci_zb07p9_E32p0;F3NCS_0504_ood_unseen_operator_noise_crescent_zb10p9_E39p6;F3NCS_0505_ood_unseen_operator_noise_lobed_zb06p3_E74p2;F3NCS_0506_ood_unseen_operator_noise_lobed_zb06p9_E36p9;F3NCS_0507_ood_unseen_operator_noise_ellipse_zb01p4_E08p8;F3NCS_0508_ood_unseen_operator_noise_two_foci_zb03p5_E13p6;F3NCS_0509_ood_unseen_operator_noise_crescent_zb11p1_E35p5;F3NCS_0510_ood_unseen_operator_noise_ellipse_zb02p7_E08p0;F3NCS_0511_ood_unseen_operator_noise_crescent_zb08p1_E09p7,method2b_512_full_comsol_recalibrated_9model,fig3_true_ood,3,split_role/ood_split_family,ood_unseen_operator_noise,230,38,32,0.053741417825222,0.6402587890625,0.0389064960181713,0.7794952392578125,0.139806866645813,0.8432235717773438,0.2310046404600143,0.8775711059570312,0.3049053251743316,0.7458778622113555,0.7473064812023202,0.0517906078363433,1.140343831043021,0.0215417657620142,0.4277248382568359,0.0906652808189392,,,,0.7659994959831238
explicit_residual_likelihood_guided_diffusion_calibrated90,0.0857583731412887,0.1497939709009545,16.490113326474706,0.1922610809560865,2.721996545791626,8.172448220215859,0.5097965450091764,32,F3NCS_0480_ood_unseen_operator_noise_lobed_zb10p0_E66p7;F3NCS_0481_ood_unseen_operator_noise_ellipse_zb05p4_E11p5;F3NCS_0482_ood_unseen_operator_noise_lobed_zb01p7_E06p9;F3NCS_0483_ood_unseen_operator_noise_lobed_zb08p7_E31p8;F3NCS_0484_ood_unseen_operator_noise_cylinder_zb10p1_E08p6;F3NCS_0485_ood_unseen_operator_noise_two_foci_zb07p5_E25p6;F3NCS_0486_ood_unseen_operator_noise_cylinder_zb04p8_E14p8;F3NCS_0487_ood_unseen_operator_noise_two_foci_zb04p8_E08p4;F3NCS_0488_ood_unseen_operator_noise_ellipse_zb02p0_E51p8;F3NCS_0489_ood_unseen_operator_noise_two_foci_zb07p5_E23p2;F3NCS_0490_ood_unseen_operator_noise_crescent_zb05p7_E09p8;F3NCS_0491_ood_unseen_operator_noise_two_foci_zb01p9_E52p0;F3NCS_0492_ood_unseen_operator_noise_two_foci_zb05p8_E11p8;F3NCS_0493_ood_unseen_operator_noise_two_foci_zb02p7_E17p6;F3NCS_0494_ood_unseen_operator_noise_cylinder_zb03p5_E15p1;F3NCS_0495_ood_unseen_operator_noise_ellipse_zb11p4_E39p6;F3NCS_0496_ood_unseen_operator_noise_two_foci_zb05p4_E16p3;F3NCS_0497_ood_unseen_operator_noise_two_foci_zb06p2_E23p1;F3NCS_0498_ood_unseen_operator_noise_crescent_zb04p0_E08p5;F3NCS_0499_ood_unseen_operator_noise_lobed_zb01p5_E71p0;F3NCS_0500_ood_unseen_operator_noise_cylinder_zb02p3_E45p6;F3NCS_0501_ood_unseen_operator_noise_two_foci_zb09p3_E50p3;F3NCS_0502_ood_unseen_operator_noise_cylinder_zb11p5_E11p1;F3NCS_0503_ood_unseen_operator_noise_two_foci_zb07p9_E32p0;F3NCS_0504_ood_unseen_operator_noise_crescent_zb10p9_E39p6;F3NCS_0505_ood_unseen_operator_noise_lobed_zb06p3_E74p2;F3NCS_0506_ood_unseen_operator_noise_lobed_zb06p9_E36p9;F3NCS_0507_ood_unseen_operator_noise_ellipse_zb01p4_E08p8;F3NCS_0508_ood_unseen_operator_noise_two_foci_zb03p5_E13p6;F3NCS_0509_ood_unseen_operator_noise_crescent_zb11p1_E35p5;F3NCS_0510_ood_unseen_operator_noise_ellipse_zb02p7_E08p0;F3NCS_0511_ood_unseen_operator_noise_crescent_zb08p1_E09p7,method2b_512_full_comsol_recalibrated_9model,fig3_true_ood,3,split_role/ood_split_family,ood_unseen_operator_noise,230,38,32,0.0547153577208519,0.6376571655273438,0.0599787160754203,0.8679046630859375,0.2155279219150543,0.9171142578125,0.3561195135116577,0.940948486328125,0.4700457453727722,0.7458778563106542,0.7473064863760538,0.019738714968384,0.4860423138444902,0.0215417650776726,0.5630700588226318,0.1397706866264343,validation,0.9,1.541611909866333,0.7659994959831238
train_mean_prior,0.1397266536951065,0.2192122225153258,13.182704695087711,0.0261623403639532,4.238651752471924,13.06372298214781,,64,F3NCS_0320_ood_unseen_shape_lobed_zb03p8_E09p9;F3NCS_0321_ood_unseen_shape_crescent_zb03p5_E06p5;F3NCS_0322_ood_unseen_shape_crescent_zb07p2_E76p5;F3NCS_0323_ood_unseen_shape_crescent_zb03p5_E10p3;F3NCS_0324_ood_unseen_shape_crescent_zb02p9_E59p3;F3NCS_0325_ood_unseen_shape_lobed_zb01p6_E06p9;F3NCS_0326_ood_unseen_shape_lobed_zb06p1_E42p4;F3NCS_0327_ood_unseen_shape_crescent_zb03p1_E14p7;F3NCS_0328_ood_unseen_shape_lobed_zb03p1_E29p3;F3NCS_0329_ood_unseen_shape_lobed_zb05p7_E08p7;F3NCS_0330_ood_unseen_shape_lobed_zb02p8_E92p0;F3NCS_0331_ood_unseen_shape_crescent_zb03p2_E14p3;F3NCS_0332_ood_unseen_shape_lobed_zb02p8_E45p3;F3NCS_0333_ood_unseen_shape_lobed_zb03p4_E06p5;F3NCS_0334_ood_unseen_shape_crescent_zb03p1_E53p0;F3NCS_0335_ood_unseen_shape_crescent_zb02p9_E84p2;F3NCS_0336_ood_unseen_shape_crescent_zb07p2_E64p1;F3NCS_0337_ood_unseen_shape_lobed_zb03p4_E11p4;F3NCS_0338_ood_unseen_shape_crescent_zb06p8_E10p9;F3NCS_0339_ood_unseen_shape_lobed_zb04p2_E91p6;F3NCS_0340_ood_unseen_shape_crescent_zb03p8_E70p0;F3NCS_0341_ood_unseen_shape_lobed_zb04p9_E61p6;F3NCS_0342_ood_unseen_shape_crescent_zb05p1_E22p7;F3NCS_0343_ood_unseen_shape_lobed_zb07p1_E87p4;F3NCS_0344_ood_unseen_shape_crescent_zb03p6_E61p5;F3NCS_0345_ood_unseen_shape_crescent_zb06p9_E18p0;F3NCS_0346_ood_unseen_shape_lobed_zb01p8_E15p9;F3NCS_0347_ood_unseen_shape_lobed_zb02p8_E62p6;F3NCS_0348_ood_unseen_shape_lobed_zb05p0_E06p3;F3NCS_0349_ood_unseen_shape_lobed_zb03p4_E28p4;F3NCS_0350_ood_unseen_shape_lobed_zb06p0_E06p6;F3NCS_0351_ood_unseen_shape_crescent_zb06p3_E52p9;F3NCS_0352_ood_unseen_shape_lobed_zb05p6_E54p3;F3NCS_0353_ood_unseen_shape_lobed_zb02p2_E51p7;F3NCS_0354_ood_unseen_shape_crescent_zb05p4_E08p7;F3NCS_0355_ood_unseen_shape_crescent_zb07p5_E72p1;F3NCS_0356_ood_unseen_shape_lobed_zb07p8_E66p7;F3NCS_0357_ood_unseen_shape_lobed_zb03p8_E28p5;F3NCS_0358_ood_unseen_shape_lobed_zb05p7_E57p3;F3NCS_0359_ood_unseen_shape_crescent_zb07p1_E07p1;F3NCS_0360_ood_unseen_shape_lobed_zb06p1_E32p9;F3NCS_0361_ood_unseen_shape_crescent_zb07p0_E50p0;F3NCS_0362_ood_unseen_shape_lobed_zb07p0_E43p7;F3NCS_0363_ood_unseen_shape_crescent_zb04p4_E39p7;F3NCS_0364_ood_unseen_shape_lobed_zb03p1_E17p5;F3NCS_0365_ood_unseen_shape_crescent_zb04p6_E10p8;F3NCS_0366_ood_unseen_shape_crescent_zb01p4_E56p2;F3NCS_0367_ood_unseen_shape_crescent_zb02p6_E36p5;F3NCS_0368_ood_unseen_shape_crescent_zb03p1_E21p0;F3NCS_0369_ood_unseen_shape_lobed_zb02p7_E27p1;F3NCS_0370_ood_unseen_shape_crescent_zb07p7_E18p8;F3NCS_0371_ood_unseen_shape_lobed_zb02p8_E27p5;F3NCS_0372_ood_unseen_shape_lobed_zb02p3_E06p5;F3NCS_0373_ood_unseen_shape_lobed_zb04p9_E07p7;F3NCS_0374_ood_unseen_shape_lobed_zb07p3_E27p3;F3NCS_0375_ood_unseen_shape_crescent_zb03p4_E11p6;F3NCS_0376_ood_unseen_shape_crescent_zb04p0_E26p7;F3NCS_0377_ood_unseen_shape_crescent_zb06p5_E40p4;F3NCS_0378_ood_unseen_shape_crescent_zb05p4_E79p9;F3NCS_0379_ood_unseen_shape_crescent_zb06p4_E88p5;F3NCS_0380_ood_unseen_shape_lobed_zb03p5_E55p6;F3NCS_0381_ood_unseen_shape_crescent_zb04p9_E14p7;F3NCS_0382_ood_unseen_shape_crescent_zb05p9_E48p6;F3NCS_0383_ood_unseen_shape_crescent_zb05p4_E08p3,method2b_512_full_comsol_recalibrated_9model,fig3_true_ood,4,split_role/ood_split_family,ood_unseen_shape,230,38,64,,,,,,,,,,,,,,,,,,,,
srcnn_bz_single_channel,0.1152892708778381,0.2091418501882536,13.591181085662322,0.1605486494954675,3.992122173309326,12.808553245971334,0.3126432185765094,64,F3NCS_0320_ood_unseen_shape_lobed_zb03p8_E09p9;F3NCS_0321_ood_unseen_shape_crescent_zb03p5_E06p5;F3NCS_0322_ood_unseen_shape_crescent_zb07p2_E76p5;F3NCS_0323_ood_unseen_shape_crescent_zb03p5_E10p3;F3NCS_0324_ood_unseen_shape_crescent_zb02p9_E59p3;F3NCS_0325_ood_unseen_shape_lobed_zb01p6_E06p9;F3NCS_0326_ood_unseen_shape_lobed_zb06p1_E42p4;F3NCS_0327_ood_unseen_shape_crescent_zb03p1_E14p7;F3NCS_0328_ood_unseen_shape_lobed_zb03p1_E29p3;F3NCS_0329_ood_unseen_shape_lobed_zb05p7_E08p7;F3NCS_0330_ood_unseen_shape_lobed_zb02p8_E92p0;F3NCS_0331_ood_unseen_shape_crescent_zb03p2_E14p3;F3NCS_0332_ood_unseen_shape_lobed_zb02p8_E45p3;F3NCS_0333_ood_unseen_shape_lobed_zb03p4_E06p5;F3NCS_0334_ood_unseen_shape_crescent_zb03p1_E53p0;F3NCS_0335_ood_unseen_shape_crescent_zb02p9_E84p2;F3NCS_0336_ood_unseen_shape_crescent_zb07p2_E64p1;F3NCS_0337_ood_unseen_shape_lobed_zb03p4_E11p4;F3NCS_0338_ood_unseen_shape_crescent_zb06p8_E10p9;F3NCS_0339_ood_unseen_shape_lobed_zb04p2_E91p6;F3NCS_0340_ood_unseen_shape_crescent_zb03p8_E70p0;F3NCS_0341_ood_unseen_shape_lobed_zb04p9_E61p6;F3NCS_0342_ood_unseen_shape_crescent_zb05p1_E22p7;F3NCS_0343_ood_unseen_shape_lobed_zb07p1_E87p4;F3NCS_0344_ood_unseen_shape_crescent_zb03p6_E61p5;F3NCS_0345_ood_unseen_shape_crescent_zb06p9_E18p0;F3NCS_0346_ood_unseen_shape_lobed_zb01p8_E15p9;F3NCS_0347_ood_unseen_shape_lobed_zb02p8_E62p6;F3NCS_0348_ood_unseen_shape_lobed_zb05p0_E06p3;F3NCS_0349_ood_unseen_shape_lobed_zb03p4_E28p4;F3NCS_0350_ood_unseen_shape_lobed_zb06p0_E06p6;F3NCS_0351_ood_unseen_shape_crescent_zb06p3_E52p9;F3NCS_0352_ood_unseen_shape_lobed_zb05p6_E54p3;F3NCS_0353_ood_unseen_shape_lobed_zb02p2_E51p7;F3NCS_0354_ood_unseen_shape_crescent_zb05p4_E08p7;F3NCS_0355_ood_unseen_shape_crescent_zb07p5_E72p1;F3NCS_0356_ood_unseen_shape_lobed_zb07p8_E66p7;F3NCS_0357_ood_unseen_shape_lobed_zb03p8_E28p5;F3NCS_0358_ood_unseen_shape_lobed_zb05p7_E57p3;F3NCS_0359_ood_unseen_shape_crescent_zb07p1_E07p1;F3NCS_0360_ood_unseen_shape_lobed_zb06p1_E32p9;F3NCS_0361_ood_unseen_shape_crescent_zb07p0_E50p0;F3NCS_0362_ood_unseen_shape_lobed_zb07p0_E43p7;F3NCS_0363_ood_unseen_shape_crescent_zb04p4_E39p7;F3NCS_0364_ood_unseen_shape_lobed_zb03p1_E17p5;F3NCS_0365_ood_unseen_shape_crescent_zb04p6_E10p8;F3NCS_0366_ood_unseen_shape_crescent_zb01p4_E56p2;F3NCS_0367_ood_unseen_shape_crescent_zb02p6_E36p5;F3NCS_0368_ood_unseen_shape_crescent_zb03p1_E21p0;F3NCS_0369_ood_unseen_shape_lobed_zb02p7_E27p1;F3NCS_0370_ood_unseen_shape_crescent_zb07p7_E18p8;F3NCS_0371_ood_unseen_shape_lobed_zb02p8_E27p5;F3NCS_0372_ood_unseen_shape_lobed_zb02p3_E06p5;F3NCS_0373_ood_unseen_shape_lobed_zb04p9_E07p7;F3NCS_0374_ood_unseen_shape_lobed_zb07p3_E27p3;F3NCS_0375_ood_unseen_shape_crescent_zb03p4_E11p6;F3NCS_0376_ood_unseen_shape_crescent_zb04p0_E26p7;F3NCS_0377_ood_unseen_shape_crescent_zb06p5_E40p4;F3NCS_0378_ood_unseen_shape_crescent_zb05p4_E79p9;F3NCS_0379_ood_unseen_shape_crescent_zb06p4_E88p5;F3NCS_0380_ood_unseen_shape_lobed_zb03p5_E55p6;F3NCS_0381_ood_unseen_shape_crescent_zb04p9_E14p7;F3NCS_0382_ood_unseen_shape_crescent_zb05p9_E48p6;F3NCS_0383_ood_unseen_shape_crescent_zb05p4_E08p3,method2b_512_full_comsol_recalibrated_9model,fig3_true_ood,4,split_role/ood_split_family,ood_unseen_shape,230,38,64,0.1152892708778381,0.0,0.0,0.0,0.0,0.0,0.0,0.0,0.0,,0.5,0.2061763244469483,,0.0846228152404316,0.1259651184082031,0.0,,,,
unet_canonical_bxyz,0.0852847620844841,0.1808707009182229,14.852635568286798,0.397458229213953,3.46124529838562,11.405856692705342,0.4590457746059969,64,F3NCS_0320_ood_unseen_shape_lobed_zb03p8_E09p9;F3NCS_0321_ood_unseen_shape_crescent_zb03p5_E06p5;F3NCS_0322_ood_unseen_shape_crescent_zb07p2_E76p5;F3NCS_0323_ood_unseen_shape_crescent_zb03p5_E10p3;F3NCS_0324_ood_unseen_shape_crescent_zb02p9_E59p3;F3NCS_0325_ood_unseen_shape_lobed_zb01p6_E06p9;F3NCS_0326_ood_unseen_shape_lobed_zb06p1_E42p4;F3NCS_0327_ood_unseen_shape_crescent_zb03p1_E14p7;F3NCS_0328_ood_unseen_shape_lobed_zb03p1_E29p3;F3NCS_0329_ood_unseen_shape_lobed_zb05p7_E08p7;F3NCS_0330_ood_unseen_shape_lobed_zb02p8_E92p0;F3NCS_0331_ood_unseen_shape_crescent_zb03p2_E14p3;F3NCS_0332_ood_unseen_shape_lobed_zb02p8_E45p3;F3NCS_0333_ood_unseen_shape_lobed_zb03p4_E06p5;F3NCS_0334_ood_unseen_shape_crescent_zb03p1_E53p0;F3NCS_0335_ood_unseen_shape_crescent_zb02p9_E84p2;F3NCS_0336_ood_unseen_shape_crescent_zb07p2_E64p1;F3NCS_0337_ood_unseen_shape_lobed_zb03p4_E11p4;F3NCS_0338_ood_unseen_shape_crescent_zb06p8_E10p9;F3NCS_0339_ood_unseen_shape_lobed_zb04p2_E91p6;F3NCS_0340_ood_unseen_shape_crescent_zb03p8_E70p0;F3NCS_0341_ood_unseen_shape_lobed_zb04p9_E61p6;F3NCS_0342_ood_unseen_shape_crescent_zb05p1_E22p7;F3NCS_0343_ood_unseen_shape_lobed_zb07p1_E87p4;F3NCS_0344_ood_unseen_shape_crescent_zb03p6_E61p5;F3NCS_0345_ood_unseen_shape_crescent_zb06p9_E18p0;F3NCS_0346_ood_unseen_shape_lobed_zb01p8_E15p9;F3NCS_0347_ood_unseen_shape_lobed_zb02p8_E62p6;F3NCS_0348_ood_unseen_shape_lobed_zb05p0_E06p3;F3NCS_0349_ood_unseen_shape_lobed_zb03p4_E28p4;F3NCS_0350_ood_unseen_shape_lobed_zb06p0_E06p6;F3NCS_0351_ood_unseen_shape_crescent_zb06p3_E52p9;F3NCS_0352_ood_unseen_shape_lobed_zb05p6_E54p3;F3NCS_0353_ood_unseen_shape_lobed_zb02p2_E51p7;F3NCS_0354_ood_unseen_shape_crescent_zb05p4_E08p7;F3NCS_0355_ood_unseen_shape_crescent_zb07p5_E72p1;F3NCS_0356_ood_unseen_shape_lobed_zb07p8_E66p7;F3NCS_0357_ood_unseen_shape_lobed_zb03p8_E28p5;F3NCS_0358_ood_unseen_shape_lobed_zb05p7_E57p3;F3NCS_0359_ood_unseen_shape_crescent_zb07p1_E07p1;F3NCS_0360_ood_unseen_shape_lobed_zb06p1_E32p9;F3NCS_0361_ood_unseen_shape_crescent_zb07p0_E50p0;F3NCS_0362_ood_unseen_shape_lobed_zb07p0_E43p7;F3NCS_0363_ood_unseen_shape_crescent_zb04p4_E39p7;F3NCS_0364_ood_unseen_shape_lobed_zb03p1_E17p5;F3NCS_0365_ood_unseen_shape_crescent_zb04p6_E10p8;F3NCS_0366_ood_unseen_shape_crescent_zb01p4_E56p2;F3NCS_0367_ood_unseen_shape_crescent_zb02p6_E36p5;F3NCS_0368_ood_unseen_shape_crescent_zb03p1_E21p0;F3NCS_0369_ood_unseen_shape_lobed_zb02p7_E27p1;F3NCS_0370_ood_unseen_shape_crescent_zb07p7_E18p8;F3NCS_0371_ood_unseen_shape_lobed_zb02p8_E27p5;F3NCS_0372_ood_unseen_shape_lobed_zb02p3_E06p5;F3NCS_0373_ood_unseen_shape_lobed_zb04p9_E07p7;F3NCS_0374_ood_unseen_shape_lobed_zb07p3_E27p3;F3NCS_0375_ood_unseen_shape_crescent_zb03p4_E11p6;F3NCS_0376_ood_unseen_shape_crescent_zb04p0_E26p7;F3NCS_0377_ood_unseen_shape_crescent_zb06p5_E40p4;F3NCS_0378_ood_unseen_shape_crescent_zb05p4_E79p9;F3NCS_0379_ood_unseen_shape_crescent_zb06p4_E88p5;F3NCS_0380_ood_unseen_shape_lobed_zb03p5_E55p6;F3NCS_0381_ood_unseen_shape_crescent_zb04p9_E14p7;F3NCS_0382_ood_unseen_shape_crescent_zb05p9_E48p6;F3NCS_0383_ood_unseen_shape_crescent_zb05p4_E08p3,method2b_512_full_comsol_recalibrated_9model,fig3_true_ood,4,split_role/ood_split_family,ood_unseen_shape,230,38,64,0.0852847695350647,0.0,0.0,0.0,0.0,0.0,0.0,0.0,0.0,,0.5,0.1773586345015693,,0.0678837531448171,0.0994415283203125,0.0,,,,
vanilla_diffusion,0.4474736452102661,0.4583414322686616,6.776217649241591,0.0276879867960815,12.788792610168455,15.163789804670678,0.2352947610532046,64,F3NCS_0320_ood_unseen_shape_lobed_zb03p8_E09p9;F3NCS_0321_ood_unseen_shape_crescent_zb03p5_E06p5;F3NCS_0322_ood_unseen_shape_crescent_zb07p2_E76p5;F3NCS_0323_ood_unseen_shape_crescent_zb03p5_E10p3;F3NCS_0324_ood_unseen_shape_crescent_zb02p9_E59p3;F3NCS_0325_ood_unseen_shape_lobed_zb01p6_E06p9;F3NCS_0326_ood_unseen_shape_lobed_zb06p1_E42p4;F3NCS_0327_ood_unseen_shape_crescent_zb03p1_E14p7;F3NCS_0328_ood_unseen_shape_lobed_zb03p1_E29p3;F3NCS_0329_ood_unseen_shape_lobed_zb05p7_E08p7;F3NCS_0330_ood_unseen_shape_lobed_zb02p8_E92p0;F3NCS_0331_ood_unseen_shape_crescent_zb03p2_E14p3;F3NCS_0332_ood_unseen_shape_lobed_zb02p8_E45p3;F3NCS_0333_ood_unseen_shape_lobed_zb03p4_E06p5;F3NCS_0334_ood_unseen_shape_crescent_zb03p1_E53p0;F3NCS_0335_ood_unseen_shape_crescent_zb02p9_E84p2;F3NCS_0336_ood_unseen_shape_crescent_zb07p2_E64p1;F3NCS_0337_ood_unseen_shape_lobed_zb03p4_E11p4;F3NCS_0338_ood_unseen_shape_crescent_zb06p8_E10p9;F3NCS_0339_ood_unseen_shape_lobed_zb04p2_E91p6;F3NCS_0340_ood_unseen_shape_crescent_zb03p8_E70p0;F3NCS_0341_ood_unseen_shape_lobed_zb04p9_E61p6;F3NCS_0342_ood_unseen_shape_crescent_zb05p1_E22p7;F3NCS_0343_ood_unseen_shape_lobed_zb07p1_E87p4;F3NCS_0344_ood_unseen_shape_crescent_zb03p6_E61p5;F3NCS_0345_ood_unseen_shape_crescent_zb06p9_E18p0;F3NCS_0346_ood_unseen_shape_lobed_zb01p8_E15p9;F3NCS_0347_ood_unseen_shape_lobed_zb02p8_E62p6;F3NCS_0348_ood_unseen_shape_lobed_zb05p0_E06p3;F3NCS_0349_ood_unseen_shape_lobed_zb03p4_E28p4;F3NCS_0350_ood_unseen_shape_lobed_zb06p0_E06p6;F3NCS_0351_ood_unseen_shape_crescent_zb06p3_E52p9;F3NCS_0352_ood_unseen_shape_lobed_zb05p6_E54p3;F3NCS_0353_ood_unseen_shape_lobed_zb02p2_E51p7;F3NCS_0354_ood_unseen_shape_crescent_zb05p4_E08p7;F3NCS_0355_ood_unseen_shape_crescent_zb07p5_E72p1;F3NCS_0356_ood_unseen_shape_lobed_zb07p8_E66p7;F3NCS_0357_ood_unseen_shape_lobed_zb03p8_E28p5;F3NCS_0358_ood_unseen_shape_lobed_zb05p7_E57p3;F3NCS_0359_ood_unseen_shape_crescent_zb07p1_E07p1;F3NCS_0360_ood_unseen_shape_lobed_zb06p1_E32p9;F3NCS_0361_ood_unseen_shape_crescent_zb07p0_E50p0;F3NCS_0362_ood_unseen_shape_lobed_zb07p0_E43p7;F3NCS_0363_ood_unseen_shape_crescent_zb04p4_E39p7;F3NCS_0364_ood_unseen_shape_lobed_zb03p1_E17p5;F3NCS_0365_ood_unseen_shape_crescent_zb04p6_E10p8;F3NCS_0366_ood_unseen_shape_crescent_zb01p4_E56p2;F3NCS_0367_ood_unseen_shape_crescent_zb02p6_E36p5;F3NCS_0368_ood_unseen_shape_crescent_zb03p1_E21p0;F3NCS_0369_ood_unseen_shape_lobed_zb02p7_E27p1;F3NCS_0370_ood_unseen_shape_crescent_zb07p7_E18p8;F3NCS_0371_ood_unseen_shape_lobed_zb02p8_E27p5;F3NCS_0372_ood_unseen_shape_lobed_zb02p3_E06p5;F3NCS_0373_ood_unseen_shape_lobed_zb04p9_E07p7;F3NCS_0374_ood_unseen_shape_lobed_zb07p3_E27p3;F3NCS_0375_ood_unseen_shape_crescent_zb03p4_E11p6;F3NCS_0376_ood_unseen_shape_crescent_zb04p0_E26p7;F3NCS_0377_ood_unseen_shape_crescent_zb06p5_E40p4;F3NCS_0378_ood_unseen_shape_crescent_zb05p4_E79p9;F3NCS_0379_ood_unseen_shape_crescent_zb06p4_E88p5;F3NCS_0380_ood_unseen_shape_lobed_zb03p5_E55p6;F3NCS_0381_ood_unseen_shape_crescent_zb04p9_E14p7;F3NCS_0382_ood_unseen_shape_crescent_zb05p9_E48p6;F3NCS_0383_ood_unseen_shape_crescent_zb05p4_E08p3,method2b_512_full_comsol_recalibrated_9model,fig3_true_ood,4,split_role/ood_split_family,ood_unseen_shape,230,38,64,0.3983420729637146,0.01483154296875,0.0910808071494102,0.0357818603515625,0.223329871892929,0.0477714538574218,0.3061636686325073,0.0561027526855468,0.3680658936500549,0.5647956358917041,0.9143169934761866,0.3509889251543264,4.007784963308796,0.0710115672685324,0.0761142969131469,0.1071226671338081,,,,
vanilla_diffusion_calibrated90,0.4474736750125885,0.4583414322686616,6.776217649241591,0.0276879285702307,12.788792610168455,15.163789804670678,0.2352947726996899,64,F3NCS_0320_ood_unseen_shape_lobed_zb03p8_E09p9;F3NCS_0321_ood_unseen_shape_crescent_zb03p5_E06p5;F3NCS_0322_ood_unseen_shape_crescent_zb07p2_E76p5;F3NCS_0323_ood_unseen_shape_crescent_zb03p5_E10p3;F3NCS_0324_ood_unseen_shape_crescent_zb02p9_E59p3;F3NCS_0325_ood_unseen_shape_lobed_zb01p6_E06p9;F3NCS_0326_ood_unseen_shape_lobed_zb06p1_E42p4;F3NCS_0327_ood_unseen_shape_crescent_zb03p1_E14p7;F3NCS_0328_ood_unseen_shape_lobed_zb03p1_E29p3;F3NCS_0329_ood_unseen_shape_lobed_zb05p7_E08p7;F3NCS_0330_ood_unseen_shape_lobed_zb02p8_E92p0;F3NCS_0331_ood_unseen_shape_crescent_zb03p2_E14p3;F3NCS_0332_ood_unseen_shape_lobed_zb02p8_E45p3;F3NCS_0333_ood_unseen_shape_lobed_zb03p4_E06p5;F3NCS_0334_ood_unseen_shape_crescent_zb03p1_E53p0;F3NCS_0335_ood_unseen_shape_crescent_zb02p9_E84p2;F3NCS_0336_ood_unseen_shape_crescent_zb07p2_E64p1;F3NCS_0337_ood_unseen_shape_lobed_zb03p4_E11p4;F3NCS_0338_ood_unseen_shape_crescent_zb06p8_E10p9;F3NCS_0339_ood_unseen_shape_lobed_zb04p2_E91p6;F3NCS_0340_ood_unseen_shape_crescent_zb03p8_E70p0;F3NCS_0341_ood_unseen_shape_lobed_zb04p9_E61p6;F3NCS_0342_ood_unseen_shape_crescent_zb05p1_E22p7;F3NCS_0343_ood_unseen_shape_lobed_zb07p1_E87p4;F3NCS_0344_ood_unseen_shape_crescent_zb03p6_E61p5;F3NCS_0345_ood_unseen_shape_crescent_zb06p9_E18p0;F3NCS_0346_ood_unseen_shape_lobed_zb01p8_E15p9;F3NCS_0347_ood_unseen_shape_lobed_zb02p8_E62p6;F3NCS_0348_ood_unseen_shape_lobed_zb05p0_E06p3;F3NCS_0349_ood_unseen_shape_lobed_zb03p4_E28p4;F3NCS_0350_ood_unseen_shape_lobed_zb06p0_E06p6;F3NCS_0351_ood_unseen_shape_crescent_zb06p3_E52p9;F3NCS_0352_ood_unseen_shape_lobed_zb05p6_E54p3;F3NCS_0353_ood_unseen_shape_lobed_zb02p2_E51p7;F3NCS_0354_ood_unseen_shape_crescent_zb05p4_E08p7;F3NCS_0355_ood_unseen_shape_crescent_zb07p5_E72p1;F3NCS_0356_ood_unseen_shape_lobed_zb07p8_E66p7;F3NCS_0357_ood_unseen_shape_lobed_zb03p8_E28p5;F3NCS_0358_ood_unseen_shape_lobed_zb05p7_E57p3;F3NCS_0359_ood_unseen_shape_crescent_zb07p1_E07p1;F3NCS_0360_ood_unseen_shape_lobed_zb06p1_E32p9;F3NCS_0361_ood_unseen_shape_crescent_zb07p0_E50p0;F3NCS_0362_ood_unseen_shape_lobed_zb07p0_E43p7;F3NCS_0363_ood_unseen_shape_crescent_zb04p4_E39p7;F3NCS_0364_ood_unseen_shape_lobed_zb03p1_E17p5;F3NCS_0365_ood_unseen_shape_crescent_zb04p6_E10p8;F3NCS_0366_ood_unseen_shape_crescent_zb01p4_E56p2;F3NCS_0367_ood_unseen_shape_crescent_zb02p6_E36p5;F3NCS_0368_ood_unseen_shape_crescent_zb03p1_E21p0;F3NCS_0369_ood_unseen_shape_lobed_zb02p7_E27p1;F3NCS_0370_ood_unseen_shape_crescent_zb07p7_E18p8;F3NCS_0371_ood_unseen_shape_lobed_zb02p8_E27p5;F3NCS_0372_ood_unseen_shape_lobed_zb02p3_E06p5;F3NCS_0373_ood_unseen_shape_lobed_zb04p9_E07p7;F3NCS_0374_ood_unseen_shape_lobed_zb07p3_E27p3;F3NCS_0375_ood_unseen_shape_crescent_zb03p4_E11p6;F3NCS_0376_ood_unseen_shape_crescent_zb04p0_E26p7;F3NCS_0377_ood_unseen_shape_crescent_zb06p5_E40p4;F3NCS_0378_ood_unseen_shape_crescent_zb05p4_E79p9;F3NCS_0379_ood_unseen_shape_crescent_zb06p4_E88p5;F3NCS_0380_ood_unseen_shape_lobed_zb03p5_E55p6;F3NCS_0381_ood_unseen_shape_crescent_zb04p9_E14p7;F3NCS_0382_ood_unseen_shape_crescent_zb05p9_E48p6;F3NCS_0383_ood_unseen_shape_crescent_zb05p4_E08p3,method2b_512_full_comsol_recalibrated_9model,fig3_true_ood,4,split_role/ood_split_family,ood_unseen_shape,230,38,64,0.2252984344959259,0.5224075317382812,0.7306617498397827,0.7947502136230469,1.7915805578231812,0.9017448425292968,2.4560835361480717,0.9511375427246094,2.95267105102539,0.5647956556049002,0.914316991374286,0.4237389924003625,0.4462893485445018,0.0710115669306517,0.3304322957992553,0.859351634979248,validation,0.9,8.022126197814941,
likelihood_guided_diffusion,0.446416437625885,0.4574216658594189,6.793665376117994,0.0274189991359889,12.73627471923828,15.108649377450725,0.2647570150646877,64,F3NCS_0320_ood_unseen_shape_lobed_zb03p8_E09p9;F3NCS_0321_ood_unseen_shape_crescent_zb03p5_E06p5;F3NCS_0322_ood_unseen_shape_crescent_zb07p2_E76p5;F3NCS_0323_ood_unseen_shape_crescent_zb03p5_E10p3;F3NCS_0324_ood_unseen_shape_crescent_zb02p9_E59p3;F3NCS_0325_ood_unseen_shape_lobed_zb01p6_E06p9;F3NCS_0326_ood_unseen_shape_lobed_zb06p1_E42p4;F3NCS_0327_ood_unseen_shape_crescent_zb03p1_E14p7;F3NCS_0328_ood_unseen_shape_lobed_zb03p1_E29p3;F3NCS_0329_ood_unseen_shape_lobed_zb05p7_E08p7;F3NCS_0330_ood_unseen_shape_lobed_zb02p8_E92p0;F3NCS_0331_ood_unseen_shape_crescent_zb03p2_E14p3;F3NCS_0332_ood_unseen_shape_lobed_zb02p8_E45p3;F3NCS_0333_ood_unseen_shape_lobed_zb03p4_E06p5;F3NCS_0334_ood_unseen_shape_crescent_zb03p1_E53p0;F3NCS_0335_ood_unseen_shape_crescent_zb02p9_E84p2;F3NCS_0336_ood_unseen_shape_crescent_zb07p2_E64p1;F3NCS_0337_ood_unseen_shape_lobed_zb03p4_E11p4;F3NCS_0338_ood_unseen_shape_crescent_zb06p8_E10p9;F3NCS_0339_ood_unseen_shape_lobed_zb04p2_E91p6;F3NCS_0340_ood_unseen_shape_crescent_zb03p8_E70p0;F3NCS_0341_ood_unseen_shape_lobed_zb04p9_E61p6;F3NCS_0342_ood_unseen_shape_crescent_zb05p1_E22p7;F3NCS_0343_ood_unseen_shape_lobed_zb07p1_E87p4;F3NCS_0344_ood_unseen_shape_crescent_zb03p6_E61p5;F3NCS_0345_ood_unseen_shape_crescent_zb06p9_E18p0;F3NCS_0346_ood_unseen_shape_lobed_zb01p8_E15p9;F3NCS_0347_ood_unseen_shape_lobed_zb02p8_E62p6;F3NCS_0348_ood_unseen_shape_lobed_zb05p0_E06p3;F3NCS_0349_ood_unseen_shape_lobed_zb03p4_E28p4;F3NCS_0350_ood_unseen_shape_lobed_zb06p0_E06p6;F3NCS_0351_ood_unseen_shape_crescent_zb06p3_E52p9;F3NCS_0352_ood_unseen_shape_lobed_zb05p6_E54p3;F3NCS_0353_ood_unseen_shape_lobed_zb02p2_E51p7;F3NCS_0354_ood_unseen_shape_crescent_zb05p4_E08p7;F3NCS_0355_ood_unseen_shape_crescent_zb07p5_E72p1;F3NCS_0356_ood_unseen_shape_lobed_zb07p8_E66p7;F3NCS_0357_ood_unseen_shape_lobed_zb03p8_E28p5;F3NCS_0358_ood_unseen_shape_lobed_zb05p7_E57p3;F3NCS_0359_ood_unseen_shape_crescent_zb07p1_E07p1;F3NCS_0360_ood_unseen_shape_lobed_zb06p1_E32p9;F3NCS_0361_ood_unseen_shape_crescent_zb07p0_E50p0;F3NCS_0362_ood_unseen_shape_lobed_zb07p0_E43p7;F3NCS_0363_ood_unseen_shape_crescent_zb04p4_E39p7;F3NCS_0364_ood_unseen_shape_lobed_zb03p1_E17p5;F3NCS_0365_ood_unseen_shape_crescent_zb04p6_E10p8;F3NCS_0366_ood_unseen_shape_crescent_zb01p4_E56p2;F3NCS_0367_ood_unseen_shape_crescent_zb02p6_E36p5;F3NCS_0368_ood_unseen_shape_crescent_zb03p1_E21p0;F3NCS_0369_ood_unseen_shape_lobed_zb02p7_E27p1;F3NCS_0370_ood_unseen_shape_crescent_zb07p7_E18p8;F3NCS_0371_ood_unseen_shape_lobed_zb02p8_E27p5;F3NCS_0372_ood_unseen_shape_lobed_zb02p3_E06p5;F3NCS_0373_ood_unseen_shape_lobed_zb04p9_E07p7;F3NCS_0374_ood_unseen_shape_lobed_zb07p3_E27p3;F3NCS_0375_ood_unseen_shape_crescent_zb03p4_E11p6;F3NCS_0376_ood_unseen_shape_crescent_zb04p0_E26p7;F3NCS_0377_ood_unseen_shape_crescent_zb06p5_E40p4;F3NCS_0378_ood_unseen_shape_crescent_zb05p4_E79p9;F3NCS_0379_ood_unseen_shape_crescent_zb06p4_E88p5;F3NCS_0380_ood_unseen_shape_lobed_zb03p5_E55p6;F3NCS_0381_ood_unseen_shape_crescent_zb04p9_E14p7;F3NCS_0382_ood_unseen_shape_crescent_zb05p9_E48p6;F3NCS_0383_ood_unseen_shape_crescent_zb05p4_E08p3,method2b_512_full_comsol_recalibrated_9model,fig3_true_ood,4,split_role/ood_split_family,ood_unseen_shape,230,38,64,0.3977789878845215,0.0165748596191406,0.0903735384345054,0.0378837585449218,0.2220476120710373,0.0507545471191406,0.3051108121871948,0.0600013732910156,0.3661689460277557,0.5462898908797073,0.9112054723252389,0.3507231062248148,4.097857867615345,0.0729759538585448,0.0753710269927978,0.1065193340182304,,,,
likelihood_guided_diffusion_calibrated90,0.446416437625885,0.4574216658594189,6.793665376117994,0.0274189739320718,12.73627471923828,15.108649377450725,0.2647570333847394,64,F3NCS_0320_ood_unseen_shape_lobed_zb03p8_E09p9;F3NCS_0321_ood_unseen_shape_crescent_zb03p5_E06p5;F3NCS_0322_ood_unseen_shape_crescent_zb07p2_E76p5;F3NCS_0323_ood_unseen_shape_crescent_zb03p5_E10p3;F3NCS_0324_ood_unseen_shape_crescent_zb02p9_E59p3;F3NCS_0325_ood_unseen_shape_lobed_zb01p6_E06p9;F3NCS_0326_ood_unseen_shape_lobed_zb06p1_E42p4;F3NCS_0327_ood_unseen_shape_crescent_zb03p1_E14p7;F3NCS_0328_ood_unseen_shape_lobed_zb03p1_E29p3;F3NCS_0329_ood_unseen_shape_lobed_zb05p7_E08p7;F3NCS_0330_ood_unseen_shape_lobed_zb02p8_E92p0;F3NCS_0331_ood_unseen_shape_crescent_zb03p2_E14p3;F3NCS_0332_ood_unseen_shape_lobed_zb02p8_E45p3;F3NCS_0333_ood_unseen_shape_lobed_zb03p4_E06p5;F3NCS_0334_ood_unseen_shape_crescent_zb03p1_E53p0;F3NCS_0335_ood_unseen_shape_crescent_zb02p9_E84p2;F3NCS_0336_ood_unseen_shape_crescent_zb07p2_E64p1;F3NCS_0337_ood_unseen_shape_lobed_zb03p4_E11p4;F3NCS_0338_ood_unseen_shape_crescent_zb06p8_E10p9;F3NCS_0339_ood_unseen_shape_lobed_zb04p2_E91p6;F3NCS_0340_ood_unseen_shape_crescent_zb03p8_E70p0;F3NCS_0341_ood_unseen_shape_lobed_zb04p9_E61p6;F3NCS_0342_ood_unseen_shape_crescent_zb05p1_E22p7;F3NCS_0343_ood_unseen_shape_lobed_zb07p1_E87p4;F3NCS_0344_ood_unseen_shape_crescent_zb03p6_E61p5;F3NCS_0345_ood_unseen_shape_crescent_zb06p9_E18p0;F3NCS_0346_ood_unseen_shape_lobed_zb01p8_E15p9;F3NCS_0347_ood_unseen_shape_lobed_zb02p8_E62p6;F3NCS_0348_ood_unseen_shape_lobed_zb05p0_E06p3;F3NCS_0349_ood_unseen_shape_lobed_zb03p4_E28p4;F3NCS_0350_ood_unseen_shape_lobed_zb06p0_E06p6;F3NCS_0351_ood_unseen_shape_crescent_zb06p3_E52p9;F3NCS_0352_ood_unseen_shape_lobed_zb05p6_E54p3;F3NCS_0353_ood_unseen_shape_lobed_zb02p2_E51p7;F3NCS_0354_ood_unseen_shape_crescent_zb05p4_E08p7;F3NCS_0355_ood_unseen_shape_crescent_zb07p5_E72p1;F3NCS_0356_ood_unseen_shape_lobed_zb07p8_E66p7;F3NCS_0357_ood_unseen_shape_lobed_zb03p8_E28p5;F3NCS_0358_ood_unseen_shape_lobed_zb05p7_E57p3;F3NCS_0359_ood_unseen_shape_crescent_zb07p1_E07p1;F3NCS_0360_ood_unseen_shape_lobed_zb06p1_E32p9;F3NCS_0361_ood_unseen_shape_crescent_zb07p0_E50p0;F3NCS_0362_ood_unseen_shape_lobed_zb07p0_E43p7;F3NCS_0363_ood_unseen_shape_crescent_zb04p4_E39p7;F3NCS_0364_ood_unseen_shape_lobed_zb03p1_E17p5;F3NCS_0365_ood_unseen_shape_crescent_zb04p6_E10p8;F3NCS_0366_ood_unseen_shape_crescent_zb01p4_E56p2;F3NCS_0367_ood_unseen_shape_crescent_zb02p6_E36p5;F3NCS_0368_ood_unseen_shape_crescent_zb03p1_E21p0;F3NCS_0369_ood_unseen_shape_lobed_zb02p7_E27p1;F3NCS_0370_ood_unseen_shape_crescent_zb07p7_E18p8;F3NCS_0371_ood_unseen_shape_lobed_zb02p8_E27p5;F3NCS_0372_ood_unseen_shape_lobed_zb02p3_E06p5;F3NCS_0373_ood_unseen_shape_lobed_zb04p9_E07p7;F3NCS_0374_ood_unseen_shape_lobed_zb07p3_E27p3;F3NCS_0375_ood_unseen_shape_crescent_zb03p4_E11p6;F3NCS_0376_ood_unseen_shape_crescent_zb04p0_E26p7;F3NCS_0377_ood_unseen_shape_crescent_zb06p5_E40p4;F3NCS_0378_ood_unseen_shape_crescent_zb05p4_E79p9;F3NCS_0379_ood_unseen_shape_crescent_zb06p4_E88p5;F3NCS_0380_ood_unseen_shape_lobed_zb03p5_E55p6;F3NCS_0381_ood_unseen_shape_crescent_zb04p9_E14p7;F3NCS_0382_ood_unseen_shape_crescent_zb05p9_E48p6;F3NCS_0383_ood_unseen_shape_crescent_zb05p4_E08p3,method2b_512_full_comsol_recalibrated_9model,fig3_true_ood,4,split_role/ood_split_family,ood_unseen_shape,230,38,64,0.2263688147068023,0.5153961181640625,0.7187376022338867,0.7751007080078125,1.7659368515014648,0.8776931762695312,2.4265358448028564,0.9326324462890624,2.9121289253234863,0.5462898890835914,0.9112061979659816,0.4162466742341423,0.4469454420933604,0.0729759536679789,0.3229051828384399,0.8471445441246033,validation,0.9,7.952965259552002,
prior_init_diffusion_unet,0.0882141888141632,0.1810803745981588,14.842572315152117,0.2364769056439399,3.477656602859497,11.38973413654471,0.4448272843258721,64,F3NCS_0320_ood_unseen_shape_lobed_zb03p8_E09p9;F3NCS_0321_ood_unseen_shape_crescent_zb03p5_E06p5;F3NCS_0322_ood_unseen_shape_crescent_zb07p2_E76p5;F3NCS_0323_ood_unseen_shape_crescent_zb03p5_E10p3;F3NCS_0324_ood_unseen_shape_crescent_zb02p9_E59p3;F3NCS_0325_ood_unseen_shape_lobed_zb01p6_E06p9;F3NCS_0326_ood_unseen_shape_lobed_zb06p1_E42p4;F3NCS_0327_ood_unseen_shape_crescent_zb03p1_E14p7;F3NCS_0328_ood_unseen_shape_lobed_zb03p1_E29p3;F3NCS_0329_ood_unseen_shape_lobed_zb05p7_E08p7;F3NCS_0330_ood_unseen_shape_lobed_zb02p8_E92p0;F3NCS_0331_ood_unseen_shape_crescent_zb03p2_E14p3;F3NCS_0332_ood_unseen_shape_lobed_zb02p8_E45p3;F3NCS_0333_ood_unseen_shape_lobed_zb03p4_E06p5;F3NCS_0334_ood_unseen_shape_crescent_zb03p1_E53p0;F3NCS_0335_ood_unseen_shape_crescent_zb02p9_E84p2;F3NCS_0336_ood_unseen_shape_crescent_zb07p2_E64p1;F3NCS_0337_ood_unseen_shape_lobed_zb03p4_E11p4;F3NCS_0338_ood_unseen_shape_crescent_zb06p8_E10p9;F3NCS_0339_ood_unseen_shape_lobed_zb04p2_E91p6;F3NCS_0340_ood_unseen_shape_crescent_zb03p8_E70p0;F3NCS_0341_ood_unseen_shape_lobed_zb04p9_E61p6;F3NCS_0342_ood_unseen_shape_crescent_zb05p1_E22p7;F3NCS_0343_ood_unseen_shape_lobed_zb07p1_E87p4;F3NCS_0344_ood_unseen_shape_crescent_zb03p6_E61p5;F3NCS_0345_ood_unseen_shape_crescent_zb06p9_E18p0;F3NCS_0346_ood_unseen_shape_lobed_zb01p8_E15p9;F3NCS_0347_ood_unseen_shape_lobed_zb02p8_E62p6;F3NCS_0348_ood_unseen_shape_lobed_zb05p0_E06p3;F3NCS_0349_ood_unseen_shape_lobed_zb03p4_E28p4;F3NCS_0350_ood_unseen_shape_lobed_zb06p0_E06p6;F3NCS_0351_ood_unseen_shape_crescent_zb06p3_E52p9;F3NCS_0352_ood_unseen_shape_lobed_zb05p6_E54p3;F3NCS_0353_ood_unseen_shape_lobed_zb02p2_E51p7;F3NCS_0354_ood_unseen_shape_crescent_zb05p4_E08p7;F3NCS_0355_ood_unseen_shape_crescent_zb07p5_E72p1;F3NCS_0356_ood_unseen_shape_lobed_zb07p8_E66p7;F3NCS_0357_ood_unseen_shape_lobed_zb03p8_E28p5;F3NCS_0358_ood_unseen_shape_lobed_zb05p7_E57p3;F3NCS_0359_ood_unseen_shape_crescent_zb07p1_E07p1;F3NCS_0360_ood_unseen_shape_lobed_zb06p1_E32p9;F3NCS_0361_ood_unseen_shape_crescent_zb07p0_E50p0;F3NCS_0362_ood_unseen_shape_lobed_zb07p0_E43p7;F3NCS_0363_ood_unseen_shape_crescent_zb04p4_E39p7;F3NCS_0364_ood_unseen_shape_lobed_zb03p1_E17p5;F3NCS_0365_ood_unseen_shape_crescent_zb04p6_E10p8;F3NCS_0366_ood_unseen_shape_crescent_zb01p4_E56p2;F3NCS_0367_ood_unseen_shape_crescent_zb02p6_E36p5;F3NCS_0368_ood_unseen_shape_crescent_zb03p1_E21p0;F3NCS_0369_ood_unseen_shape_lobed_zb02p7_E27p1;F3NCS_0370_ood_unseen_shape_crescent_zb07p7_E18p8;F3NCS_0371_ood_unseen_shape_lobed_zb02p8_E27p5;F3NCS_0372_ood_unseen_shape_lobed_zb02p3_E06p5;F3NCS_0373_ood_unseen_shape_lobed_zb04p9_E07p7;F3NCS_0374_ood_unseen_shape_lobed_zb07p3_E27p3;F3NCS_0375_ood_unseen_shape_crescent_zb03p4_E11p6;F3NCS_0376_ood_unseen_shape_crescent_zb04p0_E26p7;F3NCS_0377_ood_unseen_shape_crescent_zb06p5_E40p4;F3NCS_0378_ood_unseen_shape_crescent_zb05p4_E79p9;F3NCS_0379_ood_unseen_shape_crescent_zb06p4_E88p5;F3NCS_0380_ood_unseen_shape_lobed_zb03p5_E55p6;F3NCS_0381_ood_unseen_shape_crescent_zb04p9_E14p7;F3NCS_0382_ood_unseen_shape_crescent_zb05p9_E48p6;F3NCS_0383_ood_unseen_shape_crescent_zb05p4_E08p3,method2b_512_full_comsol_recalibrated_9model,fig3_true_ood,4,split_role/ood_split_family,ood_unseen_shape,230,38,64,0.0833143442869186,0.0406761169433593,0.0117195406928658,0.0784111022949218,0.0217641945928335,0.1207237243652343,0.0272949803620576,0.1624603271484375,0.031353436410427,0.6830292256623126,0.8071354828268916,0.1496707093601418,16.966098507587102,0.018458222307467,0.1343063116073608,0.0088450107723474,,,,
prior_init_diffusion_unet_calibrated90,0.0882141813635826,0.1810803745981588,14.842572315152117,0.2364768724655732,3.4776570796966557,11.38973413654471,0.4448272902416134,64,F3NCS_0320_ood_unseen_shape_lobed_zb03p8_E09p9;F3NCS_0321_ood_unseen_shape_crescent_zb03p5_E06p5;F3NCS_0322_ood_unseen_shape_crescent_zb07p2_E76p5;F3NCS_0323_ood_unseen_shape_crescent_zb03p5_E10p3;F3NCS_0324_ood_unseen_shape_crescent_zb02p9_E59p3;F3NCS_0325_ood_unseen_shape_lobed_zb01p6_E06p9;F3NCS_0326_ood_unseen_shape_lobed_zb06p1_E42p4;F3NCS_0327_ood_unseen_shape_crescent_zb03p1_E14p7;F3NCS_0328_ood_unseen_shape_lobed_zb03p1_E29p3;F3NCS_0329_ood_unseen_shape_lobed_zb05p7_E08p7;F3NCS_0330_ood_unseen_shape_lobed_zb02p8_E92p0;F3NCS_0331_ood_unseen_shape_crescent_zb03p2_E14p3;F3NCS_0332_ood_unseen_shape_lobed_zb02p8_E45p3;F3NCS_0333_ood_unseen_shape_lobed_zb03p4_E06p5;F3NCS_0334_ood_unseen_shape_crescent_zb03p1_E53p0;F3NCS_0335_ood_unseen_shape_crescent_zb02p9_E84p2;F3NCS_0336_ood_unseen_shape_crescent_zb07p2_E64p1;F3NCS_0337_ood_unseen_shape_lobed_zb03p4_E11p4;F3NCS_0338_ood_unseen_shape_crescent_zb06p8_E10p9;F3NCS_0339_ood_unseen_shape_lobed_zb04p2_E91p6;F3NCS_0340_ood_unseen_shape_crescent_zb03p8_E70p0;F3NCS_0341_ood_unseen_shape_lobed_zb04p9_E61p6;F3NCS_0342_ood_unseen_shape_crescent_zb05p1_E22p7;F3NCS_0343_ood_unseen_shape_lobed_zb07p1_E87p4;F3NCS_0344_ood_unseen_shape_crescent_zb03p6_E61p5;F3NCS_0345_ood_unseen_shape_crescent_zb06p9_E18p0;F3NCS_0346_ood_unseen_shape_lobed_zb01p8_E15p9;F3NCS_0347_ood_unseen_shape_lobed_zb02p8_E62p6;F3NCS_0348_ood_unseen_shape_lobed_zb05p0_E06p3;F3NCS_0349_ood_unseen_shape_lobed_zb03p4_E28p4;F3NCS_0350_ood_unseen_shape_lobed_zb06p0_E06p6;F3NCS_0351_ood_unseen_shape_crescent_zb06p3_E52p9;F3NCS_0352_ood_unseen_shape_lobed_zb05p6_E54p3;F3NCS_0353_ood_unseen_shape_lobed_zb02p2_E51p7;F3NCS_0354_ood_unseen_shape_crescent_zb05p4_E08p7;F3NCS_0355_ood_unseen_shape_crescent_zb07p5_E72p1;F3NCS_0356_ood_unseen_shape_lobed_zb07p8_E66p7;F3NCS_0357_ood_unseen_shape_lobed_zb03p8_E28p5;F3NCS_0358_ood_unseen_shape_lobed_zb05p7_E57p3;F3NCS_0359_ood_unseen_shape_crescent_zb07p1_E07p1;F3NCS_0360_ood_unseen_shape_lobed_zb06p1_E32p9;F3NCS_0361_ood_unseen_shape_crescent_zb07p0_E50p0;F3NCS_0362_ood_unseen_shape_lobed_zb07p0_E43p7;F3NCS_0363_ood_unseen_shape_crescent_zb04p4_E39p7;F3NCS_0364_ood_unseen_shape_lobed_zb03p1_E17p5;F3NCS_0365_ood_unseen_shape_crescent_zb04p6_E10p8;F3NCS_0366_ood_unseen_shape_crescent_zb01p4_E56p2;F3NCS_0367_ood_unseen_shape_crescent_zb02p6_E36p5;F3NCS_0368_ood_unseen_shape_crescent_zb03p1_E21p0;F3NCS_0369_ood_unseen_shape_lobed_zb02p7_E27p1;F3NCS_0370_ood_unseen_shape_crescent_zb07p7_E18p8;F3NCS_0371_ood_unseen_shape_lobed_zb02p8_E27p5;F3NCS_0372_ood_unseen_shape_lobed_zb02p3_E06p5;F3NCS_0373_ood_unseen_shape_lobed_zb04p9_E07p7;F3NCS_0374_ood_unseen_shape_lobed_zb07p3_E27p3;F3NCS_0375_ood_unseen_shape_crescent_zb03p4_E11p6;F3NCS_0376_ood_unseen_shape_crescent_zb04p0_E26p7;F3NCS_0377_ood_unseen_shape_crescent_zb06p5_E40p4;F3NCS_0378_ood_unseen_shape_crescent_zb05p4_E79p9;F3NCS_0379_ood_unseen_shape_crescent_zb06p4_E88p5;F3NCS_0380_ood_unseen_shape_lobed_zb03p5_E55p6;F3NCS_0381_ood_unseen_shape_crescent_zb04p9_E14p7;F3NCS_0382_ood_unseen_shape_crescent_zb05p9_E48p6;F3NCS_0383_ood_unseen_shape_crescent_zb05p4_E08p3,method2b_512_full_comsol_recalibrated_9model,fig3_true_ood,4,split_role/ood_split_family,ood_unseen_shape,230,38,64,0.0755595415830612,0.7969741821289062,0.1522555649280548,0.8603477478027344,0.2827516496181488,0.8859748840332031,0.3546054363250732,0.9019088745117188,0.4073312282562256,0.683029224896761,0.8071354823418377,0.044449521877241,0.3859279703646422,0.0184582223366528,0.429146409034729,0.1149108186364173,validation,0.9,12.991597175598145,
residual_likelihood_guided_diffusion,0.0882305651903152,0.1810652839827162,14.843296197475569,0.2360141457756981,3.477964162826538,11.390103886828005,0.4449748246304869,64,F3NCS_0320_ood_unseen_shape_lobed_zb03p8_E09p9;F3NCS_0321_ood_unseen_shape_crescent_zb03p5_E06p5;F3NCS_0322_ood_unseen_shape_crescent_zb07p2_E76p5;F3NCS_0323_ood_unseen_shape_crescent_zb03p5_E10p3;F3NCS_0324_ood_unseen_shape_crescent_zb02p9_E59p3;F3NCS_0325_ood_unseen_shape_lobed_zb01p6_E06p9;F3NCS_0326_ood_unseen_shape_lobed_zb06p1_E42p4;F3NCS_0327_ood_unseen_shape_crescent_zb03p1_E14p7;F3NCS_0328_ood_unseen_shape_lobed_zb03p1_E29p3;F3NCS_0329_ood_unseen_shape_lobed_zb05p7_E08p7;F3NCS_0330_ood_unseen_shape_lobed_zb02p8_E92p0;F3NCS_0331_ood_unseen_shape_crescent_zb03p2_E14p3;F3NCS_0332_ood_unseen_shape_lobed_zb02p8_E45p3;F3NCS_0333_ood_unseen_shape_lobed_zb03p4_E06p5;F3NCS_0334_ood_unseen_shape_crescent_zb03p1_E53p0;F3NCS_0335_ood_unseen_shape_crescent_zb02p9_E84p2;F3NCS_0336_ood_unseen_shape_crescent_zb07p2_E64p1;F3NCS_0337_ood_unseen_shape_lobed_zb03p4_E11p4;F3NCS_0338_ood_unseen_shape_crescent_zb06p8_E10p9;F3NCS_0339_ood_unseen_shape_lobed_zb04p2_E91p6;F3NCS_0340_ood_unseen_shape_crescent_zb03p8_E70p0;F3NCS_0341_ood_unseen_shape_lobed_zb04p9_E61p6;F3NCS_0342_ood_unseen_shape_crescent_zb05p1_E22p7;F3NCS_0343_ood_unseen_shape_lobed_zb07p1_E87p4;F3NCS_0344_ood_unseen_shape_crescent_zb03p6_E61p5;F3NCS_0345_ood_unseen_shape_crescent_zb06p9_E18p0;F3NCS_0346_ood_unseen_shape_lobed_zb01p8_E15p9;F3NCS_0347_ood_unseen_shape_lobed_zb02p8_E62p6;F3NCS_0348_ood_unseen_shape_lobed_zb05p0_E06p3;F3NCS_0349_ood_unseen_shape_lobed_zb03p4_E28p4;F3NCS_0350_ood_unseen_shape_lobed_zb06p0_E06p6;F3NCS_0351_ood_unseen_shape_crescent_zb06p3_E52p9;F3NCS_0352_ood_unseen_shape_lobed_zb05p6_E54p3;F3NCS_0353_ood_unseen_shape_lobed_zb02p2_E51p7;F3NCS_0354_ood_unseen_shape_crescent_zb05p4_E08p7;F3NCS_0355_ood_unseen_shape_crescent_zb07p5_E72p1;F3NCS_0356_ood_unseen_shape_lobed_zb07p8_E66p7;F3NCS_0357_ood_unseen_shape_lobed_zb03p8_E28p5;F3NCS_0358_ood_unseen_shape_lobed_zb05p7_E57p3;F3NCS_0359_ood_unseen_shape_crescent_zb07p1_E07p1;F3NCS_0360_ood_unseen_shape_lobed_zb06p1_E32p9;F3NCS_0361_ood_unseen_shape_crescent_zb07p0_E50p0;F3NCS_0362_ood_unseen_shape_lobed_zb07p0_E43p7;F3NCS_0363_ood_unseen_shape_crescent_zb04p4_E39p7;F3NCS_0364_ood_unseen_shape_lobed_zb03p1_E17p5;F3NCS_0365_ood_unseen_shape_crescent_zb04p6_E10p8;F3NCS_0366_ood_unseen_shape_crescent_zb01p4_E56p2;F3NCS_0367_ood_unseen_shape_crescent_zb02p6_E36p5;F3NCS_0368_ood_unseen_shape_crescent_zb03p1_E21p0;F3NCS_0369_ood_unseen_shape_lobed_zb02p7_E27p1;F3NCS_0370_ood_unseen_shape_crescent_zb07p7_E18p8;F3NCS_0371_ood_unseen_shape_lobed_zb02p8_E27p5;F3NCS_0372_ood_unseen_shape_lobed_zb02p3_E06p5;F3NCS_0373_ood_unseen_shape_lobed_zb04p9_E07p7;F3NCS_0374_ood_unseen_shape_lobed_zb07p3_E27p3;F3NCS_0375_ood_unseen_shape_crescent_zb03p4_E11p6;F3NCS_0376_ood_unseen_shape_crescent_zb04p0_E26p7;F3NCS_0377_ood_unseen_shape_crescent_zb06p5_E40p4;F3NCS_0378_ood_unseen_shape_crescent_zb05p4_E79p9;F3NCS_0379_ood_unseen_shape_crescent_zb06p4_E88p5;F3NCS_0380_ood_unseen_shape_lobed_zb03p5_E55p6;F3NCS_0381_ood_unseen_shape_crescent_zb04p9_E14p7;F3NCS_0382_ood_unseen_shape_crescent_zb05p9_E48p6;F3NCS_0383_ood_unseen_shape_crescent_zb05p4_E08p3,method2b_512_full_comsol_recalibrated_9model,fig3_true_ood,4,split_role/ood_split_family,ood_unseen_shape,230,38,64,0.0833343714475631,0.0406570434570312,0.0117151774466037,0.0785484313964843,0.0217531286180019,0.120452880859375,0.0272608436644077,0.1624298095703125,0.0313003212213516,0.6837981138726072,0.8089170090252384,0.1496872733028415,16.951364193763744,0.0182929689704682,0.134118914604187,0.0088360738009214,,,,
residual_likelihood_guided_diffusion_calibrated90,0.088230550289154,0.1810652839827162,14.843296197475569,0.2360140819801017,3.477963924407959,11.39010455665458,0.4449748203837964,64,F3NCS_0320_ood_unseen_shape_lobed_zb03p8_E09p9;F3NCS_0321_ood_unseen_shape_crescent_zb03p5_E06p5;F3NCS_0322_ood_unseen_shape_crescent_zb07p2_E76p5;F3NCS_0323_ood_unseen_shape_crescent_zb03p5_E10p3;F3NCS_0324_ood_unseen_shape_crescent_zb02p9_E59p3;F3NCS_0325_ood_unseen_shape_lobed_zb01p6_E06p9;F3NCS_0326_ood_unseen_shape_lobed_zb06p1_E42p4;F3NCS_0327_ood_unseen_shape_crescent_zb03p1_E14p7;F3NCS_0328_ood_unseen_shape_lobed_zb03p1_E29p3;F3NCS_0329_ood_unseen_shape_lobed_zb05p7_E08p7;F3NCS_0330_ood_unseen_shape_lobed_zb02p8_E92p0;F3NCS_0331_ood_unseen_shape_crescent_zb03p2_E14p3;F3NCS_0332_ood_unseen_shape_lobed_zb02p8_E45p3;F3NCS_0333_ood_unseen_shape_lobed_zb03p4_E06p5;F3NCS_0334_ood_unseen_shape_crescent_zb03p1_E53p0;F3NCS_0335_ood_unseen_shape_crescent_zb02p9_E84p2;F3NCS_0336_ood_unseen_shape_crescent_zb07p2_E64p1;F3NCS_0337_ood_unseen_shape_lobed_zb03p4_E11p4;F3NCS_0338_ood_unseen_shape_crescent_zb06p8_E10p9;F3NCS_0339_ood_unseen_shape_lobed_zb04p2_E91p6;F3NCS_0340_ood_unseen_shape_crescent_zb03p8_E70p0;F3NCS_0341_ood_unseen_shape_lobed_zb04p9_E61p6;F3NCS_0342_ood_unseen_shape_crescent_zb05p1_E22p7;F3NCS_0343_ood_unseen_shape_lobed_zb07p1_E87p4;F3NCS_0344_ood_unseen_shape_crescent_zb03p6_E61p5;F3NCS_0345_ood_unseen_shape_crescent_zb06p9_E18p0;F3NCS_0346_ood_unseen_shape_lobed_zb01p8_E15p9;F3NCS_0347_ood_unseen_shape_lobed_zb02p8_E62p6;F3NCS_0348_ood_unseen_shape_lobed_zb05p0_E06p3;F3NCS_0349_ood_unseen_shape_lobed_zb03p4_E28p4;F3NCS_0350_ood_unseen_shape_lobed_zb06p0_E06p6;F3NCS_0351_ood_unseen_shape_crescent_zb06p3_E52p9;F3NCS_0352_ood_unseen_shape_lobed_zb05p6_E54p3;F3NCS_0353_ood_unseen_shape_lobed_zb02p2_E51p7;F3NCS_0354_ood_unseen_shape_crescent_zb05p4_E08p7;F3NCS_0355_ood_unseen_shape_crescent_zb07p5_E72p1;F3NCS_0356_ood_unseen_shape_lobed_zb07p8_E66p7;F3NCS_0357_ood_unseen_shape_lobed_zb03p8_E28p5;F3NCS_0358_ood_unseen_shape_lobed_zb05p7_E57p3;F3NCS_0359_ood_unseen_shape_crescent_zb07p1_E07p1;F3NCS_0360_ood_unseen_shape_lobed_zb06p1_E32p9;F3NCS_0361_ood_unseen_shape_crescent_zb07p0_E50p0;F3NCS_0362_ood_unseen_shape_lobed_zb07p0_E43p7;F3NCS_0363_ood_unseen_shape_crescent_zb04p4_E39p7;F3NCS_0364_ood_unseen_shape_lobed_zb03p1_E17p5;F3NCS_0365_ood_unseen_shape_crescent_zb04p6_E10p8;F3NCS_0366_ood_unseen_shape_crescent_zb01p4_E56p2;F3NCS_0367_ood_unseen_shape_crescent_zb02p6_E36p5;F3NCS_0368_ood_unseen_shape_crescent_zb03p1_E21p0;F3NCS_0369_ood_unseen_shape_lobed_zb02p7_E27p1;F3NCS_0370_ood_unseen_shape_crescent_zb07p7_E18p8;F3NCS_0371_ood_unseen_shape_lobed_zb02p8_E27p5;F3NCS_0372_ood_unseen_shape_lobed_zb02p3_E06p5;F3NCS_0373_ood_unseen_shape_lobed_zb04p9_E07p7;F3NCS_0374_ood_unseen_shape_lobed_zb07p3_E27p3;F3NCS_0375_ood_unseen_shape_crescent_zb03p4_E11p6;F3NCS_0376_ood_unseen_shape_crescent_zb04p0_E26p7;F3NCS_0377_ood_unseen_shape_crescent_zb06p5_E40p4;F3NCS_0378_ood_unseen_shape_crescent_zb05p4_E79p9;F3NCS_0379_ood_unseen_shape_crescent_zb06p4_E88p5;F3NCS_0380_ood_unseen_shape_lobed_zb03p5_E55p6;F3NCS_0381_ood_unseen_shape_crescent_zb04p9_E14p7;F3NCS_0382_ood_unseen_shape_crescent_zb05p9_E48p6;F3NCS_0383_ood_unseen_shape_crescent_zb05p4_E08p3,method2b_512_full_comsol_recalibrated_9model,fig3_true_ood,4,split_role/ood_split_family,ood_unseen_shape,230,38,64,0.0756232514977455,0.7980308532714844,0.1535209715366363,0.8612442016601562,0.2850628197193146,0.886138916015625,0.3572384119033813,0.9023475646972656,0.4101735055446625,0.6837981132669484,0.808917009914504,0.0433595335782497,0.3721068837319283,0.0182929689431166,0.4295111894607544,0.1157918870449066,validation,0.9,13.104451179504396,
explicit_residual_target_diffusion,0.1077115684747695,0.1854963936647959,14.633290586391505,0.1227257858845405,3.754499912261963,11.434713388978578,0.4593955911253762,64,F3NCS_0320_ood_unseen_shape_lobed_zb03p8_E09p9;F3NCS_0321_ood_unseen_shape_crescent_zb03p5_E06p5;F3NCS_0322_ood_unseen_shape_crescent_zb07p2_E76p5;F3NCS_0323_ood_unseen_shape_crescent_zb03p5_E10p3;F3NCS_0324_ood_unseen_shape_crescent_zb02p9_E59p3;F3NCS_0325_ood_unseen_shape_lobed_zb01p6_E06p9;F3NCS_0326_ood_unseen_shape_lobed_zb06p1_E42p4;F3NCS_0327_ood_unseen_shape_crescent_zb03p1_E14p7;F3NCS_0328_ood_unseen_shape_lobed_zb03p1_E29p3;F3NCS_0329_ood_unseen_shape_lobed_zb05p7_E08p7;F3NCS_0330_ood_unseen_shape_lobed_zb02p8_E92p0;F3NCS_0331_ood_unseen_shape_crescent_zb03p2_E14p3;F3NCS_0332_ood_unseen_shape_lobed_zb02p8_E45p3;F3NCS_0333_ood_unseen_shape_lobed_zb03p4_E06p5;F3NCS_0334_ood_unseen_shape_crescent_zb03p1_E53p0;F3NCS_0335_ood_unseen_shape_crescent_zb02p9_E84p2;F3NCS_0336_ood_unseen_shape_crescent_zb07p2_E64p1;F3NCS_0337_ood_unseen_shape_lobed_zb03p4_E11p4;F3NCS_0338_ood_unseen_shape_crescent_zb06p8_E10p9;F3NCS_0339_ood_unseen_shape_lobed_zb04p2_E91p6;F3NCS_0340_ood_unseen_shape_crescent_zb03p8_E70p0;F3NCS_0341_ood_unseen_shape_lobed_zb04p9_E61p6;F3NCS_0342_ood_unseen_shape_crescent_zb05p1_E22p7;F3NCS_0343_ood_unseen_shape_lobed_zb07p1_E87p4;F3NCS_0344_ood_unseen_shape_crescent_zb03p6_E61p5;F3NCS_0345_ood_unseen_shape_crescent_zb06p9_E18p0;F3NCS_0346_ood_unseen_shape_lobed_zb01p8_E15p9;F3NCS_0347_ood_unseen_shape_lobed_zb02p8_E62p6;F3NCS_0348_ood_unseen_shape_lobed_zb05p0_E06p3;F3NCS_0349_ood_unseen_shape_lobed_zb03p4_E28p4;F3NCS_0350_ood_unseen_shape_lobed_zb06p0_E06p6;F3NCS_0351_ood_unseen_shape_crescent_zb06p3_E52p9;F3NCS_0352_ood_unseen_shape_lobed_zb05p6_E54p3;F3NCS_0353_ood_unseen_shape_lobed_zb02p2_E51p7;F3NCS_0354_ood_unseen_shape_crescent_zb05p4_E08p7;F3NCS_0355_ood_unseen_shape_crescent_zb07p5_E72p1;F3NCS_0356_ood_unseen_shape_lobed_zb07p8_E66p7;F3NCS_0357_ood_unseen_shape_lobed_zb03p8_E28p5;F3NCS_0358_ood_unseen_shape_lobed_zb05p7_E57p3;F3NCS_0359_ood_unseen_shape_crescent_zb07p1_E07p1;F3NCS_0360_ood_unseen_shape_lobed_zb06p1_E32p9;F3NCS_0361_ood_unseen_shape_crescent_zb07p0_E50p0;F3NCS_0362_ood_unseen_shape_lobed_zb07p0_E43p7;F3NCS_0363_ood_unseen_shape_crescent_zb04p4_E39p7;F3NCS_0364_ood_unseen_shape_lobed_zb03p1_E17p5;F3NCS_0365_ood_unseen_shape_crescent_zb04p6_E10p8;F3NCS_0366_ood_unseen_shape_crescent_zb01p4_E56p2;F3NCS_0367_ood_unseen_shape_crescent_zb02p6_E36p5;F3NCS_0368_ood_unseen_shape_crescent_zb03p1_E21p0;F3NCS_0369_ood_unseen_shape_lobed_zb02p7_E27p1;F3NCS_0370_ood_unseen_shape_crescent_zb07p7_E18p8;F3NCS_0371_ood_unseen_shape_lobed_zb02p8_E27p5;F3NCS_0372_ood_unseen_shape_lobed_zb02p3_E06p5;F3NCS_0373_ood_unseen_shape_lobed_zb04p9_E07p7;F3NCS_0374_ood_unseen_shape_lobed_zb07p3_E27p3;F3NCS_0375_ood_unseen_shape_crescent_zb03p4_E11p6;F3NCS_0376_ood_unseen_shape_crescent_zb04p0_E26p7;F3NCS_0377_ood_unseen_shape_crescent_zb06p5_E40p4;F3NCS_0378_ood_unseen_shape_crescent_zb05p4_E79p9;F3NCS_0379_ood_unseen_shape_crescent_zb06p4_E88p5;F3NCS_0380_ood_unseen_shape_lobed_zb03p5_E55p6;F3NCS_0381_ood_unseen_shape_crescent_zb04p9_E14p7;F3NCS_0382_ood_unseen_shape_crescent_zb05p9_E48p6;F3NCS_0383_ood_unseen_shape_crescent_zb05p4_E08p3,method2b_512_full_comsol_recalibrated_9model,fig3_true_ood,4,split_role/ood_split_family,ood_unseen_shape,230,38,64,0.0759409815073013,0.3367881774902344,0.0600059255957603,0.6686973571777344,0.1391748636960983,0.7849197387695312,0.2020001709461212,0.832794189453125,0.2594034075736999,0.7638174497005609,0.7742023218503733,0.0958029951245452,1.88631179227942,0.0228132732389115,0.2858154773712158,0.0764749869704246,,,,0.7126821279525757
explicit_residual_target_diffusion_calibrated90,0.1077115684747695,0.1854963936647959,14.633290586391505,0.1227258151047863,3.754499912261963,11.434714056192004,0.459395591470692,64,F3NCS_0320_ood_unseen_shape_lobed_zb03p8_E09p9;F3NCS_0321_ood_unseen_shape_crescent_zb03p5_E06p5;F3NCS_0322_ood_unseen_shape_crescent_zb07p2_E76p5;F3NCS_0323_ood_unseen_shape_crescent_zb03p5_E10p3;F3NCS_0324_ood_unseen_shape_crescent_zb02p9_E59p3;F3NCS_0325_ood_unseen_shape_lobed_zb01p6_E06p9;F3NCS_0326_ood_unseen_shape_lobed_zb06p1_E42p4;F3NCS_0327_ood_unseen_shape_crescent_zb03p1_E14p7;F3NCS_0328_ood_unseen_shape_lobed_zb03p1_E29p3;F3NCS_0329_ood_unseen_shape_lobed_zb05p7_E08p7;F3NCS_0330_ood_unseen_shape_lobed_zb02p8_E92p0;F3NCS_0331_ood_unseen_shape_crescent_zb03p2_E14p3;F3NCS_0332_ood_unseen_shape_lobed_zb02p8_E45p3;F3NCS_0333_ood_unseen_shape_lobed_zb03p4_E06p5;F3NCS_0334_ood_unseen_shape_crescent_zb03p1_E53p0;F3NCS_0335_ood_unseen_shape_crescent_zb02p9_E84p2;F3NCS_0336_ood_unseen_shape_crescent_zb07p2_E64p1;F3NCS_0337_ood_unseen_shape_lobed_zb03p4_E11p4;F3NCS_0338_ood_unseen_shape_crescent_zb06p8_E10p9;F3NCS_0339_ood_unseen_shape_lobed_zb04p2_E91p6;F3NCS_0340_ood_unseen_shape_crescent_zb03p8_E70p0;F3NCS_0341_ood_unseen_shape_lobed_zb04p9_E61p6;F3NCS_0342_ood_unseen_shape_crescent_zb05p1_E22p7;F3NCS_0343_ood_unseen_shape_lobed_zb07p1_E87p4;F3NCS_0344_ood_unseen_shape_crescent_zb03p6_E61p5;F3NCS_0345_ood_unseen_shape_crescent_zb06p9_E18p0;F3NCS_0346_ood_unseen_shape_lobed_zb01p8_E15p9;F3NCS_0347_ood_unseen_shape_lobed_zb02p8_E62p6;F3NCS_0348_ood_unseen_shape_lobed_zb05p0_E06p3;F3NCS_0349_ood_unseen_shape_lobed_zb03p4_E28p4;F3NCS_0350_ood_unseen_shape_lobed_zb06p0_E06p6;F3NCS_0351_ood_unseen_shape_crescent_zb06p3_E52p9;F3NCS_0352_ood_unseen_shape_lobed_zb05p6_E54p3;F3NCS_0353_ood_unseen_shape_lobed_zb02p2_E51p7;F3NCS_0354_ood_unseen_shape_crescent_zb05p4_E08p7;F3NCS_0355_ood_unseen_shape_crescent_zb07p5_E72p1;F3NCS_0356_ood_unseen_shape_lobed_zb07p8_E66p7;F3NCS_0357_ood_unseen_shape_lobed_zb03p8_E28p5;F3NCS_0358_ood_unseen_shape_lobed_zb05p7_E57p3;F3NCS_0359_ood_unseen_shape_crescent_zb07p1_E07p1;F3NCS_0360_ood_unseen_shape_lobed_zb06p1_E32p9;F3NCS_0361_ood_unseen_shape_crescent_zb07p0_E50p0;F3NCS_0362_ood_unseen_shape_lobed_zb07p0_E43p7;F3NCS_0363_ood_unseen_shape_crescent_zb04p4_E39p7;F3NCS_0364_ood_unseen_shape_lobed_zb03p1_E17p5;F3NCS_0365_ood_unseen_shape_crescent_zb04p6_E10p8;F3NCS_0366_ood_unseen_shape_crescent_zb01p4_E56p2;F3NCS_0367_ood_unseen_shape_crescent_zb02p6_E36p5;F3NCS_0368_ood_unseen_shape_crescent_zb03p1_E21p0;F3NCS_0369_ood_unseen_shape_lobed_zb02p7_E27p1;F3NCS_0370_ood_unseen_shape_crescent_zb07p7_E18p8;F3NCS_0371_ood_unseen_shape_lobed_zb02p8_E27p5;F3NCS_0372_ood_unseen_shape_lobed_zb02p3_E06p5;F3NCS_0373_ood_unseen_shape_lobed_zb04p9_E07p7;F3NCS_0374_ood_unseen_shape_lobed_zb07p3_E27p3;F3NCS_0375_ood_unseen_shape_crescent_zb03p4_E11p6;F3NCS_0376_ood_unseen_shape_crescent_zb04p0_E26p7;F3NCS_0377_ood_unseen_shape_crescent_zb06p5_E40p4;F3NCS_0378_ood_unseen_shape_crescent_zb05p4_E79p9;F3NCS_0379_ood_unseen_shape_crescent_zb06p4_E88p5;F3NCS_0380_ood_unseen_shape_lobed_zb03p5_E55p6;F3NCS_0381_ood_unseen_shape_crescent_zb04p9_E14p7;F3NCS_0382_ood_unseen_shape_crescent_zb05p9_E48p6;F3NCS_0383_ood_unseen_shape_crescent_zb05p4_E08p3,method2b_512_full_comsol_recalibrated_9model,fig3_true_ood,4,split_role/ood_split_family,ood_unseen_shape,230,38,64,0.0731943920254707,0.6593780517578125,0.1002730727195739,0.8326339721679688,0.2325685173273086,0.8849525451660156,0.337552934885025,0.9163475036621094,0.4334767162799835,0.7638174481387059,0.7742023217695311,0.0444842504040881,0.7272416376339365,0.0228132732251611,0.3945857286453247,0.1277937293052673,validation,0.9,1.6710526943206787,0.7126821279525757
explicit_residual_likelihood_guided_diffusion,0.1062575653195381,0.1845697372669762,14.676790119873084,0.1276406153920106,3.73225212097168,11.43781817884787,0.4599362641664034,64,F3NCS_0320_ood_unseen_shape_lobed_zb03p8_E09p9;F3NCS_0321_ood_unseen_shape_crescent_zb03p5_E06p5;F3NCS_0322_ood_unseen_shape_crescent_zb07p2_E76p5;F3NCS_0323_ood_unseen_shape_crescent_zb03p5_E10p3;F3NCS_0324_ood_unseen_shape_crescent_zb02p9_E59p3;F3NCS_0325_ood_unseen_shape_lobed_zb01p6_E06p9;F3NCS_0326_ood_unseen_shape_lobed_zb06p1_E42p4;F3NCS_0327_ood_unseen_shape_crescent_zb03p1_E14p7;F3NCS_0328_ood_unseen_shape_lobed_zb03p1_E29p3;F3NCS_0329_ood_unseen_shape_lobed_zb05p7_E08p7;F3NCS_0330_ood_unseen_shape_lobed_zb02p8_E92p0;F3NCS_0331_ood_unseen_shape_crescent_zb03p2_E14p3;F3NCS_0332_ood_unseen_shape_lobed_zb02p8_E45p3;F3NCS_0333_ood_unseen_shape_lobed_zb03p4_E06p5;F3NCS_0334_ood_unseen_shape_crescent_zb03p1_E53p0;F3NCS_0335_ood_unseen_shape_crescent_zb02p9_E84p2;F3NCS_0336_ood_unseen_shape_crescent_zb07p2_E64p1;F3NCS_0337_ood_unseen_shape_lobed_zb03p4_E11p4;F3NCS_0338_ood_unseen_shape_crescent_zb06p8_E10p9;F3NCS_0339_ood_unseen_shape_lobed_zb04p2_E91p6;F3NCS_0340_ood_unseen_shape_crescent_zb03p8_E70p0;F3NCS_0341_ood_unseen_shape_lobed_zb04p9_E61p6;F3NCS_0342_ood_unseen_shape_crescent_zb05p1_E22p7;F3NCS_0343_ood_unseen_shape_lobed_zb07p1_E87p4;F3NCS_0344_ood_unseen_shape_crescent_zb03p6_E61p5;F3NCS_0345_ood_unseen_shape_crescent_zb06p9_E18p0;F3NCS_0346_ood_unseen_shape_lobed_zb01p8_E15p9;F3NCS_0347_ood_unseen_shape_lobed_zb02p8_E62p6;F3NCS_0348_ood_unseen_shape_lobed_zb05p0_E06p3;F3NCS_0349_ood_unseen_shape_lobed_zb03p4_E28p4;F3NCS_0350_ood_unseen_shape_lobed_zb06p0_E06p6;F3NCS_0351_ood_unseen_shape_crescent_zb06p3_E52p9;F3NCS_0352_ood_unseen_shape_lobed_zb05p6_E54p3;F3NCS_0353_ood_unseen_shape_lobed_zb02p2_E51p7;F3NCS_0354_ood_unseen_shape_crescent_zb05p4_E08p7;F3NCS_0355_ood_unseen_shape_crescent_zb07p5_E72p1;F3NCS_0356_ood_unseen_shape_lobed_zb07p8_E66p7;F3NCS_0357_ood_unseen_shape_lobed_zb03p8_E28p5;F3NCS_0358_ood_unseen_shape_lobed_zb05p7_E57p3;F3NCS_0359_ood_unseen_shape_crescent_zb07p1_E07p1;F3NCS_0360_ood_unseen_shape_lobed_zb06p1_E32p9;F3NCS_0361_ood_unseen_shape_crescent_zb07p0_E50p0;F3NCS_0362_ood_unseen_shape_lobed_zb07p0_E43p7;F3NCS_0363_ood_unseen_shape_crescent_zb04p4_E39p7;F3NCS_0364_ood_unseen_shape_lobed_zb03p1_E17p5;F3NCS_0365_ood_unseen_shape_crescent_zb04p6_E10p8;F3NCS_0366_ood_unseen_shape_crescent_zb01p4_E56p2;F3NCS_0367_ood_unseen_shape_crescent_zb02p6_E36p5;F3NCS_0368_ood_unseen_shape_crescent_zb03p1_E21p0;F3NCS_0369_ood_unseen_shape_lobed_zb02p7_E27p1;F3NCS_0370_ood_unseen_shape_crescent_zb07p7_E18p8;F3NCS_0371_ood_unseen_shape_lobed_zb02p8_E27p5;F3NCS_0372_ood_unseen_shape_lobed_zb02p3_E06p5;F3NCS_0373_ood_unseen_shape_lobed_zb04p9_E07p7;F3NCS_0374_ood_unseen_shape_lobed_zb07p3_E27p3;F3NCS_0375_ood_unseen_shape_crescent_zb03p4_E11p6;F3NCS_0376_ood_unseen_shape_crescent_zb04p0_E26p7;F3NCS_0377_ood_unseen_shape_crescent_zb06p5_E40p4;F3NCS_0378_ood_unseen_shape_crescent_zb05p4_E79p9;F3NCS_0379_ood_unseen_shape_crescent_zb06p4_E88p5;F3NCS_0380_ood_unseen_shape_lobed_zb03p5_E55p6;F3NCS_0381_ood_unseen_shape_crescent_zb04p9_E14p7;F3NCS_0382_ood_unseen_shape_crescent_zb05p9_E48p6;F3NCS_0383_ood_unseen_shape_crescent_zb05p4_E08p3,method2b_512_full_comsol_recalibrated_9model,fig3_true_ood,4,split_role/ood_split_family,ood_unseen_shape,230,38,64,0.0749951675534248,0.3546829223632812,0.0592259131371974,0.6761627197265625,0.1366870701313018,0.7869644165039062,0.1980726420879364,0.8349876403808594,0.2549841403961181,0.7680726266177077,0.7791200404190302,0.0961328815683356,1.9536624753096847,0.0225263303791427,0.2901985645294189,0.0751833319664001,,,,0.7126821279525757
explicit_residual_likelihood_guided_diffusion_calibrated90,0.1062575653195381,0.1845697473587991,14.676789644949846,0.1276406311080791,3.73225212097168,11.43781817884787,0.459936260560539,64,F3NCS_0320_ood_unseen_shape_lobed_zb03p8_E09p9;F3NCS_0321_ood_unseen_shape_crescent_zb03p5_E06p5;F3NCS_0322_ood_unseen_shape_crescent_zb07p2_E76p5;F3NCS_0323_ood_unseen_shape_crescent_zb03p5_E10p3;F3NCS_0324_ood_unseen_shape_crescent_zb02p9_E59p3;F3NCS_0325_ood_unseen_shape_lobed_zb01p6_E06p9;F3NCS_0326_ood_unseen_shape_lobed_zb06p1_E42p4;F3NCS_0327_ood_unseen_shape_crescent_zb03p1_E14p7;F3NCS_0328_ood_unseen_shape_lobed_zb03p1_E29p3;F3NCS_0329_ood_unseen_shape_lobed_zb05p7_E08p7;F3NCS_0330_ood_unseen_shape_lobed_zb02p8_E92p0;F3NCS_0331_ood_unseen_shape_crescent_zb03p2_E14p3;F3NCS_0332_ood_unseen_shape_lobed_zb02p8_E45p3;F3NCS_0333_ood_unseen_shape_lobed_zb03p4_E06p5;F3NCS_0334_ood_unseen_shape_crescent_zb03p1_E53p0;F3NCS_0335_ood_unseen_shape_crescent_zb02p9_E84p2;F3NCS_0336_ood_unseen_shape_crescent_zb07p2_E64p1;F3NCS_0337_ood_unseen_shape_lobed_zb03p4_E11p4;F3NCS_0338_ood_unseen_shape_crescent_zb06p8_E10p9;F3NCS_0339_ood_unseen_shape_lobed_zb04p2_E91p6;F3NCS_0340_ood_unseen_shape_crescent_zb03p8_E70p0;F3NCS_0341_ood_unseen_shape_lobed_zb04p9_E61p6;F3NCS_0342_ood_unseen_shape_crescent_zb05p1_E22p7;F3NCS_0343_ood_unseen_shape_lobed_zb07p1_E87p4;F3NCS_0344_ood_unseen_shape_crescent_zb03p6_E61p5;F3NCS_0345_ood_unseen_shape_crescent_zb06p9_E18p0;F3NCS_0346_ood_unseen_shape_lobed_zb01p8_E15p9;F3NCS_0347_ood_unseen_shape_lobed_zb02p8_E62p6;F3NCS_0348_ood_unseen_shape_lobed_zb05p0_E06p3;F3NCS_0349_ood_unseen_shape_lobed_zb03p4_E28p4;F3NCS_0350_ood_unseen_shape_lobed_zb06p0_E06p6;F3NCS_0351_ood_unseen_shape_crescent_zb06p3_E52p9;F3NCS_0352_ood_unseen_shape_lobed_zb05p6_E54p3;F3NCS_0353_ood_unseen_shape_lobed_zb02p2_E51p7;F3NCS_0354_ood_unseen_shape_crescent_zb05p4_E08p7;F3NCS_0355_ood_unseen_shape_crescent_zb07p5_E72p1;F3NCS_0356_ood_unseen_shape_lobed_zb07p8_E66p7;F3NCS_0357_ood_unseen_shape_lobed_zb03p8_E28p5;F3NCS_0358_ood_unseen_shape_lobed_zb05p7_E57p3;F3NCS_0359_ood_unseen_shape_crescent_zb07p1_E07p1;F3NCS_0360_ood_unseen_shape_lobed_zb06p1_E32p9;F3NCS_0361_ood_unseen_shape_crescent_zb07p0_E50p0;F3NCS_0362_ood_unseen_shape_lobed_zb07p0_E43p7;F3NCS_0363_ood_unseen_shape_crescent_zb04p4_E39p7;F3NCS_0364_ood_unseen_shape_lobed_zb03p1_E17p5;F3NCS_0365_ood_unseen_shape_crescent_zb04p6_E10p8;F3NCS_0366_ood_unseen_shape_crescent_zb01p4_E56p2;F3NCS_0367_ood_unseen_shape_crescent_zb02p6_E36p5;F3NCS_0368_ood_unseen_shape_crescent_zb03p1_E21p0;F3NCS_0369_ood_unseen_shape_lobed_zb02p7_E27p1;F3NCS_0370_ood_unseen_shape_crescent_zb07p7_E18p8;F3NCS_0371_ood_unseen_shape_lobed_zb02p8_E27p5;F3NCS_0372_ood_unseen_shape_lobed_zb02p3_E06p5;F3NCS_0373_ood_unseen_shape_lobed_zb04p9_E07p7;F3NCS_0374_ood_unseen_shape_lobed_zb07p3_E27p3;F3NCS_0375_ood_unseen_shape_crescent_zb03p4_E11p6;F3NCS_0376_ood_unseen_shape_crescent_zb04p0_E26p7;F3NCS_0377_ood_unseen_shape_crescent_zb06p5_E40p4;F3NCS_0378_ood_unseen_shape_crescent_zb05p4_E79p9;F3NCS_0379_ood_unseen_shape_crescent_zb06p4_E88p5;F3NCS_0380_ood_unseen_shape_lobed_zb03p5_E55p6;F3NCS_0381_ood_unseen_shape_crescent_zb04p9_E14p7;F3NCS_0382_ood_unseen_shape_crescent_zb05p9_E48p6;F3NCS_0383_ood_unseen_shape_crescent_zb05p4_E08p3,method2b_512_full_comsol_recalibrated_9model,fig3_true_ood,4,split_role/ood_split_family,ood_unseen_shape,230,38,64,0.0726039260625839,0.681610107421875,0.1039971113204956,0.8435211181640625,0.2400141954421997,0.8970680236816406,0.34780353307724,0.9280242919921876,0.4477366805076599,0.7680726286527633,0.7791200404190302,0.039298839227909,0.6820982181264019,0.0225263303752829,0.4077905416488647,0.1320173740386963,validation,0.9,1.7559393644332886,0.7126821279525757
