model,mae_norm,rmse_norm,psnr_norm,ssim_norm,mae_kpa,rmse_kpa,spearman_pixel,n_eval_samples,eval_condition_ids,dataset,split_mode,fold,split_column,test_group,train_count,val_count,test_count,crps_norm,cov50,width50_norm,cov80,width80_norm,cov90,width90_norm,cov95,width95_norm,uncertainty_error_spearman,failure_auroc_top10_abs_error,uce,ence,ause_abs_error,pit_mean,posterior_std_norm_mean,calibration_split,calibration_target_coverage,calibration_scale_90,residual_scale
train_mean_prior,0.1440892666578292,0.2195225340582517,13.170417853325851,0.0332627339073671,4.060465335845947,11.480061371004568,,52,F3NCS_0009_iid_support_ellipse_zb07p3_E22p5;F3NCS_0010_iid_support_cylinder_zb06p1_E14p0;F3NCS_0019_iid_support_two_foci_zb05p4_E27p2;F3NCS_0021_iid_support_ellipse_zb05p6_E31p9;F3NCS_0023_iid_support_cylinder_zb05p0_E06p6;F3NCS_0027_iid_support_ellipse_zb02p3_E78p6;F3NCS_0035_iid_support_ellipse_zb02p8_E30p8;F3NCS_0037_iid_support_ellipse_zb08p0_E07p6;F3NCS_0044_iid_support_ellipse_zb07p2_E08p4;F3NCS_0079_iid_support_cylinder_zb04p3_E13p0;F3NCS_0081_iid_support_ellipse_zb05p9_E06p8;F3NCS_0089_iid_support_cylinder_zb05p4_E08p5;F3NCS_0091_iid_support_two_foci_zb03p9_E39p0;F3NCS_0097_iid_support_cylinder_zb06p3_E18p9;F3NCS_0100_iid_support_cylinder_zb03p6_E34p7;F3NCS_0104_iid_support_ellipse_zb03p3_E52p9;F3NCS_0111_iid_support_ellipse_zb03p7_E19p4;F3NCS_0125_iid_support_cylinder_zb06p4_E14p2;F3NCS_0128_iid_support_two_foci_zb02p9_E23p9;F3NCS_0131_iid_support_ellipse_zb05p4_E74p1;F3NCS_0132_iid_support_cylinder_zb07p9_E08p3;F3NCS_0139_iid_support_two_foci_zb03p2_E25p1;F3NCS_0141_iid_support_cylinder_zb01p5_E37p1;F3NCS_0142_iid_support_two_foci_zb05p0_E19p6;F3NCS_0146_iid_support_two_foci_zb04p1_E20p6;F3NCS_0149_iid_support_cylinder_zb03p2_E32p2;F3NCS_0155_iid_support_ellipse_zb06p3_E24p5;F3NCS_0158_iid_support_cylinder_zb05p7_E11p3;F3NCS_0161_iid_support_ellipse_zb01p6_E25p7;F3NCS_0162_iid_support_ellipse_zb03p2_E17p6;F3NCS_0163_iid_support_two_foci_zb06p0_E08p1;F3NCS_0165_iid_support_ellipse_zb04p1_E25p8;F3NCS_0179_iid_support_two_foci_zb03p8_E90p2;F3NCS_0183_iid_support_cylinder_zb06p6_E10p9;F3NCS_0184_iid_support_cylinder_zb03p7_E17p7;F3NCS_0188_iid_support_cylinder_zb02p6_E41p7;F3NCS_0198_iid_support_cylinder_zb05p9_E17p9;F3NCS_0199_iid_support_ellipse_zb06p2_E37p7;F3NCS_0202_iid_support_cylinder_zb03p7_E57p3;F3NCS_0220_iid_support_two_foci_zb02p4_E32p0;F3NCS_0223_iid_support_two_foci_zb05p1_E52p3;F3NCS_0239_iid_support_ellipse_zb02p9_E06p8;F3NCS_0262_iid_support_ellipse_zb05p7_E60p2;F3NCS_0272_iid_support_ellipse_zb02p7_E33p6;F3NCS_0278_iid_support_ellipse_zb02p1_E44p7;F3NCS_0284_iid_support_ellipse_zb03p7_E68p9;F3NCS_0288_iid_support_cylinder_zb03p9_E35p1;F3NCS_0296_iid_support_cylinder_zb06p2_E15p6;F3NCS_0300_iid_support_ellipse_zb07p6_E67p9;F3NCS_0306_iid_support_ellipse_zb04p6_E40p2;F3NCS_0315_iid_support_ellipse_zb08p0_E09p3;F3NCS_0316_iid_support_two_foci_zb02p8_E06p3,method2b_512_full_comsol_recalibrated_9model,fig3_true_ood,0,split_role/ood_split_family,iid_test,230,38,52,,,,,,,,,,,,,,,,,,,,
srcnn_bz_single_channel,0.1137357279658317,0.2043718255231039,13.791579515485235,0.1861563227497614,3.7033731937408447,11.090818549751663,0.3350537923981078,52,F3NCS_0009_iid_support_ellipse_zb07p3_E22p5;F3NCS_0010_iid_support_cylinder_zb06p1_E14p0;F3NCS_0019_iid_support_two_foci_zb05p4_E27p2;F3NCS_0021_iid_support_ellipse_zb05p6_E31p9;F3NCS_0023_iid_support_cylinder_zb05p0_E06p6;F3NCS_0027_iid_support_ellipse_zb02p3_E78p6;F3NCS_0035_iid_support_ellipse_zb02p8_E30p8;F3NCS_0037_iid_support_ellipse_zb08p0_E07p6;F3NCS_0044_iid_support_ellipse_zb07p2_E08p4;F3NCS_0079_iid_support_cylinder_zb04p3_E13p0;F3NCS_0081_iid_support_ellipse_zb05p9_E06p8;F3NCS_0089_iid_support_cylinder_zb05p4_E08p5;F3NCS_0091_iid_support_two_foci_zb03p9_E39p0;F3NCS_0097_iid_support_cylinder_zb06p3_E18p9;F3NCS_0100_iid_support_cylinder_zb03p6_E34p7;F3NCS_0104_iid_support_ellipse_zb03p3_E52p9;F3NCS_0111_iid_support_ellipse_zb03p7_E19p4;F3NCS_0125_iid_support_cylinder_zb06p4_E14p2;F3NCS_0128_iid_support_two_foci_zb02p9_E23p9;F3NCS_0131_iid_support_ellipse_zb05p4_E74p1;F3NCS_0132_iid_support_cylinder_zb07p9_E08p3;F3NCS_0139_iid_support_two_foci_zb03p2_E25p1;F3NCS_0141_iid_support_cylinder_zb01p5_E37p1;F3NCS_0142_iid_support_two_foci_zb05p0_E19p6;F3NCS_0146_iid_support_two_foci_zb04p1_E20p6;F3NCS_0149_iid_support_cylinder_zb03p2_E32p2;F3NCS_0155_iid_support_ellipse_zb06p3_E24p5;F3NCS_0158_iid_support_cylinder_zb05p7_E11p3;F3NCS_0161_iid_support_ellipse_zb01p6_E25p7;F3NCS_0162_iid_support_ellipse_zb03p2_E17p6;F3NCS_0163_iid_support_two_foci_zb06p0_E08p1;F3NCS_0165_iid_support_ellipse_zb04p1_E25p8;F3NCS_0179_iid_support_two_foci_zb03p8_E90p2;F3NCS_0183_iid_support_cylinder_zb06p6_E10p9;F3NCS_0184_iid_support_cylinder_zb03p7_E17p7;F3NCS_0188_iid_support_cylinder_zb02p6_E41p7;F3NCS_0198_iid_support_cylinder_zb05p9_E17p9;F3NCS_0199_iid_support_ellipse_zb06p2_E37p7;F3NCS_0202_iid_support_cylinder_zb03p7_E57p3;F3NCS_0220_iid_support_two_foci_zb02p4_E32p0;F3NCS_0223_iid_support_two_foci_zb05p1_E52p3;F3NCS_0239_iid_support_ellipse_zb02p9_E06p8;F3NCS_0262_iid_support_ellipse_zb05p7_E60p2;F3NCS_0272_iid_support_ellipse_zb02p7_E33p6;F3NCS_0278_iid_support_ellipse_zb02p1_E44p7;F3NCS_0284_iid_support_ellipse_zb03p7_E68p9;F3NCS_0288_iid_support_cylinder_zb03p9_E35p1;F3NCS_0296_iid_support_cylinder_zb06p2_E15p6;F3NCS_0300_iid_support_ellipse_zb07p6_E67p9;F3NCS_0306_iid_support_ellipse_zb04p6_E40p2;F3NCS_0315_iid_support_ellipse_zb08p0_E09p3;F3NCS_0316_iid_support_two_foci_zb02p8_E06p3,method2b_512_full_comsol_recalibrated_9model,fig3_true_ood,0,split_role/ood_split_family,iid_test,230,38,52,0.1137357205152511,0.0,0.0,0.0,0.0,0.0,0.0,0.0,0.0,,0.5,0.2025225458736531,,0.0940302884962132,0.1430006772279739,0.0,,,,
unet_canonical_bxyz,0.0715591982007026,0.1536951403516306,16.26679728264484,0.4213252359857926,2.8200526237487797,9.070918941020825,0.5511784810370972,52,F3NCS_0009_iid_support_ellipse_zb07p3_E22p5;F3NCS_0010_iid_support_cylinder_zb06p1_E14p0;F3NCS_0019_iid_support_two_foci_zb05p4_E27p2;F3NCS_0021_iid_support_ellipse_zb05p6_E31p9;F3NCS_0023_iid_support_cylinder_zb05p0_E06p6;F3NCS_0027_iid_support_ellipse_zb02p3_E78p6;F3NCS_0035_iid_support_ellipse_zb02p8_E30p8;F3NCS_0037_iid_support_ellipse_zb08p0_E07p6;F3NCS_0044_iid_support_ellipse_zb07p2_E08p4;F3NCS_0079_iid_support_cylinder_zb04p3_E13p0;F3NCS_0081_iid_support_ellipse_zb05p9_E06p8;F3NCS_0089_iid_support_cylinder_zb05p4_E08p5;F3NCS_0091_iid_support_two_foci_zb03p9_E39p0;F3NCS_0097_iid_support_cylinder_zb06p3_E18p9;F3NCS_0100_iid_support_cylinder_zb03p6_E34p7;F3NCS_0104_iid_support_ellipse_zb03p3_E52p9;F3NCS_0111_iid_support_ellipse_zb03p7_E19p4;F3NCS_0125_iid_support_cylinder_zb06p4_E14p2;F3NCS_0128_iid_support_two_foci_zb02p9_E23p9;F3NCS_0131_iid_support_ellipse_zb05p4_E74p1;F3NCS_0132_iid_support_cylinder_zb07p9_E08p3;F3NCS_0139_iid_support_two_foci_zb03p2_E25p1;F3NCS_0141_iid_support_cylinder_zb01p5_E37p1;F3NCS_0142_iid_support_two_foci_zb05p0_E19p6;F3NCS_0146_iid_support_two_foci_zb04p1_E20p6;F3NCS_0149_iid_support_cylinder_zb03p2_E32p2;F3NCS_0155_iid_support_ellipse_zb06p3_E24p5;F3NCS_0158_iid_support_cylinder_zb05p7_E11p3;F3NCS_0161_iid_support_ellipse_zb01p6_E25p7;F3NCS_0162_iid_support_ellipse_zb03p2_E17p6;F3NCS_0163_iid_support_two_foci_zb06p0_E08p1;F3NCS_0165_iid_support_ellipse_zb04p1_E25p8;F3NCS_0179_iid_support_two_foci_zb03p8_E90p2;F3NCS_0183_iid_support_cylinder_zb06p6_E10p9;F3NCS_0184_iid_support_cylinder_zb03p7_E17p7;F3NCS_0188_iid_support_cylinder_zb02p6_E41p7;F3NCS_0198_iid_support_cylinder_zb05p9_E17p9;F3NCS_0199_iid_support_ellipse_zb06p2_E37p7;F3NCS_0202_iid_support_cylinder_zb03p7_E57p3;F3NCS_0220_iid_support_two_foci_zb02p4_E32p0;F3NCS_0223_iid_support_two_foci_zb05p1_E52p3;F3NCS_0239_iid_support_ellipse_zb02p9_E06p8;F3NCS_0262_iid_support_ellipse_zb05p7_E60p2;F3NCS_0272_iid_support_ellipse_zb02p7_E33p6;F3NCS_0278_iid_support_ellipse_zb02p1_E44p7;F3NCS_0284_iid_support_ellipse_zb03p7_E68p9;F3NCS_0288_iid_support_cylinder_zb03p9_E35p1;F3NCS_0296_iid_support_cylinder_zb06p2_E15p6;F3NCS_0300_iid_support_ellipse_zb07p6_E67p9;F3NCS_0306_iid_support_ellipse_zb04p6_E40p2;F3NCS_0315_iid_support_ellipse_zb08p0_E09p3;F3NCS_0316_iid_support_two_foci_zb02p8_E06p3,method2b_512_full_comsol_recalibrated_9model,fig3_true_ood,0,split_role/ood_split_family,iid_test,230,38,52,0.0715591982007026,0.0,0.0,0.0,0.0,0.0,0.0,0.0,0.0,,0.5,0.1518641249943836,,0.0624066220569199,0.1079289391636848,0.0,,,,
vanilla_diffusion,0.4337843358516693,0.4472012202772542,6.9899404012271695,0.0516510394831689,11.96169662475586,13.732988411235372,0.2502976650362654,52,F3NCS_0009_iid_support_ellipse_zb07p3_E22p5;F3NCS_0010_iid_support_cylinder_zb06p1_E14p0;F3NCS_0019_iid_support_two_foci_zb05p4_E27p2;F3NCS_0021_iid_support_ellipse_zb05p6_E31p9;F3NCS_0023_iid_support_cylinder_zb05p0_E06p6;F3NCS_0027_iid_support_ellipse_zb02p3_E78p6;F3NCS_0035_iid_support_ellipse_zb02p8_E30p8;F3NCS_0037_iid_support_ellipse_zb08p0_E07p6;F3NCS_0044_iid_support_ellipse_zb07p2_E08p4;F3NCS_0079_iid_support_cylinder_zb04p3_E13p0;F3NCS_0081_iid_support_ellipse_zb05p9_E06p8;F3NCS_0089_iid_support_cylinder_zb05p4_E08p5;F3NCS_0091_iid_support_two_foci_zb03p9_E39p0;F3NCS_0097_iid_support_cylinder_zb06p3_E18p9;F3NCS_0100_iid_support_cylinder_zb03p6_E34p7;F3NCS_0104_iid_support_ellipse_zb03p3_E52p9;F3NCS_0111_iid_support_ellipse_zb03p7_E19p4;F3NCS_0125_iid_support_cylinder_zb06p4_E14p2;F3NCS_0128_iid_support_two_foci_zb02p9_E23p9;F3NCS_0131_iid_support_ellipse_zb05p4_E74p1;F3NCS_0132_iid_support_cylinder_zb07p9_E08p3;F3NCS_0139_iid_support_two_foci_zb03p2_E25p1;F3NCS_0141_iid_support_cylinder_zb01p5_E37p1;F3NCS_0142_iid_support_two_foci_zb05p0_E19p6;F3NCS_0146_iid_support_two_foci_zb04p1_E20p6;F3NCS_0149_iid_support_cylinder_zb03p2_E32p2;F3NCS_0155_iid_support_ellipse_zb06p3_E24p5;F3NCS_0158_iid_support_cylinder_zb05p7_E11p3;F3NCS_0161_iid_support_ellipse_zb01p6_E25p7;F3NCS_0162_iid_support_ellipse_zb03p2_E17p6;F3NCS_0163_iid_support_two_foci_zb06p0_E08p1;F3NCS_0165_iid_support_ellipse_zb04p1_E25p8;F3NCS_0179_iid_support_two_foci_zb03p8_E90p2;F3NCS_0183_iid_support_cylinder_zb06p6_E10p9;F3NCS_0184_iid_support_cylinder_zb03p7_E17p7;F3NCS_0188_iid_support_cylinder_zb02p6_E41p7;F3NCS_0198_iid_support_cylinder_zb05p9_E17p9;F3NCS_0199_iid_support_ellipse_zb06p2_E37p7;F3NCS_0202_iid_support_cylinder_zb03p7_E57p3;F3NCS_0220_iid_support_two_foci_zb02p4_E32p0;F3NCS_0223_iid_support_two_foci_zb05p1_E52p3;F3NCS_0239_iid_support_ellipse_zb02p9_E06p8;F3NCS_0262_iid_support_ellipse_zb05p7_E60p2;F3NCS_0272_iid_support_ellipse_zb02p7_E33p6;F3NCS_0278_iid_support_ellipse_zb02p1_E44p7;F3NCS_0284_iid_support_ellipse_zb03p7_E68p9;F3NCS_0288_iid_support_cylinder_zb03p9_E35p1;F3NCS_0296_iid_support_cylinder_zb06p2_E15p6;F3NCS_0300_iid_support_ellipse_zb07p6_E67p9;F3NCS_0306_iid_support_ellipse_zb04p6_E40p2;F3NCS_0315_iid_support_ellipse_zb08p0_E09p3;F3NCS_0316_iid_support_two_foci_zb02p8_E06p3,method2b_512_full_comsol_recalibrated_9model,fig3_true_ood,0,split_role/ood_split_family,iid_test,230,38,52,0.3965863585472107,0.0143385669216513,0.07364222407341,0.0396869368851184,0.172689750790596,0.0492788478732109,0.2291386276483535,0.0567204393446445,0.268979012966156,0.4708977567994905,0.896709189888827,0.3696024160768477,5.570780304417499,0.0890543514524854,0.0903425961732864,0.0775673016905784,,,,
vanilla_diffusion_calibrated90,0.4337843358516693,0.4472012202772542,6.9899404012271695,0.0516511293916175,11.96169662475586,13.732988411235372,0.2502976990499643,52,F3NCS_0009_iid_support_ellipse_zb07p3_E22p5;F3NCS_0010_iid_support_cylinder_zb06p1_E14p0;F3NCS_0019_iid_support_two_foci_zb05p4_E27p2;F3NCS_0021_iid_support_ellipse_zb05p6_E31p9;F3NCS_0023_iid_support_cylinder_zb05p0_E06p6;F3NCS_0027_iid_support_ellipse_zb02p3_E78p6;F3NCS_0035_iid_support_ellipse_zb02p8_E30p8;F3NCS_0037_iid_support_ellipse_zb08p0_E07p6;F3NCS_0044_iid_support_ellipse_zb07p2_E08p4;F3NCS_0079_iid_support_cylinder_zb04p3_E13p0;F3NCS_0081_iid_support_ellipse_zb05p9_E06p8;F3NCS_0089_iid_support_cylinder_zb05p4_E08p5;F3NCS_0091_iid_support_two_foci_zb03p9_E39p0;F3NCS_0097_iid_support_cylinder_zb06p3_E18p9;F3NCS_0100_iid_support_cylinder_zb03p6_E34p7;F3NCS_0104_iid_support_ellipse_zb03p3_E52p9;F3NCS_0111_iid_support_ellipse_zb03p7_E19p4;F3NCS_0125_iid_support_cylinder_zb06p4_E14p2;F3NCS_0128_iid_support_two_foci_zb02p9_E23p9;F3NCS_0131_iid_support_ellipse_zb05p4_E74p1;F3NCS_0132_iid_support_cylinder_zb07p9_E08p3;F3NCS_0139_iid_support_two_foci_zb03p2_E25p1;F3NCS_0141_iid_support_cylinder_zb01p5_E37p1;F3NCS_0142_iid_support_two_foci_zb05p0_E19p6;F3NCS_0146_iid_support_two_foci_zb04p1_E20p6;F3NCS_0149_iid_support_cylinder_zb03p2_E32p2;F3NCS_0155_iid_support_ellipse_zb06p3_E24p5;F3NCS_0158_iid_support_cylinder_zb05p7_E11p3;F3NCS_0161_iid_support_ellipse_zb01p6_E25p7;F3NCS_0162_iid_support_ellipse_zb03p2_E17p6;F3NCS_0163_iid_support_two_foci_zb06p0_E08p1;F3NCS_0165_iid_support_ellipse_zb04p1_E25p8;F3NCS_0179_iid_support_two_foci_zb03p8_E90p2;F3NCS_0183_iid_support_cylinder_zb06p6_E10p9;F3NCS_0184_iid_support_cylinder_zb03p7_E17p7;F3NCS_0188_iid_support_cylinder_zb02p6_E41p7;F3NCS_0198_iid_support_cylinder_zb05p9_E17p9;F3NCS_0199_iid_support_ellipse_zb06p2_E37p7;F3NCS_0202_iid_support_cylinder_zb03p7_E57p3;F3NCS_0220_iid_support_two_foci_zb02p4_E32p0;F3NCS_0223_iid_support_two_foci_zb05p1_E52p3;F3NCS_0239_iid_support_ellipse_zb02p9_E06p8;F3NCS_0262_iid_support_ellipse_zb05p7_E60p2;F3NCS_0272_iid_support_ellipse_zb02p7_E33p6;F3NCS_0278_iid_support_ellipse_zb02p1_E44p7;F3NCS_0284_iid_support_ellipse_zb03p7_E68p9;F3NCS_0288_iid_support_cylinder_zb03p9_E35p1;F3NCS_0296_iid_support_cylinder_zb06p2_E15p6;F3NCS_0300_iid_support_ellipse_zb07p6_E67p9;F3NCS_0306_iid_support_ellipse_zb04p6_E40p2;F3NCS_0315_iid_support_ellipse_zb08p0_E09p3;F3NCS_0316_iid_support_two_foci_zb02p8_E06p3,method2b_512_full_comsol_recalibrated_9model,fig3_true_ood,0,split_role/ood_split_family,iid_test,230,38,52,0.2270083725452423,0.4102970957756042,0.6592273712158203,0.74725341796875,1.5458767414093018,0.8847421407699585,2.0511934757232666,0.9437255859375,2.407834529876709,0.4708977492464152,0.8967091895214536,0.2795514216351972,0.3750842247540161,0.0890543461086065,0.2818430364131927,0.6943637132644653,validation,0.9,8.951757431030273,
likelihood_guided_diffusion,0.4338981807231903,0.4472813332810195,6.988384523567238,0.0514822731582591,11.967949867248535,13.750772350467264,0.2278594103854588,52,F3NCS_0009_iid_support_ellipse_zb07p3_E22p5;F3NCS_0010_iid_support_cylinder_zb06p1_E14p0;F3NCS_0019_iid_support_two_foci_zb05p4_E27p2;F3NCS_0021_iid_support_ellipse_zb05p6_E31p9;F3NCS_0023_iid_support_cylinder_zb05p0_E06p6;F3NCS_0027_iid_support_ellipse_zb02p3_E78p6;F3NCS_0035_iid_support_ellipse_zb02p8_E30p8;F3NCS_0037_iid_support_ellipse_zb08p0_E07p6;F3NCS_0044_iid_support_ellipse_zb07p2_E08p4;F3NCS_0079_iid_support_cylinder_zb04p3_E13p0;F3NCS_0081_iid_support_ellipse_zb05p9_E06p8;F3NCS_0089_iid_support_cylinder_zb05p4_E08p5;F3NCS_0091_iid_support_two_foci_zb03p9_E39p0;F3NCS_0097_iid_support_cylinder_zb06p3_E18p9;F3NCS_0100_iid_support_cylinder_zb03p6_E34p7;F3NCS_0104_iid_support_ellipse_zb03p3_E52p9;F3NCS_0111_iid_support_ellipse_zb03p7_E19p4;F3NCS_0125_iid_support_cylinder_zb06p4_E14p2;F3NCS_0128_iid_support_two_foci_zb02p9_E23p9;F3NCS_0131_iid_support_ellipse_zb05p4_E74p1;F3NCS_0132_iid_support_cylinder_zb07p9_E08p3;F3NCS_0139_iid_support_two_foci_zb03p2_E25p1;F3NCS_0141_iid_support_cylinder_zb01p5_E37p1;F3NCS_0142_iid_support_two_foci_zb05p0_E19p6;F3NCS_0146_iid_support_two_foci_zb04p1_E20p6;F3NCS_0149_iid_support_cylinder_zb03p2_E32p2;F3NCS_0155_iid_support_ellipse_zb06p3_E24p5;F3NCS_0158_iid_support_cylinder_zb05p7_E11p3;F3NCS_0161_iid_support_ellipse_zb01p6_E25p7;F3NCS_0162_iid_support_ellipse_zb03p2_E17p6;F3NCS_0163_iid_support_two_foci_zb06p0_E08p1;F3NCS_0165_iid_support_ellipse_zb04p1_E25p8;F3NCS_0179_iid_support_two_foci_zb03p8_E90p2;F3NCS_0183_iid_support_cylinder_zb06p6_E10p9;F3NCS_0184_iid_support_cylinder_zb03p7_E17p7;F3NCS_0188_iid_support_cylinder_zb02p6_E41p7;F3NCS_0198_iid_support_cylinder_zb05p9_E17p9;F3NCS_0199_iid_support_ellipse_zb06p2_E37p7;F3NCS_0202_iid_support_cylinder_zb03p7_E57p3;F3NCS_0220_iid_support_two_foci_zb02p4_E32p0;F3NCS_0223_iid_support_two_foci_zb05p1_E52p3;F3NCS_0239_iid_support_ellipse_zb02p9_E06p8;F3NCS_0262_iid_support_ellipse_zb05p7_E60p2;F3NCS_0272_iid_support_ellipse_zb02p7_E33p6;F3NCS_0278_iid_support_ellipse_zb02p1_E44p7;F3NCS_0284_iid_support_ellipse_zb03p7_E68p9;F3NCS_0288_iid_support_cylinder_zb03p9_E35p1;F3NCS_0296_iid_support_cylinder_zb06p2_E15p6;F3NCS_0300_iid_support_ellipse_zb07p6_E67p9;F3NCS_0306_iid_support_ellipse_zb04p6_E40p2;F3NCS_0315_iid_support_ellipse_zb08p0_E09p3;F3NCS_0316_iid_support_two_foci_zb02p8_E06p3,method2b_512_full_comsol_recalibrated_9model,fig3_true_ood,0,split_role/ood_split_family,iid_test,230,38,52,0.3968512415885925,0.0151601936668157,0.0725765526294708,0.03717041015625,0.1717375218868255,0.0492506772279739,0.2283242642879486,0.0578566342592239,0.2688246071338653,0.5005469870677052,0.8886253306237833,0.3697630556634462,5.567247478504669,0.0863715039411701,0.0904034823179245,0.0774513930082321,,,,
likelihood_guided_diffusion_calibrated90,0.4338981509208679,0.4472813332810195,6.988384523567238,0.0514822496602741,11.967949867248535,13.750772350467264,0.2278594161823457,52,F3NCS_0009_iid_support_ellipse_zb07p3_E22p5;F3NCS_0010_iid_support_cylinder_zb06p1_E14p0;F3NCS_0019_iid_support_two_foci_zb05p4_E27p2;F3NCS_0021_iid_support_ellipse_zb05p6_E31p9;F3NCS_0023_iid_support_cylinder_zb05p0_E06p6;F3NCS_0027_iid_support_ellipse_zb02p3_E78p6;F3NCS_0035_iid_support_ellipse_zb02p8_E30p8;F3NCS_0037_iid_support_ellipse_zb08p0_E07p6;F3NCS_0044_iid_support_ellipse_zb07p2_E08p4;F3NCS_0079_iid_support_cylinder_zb04p3_E13p0;F3NCS_0081_iid_support_ellipse_zb05p9_E06p8;F3NCS_0089_iid_support_cylinder_zb05p4_E08p5;F3NCS_0091_iid_support_two_foci_zb03p9_E39p0;F3NCS_0097_iid_support_cylinder_zb06p3_E18p9;F3NCS_0100_iid_support_cylinder_zb03p6_E34p7;F3NCS_0104_iid_support_ellipse_zb03p3_E52p9;F3NCS_0111_iid_support_ellipse_zb03p7_E19p4;F3NCS_0125_iid_support_cylinder_zb06p4_E14p2;F3NCS_0128_iid_support_two_foci_zb02p9_E23p9;F3NCS_0131_iid_support_ellipse_zb05p4_E74p1;F3NCS_0132_iid_support_cylinder_zb07p9_E08p3;F3NCS_0139_iid_support_two_foci_zb03p2_E25p1;F3NCS_0141_iid_support_cylinder_zb01p5_E37p1;F3NCS_0142_iid_support_two_foci_zb05p0_E19p6;F3NCS_0146_iid_support_two_foci_zb04p1_E20p6;F3NCS_0149_iid_support_cylinder_zb03p2_E32p2;F3NCS_0155_iid_support_ellipse_zb06p3_E24p5;F3NCS_0158_iid_support_cylinder_zb05p7_E11p3;F3NCS_0161_iid_support_ellipse_zb01p6_E25p7;F3NCS_0162_iid_support_ellipse_zb03p2_E17p6;F3NCS_0163_iid_support_two_foci_zb06p0_E08p1;F3NCS_0165_iid_support_ellipse_zb04p1_E25p8;F3NCS_0179_iid_support_two_foci_zb03p8_E90p2;F3NCS_0183_iid_support_cylinder_zb06p6_E10p9;F3NCS_0184_iid_support_cylinder_zb03p7_E17p7;F3NCS_0188_iid_support_cylinder_zb02p6_E41p7;F3NCS_0198_iid_support_cylinder_zb05p9_E17p9;F3NCS_0199_iid_support_ellipse_zb06p2_E37p7;F3NCS_0202_iid_support_cylinder_zb03p7_E57p3;F3NCS_0220_iid_support_two_foci_zb02p4_E32p0;F3NCS_0223_iid_support_two_foci_zb05p1_E52p3;F3NCS_0239_iid_support_ellipse_zb02p9_E06p8;F3NCS_0262_iid_support_ellipse_zb05p7_E60p2;F3NCS_0272_iid_support_ellipse_zb02p7_E33p6;F3NCS_0278_iid_support_ellipse_zb02p1_E44p7;F3NCS_0284_iid_support_ellipse_zb03p7_E68p9;F3NCS_0288_iid_support_cylinder_zb03p9_E35p1;F3NCS_0296_iid_support_cylinder_zb06p2_E15p6;F3NCS_0300_iid_support_ellipse_zb07p6_E67p9;F3NCS_0306_iid_support_ellipse_zb04p6_E40p2;F3NCS_0315_iid_support_ellipse_zb08p0_E09p3;F3NCS_0316_iid_support_two_foci_zb02p8_E06p3,method2b_512_full_comsol_recalibrated_9model,fig3_true_ood,0,split_role/ood_split_family,iid_test,230,38,52,0.2255560159683227,0.4435471892356872,0.6801218390464783,0.7717707753181458,1.6093688011169434,0.9046912789344788,2.1396484375,0.9629469513893129,2.5191807746887207,0.5005469722697291,0.8886253323381924,0.3062146249862121,0.3909791388026007,0.0863715050219414,0.2972277104854584,0.7258043885231018,validation,0.9,9.371095657348633,
prior_init_diffusion_unet,0.0740103274583816,0.1541538903917839,16.24091020962016,0.2780679071751925,2.83225154876709,9.096782794722287,0.5352992550719801,52,F3NCS_0009_iid_support_ellipse_zb07p3_E22p5;F3NCS_0010_iid_support_cylinder_zb06p1_E14p0;F3NCS_0019_iid_support_two_foci_zb05p4_E27p2;F3NCS_0021_iid_support_ellipse_zb05p6_E31p9;F3NCS_0023_iid_support_cylinder_zb05p0_E06p6;F3NCS_0027_iid_support_ellipse_zb02p3_E78p6;F3NCS_0035_iid_support_ellipse_zb02p8_E30p8;F3NCS_0037_iid_support_ellipse_zb08p0_E07p6;F3NCS_0044_iid_support_ellipse_zb07p2_E08p4;F3NCS_0079_iid_support_cylinder_zb04p3_E13p0;F3NCS_0081_iid_support_ellipse_zb05p9_E06p8;F3NCS_0089_iid_support_cylinder_zb05p4_E08p5;F3NCS_0091_iid_support_two_foci_zb03p9_E39p0;F3NCS_0097_iid_support_cylinder_zb06p3_E18p9;F3NCS_0100_iid_support_cylinder_zb03p6_E34p7;F3NCS_0104_iid_support_ellipse_zb03p3_E52p9;F3NCS_0111_iid_support_ellipse_zb03p7_E19p4;F3NCS_0125_iid_support_cylinder_zb06p4_E14p2;F3NCS_0128_iid_support_two_foci_zb02p9_E23p9;F3NCS_0131_iid_support_ellipse_zb05p4_E74p1;F3NCS_0132_iid_support_cylinder_zb07p9_E08p3;F3NCS_0139_iid_support_two_foci_zb03p2_E25p1;F3NCS_0141_iid_support_cylinder_zb01p5_E37p1;F3NCS_0142_iid_support_two_foci_zb05p0_E19p6;F3NCS_0146_iid_support_two_foci_zb04p1_E20p6;F3NCS_0149_iid_support_cylinder_zb03p2_E32p2;F3NCS_0155_iid_support_ellipse_zb06p3_E24p5;F3NCS_0158_iid_support_cylinder_zb05p7_E11p3;F3NCS_0161_iid_support_ellipse_zb01p6_E25p7;F3NCS_0162_iid_support_ellipse_zb03p2_E17p6;F3NCS_0163_iid_support_two_foci_zb06p0_E08p1;F3NCS_0165_iid_support_ellipse_zb04p1_E25p8;F3NCS_0179_iid_support_two_foci_zb03p8_E90p2;F3NCS_0183_iid_support_cylinder_zb06p6_E10p9;F3NCS_0184_iid_support_cylinder_zb03p7_E17p7;F3NCS_0188_iid_support_cylinder_zb02p6_E41p7;F3NCS_0198_iid_support_cylinder_zb05p9_E17p9;F3NCS_0199_iid_support_ellipse_zb06p2_E37p7;F3NCS_0202_iid_support_cylinder_zb03p7_E57p3;F3NCS_0220_iid_support_two_foci_zb02p4_E32p0;F3NCS_0223_iid_support_two_foci_zb05p1_E52p3;F3NCS_0239_iid_support_ellipse_zb02p9_E06p8;F3NCS_0262_iid_support_ellipse_zb05p7_E60p2;F3NCS_0272_iid_support_ellipse_zb02p7_E33p6;F3NCS_0278_iid_support_ellipse_zb02p1_E44p7;F3NCS_0284_iid_support_ellipse_zb03p7_E68p9;F3NCS_0288_iid_support_cylinder_zb03p9_E35p1;F3NCS_0296_iid_support_cylinder_zb06p2_E15p6;F3NCS_0300_iid_support_ellipse_zb07p6_E67p9;F3NCS_0306_iid_support_ellipse_zb04p6_E40p2;F3NCS_0315_iid_support_ellipse_zb08p0_E09p3;F3NCS_0316_iid_support_two_foci_zb02p8_E06p3,method2b_512_full_comsol_recalibrated_9model,fig3_true_ood,0,split_role/ood_split_family,iid_test,230,38,52,0.0687789693474769,0.053072415292263,0.0126809049397706,0.1163283139467239,0.0234088096767663,0.1823824346065521,0.0292108617722988,0.2402109056711197,0.0334309190511703,0.6560501777695716,0.8644925210864964,0.1202629145827291,12.008412519023892,0.0130230743739311,0.1549780964851379,0.0094771087169647,,,,
prior_init_diffusion_unet_calibrated90,0.0740103274583816,0.1541538843502718,16.240910550032645,0.2780679570367703,2.83225154876709,9.096782794722287,0.5352992551560257,52,F3NCS_0009_iid_support_ellipse_zb07p3_E22p5;F3NCS_0010_iid_support_cylinder_zb06p1_E14p0;F3NCS_0019_iid_support_two_foci_zb05p4_E27p2;F3NCS_0021_iid_support_ellipse_zb05p6_E31p9;F3NCS_0023_iid_support_cylinder_zb05p0_E06p6;F3NCS_0027_iid_support_ellipse_zb02p3_E78p6;F3NCS_0035_iid_support_ellipse_zb02p8_E30p8;F3NCS_0037_iid_support_ellipse_zb08p0_E07p6;F3NCS_0044_iid_support_ellipse_zb07p2_E08p4;F3NCS_0079_iid_support_cylinder_zb04p3_E13p0;F3NCS_0081_iid_support_ellipse_zb05p9_E06p8;F3NCS_0089_iid_support_cylinder_zb05p4_E08p5;F3NCS_0091_iid_support_two_foci_zb03p9_E39p0;F3NCS_0097_iid_support_cylinder_zb06p3_E18p9;F3NCS_0100_iid_support_cylinder_zb03p6_E34p7;F3NCS_0104_iid_support_ellipse_zb03p3_E52p9;F3NCS_0111_iid_support_ellipse_zb03p7_E19p4;F3NCS_0125_iid_support_cylinder_zb06p4_E14p2;F3NCS_0128_iid_support_two_foci_zb02p9_E23p9;F3NCS_0131_iid_support_ellipse_zb05p4_E74p1;F3NCS_0132_iid_support_cylinder_zb07p9_E08p3;F3NCS_0139_iid_support_two_foci_zb03p2_E25p1;F3NCS_0141_iid_support_cylinder_zb01p5_E37p1;F3NCS_0142_iid_support_two_foci_zb05p0_E19p6;F3NCS_0146_iid_support_two_foci_zb04p1_E20p6;F3NCS_0149_iid_support_cylinder_zb03p2_E32p2;F3NCS_0155_iid_support_ellipse_zb06p3_E24p5;F3NCS_0158_iid_support_cylinder_zb05p7_E11p3;F3NCS_0161_iid_support_ellipse_zb01p6_E25p7;F3NCS_0162_iid_support_ellipse_zb03p2_E17p6;F3NCS_0163_iid_support_two_foci_zb06p0_E08p1;F3NCS_0165_iid_support_ellipse_zb04p1_E25p8;F3NCS_0179_iid_support_two_foci_zb03p8_E90p2;F3NCS_0183_iid_support_cylinder_zb06p6_E10p9;F3NCS_0184_iid_support_cylinder_zb03p7_E17p7;F3NCS_0188_iid_support_cylinder_zb02p6_E41p7;F3NCS_0198_iid_support_cylinder_zb05p9_E17p9;F3NCS_0199_iid_support_ellipse_zb06p2_E37p7;F3NCS_0202_iid_support_cylinder_zb03p7_E57p3;F3NCS_0220_iid_support_two_foci_zb02p4_E32p0;F3NCS_0223_iid_support_two_foci_zb05p1_E52p3;F3NCS_0239_iid_support_ellipse_zb02p9_E06p8;F3NCS_0262_iid_support_ellipse_zb05p7_E60p2;F3NCS_0272_iid_support_ellipse_zb02p7_E33p6;F3NCS_0278_iid_support_ellipse_zb02p1_E44p7;F3NCS_0284_iid_support_ellipse_zb03p7_E68p9;F3NCS_0288_iid_support_cylinder_zb03p9_E35p1;F3NCS_0296_iid_support_cylinder_zb06p2_E15p6;F3NCS_0300_iid_support_ellipse_zb07p6_E67p9;F3NCS_0306_iid_support_ellipse_zb04p6_E40p2;F3NCS_0315_iid_support_ellipse_zb08p0_E09p3;F3NCS_0316_iid_support_two_foci_zb02p8_E06p3,method2b_512_full_comsol_recalibrated_9model,fig3_true_ood,0,split_role/ood_split_family,iid_test,230,38,52,0.0618789866566658,0.815673828125,0.136230930685997,0.8849299550056458,0.251480758190155,0.9101609587669371,0.3138121366500854,0.9252225160598756,0.3591482043266296,0.6560501688051281,0.8644925225559899,0.0279274783075792,0.2108737889081099,0.0130230746085346,0.438108742237091,0.1018125489354133,validation,0.9,10.742996215820312,
residual_likelihood_guided_diffusion,0.0740314796566963,0.1541372390854684,16.241848487730024,0.2774838879704475,2.8322994709014893,9.095858929106315,0.5350890692196306,52,F3NCS_0009_iid_support_ellipse_zb07p3_E22p5;F3NCS_0010_iid_support_cylinder_zb06p1_E14p0;F3NCS_0019_iid_support_two_foci_zb05p4_E27p2;F3NCS_0021_iid_support_ellipse_zb05p6_E31p9;F3NCS_0023_iid_support_cylinder_zb05p0_E06p6;F3NCS_0027_iid_support_ellipse_zb02p3_E78p6;F3NCS_0035_iid_support_ellipse_zb02p8_E30p8;F3NCS_0037_iid_support_ellipse_zb08p0_E07p6;F3NCS_0044_iid_support_ellipse_zb07p2_E08p4;F3NCS_0079_iid_support_cylinder_zb04p3_E13p0;F3NCS_0081_iid_support_ellipse_zb05p9_E06p8;F3NCS_0089_iid_support_cylinder_zb05p4_E08p5;F3NCS_0091_iid_support_two_foci_zb03p9_E39p0;F3NCS_0097_iid_support_cylinder_zb06p3_E18p9;F3NCS_0100_iid_support_cylinder_zb03p6_E34p7;F3NCS_0104_iid_support_ellipse_zb03p3_E52p9;F3NCS_0111_iid_support_ellipse_zb03p7_E19p4;F3NCS_0125_iid_support_cylinder_zb06p4_E14p2;F3NCS_0128_iid_support_two_foci_zb02p9_E23p9;F3NCS_0131_iid_support_ellipse_zb05p4_E74p1;F3NCS_0132_iid_support_cylinder_zb07p9_E08p3;F3NCS_0139_iid_support_two_foci_zb03p2_E25p1;F3NCS_0141_iid_support_cylinder_zb01p5_E37p1;F3NCS_0142_iid_support_two_foci_zb05p0_E19p6;F3NCS_0146_iid_support_two_foci_zb04p1_E20p6;F3NCS_0149_iid_support_cylinder_zb03p2_E32p2;F3NCS_0155_iid_support_ellipse_zb06p3_E24p5;F3NCS_0158_iid_support_cylinder_zb05p7_E11p3;F3NCS_0161_iid_support_ellipse_zb01p6_E25p7;F3NCS_0162_iid_support_ellipse_zb03p2_E17p6;F3NCS_0163_iid_support_two_foci_zb06p0_E08p1;F3NCS_0165_iid_support_ellipse_zb04p1_E25p8;F3NCS_0179_iid_support_two_foci_zb03p8_E90p2;F3NCS_0183_iid_support_cylinder_zb06p6_E10p9;F3NCS_0184_iid_support_cylinder_zb03p7_E17p7;F3NCS_0188_iid_support_cylinder_zb02p6_E41p7;F3NCS_0198_iid_support_cylinder_zb05p9_E17p9;F3NCS_0199_iid_support_ellipse_zb06p2_E37p7;F3NCS_0202_iid_support_cylinder_zb03p7_E57p3;F3NCS_0220_iid_support_two_foci_zb02p4_E32p0;F3NCS_0223_iid_support_two_foci_zb05p1_E52p3;F3NCS_0239_iid_support_ellipse_zb02p9_E06p8;F3NCS_0262_iid_support_ellipse_zb05p7_E60p2;F3NCS_0272_iid_support_ellipse_zb02p7_E33p6;F3NCS_0278_iid_support_ellipse_zb02p1_E44p7;F3NCS_0284_iid_support_ellipse_zb03p7_E68p9;F3NCS_0288_iid_support_cylinder_zb03p9_E35p1;F3NCS_0296_iid_support_cylinder_zb06p2_E15p6;F3NCS_0300_iid_support_ellipse_zb07p6_E67p9;F3NCS_0306_iid_support_ellipse_zb04p6_E40p2;F3NCS_0315_iid_support_ellipse_zb08p0_E09p3;F3NCS_0316_iid_support_two_foci_zb02p8_E06p3,method2b_512_full_comsol_recalibrated_9model,fig3_true_ood,0,split_role/ood_split_family,iid_test,230,38,52,0.0688057839870452,0.0528987012803554,0.012664689682424,0.1157743036746978,0.0233811270445585,0.1810208857059478,0.0291722938418388,0.2385817319154739,0.033390536904335,0.6566962707179188,0.8642230148833236,0.1203864110256286,12.057596972223616,0.0131478863271958,0.1546607315540313,0.0094659142196178,,,,
residual_likelihood_guided_diffusion_calibrated90,0.0740314796566963,0.1541372451276329,16.241848147244017,0.2774838375357481,2.83229923248291,9.095859348494658,0.5350890710799421,52,F3NCS_0009_iid_support_ellipse_zb07p3_E22p5;F3NCS_0010_iid_support_cylinder_zb06p1_E14p0;F3NCS_0019_iid_support_two_foci_zb05p4_E27p2;F3NCS_0021_iid_support_ellipse_zb05p6_E31p9;F3NCS_0023_iid_support_cylinder_zb05p0_E06p6;F3NCS_0027_iid_support_ellipse_zb02p3_E78p6;F3NCS_0035_iid_support_ellipse_zb02p8_E30p8;F3NCS_0037_iid_support_ellipse_zb08p0_E07p6;F3NCS_0044_iid_support_ellipse_zb07p2_E08p4;F3NCS_0079_iid_support_cylinder_zb04p3_E13p0;F3NCS_0081_iid_support_ellipse_zb05p9_E06p8;F3NCS_0089_iid_support_cylinder_zb05p4_E08p5;F3NCS_0091_iid_support_two_foci_zb03p9_E39p0;F3NCS_0097_iid_support_cylinder_zb06p3_E18p9;F3NCS_0100_iid_support_cylinder_zb03p6_E34p7;F3NCS_0104_iid_support_ellipse_zb03p3_E52p9;F3NCS_0111_iid_support_ellipse_zb03p7_E19p4;F3NCS_0125_iid_support_cylinder_zb06p4_E14p2;F3NCS_0128_iid_support_two_foci_zb02p9_E23p9;F3NCS_0131_iid_support_ellipse_zb05p4_E74p1;F3NCS_0132_iid_support_cylinder_zb07p9_E08p3;F3NCS_0139_iid_support_two_foci_zb03p2_E25p1;F3NCS_0141_iid_support_cylinder_zb01p5_E37p1;F3NCS_0142_iid_support_two_foci_zb05p0_E19p6;F3NCS_0146_iid_support_two_foci_zb04p1_E20p6;F3NCS_0149_iid_support_cylinder_zb03p2_E32p2;F3NCS_0155_iid_support_ellipse_zb06p3_E24p5;F3NCS_0158_iid_support_cylinder_zb05p7_E11p3;F3NCS_0161_iid_support_ellipse_zb01p6_E25p7;F3NCS_0162_iid_support_ellipse_zb03p2_E17p6;F3NCS_0163_iid_support_two_foci_zb06p0_E08p1;F3NCS_0165_iid_support_ellipse_zb04p1_E25p8;F3NCS_0179_iid_support_two_foci_zb03p8_E90p2;F3NCS_0183_iid_support_cylinder_zb06p6_E10p9;F3NCS_0184_iid_support_cylinder_zb03p7_E17p7;F3NCS_0188_iid_support_cylinder_zb02p6_E41p7;F3NCS_0198_iid_support_cylinder_zb05p9_E17p9;F3NCS_0199_iid_support_ellipse_zb06p2_E37p7;F3NCS_0202_iid_support_cylinder_zb03p7_E57p3;F3NCS_0220_iid_support_two_foci_zb02p4_E32p0;F3NCS_0223_iid_support_two_foci_zb05p1_E52p3;F3NCS_0239_iid_support_ellipse_zb02p9_E06p8;F3NCS_0262_iid_support_ellipse_zb05p7_E60p2;F3NCS_0272_iid_support_ellipse_zb02p7_E33p6;F3NCS_0278_iid_support_ellipse_zb02p1_E44p7;F3NCS_0284_iid_support_ellipse_zb03p7_E68p9;F3NCS_0288_iid_support_cylinder_zb03p9_E35p1;F3NCS_0296_iid_support_cylinder_zb06p2_E15p6;F3NCS_0300_iid_support_ellipse_zb07p6_E67p9;F3NCS_0306_iid_support_ellipse_zb04p6_E40p2;F3NCS_0315_iid_support_ellipse_zb08p0_E09p3;F3NCS_0316_iid_support_two_foci_zb02p8_E06p3,method2b_512_full_comsol_recalibrated_9model,fig3_true_ood,0,split_role/ood_split_family,iid_test,230,38,52,0.0619105398654937,0.8161433339118958,0.136403888463974,0.885267972946167,0.2518243491649627,0.9103675484657288,0.3141975998878479,0.9250206351280212,0.3596297800540924,0.6566962742059154,0.8642230154956126,0.0279005466355289,0.2123583333598023,0.0131478821707335,0.438017189502716,0.1019517704844474,validation,0.9,10.770410537719728,
explicit_residual_target_diffusion,0.0747402384877204,0.1532629476735933,16.2912565201168,0.3016316423622461,2.830443382263184,9.22498423670634,0.5483246364838945,52,F3NCS_0009_iid_support_ellipse_zb07p3_E22p5;F3NCS_0010_iid_support_cylinder_zb06p1_E14p0;F3NCS_0019_iid_support_two_foci_zb05p4_E27p2;F3NCS_0021_iid_support_ellipse_zb05p6_E31p9;F3NCS_0023_iid_support_cylinder_zb05p0_E06p6;F3NCS_0027_iid_support_ellipse_zb02p3_E78p6;F3NCS_0035_iid_support_ellipse_zb02p8_E30p8;F3NCS_0037_iid_support_ellipse_zb08p0_E07p6;F3NCS_0044_iid_support_ellipse_zb07p2_E08p4;F3NCS_0079_iid_support_cylinder_zb04p3_E13p0;F3NCS_0081_iid_support_ellipse_zb05p9_E06p8;F3NCS_0089_iid_support_cylinder_zb05p4_E08p5;F3NCS_0091_iid_support_two_foci_zb03p9_E39p0;F3NCS_0097_iid_support_cylinder_zb06p3_E18p9;F3NCS_0100_iid_support_cylinder_zb03p6_E34p7;F3NCS_0104_iid_support_ellipse_zb03p3_E52p9;F3NCS_0111_iid_support_ellipse_zb03p7_E19p4;F3NCS_0125_iid_support_cylinder_zb06p4_E14p2;F3NCS_0128_iid_support_two_foci_zb02p9_E23p9;F3NCS_0131_iid_support_ellipse_zb05p4_E74p1;F3NCS_0132_iid_support_cylinder_zb07p9_E08p3;F3NCS_0139_iid_support_two_foci_zb03p2_E25p1;F3NCS_0141_iid_support_cylinder_zb01p5_E37p1;F3NCS_0142_iid_support_two_foci_zb05p0_E19p6;F3NCS_0146_iid_support_two_foci_zb04p1_E20p6;F3NCS_0149_iid_support_cylinder_zb03p2_E32p2;F3NCS_0155_iid_support_ellipse_zb06p3_E24p5;F3NCS_0158_iid_support_cylinder_zb05p7_E11p3;F3NCS_0161_iid_support_ellipse_zb01p6_E25p7;F3NCS_0162_iid_support_ellipse_zb03p2_E17p6;F3NCS_0163_iid_support_two_foci_zb06p0_E08p1;F3NCS_0165_iid_support_ellipse_zb04p1_E25p8;F3NCS_0179_iid_support_two_foci_zb03p8_E90p2;F3NCS_0183_iid_support_cylinder_zb06p6_E10p9;F3NCS_0184_iid_support_cylinder_zb03p7_E17p7;F3NCS_0188_iid_support_cylinder_zb02p6_E41p7;F3NCS_0198_iid_support_cylinder_zb05p9_E17p9;F3NCS_0199_iid_support_ellipse_zb06p2_E37p7;F3NCS_0202_iid_support_cylinder_zb03p7_E57p3;F3NCS_0220_iid_support_two_foci_zb02p4_E32p0;F3NCS_0223_iid_support_two_foci_zb05p1_E52p3;F3NCS_0239_iid_support_ellipse_zb02p9_E06p8;F3NCS_0262_iid_support_ellipse_zb05p7_E60p2;F3NCS_0272_iid_support_ellipse_zb02p7_E33p6;F3NCS_0278_iid_support_ellipse_zb02p1_E44p7;F3NCS_0284_iid_support_ellipse_zb03p7_E68p9;F3NCS_0288_iid_support_cylinder_zb03p9_E35p1;F3NCS_0296_iid_support_cylinder_zb06p2_E15p6;F3NCS_0300_iid_support_ellipse_zb07p6_E67p9;F3NCS_0306_iid_support_ellipse_zb04p6_E40p2;F3NCS_0315_iid_support_ellipse_zb08p0_E09p3;F3NCS_0316_iid_support_two_foci_zb02p8_E06p3,method2b_512_full_comsol_recalibrated_9model,fig3_true_ood,0,split_role/ood_split_family,iid_test,230,38,52,0.0563575737178325,0.5863037109375,0.0352782011032104,0.751356840133667,0.079529233276844,0.8126220703125,0.1194347590208053,0.8464871644973755,0.1568986475467682,0.7879069577265282,0.799436455747331,0.0929339501719002,3.099652213091046,0.0169099476668235,0.3950033783912658,0.0463048629462718,,,,0.7345742583274841
explicit_residual_target_diffusion_calibrated90,0.0747402384877204,0.1532629476735933,16.2912565201168,0.3016316403563206,2.830443382263184,9.22498423670634,0.5483246366656378,52,F3NCS_0009_iid_support_ellipse_zb07p3_E22p5;F3NCS_0010_iid_support_cylinder_zb06p1_E14p0;F3NCS_0019_iid_support_two_foci_zb05p4_E27p2;F3NCS_0021_iid_support_ellipse_zb05p6_E31p9;F3NCS_0023_iid_support_cylinder_zb05p0_E06p6;F3NCS_0027_iid_support_ellipse_zb02p3_E78p6;F3NCS_0035_iid_support_ellipse_zb02p8_E30p8;F3NCS_0037_iid_support_ellipse_zb08p0_E07p6;F3NCS_0044_iid_support_ellipse_zb07p2_E08p4;F3NCS_0079_iid_support_cylinder_zb04p3_E13p0;F3NCS_0081_iid_support_ellipse_zb05p9_E06p8;F3NCS_0089_iid_support_cylinder_zb05p4_E08p5;F3NCS_0091_iid_support_two_foci_zb03p9_E39p0;F3NCS_0097_iid_support_cylinder_zb06p3_E18p9;F3NCS_0100_iid_support_cylinder_zb03p6_E34p7;F3NCS_0104_iid_support_ellipse_zb03p3_E52p9;F3NCS_0111_iid_support_ellipse_zb03p7_E19p4;F3NCS_0125_iid_support_cylinder_zb06p4_E14p2;F3NCS_0128_iid_support_two_foci_zb02p9_E23p9;F3NCS_0131_iid_support_ellipse_zb05p4_E74p1;F3NCS_0132_iid_support_cylinder_zb07p9_E08p3;F3NCS_0139_iid_support_two_foci_zb03p2_E25p1;F3NCS_0141_iid_support_cylinder_zb01p5_E37p1;F3NCS_0142_iid_support_two_foci_zb05p0_E19p6;F3NCS_0146_iid_support_two_foci_zb04p1_E20p6;F3NCS_0149_iid_support_cylinder_zb03p2_E32p2;F3NCS_0155_iid_support_ellipse_zb06p3_E24p5;F3NCS_0158_iid_support_cylinder_zb05p7_E11p3;F3NCS_0161_iid_support_ellipse_zb01p6_E25p7;F3NCS_0162_iid_support_ellipse_zb03p2_E17p6;F3NCS_0163_iid_support_two_foci_zb06p0_E08p1;F3NCS_0165_iid_support_ellipse_zb04p1_E25p8;F3NCS_0179_iid_support_two_foci_zb03p8_E90p2;F3NCS_0183_iid_support_cylinder_zb06p6_E10p9;F3NCS_0184_iid_support_cylinder_zb03p7_E17p7;F3NCS_0188_iid_support_cylinder_zb02p6_E41p7;F3NCS_0198_iid_support_cylinder_zb05p9_E17p9;F3NCS_0199_iid_support_ellipse_zb06p2_E37p7;F3NCS_0202_iid_support_cylinder_zb03p7_E57p3;F3NCS_0220_iid_support_two_foci_zb02p4_E32p0;F3NCS_0223_iid_support_two_foci_zb05p1_E52p3;F3NCS_0239_iid_support_ellipse_zb02p9_E06p8;F3NCS_0262_iid_support_ellipse_zb05p7_E60p2;F3NCS_0272_iid_support_ellipse_zb02p7_E33p6;F3NCS_0278_iid_support_ellipse_zb02p1_E44p7;F3NCS_0284_iid_support_ellipse_zb03p7_E68p9;F3NCS_0288_iid_support_cylinder_zb03p9_E35p1;F3NCS_0296_iid_support_cylinder_zb06p2_E15p6;F3NCS_0300_iid_support_ellipse_zb07p6_E67p9;F3NCS_0306_iid_support_ellipse_zb04p6_E40p2;F3NCS_0315_iid_support_ellipse_zb08p0_E09p3;F3NCS_0316_iid_support_two_foci_zb02p8_E06p3,method2b_512_full_comsol_recalibrated_9model,fig3_true_ood,0,split_role/ood_split_family,iid_test,230,38,52,0.0569602809846401,0.7310556173324585,0.0791715085506439,0.871168851852417,0.1784798949956894,0.9128512144088744,0.2680360972881317,0.9348849058151244,0.352112740278244,0.7879069548459374,0.7994364572168244,0.0356890714555132,0.8281004319129703,0.0169099457736766,0.519206702709198,0.1039176136255264,validation,0.9,2.2442049980163574,0.7345742583274841
explicit_residual_likelihood_guided_diffusion,0.0750018879771232,0.1538179061734753,16.25986209437515,0.3036682144380532,2.8271970748901367,9.21478744948888,0.5421036910778667,52,F3NCS_0009_iid_support_ellipse_zb07p3_E22p5;F3NCS_0010_iid_support_cylinder_zb06p1_E14p0;F3NCS_0019_iid_support_two_foci_zb05p4_E27p2;F3NCS_0021_iid_support_ellipse_zb05p6_E31p9;F3NCS_0023_iid_support_cylinder_zb05p0_E06p6;F3NCS_0027_iid_support_ellipse_zb02p3_E78p6;F3NCS_0035_iid_support_ellipse_zb02p8_E30p8;F3NCS_0037_iid_support_ellipse_zb08p0_E07p6;F3NCS_0044_iid_support_ellipse_zb07p2_E08p4;F3NCS_0079_iid_support_cylinder_zb04p3_E13p0;F3NCS_0081_iid_support_ellipse_zb05p9_E06p8;F3NCS_0089_iid_support_cylinder_zb05p4_E08p5;F3NCS_0091_iid_support_two_foci_zb03p9_E39p0;F3NCS_0097_iid_support_cylinder_zb06p3_E18p9;F3NCS_0100_iid_support_cylinder_zb03p6_E34p7;F3NCS_0104_iid_support_ellipse_zb03p3_E52p9;F3NCS_0111_iid_support_ellipse_zb03p7_E19p4;F3NCS_0125_iid_support_cylinder_zb06p4_E14p2;F3NCS_0128_iid_support_two_foci_zb02p9_E23p9;F3NCS_0131_iid_support_ellipse_zb05p4_E74p1;F3NCS_0132_iid_support_cylinder_zb07p9_E08p3;F3NCS_0139_iid_support_two_foci_zb03p2_E25p1;F3NCS_0141_iid_support_cylinder_zb01p5_E37p1;F3NCS_0142_iid_support_two_foci_zb05p0_E19p6;F3NCS_0146_iid_support_two_foci_zb04p1_E20p6;F3NCS_0149_iid_support_cylinder_zb03p2_E32p2;F3NCS_0155_iid_support_ellipse_zb06p3_E24p5;F3NCS_0158_iid_support_cylinder_zb05p7_E11p3;F3NCS_0161_iid_support_ellipse_zb01p6_E25p7;F3NCS_0162_iid_support_ellipse_zb03p2_E17p6;F3NCS_0163_iid_support_two_foci_zb06p0_E08p1;F3NCS_0165_iid_support_ellipse_zb04p1_E25p8;F3NCS_0179_iid_support_two_foci_zb03p8_E90p2;F3NCS_0183_iid_support_cylinder_zb06p6_E10p9;F3NCS_0184_iid_support_cylinder_zb03p7_E17p7;F3NCS_0188_iid_support_cylinder_zb02p6_E41p7;F3NCS_0198_iid_support_cylinder_zb05p9_E17p9;F3NCS_0199_iid_support_ellipse_zb06p2_E37p7;F3NCS_0202_iid_support_cylinder_zb03p7_E57p3;F3NCS_0220_iid_support_two_foci_zb02p4_E32p0;F3NCS_0223_iid_support_two_foci_zb05p1_E52p3;F3NCS_0239_iid_support_ellipse_zb02p9_E06p8;F3NCS_0262_iid_support_ellipse_zb05p7_E60p2;F3NCS_0272_iid_support_ellipse_zb02p7_E33p6;F3NCS_0278_iid_support_ellipse_zb02p1_E44p7;F3NCS_0284_iid_support_ellipse_zb03p7_E68p9;F3NCS_0288_iid_support_cylinder_zb03p9_E35p1;F3NCS_0296_iid_support_cylinder_zb06p2_E15p6;F3NCS_0300_iid_support_ellipse_zb07p6_E67p9;F3NCS_0306_iid_support_ellipse_zb04p6_E40p2;F3NCS_0315_iid_support_ellipse_zb08p0_E09p3;F3NCS_0316_iid_support_two_foci_zb02p8_E06p3,method2b_512_full_comsol_recalibrated_9model,fig3_true_ood,0,split_role/ood_split_family,iid_test,230,38,52,0.0564766116440296,0.5750497579574585,0.0347159542143344,0.747788667678833,0.0796204954385757,0.8117863535881042,0.1205913498997688,0.8469660878181458,0.1590581685304641,0.7930122372231198,0.7994393530986083,0.0952732860416255,3.4945173679121955,0.0178274976390005,0.3952181935310364,0.0467131063342094,,,,0.7345742583274841
explicit_residual_likelihood_guided_diffusion_calibrated90,0.0750018879771232,0.1538179061734753,16.25986209437515,0.3036681952384802,2.8271970748901367,9.21478703551326,0.5421036913986489,52,F3NCS_0009_iid_support_ellipse_zb07p3_E22p5;F3NCS_0010_iid_support_cylinder_zb06p1_E14p0;F3NCS_0019_iid_support_two_foci_zb05p4_E27p2;F3NCS_0021_iid_support_ellipse_zb05p6_E31p9;F3NCS_0023_iid_support_cylinder_zb05p0_E06p6;F3NCS_0027_iid_support_ellipse_zb02p3_E78p6;F3NCS_0035_iid_support_ellipse_zb02p8_E30p8;F3NCS_0037_iid_support_ellipse_zb08p0_E07p6;F3NCS_0044_iid_support_ellipse_zb07p2_E08p4;F3NCS_0079_iid_support_cylinder_zb04p3_E13p0;F3NCS_0081_iid_support_ellipse_zb05p9_E06p8;F3NCS_0089_iid_support_cylinder_zb05p4_E08p5;F3NCS_0091_iid_support_two_foci_zb03p9_E39p0;F3NCS_0097_iid_support_cylinder_zb06p3_E18p9;F3NCS_0100_iid_support_cylinder_zb03p6_E34p7;F3NCS_0104_iid_support_ellipse_zb03p3_E52p9;F3NCS_0111_iid_support_ellipse_zb03p7_E19p4;F3NCS_0125_iid_support_cylinder_zb06p4_E14p2;F3NCS_0128_iid_support_two_foci_zb02p9_E23p9;F3NCS_0131_iid_support_ellipse_zb05p4_E74p1;F3NCS_0132_iid_support_cylinder_zb07p9_E08p3;F3NCS_0139_iid_support_two_foci_zb03p2_E25p1;F3NCS_0141_iid_support_cylinder_zb01p5_E37p1;F3NCS_0142_iid_support_two_foci_zb05p0_E19p6;F3NCS_0146_iid_support_two_foci_zb04p1_E20p6;F3NCS_0149_iid_support_cylinder_zb03p2_E32p2;F3NCS_0155_iid_support_ellipse_zb06p3_E24p5;F3NCS_0158_iid_support_cylinder_zb05p7_E11p3;F3NCS_0161_iid_support_ellipse_zb01p6_E25p7;F3NCS_0162_iid_support_ellipse_zb03p2_E17p6;F3NCS_0163_iid_support_two_foci_zb06p0_E08p1;F3NCS_0165_iid_support_ellipse_zb04p1_E25p8;F3NCS_0179_iid_support_two_foci_zb03p8_E90p2;F3NCS_0183_iid_support_cylinder_zb06p6_E10p9;F3NCS_0184_iid_support_cylinder_zb03p7_E17p7;F3NCS_0188_iid_support_cylinder_zb02p6_E41p7;F3NCS_0198_iid_support_cylinder_zb05p9_E17p9;F3NCS_0199_iid_support_ellipse_zb06p2_E37p7;F3NCS_0202_iid_support_cylinder_zb03p7_E57p3;F3NCS_0220_iid_support_two_foci_zb02p4_E32p0;F3NCS_0223_iid_support_two_foci_zb05p1_E52p3;F3NCS_0239_iid_support_ellipse_zb02p9_E06p8;F3NCS_0262_iid_support_ellipse_zb05p7_E60p2;F3NCS_0272_iid_support_ellipse_zb02p7_E33p6;F3NCS_0278_iid_support_ellipse_zb02p1_E44p7;F3NCS_0284_iid_support_ellipse_zb03p7_E68p9;F3NCS_0288_iid_support_cylinder_zb03p9_E35p1;F3NCS_0296_iid_support_cylinder_zb06p2_E15p6;F3NCS_0300_iid_support_ellipse_zb07p6_E67p9;F3NCS_0306_iid_support_ellipse_zb04p6_E40p2;F3NCS_0315_iid_support_ellipse_zb08p0_E09p3;F3NCS_0316_iid_support_two_foci_zb02p8_E06p3,method2b_512_full_comsol_recalibrated_9model,fig3_true_ood,0,split_role/ood_split_family,iid_test,230,38,52,0.0567538626492023,0.7251164317131042,0.0762625634670257,0.870957612991333,0.1749069839715957,0.915696382522583,0.2649100422859192,0.9370821714401244,0.3494124114513397,0.7930122337074095,0.7994393526087771,0.0393689767454841,1.0459769927343414,0.01782749762352,0.5205695629119873,0.1026174202561378,validation,0.9,2.196758508682251,0.7345742583274841
train_mean_prior,0.1438805907964706,0.2227556441798263,13.043425660066552,0.0330969039350748,4.35940408706665,13.246117364878684,,64,F3NCS_0384_ood_unseen_depth_range_two_foci_zb11p3_E39p2;F3NCS_0385_ood_unseen_depth_range_cylinder_zb11p5_E77p5;F3NCS_0386_ood_unseen_depth_range_ellipse_zb09p6_E94p6;F3NCS_0387_ood_unseen_depth_range_ellipse_zb10p9_E15p1;F3NCS_0388_ood_unseen_depth_range_two_foci_zb12p8_E07p0;F3NCS_0389_ood_unseen_depth_range_two_foci_zb08p9_E35p1;F3NCS_0390_ood_unseen_depth_range_two_foci_zb08p6_E39p9;F3NCS_0391_ood_unseen_depth_range_ellipse_zb11p5_E49p0;F3NCS_0392_ood_unseen_depth_range_two_foci_zb09p8_E39p6;F3NCS_0393_ood_unseen_depth_range_two_foci_zb13p5_E10p5;F3NCS_0394_ood_unseen_depth_range_cylinder_zb13p1_E17p7;F3NCS_0395_ood_unseen_depth_range_ellipse_zb11p9_E19p2;F3NCS_0396_ood_unseen_depth_range_ellipse_zb12p8_E35p8;F3NCS_0397_ood_unseen_depth_range_ellipse_zb11p0_E90p4;F3NCS_0398_ood_unseen_depth_range_two_foci_zb09p3_E06p2;F3NCS_0399_ood_unseen_depth_range_two_foci_zb12p6_E13p2;F3NCS_0400_ood_unseen_depth_range_ellipse_zb13p7_E19p7;F3NCS_0401_ood_unseen_depth_range_ellipse_zb09p5_E63p3;F3NCS_0402_ood_unseen_depth_range_cylinder_zb09p7_E17p8;F3NCS_0403_ood_unseen_depth_range_cylinder_zb13p3_E13p7;F3NCS_0404_ood_unseen_depth_range_two_foci_zb08p6_E25p9;F3NCS_0405_ood_unseen_depth_range_cylinder_zb09p6_E16p6;F3NCS_0406_ood_unseen_depth_range_two_foci_zb12p7_E08p4;F3NCS_0407_ood_unseen_depth_range_two_foci_zb10p5_E11p3;F3NCS_0408_ood_unseen_depth_range_ellipse_zb12p1_E31p3;F3NCS_0409_ood_unseen_depth_range_two_foci_zb08p9_E07p6;F3NCS_0410_ood_unseen_depth_range_ellipse_zb13p0_E23p5;F3NCS_0411_ood_unseen_depth_range_two_foci_zb14p0_E48p4;F3NCS_0412_ood_unseen_depth_range_ellipse_zb12p8_E74p8;F3NCS_0413_ood_unseen_depth_range_ellipse_zb12p0_E10p1;F3NCS_0414_ood_unseen_depth_range_cylinder_zb10p0_E74p1;F3NCS_0415_ood_unseen_depth_range_two_foci_zb11p6_E74p6;F3NCS_0416_ood_unseen_depth_range_two_foci_zb10p5_E76p3;F3NCS_0417_ood_unseen_depth_range_two_foci_zb13p3_E17p8;F3NCS_0418_ood_unseen_depth_range_ellipse_zb13p8_E28p3;F3NCS_0419_ood_unseen_depth_range_ellipse_zb09p0_E16p3;F3NCS_0420_ood_unseen_depth_range_cylinder_zb13p3_E28p6;F3NCS_0421_ood_unseen_depth_range_cylinder_zb11p0_E23p8;F3NCS_0422_ood_unseen_depth_range_ellipse_zb11p4_E23p6;F3NCS_0423_ood_unseen_depth_range_ellipse_zb09p3_E11p4;F3NCS_0424_ood_unseen_depth_range_ellipse_zb11p1_E21p4;F3NCS_0425_ood_unseen_depth_range_two_foci_zb13p1_E09p6;F3NCS_0426_ood_unseen_depth_range_cylinder_zb10p6_E06p2;F3NCS_0427_ood_unseen_depth_range_ellipse_zb13p9_E58p6;F3NCS_0428_ood_unseen_depth_range_ellipse_zb10p2_E73p0;F3NCS_0429_ood_unseen_depth_range_two_foci_zb09p5_E07p0;F3NCS_0430_ood_unseen_depth_range_two_foci_zb11p3_E33p1;F3NCS_0431_ood_unseen_depth_range_cylinder_zb08p8_E06p7;F3NCS_0432_ood_unseen_depth_range_cylinder_zb09p3_E08p3;F3NCS_0433_ood_unseen_depth_range_cylinder_zb12p9_E86p3;F3NCS_0434_ood_unseen_depth_range_ellipse_zb13p9_E71p4;F3NCS_0435_ood_unseen_depth_range_cylinder_zb10p5_E25p4;F3NCS_0436_ood_unseen_depth_range_ellipse_zb11p9_E84p1;F3NCS_0437_ood_unseen_depth_range_ellipse_zb10p1_E14p8;F3NCS_0438_ood_unseen_depth_range_ellipse_zb10p1_E24p0;F3NCS_0439_ood_unseen_depth_range_ellipse_zb10p5_E33p5;F3NCS_0440_ood_unseen_depth_range_two_foci_zb12p0_E12p1;F3NCS_0441_ood_unseen_depth_range_ellipse_zb12p4_E06p2;F3NCS_0442_ood_unseen_depth_range_ellipse_zb11p7_E13p1;F3NCS_0443_ood_unseen_depth_range_ellipse_zb11p2_E14p1;F3NCS_0444_ood_unseen_depth_range_ellipse_zb10p4_E07p3;F3NCS_0445_ood_unseen_depth_range_two_foci_zb13p3_E51p9;F3NCS_0446_ood_unseen_depth_range_cylinder_zb12p2_E10p8;F3NCS_0447_ood_unseen_depth_range_two_foci_zb11p7_E11p2,method2b_512_full_comsol_recalibrated_9model,fig3_true_ood,1,split_role/ood_split_family,ood_unseen_depth_range,230,38,64,,,,,,,,,,,,,,,,,,,,
srcnn_bz_single_channel,0.1184992343187332,0.2115357269492994,13.492325454044764,0.1713745828019455,4.088963985443115,12.966703763645588,0.3223777914927602,64,F3NCS_0384_ood_unseen_depth_range_two_foci_zb11p3_E39p2;F3NCS_0385_ood_unseen_depth_range_cylinder_zb11p5_E77p5;F3NCS_0386_ood_unseen_depth_range_ellipse_zb09p6_E94p6;F3NCS_0387_ood_unseen_depth_range_ellipse_zb10p9_E15p1;F3NCS_0388_ood_unseen_depth_range_two_foci_zb12p8_E07p0;F3NCS_0389_ood_unseen_depth_range_two_foci_zb08p9_E35p1;F3NCS_0390_ood_unseen_depth_range_two_foci_zb08p6_E39p9;F3NCS_0391_ood_unseen_depth_range_ellipse_zb11p5_E49p0;F3NCS_0392_ood_unseen_depth_range_two_foci_zb09p8_E39p6;F3NCS_0393_ood_unseen_depth_range_two_foci_zb13p5_E10p5;F3NCS_0394_ood_unseen_depth_range_cylinder_zb13p1_E17p7;F3NCS_0395_ood_unseen_depth_range_ellipse_zb11p9_E19p2;F3NCS_0396_ood_unseen_depth_range_ellipse_zb12p8_E35p8;F3NCS_0397_ood_unseen_depth_range_ellipse_zb11p0_E90p4;F3NCS_0398_ood_unseen_depth_range_two_foci_zb09p3_E06p2;F3NCS_0399_ood_unseen_depth_range_two_foci_zb12p6_E13p2;F3NCS_0400_ood_unseen_depth_range_ellipse_zb13p7_E19p7;F3NCS_0401_ood_unseen_depth_range_ellipse_zb09p5_E63p3;F3NCS_0402_ood_unseen_depth_range_cylinder_zb09p7_E17p8;F3NCS_0403_ood_unseen_depth_range_cylinder_zb13p3_E13p7;F3NCS_0404_ood_unseen_depth_range_two_foci_zb08p6_E25p9;F3NCS_0405_ood_unseen_depth_range_cylinder_zb09p6_E16p6;F3NCS_0406_ood_unseen_depth_range_two_foci_zb12p7_E08p4;F3NCS_0407_ood_unseen_depth_range_two_foci_zb10p5_E11p3;F3NCS_0408_ood_unseen_depth_range_ellipse_zb12p1_E31p3;F3NCS_0409_ood_unseen_depth_range_two_foci_zb08p9_E07p6;F3NCS_0410_ood_unseen_depth_range_ellipse_zb13p0_E23p5;F3NCS_0411_ood_unseen_depth_range_two_foci_zb14p0_E48p4;F3NCS_0412_ood_unseen_depth_range_ellipse_zb12p8_E74p8;F3NCS_0413_ood_unseen_depth_range_ellipse_zb12p0_E10p1;F3NCS_0414_ood_unseen_depth_range_cylinder_zb10p0_E74p1;F3NCS_0415_ood_unseen_depth_range_two_foci_zb11p6_E74p6;F3NCS_0416_ood_unseen_depth_range_two_foci_zb10p5_E76p3;F3NCS_0417_ood_unseen_depth_range_two_foci_zb13p3_E17p8;F3NCS_0418_ood_unseen_depth_range_ellipse_zb13p8_E28p3;F3NCS_0419_ood_unseen_depth_range_ellipse_zb09p0_E16p3;F3NCS_0420_ood_unseen_depth_range_cylinder_zb13p3_E28p6;F3NCS_0421_ood_unseen_depth_range_cylinder_zb11p0_E23p8;F3NCS_0422_ood_unseen_depth_range_ellipse_zb11p4_E23p6;F3NCS_0423_ood_unseen_depth_range_ellipse_zb09p3_E11p4;F3NCS_0424_ood_unseen_depth_range_ellipse_zb11p1_E21p4;F3NCS_0425_ood_unseen_depth_range_two_foci_zb13p1_E09p6;F3NCS_0426_ood_unseen_depth_range_cylinder_zb10p6_E06p2;F3NCS_0427_ood_unseen_depth_range_ellipse_zb13p9_E58p6;F3NCS_0428_ood_unseen_depth_range_ellipse_zb10p2_E73p0;F3NCS_0429_ood_unseen_depth_range_two_foci_zb09p5_E07p0;F3NCS_0430_ood_unseen_depth_range_two_foci_zb11p3_E33p1;F3NCS_0431_ood_unseen_depth_range_cylinder_zb08p8_E06p7;F3NCS_0432_ood_unseen_depth_range_cylinder_zb09p3_E08p3;F3NCS_0433_ood_unseen_depth_range_cylinder_zb12p9_E86p3;F3NCS_0434_ood_unseen_depth_range_ellipse_zb13p9_E71p4;F3NCS_0435_ood_unseen_depth_range_cylinder_zb10p5_E25p4;F3NCS_0436_ood_unseen_depth_range_ellipse_zb11p9_E84p1;F3NCS_0437_ood_unseen_depth_range_ellipse_zb10p1_E14p8;F3NCS_0438_ood_unseen_depth_range_ellipse_zb10p1_E24p0;F3NCS_0439_ood_unseen_depth_range_ellipse_zb10p5_E33p5;F3NCS_0440_ood_unseen_depth_range_two_foci_zb12p0_E12p1;F3NCS_0441_ood_unseen_depth_range_ellipse_zb12p4_E06p2;F3NCS_0442_ood_unseen_depth_range_ellipse_zb11p7_E13p1;F3NCS_0443_ood_unseen_depth_range_ellipse_zb11p2_E14p1;F3NCS_0444_ood_unseen_depth_range_ellipse_zb10p4_E07p3;F3NCS_0445_ood_unseen_depth_range_two_foci_zb13p3_E51p9;F3NCS_0446_ood_unseen_depth_range_cylinder_zb12p2_E10p8;F3NCS_0447_ood_unseen_depth_range_two_foci_zb11p7_E11p2,method2b_512_full_comsol_recalibrated_9model,fig3_true_ood,1,split_role/ood_split_family,ood_unseen_depth_range,230,38,64,0.1184992417693138,0.0,0.0,0.0,0.0,0.0,0.0,0.0,0.0,,0.5,0.2095537127378774,,0.0825850385743259,0.1435127258300781,0.0,,,,
unet_canonical_bxyz,0.0746408849954605,0.1591437422063649,15.964208677608116,0.4258427452296018,3.1309800148010254,10.95388281971854,0.5498194604803114,64,F3NCS_0384_ood_unseen_depth_range_two_foci_zb11p3_E39p2;F3NCS_0385_ood_unseen_depth_range_cylinder_zb11p5_E77p5;F3NCS_0386_ood_unseen_depth_range_ellipse_zb09p6_E94p6;F3NCS_0387_ood_unseen_depth_range_ellipse_zb10p9_E15p1;F3NCS_0388_ood_unseen_depth_range_two_foci_zb12p8_E07p0;F3NCS_0389_ood_unseen_depth_range_two_foci_zb08p9_E35p1;F3NCS_0390_ood_unseen_depth_range_two_foci_zb08p6_E39p9;F3NCS_0391_ood_unseen_depth_range_ellipse_zb11p5_E49p0;F3NCS_0392_ood_unseen_depth_range_two_foci_zb09p8_E39p6;F3NCS_0393_ood_unseen_depth_range_two_foci_zb13p5_E10p5;F3NCS_0394_ood_unseen_depth_range_cylinder_zb13p1_E17p7;F3NCS_0395_ood_unseen_depth_range_ellipse_zb11p9_E19p2;F3NCS_0396_ood_unseen_depth_range_ellipse_zb12p8_E35p8;F3NCS_0397_ood_unseen_depth_range_ellipse_zb11p0_E90p4;F3NCS_0398_ood_unseen_depth_range_two_foci_zb09p3_E06p2;F3NCS_0399_ood_unseen_depth_range_two_foci_zb12p6_E13p2;F3NCS_0400_ood_unseen_depth_range_ellipse_zb13p7_E19p7;F3NCS_0401_ood_unseen_depth_range_ellipse_zb09p5_E63p3;F3NCS_0402_ood_unseen_depth_range_cylinder_zb09p7_E17p8;F3NCS_0403_ood_unseen_depth_range_cylinder_zb13p3_E13p7;F3NCS_0404_ood_unseen_depth_range_two_foci_zb08p6_E25p9;F3NCS_0405_ood_unseen_depth_range_cylinder_zb09p6_E16p6;F3NCS_0406_ood_unseen_depth_range_two_foci_zb12p7_E08p4;F3NCS_0407_ood_unseen_depth_range_two_foci_zb10p5_E11p3;F3NCS_0408_ood_unseen_depth_range_ellipse_zb12p1_E31p3;F3NCS_0409_ood_unseen_depth_range_two_foci_zb08p9_E07p6;F3NCS_0410_ood_unseen_depth_range_ellipse_zb13p0_E23p5;F3NCS_0411_ood_unseen_depth_range_two_foci_zb14p0_E48p4;F3NCS_0412_ood_unseen_depth_range_ellipse_zb12p8_E74p8;F3NCS_0413_ood_unseen_depth_range_ellipse_zb12p0_E10p1;F3NCS_0414_ood_unseen_depth_range_cylinder_zb10p0_E74p1;F3NCS_0415_ood_unseen_depth_range_two_foci_zb11p6_E74p6;F3NCS_0416_ood_unseen_depth_range_two_foci_zb10p5_E76p3;F3NCS_0417_ood_unseen_depth_range_two_foci_zb13p3_E17p8;F3NCS_0418_ood_unseen_depth_range_ellipse_zb13p8_E28p3;F3NCS_0419_ood_unseen_depth_range_ellipse_zb09p0_E16p3;F3NCS_0420_ood_unseen_depth_range_cylinder_zb13p3_E28p6;F3NCS_0421_ood_unseen_depth_range_cylinder_zb11p0_E23p8;F3NCS_0422_ood_unseen_depth_range_ellipse_zb11p4_E23p6;F3NCS_0423_ood_unseen_depth_range_ellipse_zb09p3_E11p4;F3NCS_0424_ood_unseen_depth_range_ellipse_zb11p1_E21p4;F3NCS_0425_ood_unseen_depth_range_two_foci_zb13p1_E09p6;F3NCS_0426_ood_unseen_depth_range_cylinder_zb10p6_E06p2;F3NCS_0427_ood_unseen_depth_range_ellipse_zb13p9_E58p6;F3NCS_0428_ood_unseen_depth_range_ellipse_zb10p2_E73p0;F3NCS_0429_ood_unseen_depth_range_two_foci_zb09p5_E07p0;F3NCS_0430_ood_unseen_depth_range_two_foci_zb11p3_E33p1;F3NCS_0431_ood_unseen_depth_range_cylinder_zb08p8_E06p7;F3NCS_0432_ood_unseen_depth_range_cylinder_zb09p3_E08p3;F3NCS_0433_ood_unseen_depth_range_cylinder_zb12p9_E86p3;F3NCS_0434_ood_unseen_depth_range_ellipse_zb13p9_E71p4;F3NCS_0435_ood_unseen_depth_range_cylinder_zb10p5_E25p4;F3NCS_0436_ood_unseen_depth_range_ellipse_zb11p9_E84p1;F3NCS_0437_ood_unseen_depth_range_ellipse_zb10p1_E14p8;F3NCS_0438_ood_unseen_depth_range_ellipse_zb10p1_E24p0;F3NCS_0439_ood_unseen_depth_range_ellipse_zb10p5_E33p5;F3NCS_0440_ood_unseen_depth_range_two_foci_zb12p0_E12p1;F3NCS_0441_ood_unseen_depth_range_ellipse_zb12p4_E06p2;F3NCS_0442_ood_unseen_depth_range_ellipse_zb11p7_E13p1;F3NCS_0443_ood_unseen_depth_range_ellipse_zb11p2_E14p1;F3NCS_0444_ood_unseen_depth_range_ellipse_zb10p4_E07p3;F3NCS_0445_ood_unseen_depth_range_two_foci_zb13p3_E51p9;F3NCS_0446_ood_unseen_depth_range_cylinder_zb12p2_E10p8;F3NCS_0447_ood_unseen_depth_range_two_foci_zb11p7_E11p2,method2b_512_full_comsol_recalibrated_9model,fig3_true_ood,1,split_role/ood_split_family,ood_unseen_depth_range,230,38,64,0.0746408849954605,0.0,0.0,0.0,0.0,0.0,0.0,0.0,0.0,,0.5,0.1571759353380704,,0.0572777854758445,0.1148452758789062,0.0,,,,
vanilla_diffusion,0.4484413862228393,0.4625463211215527,6.696895377411143,0.0494527407863643,13.016761779785156,15.49634631994194,0.2263318141737438,64,F3NCS_0384_ood_unseen_depth_range_two_foci_zb11p3_E39p2;F3NCS_0385_ood_unseen_depth_range_cylinder_zb11p5_E77p5;F3NCS_0386_ood_unseen_depth_range_ellipse_zb09p6_E94p6;F3NCS_0387_ood_unseen_depth_range_ellipse_zb10p9_E15p1;F3NCS_0388_ood_unseen_depth_range_two_foci_zb12p8_E07p0;F3NCS_0389_ood_unseen_depth_range_two_foci_zb08p9_E35p1;F3NCS_0390_ood_unseen_depth_range_two_foci_zb08p6_E39p9;F3NCS_0391_ood_unseen_depth_range_ellipse_zb11p5_E49p0;F3NCS_0392_ood_unseen_depth_range_two_foci_zb09p8_E39p6;F3NCS_0393_ood_unseen_depth_range_two_foci_zb13p5_E10p5;F3NCS_0394_ood_unseen_depth_range_cylinder_zb13p1_E17p7;F3NCS_0395_ood_unseen_depth_range_ellipse_zb11p9_E19p2;F3NCS_0396_ood_unseen_depth_range_ellipse_zb12p8_E35p8;F3NCS_0397_ood_unseen_depth_range_ellipse_zb11p0_E90p4;F3NCS_0398_ood_unseen_depth_range_two_foci_zb09p3_E06p2;F3NCS_0399_ood_unseen_depth_range_two_foci_zb12p6_E13p2;F3NCS_0400_ood_unseen_depth_range_ellipse_zb13p7_E19p7;F3NCS_0401_ood_unseen_depth_range_ellipse_zb09p5_E63p3;F3NCS_0402_ood_unseen_depth_range_cylinder_zb09p7_E17p8;F3NCS_0403_ood_unseen_depth_range_cylinder_zb13p3_E13p7;F3NCS_0404_ood_unseen_depth_range_two_foci_zb08p6_E25p9;F3NCS_0405_ood_unseen_depth_range_cylinder_zb09p6_E16p6;F3NCS_0406_ood_unseen_depth_range_two_foci_zb12p7_E08p4;F3NCS_0407_ood_unseen_depth_range_two_foci_zb10p5_E11p3;F3NCS_0408_ood_unseen_depth_range_ellipse_zb12p1_E31p3;F3NCS_0409_ood_unseen_depth_range_two_foci_zb08p9_E07p6;F3NCS_0410_ood_unseen_depth_range_ellipse_zb13p0_E23p5;F3NCS_0411_ood_unseen_depth_range_two_foci_zb14p0_E48p4;F3NCS_0412_ood_unseen_depth_range_ellipse_zb12p8_E74p8;F3NCS_0413_ood_unseen_depth_range_ellipse_zb12p0_E10p1;F3NCS_0414_ood_unseen_depth_range_cylinder_zb10p0_E74p1;F3NCS_0415_ood_unseen_depth_range_two_foci_zb11p6_E74p6;F3NCS_0416_ood_unseen_depth_range_two_foci_zb10p5_E76p3;F3NCS_0417_ood_unseen_depth_range_two_foci_zb13p3_E17p8;F3NCS_0418_ood_unseen_depth_range_ellipse_zb13p8_E28p3;F3NCS_0419_ood_unseen_depth_range_ellipse_zb09p0_E16p3;F3NCS_0420_ood_unseen_depth_range_cylinder_zb13p3_E28p6;F3NCS_0421_ood_unseen_depth_range_cylinder_zb11p0_E23p8;F3NCS_0422_ood_unseen_depth_range_ellipse_zb11p4_E23p6;F3NCS_0423_ood_unseen_depth_range_ellipse_zb09p3_E11p4;F3NCS_0424_ood_unseen_depth_range_ellipse_zb11p1_E21p4;F3NCS_0425_ood_unseen_depth_range_two_foci_zb13p1_E09p6;F3NCS_0426_ood_unseen_depth_range_cylinder_zb10p6_E06p2;F3NCS_0427_ood_unseen_depth_range_ellipse_zb13p9_E58p6;F3NCS_0428_ood_unseen_depth_range_ellipse_zb10p2_E73p0;F3NCS_0429_ood_unseen_depth_range_two_foci_zb09p5_E07p0;F3NCS_0430_ood_unseen_depth_range_two_foci_zb11p3_E33p1;F3NCS_0431_ood_unseen_depth_range_cylinder_zb08p8_E06p7;F3NCS_0432_ood_unseen_depth_range_cylinder_zb09p3_E08p3;F3NCS_0433_ood_unseen_depth_range_cylinder_zb12p9_E86p3;F3NCS_0434_ood_unseen_depth_range_ellipse_zb13p9_E71p4;F3NCS_0435_ood_unseen_depth_range_cylinder_zb10p5_E25p4;F3NCS_0436_ood_unseen_depth_range_ellipse_zb11p9_E84p1;F3NCS_0437_ood_unseen_depth_range_ellipse_zb10p1_E14p8;F3NCS_0438_ood_unseen_depth_range_ellipse_zb10p1_E24p0;F3NCS_0439_ood_unseen_depth_range_ellipse_zb10p5_E33p5;F3NCS_0440_ood_unseen_depth_range_two_foci_zb12p0_E12p1;F3NCS_0441_ood_unseen_depth_range_ellipse_zb12p4_E06p2;F3NCS_0442_ood_unseen_depth_range_ellipse_zb11p7_E13p1;F3NCS_0443_ood_unseen_depth_range_ellipse_zb11p2_E14p1;F3NCS_0444_ood_unseen_depth_range_ellipse_zb10p4_E07p3;F3NCS_0445_ood_unseen_depth_range_two_foci_zb13p3_E51p9;F3NCS_0446_ood_unseen_depth_range_cylinder_zb12p2_E10p8;F3NCS_0447_ood_unseen_depth_range_two_foci_zb11p7_E11p2,method2b_512_full_comsol_recalibrated_9model,fig3_true_ood,1,split_role/ood_split_family,ood_unseen_depth_range,230,38,64,0.4096320271492004,0.0170402526855468,0.0714793503284454,0.042755126953125,0.1820641905069351,0.0526199340820312,0.243232786655426,0.0585479736328125,0.2872336506843567,0.5112171378871745,0.916124577663203,0.3789305347493821,5.436530602327618,0.0928711116045961,0.0812320709228515,0.0835991576313972,,,,
vanilla_diffusion_calibrated90,0.4484413862228393,0.4625463211215527,6.696895377411143,0.0494527916598599,13.016761779785156,15.496346812276988,0.2263318059632667,64,F3NCS_0384_ood_unseen_depth_range_two_foci_zb11p3_E39p2;F3NCS_0385_ood_unseen_depth_range_cylinder_zb11p5_E77p5;F3NCS_0386_ood_unseen_depth_range_ellipse_zb09p6_E94p6;F3NCS_0387_ood_unseen_depth_range_ellipse_zb10p9_E15p1;F3NCS_0388_ood_unseen_depth_range_two_foci_zb12p8_E07p0;F3NCS_0389_ood_unseen_depth_range_two_foci_zb08p9_E35p1;F3NCS_0390_ood_unseen_depth_range_two_foci_zb08p6_E39p9;F3NCS_0391_ood_unseen_depth_range_ellipse_zb11p5_E49p0;F3NCS_0392_ood_unseen_depth_range_two_foci_zb09p8_E39p6;F3NCS_0393_ood_unseen_depth_range_two_foci_zb13p5_E10p5;F3NCS_0394_ood_unseen_depth_range_cylinder_zb13p1_E17p7;F3NCS_0395_ood_unseen_depth_range_ellipse_zb11p9_E19p2;F3NCS_0396_ood_unseen_depth_range_ellipse_zb12p8_E35p8;F3NCS_0397_ood_unseen_depth_range_ellipse_zb11p0_E90p4;F3NCS_0398_ood_unseen_depth_range_two_foci_zb09p3_E06p2;F3NCS_0399_ood_unseen_depth_range_two_foci_zb12p6_E13p2;F3NCS_0400_ood_unseen_depth_range_ellipse_zb13p7_E19p7;F3NCS_0401_ood_unseen_depth_range_ellipse_zb09p5_E63p3;F3NCS_0402_ood_unseen_depth_range_cylinder_zb09p7_E17p8;F3NCS_0403_ood_unseen_depth_range_cylinder_zb13p3_E13p7;F3NCS_0404_ood_unseen_depth_range_two_foci_zb08p6_E25p9;F3NCS_0405_ood_unseen_depth_range_cylinder_zb09p6_E16p6;F3NCS_0406_ood_unseen_depth_range_two_foci_zb12p7_E08p4;F3NCS_0407_ood_unseen_depth_range_two_foci_zb10p5_E11p3;F3NCS_0408_ood_unseen_depth_range_ellipse_zb12p1_E31p3;F3NCS_0409_ood_unseen_depth_range_two_foci_zb08p9_E07p6;F3NCS_0410_ood_unseen_depth_range_ellipse_zb13p0_E23p5;F3NCS_0411_ood_unseen_depth_range_two_foci_zb14p0_E48p4;F3NCS_0412_ood_unseen_depth_range_ellipse_zb12p8_E74p8;F3NCS_0413_ood_unseen_depth_range_ellipse_zb12p0_E10p1;F3NCS_0414_ood_unseen_depth_range_cylinder_zb10p0_E74p1;F3NCS_0415_ood_unseen_depth_range_two_foci_zb11p6_E74p6;F3NCS_0416_ood_unseen_depth_range_two_foci_zb10p5_E76p3;F3NCS_0417_ood_unseen_depth_range_two_foci_zb13p3_E17p8;F3NCS_0418_ood_unseen_depth_range_ellipse_zb13p8_E28p3;F3NCS_0419_ood_unseen_depth_range_ellipse_zb09p0_E16p3;F3NCS_0420_ood_unseen_depth_range_cylinder_zb13p3_E28p6;F3NCS_0421_ood_unseen_depth_range_cylinder_zb11p0_E23p8;F3NCS_0422_ood_unseen_depth_range_ellipse_zb11p4_E23p6;F3NCS_0423_ood_unseen_depth_range_ellipse_zb09p3_E11p4;F3NCS_0424_ood_unseen_depth_range_ellipse_zb11p1_E21p4;F3NCS_0425_ood_unseen_depth_range_two_foci_zb13p1_E09p6;F3NCS_0426_ood_unseen_depth_range_cylinder_zb10p6_E06p2;F3NCS_0427_ood_unseen_depth_range_ellipse_zb13p9_E58p6;F3NCS_0428_ood_unseen_depth_range_ellipse_zb10p2_E73p0;F3NCS_0429_ood_unseen_depth_range_two_foci_zb09p5_E07p0;F3NCS_0430_ood_unseen_depth_range_two_foci_zb11p3_E33p1;F3NCS_0431_ood_unseen_depth_range_cylinder_zb08p8_E06p7;F3NCS_0432_ood_unseen_depth_range_cylinder_zb09p3_E08p3;F3NCS_0433_ood_unseen_depth_range_cylinder_zb12p9_E86p3;F3NCS_0434_ood_unseen_depth_range_ellipse_zb13p9_E71p4;F3NCS_0435_ood_unseen_depth_range_cylinder_zb10p5_E25p4;F3NCS_0436_ood_unseen_depth_range_ellipse_zb11p9_E84p1;F3NCS_0437_ood_unseen_depth_range_ellipse_zb10p1_E14p8;F3NCS_0438_ood_unseen_depth_range_ellipse_zb10p1_E24p0;F3NCS_0439_ood_unseen_depth_range_ellipse_zb10p5_E33p5;F3NCS_0440_ood_unseen_depth_range_two_foci_zb12p0_E12p1;F3NCS_0441_ood_unseen_depth_range_ellipse_zb12p4_E06p2;F3NCS_0442_ood_unseen_depth_range_ellipse_zb11p7_E13p1;F3NCS_0443_ood_unseen_depth_range_ellipse_zb11p2_E14p1;F3NCS_0444_ood_unseen_depth_range_ellipse_zb10p4_E07p3;F3NCS_0445_ood_unseen_depth_range_two_foci_zb13p3_E51p9;F3NCS_0446_ood_unseen_depth_range_cylinder_zb12p2_E10p8;F3NCS_0447_ood_unseen_depth_range_two_foci_zb11p7_E11p2,method2b_512_full_comsol_recalibrated_9model,fig3_true_ood,1,split_role/ood_split_family,ood_unseen_depth_range,230,38,64,0.2324464917182922,0.4377059936523437,0.6663805246353149,0.7578773498535156,1.6973299980163574,0.8795509338378906,2.2675859928131104,0.946380615234375,2.677793025970459,0.5112171336907406,0.9161245799267882,0.3480653694063804,0.412468018294893,0.0928711114435624,0.3020814657211303,0.7793699502944946,validation,0.9,9.322699546813965,
likelihood_guided_diffusion,0.4491333365440368,0.4631550834192706,6.6854712986097065,0.0495078113890485,13.050312042236328,15.48423161907002,0.2733118373389723,64,F3NCS_0384_ood_unseen_depth_range_two_foci_zb11p3_E39p2;F3NCS_0385_ood_unseen_depth_range_cylinder_zb11p5_E77p5;F3NCS_0386_ood_unseen_depth_range_ellipse_zb09p6_E94p6;F3NCS_0387_ood_unseen_depth_range_ellipse_zb10p9_E15p1;F3NCS_0388_ood_unseen_depth_range_two_foci_zb12p8_E07p0;F3NCS_0389_ood_unseen_depth_range_two_foci_zb08p9_E35p1;F3NCS_0390_ood_unseen_depth_range_two_foci_zb08p6_E39p9;F3NCS_0391_ood_unseen_depth_range_ellipse_zb11p5_E49p0;F3NCS_0392_ood_unseen_depth_range_two_foci_zb09p8_E39p6;F3NCS_0393_ood_unseen_depth_range_two_foci_zb13p5_E10p5;F3NCS_0394_ood_unseen_depth_range_cylinder_zb13p1_E17p7;F3NCS_0395_ood_unseen_depth_range_ellipse_zb11p9_E19p2;F3NCS_0396_ood_unseen_depth_range_ellipse_zb12p8_E35p8;F3NCS_0397_ood_unseen_depth_range_ellipse_zb11p0_E90p4;F3NCS_0398_ood_unseen_depth_range_two_foci_zb09p3_E06p2;F3NCS_0399_ood_unseen_depth_range_two_foci_zb12p6_E13p2;F3NCS_0400_ood_unseen_depth_range_ellipse_zb13p7_E19p7;F3NCS_0401_ood_unseen_depth_range_ellipse_zb09p5_E63p3;F3NCS_0402_ood_unseen_depth_range_cylinder_zb09p7_E17p8;F3NCS_0403_ood_unseen_depth_range_cylinder_zb13p3_E13p7;F3NCS_0404_ood_unseen_depth_range_two_foci_zb08p6_E25p9;F3NCS_0405_ood_unseen_depth_range_cylinder_zb09p6_E16p6;F3NCS_0406_ood_unseen_depth_range_two_foci_zb12p7_E08p4;F3NCS_0407_ood_unseen_depth_range_two_foci_zb10p5_E11p3;F3NCS_0408_ood_unseen_depth_range_ellipse_zb12p1_E31p3;F3NCS_0409_ood_unseen_depth_range_two_foci_zb08p9_E07p6;F3NCS_0410_ood_unseen_depth_range_ellipse_zb13p0_E23p5;F3NCS_0411_ood_unseen_depth_range_two_foci_zb14p0_E48p4;F3NCS_0412_ood_unseen_depth_range_ellipse_zb12p8_E74p8;F3NCS_0413_ood_unseen_depth_range_ellipse_zb12p0_E10p1;F3NCS_0414_ood_unseen_depth_range_cylinder_zb10p0_E74p1;F3NCS_0415_ood_unseen_depth_range_two_foci_zb11p6_E74p6;F3NCS_0416_ood_unseen_depth_range_two_foci_zb10p5_E76p3;F3NCS_0417_ood_unseen_depth_range_two_foci_zb13p3_E17p8;F3NCS_0418_ood_unseen_depth_range_ellipse_zb13p8_E28p3;F3NCS_0419_ood_unseen_depth_range_ellipse_zb09p0_E16p3;F3NCS_0420_ood_unseen_depth_range_cylinder_zb13p3_E28p6;F3NCS_0421_ood_unseen_depth_range_cylinder_zb11p0_E23p8;F3NCS_0422_ood_unseen_depth_range_ellipse_zb11p4_E23p6;F3NCS_0423_ood_unseen_depth_range_ellipse_zb09p3_E11p4;F3NCS_0424_ood_unseen_depth_range_ellipse_zb11p1_E21p4;F3NCS_0425_ood_unseen_depth_range_two_foci_zb13p1_E09p6;F3NCS_0426_ood_unseen_depth_range_cylinder_zb10p6_E06p2;F3NCS_0427_ood_unseen_depth_range_ellipse_zb13p9_E58p6;F3NCS_0428_ood_unseen_depth_range_ellipse_zb10p2_E73p0;F3NCS_0429_ood_unseen_depth_range_two_foci_zb09p5_E07p0;F3NCS_0430_ood_unseen_depth_range_two_foci_zb11p3_E33p1;F3NCS_0431_ood_unseen_depth_range_cylinder_zb08p8_E06p7;F3NCS_0432_ood_unseen_depth_range_cylinder_zb09p3_E08p3;F3NCS_0433_ood_unseen_depth_range_cylinder_zb12p9_E86p3;F3NCS_0434_ood_unseen_depth_range_ellipse_zb13p9_E71p4;F3NCS_0435_ood_unseen_depth_range_cylinder_zb10p5_E25p4;F3NCS_0436_ood_unseen_depth_range_ellipse_zb11p9_E84p1;F3NCS_0437_ood_unseen_depth_range_ellipse_zb10p1_E14p8;F3NCS_0438_ood_unseen_depth_range_ellipse_zb10p1_E24p0;F3NCS_0439_ood_unseen_depth_range_ellipse_zb10p5_E33p5;F3NCS_0440_ood_unseen_depth_range_two_foci_zb12p0_E12p1;F3NCS_0441_ood_unseen_depth_range_ellipse_zb12p4_E06p2;F3NCS_0442_ood_unseen_depth_range_ellipse_zb11p7_E13p1;F3NCS_0443_ood_unseen_depth_range_ellipse_zb11p2_E14p1;F3NCS_0444_ood_unseen_depth_range_ellipse_zb10p4_E07p3;F3NCS_0445_ood_unseen_depth_range_two_foci_zb13p3_E51p9;F3NCS_0446_ood_unseen_depth_range_cylinder_zb12p2_E10p8;F3NCS_0447_ood_unseen_depth_range_two_foci_zb11p7_E11p2,method2b_512_full_comsol_recalibrated_9model,fig3_true_ood,1,split_role/ood_split_family,ood_unseen_depth_range,230,38,64,0.4108735024929046,0.0177383422851562,0.0704362690448761,0.0432395935058593,0.1791085749864578,0.0527572631835937,0.2406789511442184,0.0586318969726562,0.2849642336368561,0.4836203842196558,0.9160873047550636,0.3805665681533262,5.513749829228832,0.0944323720849191,0.0802520513534545,0.0825812742114067,,,,
likelihood_guided_diffusion_calibrated90,0.4491333067417145,0.4631550834192706,6.6854712986097065,0.0495078141830163,13.050312042236328,15.48423161907002,0.2733118556161814,64,F3NCS_0384_ood_unseen_depth_range_two_foci_zb11p3_E39p2;F3NCS_0385_ood_unseen_depth_range_cylinder_zb11p5_E77p5;F3NCS_0386_ood_unseen_depth_range_ellipse_zb09p6_E94p6;F3NCS_0387_ood_unseen_depth_range_ellipse_zb10p9_E15p1;F3NCS_0388_ood_unseen_depth_range_two_foci_zb12p8_E07p0;F3NCS_0389_ood_unseen_depth_range_two_foci_zb08p9_E35p1;F3NCS_0390_ood_unseen_depth_range_two_foci_zb08p6_E39p9;F3NCS_0391_ood_unseen_depth_range_ellipse_zb11p5_E49p0;F3NCS_0392_ood_unseen_depth_range_two_foci_zb09p8_E39p6;F3NCS_0393_ood_unseen_depth_range_two_foci_zb13p5_E10p5;F3NCS_0394_ood_unseen_depth_range_cylinder_zb13p1_E17p7;F3NCS_0395_ood_unseen_depth_range_ellipse_zb11p9_E19p2;F3NCS_0396_ood_unseen_depth_range_ellipse_zb12p8_E35p8;F3NCS_0397_ood_unseen_depth_range_ellipse_zb11p0_E90p4;F3NCS_0398_ood_unseen_depth_range_two_foci_zb09p3_E06p2;F3NCS_0399_ood_unseen_depth_range_two_foci_zb12p6_E13p2;F3NCS_0400_ood_unseen_depth_range_ellipse_zb13p7_E19p7;F3NCS_0401_ood_unseen_depth_range_ellipse_zb09p5_E63p3;F3NCS_0402_ood_unseen_depth_range_cylinder_zb09p7_E17p8;F3NCS_0403_ood_unseen_depth_range_cylinder_zb13p3_E13p7;F3NCS_0404_ood_unseen_depth_range_two_foci_zb08p6_E25p9;F3NCS_0405_ood_unseen_depth_range_cylinder_zb09p6_E16p6;F3NCS_0406_ood_unseen_depth_range_two_foci_zb12p7_E08p4;F3NCS_0407_ood_unseen_depth_range_two_foci_zb10p5_E11p3;F3NCS_0408_ood_unseen_depth_range_ellipse_zb12p1_E31p3;F3NCS_0409_ood_unseen_depth_range_two_foci_zb08p9_E07p6;F3NCS_0410_ood_unseen_depth_range_ellipse_zb13p0_E23p5;F3NCS_0411_ood_unseen_depth_range_two_foci_zb14p0_E48p4;F3NCS_0412_ood_unseen_depth_range_ellipse_zb12p8_E74p8;F3NCS_0413_ood_unseen_depth_range_ellipse_zb12p0_E10p1;F3NCS_0414_ood_unseen_depth_range_cylinder_zb10p0_E74p1;F3NCS_0415_ood_unseen_depth_range_two_foci_zb11p6_E74p6;F3NCS_0416_ood_unseen_depth_range_two_foci_zb10p5_E76p3;F3NCS_0417_ood_unseen_depth_range_two_foci_zb13p3_E17p8;F3NCS_0418_ood_unseen_depth_range_ellipse_zb13p8_E28p3;F3NCS_0419_ood_unseen_depth_range_ellipse_zb09p0_E16p3;F3NCS_0420_ood_unseen_depth_range_cylinder_zb13p3_E28p6;F3NCS_0421_ood_unseen_depth_range_cylinder_zb11p0_E23p8;F3NCS_0422_ood_unseen_depth_range_ellipse_zb11p4_E23p6;F3NCS_0423_ood_unseen_depth_range_ellipse_zb09p3_E11p4;F3NCS_0424_ood_unseen_depth_range_ellipse_zb11p1_E21p4;F3NCS_0425_ood_unseen_depth_range_two_foci_zb13p1_E09p6;F3NCS_0426_ood_unseen_depth_range_cylinder_zb10p6_E06p2;F3NCS_0427_ood_unseen_depth_range_ellipse_zb13p9_E58p6;F3NCS_0428_ood_unseen_depth_range_ellipse_zb10p2_E73p0;F3NCS_0429_ood_unseen_depth_range_two_foci_zb09p5_E07p0;F3NCS_0430_ood_unseen_depth_range_two_foci_zb11p3_E33p1;F3NCS_0431_ood_unseen_depth_range_cylinder_zb08p8_E06p7;F3NCS_0432_ood_unseen_depth_range_cylinder_zb09p3_E08p3;F3NCS_0433_ood_unseen_depth_range_cylinder_zb12p9_E86p3;F3NCS_0434_ood_unseen_depth_range_ellipse_zb13p9_E71p4;F3NCS_0435_ood_unseen_depth_range_cylinder_zb10p5_E25p4;F3NCS_0436_ood_unseen_depth_range_ellipse_zb11p9_E84p1;F3NCS_0437_ood_unseen_depth_range_ellipse_zb10p1_E14p8;F3NCS_0438_ood_unseen_depth_range_ellipse_zb10p1_E24p0;F3NCS_0439_ood_unseen_depth_range_ellipse_zb10p5_E33p5;F3NCS_0440_ood_unseen_depth_range_two_foci_zb12p0_E12p1;F3NCS_0441_ood_unseen_depth_range_ellipse_zb12p4_E06p2;F3NCS_0442_ood_unseen_depth_range_ellipse_zb11p7_E13p1;F3NCS_0443_ood_unseen_depth_range_ellipse_zb11p2_E14p1;F3NCS_0444_ood_unseen_depth_range_ellipse_zb10p4_E07p3;F3NCS_0445_ood_unseen_depth_range_two_foci_zb13p3_E51p9;F3NCS_0446_ood_unseen_depth_range_cylinder_zb12p2_E10p8;F3NCS_0447_ood_unseen_depth_range_two_foci_zb11p7_E11p2,method2b_512_full_comsol_recalibrated_9model,fig3_true_ood,1,split_role/ood_split_family,ood_unseen_depth_range,230,38,64,0.2358005046844482,0.4440765380859375,0.6877871155738831,0.7726593017578125,1.7489365339279177,0.915313720703125,2.350151300430298,0.9670066833496094,2.7825827598571777,0.4836203813213743,0.9160822987421112,0.3714357223331715,0.4214408583337534,0.0944323727659796,0.3071577548980713,0.8063791394233704,validation,0.9,9.764673233032228,
prior_init_diffusion_unet,0.0775669962167739,0.1602382450017699,15.9046764053706,0.2306772480951622,3.1655020713806152,11.045691873303408,0.529379304712227,64,F3NCS_0384_ood_unseen_depth_range_two_foci_zb11p3_E39p2;F3NCS_0385_ood_unseen_depth_range_cylinder_zb11p5_E77p5;F3NCS_0386_ood_unseen_depth_range_ellipse_zb09p6_E94p6;F3NCS_0387_ood_unseen_depth_range_ellipse_zb10p9_E15p1;F3NCS_0388_ood_unseen_depth_range_two_foci_zb12p8_E07p0;F3NCS_0389_ood_unseen_depth_range_two_foci_zb08p9_E35p1;F3NCS_0390_ood_unseen_depth_range_two_foci_zb08p6_E39p9;F3NCS_0391_ood_unseen_depth_range_ellipse_zb11p5_E49p0;F3NCS_0392_ood_unseen_depth_range_two_foci_zb09p8_E39p6;F3NCS_0393_ood_unseen_depth_range_two_foci_zb13p5_E10p5;F3NCS_0394_ood_unseen_depth_range_cylinder_zb13p1_E17p7;F3NCS_0395_ood_unseen_depth_range_ellipse_zb11p9_E19p2;F3NCS_0396_ood_unseen_depth_range_ellipse_zb12p8_E35p8;F3NCS_0397_ood_unseen_depth_range_ellipse_zb11p0_E90p4;F3NCS_0398_ood_unseen_depth_range_two_foci_zb09p3_E06p2;F3NCS_0399_ood_unseen_depth_range_two_foci_zb12p6_E13p2;F3NCS_0400_ood_unseen_depth_range_ellipse_zb13p7_E19p7;F3NCS_0401_ood_unseen_depth_range_ellipse_zb09p5_E63p3;F3NCS_0402_ood_unseen_depth_range_cylinder_zb09p7_E17p8;F3NCS_0403_ood_unseen_depth_range_cylinder_zb13p3_E13p7;F3NCS_0404_ood_unseen_depth_range_two_foci_zb08p6_E25p9;F3NCS_0405_ood_unseen_depth_range_cylinder_zb09p6_E16p6;F3NCS_0406_ood_unseen_depth_range_two_foci_zb12p7_E08p4;F3NCS_0407_ood_unseen_depth_range_two_foci_zb10p5_E11p3;F3NCS_0408_ood_unseen_depth_range_ellipse_zb12p1_E31p3;F3NCS_0409_ood_unseen_depth_range_two_foci_zb08p9_E07p6;F3NCS_0410_ood_unseen_depth_range_ellipse_zb13p0_E23p5;F3NCS_0411_ood_unseen_depth_range_two_foci_zb14p0_E48p4;F3NCS_0412_ood_unseen_depth_range_ellipse_zb12p8_E74p8;F3NCS_0413_ood_unseen_depth_range_ellipse_zb12p0_E10p1;F3NCS_0414_ood_unseen_depth_range_cylinder_zb10p0_E74p1;F3NCS_0415_ood_unseen_depth_range_two_foci_zb11p6_E74p6;F3NCS_0416_ood_unseen_depth_range_two_foci_zb10p5_E76p3;F3NCS_0417_ood_unseen_depth_range_two_foci_zb13p3_E17p8;F3NCS_0418_ood_unseen_depth_range_ellipse_zb13p8_E28p3;F3NCS_0419_ood_unseen_depth_range_ellipse_zb09p0_E16p3;F3NCS_0420_ood_unseen_depth_range_cylinder_zb13p3_E28p6;F3NCS_0421_ood_unseen_depth_range_cylinder_zb11p0_E23p8;F3NCS_0422_ood_unseen_depth_range_ellipse_zb11p4_E23p6;F3NCS_0423_ood_unseen_depth_range_ellipse_zb09p3_E11p4;F3NCS_0424_ood_unseen_depth_range_ellipse_zb11p1_E21p4;F3NCS_0425_ood_unseen_depth_range_two_foci_zb13p1_E09p6;F3NCS_0426_ood_unseen_depth_range_cylinder_zb10p6_E06p2;F3NCS_0427_ood_unseen_depth_range_ellipse_zb13p9_E58p6;F3NCS_0428_ood_unseen_depth_range_ellipse_zb10p2_E73p0;F3NCS_0429_ood_unseen_depth_range_two_foci_zb09p5_E07p0;F3NCS_0430_ood_unseen_depth_range_two_foci_zb11p3_E33p1;F3NCS_0431_ood_unseen_depth_range_cylinder_zb08p8_E06p7;F3NCS_0432_ood_unseen_depth_range_cylinder_zb09p3_E08p3;F3NCS_0433_ood_unseen_depth_range_cylinder_zb12p9_E86p3;F3NCS_0434_ood_unseen_depth_range_ellipse_zb13p9_E71p4;F3NCS_0435_ood_unseen_depth_range_cylinder_zb10p5_E25p4;F3NCS_0436_ood_unseen_depth_range_ellipse_zb11p9_E84p1;F3NCS_0437_ood_unseen_depth_range_ellipse_zb10p1_E14p8;F3NCS_0438_ood_unseen_depth_range_ellipse_zb10p1_E24p0;F3NCS_0439_ood_unseen_depth_range_ellipse_zb10p5_E33p5;F3NCS_0440_ood_unseen_depth_range_two_foci_zb12p0_E12p1;F3NCS_0441_ood_unseen_depth_range_ellipse_zb12p4_E06p2;F3NCS_0442_ood_unseen_depth_range_ellipse_zb11p7_E13p1;F3NCS_0443_ood_unseen_depth_range_ellipse_zb11p2_E14p1;F3NCS_0444_ood_unseen_depth_range_ellipse_zb10p4_E07p3;F3NCS_0445_ood_unseen_depth_range_two_foci_zb13p3_E51p9;F3NCS_0446_ood_unseen_depth_range_cylinder_zb12p2_E10p8;F3NCS_0447_ood_unseen_depth_range_two_foci_zb11p7_E11p2,method2b_512_full_comsol_recalibrated_9model,fig3_true_ood,1,split_role/ood_split_family,ood_unseen_depth_range,230,38,64,0.072752758860588,0.0036773681640625,0.0114457430317997,0.00732421875,0.0213448777794837,0.0123329162597656,0.0268680360168218,0.0260009765625,0.0309588424861431,0.6230981817842177,0.8414170950596657,0.1307369488284777,14.61451942475384,0.0148116758167426,0.1210986375808715,0.0086729265749454,,,,
prior_init_diffusion_unet_calibrated90,0.0775670036673545,0.1602382450017699,15.9046764053706,0.230677239364013,3.1655020713806152,11.045691527947284,0.5293793018515789,64,F3NCS_0384_ood_unseen_depth_range_two_foci_zb11p3_E39p2;F3NCS_0385_ood_unseen_depth_range_cylinder_zb11p5_E77p5;F3NCS_0386_ood_unseen_depth_range_ellipse_zb09p6_E94p6;F3NCS_0387_ood_unseen_depth_range_ellipse_zb10p9_E15p1;F3NCS_0388_ood_unseen_depth_range_two_foci_zb12p8_E07p0;F3NCS_0389_ood_unseen_depth_range_two_foci_zb08p9_E35p1;F3NCS_0390_ood_unseen_depth_range_two_foci_zb08p6_E39p9;F3NCS_0391_ood_unseen_depth_range_ellipse_zb11p5_E49p0;F3NCS_0392_ood_unseen_depth_range_two_foci_zb09p8_E39p6;F3NCS_0393_ood_unseen_depth_range_two_foci_zb13p5_E10p5;F3NCS_0394_ood_unseen_depth_range_cylinder_zb13p1_E17p7;F3NCS_0395_ood_unseen_depth_range_ellipse_zb11p9_E19p2;F3NCS_0396_ood_unseen_depth_range_ellipse_zb12p8_E35p8;F3NCS_0397_ood_unseen_depth_range_ellipse_zb11p0_E90p4;F3NCS_0398_ood_unseen_depth_range_two_foci_zb09p3_E06p2;F3NCS_0399_ood_unseen_depth_range_two_foci_zb12p6_E13p2;F3NCS_0400_ood_unseen_depth_range_ellipse_zb13p7_E19p7;F3NCS_0401_ood_unseen_depth_range_ellipse_zb09p5_E63p3;F3NCS_0402_ood_unseen_depth_range_cylinder_zb09p7_E17p8;F3NCS_0403_ood_unseen_depth_range_cylinder_zb13p3_E13p7;F3NCS_0404_ood_unseen_depth_range_two_foci_zb08p6_E25p9;F3NCS_0405_ood_unseen_depth_range_cylinder_zb09p6_E16p6;F3NCS_0406_ood_unseen_depth_range_two_foci_zb12p7_E08p4;F3NCS_0407_ood_unseen_depth_range_two_foci_zb10p5_E11p3;F3NCS_0408_ood_unseen_depth_range_ellipse_zb12p1_E31p3;F3NCS_0409_ood_unseen_depth_range_two_foci_zb08p9_E07p6;F3NCS_0410_ood_unseen_depth_range_ellipse_zb13p0_E23p5;F3NCS_0411_ood_unseen_depth_range_two_foci_zb14p0_E48p4;F3NCS_0412_ood_unseen_depth_range_ellipse_zb12p8_E74p8;F3NCS_0413_ood_unseen_depth_range_ellipse_zb12p0_E10p1;F3NCS_0414_ood_unseen_depth_range_cylinder_zb10p0_E74p1;F3NCS_0415_ood_unseen_depth_range_two_foci_zb11p6_E74p6;F3NCS_0416_ood_unseen_depth_range_two_foci_zb10p5_E76p3;F3NCS_0417_ood_unseen_depth_range_two_foci_zb13p3_E17p8;F3NCS_0418_ood_unseen_depth_range_ellipse_zb13p8_E28p3;F3NCS_0419_ood_unseen_depth_range_ellipse_zb09p0_E16p3;F3NCS_0420_ood_unseen_depth_range_cylinder_zb13p3_E28p6;F3NCS_0421_ood_unseen_depth_range_cylinder_zb11p0_E23p8;F3NCS_0422_ood_unseen_depth_range_ellipse_zb11p4_E23p6;F3NCS_0423_ood_unseen_depth_range_ellipse_zb09p3_E11p4;F3NCS_0424_ood_unseen_depth_range_ellipse_zb11p1_E21p4;F3NCS_0425_ood_unseen_depth_range_two_foci_zb13p1_E09p6;F3NCS_0426_ood_unseen_depth_range_cylinder_zb10p6_E06p2;F3NCS_0427_ood_unseen_depth_range_ellipse_zb13p9_E58p6;F3NCS_0428_ood_unseen_depth_range_ellipse_zb10p2_E73p0;F3NCS_0429_ood_unseen_depth_range_two_foci_zb09p5_E07p0;F3NCS_0430_ood_unseen_depth_range_two_foci_zb11p3_E33p1;F3NCS_0431_ood_unseen_depth_range_cylinder_zb08p8_E06p7;F3NCS_0432_ood_unseen_depth_range_cylinder_zb09p3_E08p3;F3NCS_0433_ood_unseen_depth_range_cylinder_zb12p9_E86p3;F3NCS_0434_ood_unseen_depth_range_ellipse_zb13p9_E71p4;F3NCS_0435_ood_unseen_depth_range_cylinder_zb10p5_E25p4;F3NCS_0436_ood_unseen_depth_range_ellipse_zb11p9_E84p1;F3NCS_0437_ood_unseen_depth_range_ellipse_zb10p1_E14p8;F3NCS_0438_ood_unseen_depth_range_ellipse_zb10p1_E24p0;F3NCS_0439_ood_unseen_depth_range_ellipse_zb10p5_E33p5;F3NCS_0440_ood_unseen_depth_range_two_foci_zb12p0_E12p1;F3NCS_0441_ood_unseen_depth_range_ellipse_zb12p4_E06p2;F3NCS_0442_ood_unseen_depth_range_ellipse_zb11p7_E13p1;F3NCS_0443_ood_unseen_depth_range_ellipse_zb11p2_E14p1;F3NCS_0444_ood_unseen_depth_range_ellipse_zb10p4_E07p3;F3NCS_0445_ood_unseen_depth_range_two_foci_zb13p3_E51p9;F3NCS_0446_ood_unseen_depth_range_cylinder_zb12p2_E10p8;F3NCS_0447_ood_unseen_depth_range_two_foci_zb11p7_E11p2,method2b_512_full_comsol_recalibrated_9model,fig3_true_ood,1,split_role/ood_split_family,ood_unseen_depth_range,230,38,64,0.0657040849328041,0.8250808715820312,0.152594193816185,0.8879432678222656,0.28456911444664,0.9136466979980468,0.3582035899162292,0.9280738830566406,0.4127420783042907,0.6230981894418225,0.841417095383035,0.0244473921954737,0.1785045761725728,0.0148116795645518,0.4379146099090576,0.1156271249055862,validation,0.9,13.331961631774902,
residual_likelihood_guided_diffusion,0.0775938779115676,0.1602434060738218,15.904396648310495,0.2303847409784793,3.1656668186187744,11.04576198037287,0.5292334801173503,64,F3NCS_0384_ood_unseen_depth_range_two_foci_zb11p3_E39p2;F3NCS_0385_ood_unseen_depth_range_cylinder_zb11p5_E77p5;F3NCS_0386_ood_unseen_depth_range_ellipse_zb09p6_E94p6;F3NCS_0387_ood_unseen_depth_range_ellipse_zb10p9_E15p1;F3NCS_0388_ood_unseen_depth_range_two_foci_zb12p8_E07p0;F3NCS_0389_ood_unseen_depth_range_two_foci_zb08p9_E35p1;F3NCS_0390_ood_unseen_depth_range_two_foci_zb08p6_E39p9;F3NCS_0391_ood_unseen_depth_range_ellipse_zb11p5_E49p0;F3NCS_0392_ood_unseen_depth_range_two_foci_zb09p8_E39p6;F3NCS_0393_ood_unseen_depth_range_two_foci_zb13p5_E10p5;F3NCS_0394_ood_unseen_depth_range_cylinder_zb13p1_E17p7;F3NCS_0395_ood_unseen_depth_range_ellipse_zb11p9_E19p2;F3NCS_0396_ood_unseen_depth_range_ellipse_zb12p8_E35p8;F3NCS_0397_ood_unseen_depth_range_ellipse_zb11p0_E90p4;F3NCS_0398_ood_unseen_depth_range_two_foci_zb09p3_E06p2;F3NCS_0399_ood_unseen_depth_range_two_foci_zb12p6_E13p2;F3NCS_0400_ood_unseen_depth_range_ellipse_zb13p7_E19p7;F3NCS_0401_ood_unseen_depth_range_ellipse_zb09p5_E63p3;F3NCS_0402_ood_unseen_depth_range_cylinder_zb09p7_E17p8;F3NCS_0403_ood_unseen_depth_range_cylinder_zb13p3_E13p7;F3NCS_0404_ood_unseen_depth_range_two_foci_zb08p6_E25p9;F3NCS_0405_ood_unseen_depth_range_cylinder_zb09p6_E16p6;F3NCS_0406_ood_unseen_depth_range_two_foci_zb12p7_E08p4;F3NCS_0407_ood_unseen_depth_range_two_foci_zb10p5_E11p3;F3NCS_0408_ood_unseen_depth_range_ellipse_zb12p1_E31p3;F3NCS_0409_ood_unseen_depth_range_two_foci_zb08p9_E07p6;F3NCS_0410_ood_unseen_depth_range_ellipse_zb13p0_E23p5;F3NCS_0411_ood_unseen_depth_range_two_foci_zb14p0_E48p4;F3NCS_0412_ood_unseen_depth_range_ellipse_zb12p8_E74p8;F3NCS_0413_ood_unseen_depth_range_ellipse_zb12p0_E10p1;F3NCS_0414_ood_unseen_depth_range_cylinder_zb10p0_E74p1;F3NCS_0415_ood_unseen_depth_range_two_foci_zb11p6_E74p6;F3NCS_0416_ood_unseen_depth_range_two_foci_zb10p5_E76p3;F3NCS_0417_ood_unseen_depth_range_two_foci_zb13p3_E17p8;F3NCS_0418_ood_unseen_depth_range_ellipse_zb13p8_E28p3;F3NCS_0419_ood_unseen_depth_range_ellipse_zb09p0_E16p3;F3NCS_0420_ood_unseen_depth_range_cylinder_zb13p3_E28p6;F3NCS_0421_ood_unseen_depth_range_cylinder_zb11p0_E23p8;F3NCS_0422_ood_unseen_depth_range_ellipse_zb11p4_E23p6;F3NCS_0423_ood_unseen_depth_range_ellipse_zb09p3_E11p4;F3NCS_0424_ood_unseen_depth_range_ellipse_zb11p1_E21p4;F3NCS_0425_ood_unseen_depth_range_two_foci_zb13p1_E09p6;F3NCS_0426_ood_unseen_depth_range_cylinder_zb10p6_E06p2;F3NCS_0427_ood_unseen_depth_range_ellipse_zb13p9_E58p6;F3NCS_0428_ood_unseen_depth_range_ellipse_zb10p2_E73p0;F3NCS_0429_ood_unseen_depth_range_two_foci_zb09p5_E07p0;F3NCS_0430_ood_unseen_depth_range_two_foci_zb11p3_E33p1;F3NCS_0431_ood_unseen_depth_range_cylinder_zb08p8_E06p7;F3NCS_0432_ood_unseen_depth_range_cylinder_zb09p3_E08p3;F3NCS_0433_ood_unseen_depth_range_cylinder_zb12p9_E86p3;F3NCS_0434_ood_unseen_depth_range_ellipse_zb13p9_E71p4;F3NCS_0435_ood_unseen_depth_range_cylinder_zb10p5_E25p4;F3NCS_0436_ood_unseen_depth_range_ellipse_zb11p9_E84p1;F3NCS_0437_ood_unseen_depth_range_ellipse_zb10p1_E14p8;F3NCS_0438_ood_unseen_depth_range_ellipse_zb10p1_E24p0;F3NCS_0439_ood_unseen_depth_range_ellipse_zb10p5_E33p5;F3NCS_0440_ood_unseen_depth_range_two_foci_zb12p0_E12p1;F3NCS_0441_ood_unseen_depth_range_ellipse_zb12p4_E06p2;F3NCS_0442_ood_unseen_depth_range_ellipse_zb11p7_E13p1;F3NCS_0443_ood_unseen_depth_range_ellipse_zb11p2_E14p1;F3NCS_0444_ood_unseen_depth_range_ellipse_zb10p4_E07p3;F3NCS_0445_ood_unseen_depth_range_two_foci_zb13p3_E51p9;F3NCS_0446_ood_unseen_depth_range_cylinder_zb12p2_E10p8;F3NCS_0447_ood_unseen_depth_range_two_foci_zb11p7_E11p2,method2b_512_full_comsol_recalibrated_9model,fig3_true_ood,1,split_role/ood_split_family,ood_unseen_depth_range,230,38,64,0.0727706849575042,0.0035972595214843,0.0114737842231988,0.0074882507324218,0.0213861279189586,0.0122604370117187,0.0269025191664695,0.0255928039550781,0.0309911146759986,0.622739461425054,0.8406950655435931,0.130595652162825,14.58808263713602,0.0149030041863163,0.1210584640502929,0.0086873061954975,,,,
residual_likelihood_guided_diffusion_calibrated90,0.0775938853621482,0.1602434060738218,15.904396648310495,0.2303846356226131,3.1656668186187744,11.04576198037287,0.529233476777608,64,F3NCS_0384_ood_unseen_depth_range_two_foci_zb11p3_E39p2;F3NCS_0385_ood_unseen_depth_range_cylinder_zb11p5_E77p5;F3NCS_0386_ood_unseen_depth_range_ellipse_zb09p6_E94p6;F3NCS_0387_ood_unseen_depth_range_ellipse_zb10p9_E15p1;F3NCS_0388_ood_unseen_depth_range_two_foci_zb12p8_E07p0;F3NCS_0389_ood_unseen_depth_range_two_foci_zb08p9_E35p1;F3NCS_0390_ood_unseen_depth_range_two_foci_zb08p6_E39p9;F3NCS_0391_ood_unseen_depth_range_ellipse_zb11p5_E49p0;F3NCS_0392_ood_unseen_depth_range_two_foci_zb09p8_E39p6;F3NCS_0393_ood_unseen_depth_range_two_foci_zb13p5_E10p5;F3NCS_0394_ood_unseen_depth_range_cylinder_zb13p1_E17p7;F3NCS_0395_ood_unseen_depth_range_ellipse_zb11p9_E19p2;F3NCS_0396_ood_unseen_depth_range_ellipse_zb12p8_E35p8;F3NCS_0397_ood_unseen_depth_range_ellipse_zb11p0_E90p4;F3NCS_0398_ood_unseen_depth_range_two_foci_zb09p3_E06p2;F3NCS_0399_ood_unseen_depth_range_two_foci_zb12p6_E13p2;F3NCS_0400_ood_unseen_depth_range_ellipse_zb13p7_E19p7;F3NCS_0401_ood_unseen_depth_range_ellipse_zb09p5_E63p3;F3NCS_0402_ood_unseen_depth_range_cylinder_zb09p7_E17p8;F3NCS_0403_ood_unseen_depth_range_cylinder_zb13p3_E13p7;F3NCS_0404_ood_unseen_depth_range_two_foci_zb08p6_E25p9;F3NCS_0405_ood_unseen_depth_range_cylinder_zb09p6_E16p6;F3NCS_0406_ood_unseen_depth_range_two_foci_zb12p7_E08p4;F3NCS_0407_ood_unseen_depth_range_two_foci_zb10p5_E11p3;F3NCS_0408_ood_unseen_depth_range_ellipse_zb12p1_E31p3;F3NCS_0409_ood_unseen_depth_range_two_foci_zb08p9_E07p6;F3NCS_0410_ood_unseen_depth_range_ellipse_zb13p0_E23p5;F3NCS_0411_ood_unseen_depth_range_two_foci_zb14p0_E48p4;F3NCS_0412_ood_unseen_depth_range_ellipse_zb12p8_E74p8;F3NCS_0413_ood_unseen_depth_range_ellipse_zb12p0_E10p1;F3NCS_0414_ood_unseen_depth_range_cylinder_zb10p0_E74p1;F3NCS_0415_ood_unseen_depth_range_two_foci_zb11p6_E74p6;F3NCS_0416_ood_unseen_depth_range_two_foci_zb10p5_E76p3;F3NCS_0417_ood_unseen_depth_range_two_foci_zb13p3_E17p8;F3NCS_0418_ood_unseen_depth_range_ellipse_zb13p8_E28p3;F3NCS_0419_ood_unseen_depth_range_ellipse_zb09p0_E16p3;F3NCS_0420_ood_unseen_depth_range_cylinder_zb13p3_E28p6;F3NCS_0421_ood_unseen_depth_range_cylinder_zb11p0_E23p8;F3NCS_0422_ood_unseen_depth_range_ellipse_zb11p4_E23p6;F3NCS_0423_ood_unseen_depth_range_ellipse_zb09p3_E11p4;F3NCS_0424_ood_unseen_depth_range_ellipse_zb11p1_E21p4;F3NCS_0425_ood_unseen_depth_range_two_foci_zb13p1_E09p6;F3NCS_0426_ood_unseen_depth_range_cylinder_zb10p6_E06p2;F3NCS_0427_ood_unseen_depth_range_ellipse_zb13p9_E58p6;F3NCS_0428_ood_unseen_depth_range_ellipse_zb10p2_E73p0;F3NCS_0429_ood_unseen_depth_range_two_foci_zb09p5_E07p0;F3NCS_0430_ood_unseen_depth_range_two_foci_zb11p3_E33p1;F3NCS_0431_ood_unseen_depth_range_cylinder_zb08p8_E06p7;F3NCS_0432_ood_unseen_depth_range_cylinder_zb09p3_E08p3;F3NCS_0433_ood_unseen_depth_range_cylinder_zb12p9_E86p3;F3NCS_0434_ood_unseen_depth_range_ellipse_zb13p9_E71p4;F3NCS_0435_ood_unseen_depth_range_cylinder_zb10p5_E25p4;F3NCS_0436_ood_unseen_depth_range_ellipse_zb11p9_E84p1;F3NCS_0437_ood_unseen_depth_range_ellipse_zb10p1_E14p8;F3NCS_0438_ood_unseen_depth_range_ellipse_zb10p1_E24p0;F3NCS_0439_ood_unseen_depth_range_ellipse_zb10p5_E33p5;F3NCS_0440_ood_unseen_depth_range_two_foci_zb12p0_E12p1;F3NCS_0441_ood_unseen_depth_range_ellipse_zb12p4_E06p2;F3NCS_0442_ood_unseen_depth_range_ellipse_zb11p7_E13p1;F3NCS_0443_ood_unseen_depth_range_ellipse_zb11p2_E14p1;F3NCS_0444_ood_unseen_depth_range_ellipse_zb10p4_E07p3;F3NCS_0445_ood_unseen_depth_range_two_foci_zb13p3_E51p9;F3NCS_0446_ood_unseen_depth_range_cylinder_zb12p2_E10p8;F3NCS_0447_ood_unseen_depth_range_two_foci_zb11p7_E11p2,method2b_512_full_comsol_recalibrated_9model,fig3_true_ood,1,split_role/ood_split_family,ood_unseen_depth_range,230,38,64,0.0656880810856819,0.8247489929199219,0.152071326971054,0.8873939514160156,0.2834476232528686,0.9132614135742188,0.3565607964992523,0.9282150268554688,0.4107502400875091,0.6227394545582571,0.8406950671604396,0.02482167665731,0.1834904179965034,0.0149030041502599,0.4374593496322632,0.1151398867368698,validation,0.9,13.253807067871094,
explicit_residual_target_diffusion,0.0877993702888488,0.164181456128618,15.69351793773086,0.2306227503577247,3.2900702953338623,11.071910239434642,0.5215829462625854,64,F3NCS_0384_ood_unseen_depth_range_two_foci_zb11p3_E39p2;F3NCS_0385_ood_unseen_depth_range_cylinder_zb11p5_E77p5;F3NCS_0386_ood_unseen_depth_range_ellipse_zb09p6_E94p6;F3NCS_0387_ood_unseen_depth_range_ellipse_zb10p9_E15p1;F3NCS_0388_ood_unseen_depth_range_two_foci_zb12p8_E07p0;F3NCS_0389_ood_unseen_depth_range_two_foci_zb08p9_E35p1;F3NCS_0390_ood_unseen_depth_range_two_foci_zb08p6_E39p9;F3NCS_0391_ood_unseen_depth_range_ellipse_zb11p5_E49p0;F3NCS_0392_ood_unseen_depth_range_two_foci_zb09p8_E39p6;F3NCS_0393_ood_unseen_depth_range_two_foci_zb13p5_E10p5;F3NCS_0394_ood_unseen_depth_range_cylinder_zb13p1_E17p7;F3NCS_0395_ood_unseen_depth_range_ellipse_zb11p9_E19p2;F3NCS_0396_ood_unseen_depth_range_ellipse_zb12p8_E35p8;F3NCS_0397_ood_unseen_depth_range_ellipse_zb11p0_E90p4;F3NCS_0398_ood_unseen_depth_range_two_foci_zb09p3_E06p2;F3NCS_0399_ood_unseen_depth_range_two_foci_zb12p6_E13p2;F3NCS_0400_ood_unseen_depth_range_ellipse_zb13p7_E19p7;F3NCS_0401_ood_unseen_depth_range_ellipse_zb09p5_E63p3;F3NCS_0402_ood_unseen_depth_range_cylinder_zb09p7_E17p8;F3NCS_0403_ood_unseen_depth_range_cylinder_zb13p3_E13p7;F3NCS_0404_ood_unseen_depth_range_two_foci_zb08p6_E25p9;F3NCS_0405_ood_unseen_depth_range_cylinder_zb09p6_E16p6;F3NCS_0406_ood_unseen_depth_range_two_foci_zb12p7_E08p4;F3NCS_0407_ood_unseen_depth_range_two_foci_zb10p5_E11p3;F3NCS_0408_ood_unseen_depth_range_ellipse_zb12p1_E31p3;F3NCS_0409_ood_unseen_depth_range_two_foci_zb08p9_E07p6;F3NCS_0410_ood_unseen_depth_range_ellipse_zb13p0_E23p5;F3NCS_0411_ood_unseen_depth_range_two_foci_zb14p0_E48p4;F3NCS_0412_ood_unseen_depth_range_ellipse_zb12p8_E74p8;F3NCS_0413_ood_unseen_depth_range_ellipse_zb12p0_E10p1;F3NCS_0414_ood_unseen_depth_range_cylinder_zb10p0_E74p1;F3NCS_0415_ood_unseen_depth_range_two_foci_zb11p6_E74p6;F3NCS_0416_ood_unseen_depth_range_two_foci_zb10p5_E76p3;F3NCS_0417_ood_unseen_depth_range_two_foci_zb13p3_E17p8;F3NCS_0418_ood_unseen_depth_range_ellipse_zb13p8_E28p3;F3NCS_0419_ood_unseen_depth_range_ellipse_zb09p0_E16p3;F3NCS_0420_ood_unseen_depth_range_cylinder_zb13p3_E28p6;F3NCS_0421_ood_unseen_depth_range_cylinder_zb11p0_E23p8;F3NCS_0422_ood_unseen_depth_range_ellipse_zb11p4_E23p6;F3NCS_0423_ood_unseen_depth_range_ellipse_zb09p3_E11p4;F3NCS_0424_ood_unseen_depth_range_ellipse_zb11p1_E21p4;F3NCS_0425_ood_unseen_depth_range_two_foci_zb13p1_E09p6;F3NCS_0426_ood_unseen_depth_range_cylinder_zb10p6_E06p2;F3NCS_0427_ood_unseen_depth_range_ellipse_zb13p9_E58p6;F3NCS_0428_ood_unseen_depth_range_ellipse_zb10p2_E73p0;F3NCS_0429_ood_unseen_depth_range_two_foci_zb09p5_E07p0;F3NCS_0430_ood_unseen_depth_range_two_foci_zb11p3_E33p1;F3NCS_0431_ood_unseen_depth_range_cylinder_zb08p8_E06p7;F3NCS_0432_ood_unseen_depth_range_cylinder_zb09p3_E08p3;F3NCS_0433_ood_unseen_depth_range_cylinder_zb12p9_E86p3;F3NCS_0434_ood_unseen_depth_range_ellipse_zb13p9_E71p4;F3NCS_0435_ood_unseen_depth_range_cylinder_zb10p5_E25p4;F3NCS_0436_ood_unseen_depth_range_ellipse_zb11p9_E84p1;F3NCS_0437_ood_unseen_depth_range_ellipse_zb10p1_E14p8;F3NCS_0438_ood_unseen_depth_range_ellipse_zb10p1_E24p0;F3NCS_0439_ood_unseen_depth_range_ellipse_zb10p5_E33p5;F3NCS_0440_ood_unseen_depth_range_two_foci_zb12p0_E12p1;F3NCS_0441_ood_unseen_depth_range_ellipse_zb12p4_E06p2;F3NCS_0442_ood_unseen_depth_range_ellipse_zb11p7_E13p1;F3NCS_0443_ood_unseen_depth_range_ellipse_zb11p2_E14p1;F3NCS_0444_ood_unseen_depth_range_ellipse_zb10p4_E07p3;F3NCS_0445_ood_unseen_depth_range_two_foci_zb13p3_E51p9;F3NCS_0446_ood_unseen_depth_range_cylinder_zb12p2_E10p8;F3NCS_0447_ood_unseen_depth_range_two_foci_zb11p7_E11p2,method2b_512_full_comsol_recalibrated_9model,fig3_true_ood,1,split_role/ood_split_family,ood_unseen_depth_range,230,38,64,0.0581393092870712,0.70184326171875,0.0533567368984222,0.8127174377441406,0.1337289214134216,0.8622665405273438,0.2005449384450912,0.8895111083984375,0.2606925368309021,0.7828247330852379,0.7417229319371611,0.0763012951341455,1.79959075534488,0.0215876585918473,0.4657915830612182,0.0784391462802887,,,,0.7356962561607361
explicit_residual_target_diffusion_calibrated90,0.0877993702888488,0.164181456128618,15.69351793773086,0.2306228321976959,3.2900702953338623,11.071910239434642,0.52158294435855,64,F3NCS_0384_ood_unseen_depth_range_two_foci_zb11p3_E39p2;F3NCS_0385_ood_unseen_depth_range_cylinder_zb11p5_E77p5;F3NCS_0386_ood_unseen_depth_range_ellipse_zb09p6_E94p6;F3NCS_0387_ood_unseen_depth_range_ellipse_zb10p9_E15p1;F3NCS_0388_ood_unseen_depth_range_two_foci_zb12p8_E07p0;F3NCS_0389_ood_unseen_depth_range_two_foci_zb08p9_E35p1;F3NCS_0390_ood_unseen_depth_range_two_foci_zb08p6_E39p9;F3NCS_0391_ood_unseen_depth_range_ellipse_zb11p5_E49p0;F3NCS_0392_ood_unseen_depth_range_two_foci_zb09p8_E39p6;F3NCS_0393_ood_unseen_depth_range_two_foci_zb13p5_E10p5;F3NCS_0394_ood_unseen_depth_range_cylinder_zb13p1_E17p7;F3NCS_0395_ood_unseen_depth_range_ellipse_zb11p9_E19p2;F3NCS_0396_ood_unseen_depth_range_ellipse_zb12p8_E35p8;F3NCS_0397_ood_unseen_depth_range_ellipse_zb11p0_E90p4;F3NCS_0398_ood_unseen_depth_range_two_foci_zb09p3_E06p2;F3NCS_0399_ood_unseen_depth_range_two_foci_zb12p6_E13p2;F3NCS_0400_ood_unseen_depth_range_ellipse_zb13p7_E19p7;F3NCS_0401_ood_unseen_depth_range_ellipse_zb09p5_E63p3;F3NCS_0402_ood_unseen_depth_range_cylinder_zb09p7_E17p8;F3NCS_0403_ood_unseen_depth_range_cylinder_zb13p3_E13p7;F3NCS_0404_ood_unseen_depth_range_two_foci_zb08p6_E25p9;F3NCS_0405_ood_unseen_depth_range_cylinder_zb09p6_E16p6;F3NCS_0406_ood_unseen_depth_range_two_foci_zb12p7_E08p4;F3NCS_0407_ood_unseen_depth_range_two_foci_zb10p5_E11p3;F3NCS_0408_ood_unseen_depth_range_ellipse_zb12p1_E31p3;F3NCS_0409_ood_unseen_depth_range_two_foci_zb08p9_E07p6;F3NCS_0410_ood_unseen_depth_range_ellipse_zb13p0_E23p5;F3NCS_0411_ood_unseen_depth_range_two_foci_zb14p0_E48p4;F3NCS_0412_ood_unseen_depth_range_ellipse_zb12p8_E74p8;F3NCS_0413_ood_unseen_depth_range_ellipse_zb12p0_E10p1;F3NCS_0414_ood_unseen_depth_range_cylinder_zb10p0_E74p1;F3NCS_0415_ood_unseen_depth_range_two_foci_zb11p6_E74p6;F3NCS_0416_ood_unseen_depth_range_two_foci_zb10p5_E76p3;F3NCS_0417_ood_unseen_depth_range_two_foci_zb13p3_E17p8;F3NCS_0418_ood_unseen_depth_range_ellipse_zb13p8_E28p3;F3NCS_0419_ood_unseen_depth_range_ellipse_zb09p0_E16p3;F3NCS_0420_ood_unseen_depth_range_cylinder_zb13p3_E28p6;F3NCS_0421_ood_unseen_depth_range_cylinder_zb11p0_E23p8;F3NCS_0422_ood_unseen_depth_range_ellipse_zb11p4_E23p6;F3NCS_0423_ood_unseen_depth_range_ellipse_zb09p3_E11p4;F3NCS_0424_ood_unseen_depth_range_ellipse_zb11p1_E21p4;F3NCS_0425_ood_unseen_depth_range_two_foci_zb13p1_E09p6;F3NCS_0426_ood_unseen_depth_range_cylinder_zb10p6_E06p2;F3NCS_0427_ood_unseen_depth_range_ellipse_zb13p9_E58p6;F3NCS_0428_ood_unseen_depth_range_ellipse_zb10p2_E73p0;F3NCS_0429_ood_unseen_depth_range_two_foci_zb09p5_E07p0;F3NCS_0430_ood_unseen_depth_range_two_foci_zb11p3_E33p1;F3NCS_0431_ood_unseen_depth_range_cylinder_zb08p8_E06p7;F3NCS_0432_ood_unseen_depth_range_cylinder_zb09p3_E08p3;F3NCS_0433_ood_unseen_depth_range_cylinder_zb12p9_E86p3;F3NCS_0434_ood_unseen_depth_range_ellipse_zb13p9_E71p4;F3NCS_0435_ood_unseen_depth_range_cylinder_zb10p5_E25p4;F3NCS_0436_ood_unseen_depth_range_ellipse_zb11p9_E84p1;F3NCS_0437_ood_unseen_depth_range_ellipse_zb10p1_E14p8;F3NCS_0438_ood_unseen_depth_range_ellipse_zb10p1_E24p0;F3NCS_0439_ood_unseen_depth_range_ellipse_zb10p5_E33p5;F3NCS_0440_ood_unseen_depth_range_two_foci_zb12p0_E12p1;F3NCS_0441_ood_unseen_depth_range_ellipse_zb12p4_E06p2;F3NCS_0442_ood_unseen_depth_range_ellipse_zb11p7_E13p1;F3NCS_0443_ood_unseen_depth_range_ellipse_zb11p2_E14p1;F3NCS_0444_ood_unseen_depth_range_ellipse_zb10p4_E07p3;F3NCS_0445_ood_unseen_depth_range_two_foci_zb13p3_E51p9;F3NCS_0446_ood_unseen_depth_range_cylinder_zb12p2_E10p8;F3NCS_0447_ood_unseen_depth_range_two_foci_zb11p7_E11p2,method2b_512_full_comsol_recalibrated_9model,fig3_true_ood,1,split_role/ood_split_family,ood_unseen_depth_range,230,38,64,0.0584078803658485,0.7283859252929688,0.0738975331187248,0.8651924133300781,0.1852106750011444,0.905364990234375,0.2777489125728607,0.9275856018066406,0.3610516488552093,0.7828247296589744,0.7417229306436839,0.0461044951337798,1.0214074589005833,0.0215876585464756,0.5262389183044434,0.1086359545588493,validation,0.9,1.384971022605896,0.7356962561607361
explicit_residual_likelihood_guided_diffusion,0.0868282094597816,0.1627911513237973,15.767384106342774,0.2319386800518259,3.275208711624145,11.052033208840644,0.5282135205847877,64,F3NCS_0384_ood_unseen_depth_range_two_foci_zb11p3_E39p2;F3NCS_0385_ood_unseen_depth_range_cylinder_zb11p5_E77p5;F3NCS_0386_ood_unseen_depth_range_ellipse_zb09p6_E94p6;F3NCS_0387_ood_unseen_depth_range_ellipse_zb10p9_E15p1;F3NCS_0388_ood_unseen_depth_range_two_foci_zb12p8_E07p0;F3NCS_0389_ood_unseen_depth_range_two_foci_zb08p9_E35p1;F3NCS_0390_ood_unseen_depth_range_two_foci_zb08p6_E39p9;F3NCS_0391_ood_unseen_depth_range_ellipse_zb11p5_E49p0;F3NCS_0392_ood_unseen_depth_range_two_foci_zb09p8_E39p6;F3NCS_0393_ood_unseen_depth_range_two_foci_zb13p5_E10p5;F3NCS_0394_ood_unseen_depth_range_cylinder_zb13p1_E17p7;F3NCS_0395_ood_unseen_depth_range_ellipse_zb11p9_E19p2;F3NCS_0396_ood_unseen_depth_range_ellipse_zb12p8_E35p8;F3NCS_0397_ood_unseen_depth_range_ellipse_zb11p0_E90p4;F3NCS_0398_ood_unseen_depth_range_two_foci_zb09p3_E06p2;F3NCS_0399_ood_unseen_depth_range_two_foci_zb12p6_E13p2;F3NCS_0400_ood_unseen_depth_range_ellipse_zb13p7_E19p7;F3NCS_0401_ood_unseen_depth_range_ellipse_zb09p5_E63p3;F3NCS_0402_ood_unseen_depth_range_cylinder_zb09p7_E17p8;F3NCS_0403_ood_unseen_depth_range_cylinder_zb13p3_E13p7;F3NCS_0404_ood_unseen_depth_range_two_foci_zb08p6_E25p9;F3NCS_0405_ood_unseen_depth_range_cylinder_zb09p6_E16p6;F3NCS_0406_ood_unseen_depth_range_two_foci_zb12p7_E08p4;F3NCS_0407_ood_unseen_depth_range_two_foci_zb10p5_E11p3;F3NCS_0408_ood_unseen_depth_range_ellipse_zb12p1_E31p3;F3NCS_0409_ood_unseen_depth_range_two_foci_zb08p9_E07p6;F3NCS_0410_ood_unseen_depth_range_ellipse_zb13p0_E23p5;F3NCS_0411_ood_unseen_depth_range_two_foci_zb14p0_E48p4;F3NCS_0412_ood_unseen_depth_range_ellipse_zb12p8_E74p8;F3NCS_0413_ood_unseen_depth_range_ellipse_zb12p0_E10p1;F3NCS_0414_ood_unseen_depth_range_cylinder_zb10p0_E74p1;F3NCS_0415_ood_unseen_depth_range_two_foci_zb11p6_E74p6;F3NCS_0416_ood_unseen_depth_range_two_foci_zb10p5_E76p3;F3NCS_0417_ood_unseen_depth_range_two_foci_zb13p3_E17p8;F3NCS_0418_ood_unseen_depth_range_ellipse_zb13p8_E28p3;F3NCS_0419_ood_unseen_depth_range_ellipse_zb09p0_E16p3;F3NCS_0420_ood_unseen_depth_range_cylinder_zb13p3_E28p6;F3NCS_0421_ood_unseen_depth_range_cylinder_zb11p0_E23p8;F3NCS_0422_ood_unseen_depth_range_ellipse_zb11p4_E23p6;F3NCS_0423_ood_unseen_depth_range_ellipse_zb09p3_E11p4;F3NCS_0424_ood_unseen_depth_range_ellipse_zb11p1_E21p4;F3NCS_0425_ood_unseen_depth_range_two_foci_zb13p1_E09p6;F3NCS_0426_ood_unseen_depth_range_cylinder_zb10p6_E06p2;F3NCS_0427_ood_unseen_depth_range_ellipse_zb13p9_E58p6;F3NCS_0428_ood_unseen_depth_range_ellipse_zb10p2_E73p0;F3NCS_0429_ood_unseen_depth_range_two_foci_zb09p5_E07p0;F3NCS_0430_ood_unseen_depth_range_two_foci_zb11p3_E33p1;F3NCS_0431_ood_unseen_depth_range_cylinder_zb08p8_E06p7;F3NCS_0432_ood_unseen_depth_range_cylinder_zb09p3_E08p3;F3NCS_0433_ood_unseen_depth_range_cylinder_zb12p9_E86p3;F3NCS_0434_ood_unseen_depth_range_ellipse_zb13p9_E71p4;F3NCS_0435_ood_unseen_depth_range_cylinder_zb10p5_E25p4;F3NCS_0436_ood_unseen_depth_range_ellipse_zb11p9_E84p1;F3NCS_0437_ood_unseen_depth_range_ellipse_zb10p1_E14p8;F3NCS_0438_ood_unseen_depth_range_ellipse_zb10p1_E24p0;F3NCS_0439_ood_unseen_depth_range_ellipse_zb10p5_E33p5;F3NCS_0440_ood_unseen_depth_range_two_foci_zb12p0_E12p1;F3NCS_0441_ood_unseen_depth_range_ellipse_zb12p4_E06p2;F3NCS_0442_ood_unseen_depth_range_ellipse_zb11p7_E13p1;F3NCS_0443_ood_unseen_depth_range_ellipse_zb11p2_E14p1;F3NCS_0444_ood_unseen_depth_range_ellipse_zb10p4_E07p3;F3NCS_0445_ood_unseen_depth_range_two_foci_zb13p3_E51p9;F3NCS_0446_ood_unseen_depth_range_cylinder_zb12p2_E10p8;F3NCS_0447_ood_unseen_depth_range_two_foci_zb11p7_E11p2,method2b_512_full_comsol_recalibrated_9model,fig3_true_ood,1,split_role/ood_split_family,ood_unseen_depth_range,230,38,64,0.0573837533593177,0.6986732482910156,0.0530966110527515,0.8125190734863281,0.1323115825653076,0.8630752563476562,0.1993665397167205,0.8933143615722656,0.2595774233341217,0.7975009429425769,0.7772973017715925,0.072286951583645,1.6380623272760144,0.0188101697327103,0.4647054672241211,0.0778958722949028,,,,0.7356962561607361
explicit_residual_likelihood_guided_diffusion_calibrated90,0.0868282169103622,0.1627911513237973,15.767384106342774,0.2319386842427775,3.275208711624145,11.052033208840644,0.5282135201471984,64,F3NCS_0384_ood_unseen_depth_range_two_foci_zb11p3_E39p2;F3NCS_0385_ood_unseen_depth_range_cylinder_zb11p5_E77p5;F3NCS_0386_ood_unseen_depth_range_ellipse_zb09p6_E94p6;F3NCS_0387_ood_unseen_depth_range_ellipse_zb10p9_E15p1;F3NCS_0388_ood_unseen_depth_range_two_foci_zb12p8_E07p0;F3NCS_0389_ood_unseen_depth_range_two_foci_zb08p9_E35p1;F3NCS_0390_ood_unseen_depth_range_two_foci_zb08p6_E39p9;F3NCS_0391_ood_unseen_depth_range_ellipse_zb11p5_E49p0;F3NCS_0392_ood_unseen_depth_range_two_foci_zb09p8_E39p6;F3NCS_0393_ood_unseen_depth_range_two_foci_zb13p5_E10p5;F3NCS_0394_ood_unseen_depth_range_cylinder_zb13p1_E17p7;F3NCS_0395_ood_unseen_depth_range_ellipse_zb11p9_E19p2;F3NCS_0396_ood_unseen_depth_range_ellipse_zb12p8_E35p8;F3NCS_0397_ood_unseen_depth_range_ellipse_zb11p0_E90p4;F3NCS_0398_ood_unseen_depth_range_two_foci_zb09p3_E06p2;F3NCS_0399_ood_unseen_depth_range_two_foci_zb12p6_E13p2;F3NCS_0400_ood_unseen_depth_range_ellipse_zb13p7_E19p7;F3NCS_0401_ood_unseen_depth_range_ellipse_zb09p5_E63p3;F3NCS_0402_ood_unseen_depth_range_cylinder_zb09p7_E17p8;F3NCS_0403_ood_unseen_depth_range_cylinder_zb13p3_E13p7;F3NCS_0404_ood_unseen_depth_range_two_foci_zb08p6_E25p9;F3NCS_0405_ood_unseen_depth_range_cylinder_zb09p6_E16p6;F3NCS_0406_ood_unseen_depth_range_two_foci_zb12p7_E08p4;F3NCS_0407_ood_unseen_depth_range_two_foci_zb10p5_E11p3;F3NCS_0408_ood_unseen_depth_range_ellipse_zb12p1_E31p3;F3NCS_0409_ood_unseen_depth_range_two_foci_zb08p9_E07p6;F3NCS_0410_ood_unseen_depth_range_ellipse_zb13p0_E23p5;F3NCS_0411_ood_unseen_depth_range_two_foci_zb14p0_E48p4;F3NCS_0412_ood_unseen_depth_range_ellipse_zb12p8_E74p8;F3NCS_0413_ood_unseen_depth_range_ellipse_zb12p0_E10p1;F3NCS_0414_ood_unseen_depth_range_cylinder_zb10p0_E74p1;F3NCS_0415_ood_unseen_depth_range_two_foci_zb11p6_E74p6;F3NCS_0416_ood_unseen_depth_range_two_foci_zb10p5_E76p3;F3NCS_0417_ood_unseen_depth_range_two_foci_zb13p3_E17p8;F3NCS_0418_ood_unseen_depth_range_ellipse_zb13p8_E28p3;F3NCS_0419_ood_unseen_depth_range_ellipse_zb09p0_E16p3;F3NCS_0420_ood_unseen_depth_range_cylinder_zb13p3_E28p6;F3NCS_0421_ood_unseen_depth_range_cylinder_zb11p0_E23p8;F3NCS_0422_ood_unseen_depth_range_ellipse_zb11p4_E23p6;F3NCS_0423_ood_unseen_depth_range_ellipse_zb09p3_E11p4;F3NCS_0424_ood_unseen_depth_range_ellipse_zb11p1_E21p4;F3NCS_0425_ood_unseen_depth_range_two_foci_zb13p1_E09p6;F3NCS_0426_ood_unseen_depth_range_cylinder_zb10p6_E06p2;F3NCS_0427_ood_unseen_depth_range_ellipse_zb13p9_E58p6;F3NCS_0428_ood_unseen_depth_range_ellipse_zb10p2_E73p0;F3NCS_0429_ood_unseen_depth_range_two_foci_zb09p5_E07p0;F3NCS_0430_ood_unseen_depth_range_two_foci_zb11p3_E33p1;F3NCS_0431_ood_unseen_depth_range_cylinder_zb08p8_E06p7;F3NCS_0432_ood_unseen_depth_range_cylinder_zb09p3_E08p3;F3NCS_0433_ood_unseen_depth_range_cylinder_zb12p9_E86p3;F3NCS_0434_ood_unseen_depth_range_ellipse_zb13p9_E71p4;F3NCS_0435_ood_unseen_depth_range_cylinder_zb10p5_E25p4;F3NCS_0436_ood_unseen_depth_range_ellipse_zb11p9_E84p1;F3NCS_0437_ood_unseen_depth_range_ellipse_zb10p1_E14p8;F3NCS_0438_ood_unseen_depth_range_ellipse_zb10p1_E24p0;F3NCS_0439_ood_unseen_depth_range_ellipse_zb10p5_E33p5;F3NCS_0440_ood_unseen_depth_range_two_foci_zb12p0_E12p1;F3NCS_0441_ood_unseen_depth_range_ellipse_zb12p4_E06p2;F3NCS_0442_ood_unseen_depth_range_ellipse_zb11p7_E13p1;F3NCS_0443_ood_unseen_depth_range_ellipse_zb11p2_E14p1;F3NCS_0444_ood_unseen_depth_range_ellipse_zb10p4_E07p3;F3NCS_0445_ood_unseen_depth_range_two_foci_zb13p3_E51p9;F3NCS_0446_ood_unseen_depth_range_cylinder_zb12p2_E10p8;F3NCS_0447_ood_unseen_depth_range_two_foci_zb11p7_E11p2,method2b_512_full_comsol_recalibrated_9model,fig3_true_ood,1,split_role/ood_split_family,ood_unseen_depth_range,230,38,64,0.0575652495026588,0.727294921875,0.0743003115057945,0.8687782287597656,0.1851491630077362,0.9101791381835938,0.2789819836616516,0.9324798583984376,0.3632376194000244,0.7975009454236068,0.7772973026608581,0.0411798545473297,0.8852162044652125,0.0188101615978981,0.5260131359100342,0.1090029627084732,validation,0.9,1.399342060089111,0.7356962561607361
train_mean_prior,0.1460379064083099,0.2254924993504597,12.937357993226668,0.0317656520346645,4.367835521697998,12.731186693471408,,32,F3NCS_0448_ood_unseen_layer_modulus_ellipse_zb07p4_E21p0;F3NCS_0449_ood_unseen_layer_modulus_ellipse_zb05p8_E54p9;F3NCS_0450_ood_unseen_layer_modulus_crescent_zb09p9_E11p6;F3NCS_0451_ood_unseen_layer_modulus_cylinder_zb09p3_E36p6;F3NCS_0452_ood_unseen_layer_modulus_two_foci_zb09p4_E11p5;F3NCS_0453_ood_unseen_layer_modulus_lobed_zb09p7_E21p6;F3NCS_0454_ood_unseen_layer_modulus_crescent_zb06p1_E76p6;F3NCS_0455_ood_unseen_layer_modulus_ellipse_zb06p0_E06p3;F3NCS_0456_ood_unseen_layer_modulus_ellipse_zb02p7_E65p7;F3NCS_0457_ood_unseen_layer_modulus_lobed_zb07p1_E19p6;F3NCS_0458_ood_unseen_layer_modulus_lobed_zb02p9_E06p6;F3NCS_0459_ood_unseen_layer_modulus_ellipse_zb09p5_E34p1;F3NCS_0460_ood_unseen_layer_modulus_two_foci_zb03p6_E86p4;F3NCS_0461_ood_unseen_layer_modulus_cylinder_zb08p2_E46p7;F3NCS_0462_ood_unseen_layer_modulus_two_foci_zb09p7_E30p7;F3NCS_0463_ood_unseen_layer_modulus_lobed_zb03p1_E09p1;F3NCS_0464_ood_unseen_layer_modulus_lobed_zb05p9_E29p2;F3NCS_0465_ood_unseen_layer_modulus_two_foci_zb03p6_E42p2;F3NCS_0466_ood_unseen_layer_modulus_two_foci_zb03p5_E33p5;F3NCS_0467_ood_unseen_layer_modulus_cylinder_zb03p5_E16p4;F3NCS_0468_ood_unseen_layer_modulus_lobed_zb04p2_E55p5;F3NCS_0469_ood_unseen_layer_modulus_ellipse_zb08p2_E21p5;F3NCS_0470_ood_unseen_layer_modulus_lobed_zb05p9_E43p7;F3NCS_0471_ood_unseen_layer_modulus_lobed_zb02p0_E78p3;F3NCS_0472_ood_unseen_layer_modulus_lobed_zb07p9_E07p2;F3NCS_0473_ood_unseen_layer_modulus_ellipse_zb05p9_E08p4;F3NCS_0474_ood_unseen_layer_modulus_cylinder_zb09p4_E22p6;F3NCS_0475_ood_unseen_layer_modulus_lobed_zb08p1_E22p1;F3NCS_0476_ood_unseen_layer_modulus_ellipse_zb05p7_E79p4;F3NCS_0477_ood_unseen_layer_modulus_ellipse_zb03p5_E10p4;F3NCS_0478_ood_unseen_layer_modulus_ellipse_zb07p1_E27p2;F3NCS_0479_ood_unseen_layer_modulus_cylinder_zb03p7_E09p1,method2b_512_full_comsol_recalibrated_9model,fig3_true_ood,2,split_role/ood_split_family,ood_unseen_layer_modulus,230,38,32,,,,,,,,,,,,,,,,,,,,
srcnn_bz_single_channel,0.1182555258274078,0.2024239583646214,13.874761736864835,0.1639838372357189,4.046414852142334,12.231258458215969,0.4120017742052028,32,F3NCS_0448_ood_unseen_layer_modulus_ellipse_zb07p4_E21p0;F3NCS_0449_ood_unseen_layer_modulus_ellipse_zb05p8_E54p9;F3NCS_0450_ood_unseen_layer_modulus_crescent_zb09p9_E11p6;F3NCS_0451_ood_unseen_layer_modulus_cylinder_zb09p3_E36p6;F3NCS_0452_ood_unseen_layer_modulus_two_foci_zb09p4_E11p5;F3NCS_0453_ood_unseen_layer_modulus_lobed_zb09p7_E21p6;F3NCS_0454_ood_unseen_layer_modulus_crescent_zb06p1_E76p6;F3NCS_0455_ood_unseen_layer_modulus_ellipse_zb06p0_E06p3;F3NCS_0456_ood_unseen_layer_modulus_ellipse_zb02p7_E65p7;F3NCS_0457_ood_unseen_layer_modulus_lobed_zb07p1_E19p6;F3NCS_0458_ood_unseen_layer_modulus_lobed_zb02p9_E06p6;F3NCS_0459_ood_unseen_layer_modulus_ellipse_zb09p5_E34p1;F3NCS_0460_ood_unseen_layer_modulus_two_foci_zb03p6_E86p4;F3NCS_0461_ood_unseen_layer_modulus_cylinder_zb08p2_E46p7;F3NCS_0462_ood_unseen_layer_modulus_two_foci_zb09p7_E30p7;F3NCS_0463_ood_unseen_layer_modulus_lobed_zb03p1_E09p1;F3NCS_0464_ood_unseen_layer_modulus_lobed_zb05p9_E29p2;F3NCS_0465_ood_unseen_layer_modulus_two_foci_zb03p6_E42p2;F3NCS_0466_ood_unseen_layer_modulus_two_foci_zb03p5_E33p5;F3NCS_0467_ood_unseen_layer_modulus_cylinder_zb03p5_E16p4;F3NCS_0468_ood_unseen_layer_modulus_lobed_zb04p2_E55p5;F3NCS_0469_ood_unseen_layer_modulus_ellipse_zb08p2_E21p5;F3NCS_0470_ood_unseen_layer_modulus_lobed_zb05p9_E43p7;F3NCS_0471_ood_unseen_layer_modulus_lobed_zb02p0_E78p3;F3NCS_0472_ood_unseen_layer_modulus_lobed_zb07p9_E07p2;F3NCS_0473_ood_unseen_layer_modulus_ellipse_zb05p9_E08p4;F3NCS_0474_ood_unseen_layer_modulus_cylinder_zb09p4_E22p6;F3NCS_0475_ood_unseen_layer_modulus_lobed_zb08p1_E22p1;F3NCS_0476_ood_unseen_layer_modulus_ellipse_zb05p7_E79p4;F3NCS_0477_ood_unseen_layer_modulus_ellipse_zb03p5_E10p4;F3NCS_0478_ood_unseen_layer_modulus_ellipse_zb07p1_E27p2;F3NCS_0479_ood_unseen_layer_modulus_cylinder_zb03p7_E09p1,method2b_512_full_comsol_recalibrated_9model,fig3_true_ood,2,split_role/ood_split_family,ood_unseen_layer_modulus,230,38,32,0.1182555258274078,0.0,0.0,0.0,0.0,0.0,0.0,0.0,0.0,,0.5,0.2012879964796106,,0.084565523343831,0.1442642211914062,0.0,,,,
unet_canonical_bxyz,0.0711343437433242,0.1501380918064606,16.47018216278428,0.434099537320435,2.904713630676269,9.234647640328006,0.549255975157882,32,F3NCS_0448_ood_unseen_layer_modulus_ellipse_zb07p4_E21p0;F3NCS_0449_ood_unseen_layer_modulus_ellipse_zb05p8_E54p9;F3NCS_0450_ood_unseen_layer_modulus_crescent_zb09p9_E11p6;F3NCS_0451_ood_unseen_layer_modulus_cylinder_zb09p3_E36p6;F3NCS_0452_ood_unseen_layer_modulus_two_foci_zb09p4_E11p5;F3NCS_0453_ood_unseen_layer_modulus_lobed_zb09p7_E21p6;F3NCS_0454_ood_unseen_layer_modulus_crescent_zb06p1_E76p6;F3NCS_0455_ood_unseen_layer_modulus_ellipse_zb06p0_E06p3;F3NCS_0456_ood_unseen_layer_modulus_ellipse_zb02p7_E65p7;F3NCS_0457_ood_unseen_layer_modulus_lobed_zb07p1_E19p6;F3NCS_0458_ood_unseen_layer_modulus_lobed_zb02p9_E06p6;F3NCS_0459_ood_unseen_layer_modulus_ellipse_zb09p5_E34p1;F3NCS_0460_ood_unseen_layer_modulus_two_foci_zb03p6_E86p4;F3NCS_0461_ood_unseen_layer_modulus_cylinder_zb08p2_E46p7;F3NCS_0462_ood_unseen_layer_modulus_two_foci_zb09p7_E30p7;F3NCS_0463_ood_unseen_layer_modulus_lobed_zb03p1_E09p1;F3NCS_0464_ood_unseen_layer_modulus_lobed_zb05p9_E29p2;F3NCS_0465_ood_unseen_layer_modulus_two_foci_zb03p6_E42p2;F3NCS_0466_ood_unseen_layer_modulus_two_foci_zb03p5_E33p5;F3NCS_0467_ood_unseen_layer_modulus_cylinder_zb03p5_E16p4;F3NCS_0468_ood_unseen_layer_modulus_lobed_zb04p2_E55p5;F3NCS_0469_ood_unseen_layer_modulus_ellipse_zb08p2_E21p5;F3NCS_0470_ood_unseen_layer_modulus_lobed_zb05p9_E43p7;F3NCS_0471_ood_unseen_layer_modulus_lobed_zb02p0_E78p3;F3NCS_0472_ood_unseen_layer_modulus_lobed_zb07p9_E07p2;F3NCS_0473_ood_unseen_layer_modulus_ellipse_zb05p9_E08p4;F3NCS_0474_ood_unseen_layer_modulus_cylinder_zb09p4_E22p6;F3NCS_0475_ood_unseen_layer_modulus_lobed_zb08p1_E22p1;F3NCS_0476_ood_unseen_layer_modulus_ellipse_zb05p7_E79p4;F3NCS_0477_ood_unseen_layer_modulus_ellipse_zb03p5_E10p4;F3NCS_0478_ood_unseen_layer_modulus_ellipse_zb07p1_E27p2;F3NCS_0479_ood_unseen_layer_modulus_cylinder_zb03p7_E09p1,method2b_512_full_comsol_recalibrated_9model,fig3_true_ood,2,split_role/ood_split_family,ood_unseen_layer_modulus,230,38,32,0.0711343437433242,0.0,0.0,0.0,0.0,0.0,0.0,0.0,0.0,,0.5,0.1474945658945691,,0.0512953020460857,0.1063613891601562,0.0,,,,
vanilla_diffusion,0.4688566923141479,0.4840656800285681,6.3019141498087885,0.0465726748516317,13.996294975280762,15.776570024665183,0.2970626711282574,32,F3NCS_0448_ood_unseen_layer_modulus_ellipse_zb07p4_E21p0;F3NCS_0449_ood_unseen_layer_modulus_ellipse_zb05p8_E54p9;F3NCS_0450_ood_unseen_layer_modulus_crescent_zb09p9_E11p6;F3NCS_0451_ood_unseen_layer_modulus_cylinder_zb09p3_E36p6;F3NCS_0452_ood_unseen_layer_modulus_two_foci_zb09p4_E11p5;F3NCS_0453_ood_unseen_layer_modulus_lobed_zb09p7_E21p6;F3NCS_0454_ood_unseen_layer_modulus_crescent_zb06p1_E76p6;F3NCS_0455_ood_unseen_layer_modulus_ellipse_zb06p0_E06p3;F3NCS_0456_ood_unseen_layer_modulus_ellipse_zb02p7_E65p7;F3NCS_0457_ood_unseen_layer_modulus_lobed_zb07p1_E19p6;F3NCS_0458_ood_unseen_layer_modulus_lobed_zb02p9_E06p6;F3NCS_0459_ood_unseen_layer_modulus_ellipse_zb09p5_E34p1;F3NCS_0460_ood_unseen_layer_modulus_two_foci_zb03p6_E86p4;F3NCS_0461_ood_unseen_layer_modulus_cylinder_zb08p2_E46p7;F3NCS_0462_ood_unseen_layer_modulus_two_foci_zb09p7_E30p7;F3NCS_0463_ood_unseen_layer_modulus_lobed_zb03p1_E09p1;F3NCS_0464_ood_unseen_layer_modulus_lobed_zb05p9_E29p2;F3NCS_0465_ood_unseen_layer_modulus_two_foci_zb03p6_E42p2;F3NCS_0466_ood_unseen_layer_modulus_two_foci_zb03p5_E33p5;F3NCS_0467_ood_unseen_layer_modulus_cylinder_zb03p5_E16p4;F3NCS_0468_ood_unseen_layer_modulus_lobed_zb04p2_E55p5;F3NCS_0469_ood_unseen_layer_modulus_ellipse_zb08p2_E21p5;F3NCS_0470_ood_unseen_layer_modulus_lobed_zb05p9_E43p7;F3NCS_0471_ood_unseen_layer_modulus_lobed_zb02p0_E78p3;F3NCS_0472_ood_unseen_layer_modulus_lobed_zb07p9_E07p2;F3NCS_0473_ood_unseen_layer_modulus_ellipse_zb05p9_E08p4;F3NCS_0474_ood_unseen_layer_modulus_cylinder_zb09p4_E22p6;F3NCS_0475_ood_unseen_layer_modulus_lobed_zb08p1_E22p1;F3NCS_0476_ood_unseen_layer_modulus_ellipse_zb05p7_E79p4;F3NCS_0477_ood_unseen_layer_modulus_ellipse_zb03p5_E10p4;F3NCS_0478_ood_unseen_layer_modulus_ellipse_zb07p1_E27p2;F3NCS_0479_ood_unseen_layer_modulus_cylinder_zb03p7_E09p1,method2b_512_full_comsol_recalibrated_9model,fig3_true_ood,2,split_role/ood_split_family,ood_unseen_layer_modulus,230,38,32,0.4293975234031677,0.01849365234375,0.0686575248837471,0.0467681884765625,0.184945747256279,0.0571060180664062,0.2543084919452667,0.0627975463867187,0.3031280040740967,0.4343620339306881,0.9035161600327692,0.3962417795399732,5.263762846807681,0.1050283171422196,0.0833926200866699,0.0877793729305267,,,,
vanilla_diffusion_calibrated90,0.4688566923141479,0.4840656800285681,6.3019141498087885,0.0465726669353898,13.996294975280762,15.776570024665183,0.2970627260254871,32,F3NCS_0448_ood_unseen_layer_modulus_ellipse_zb07p4_E21p0;F3NCS_0449_ood_unseen_layer_modulus_ellipse_zb05p8_E54p9;F3NCS_0450_ood_unseen_layer_modulus_crescent_zb09p9_E11p6;F3NCS_0451_ood_unseen_layer_modulus_cylinder_zb09p3_E36p6;F3NCS_0452_ood_unseen_layer_modulus_two_foci_zb09p4_E11p5;F3NCS_0453_ood_unseen_layer_modulus_lobed_zb09p7_E21p6;F3NCS_0454_ood_unseen_layer_modulus_crescent_zb06p1_E76p6;F3NCS_0455_ood_unseen_layer_modulus_ellipse_zb06p0_E06p3;F3NCS_0456_ood_unseen_layer_modulus_ellipse_zb02p7_E65p7;F3NCS_0457_ood_unseen_layer_modulus_lobed_zb07p1_E19p6;F3NCS_0458_ood_unseen_layer_modulus_lobed_zb02p9_E06p6;F3NCS_0459_ood_unseen_layer_modulus_ellipse_zb09p5_E34p1;F3NCS_0460_ood_unseen_layer_modulus_two_foci_zb03p6_E86p4;F3NCS_0461_ood_unseen_layer_modulus_cylinder_zb08p2_E46p7;F3NCS_0462_ood_unseen_layer_modulus_two_foci_zb09p7_E30p7;F3NCS_0463_ood_unseen_layer_modulus_lobed_zb03p1_E09p1;F3NCS_0464_ood_unseen_layer_modulus_lobed_zb05p9_E29p2;F3NCS_0465_ood_unseen_layer_modulus_two_foci_zb03p6_E42p2;F3NCS_0466_ood_unseen_layer_modulus_two_foci_zb03p5_E33p5;F3NCS_0467_ood_unseen_layer_modulus_cylinder_zb03p5_E16p4;F3NCS_0468_ood_unseen_layer_modulus_lobed_zb04p2_E55p5;F3NCS_0469_ood_unseen_layer_modulus_ellipse_zb08p2_E21p5;F3NCS_0470_ood_unseen_layer_modulus_lobed_zb05p9_E43p7;F3NCS_0471_ood_unseen_layer_modulus_lobed_zb02p0_E78p3;F3NCS_0472_ood_unseen_layer_modulus_lobed_zb07p9_E07p2;F3NCS_0473_ood_unseen_layer_modulus_ellipse_zb05p9_E08p4;F3NCS_0474_ood_unseen_layer_modulus_cylinder_zb09p4_E22p6;F3NCS_0475_ood_unseen_layer_modulus_lobed_zb08p1_E22p1;F3NCS_0476_ood_unseen_layer_modulus_ellipse_zb05p7_E79p4;F3NCS_0477_ood_unseen_layer_modulus_ellipse_zb03p5_E10p4;F3NCS_0478_ood_unseen_layer_modulus_ellipse_zb07p1_E27p2;F3NCS_0479_ood_unseen_layer_modulus_cylinder_zb03p7_E09p1,method2b_512_full_comsol_recalibrated_9model,fig3_true_ood,2,split_role/ood_split_family,ood_unseen_layer_modulus,230,38,32,0.238665372133255,0.3817291259765625,0.6385729908943176,0.7224655151367188,1.7201517820358276,0.8619003295898438,2.365283966064453,0.9337997436523438,2.8193464279174805,0.4343620262578028,0.9035161639130694,0.3590656575920534,0.4022789522414645,0.10502831709507,0.2819695472717285,0.8164224624633789,validation,0.9,9.3008451461792,
likelihood_guided_diffusion,0.470472514629364,0.4855811882630687,6.274762929257074,0.0462392286572139,14.090761184692385,15.859445716437166,0.3059310285249748,32,F3NCS_0448_ood_unseen_layer_modulus_ellipse_zb07p4_E21p0;F3NCS_0449_ood_unseen_layer_modulus_ellipse_zb05p8_E54p9;F3NCS_0450_ood_unseen_layer_modulus_crescent_zb09p9_E11p6;F3NCS_0451_ood_unseen_layer_modulus_cylinder_zb09p3_E36p6;F3NCS_0452_ood_unseen_layer_modulus_two_foci_zb09p4_E11p5;F3NCS_0453_ood_unseen_layer_modulus_lobed_zb09p7_E21p6;F3NCS_0454_ood_unseen_layer_modulus_crescent_zb06p1_E76p6;F3NCS_0455_ood_unseen_layer_modulus_ellipse_zb06p0_E06p3;F3NCS_0456_ood_unseen_layer_modulus_ellipse_zb02p7_E65p7;F3NCS_0457_ood_unseen_layer_modulus_lobed_zb07p1_E19p6;F3NCS_0458_ood_unseen_layer_modulus_lobed_zb02p9_E06p6;F3NCS_0459_ood_unseen_layer_modulus_ellipse_zb09p5_E34p1;F3NCS_0460_ood_unseen_layer_modulus_two_foci_zb03p6_E86p4;F3NCS_0461_ood_unseen_layer_modulus_cylinder_zb08p2_E46p7;F3NCS_0462_ood_unseen_layer_modulus_two_foci_zb09p7_E30p7;F3NCS_0463_ood_unseen_layer_modulus_lobed_zb03p1_E09p1;F3NCS_0464_ood_unseen_layer_modulus_lobed_zb05p9_E29p2;F3NCS_0465_ood_unseen_layer_modulus_two_foci_zb03p6_E42p2;F3NCS_0466_ood_unseen_layer_modulus_two_foci_zb03p5_E33p5;F3NCS_0467_ood_unseen_layer_modulus_cylinder_zb03p5_E16p4;F3NCS_0468_ood_unseen_layer_modulus_lobed_zb04p2_E55p5;F3NCS_0469_ood_unseen_layer_modulus_ellipse_zb08p2_E21p5;F3NCS_0470_ood_unseen_layer_modulus_lobed_zb05p9_E43p7;F3NCS_0471_ood_unseen_layer_modulus_lobed_zb02p0_E78p3;F3NCS_0472_ood_unseen_layer_modulus_lobed_zb07p9_E07p2;F3NCS_0473_ood_unseen_layer_modulus_ellipse_zb05p9_E08p4;F3NCS_0474_ood_unseen_layer_modulus_cylinder_zb09p4_E22p6;F3NCS_0475_ood_unseen_layer_modulus_lobed_zb08p1_E22p1;F3NCS_0476_ood_unseen_layer_modulus_ellipse_zb05p7_E79p4;F3NCS_0477_ood_unseen_layer_modulus_ellipse_zb03p5_E10p4;F3NCS_0478_ood_unseen_layer_modulus_ellipse_zb07p1_E27p2;F3NCS_0479_ood_unseen_layer_modulus_cylinder_zb03p7_E09p1,method2b_512_full_comsol_recalibrated_9model,fig3_true_ood,2,split_role/ood_split_family,ood_unseen_layer_modulus,230,38,32,0.4311010837554931,0.01763916015625,0.0681973397731781,0.0489120483398437,0.1849166452884674,0.0586395263671875,0.2550482153892517,0.0658340454101562,0.3045880198478699,0.4268218059824997,0.9110880475479984,0.3977353406803183,5.416477388088113,0.106080479207695,0.082841157913208,0.0877831131219863,,,,
likelihood_guided_diffusion_calibrated90,0.470472514629364,0.4855811882630687,6.274762929257074,0.0462391557521186,14.090761184692385,15.859445716437166,0.3059311286658591,32,F3NCS_0448_ood_unseen_layer_modulus_ellipse_zb07p4_E21p0;F3NCS_0449_ood_unseen_layer_modulus_ellipse_zb05p8_E54p9;F3NCS_0450_ood_unseen_layer_modulus_crescent_zb09p9_E11p6;F3NCS_0451_ood_unseen_layer_modulus_cylinder_zb09p3_E36p6;F3NCS_0452_ood_unseen_layer_modulus_two_foci_zb09p4_E11p5;F3NCS_0453_ood_unseen_layer_modulus_lobed_zb09p7_E21p6;F3NCS_0454_ood_unseen_layer_modulus_crescent_zb06p1_E76p6;F3NCS_0455_ood_unseen_layer_modulus_ellipse_zb06p0_E06p3;F3NCS_0456_ood_unseen_layer_modulus_ellipse_zb02p7_E65p7;F3NCS_0457_ood_unseen_layer_modulus_lobed_zb07p1_E19p6;F3NCS_0458_ood_unseen_layer_modulus_lobed_zb02p9_E06p6;F3NCS_0459_ood_unseen_layer_modulus_ellipse_zb09p5_E34p1;F3NCS_0460_ood_unseen_layer_modulus_two_foci_zb03p6_E86p4;F3NCS_0461_ood_unseen_layer_modulus_cylinder_zb08p2_E46p7;F3NCS_0462_ood_unseen_layer_modulus_two_foci_zb09p7_E30p7;F3NCS_0463_ood_unseen_layer_modulus_lobed_zb03p1_E09p1;F3NCS_0464_ood_unseen_layer_modulus_lobed_zb05p9_E29p2;F3NCS_0465_ood_unseen_layer_modulus_two_foci_zb03p6_E42p2;F3NCS_0466_ood_unseen_layer_modulus_two_foci_zb03p5_E33p5;F3NCS_0467_ood_unseen_layer_modulus_cylinder_zb03p5_E16p4;F3NCS_0468_ood_unseen_layer_modulus_lobed_zb04p2_E55p5;F3NCS_0469_ood_unseen_layer_modulus_ellipse_zb08p2_E21p5;F3NCS_0470_ood_unseen_layer_modulus_lobed_zb05p9_E43p7;F3NCS_0471_ood_unseen_layer_modulus_lobed_zb02p0_E78p3;F3NCS_0472_ood_unseen_layer_modulus_lobed_zb07p9_E07p2;F3NCS_0473_ood_unseen_layer_modulus_ellipse_zb05p9_E08p4;F3NCS_0474_ood_unseen_layer_modulus_cylinder_zb09p4_E22p6;F3NCS_0475_ood_unseen_layer_modulus_lobed_zb08p1_E22p1;F3NCS_0476_ood_unseen_layer_modulus_ellipse_zb05p7_E79p4;F3NCS_0477_ood_unseen_layer_modulus_ellipse_zb03p5_E10p4;F3NCS_0478_ood_unseen_layer_modulus_ellipse_zb07p1_E27p2;F3NCS_0479_ood_unseen_layer_modulus_cylinder_zb03p7_E09p1,method2b_512_full_comsol_recalibrated_9model,fig3_true_ood,2,split_role/ood_split_family,ood_unseen_layer_modulus,230,38,32,0.2447854280471801,0.3960952758789062,0.6543287038803101,0.7240676879882812,1.7742078304290771,0.8775863647460938,2.447094678878784,0.9471206665039062,2.9224112033843994,0.4268218222089951,0.9110880475479984,0.3852109359237492,0.4142882544688432,0.1060804801398571,0.2921977043151855,0.842246949672699,validation,0.9,9.59463596343994,
prior_init_diffusion_unet,0.0739640668034553,0.1508501019188584,16.42908784133002,0.2463283562101423,2.9214887619018555,9.24522152756493,0.5415162078986459,32,F3NCS_0448_ood_unseen_layer_modulus_ellipse_zb07p4_E21p0;F3NCS_0449_ood_unseen_layer_modulus_ellipse_zb05p8_E54p9;F3NCS_0450_ood_unseen_layer_modulus_crescent_zb09p9_E11p6;F3NCS_0451_ood_unseen_layer_modulus_cylinder_zb09p3_E36p6;F3NCS_0452_ood_unseen_layer_modulus_two_foci_zb09p4_E11p5;F3NCS_0453_ood_unseen_layer_modulus_lobed_zb09p7_E21p6;F3NCS_0454_ood_unseen_layer_modulus_crescent_zb06p1_E76p6;F3NCS_0455_ood_unseen_layer_modulus_ellipse_zb06p0_E06p3;F3NCS_0456_ood_unseen_layer_modulus_ellipse_zb02p7_E65p7;F3NCS_0457_ood_unseen_layer_modulus_lobed_zb07p1_E19p6;F3NCS_0458_ood_unseen_layer_modulus_lobed_zb02p9_E06p6;F3NCS_0459_ood_unseen_layer_modulus_ellipse_zb09p5_E34p1;F3NCS_0460_ood_unseen_layer_modulus_two_foci_zb03p6_E86p4;F3NCS_0461_ood_unseen_layer_modulus_cylinder_zb08p2_E46p7;F3NCS_0462_ood_unseen_layer_modulus_two_foci_zb09p7_E30p7;F3NCS_0463_ood_unseen_layer_modulus_lobed_zb03p1_E09p1;F3NCS_0464_ood_unseen_layer_modulus_lobed_zb05p9_E29p2;F3NCS_0465_ood_unseen_layer_modulus_two_foci_zb03p6_E42p2;F3NCS_0466_ood_unseen_layer_modulus_two_foci_zb03p5_E33p5;F3NCS_0467_ood_unseen_layer_modulus_cylinder_zb03p5_E16p4;F3NCS_0468_ood_unseen_layer_modulus_lobed_zb04p2_E55p5;F3NCS_0469_ood_unseen_layer_modulus_ellipse_zb08p2_E21p5;F3NCS_0470_ood_unseen_layer_modulus_lobed_zb05p9_E43p7;F3NCS_0471_ood_unseen_layer_modulus_lobed_zb02p0_E78p3;F3NCS_0472_ood_unseen_layer_modulus_lobed_zb07p9_E07p2;F3NCS_0473_ood_unseen_layer_modulus_ellipse_zb05p9_E08p4;F3NCS_0474_ood_unseen_layer_modulus_cylinder_zb09p4_E22p6;F3NCS_0475_ood_unseen_layer_modulus_lobed_zb08p1_E22p1;F3NCS_0476_ood_unseen_layer_modulus_ellipse_zb05p7_E79p4;F3NCS_0477_ood_unseen_layer_modulus_ellipse_zb03p5_E10p4;F3NCS_0478_ood_unseen_layer_modulus_ellipse_zb07p1_E27p2;F3NCS_0479_ood_unseen_layer_modulus_cylinder_zb03p7_E09p1,method2b_512_full_comsol_recalibrated_9model,fig3_true_ood,2,split_role/ood_split_family,ood_unseen_layer_modulus,230,38,32,0.0688160955905914,0.0050888061523437,0.0123065114021301,0.0164031982421875,0.0229205712676048,0.0483779907226562,0.028758130967617,0.1033248901367187,0.032975573092699,0.5258279143750837,0.8594236788511646,0.1171114865645032,11.790184278115046,0.0134275484642433,0.120826244354248,0.0092629501596093,,,,
prior_init_diffusion_unet_calibrated90,0.0739640668034553,0.1508501019188584,16.42908784133002,0.2463283431716263,2.9214887619018555,9.245221114952065,0.5415162120827393,32,F3NCS_0448_ood_unseen_layer_modulus_ellipse_zb07p4_E21p0;F3NCS_0449_ood_unseen_layer_modulus_ellipse_zb05p8_E54p9;F3NCS_0450_ood_unseen_layer_modulus_crescent_zb09p9_E11p6;F3NCS_0451_ood_unseen_layer_modulus_cylinder_zb09p3_E36p6;F3NCS_0452_ood_unseen_layer_modulus_two_foci_zb09p4_E11p5;F3NCS_0453_ood_unseen_layer_modulus_lobed_zb09p7_E21p6;F3NCS_0454_ood_unseen_layer_modulus_crescent_zb06p1_E76p6;F3NCS_0455_ood_unseen_layer_modulus_ellipse_zb06p0_E06p3;F3NCS_0456_ood_unseen_layer_modulus_ellipse_zb02p7_E65p7;F3NCS_0457_ood_unseen_layer_modulus_lobed_zb07p1_E19p6;F3NCS_0458_ood_unseen_layer_modulus_lobed_zb02p9_E06p6;F3NCS_0459_ood_unseen_layer_modulus_ellipse_zb09p5_E34p1;F3NCS_0460_ood_unseen_layer_modulus_two_foci_zb03p6_E86p4;F3NCS_0461_ood_unseen_layer_modulus_cylinder_zb08p2_E46p7;F3NCS_0462_ood_unseen_layer_modulus_two_foci_zb09p7_E30p7;F3NCS_0463_ood_unseen_layer_modulus_lobed_zb03p1_E09p1;F3NCS_0464_ood_unseen_layer_modulus_lobed_zb05p9_E29p2;F3NCS_0465_ood_unseen_layer_modulus_two_foci_zb03p6_E42p2;F3NCS_0466_ood_unseen_layer_modulus_two_foci_zb03p5_E33p5;F3NCS_0467_ood_unseen_layer_modulus_cylinder_zb03p5_E16p4;F3NCS_0468_ood_unseen_layer_modulus_lobed_zb04p2_E55p5;F3NCS_0469_ood_unseen_layer_modulus_ellipse_zb08p2_E21p5;F3NCS_0470_ood_unseen_layer_modulus_lobed_zb05p9_E43p7;F3NCS_0471_ood_unseen_layer_modulus_lobed_zb02p0_E78p3;F3NCS_0472_ood_unseen_layer_modulus_lobed_zb07p9_E07p2;F3NCS_0473_ood_unseen_layer_modulus_ellipse_zb05p9_E08p4;F3NCS_0474_ood_unseen_layer_modulus_cylinder_zb09p4_E22p6;F3NCS_0475_ood_unseen_layer_modulus_lobed_zb08p1_E22p1;F3NCS_0476_ood_unseen_layer_modulus_ellipse_zb05p7_E79p4;F3NCS_0477_ood_unseen_layer_modulus_ellipse_zb03p5_E10p4;F3NCS_0478_ood_unseen_layer_modulus_ellipse_zb07p1_E27p2;F3NCS_0479_ood_unseen_layer_modulus_cylinder_zb03p7_E09p1,method2b_512_full_comsol_recalibrated_9model,fig3_true_ood,2,split_role/ood_split_family,ood_unseen_layer_modulus,230,38,32,0.0650431662797927,0.8325653076171875,0.1708770394325256,0.895751953125,0.3182542324066162,0.921478271484375,0.3993092775344848,0.9360504150390624,0.4578688442707062,0.5258278907556645,0.8594236785278062,0.032101655112854,0.263258237157307,0.0134275484024219,0.4370086193084717,0.1286168992519378,validation,0.9,13.885091781616213,
residual_likelihood_guided_diffusion,0.0739310830831527,0.1508255527814058,16.43050148605588,0.246690509840846,2.920850276947021,9.247777310947267,0.5425821294590855,32,F3NCS_0448_ood_unseen_layer_modulus_ellipse_zb07p4_E21p0;F3NCS_0449_ood_unseen_layer_modulus_ellipse_zb05p8_E54p9;F3NCS_0450_ood_unseen_layer_modulus_crescent_zb09p9_E11p6;F3NCS_0451_ood_unseen_layer_modulus_cylinder_zb09p3_E36p6;F3NCS_0452_ood_unseen_layer_modulus_two_foci_zb09p4_E11p5;F3NCS_0453_ood_unseen_layer_modulus_lobed_zb09p7_E21p6;F3NCS_0454_ood_unseen_layer_modulus_crescent_zb06p1_E76p6;F3NCS_0455_ood_unseen_layer_modulus_ellipse_zb06p0_E06p3;F3NCS_0456_ood_unseen_layer_modulus_ellipse_zb02p7_E65p7;F3NCS_0457_ood_unseen_layer_modulus_lobed_zb07p1_E19p6;F3NCS_0458_ood_unseen_layer_modulus_lobed_zb02p9_E06p6;F3NCS_0459_ood_unseen_layer_modulus_ellipse_zb09p5_E34p1;F3NCS_0460_ood_unseen_layer_modulus_two_foci_zb03p6_E86p4;F3NCS_0461_ood_unseen_layer_modulus_cylinder_zb08p2_E46p7;F3NCS_0462_ood_unseen_layer_modulus_two_foci_zb09p7_E30p7;F3NCS_0463_ood_unseen_layer_modulus_lobed_zb03p1_E09p1;F3NCS_0464_ood_unseen_layer_modulus_lobed_zb05p9_E29p2;F3NCS_0465_ood_unseen_layer_modulus_two_foci_zb03p6_E42p2;F3NCS_0466_ood_unseen_layer_modulus_two_foci_zb03p5_E33p5;F3NCS_0467_ood_unseen_layer_modulus_cylinder_zb03p5_E16p4;F3NCS_0468_ood_unseen_layer_modulus_lobed_zb04p2_E55p5;F3NCS_0469_ood_unseen_layer_modulus_ellipse_zb08p2_E21p5;F3NCS_0470_ood_unseen_layer_modulus_lobed_zb05p9_E43p7;F3NCS_0471_ood_unseen_layer_modulus_lobed_zb02p0_E78p3;F3NCS_0472_ood_unseen_layer_modulus_lobed_zb07p9_E07p2;F3NCS_0473_ood_unseen_layer_modulus_ellipse_zb05p9_E08p4;F3NCS_0474_ood_unseen_layer_modulus_cylinder_zb09p4_E22p6;F3NCS_0475_ood_unseen_layer_modulus_lobed_zb08p1_E22p1;F3NCS_0476_ood_unseen_layer_modulus_ellipse_zb05p7_E79p4;F3NCS_0477_ood_unseen_layer_modulus_ellipse_zb03p5_E10p4;F3NCS_0478_ood_unseen_layer_modulus_ellipse_zb07p1_E27p2;F3NCS_0479_ood_unseen_layer_modulus_cylinder_zb03p7_E09p1,method2b_512_full_comsol_recalibrated_9model,fig3_true_ood,2,split_role/ood_split_family,ood_unseen_layer_modulus,230,38,32,0.0687968730926513,0.0051956176757812,0.0122533570975065,0.01641845703125,0.0228582639247179,0.048614501953125,0.0286879930645227,0.1035842895507812,0.0329062975943088,0.5254463539030445,0.8597487526179998,0.117255097386664,11.831397585978753,0.0134229959204666,0.1207726001739502,0.0092400051653385,,,,
residual_likelihood_guided_diffusion_calibrated90,0.0739310830831527,0.1508255527814058,16.43050148605588,0.2466904048342257,2.920850276947021,9.247777723446085,0.5425821351560272,32,F3NCS_0448_ood_unseen_layer_modulus_ellipse_zb07p4_E21p0;F3NCS_0449_ood_unseen_layer_modulus_ellipse_zb05p8_E54p9;F3NCS_0450_ood_unseen_layer_modulus_crescent_zb09p9_E11p6;F3NCS_0451_ood_unseen_layer_modulus_cylinder_zb09p3_E36p6;F3NCS_0452_ood_unseen_layer_modulus_two_foci_zb09p4_E11p5;F3NCS_0453_ood_unseen_layer_modulus_lobed_zb09p7_E21p6;F3NCS_0454_ood_unseen_layer_modulus_crescent_zb06p1_E76p6;F3NCS_0455_ood_unseen_layer_modulus_ellipse_zb06p0_E06p3;F3NCS_0456_ood_unseen_layer_modulus_ellipse_zb02p7_E65p7;F3NCS_0457_ood_unseen_layer_modulus_lobed_zb07p1_E19p6;F3NCS_0458_ood_unseen_layer_modulus_lobed_zb02p9_E06p6;F3NCS_0459_ood_unseen_layer_modulus_ellipse_zb09p5_E34p1;F3NCS_0460_ood_unseen_layer_modulus_two_foci_zb03p6_E86p4;F3NCS_0461_ood_unseen_layer_modulus_cylinder_zb08p2_E46p7;F3NCS_0462_ood_unseen_layer_modulus_two_foci_zb09p7_E30p7;F3NCS_0463_ood_unseen_layer_modulus_lobed_zb03p1_E09p1;F3NCS_0464_ood_unseen_layer_modulus_lobed_zb05p9_E29p2;F3NCS_0465_ood_unseen_layer_modulus_two_foci_zb03p6_E42p2;F3NCS_0466_ood_unseen_layer_modulus_two_foci_zb03p5_E33p5;F3NCS_0467_ood_unseen_layer_modulus_cylinder_zb03p5_E16p4;F3NCS_0468_ood_unseen_layer_modulus_lobed_zb04p2_E55p5;F3NCS_0469_ood_unseen_layer_modulus_ellipse_zb08p2_E21p5;F3NCS_0470_ood_unseen_layer_modulus_lobed_zb05p9_E43p7;F3NCS_0471_ood_unseen_layer_modulus_lobed_zb02p0_E78p3;F3NCS_0472_ood_unseen_layer_modulus_lobed_zb07p9_E07p2;F3NCS_0473_ood_unseen_layer_modulus_ellipse_zb05p9_E08p4;F3NCS_0474_ood_unseen_layer_modulus_cylinder_zb09p4_E22p6;F3NCS_0475_ood_unseen_layer_modulus_lobed_zb08p1_E22p1;F3NCS_0476_ood_unseen_layer_modulus_ellipse_zb05p7_E79p4;F3NCS_0477_ood_unseen_layer_modulus_ellipse_zb03p5_E10p4;F3NCS_0478_ood_unseen_layer_modulus_ellipse_zb07p1_E27p2;F3NCS_0479_ood_unseen_layer_modulus_cylinder_zb03p7_E09p1,method2b_512_full_comsol_recalibrated_9model,fig3_true_ood,2,split_role/ood_split_family,ood_unseen_layer_modulus,230,38,32,0.0647787004709243,0.83197021484375,0.1687095761299133,0.8955154418945312,0.3147225379943847,0.9207305908203124,0.3949887752532959,0.935760498046875,0.4530682563781738,0.5254463924790647,0.859748751001208,0.0311968320847013,0.2538422897457759,0.0134229564434725,0.4363224506378174,0.1272204220294952,validation,0.9,13.76843547821045,
explicit_residual_target_diffusion,0.121261365711689,0.1694336542134905,15.420006450642187,0.0945197893306613,3.638795852661133,9.265233460977967,0.5555218900807285,32,F3NCS_0448_ood_unseen_layer_modulus_ellipse_zb07p4_E21p0;F3NCS_0449_ood_unseen_layer_modulus_ellipse_zb05p8_E54p9;F3NCS_0450_ood_unseen_layer_modulus_crescent_zb09p9_E11p6;F3NCS_0451_ood_unseen_layer_modulus_cylinder_zb09p3_E36p6;F3NCS_0452_ood_unseen_layer_modulus_two_foci_zb09p4_E11p5;F3NCS_0453_ood_unseen_layer_modulus_lobed_zb09p7_E21p6;F3NCS_0454_ood_unseen_layer_modulus_crescent_zb06p1_E76p6;F3NCS_0455_ood_unseen_layer_modulus_ellipse_zb06p0_E06p3;F3NCS_0456_ood_unseen_layer_modulus_ellipse_zb02p7_E65p7;F3NCS_0457_ood_unseen_layer_modulus_lobed_zb07p1_E19p6;F3NCS_0458_ood_unseen_layer_modulus_lobed_zb02p9_E06p6;F3NCS_0459_ood_unseen_layer_modulus_ellipse_zb09p5_E34p1;F3NCS_0460_ood_unseen_layer_modulus_two_foci_zb03p6_E86p4;F3NCS_0461_ood_unseen_layer_modulus_cylinder_zb08p2_E46p7;F3NCS_0462_ood_unseen_layer_modulus_two_foci_zb09p7_E30p7;F3NCS_0463_ood_unseen_layer_modulus_lobed_zb03p1_E09p1;F3NCS_0464_ood_unseen_layer_modulus_lobed_zb05p9_E29p2;F3NCS_0465_ood_unseen_layer_modulus_two_foci_zb03p6_E42p2;F3NCS_0466_ood_unseen_layer_modulus_two_foci_zb03p5_E33p5;F3NCS_0467_ood_unseen_layer_modulus_cylinder_zb03p5_E16p4;F3NCS_0468_ood_unseen_layer_modulus_lobed_zb04p2_E55p5;F3NCS_0469_ood_unseen_layer_modulus_ellipse_zb08p2_E21p5;F3NCS_0470_ood_unseen_layer_modulus_lobed_zb05p9_E43p7;F3NCS_0471_ood_unseen_layer_modulus_lobed_zb02p0_E78p3;F3NCS_0472_ood_unseen_layer_modulus_lobed_zb07p9_E07p2;F3NCS_0473_ood_unseen_layer_modulus_ellipse_zb05p9_E08p4;F3NCS_0474_ood_unseen_layer_modulus_cylinder_zb09p4_E22p6;F3NCS_0475_ood_unseen_layer_modulus_lobed_zb08p1_E22p1;F3NCS_0476_ood_unseen_layer_modulus_ellipse_zb05p7_E79p4;F3NCS_0477_ood_unseen_layer_modulus_ellipse_zb03p5_E10p4;F3NCS_0478_ood_unseen_layer_modulus_ellipse_zb07p1_E27p2;F3NCS_0479_ood_unseen_layer_modulus_cylinder_zb03p7_E09p1,method2b_512_full_comsol_recalibrated_9model,fig3_true_ood,2,split_role/ood_split_family,ood_unseen_layer_modulus,230,38,32,0.0830295458436012,0.0394439697265625,0.0664173737168312,0.2295761108398437,0.173769474029541,0.4899978637695312,0.2584962248802185,0.660675048828125,0.3275407552719116,0.6775542981006274,0.769045102263346,0.0679229623215297,0.8685834891102941,0.0197954391576811,0.1607403755187988,0.0909639075398445,,,,0.7298346757888794
explicit_residual_target_diffusion_calibrated90,0.121261365711689,0.1694336487168104,15.420006732425389,0.0945198137778788,3.638795852661133,9.265233460977967,0.5555218898925637,32,F3NCS_0448_ood_unseen_layer_modulus_ellipse_zb07p4_E21p0;F3NCS_0449_ood_unseen_layer_modulus_ellipse_zb05p8_E54p9;F3NCS_0450_ood_unseen_layer_modulus_crescent_zb09p9_E11p6;F3NCS_0451_ood_unseen_layer_modulus_cylinder_zb09p3_E36p6;F3NCS_0452_ood_unseen_layer_modulus_two_foci_zb09p4_E11p5;F3NCS_0453_ood_unseen_layer_modulus_lobed_zb09p7_E21p6;F3NCS_0454_ood_unseen_layer_modulus_crescent_zb06p1_E76p6;F3NCS_0455_ood_unseen_layer_modulus_ellipse_zb06p0_E06p3;F3NCS_0456_ood_unseen_layer_modulus_ellipse_zb02p7_E65p7;F3NCS_0457_ood_unseen_layer_modulus_lobed_zb07p1_E19p6;F3NCS_0458_ood_unseen_layer_modulus_lobed_zb02p9_E06p6;F3NCS_0459_ood_unseen_layer_modulus_ellipse_zb09p5_E34p1;F3NCS_0460_ood_unseen_layer_modulus_two_foci_zb03p6_E86p4;F3NCS_0461_ood_unseen_layer_modulus_cylinder_zb08p2_E46p7;F3NCS_0462_ood_unseen_layer_modulus_two_foci_zb09p7_E30p7;F3NCS_0463_ood_unseen_layer_modulus_lobed_zb03p1_E09p1;F3NCS_0464_ood_unseen_layer_modulus_lobed_zb05p9_E29p2;F3NCS_0465_ood_unseen_layer_modulus_two_foci_zb03p6_E42p2;F3NCS_0466_ood_unseen_layer_modulus_two_foci_zb03p5_E33p5;F3NCS_0467_ood_unseen_layer_modulus_cylinder_zb03p5_E16p4;F3NCS_0468_ood_unseen_layer_modulus_lobed_zb04p2_E55p5;F3NCS_0469_ood_unseen_layer_modulus_ellipse_zb08p2_E21p5;F3NCS_0470_ood_unseen_layer_modulus_lobed_zb05p9_E43p7;F3NCS_0471_ood_unseen_layer_modulus_lobed_zb02p0_E78p3;F3NCS_0472_ood_unseen_layer_modulus_lobed_zb07p9_E07p2;F3NCS_0473_ood_unseen_layer_modulus_ellipse_zb05p9_E08p4;F3NCS_0474_ood_unseen_layer_modulus_cylinder_zb09p4_E22p6;F3NCS_0475_ood_unseen_layer_modulus_lobed_zb08p1_E22p1;F3NCS_0476_ood_unseen_layer_modulus_ellipse_zb05p7_E79p4;F3NCS_0477_ood_unseen_layer_modulus_ellipse_zb03p5_E10p4;F3NCS_0478_ood_unseen_layer_modulus_ellipse_zb07p1_E27p2;F3NCS_0479_ood_unseen_layer_modulus_cylinder_zb03p7_E09p1,method2b_512_full_comsol_recalibrated_9model,fig3_true_ood,2,split_role/ood_split_family,ood_unseen_layer_modulus,230,38,32,0.0725133121013641,0.5489501953125,0.1398956626653671,0.8676528930664062,0.3660125434398651,0.9278411865234376,0.54447340965271,0.95831298828125,0.689902663230896,0.6775542866531845,0.7690450961195373,0.0365821643490148,0.1758595607618799,0.019795439243765,0.3303477764129638,0.1915982961654663,validation,0.9,2.106311082839966,0.7298346757888794
explicit_residual_likelihood_guided_diffusion,0.1237047240138053,0.1709316548354081,15.34355005660773,0.091963512590155,3.681993007659912,9.298960424586577,0.543467710898165,32,F3NCS_0448_ood_unseen_layer_modulus_ellipse_zb07p4_E21p0;F3NCS_0449_ood_unseen_layer_modulus_ellipse_zb05p8_E54p9;F3NCS_0450_ood_unseen_layer_modulus_crescent_zb09p9_E11p6;F3NCS_0451_ood_unseen_layer_modulus_cylinder_zb09p3_E36p6;F3NCS_0452_ood_unseen_layer_modulus_two_foci_zb09p4_E11p5;F3NCS_0453_ood_unseen_layer_modulus_lobed_zb09p7_E21p6;F3NCS_0454_ood_unseen_layer_modulus_crescent_zb06p1_E76p6;F3NCS_0455_ood_unseen_layer_modulus_ellipse_zb06p0_E06p3;F3NCS_0456_ood_unseen_layer_modulus_ellipse_zb02p7_E65p7;F3NCS_0457_ood_unseen_layer_modulus_lobed_zb07p1_E19p6;F3NCS_0458_ood_unseen_layer_modulus_lobed_zb02p9_E06p6;F3NCS_0459_ood_unseen_layer_modulus_ellipse_zb09p5_E34p1;F3NCS_0460_ood_unseen_layer_modulus_two_foci_zb03p6_E86p4;F3NCS_0461_ood_unseen_layer_modulus_cylinder_zb08p2_E46p7;F3NCS_0462_ood_unseen_layer_modulus_two_foci_zb09p7_E30p7;F3NCS_0463_ood_unseen_layer_modulus_lobed_zb03p1_E09p1;F3NCS_0464_ood_unseen_layer_modulus_lobed_zb05p9_E29p2;F3NCS_0465_ood_unseen_layer_modulus_two_foci_zb03p6_E42p2;F3NCS_0466_ood_unseen_layer_modulus_two_foci_zb03p5_E33p5;F3NCS_0467_ood_unseen_layer_modulus_cylinder_zb03p5_E16p4;F3NCS_0468_ood_unseen_layer_modulus_lobed_zb04p2_E55p5;F3NCS_0469_ood_unseen_layer_modulus_ellipse_zb08p2_E21p5;F3NCS_0470_ood_unseen_layer_modulus_lobed_zb05p9_E43p7;F3NCS_0471_ood_unseen_layer_modulus_lobed_zb02p0_E78p3;F3NCS_0472_ood_unseen_layer_modulus_lobed_zb07p9_E07p2;F3NCS_0473_ood_unseen_layer_modulus_ellipse_zb05p9_E08p4;F3NCS_0474_ood_unseen_layer_modulus_cylinder_zb09p4_E22p6;F3NCS_0475_ood_unseen_layer_modulus_lobed_zb08p1_E22p1;F3NCS_0476_ood_unseen_layer_modulus_ellipse_zb05p7_E79p4;F3NCS_0477_ood_unseen_layer_modulus_ellipse_zb03p5_E10p4;F3NCS_0478_ood_unseen_layer_modulus_ellipse_zb07p1_E27p2;F3NCS_0479_ood_unseen_layer_modulus_cylinder_zb03p7_E09p1,method2b_512_full_comsol_recalibrated_9model,fig3_true_ood,2,split_role/ood_split_family,ood_unseen_layer_modulus,230,38,32,0.0847267657518386,0.0371627807617187,0.0655050277709961,0.2110443115234375,0.1743039190769195,0.4631195068359375,0.2642930150032043,0.6380691528320312,0.3354547321796417,0.6452534675006294,0.7227146155760197,0.0720566365414486,0.9638168587793574,0.0244635876580143,0.1570367813110351,0.0926650464534759,,,,0.7298346757888794
explicit_residual_likelihood_guided_diffusion_calibrated90,0.1237047314643859,0.1709316548354081,15.34355005660773,0.0919635643367655,3.681993007659912,9.298960014358208,0.5434677134051387,32,F3NCS_0448_ood_unseen_layer_modulus_ellipse_zb07p4_E21p0;F3NCS_0449_ood_unseen_layer_modulus_ellipse_zb05p8_E54p9;F3NCS_0450_ood_unseen_layer_modulus_crescent_zb09p9_E11p6;F3NCS_0451_ood_unseen_layer_modulus_cylinder_zb09p3_E36p6;F3NCS_0452_ood_unseen_layer_modulus_two_foci_zb09p4_E11p5;F3NCS_0453_ood_unseen_layer_modulus_lobed_zb09p7_E21p6;F3NCS_0454_ood_unseen_layer_modulus_crescent_zb06p1_E76p6;F3NCS_0455_ood_unseen_layer_modulus_ellipse_zb06p0_E06p3;F3NCS_0456_ood_unseen_layer_modulus_ellipse_zb02p7_E65p7;F3NCS_0457_ood_unseen_layer_modulus_lobed_zb07p1_E19p6;F3NCS_0458_ood_unseen_layer_modulus_lobed_zb02p9_E06p6;F3NCS_0459_ood_unseen_layer_modulus_ellipse_zb09p5_E34p1;F3NCS_0460_ood_unseen_layer_modulus_two_foci_zb03p6_E86p4;F3NCS_0461_ood_unseen_layer_modulus_cylinder_zb08p2_E46p7;F3NCS_0462_ood_unseen_layer_modulus_two_foci_zb09p7_E30p7;F3NCS_0463_ood_unseen_layer_modulus_lobed_zb03p1_E09p1;F3NCS_0464_ood_unseen_layer_modulus_lobed_zb05p9_E29p2;F3NCS_0465_ood_unseen_layer_modulus_two_foci_zb03p6_E42p2;F3NCS_0466_ood_unseen_layer_modulus_two_foci_zb03p5_E33p5;F3NCS_0467_ood_unseen_layer_modulus_cylinder_zb03p5_E16p4;F3NCS_0468_ood_unseen_layer_modulus_lobed_zb04p2_E55p5;F3NCS_0469_ood_unseen_layer_modulus_ellipse_zb08p2_E21p5;F3NCS_0470_ood_unseen_layer_modulus_lobed_zb05p9_E43p7;F3NCS_0471_ood_unseen_layer_modulus_lobed_zb02p0_E78p3;F3NCS_0472_ood_unseen_layer_modulus_lobed_zb07p9_E07p2;F3NCS_0473_ood_unseen_layer_modulus_ellipse_zb05p9_E08p4;F3NCS_0474_ood_unseen_layer_modulus_cylinder_zb09p4_E22p6;F3NCS_0475_ood_unseen_layer_modulus_lobed_zb08p1_E22p1;F3NCS_0476_ood_unseen_layer_modulus_ellipse_zb05p7_E79p4;F3NCS_0477_ood_unseen_layer_modulus_ellipse_zb03p5_E10p4;F3NCS_0478_ood_unseen_layer_modulus_ellipse_zb07p1_E27p2;F3NCS_0479_ood_unseen_layer_modulus_cylinder_zb03p7_E09p1,method2b_512_full_comsol_recalibrated_9model,fig3_true_ood,2,split_role/ood_split_family,ood_unseen_layer_modulus,230,38,32,0.0733500719070434,0.5433349609375,0.1387741267681121,0.8587570190429688,0.369267463684082,0.924896240234375,0.559911847114563,0.9549407958984376,0.7106696367263794,0.6452534708548426,0.722714615899378,0.0393734716985967,0.1911778225551288,0.0244635875625369,0.3313920497894287,0.1963133513927459,validation,0.9,2.1185264587402344,0.7298346757888794
train_mean_prior,0.1387180089950561,0.2099162830506646,13.559077444190562,0.0306947253411635,3.739305257797241,10.71926353714697,,32,F3NCS_0480_ood_unseen_operator_noise_lobed_zb10p0_E66p7;F3NCS_0481_ood_unseen_operator_noise_ellipse_zb05p4_E11p5;F3NCS_0482_ood_unseen_operator_noise_lobed_zb01p7_E06p9;F3NCS_0483_ood_unseen_operator_noise_lobed_zb08p7_E31p8;F3NCS_0484_ood_unseen_operator_noise_cylinder_zb10p1_E08p6;F3NCS_0485_ood_unseen_operator_noise_two_foci_zb07p5_E25p6;F3NCS_0486_ood_unseen_operator_noise_cylinder_zb04p8_E14p8;F3NCS_0487_ood_unseen_operator_noise_two_foci_zb04p8_E08p4;F3NCS_0488_ood_unseen_operator_noise_ellipse_zb02p0_E51p8;F3NCS_0489_ood_unseen_operator_noise_two_foci_zb07p5_E23p2;F3NCS_0490_ood_unseen_operator_noise_crescent_zb05p7_E09p8;F3NCS_0491_ood_unseen_operator_noise_two_foci_zb01p9_E52p0;F3NCS_0492_ood_unseen_operator_noise_two_foci_zb05p8_E11p8;F3NCS_0493_ood_unseen_operator_noise_two_foci_zb02p7_E17p6;F3NCS_0494_ood_unseen_operator_noise_cylinder_zb03p5_E15p1;F3NCS_0495_ood_unseen_operator_noise_ellipse_zb11p4_E39p6;F3NCS_0496_ood_unseen_operator_noise_two_foci_zb05p4_E16p3;F3NCS_0497_ood_unseen_operator_noise_two_foci_zb06p2_E23p1;F3NCS_0498_ood_unseen_operator_noise_crescent_zb04p0_E08p5;F3NCS_0499_ood_unseen_operator_noise_lobed_zb01p5_E71p0;F3NCS_0500_ood_unseen_operator_noise_cylinder_zb02p3_E45p6;F3NCS_0501_ood_unseen_operator_noise_two_foci_zb09p3_E50p3;F3NCS_0502_ood_unseen_operator_noise_cylinder_zb11p5_E11p1;F3NCS_0503_ood_unseen_operator_noise_two_foci_zb07p9_E32p0;F3NCS_0504_ood_unseen_operator_noise_crescent_zb10p9_E39p6;F3NCS_0505_ood_unseen_operator_noise_lobed_zb06p3_E74p2;F3NCS_0506_ood_unseen_operator_noise_lobed_zb06p9_E36p9;F3NCS_0507_ood_unseen_operator_noise_ellipse_zb01p4_E08p8;F3NCS_0508_ood_unseen_operator_noise_two_foci_zb03p5_E13p6;F3NCS_0509_ood_unseen_operator_noise_crescent_zb11p1_E35p5;F3NCS_0510_ood_unseen_operator_noise_ellipse_zb02p7_E08p0;F3NCS_0511_ood_unseen_operator_noise_crescent_zb08p1_E09p7,method2b_512_full_comsol_recalibrated_9model,fig3_true_ood,3,split_role/ood_split_family,ood_unseen_operator_noise,230,38,32,,,,,,,,,,,,,,,,,,,,
srcnn_bz_single_channel,0.1123383641242981,0.1910424570533878,14.377402098507588,0.1639016412664204,3.4292774200439453,10.139087813238936,0.3688311184368507,32,F3NCS_0480_ood_unseen_operator_noise_lobed_zb10p0_E66p7;F3NCS_0481_ood_unseen_operator_noise_ellipse_zb05p4_E11p5;F3NCS_0482_ood_unseen_operator_noise_lobed_zb01p7_E06p9;F3NCS_0483_ood_unseen_operator_noise_lobed_zb08p7_E31p8;F3NCS_0484_ood_unseen_operator_noise_cylinder_zb10p1_E08p6;F3NCS_0485_ood_unseen_operator_noise_two_foci_zb07p5_E25p6;F3NCS_0486_ood_unseen_operator_noise_cylinder_zb04p8_E14p8;F3NCS_0487_ood_unseen_operator_noise_two_foci_zb04p8_E08p4;F3NCS_0488_ood_unseen_operator_noise_ellipse_zb02p0_E51p8;F3NCS_0489_ood_unseen_operator_noise_two_foci_zb07p5_E23p2;F3NCS_0490_ood_unseen_operator_noise_crescent_zb05p7_E09p8;F3NCS_0491_ood_unseen_operator_noise_two_foci_zb01p9_E52p0;F3NCS_0492_ood_unseen_operator_noise_two_foci_zb05p8_E11p8;F3NCS_0493_ood_unseen_operator_noise_two_foci_zb02p7_E17p6;F3NCS_0494_ood_unseen_operator_noise_cylinder_zb03p5_E15p1;F3NCS_0495_ood_unseen_operator_noise_ellipse_zb11p4_E39p6;F3NCS_0496_ood_unseen_operator_noise_two_foci_zb05p4_E16p3;F3NCS_0497_ood_unseen_operator_noise_two_foci_zb06p2_E23p1;F3NCS_0498_ood_unseen_operator_noise_crescent_zb04p0_E08p5;F3NCS_0499_ood_unseen_operator_noise_lobed_zb01p5_E71p0;F3NCS_0500_ood_unseen_operator_noise_cylinder_zb02p3_E45p6;F3NCS_0501_ood_unseen_operator_noise_two_foci_zb09p3_E50p3;F3NCS_0502_ood_unseen_operator_noise_cylinder_zb11p5_E11p1;F3NCS_0503_ood_unseen_operator_noise_two_foci_zb07p9_E32p0;F3NCS_0504_ood_unseen_operator_noise_crescent_zb10p9_E39p6;F3NCS_0505_ood_unseen_operator_noise_lobed_zb06p3_E74p2;F3NCS_0506_ood_unseen_operator_noise_lobed_zb06p9_E36p9;F3NCS_0507_ood_unseen_operator_noise_ellipse_zb01p4_E08p8;F3NCS_0508_ood_unseen_operator_noise_two_foci_zb03p5_E13p6;F3NCS_0509_ood_unseen_operator_noise_crescent_zb11p1_E35p5;F3NCS_0510_ood_unseen_operator_noise_ellipse_zb02p7_E08p0;F3NCS_0511_ood_unseen_operator_noise_crescent_zb08p1_E09p7,method2b_512_full_comsol_recalibrated_9model,fig3_true_ood,3,split_role/ood_split_family,ood_unseen_operator_noise,230,38,32,0.1123383641242981,0.0,0.0,0.0,0.0,0.0,0.0,0.0,0.0,,0.5,0.1883421001677488,,0.0817156477114311,0.1349563598632812,0.0,,,,
unet_canonical_bxyz,0.0764878764748573,0.1544505573227145,16.224210404842985,0.3663594638928771,2.708781480789185,8.153404002388934,0.5200087769699874,32,F3NCS_0480_ood_unseen_operator_noise_lobed_zb10p0_E66p7;F3NCS_0481_ood_unseen_operator_noise_ellipse_zb05p4_E11p5;F3NCS_0482_ood_unseen_operator_noise_lobed_zb01p7_E06p9;F3NCS_0483_ood_unseen_operator_noise_lobed_zb08p7_E31p8;F3NCS_0484_ood_unseen_operator_noise_cylinder_zb10p1_E08p6;F3NCS_0485_ood_unseen_operator_noise_two_foci_zb07p5_E25p6;F3NCS_0486_ood_unseen_operator_noise_cylinder_zb04p8_E14p8;F3NCS_0487_ood_unseen_operator_noise_two_foci_zb04p8_E08p4;F3NCS_0488_ood_unseen_operator_noise_ellipse_zb02p0_E51p8;F3NCS_0489_ood_unseen_operator_noise_two_foci_zb07p5_E23p2;F3NCS_0490_ood_unseen_operator_noise_crescent_zb05p7_E09p8;F3NCS_0491_ood_unseen_operator_noise_two_foci_zb01p9_E52p0;F3NCS_0492_ood_unseen_operator_noise_two_foci_zb05p8_E11p8;F3NCS_0493_ood_unseen_operator_noise_two_foci_zb02p7_E17p6;F3NCS_0494_ood_unseen_operator_noise_cylinder_zb03p5_E15p1;F3NCS_0495_ood_unseen_operator_noise_ellipse_zb11p4_E39p6;F3NCS_0496_ood_unseen_operator_noise_two_foci_zb05p4_E16p3;F3NCS_0497_ood_unseen_operator_noise_two_foci_zb06p2_E23p1;F3NCS_0498_ood_unseen_operator_noise_crescent_zb04p0_E08p5;F3NCS_0499_ood_unseen_operator_noise_lobed_zb01p5_E71p0;F3NCS_0500_ood_unseen_operator_noise_cylinder_zb02p3_E45p6;F3NCS_0501_ood_unseen_operator_noise_two_foci_zb09p3_E50p3;F3NCS_0502_ood_unseen_operator_noise_cylinder_zb11p5_E11p1;F3NCS_0503_ood_unseen_operator_noise_two_foci_zb07p9_E32p0;F3NCS_0504_ood_unseen_operator_noise_crescent_zb10p9_E39p6;F3NCS_0505_ood_unseen_operator_noise_lobed_zb06p3_E74p2;F3NCS_0506_ood_unseen_operator_noise_lobed_zb06p9_E36p9;F3NCS_0507_ood_unseen_operator_noise_ellipse_zb01p4_E08p8;F3NCS_0508_ood_unseen_operator_noise_two_foci_zb03p5_E13p6;F3NCS_0509_ood_unseen_operator_noise_crescent_zb11p1_E35p5;F3NCS_0510_ood_unseen_operator_noise_ellipse_zb02p7_E08p0;F3NCS_0511_ood_unseen_operator_noise_crescent_zb08p1_E09p7,method2b_512_full_comsol_recalibrated_9model,fig3_true_ood,3,split_role/ood_split_family,ood_unseen_operator_noise,230,38,32,0.0764878839254379,0.0,0.0,0.0,0.0,0.0,0.0,0.0,0.0,,0.5,0.1535543224289969,,0.0610625571974477,0.1071090698242187,0.0,,,,
vanilla_diffusion,0.4308591485023498,0.4443888203098828,7.044737506720608,0.0432328682800289,11.634909629821776,13.242946834792498,0.2291188968108668,32,F3NCS_0480_ood_unseen_operator_noise_lobed_zb10p0_E66p7;F3NCS_0481_ood_unseen_operator_noise_ellipse_zb05p4_E11p5;F3NCS_0482_ood_unseen_operator_noise_lobed_zb01p7_E06p9;F3NCS_0483_ood_unseen_operator_noise_lobed_zb08p7_E31p8;F3NCS_0484_ood_unseen_operator_noise_cylinder_zb10p1_E08p6;F3NCS_0485_ood_unseen_operator_noise_two_foci_zb07p5_E25p6;F3NCS_0486_ood_unseen_operator_noise_cylinder_zb04p8_E14p8;F3NCS_0487_ood_unseen_operator_noise_two_foci_zb04p8_E08p4;F3NCS_0488_ood_unseen_operator_noise_ellipse_zb02p0_E51p8;F3NCS_0489_ood_unseen_operator_noise_two_foci_zb07p5_E23p2;F3NCS_0490_ood_unseen_operator_noise_crescent_zb05p7_E09p8;F3NCS_0491_ood_unseen_operator_noise_two_foci_zb01p9_E52p0;F3NCS_0492_ood_unseen_operator_noise_two_foci_zb05p8_E11p8;F3NCS_0493_ood_unseen_operator_noise_two_foci_zb02p7_E17p6;F3NCS_0494_ood_unseen_operator_noise_cylinder_zb03p5_E15p1;F3NCS_0495_ood_unseen_operator_noise_ellipse_zb11p4_E39p6;F3NCS_0496_ood_unseen_operator_noise_two_foci_zb05p4_E16p3;F3NCS_0497_ood_unseen_operator_noise_two_foci_zb06p2_E23p1;F3NCS_0498_ood_unseen_operator_noise_crescent_zb04p0_E08p5;F3NCS_0499_ood_unseen_operator_noise_lobed_zb01p5_E71p0;F3NCS_0500_ood_unseen_operator_noise_cylinder_zb02p3_E45p6;F3NCS_0501_ood_unseen_operator_noise_two_foci_zb09p3_E50p3;F3NCS_0502_ood_unseen_operator_noise_cylinder_zb11p5_E11p1;F3NCS_0503_ood_unseen_operator_noise_two_foci_zb07p9_E32p0;F3NCS_0504_ood_unseen_operator_noise_crescent_zb10p9_E39p6;F3NCS_0505_ood_unseen_operator_noise_lobed_zb06p3_E74p2;F3NCS_0506_ood_unseen_operator_noise_lobed_zb06p9_E36p9;F3NCS_0507_ood_unseen_operator_noise_ellipse_zb01p4_E08p8;F3NCS_0508_ood_unseen_operator_noise_two_foci_zb03p5_E13p6;F3NCS_0509_ood_unseen_operator_noise_crescent_zb11p1_E35p5;F3NCS_0510_ood_unseen_operator_noise_ellipse_zb02p7_E08p0;F3NCS_0511_ood_unseen_operator_noise_crescent_zb08p1_E09p7,method2b_512_full_comsol_recalibrated_9model,fig3_true_ood,3,split_role/ood_split_family,ood_unseen_operator_noise,230,38,32,0.3901256024837494,0.019439697265625,0.0704850032925605,0.0451736450195312,0.1912971138954162,0.053497314453125,0.260061651468277,0.0601425170898437,0.3089637458324432,0.5352854217361523,0.9001366242062833,0.3556588171034964,4.684087982016234,0.0869934937075066,0.0768554210662841,0.0886878222227096,,,,
vanilla_diffusion_calibrated90,0.4308591485023498,0.4443888203098828,7.044737506720608,0.043232818134129,11.634909629821776,13.242946834792498,0.2291189205511211,32,F3NCS_0480_ood_unseen_operator_noise_lobed_zb10p0_E66p7;F3NCS_0481_ood_unseen_operator_noise_ellipse_zb05p4_E11p5;F3NCS_0482_ood_unseen_operator_noise_lobed_zb01p7_E06p9;F3NCS_0483_ood_unseen_operator_noise_lobed_zb08p7_E31p8;F3NCS_0484_ood_unseen_operator_noise_cylinder_zb10p1_E08p6;F3NCS_0485_ood_unseen_operator_noise_two_foci_zb07p5_E25p6;F3NCS_0486_ood_unseen_operator_noise_cylinder_zb04p8_E14p8;F3NCS_0487_ood_unseen_operator_noise_two_foci_zb04p8_E08p4;F3NCS_0488_ood_unseen_operator_noise_ellipse_zb02p0_E51p8;F3NCS_0489_ood_unseen_operator_noise_two_foci_zb07p5_E23p2;F3NCS_0490_ood_unseen_operator_noise_crescent_zb05p7_E09p8;F3NCS_0491_ood_unseen_operator_noise_two_foci_zb01p9_E52p0;F3NCS_0492_ood_unseen_operator_noise_two_foci_zb05p8_E11p8;F3NCS_0493_ood_unseen_operator_noise_two_foci_zb02p7_E17p6;F3NCS_0494_ood_unseen_operator_noise_cylinder_zb03p5_E15p1;F3NCS_0495_ood_unseen_operator_noise_ellipse_zb11p4_E39p6;F3NCS_0496_ood_unseen_operator_noise_two_foci_zb05p4_E16p3;F3NCS_0497_ood_unseen_operator_noise_two_foci_zb06p2_E23p1;F3NCS_0498_ood_unseen_operator_noise_crescent_zb04p0_E08p5;F3NCS_0499_ood_unseen_operator_noise_lobed_zb01p5_E71p0;F3NCS_0500_ood_unseen_operator_noise_cylinder_zb02p3_E45p6;F3NCS_0501_ood_unseen_operator_noise_two_foci_zb09p3_E50p3;F3NCS_0502_ood_unseen_operator_noise_cylinder_zb11p5_E11p1;F3NCS_0503_ood_unseen_operator_noise_two_foci_zb07p9_E32p0;F3NCS_0504_ood_unseen_operator_noise_crescent_zb10p9_E39p6;F3NCS_0505_ood_unseen_operator_noise_lobed_zb06p3_E74p2;F3NCS_0506_ood_unseen_operator_noise_lobed_zb06p9_E36p9;F3NCS_0507_ood_unseen_operator_noise_ellipse_zb01p4_E08p8;F3NCS_0508_ood_unseen_operator_noise_two_foci_zb03p5_E13p6;F3NCS_0509_ood_unseen_operator_noise_crescent_zb11p1_E35p5;F3NCS_0510_ood_unseen_operator_noise_ellipse_zb02p7_E08p0;F3NCS_0511_ood_unseen_operator_noise_crescent_zb08p1_E09p7,method2b_512_full_comsol_recalibrated_9model,fig3_true_ood,3,split_role/ood_split_family,ood_unseen_operator_noise,230,38,32,0.2173742055892944,0.4530715942382812,0.6332254409790039,0.8269805908203125,1.7185814380645752,0.9444808959960938,2.336350440979004,0.983123779296875,2.7756786346435547,0.5352853958208585,0.9001366212960581,0.3725499591711557,0.4283293858248013,0.0869934934035984,0.313622236251831,0.7967565655708313,validation,0.9,8.983832359313965,
likelihood_guided_diffusion,0.4323109090328216,0.4455744993210343,7.021593444705609,0.0435454222606495,11.703018188476562,13.261158976588122,0.2688305851394778,32,F3NCS_0480_ood_unseen_operator_noise_lobed_zb10p0_E66p7;F3NCS_0481_ood_unseen_operator_noise_ellipse_zb05p4_E11p5;F3NCS_0482_ood_unseen_operator_noise_lobed_zb01p7_E06p9;F3NCS_0483_ood_unseen_operator_noise_lobed_zb08p7_E31p8;F3NCS_0484_ood_unseen_operator_noise_cylinder_zb10p1_E08p6;F3NCS_0485_ood_unseen_operator_noise_two_foci_zb07p5_E25p6;F3NCS_0486_ood_unseen_operator_noise_cylinder_zb04p8_E14p8;F3NCS_0487_ood_unseen_operator_noise_two_foci_zb04p8_E08p4;F3NCS_0488_ood_unseen_operator_noise_ellipse_zb02p0_E51p8;F3NCS_0489_ood_unseen_operator_noise_two_foci_zb07p5_E23p2;F3NCS_0490_ood_unseen_operator_noise_crescent_zb05p7_E09p8;F3NCS_0491_ood_unseen_operator_noise_two_foci_zb01p9_E52p0;F3NCS_0492_ood_unseen_operator_noise_two_foci_zb05p8_E11p8;F3NCS_0493_ood_unseen_operator_noise_two_foci_zb02p7_E17p6;F3NCS_0494_ood_unseen_operator_noise_cylinder_zb03p5_E15p1;F3NCS_0495_ood_unseen_operator_noise_ellipse_zb11p4_E39p6;F3NCS_0496_ood_unseen_operator_noise_two_foci_zb05p4_E16p3;F3NCS_0497_ood_unseen_operator_noise_two_foci_zb06p2_E23p1;F3NCS_0498_ood_unseen_operator_noise_crescent_zb04p0_E08p5;F3NCS_0499_ood_unseen_operator_noise_lobed_zb01p5_E71p0;F3NCS_0500_ood_unseen_operator_noise_cylinder_zb02p3_E45p6;F3NCS_0501_ood_unseen_operator_noise_two_foci_zb09p3_E50p3;F3NCS_0502_ood_unseen_operator_noise_cylinder_zb11p5_E11p1;F3NCS_0503_ood_unseen_operator_noise_two_foci_zb07p9_E32p0;F3NCS_0504_ood_unseen_operator_noise_crescent_zb10p9_E39p6;F3NCS_0505_ood_unseen_operator_noise_lobed_zb06p3_E74p2;F3NCS_0506_ood_unseen_operator_noise_lobed_zb06p9_E36p9;F3NCS_0507_ood_unseen_operator_noise_ellipse_zb01p4_E08p8;F3NCS_0508_ood_unseen_operator_noise_two_foci_zb03p5_E13p6;F3NCS_0509_ood_unseen_operator_noise_crescent_zb11p1_E35p5;F3NCS_0510_ood_unseen_operator_noise_ellipse_zb02p7_E08p0;F3NCS_0511_ood_unseen_operator_noise_crescent_zb08p1_E09p7,method2b_512_full_comsol_recalibrated_9model,fig3_true_ood,3,split_role/ood_split_family,ood_unseen_operator_noise,230,38,32,0.3921661972999573,0.0147857666015625,0.0687878876924514,0.0399322509765625,0.1877858340740203,0.0483245849609375,0.2561116814613342,0.0552291870117187,0.3033860027790069,0.5280343540476138,0.9279239435704186,0.3575180224307609,4.771094236366005,0.0868053308494763,0.0766892433166503,0.0880308449268341,,,,
likelihood_guided_diffusion_calibrated90,0.4323109090328216,0.4455744993210343,7.021593444705609,0.0435455563711002,11.703018188476562,13.261158976588122,0.2688306039021836,32,F3NCS_0480_ood_unseen_operator_noise_lobed_zb10p0_E66p7;F3NCS_0481_ood_unseen_operator_noise_ellipse_zb05p4_E11p5;F3NCS_0482_ood_unseen_operator_noise_lobed_zb01p7_E06p9;F3NCS_0483_ood_unseen_operator_noise_lobed_zb08p7_E31p8;F3NCS_0484_ood_unseen_operator_noise_cylinder_zb10p1_E08p6;F3NCS_0485_ood_unseen_operator_noise_two_foci_zb07p5_E25p6;F3NCS_0486_ood_unseen_operator_noise_cylinder_zb04p8_E14p8;F3NCS_0487_ood_unseen_operator_noise_two_foci_zb04p8_E08p4;F3NCS_0488_ood_unseen_operator_noise_ellipse_zb02p0_E51p8;F3NCS_0489_ood_unseen_operator_noise_two_foci_zb07p5_E23p2;F3NCS_0490_ood_unseen_operator_noise_crescent_zb05p7_E09p8;F3NCS_0491_ood_unseen_operator_noise_two_foci_zb01p9_E52p0;F3NCS_0492_ood_unseen_operator_noise_two_foci_zb05p8_E11p8;F3NCS_0493_ood_unseen_operator_noise_two_foci_zb02p7_E17p6;F3NCS_0494_ood_unseen_operator_noise_cylinder_zb03p5_E15p1;F3NCS_0495_ood_unseen_operator_noise_ellipse_zb11p4_E39p6;F3NCS_0496_ood_unseen_operator_noise_two_foci_zb05p4_E16p3;F3NCS_0497_ood_unseen_operator_noise_two_foci_zb06p2_E23p1;F3NCS_0498_ood_unseen_operator_noise_crescent_zb04p0_E08p5;F3NCS_0499_ood_unseen_operator_noise_lobed_zb01p5_E71p0;F3NCS_0500_ood_unseen_operator_noise_cylinder_zb02p3_E45p6;F3NCS_0501_ood_unseen_operator_noise_two_foci_zb09p3_E50p3;F3NCS_0502_ood_unseen_operator_noise_cylinder_zb11p5_E11p1;F3NCS_0503_ood_unseen_operator_noise_two_foci_zb07p9_E32p0;F3NCS_0504_ood_unseen_operator_noise_crescent_zb10p9_E39p6;F3NCS_0505_ood_unseen_operator_noise_lobed_zb06p3_E74p2;F3NCS_0506_ood_unseen_operator_noise_lobed_zb06p9_E36p9;F3NCS_0507_ood_unseen_operator_noise_ellipse_zb01p4_E08p8;F3NCS_0508_ood_unseen_operator_noise_two_foci_zb03p5_E13p6;F3NCS_0509_ood_unseen_operator_noise_crescent_zb11p1_E35p5;F3NCS_0510_ood_unseen_operator_noise_ellipse_zb02p7_E08p0;F3NCS_0511_ood_unseen_operator_noise_crescent_zb08p1_E09p7,method2b_512_full_comsol_recalibrated_9model,fig3_true_ood,3,split_role/ood_split_family,ood_unseen_operator_noise,230,38,32,0.2168760597705841,0.3931884765625,0.5847994089126587,0.726959228515625,1.596458911895752,0.8602523803710938,2.177330493927002,0.9223556518554688,2.5792324542999268,0.5280343260033525,0.9279239435704186,0.3284128733254385,0.4047224071641267,0.0868053299098072,0.286607027053833,0.7483931183815002,validation,0.9,8.501487731933594,
prior_init_diffusion_unet,0.0792278498411178,0.1549731055122832,16.194873280600905,0.2071017054840922,2.726656675338745,8.175602079379326,0.5098722263546425,32,F3NCS_0480_ood_unseen_operator_noise_lobed_zb10p0_E66p7;F3NCS_0481_ood_unseen_operator_noise_ellipse_zb05p4_E11p5;F3NCS_0482_ood_unseen_operator_noise_lobed_zb01p7_E06p9;F3NCS_0483_ood_unseen_operator_noise_lobed_zb08p7_E31p8;F3NCS_0484_ood_unseen_operator_noise_cylinder_zb10p1_E08p6;F3NCS_0485_ood_unseen_operator_noise_two_foci_zb07p5_E25p6;F3NCS_0486_ood_unseen_operator_noise_cylinder_zb04p8_E14p8;F3NCS_0487_ood_unseen_operator_noise_two_foci_zb04p8_E08p4;F3NCS_0488_ood_unseen_operator_noise_ellipse_zb02p0_E51p8;F3NCS_0489_ood_unseen_operator_noise_two_foci_zb07p5_E23p2;F3NCS_0490_ood_unseen_operator_noise_crescent_zb05p7_E09p8;F3NCS_0491_ood_unseen_operator_noise_two_foci_zb01p9_E52p0;F3NCS_0492_ood_unseen_operator_noise_two_foci_zb05p8_E11p8;F3NCS_0493_ood_unseen_operator_noise_two_foci_zb02p7_E17p6;F3NCS_0494_ood_unseen_operator_noise_cylinder_zb03p5_E15p1;F3NCS_0495_ood_unseen_operator_noise_ellipse_zb11p4_E39p6;F3NCS_0496_ood_unseen_operator_noise_two_foci_zb05p4_E16p3;F3NCS_0497_ood_unseen_operator_noise_two_foci_zb06p2_E23p1;F3NCS_0498_ood_unseen_operator_noise_crescent_zb04p0_E08p5;F3NCS_0499_ood_unseen_operator_noise_lobed_zb01p5_E71p0;F3NCS_0500_ood_unseen_operator_noise_cylinder_zb02p3_E45p6;F3NCS_0501_ood_unseen_operator_noise_two_foci_zb09p3_E50p3;F3NCS_0502_ood_unseen_operator_noise_cylinder_zb11p5_E11p1;F3NCS_0503_ood_unseen_operator_noise_two_foci_zb07p9_E32p0;F3NCS_0504_ood_unseen_operator_noise_crescent_zb10p9_E39p6;F3NCS_0505_ood_unseen_operator_noise_lobed_zb06p3_E74p2;F3NCS_0506_ood_unseen_operator_noise_lobed_zb06p9_E36p9;F3NCS_0507_ood_unseen_operator_noise_ellipse_zb01p4_E08p8;F3NCS_0508_ood_unseen_operator_noise_two_foci_zb03p5_E13p6;F3NCS_0509_ood_unseen_operator_noise_crescent_zb11p1_E35p5;F3NCS_0510_ood_unseen_operator_noise_ellipse_zb02p7_E08p0;F3NCS_0511_ood_unseen_operator_noise_crescent_zb08p1_E09p7,method2b_512_full_comsol_recalibrated_9model,fig3_true_ood,3,split_role/ood_split_family,ood_unseen_operator_noise,230,38,32,0.0743440240621566,0.003631591796875,0.0114963203668594,0.0070114135742187,0.0215826146304607,0.0093231201171875,0.0273041874170303,0.0139007568359375,0.0315940827131271,0.6252502699898129,0.8220986087343984,0.1251177774545658,13.6913246157041,0.0149368427682188,0.1108982563018798,0.0088164415210485,,,,
prior_init_diffusion_unet_calibrated90,0.0792278498411178,0.1549731055122832,16.194873280600905,0.2071016689296811,2.726656913757324,8.175602079379326,0.5098722160904773,32,F3NCS_0480_ood_unseen_operator_noise_lobed_zb10p0_E66p7;F3NCS_0481_ood_unseen_operator_noise_ellipse_zb05p4_E11p5;F3NCS_0482_ood_unseen_operator_noise_lobed_zb01p7_E06p9;F3NCS_0483_ood_unseen_operator_noise_lobed_zb08p7_E31p8;F3NCS_0484_ood_unseen_operator_noise_cylinder_zb10p1_E08p6;F3NCS_0485_ood_unseen_operator_noise_two_foci_zb07p5_E25p6;F3NCS_0486_ood_unseen_operator_noise_cylinder_zb04p8_E14p8;F3NCS_0487_ood_unseen_operator_noise_two_foci_zb04p8_E08p4;F3NCS_0488_ood_unseen_operator_noise_ellipse_zb02p0_E51p8;F3NCS_0489_ood_unseen_operator_noise_two_foci_zb07p5_E23p2;F3NCS_0490_ood_unseen_operator_noise_crescent_zb05p7_E09p8;F3NCS_0491_ood_unseen_operator_noise_two_foci_zb01p9_E52p0;F3NCS_0492_ood_unseen_operator_noise_two_foci_zb05p8_E11p8;F3NCS_0493_ood_unseen_operator_noise_two_foci_zb02p7_E17p6;F3NCS_0494_ood_unseen_operator_noise_cylinder_zb03p5_E15p1;F3NCS_0495_ood_unseen_operator_noise_ellipse_zb11p4_E39p6;F3NCS_0496_ood_unseen_operator_noise_two_foci_zb05p4_E16p3;F3NCS_0497_ood_unseen_operator_noise_two_foci_zb06p2_E23p1;F3NCS_0498_ood_unseen_operator_noise_crescent_zb04p0_E08p5;F3NCS_0499_ood_unseen_operator_noise_lobed_zb01p5_E71p0;F3NCS_0500_ood_unseen_operator_noise_cylinder_zb02p3_E45p6;F3NCS_0501_ood_unseen_operator_noise_two_foci_zb09p3_E50p3;F3NCS_0502_ood_unseen_operator_noise_cylinder_zb11p5_E11p1;F3NCS_0503_ood_unseen_operator_noise_two_foci_zb07p9_E32p0;F3NCS_0504_ood_unseen_operator_noise_crescent_zb10p9_E39p6;F3NCS_0505_ood_unseen_operator_noise_lobed_zb06p3_E74p2;F3NCS_0506_ood_unseen_operator_noise_lobed_zb06p9_E36p9;F3NCS_0507_ood_unseen_operator_noise_ellipse_zb01p4_E08p8;F3NCS_0508_ood_unseen_operator_noise_two_foci_zb03p5_E13p6;F3NCS_0509_ood_unseen_operator_noise_crescent_zb11p1_E35p5;F3NCS_0510_ood_unseen_operator_noise_ellipse_zb02p7_E08p0;F3NCS_0511_ood_unseen_operator_noise_crescent_zb08p1_E09p7,method2b_512_full_comsol_recalibrated_9model,fig3_true_ood,3,split_role/ood_split_family,ood_unseen_operator_noise,230,38,32,0.0662110298871994,0.8198013305664062,0.1554837822914123,0.8812103271484375,0.2918974459171295,0.9061813354492188,0.3692797422409057,0.9203567504882812,0.4272990822792053,0.6252503176347708,0.8220986087343984,0.0235963195131375,0.1802451385689156,0.0149368429689834,0.4257974624633789,0.1192393377423286,validation,0.9,13.524656295776367,
residual_likelihood_guided_diffusion,0.0791912972927093,0.1549161783672477,16.198064503598747,0.2074610380223021,2.7245826721191406,8.170651404420495,0.5092413294534243,32,F3NCS_0480_ood_unseen_operator_noise_lobed_zb10p0_E66p7;F3NCS_0481_ood_unseen_operator_noise_ellipse_zb05p4_E11p5;F3NCS_0482_ood_unseen_operator_noise_lobed_zb01p7_E06p9;F3NCS_0483_ood_unseen_operator_noise_lobed_zb08p7_E31p8;F3NCS_0484_ood_unseen_operator_noise_cylinder_zb10p1_E08p6;F3NCS_0485_ood_unseen_operator_noise_two_foci_zb07p5_E25p6;F3NCS_0486_ood_unseen_operator_noise_cylinder_zb04p8_E14p8;F3NCS_0487_ood_unseen_operator_noise_two_foci_zb04p8_E08p4;F3NCS_0488_ood_unseen_operator_noise_ellipse_zb02p0_E51p8;F3NCS_0489_ood_unseen_operator_noise_two_foci_zb07p5_E23p2;F3NCS_0490_ood_unseen_operator_noise_crescent_zb05p7_E09p8;F3NCS_0491_ood_unseen_operator_noise_two_foci_zb01p9_E52p0;F3NCS_0492_ood_unseen_operator_noise_two_foci_zb05p8_E11p8;F3NCS_0493_ood_unseen_operator_noise_two_foci_zb02p7_E17p6;F3NCS_0494_ood_unseen_operator_noise_cylinder_zb03p5_E15p1;F3NCS_0495_ood_unseen_operator_noise_ellipse_zb11p4_E39p6;F3NCS_0496_ood_unseen_operator_noise_two_foci_zb05p4_E16p3;F3NCS_0497_ood_unseen_operator_noise_two_foci_zb06p2_E23p1;F3NCS_0498_ood_unseen_operator_noise_crescent_zb04p0_E08p5;F3NCS_0499_ood_unseen_operator_noise_lobed_zb01p5_E71p0;F3NCS_0500_ood_unseen_operator_noise_cylinder_zb02p3_E45p6;F3NCS_0501_ood_unseen_operator_noise_two_foci_zb09p3_E50p3;F3NCS_0502_ood_unseen_operator_noise_cylinder_zb11p5_E11p1;F3NCS_0503_ood_unseen_operator_noise_two_foci_zb07p9_E32p0;F3NCS_0504_ood_unseen_operator_noise_crescent_zb10p9_E39p6;F3NCS_0505_ood_unseen_operator_noise_lobed_zb06p3_E74p2;F3NCS_0506_ood_unseen_operator_noise_lobed_zb06p9_E36p9;F3NCS_0507_ood_unseen_operator_noise_ellipse_zb01p4_E08p8;F3NCS_0508_ood_unseen_operator_noise_two_foci_zb03p5_E13p6;F3NCS_0509_ood_unseen_operator_noise_crescent_zb11p1_E35p5;F3NCS_0510_ood_unseen_operator_noise_ellipse_zb02p7_E08p0;F3NCS_0511_ood_unseen_operator_noise_crescent_zb08p1_E09p7,method2b_512_full_comsol_recalibrated_9model,fig3_true_ood,3,split_role/ood_split_family,ood_unseen_operator_noise,230,38,32,0.0743006914854049,0.0037307739257812,0.0115272719413042,0.0068893432617187,0.0216157753020524,0.0091018676757812,0.0273174792528152,0.0137557983398437,0.0316139049828052,0.627561255465955,0.8221420881449616,0.1249216541185397,13.643611772645182,0.014798557891234,0.1108820438385009,0.0088274255394935,,,,
residual_likelihood_guided_diffusion_calibrated90,0.0791912972927093,0.1549161783672477,16.198064503598747,0.207460869452916,2.7245826721191406,8.170651404420495,0.5092413302074167,32,F3NCS_0480_ood_unseen_operator_noise_lobed_zb10p0_E66p7;F3NCS_0481_ood_unseen_operator_noise_ellipse_zb05p4_E11p5;F3NCS_0482_ood_unseen_operator_noise_lobed_zb01p7_E06p9;F3NCS_0483_ood_unseen_operator_noise_lobed_zb08p7_E31p8;F3NCS_0484_ood_unseen_operator_noise_cylinder_zb10p1_E08p6;F3NCS_0485_ood_unseen_operator_noise_two_foci_zb07p5_E25p6;F3NCS_0486_ood_unseen_operator_noise_cylinder_zb04p8_E14p8;F3NCS_0487_ood_unseen_operator_noise_two_foci_zb04p8_E08p4;F3NCS_0488_ood_unseen_operator_noise_ellipse_zb02p0_E51p8;F3NCS_0489_ood_unseen_operator_noise_two_foci_zb07p5_E23p2;F3NCS_0490_ood_unseen_operator_noise_crescent_zb05p7_E09p8;F3NCS_0491_ood_unseen_operator_noise_two_foci_zb01p9_E52p0;F3NCS_0492_ood_unseen_operator_noise_two_foci_zb05p8_E11p8;F3NCS_0493_ood_unseen_operator_noise_two_foci_zb02p7_E17p6;F3NCS_0494_ood_unseen_operator_noise_cylinder_zb03p5_E15p1;F3NCS_0495_ood_unseen_operator_noise_ellipse_zb11p4_E39p6;F3NCS_0496_ood_unseen_operator_noise_two_foci_zb05p4_E16p3;F3NCS_0497_ood_unseen_operator_noise_two_foci_zb06p2_E23p1;F3NCS_0498_ood_unseen_operator_noise_crescent_zb04p0_E08p5;F3NCS_0499_ood_unseen_operator_noise_lobed_zb01p5_E71p0;F3NCS_0500_ood_unseen_operator_noise_cylinder_zb02p3_E45p6;F3NCS_0501_ood_unseen_operator_noise_two_foci_zb09p3_E50p3;F3NCS_0502_ood_unseen_operator_noise_cylinder_zb11p5_E11p1;F3NCS_0503_ood_unseen_operator_noise_two_foci_zb07p9_E32p0;F3NCS_0504_ood_unseen_operator_noise_crescent_zb10p9_E39p6;F3NCS_0505_ood_unseen_operator_noise_lobed_zb06p3_E74p2;F3NCS_0506_ood_unseen_operator_noise_lobed_zb06p9_E36p9;F3NCS_0507_ood_unseen_operator_noise_ellipse_zb01p4_E08p8;F3NCS_0508_ood_unseen_operator_noise_two_foci_zb03p5_E13p6;F3NCS_0509_ood_unseen_operator_noise_crescent_zb11p1_E35p5;F3NCS_0510_ood_unseen_operator_noise_ellipse_zb02p7_E08p0;F3NCS_0511_ood_unseen_operator_noise_crescent_zb08p1_E09p7,method2b_512_full_comsol_recalibrated_9model,fig3_true_ood,3,split_role/ood_split_family,ood_unseen_operator_noise,230,38,32,0.0661703646183013,0.8211135864257812,0.1557205617427826,0.8814773559570312,0.2920050024986267,0.906097412109375,0.3690286874771118,0.9206924438476562,0.4270685911178589,0.6275612804484555,0.8221420904084701,0.0238879354590055,0.1836330428694626,0.0147985576154146,0.4258053302764892,0.1192486733198165,validation,0.9,13.508883476257324,
explicit_residual_target_diffusion,0.0900665521621704,0.1568052796343194,16.092786374173222,0.1599109412636608,2.8568882942199707,8.167267238825398,0.4984555363571366,32,F3NCS_0480_ood_unseen_operator_noise_lobed_zb10p0_E66p7;F3NCS_0481_ood_unseen_operator_noise_ellipse_zb05p4_E11p5;F3NCS_0482_ood_unseen_operator_noise_lobed_zb01p7_E06p9;F3NCS_0483_ood_unseen_operator_noise_lobed_zb08p7_E31p8;F3NCS_0484_ood_unseen_operator_noise_cylinder_zb10p1_E08p6;F3NCS_0485_ood_unseen_operator_noise_two_foci_zb07p5_E25p6;F3NCS_0486_ood_unseen_operator_noise_cylinder_zb04p8_E14p8;F3NCS_0487_ood_unseen_operator_noise_two_foci_zb04p8_E08p4;F3NCS_0488_ood_unseen_operator_noise_ellipse_zb02p0_E51p8;F3NCS_0489_ood_unseen_operator_noise_two_foci_zb07p5_E23p2;F3NCS_0490_ood_unseen_operator_noise_crescent_zb05p7_E09p8;F3NCS_0491_ood_unseen_operator_noise_two_foci_zb01p9_E52p0;F3NCS_0492_ood_unseen_operator_noise_two_foci_zb05p8_E11p8;F3NCS_0493_ood_unseen_operator_noise_two_foci_zb02p7_E17p6;F3NCS_0494_ood_unseen_operator_noise_cylinder_zb03p5_E15p1;F3NCS_0495_ood_unseen_operator_noise_ellipse_zb11p4_E39p6;F3NCS_0496_ood_unseen_operator_noise_two_foci_zb05p4_E16p3;F3NCS_0497_ood_unseen_operator_noise_two_foci_zb06p2_E23p1;F3NCS_0498_ood_unseen_operator_noise_crescent_zb04p0_E08p5;F3NCS_0499_ood_unseen_operator_noise_lobed_zb01p5_E71p0;F3NCS_0500_ood_unseen_operator_noise_cylinder_zb02p3_E45p6;F3NCS_0501_ood_unseen_operator_noise_two_foci_zb09p3_E50p3;F3NCS_0502_ood_unseen_operator_noise_cylinder_zb11p5_E11p1;F3NCS_0503_ood_unseen_operator_noise_two_foci_zb07p9_E32p0;F3NCS_0504_ood_unseen_operator_noise_crescent_zb10p9_E39p6;F3NCS_0505_ood_unseen_operator_noise_lobed_zb06p3_E74p2;F3NCS_0506_ood_unseen_operator_noise_lobed_zb06p9_E36p9;F3NCS_0507_ood_unseen_operator_noise_ellipse_zb01p4_E08p8;F3NCS_0508_ood_unseen_operator_noise_two_foci_zb03p5_E13p6;F3NCS_0509_ood_unseen_operator_noise_crescent_zb11p1_E35p5;F3NCS_0510_ood_unseen_operator_noise_ellipse_zb02p7_E08p0;F3NCS_0511_ood_unseen_operator_noise_crescent_zb08p1_E09p7,method2b_512_full_comsol_recalibrated_9model,fig3_true_ood,3,split_role/ood_split_family,ood_unseen_operator_noise,230,38,32,0.0625165551900863,0.4671707153320312,0.0455677881836891,0.7158355712890625,0.1117372065782547,0.7952651977539062,0.1792340278625488,0.8345870971679688,0.2403947114944458,0.7078111576592926,0.7202791199276315,0.0797722401813229,1.6970184769821988,0.0247495915474378,0.3382399082183838,0.0699066147208213,,,,0.7267667055130005
explicit_residual_target_diffusion_calibrated90,0.0900665521621704,0.1568052796343194,16.092786374173222,0.1599108802620321,2.85688853263855,8.167267238825398,0.4984555374811221,32,F3NCS_0480_ood_unseen_operator_noise_lobed_zb10p0_E66p7;F3NCS_0481_ood_unseen_operator_noise_ellipse_zb05p4_E11p5;F3NCS_0482_ood_unseen_operator_noise_lobed_zb01p7_E06p9;F3NCS_0483_ood_unseen_operator_noise_lobed_zb08p7_E31p8;F3NCS_0484_ood_unseen_operator_noise_cylinder_zb10p1_E08p6;F3NCS_0485_ood_unseen_operator_noise_two_foci_zb07p5_E25p6;F3NCS_0486_ood_unseen_operator_noise_cylinder_zb04p8_E14p8;F3NCS_0487_ood_unseen_operator_noise_two_foci_zb04p8_E08p4;F3NCS_0488_ood_unseen_operator_noise_ellipse_zb02p0_E51p8;F3NCS_0489_ood_unseen_operator_noise_two_foci_zb07p5_E23p2;F3NCS_0490_ood_unseen_operator_noise_crescent_zb05p7_E09p8;F3NCS_0491_ood_unseen_operator_noise_two_foci_zb01p9_E52p0;F3NCS_0492_ood_unseen_operator_noise_two_foci_zb05p8_E11p8;F3NCS_0493_ood_unseen_operator_noise_two_foci_zb02p7_E17p6;F3NCS_0494_ood_unseen_operator_noise_cylinder_zb03p5_E15p1;F3NCS_0495_ood_unseen_operator_noise_ellipse_zb11p4_E39p6;F3NCS_0496_ood_unseen_operator_noise_two_foci_zb05p4_E16p3;F3NCS_0497_ood_unseen_operator_noise_two_foci_zb06p2_E23p1;F3NCS_0498_ood_unseen_operator_noise_crescent_zb04p0_E08p5;F3NCS_0499_ood_unseen_operator_noise_lobed_zb01p5_E71p0;F3NCS_0500_ood_unseen_operator_noise_cylinder_zb02p3_E45p6;F3NCS_0501_ood_unseen_operator_noise_two_foci_zb09p3_E50p3;F3NCS_0502_ood_unseen_operator_noise_cylinder_zb11p5_E11p1;F3NCS_0503_ood_unseen_operator_noise_two_foci_zb07p9_E32p0;F3NCS_0504_ood_unseen_operator_noise_crescent_zb10p9_E39p6;F3NCS_0505_ood_unseen_operator_noise_lobed_zb06p3_E74p2;F3NCS_0506_ood_unseen_operator_noise_lobed_zb06p9_E36p9;F3NCS_0507_ood_unseen_operator_noise_ellipse_zb01p4_E08p8;F3NCS_0508_ood_unseen_operator_noise_two_foci_zb03p5_E13p6;F3NCS_0509_ood_unseen_operator_noise_crescent_zb11p1_E35p5;F3NCS_0510_ood_unseen_operator_noise_ellipse_zb02p7_E08p0;F3NCS_0511_ood_unseen_operator_noise_crescent_zb08p1_E09p7,method2b_512_full_comsol_recalibrated_9model,fig3_true_ood,3,split_role/ood_split_family,ood_unseen_operator_noise,230,38,32,0.0623185709118843,0.7438735961914062,0.097936525940895,0.8716201782226562,0.2401510775089264,0.9145584106445312,0.3852185606956482,0.9400482177734376,0.5166680812835693,0.7078111596122301,0.720279123161215,0.0322471907837478,0.403818698670138,0.0247495915715715,0.4993350505828857,0.1502467095851898,validation,0.9,2.1492488384246826,0.7267667055130005
explicit_residual_likelihood_guided_diffusion,0.0892597734928131,0.1557647920024316,16.15061400990937,0.1607570515479892,2.8418548107147217,8.210314464796086,0.5068677417990654,32,F3NCS_0480_ood_unseen_operator_noise_lobed_zb10p0_E66p7;F3NCS_0481_ood_unseen_operator_noise_ellipse_zb05p4_E11p5;F3NCS_0482_ood_unseen_operator_noise_lobed_zb01p7_E06p9;F3NCS_0483_ood_unseen_operator_noise_lobed_zb08p7_E31p8;F3NCS_0484_ood_unseen_operator_noise_cylinder_zb10p1_E08p6;F3NCS_0485_ood_unseen_operator_noise_two_foci_zb07p5_E25p6;F3NCS_0486_ood_unseen_operator_noise_cylinder_zb04p8_E14p8;F3NCS_0487_ood_unseen_operator_noise_two_foci_zb04p8_E08p4;F3NCS_0488_ood_unseen_operator_noise_ellipse_zb02p0_E51p8;F3NCS_0489_ood_unseen_operator_noise_two_foci_zb07p5_E23p2;F3NCS_0490_ood_unseen_operator_noise_crescent_zb05p7_E09p8;F3NCS_0491_ood_unseen_operator_noise_two_foci_zb01p9_E52p0;F3NCS_0492_ood_unseen_operator_noise_two_foci_zb05p8_E11p8;F3NCS_0493_ood_unseen_operator_noise_two_foci_zb02p7_E17p6;F3NCS_0494_ood_unseen_operator_noise_cylinder_zb03p5_E15p1;F3NCS_0495_ood_unseen_operator_noise_ellipse_zb11p4_E39p6;F3NCS_0496_ood_unseen_operator_noise_two_foci_zb05p4_E16p3;F3NCS_0497_ood_unseen_operator_noise_two_foci_zb06p2_E23p1;F3NCS_0498_ood_unseen_operator_noise_crescent_zb04p0_E08p5;F3NCS_0499_ood_unseen_operator_noise_lobed_zb01p5_E71p0;F3NCS_0500_ood_unseen_operator_noise_cylinder_zb02p3_E45p6;F3NCS_0501_ood_unseen_operator_noise_two_foci_zb09p3_E50p3;F3NCS_0502_ood_unseen_operator_noise_cylinder_zb11p5_E11p1;F3NCS_0503_ood_unseen_operator_noise_two_foci_zb07p9_E32p0;F3NCS_0504_ood_unseen_operator_noise_crescent_zb10p9_E39p6;F3NCS_0505_ood_unseen_operator_noise_lobed_zb06p3_E74p2;F3NCS_0506_ood_unseen_operator_noise_lobed_zb06p9_E36p9;F3NCS_0507_ood_unseen_operator_noise_ellipse_zb01p4_E08p8;F3NCS_0508_ood_unseen_operator_noise_two_foci_zb03p5_E13p6;F3NCS_0509_ood_unseen_operator_noise_crescent_zb11p1_E35p5;F3NCS_0510_ood_unseen_operator_noise_ellipse_zb02p7_E08p0;F3NCS_0511_ood_unseen_operator_noise_crescent_zb08p1_E09p7,method2b_512_full_comsol_recalibrated_9model,fig3_true_ood,3,split_role/ood_split_family,ood_unseen_operator_noise,230,38,32,0.0622836910188198,0.4675445556640625,0.0461272224783897,0.718017578125,0.1119872629642486,0.8029937744140625,0.1774751394987106,0.845062255859375,0.23711459338665,0.7080657195361573,0.7194286253802655,0.0799201281562389,1.5936850817790678,0.0238543164392401,0.3371682167053222,0.0690080448985099,,,,0.7267667055130005
explicit_residual_likelihood_guided_diffusion_calibrated90,0.0892597734928131,0.1557647920024316,16.15061400990937,0.1607570906635373,2.8418548107147217,8.210314464796086,0.5068677423750496,32,F3NCS_0480_ood_unseen_operator_noise_lobed_zb10p0_E66p7;F3NCS_0481_ood_unseen_operator_noise_ellipse_zb05p4_E11p5;F3NCS_0482_ood_unseen_operator_noise_lobed_zb01p7_E06p9;F3NCS_0483_ood_unseen_operator_noise_lobed_zb08p7_E31p8;F3NCS_0484_ood_unseen_operator_noise_cylinder_zb10p1_E08p6;F3NCS_0485_ood_unseen_operator_noise_two_foci_zb07p5_E25p6;F3NCS_0486_ood_unseen_operator_noise_cylinder_zb04p8_E14p8;F3NCS_0487_ood_unseen_operator_noise_two_foci_zb04p8_E08p4;F3NCS_0488_ood_unseen_operator_noise_ellipse_zb02p0_E51p8;F3NCS_0489_ood_unseen_operator_noise_two_foci_zb07p5_E23p2;F3NCS_0490_ood_unseen_operator_noise_crescent_zb05p7_E09p8;F3NCS_0491_ood_unseen_operator_noise_two_foci_zb01p9_E52p0;F3NCS_0492_ood_unseen_operator_noise_two_foci_zb05p8_E11p8;F3NCS_0493_ood_unseen_operator_noise_two_foci_zb02p7_E17p6;F3NCS_0494_ood_unseen_operator_noise_cylinder_zb03p5_E15p1;F3NCS_0495_ood_unseen_operator_noise_ellipse_zb11p4_E39p6;F3NCS_0496_ood_unseen_operator_noise_two_foci_zb05p4_E16p3;F3NCS_0497_ood_unseen_operator_noise_two_foci_zb06p2_E23p1;F3NCS_0498_ood_unseen_operator_noise_crescent_zb04p0_E08p5;F3NCS_0499_ood_unseen_operator_noise_lobed_zb01p5_E71p0;F3NCS_0500_ood_unseen_operator_noise_cylinder_zb02p3_E45p6;F3NCS_0501_ood_unseen_operator_noise_two_foci_zb09p3_E50p3;F3NCS_0502_ood_unseen_operator_noise_cylinder_zb11p5_E11p1;F3NCS_0503_ood_unseen_operator_noise_two_foci_zb07p9_E32p0;F3NCS_0504_ood_unseen_operator_noise_crescent_zb10p9_E39p6;F3NCS_0505_ood_unseen_operator_noise_lobed_zb06p3_E74p2;F3NCS_0506_ood_unseen_operator_noise_lobed_zb06p9_E36p9;F3NCS_0507_ood_unseen_operator_noise_ellipse_zb01p4_E08p8;F3NCS_0508_ood_unseen_operator_noise_two_foci_zb03p5_E13p6;F3NCS_0509_ood_unseen_operator_noise_crescent_zb11p1_E35p5;F3NCS_0510_ood_unseen_operator_noise_ellipse_zb02p7_E08p0;F3NCS_0511_ood_unseen_operator_noise_crescent_zb08p1_E09p7,method2b_512_full_comsol_recalibrated_9model,fig3_true_ood,3,split_role/ood_split_family,ood_unseen_operator_noise,230,38,32,0.0621146112680435,0.7410049438476562,0.0940620526671409,0.866668701171875,0.228363037109375,0.9111251831054688,0.3619050681591034,0.9369354248046876,0.4835211038589477,0.7080657294001413,0.7194286244101905,0.0298255750529749,0.3638021473476079,0.023854316490089,0.4846725463867187,0.1407203525304794,validation,0.9,2.039187431335449,0.7267667055130005
train_mean_prior,0.1397266536951065,0.2192122225153258,13.182704695087711,0.0261623403639532,4.238651752471924,13.06372298214781,,64,F3NCS_0320_ood_unseen_shape_lobed_zb03p8_E09p9;F3NCS_0321_ood_unseen_shape_crescent_zb03p5_E06p5;F3NCS_0322_ood_unseen_shape_crescent_zb07p2_E76p5;F3NCS_0323_ood_unseen_shape_crescent_zb03p5_E10p3;F3NCS_0324_ood_unseen_shape_crescent_zb02p9_E59p3;F3NCS_0325_ood_unseen_shape_lobed_zb01p6_E06p9;F3NCS_0326_ood_unseen_shape_lobed_zb06p1_E42p4;F3NCS_0327_ood_unseen_shape_crescent_zb03p1_E14p7;F3NCS_0328_ood_unseen_shape_lobed_zb03p1_E29p3;F3NCS_0329_ood_unseen_shape_lobed_zb05p7_E08p7;F3NCS_0330_ood_unseen_shape_lobed_zb02p8_E92p0;F3NCS_0331_ood_unseen_shape_crescent_zb03p2_E14p3;F3NCS_0332_ood_unseen_shape_lobed_zb02p8_E45p3;F3NCS_0333_ood_unseen_shape_lobed_zb03p4_E06p5;F3NCS_0334_ood_unseen_shape_crescent_zb03p1_E53p0;F3NCS_0335_ood_unseen_shape_crescent_zb02p9_E84p2;F3NCS_0336_ood_unseen_shape_crescent_zb07p2_E64p1;F3NCS_0337_ood_unseen_shape_lobed_zb03p4_E11p4;F3NCS_0338_ood_unseen_shape_crescent_zb06p8_E10p9;F3NCS_0339_ood_unseen_shape_lobed_zb04p2_E91p6;F3NCS_0340_ood_unseen_shape_crescent_zb03p8_E70p0;F3NCS_0341_ood_unseen_shape_lobed_zb04p9_E61p6;F3NCS_0342_ood_unseen_shape_crescent_zb05p1_E22p7;F3NCS_0343_ood_unseen_shape_lobed_zb07p1_E87p4;F3NCS_0344_ood_unseen_shape_crescent_zb03p6_E61p5;F3NCS_0345_ood_unseen_shape_crescent_zb06p9_E18p0;F3NCS_0346_ood_unseen_shape_lobed_zb01p8_E15p9;F3NCS_0347_ood_unseen_shape_lobed_zb02p8_E62p6;F3NCS_0348_ood_unseen_shape_lobed_zb05p0_E06p3;F3NCS_0349_ood_unseen_shape_lobed_zb03p4_E28p4;F3NCS_0350_ood_unseen_shape_lobed_zb06p0_E06p6;F3NCS_0351_ood_unseen_shape_crescent_zb06p3_E52p9;F3NCS_0352_ood_unseen_shape_lobed_zb05p6_E54p3;F3NCS_0353_ood_unseen_shape_lobed_zb02p2_E51p7;F3NCS_0354_ood_unseen_shape_crescent_zb05p4_E08p7;F3NCS_0355_ood_unseen_shape_crescent_zb07p5_E72p1;F3NCS_0356_ood_unseen_shape_lobed_zb07p8_E66p7;F3NCS_0357_ood_unseen_shape_lobed_zb03p8_E28p5;F3NCS_0358_ood_unseen_shape_lobed_zb05p7_E57p3;F3NCS_0359_ood_unseen_shape_crescent_zb07p1_E07p1;F3NCS_0360_ood_unseen_shape_lobed_zb06p1_E32p9;F3NCS_0361_ood_unseen_shape_crescent_zb07p0_E50p0;F3NCS_0362_ood_unseen_shape_lobed_zb07p0_E43p7;F3NCS_0363_ood_unseen_shape_crescent_zb04p4_E39p7;F3NCS_0364_ood_unseen_shape_lobed_zb03p1_E17p5;F3NCS_0365_ood_unseen_shape_crescent_zb04p6_E10p8;F3NCS_0366_ood_unseen_shape_crescent_zb01p4_E56p2;F3NCS_0367_ood_unseen_shape_crescent_zb02p6_E36p5;F3NCS_0368_ood_unseen_shape_crescent_zb03p1_E21p0;F3NCS_0369_ood_unseen_shape_lobed_zb02p7_E27p1;F3NCS_0370_ood_unseen_shape_crescent_zb07p7_E18p8;F3NCS_0371_ood_unseen_shape_lobed_zb02p8_E27p5;F3NCS_0372_ood_unseen_shape_lobed_zb02p3_E06p5;F3NCS_0373_ood_unseen_shape_lobed_zb04p9_E07p7;F3NCS_0374_ood_unseen_shape_lobed_zb07p3_E27p3;F3NCS_0375_ood_unseen_shape_crescent_zb03p4_E11p6;F3NCS_0376_ood_unseen_shape_crescent_zb04p0_E26p7;F3NCS_0377_ood_unseen_shape_crescent_zb06p5_E40p4;F3NCS_0378_ood_unseen_shape_crescent_zb05p4_E79p9;F3NCS_0379_ood_unseen_shape_crescent_zb06p4_E88p5;F3NCS_0380_ood_unseen_shape_lobed_zb03p5_E55p6;F3NCS_0381_ood_unseen_shape_crescent_zb04p9_E14p7;F3NCS_0382_ood_unseen_shape_crescent_zb05p9_E48p6;F3NCS_0383_ood_unseen_shape_crescent_zb05p4_E08p3,method2b_512_full_comsol_recalibrated_9model,fig3_true_ood,4,split_role/ood_split_family,ood_unseen_shape,230,38,64,,,,,,,,,,,,,,,,,,,,
srcnn_bz_single_channel,0.1125210747122764,0.2089886798593521,13.59754474742136,0.1697508710203692,3.9569249153137207,12.837740120875356,0.3095571478022857,64,F3NCS_0320_ood_unseen_shape_lobed_zb03p8_E09p9;F3NCS_0321_ood_unseen_shape_crescent_zb03p5_E06p5;F3NCS_0322_ood_unseen_shape_crescent_zb07p2_E76p5;F3NCS_0323_ood_unseen_shape_crescent_zb03p5_E10p3;F3NCS_0324_ood_unseen_shape_crescent_zb02p9_E59p3;F3NCS_0325_ood_unseen_shape_lobed_zb01p6_E06p9;F3NCS_0326_ood_unseen_shape_lobed_zb06p1_E42p4;F3NCS_0327_ood_unseen_shape_crescent_zb03p1_E14p7;F3NCS_0328_ood_unseen_shape_lobed_zb03p1_E29p3;F3NCS_0329_ood_unseen_shape_lobed_zb05p7_E08p7;F3NCS_0330_ood_unseen_shape_lobed_zb02p8_E92p0;F3NCS_0331_ood_unseen_shape_crescent_zb03p2_E14p3;F3NCS_0332_ood_unseen_shape_lobed_zb02p8_E45p3;F3NCS_0333_ood_unseen_shape_lobed_zb03p4_E06p5;F3NCS_0334_ood_unseen_shape_crescent_zb03p1_E53p0;F3NCS_0335_ood_unseen_shape_crescent_zb02p9_E84p2;F3NCS_0336_ood_unseen_shape_crescent_zb07p2_E64p1;F3NCS_0337_ood_unseen_shape_lobed_zb03p4_E11p4;F3NCS_0338_ood_unseen_shape_crescent_zb06p8_E10p9;F3NCS_0339_ood_unseen_shape_lobed_zb04p2_E91p6;F3NCS_0340_ood_unseen_shape_crescent_zb03p8_E70p0;F3NCS_0341_ood_unseen_shape_lobed_zb04p9_E61p6;F3NCS_0342_ood_unseen_shape_crescent_zb05p1_E22p7;F3NCS_0343_ood_unseen_shape_lobed_zb07p1_E87p4;F3NCS_0344_ood_unseen_shape_crescent_zb03p6_E61p5;F3NCS_0345_ood_unseen_shape_crescent_zb06p9_E18p0;F3NCS_0346_ood_unseen_shape_lobed_zb01p8_E15p9;F3NCS_0347_ood_unseen_shape_lobed_zb02p8_E62p6;F3NCS_0348_ood_unseen_shape_lobed_zb05p0_E06p3;F3NCS_0349_ood_unseen_shape_lobed_zb03p4_E28p4;F3NCS_0350_ood_unseen_shape_lobed_zb06p0_E06p6;F3NCS_0351_ood_unseen_shape_crescent_zb06p3_E52p9;F3NCS_0352_ood_unseen_shape_lobed_zb05p6_E54p3;F3NCS_0353_ood_unseen_shape_lobed_zb02p2_E51p7;F3NCS_0354_ood_unseen_shape_crescent_zb05p4_E08p7;F3NCS_0355_ood_unseen_shape_crescent_zb07p5_E72p1;F3NCS_0356_ood_unseen_shape_lobed_zb07p8_E66p7;F3NCS_0357_ood_unseen_shape_lobed_zb03p8_E28p5;F3NCS_0358_ood_unseen_shape_lobed_zb05p7_E57p3;F3NCS_0359_ood_unseen_shape_crescent_zb07p1_E07p1;F3NCS_0360_ood_unseen_shape_lobed_zb06p1_E32p9;F3NCS_0361_ood_unseen_shape_crescent_zb07p0_E50p0;F3NCS_0362_ood_unseen_shape_lobed_zb07p0_E43p7;F3NCS_0363_ood_unseen_shape_crescent_zb04p4_E39p7;F3NCS_0364_ood_unseen_shape_lobed_zb03p1_E17p5;F3NCS_0365_ood_unseen_shape_crescent_zb04p6_E10p8;F3NCS_0366_ood_unseen_shape_crescent_zb01p4_E56p2;F3NCS_0367_ood_unseen_shape_crescent_zb02p6_E36p5;F3NCS_0368_ood_unseen_shape_crescent_zb03p1_E21p0;F3NCS_0369_ood_unseen_shape_lobed_zb02p7_E27p1;F3NCS_0370_ood_unseen_shape_crescent_zb07p7_E18p8;F3NCS_0371_ood_unseen_shape_lobed_zb02p8_E27p5;F3NCS_0372_ood_unseen_shape_lobed_zb02p3_E06p5;F3NCS_0373_ood_unseen_shape_lobed_zb04p9_E07p7;F3NCS_0374_ood_unseen_shape_lobed_zb07p3_E27p3;F3NCS_0375_ood_unseen_shape_crescent_zb03p4_E11p6;F3NCS_0376_ood_unseen_shape_crescent_zb04p0_E26p7;F3NCS_0377_ood_unseen_shape_crescent_zb06p5_E40p4;F3NCS_0378_ood_unseen_shape_crescent_zb05p4_E79p9;F3NCS_0379_ood_unseen_shape_crescent_zb06p4_E88p5;F3NCS_0380_ood_unseen_shape_lobed_zb03p5_E55p6;F3NCS_0381_ood_unseen_shape_crescent_zb04p9_E14p7;F3NCS_0382_ood_unseen_shape_crescent_zb05p9_E48p6;F3NCS_0383_ood_unseen_shape_crescent_zb05p4_E08p3,method2b_512_full_comsol_recalibrated_9model,fig3_true_ood,4,split_role/ood_split_family,ood_unseen_shape,230,38,64,0.112521082162857,0.0,0.0,0.0,0.0,0.0,0.0,0.0,0.0,,0.5,0.2060541884664932,,0.0831814617333091,0.1276893615722656,0.0,,,,
unet_canonical_bxyz,0.0872108042240142,0.1811934164942548,14.837151721722632,0.3611620366573334,3.4503676891326904,11.53988960623209,0.4461698771599241,64,F3NCS_0320_ood_unseen_shape_lobed_zb03p8_E09p9;F3NCS_0321_ood_unseen_shape_crescent_zb03p5_E06p5;F3NCS_0322_ood_unseen_shape_crescent_zb07p2_E76p5;F3NCS_0323_ood_unseen_shape_crescent_zb03p5_E10p3;F3NCS_0324_ood_unseen_shape_crescent_zb02p9_E59p3;F3NCS_0325_ood_unseen_shape_lobed_zb01p6_E06p9;F3NCS_0326_ood_unseen_shape_lobed_zb06p1_E42p4;F3NCS_0327_ood_unseen_shape_crescent_zb03p1_E14p7;F3NCS_0328_ood_unseen_shape_lobed_zb03p1_E29p3;F3NCS_0329_ood_unseen_shape_lobed_zb05p7_E08p7;F3NCS_0330_ood_unseen_shape_lobed_zb02p8_E92p0;F3NCS_0331_ood_unseen_shape_crescent_zb03p2_E14p3;F3NCS_0332_ood_unseen_shape_lobed_zb02p8_E45p3;F3NCS_0333_ood_unseen_shape_lobed_zb03p4_E06p5;F3NCS_0334_ood_unseen_shape_crescent_zb03p1_E53p0;F3NCS_0335_ood_unseen_shape_crescent_zb02p9_E84p2;F3NCS_0336_ood_unseen_shape_crescent_zb07p2_E64p1;F3NCS_0337_ood_unseen_shape_lobed_zb03p4_E11p4;F3NCS_0338_ood_unseen_shape_crescent_zb06p8_E10p9;F3NCS_0339_ood_unseen_shape_lobed_zb04p2_E91p6;F3NCS_0340_ood_unseen_shape_crescent_zb03p8_E70p0;F3NCS_0341_ood_unseen_shape_lobed_zb04p9_E61p6;F3NCS_0342_ood_unseen_shape_crescent_zb05p1_E22p7;F3NCS_0343_ood_unseen_shape_lobed_zb07p1_E87p4;F3NCS_0344_ood_unseen_shape_crescent_zb03p6_E61p5;F3NCS_0345_ood_unseen_shape_crescent_zb06p9_E18p0;F3NCS_0346_ood_unseen_shape_lobed_zb01p8_E15p9;F3NCS_0347_ood_unseen_shape_lobed_zb02p8_E62p6;F3NCS_0348_ood_unseen_shape_lobed_zb05p0_E06p3;F3NCS_0349_ood_unseen_shape_lobed_zb03p4_E28p4;F3NCS_0350_ood_unseen_shape_lobed_zb06p0_E06p6;F3NCS_0351_ood_unseen_shape_crescent_zb06p3_E52p9;F3NCS_0352_ood_unseen_shape_lobed_zb05p6_E54p3;F3NCS_0353_ood_unseen_shape_lobed_zb02p2_E51p7;F3NCS_0354_ood_unseen_shape_crescent_zb05p4_E08p7;F3NCS_0355_ood_unseen_shape_crescent_zb07p5_E72p1;F3NCS_0356_ood_unseen_shape_lobed_zb07p8_E66p7;F3NCS_0357_ood_unseen_shape_lobed_zb03p8_E28p5;F3NCS_0358_ood_unseen_shape_lobed_zb05p7_E57p3;F3NCS_0359_ood_unseen_shape_crescent_zb07p1_E07p1;F3NCS_0360_ood_unseen_shape_lobed_zb06p1_E32p9;F3NCS_0361_ood_unseen_shape_crescent_zb07p0_E50p0;F3NCS_0362_ood_unseen_shape_lobed_zb07p0_E43p7;F3NCS_0363_ood_unseen_shape_crescent_zb04p4_E39p7;F3NCS_0364_ood_unseen_shape_lobed_zb03p1_E17p5;F3NCS_0365_ood_unseen_shape_crescent_zb04p6_E10p8;F3NCS_0366_ood_unseen_shape_crescent_zb01p4_E56p2;F3NCS_0367_ood_unseen_shape_crescent_zb02p6_E36p5;F3NCS_0368_ood_unseen_shape_crescent_zb03p1_E21p0;F3NCS_0369_ood_unseen_shape_lobed_zb02p7_E27p1;F3NCS_0370_ood_unseen_shape_crescent_zb07p7_E18p8;F3NCS_0371_ood_unseen_shape_lobed_zb02p8_E27p5;F3NCS_0372_ood_unseen_shape_lobed_zb02p3_E06p5;F3NCS_0373_ood_unseen_shape_lobed_zb04p9_E07p7;F3NCS_0374_ood_unseen_shape_lobed_zb07p3_E27p3;F3NCS_0375_ood_unseen_shape_crescent_zb03p4_E11p6;F3NCS_0376_ood_unseen_shape_crescent_zb04p0_E26p7;F3NCS_0377_ood_unseen_shape_crescent_zb06p5_E40p4;F3NCS_0378_ood_unseen_shape_crescent_zb05p4_E79p9;F3NCS_0379_ood_unseen_shape_crescent_zb06p4_E88p5;F3NCS_0380_ood_unseen_shape_lobed_zb03p5_E55p6;F3NCS_0381_ood_unseen_shape_crescent_zb04p9_E14p7;F3NCS_0382_ood_unseen_shape_crescent_zb05p9_E48p6;F3NCS_0383_ood_unseen_shape_crescent_zb05p4_E08p3,method2b_512_full_comsol_recalibrated_9model,fig3_true_ood,4,split_role/ood_split_family,ood_unseen_shape,230,38,64,0.0872107967734336,0.0,0.0,0.0,0.0,0.0,0.0,0.0,0.0,,0.5,0.1775236339253174,,0.0679894840727592,0.1045341491699218,0.0,,,,
vanilla_diffusion,0.4877148568630218,0.5001182714294258,6.018545571073379,0.0273769316845573,14.887282371520996,16.661970977512496,0.222854688858411,64,F3NCS_0320_ood_unseen_shape_lobed_zb03p8_E09p9;F3NCS_0321_ood_unseen_shape_crescent_zb03p5_E06p5;F3NCS_0322_ood_unseen_shape_crescent_zb07p2_E76p5;F3NCS_0323_ood_unseen_shape_crescent_zb03p5_E10p3;F3NCS_0324_ood_unseen_shape_crescent_zb02p9_E59p3;F3NCS_0325_ood_unseen_shape_lobed_zb01p6_E06p9;F3NCS_0326_ood_unseen_shape_lobed_zb06p1_E42p4;F3NCS_0327_ood_unseen_shape_crescent_zb03p1_E14p7;F3NCS_0328_ood_unseen_shape_lobed_zb03p1_E29p3;F3NCS_0329_ood_unseen_shape_lobed_zb05p7_E08p7;F3NCS_0330_ood_unseen_shape_lobed_zb02p8_E92p0;F3NCS_0331_ood_unseen_shape_crescent_zb03p2_E14p3;F3NCS_0332_ood_unseen_shape_lobed_zb02p8_E45p3;F3NCS_0333_ood_unseen_shape_lobed_zb03p4_E06p5;F3NCS_0334_ood_unseen_shape_crescent_zb03p1_E53p0;F3NCS_0335_ood_unseen_shape_crescent_zb02p9_E84p2;F3NCS_0336_ood_unseen_shape_crescent_zb07p2_E64p1;F3NCS_0337_ood_unseen_shape_lobed_zb03p4_E11p4;F3NCS_0338_ood_unseen_shape_crescent_zb06p8_E10p9;F3NCS_0339_ood_unseen_shape_lobed_zb04p2_E91p6;F3NCS_0340_ood_unseen_shape_crescent_zb03p8_E70p0;F3NCS_0341_ood_unseen_shape_lobed_zb04p9_E61p6;F3NCS_0342_ood_unseen_shape_crescent_zb05p1_E22p7;F3NCS_0343_ood_unseen_shape_lobed_zb07p1_E87p4;F3NCS_0344_ood_unseen_shape_crescent_zb03p6_E61p5;F3NCS_0345_ood_unseen_shape_crescent_zb06p9_E18p0;F3NCS_0346_ood_unseen_shape_lobed_zb01p8_E15p9;F3NCS_0347_ood_unseen_shape_lobed_zb02p8_E62p6;F3NCS_0348_ood_unseen_shape_lobed_zb05p0_E06p3;F3NCS_0349_ood_unseen_shape_lobed_zb03p4_E28p4;F3NCS_0350_ood_unseen_shape_lobed_zb06p0_E06p6;F3NCS_0351_ood_unseen_shape_crescent_zb06p3_E52p9;F3NCS_0352_ood_unseen_shape_lobed_zb05p6_E54p3;F3NCS_0353_ood_unseen_shape_lobed_zb02p2_E51p7;F3NCS_0354_ood_unseen_shape_crescent_zb05p4_E08p7;F3NCS_0355_ood_unseen_shape_crescent_zb07p5_E72p1;F3NCS_0356_ood_unseen_shape_lobed_zb07p8_E66p7;F3NCS_0357_ood_unseen_shape_lobed_zb03p8_E28p5;F3NCS_0358_ood_unseen_shape_lobed_zb05p7_E57p3;F3NCS_0359_ood_unseen_shape_crescent_zb07p1_E07p1;F3NCS_0360_ood_unseen_shape_lobed_zb06p1_E32p9;F3NCS_0361_ood_unseen_shape_crescent_zb07p0_E50p0;F3NCS_0362_ood_unseen_shape_lobed_zb07p0_E43p7;F3NCS_0363_ood_unseen_shape_crescent_zb04p4_E39p7;F3NCS_0364_ood_unseen_shape_lobed_zb03p1_E17p5;F3NCS_0365_ood_unseen_shape_crescent_zb04p6_E10p8;F3NCS_0366_ood_unseen_shape_crescent_zb01p4_E56p2;F3NCS_0367_ood_unseen_shape_crescent_zb02p6_E36p5;F3NCS_0368_ood_unseen_shape_crescent_zb03p1_E21p0;F3NCS_0369_ood_unseen_shape_lobed_zb02p7_E27p1;F3NCS_0370_ood_unseen_shape_crescent_zb07p7_E18p8;F3NCS_0371_ood_unseen_shape_lobed_zb02p8_E27p5;F3NCS_0372_ood_unseen_shape_lobed_zb02p3_E06p5;F3NCS_0373_ood_unseen_shape_lobed_zb04p9_E07p7;F3NCS_0374_ood_unseen_shape_lobed_zb07p3_E27p3;F3NCS_0375_ood_unseen_shape_crescent_zb03p4_E11p6;F3NCS_0376_ood_unseen_shape_crescent_zb04p0_E26p7;F3NCS_0377_ood_unseen_shape_crescent_zb06p5_E40p4;F3NCS_0378_ood_unseen_shape_crescent_zb05p4_E79p9;F3NCS_0379_ood_unseen_shape_crescent_zb06p4_E88p5;F3NCS_0380_ood_unseen_shape_lobed_zb03p5_E55p6;F3NCS_0381_ood_unseen_shape_crescent_zb04p9_E14p7;F3NCS_0382_ood_unseen_shape_crescent_zb05p9_E48p6;F3NCS_0383_ood_unseen_shape_crescent_zb05p4_E08p3,method2b_512_full_comsol_recalibrated_9model,fig3_true_ood,4,split_role/ood_split_family,ood_unseen_shape,230,38,64,0.4488517642021179,0.0119590759277343,0.077214241027832,0.0264663696289062,0.1773578226566314,0.0345687866210937,0.2348232716321945,0.04034423828125,0.2746119797229767,0.5113399169235325,0.9022257925482188,0.4221739734285794,6.037637933225201,0.0859908173221114,0.0706998109817504,0.0778826773166656,,,,
vanilla_diffusion_calibrated90,0.4877148568630218,0.5001183012246994,6.018545053598881,0.0273769812338287,14.88728141784668,16.661970977512496,0.2228546675752286,64,F3NCS_0320_ood_unseen_shape_lobed_zb03p8_E09p9;F3NCS_0321_ood_unseen_shape_crescent_zb03p5_E06p5;F3NCS_0322_ood_unseen_shape_crescent_zb07p2_E76p5;F3NCS_0323_ood_unseen_shape_crescent_zb03p5_E10p3;F3NCS_0324_ood_unseen_shape_crescent_zb02p9_E59p3;F3NCS_0325_ood_unseen_shape_lobed_zb01p6_E06p9;F3NCS_0326_ood_unseen_shape_lobed_zb06p1_E42p4;F3NCS_0327_ood_unseen_shape_crescent_zb03p1_E14p7;F3NCS_0328_ood_unseen_shape_lobed_zb03p1_E29p3;F3NCS_0329_ood_unseen_shape_lobed_zb05p7_E08p7;F3NCS_0330_ood_unseen_shape_lobed_zb02p8_E92p0;F3NCS_0331_ood_unseen_shape_crescent_zb03p2_E14p3;F3NCS_0332_ood_unseen_shape_lobed_zb02p8_E45p3;F3NCS_0333_ood_unseen_shape_lobed_zb03p4_E06p5;F3NCS_0334_ood_unseen_shape_crescent_zb03p1_E53p0;F3NCS_0335_ood_unseen_shape_crescent_zb02p9_E84p2;F3NCS_0336_ood_unseen_shape_crescent_zb07p2_E64p1;F3NCS_0337_ood_unseen_shape_lobed_zb03p4_E11p4;F3NCS_0338_ood_unseen_shape_crescent_zb06p8_E10p9;F3NCS_0339_ood_unseen_shape_lobed_zb04p2_E91p6;F3NCS_0340_ood_unseen_shape_crescent_zb03p8_E70p0;F3NCS_0341_ood_unseen_shape_lobed_zb04p9_E61p6;F3NCS_0342_ood_unseen_shape_crescent_zb05p1_E22p7;F3NCS_0343_ood_unseen_shape_lobed_zb07p1_E87p4;F3NCS_0344_ood_unseen_shape_crescent_zb03p6_E61p5;F3NCS_0345_ood_unseen_shape_crescent_zb06p9_E18p0;F3NCS_0346_ood_unseen_shape_lobed_zb01p8_E15p9;F3NCS_0347_ood_unseen_shape_lobed_zb02p8_E62p6;F3NCS_0348_ood_unseen_shape_lobed_zb05p0_E06p3;F3NCS_0349_ood_unseen_shape_lobed_zb03p4_E28p4;F3NCS_0350_ood_unseen_shape_lobed_zb06p0_E06p6;F3NCS_0351_ood_unseen_shape_crescent_zb06p3_E52p9;F3NCS_0352_ood_unseen_shape_lobed_zb05p6_E54p3;F3NCS_0353_ood_unseen_shape_lobed_zb02p2_E51p7;F3NCS_0354_ood_unseen_shape_crescent_zb05p4_E08p7;F3NCS_0355_ood_unseen_shape_crescent_zb07p5_E72p1;F3NCS_0356_ood_unseen_shape_lobed_zb07p8_E66p7;F3NCS_0357_ood_unseen_shape_lobed_zb03p8_E28p5;F3NCS_0358_ood_unseen_shape_lobed_zb05p7_E57p3;F3NCS_0359_ood_unseen_shape_crescent_zb07p1_E07p1;F3NCS_0360_ood_unseen_shape_lobed_zb06p1_E32p9;F3NCS_0361_ood_unseen_shape_crescent_zb07p0_E50p0;F3NCS_0362_ood_unseen_shape_lobed_zb07p0_E43p7;F3NCS_0363_ood_unseen_shape_crescent_zb04p4_E39p7;F3NCS_0364_ood_unseen_shape_lobed_zb03p1_E17p5;F3NCS_0365_ood_unseen_shape_crescent_zb04p6_E10p8;F3NCS_0366_ood_unseen_shape_crescent_zb01p4_E56p2;F3NCS_0367_ood_unseen_shape_crescent_zb02p6_E36p5;F3NCS_0368_ood_unseen_shape_crescent_zb03p1_E21p0;F3NCS_0369_ood_unseen_shape_lobed_zb02p7_E27p1;F3NCS_0370_ood_unseen_shape_crescent_zb07p7_E18p8;F3NCS_0371_ood_unseen_shape_lobed_zb02p8_E27p5;F3NCS_0372_ood_unseen_shape_lobed_zb02p3_E06p5;F3NCS_0373_ood_unseen_shape_lobed_zb04p9_E07p7;F3NCS_0374_ood_unseen_shape_lobed_zb07p3_E27p3;F3NCS_0375_ood_unseen_shape_crescent_zb03p4_E11p6;F3NCS_0376_ood_unseen_shape_crescent_zb04p0_E26p7;F3NCS_0377_ood_unseen_shape_crescent_zb06p5_E40p4;F3NCS_0378_ood_unseen_shape_crescent_zb05p4_E79p9;F3NCS_0379_ood_unseen_shape_crescent_zb06p4_E88p5;F3NCS_0380_ood_unseen_shape_lobed_zb03p5_E55p6;F3NCS_0381_ood_unseen_shape_crescent_zb04p9_E14p7;F3NCS_0382_ood_unseen_shape_crescent_zb05p9_E48p6;F3NCS_0383_ood_unseen_shape_crescent_zb05p4_E08p3,method2b_512_full_comsol_recalibrated_9model,fig3_true_ood,4,split_role/ood_split_family,ood_unseen_shape,230,38,64,0.2498520612716674,0.3405647277832031,0.7065069079399109,0.7748451232910156,1.6228160858154297,0.8945045471191406,2.148622512817383,0.9418373107910156,2.5126876831054688,0.5113399367411346,0.9022257952160156,0.2411162390187132,0.3150869480851327,0.0859908174647955,0.2524186372756958,0.7126230001449585,validation,0.9,9.14995574951172,
likelihood_guided_diffusion,0.4887586534023285,0.5013384487949204,5.997379741405567,0.0281257166789146,14.94552230834961,16.69442959469378,0.2321090280709256,64,F3NCS_0320_ood_unseen_shape_lobed_zb03p8_E09p9;F3NCS_0321_ood_unseen_shape_crescent_zb03p5_E06p5;F3NCS_0322_ood_unseen_shape_crescent_zb07p2_E76p5;F3NCS_0323_ood_unseen_shape_crescent_zb03p5_E10p3;F3NCS_0324_ood_unseen_shape_crescent_zb02p9_E59p3;F3NCS_0325_ood_unseen_shape_lobed_zb01p6_E06p9;F3NCS_0326_ood_unseen_shape_lobed_zb06p1_E42p4;F3NCS_0327_ood_unseen_shape_crescent_zb03p1_E14p7;F3NCS_0328_ood_unseen_shape_lobed_zb03p1_E29p3;F3NCS_0329_ood_unseen_shape_lobed_zb05p7_E08p7;F3NCS_0330_ood_unseen_shape_lobed_zb02p8_E92p0;F3NCS_0331_ood_unseen_shape_crescent_zb03p2_E14p3;F3NCS_0332_ood_unseen_shape_lobed_zb02p8_E45p3;F3NCS_0333_ood_unseen_shape_lobed_zb03p4_E06p5;F3NCS_0334_ood_unseen_shape_crescent_zb03p1_E53p0;F3NCS_0335_ood_unseen_shape_crescent_zb02p9_E84p2;F3NCS_0336_ood_unseen_shape_crescent_zb07p2_E64p1;F3NCS_0337_ood_unseen_shape_lobed_zb03p4_E11p4;F3NCS_0338_ood_unseen_shape_crescent_zb06p8_E10p9;F3NCS_0339_ood_unseen_shape_lobed_zb04p2_E91p6;F3NCS_0340_ood_unseen_shape_crescent_zb03p8_E70p0;F3NCS_0341_ood_unseen_shape_lobed_zb04p9_E61p6;F3NCS_0342_ood_unseen_shape_crescent_zb05p1_E22p7;F3NCS_0343_ood_unseen_shape_lobed_zb07p1_E87p4;F3NCS_0344_ood_unseen_shape_crescent_zb03p6_E61p5;F3NCS_0345_ood_unseen_shape_crescent_zb06p9_E18p0;F3NCS_0346_ood_unseen_shape_lobed_zb01p8_E15p9;F3NCS_0347_ood_unseen_shape_lobed_zb02p8_E62p6;F3NCS_0348_ood_unseen_shape_lobed_zb05p0_E06p3;F3NCS_0349_ood_unseen_shape_lobed_zb03p4_E28p4;F3NCS_0350_ood_unseen_shape_lobed_zb06p0_E06p6;F3NCS_0351_ood_unseen_shape_crescent_zb06p3_E52p9;F3NCS_0352_ood_unseen_shape_lobed_zb05p6_E54p3;F3NCS_0353_ood_unseen_shape_lobed_zb02p2_E51p7;F3NCS_0354_ood_unseen_shape_crescent_zb05p4_E08p7;F3NCS_0355_ood_unseen_shape_crescent_zb07p5_E72p1;F3NCS_0356_ood_unseen_shape_lobed_zb07p8_E66p7;F3NCS_0357_ood_unseen_shape_lobed_zb03p8_E28p5;F3NCS_0358_ood_unseen_shape_lobed_zb05p7_E57p3;F3NCS_0359_ood_unseen_shape_crescent_zb07p1_E07p1;F3NCS_0360_ood_unseen_shape_lobed_zb06p1_E32p9;F3NCS_0361_ood_unseen_shape_crescent_zb07p0_E50p0;F3NCS_0362_ood_unseen_shape_lobed_zb07p0_E43p7;F3NCS_0363_ood_unseen_shape_crescent_zb04p4_E39p7;F3NCS_0364_ood_unseen_shape_lobed_zb03p1_E17p5;F3NCS_0365_ood_unseen_shape_crescent_zb04p6_E10p8;F3NCS_0366_ood_unseen_shape_crescent_zb01p4_E56p2;F3NCS_0367_ood_unseen_shape_crescent_zb02p6_E36p5;F3NCS_0368_ood_unseen_shape_crescent_zb03p1_E21p0;F3NCS_0369_ood_unseen_shape_lobed_zb02p7_E27p1;F3NCS_0370_ood_unseen_shape_crescent_zb07p7_E18p8;F3NCS_0371_ood_unseen_shape_lobed_zb02p8_E27p5;F3NCS_0372_ood_unseen_shape_lobed_zb02p3_E06p5;F3NCS_0373_ood_unseen_shape_lobed_zb04p9_E07p7;F3NCS_0374_ood_unseen_shape_lobed_zb07p3_E27p3;F3NCS_0375_ood_unseen_shape_crescent_zb03p4_E11p6;F3NCS_0376_ood_unseen_shape_crescent_zb04p0_E26p7;F3NCS_0377_ood_unseen_shape_crescent_zb06p5_E40p4;F3NCS_0378_ood_unseen_shape_crescent_zb05p4_E79p9;F3NCS_0379_ood_unseen_shape_crescent_zb06p4_E88p5;F3NCS_0380_ood_unseen_shape_lobed_zb03p5_E55p6;F3NCS_0381_ood_unseen_shape_crescent_zb04p9_E14p7;F3NCS_0382_ood_unseen_shape_crescent_zb05p9_E48p6;F3NCS_0383_ood_unseen_shape_crescent_zb05p4_E08p3,method2b_512_full_comsol_recalibrated_9model,fig3_true_ood,4,split_role/ood_split_family,ood_unseen_shape,230,38,64,0.4496536254882812,0.0122566223144531,0.0780379995703697,0.0272369384765625,0.1786128133535385,0.0353164672851562,0.2359889298677444,0.0409660339355468,0.2760208249092102,0.5117493685655066,0.9021718577801672,0.4229388378574667,6.003019203651247,0.0865297371652813,0.0704820156097412,0.0783358365297317,,,,
likelihood_guided_diffusion_calibrated90,0.4887586236000061,0.5013384487949204,5.997379741405567,0.0281257683964213,14.945521354675291,16.69442959469378,0.2321090360691363,64,F3NCS_0320_ood_unseen_shape_lobed_zb03p8_E09p9;F3NCS_0321_ood_unseen_shape_crescent_zb03p5_E06p5;F3NCS_0322_ood_unseen_shape_crescent_zb07p2_E76p5;F3NCS_0323_ood_unseen_shape_crescent_zb03p5_E10p3;F3NCS_0324_ood_unseen_shape_crescent_zb02p9_E59p3;F3NCS_0325_ood_unseen_shape_lobed_zb01p6_E06p9;F3NCS_0326_ood_unseen_shape_lobed_zb06p1_E42p4;F3NCS_0327_ood_unseen_shape_crescent_zb03p1_E14p7;F3NCS_0328_ood_unseen_shape_lobed_zb03p1_E29p3;F3NCS_0329_ood_unseen_shape_lobed_zb05p7_E08p7;F3NCS_0330_ood_unseen_shape_lobed_zb02p8_E92p0;F3NCS_0331_ood_unseen_shape_crescent_zb03p2_E14p3;F3NCS_0332_ood_unseen_shape_lobed_zb02p8_E45p3;F3NCS_0333_ood_unseen_shape_lobed_zb03p4_E06p5;F3NCS_0334_ood_unseen_shape_crescent_zb03p1_E53p0;F3NCS_0335_ood_unseen_shape_crescent_zb02p9_E84p2;F3NCS_0336_ood_unseen_shape_crescent_zb07p2_E64p1;F3NCS_0337_ood_unseen_shape_lobed_zb03p4_E11p4;F3NCS_0338_ood_unseen_shape_crescent_zb06p8_E10p9;F3NCS_0339_ood_unseen_shape_lobed_zb04p2_E91p6;F3NCS_0340_ood_unseen_shape_crescent_zb03p8_E70p0;F3NCS_0341_ood_unseen_shape_lobed_zb04p9_E61p6;F3NCS_0342_ood_unseen_shape_crescent_zb05p1_E22p7;F3NCS_0343_ood_unseen_shape_lobed_zb07p1_E87p4;F3NCS_0344_ood_unseen_shape_crescent_zb03p6_E61p5;F3NCS_0345_ood_unseen_shape_crescent_zb06p9_E18p0;F3NCS_0346_ood_unseen_shape_lobed_zb01p8_E15p9;F3NCS_0347_ood_unseen_shape_lobed_zb02p8_E62p6;F3NCS_0348_ood_unseen_shape_lobed_zb05p0_E06p3;F3NCS_0349_ood_unseen_shape_lobed_zb03p4_E28p4;F3NCS_0350_ood_unseen_shape_lobed_zb06p0_E06p6;F3NCS_0351_ood_unseen_shape_crescent_zb06p3_E52p9;F3NCS_0352_ood_unseen_shape_lobed_zb05p6_E54p3;F3NCS_0353_ood_unseen_shape_lobed_zb02p2_E51p7;F3NCS_0354_ood_unseen_shape_crescent_zb05p4_E08p7;F3NCS_0355_ood_unseen_shape_crescent_zb07p5_E72p1;F3NCS_0356_ood_unseen_shape_lobed_zb07p8_E66p7;F3NCS_0357_ood_unseen_shape_lobed_zb03p8_E28p5;F3NCS_0358_ood_unseen_shape_lobed_zb05p7_E57p3;F3NCS_0359_ood_unseen_shape_crescent_zb07p1_E07p1;F3NCS_0360_ood_unseen_shape_lobed_zb06p1_E32p9;F3NCS_0361_ood_unseen_shape_crescent_zb07p0_E50p0;F3NCS_0362_ood_unseen_shape_lobed_zb07p0_E43p7;F3NCS_0363_ood_unseen_shape_crescent_zb04p4_E39p7;F3NCS_0364_ood_unseen_shape_lobed_zb03p1_E17p5;F3NCS_0365_ood_unseen_shape_crescent_zb04p6_E10p8;F3NCS_0366_ood_unseen_shape_crescent_zb01p4_E56p2;F3NCS_0367_ood_unseen_shape_crescent_zb02p6_E36p5;F3NCS_0368_ood_unseen_shape_crescent_zb03p1_E21p0;F3NCS_0369_ood_unseen_shape_lobed_zb02p7_E27p1;F3NCS_0370_ood_unseen_shape_crescent_zb07p7_E18p8;F3NCS_0371_ood_unseen_shape_lobed_zb02p8_E27p5;F3NCS_0372_ood_unseen_shape_lobed_zb02p3_E06p5;F3NCS_0373_ood_unseen_shape_lobed_zb04p9_E07p7;F3NCS_0374_ood_unseen_shape_lobed_zb07p3_E27p3;F3NCS_0375_ood_unseen_shape_crescent_zb03p4_E11p6;F3NCS_0376_ood_unseen_shape_crescent_zb04p0_E26p7;F3NCS_0377_ood_unseen_shape_crescent_zb06p5_E40p4;F3NCS_0378_ood_unseen_shape_crescent_zb05p4_E79p9;F3NCS_0379_ood_unseen_shape_crescent_zb06p4_E88p5;F3NCS_0380_ood_unseen_shape_lobed_zb03p5_E55p6;F3NCS_0381_ood_unseen_shape_crescent_zb04p9_E14p7;F3NCS_0382_ood_unseen_shape_crescent_zb05p9_E48p6;F3NCS_0383_ood_unseen_shape_crescent_zb05p4_E08p3,method2b_512_full_comsol_recalibrated_9model,fig3_true_ood,4,split_role/ood_split_family,ood_unseen_shape,230,38,64,0.2504363656044006,0.3506317138671875,0.7147226929664612,0.7775726318359375,1.6358520984649658,0.8964462280273438,2.16133975982666,0.9427375793457032,2.5279781818389893,0.5117493755708282,0.9021791238078332,0.2427998138869054,0.3120381403093785,0.0865297368123603,0.2535405158996582,0.7174503803253174,validation,0.9,9.158649444580078,
prior_init_diffusion_unet,0.089677482843399,0.181487295592804,14.823075417742164,0.2058367371791973,3.473111391067505,11.55359269449943,0.4542868972508371,64,F3NCS_0320_ood_unseen_shape_lobed_zb03p8_E09p9;F3NCS_0321_ood_unseen_shape_crescent_zb03p5_E06p5;F3NCS_0322_ood_unseen_shape_crescent_zb07p2_E76p5;F3NCS_0323_ood_unseen_shape_crescent_zb03p5_E10p3;F3NCS_0324_ood_unseen_shape_crescent_zb02p9_E59p3;F3NCS_0325_ood_unseen_shape_lobed_zb01p6_E06p9;F3NCS_0326_ood_unseen_shape_lobed_zb06p1_E42p4;F3NCS_0327_ood_unseen_shape_crescent_zb03p1_E14p7;F3NCS_0328_ood_unseen_shape_lobed_zb03p1_E29p3;F3NCS_0329_ood_unseen_shape_lobed_zb05p7_E08p7;F3NCS_0330_ood_unseen_shape_lobed_zb02p8_E92p0;F3NCS_0331_ood_unseen_shape_crescent_zb03p2_E14p3;F3NCS_0332_ood_unseen_shape_lobed_zb02p8_E45p3;F3NCS_0333_ood_unseen_shape_lobed_zb03p4_E06p5;F3NCS_0334_ood_unseen_shape_crescent_zb03p1_E53p0;F3NCS_0335_ood_unseen_shape_crescent_zb02p9_E84p2;F3NCS_0336_ood_unseen_shape_crescent_zb07p2_E64p1;F3NCS_0337_ood_unseen_shape_lobed_zb03p4_E11p4;F3NCS_0338_ood_unseen_shape_crescent_zb06p8_E10p9;F3NCS_0339_ood_unseen_shape_lobed_zb04p2_E91p6;F3NCS_0340_ood_unseen_shape_crescent_zb03p8_E70p0;F3NCS_0341_ood_unseen_shape_lobed_zb04p9_E61p6;F3NCS_0342_ood_unseen_shape_crescent_zb05p1_E22p7;F3NCS_0343_ood_unseen_shape_lobed_zb07p1_E87p4;F3NCS_0344_ood_unseen_shape_crescent_zb03p6_E61p5;F3NCS_0345_ood_unseen_shape_crescent_zb06p9_E18p0;F3NCS_0346_ood_unseen_shape_lobed_zb01p8_E15p9;F3NCS_0347_ood_unseen_shape_lobed_zb02p8_E62p6;F3NCS_0348_ood_unseen_shape_lobed_zb05p0_E06p3;F3NCS_0349_ood_unseen_shape_lobed_zb03p4_E28p4;F3NCS_0350_ood_unseen_shape_lobed_zb06p0_E06p6;F3NCS_0351_ood_unseen_shape_crescent_zb06p3_E52p9;F3NCS_0352_ood_unseen_shape_lobed_zb05p6_E54p3;F3NCS_0353_ood_unseen_shape_lobed_zb02p2_E51p7;F3NCS_0354_ood_unseen_shape_crescent_zb05p4_E08p7;F3NCS_0355_ood_unseen_shape_crescent_zb07p5_E72p1;F3NCS_0356_ood_unseen_shape_lobed_zb07p8_E66p7;F3NCS_0357_ood_unseen_shape_lobed_zb03p8_E28p5;F3NCS_0358_ood_unseen_shape_lobed_zb05p7_E57p3;F3NCS_0359_ood_unseen_shape_crescent_zb07p1_E07p1;F3NCS_0360_ood_unseen_shape_lobed_zb06p1_E32p9;F3NCS_0361_ood_unseen_shape_crescent_zb07p0_E50p0;F3NCS_0362_ood_unseen_shape_lobed_zb07p0_E43p7;F3NCS_0363_ood_unseen_shape_crescent_zb04p4_E39p7;F3NCS_0364_ood_unseen_shape_lobed_zb03p1_E17p5;F3NCS_0365_ood_unseen_shape_crescent_zb04p6_E10p8;F3NCS_0366_ood_unseen_shape_crescent_zb01p4_E56p2;F3NCS_0367_ood_unseen_shape_crescent_zb02p6_E36p5;F3NCS_0368_ood_unseen_shape_crescent_zb03p1_E21p0;F3NCS_0369_ood_unseen_shape_lobed_zb02p7_E27p1;F3NCS_0370_ood_unseen_shape_crescent_zb07p7_E18p8;F3NCS_0371_ood_unseen_shape_lobed_zb02p8_E27p5;F3NCS_0372_ood_unseen_shape_lobed_zb02p3_E06p5;F3NCS_0373_ood_unseen_shape_lobed_zb04p9_E07p7;F3NCS_0374_ood_unseen_shape_lobed_zb07p3_E27p3;F3NCS_0375_ood_unseen_shape_crescent_zb03p4_E11p6;F3NCS_0376_ood_unseen_shape_crescent_zb04p0_E26p7;F3NCS_0377_ood_unseen_shape_crescent_zb06p5_E40p4;F3NCS_0378_ood_unseen_shape_crescent_zb05p4_E79p9;F3NCS_0379_ood_unseen_shape_crescent_zb06p4_E88p5;F3NCS_0380_ood_unseen_shape_lobed_zb03p5_E55p6;F3NCS_0381_ood_unseen_shape_crescent_zb04p9_E14p7;F3NCS_0382_ood_unseen_shape_crescent_zb05p9_E48p6;F3NCS_0383_ood_unseen_shape_crescent_zb05p4_E08p3,method2b_512_full_comsol_recalibrated_9model,fig3_true_ood,4,split_role/ood_split_family,ood_unseen_shape,230,38,64,0.0849658995866775,0.0032234191894531,0.0111456783488392,0.0059623718261718,0.0208400804549455,0.0096588134765625,0.0262803211808204,0.0163154602050781,0.0303550455719232,0.6148688163399623,0.7988799250079396,0.153248940206615,18.42993023345904,0.0194249744816039,0.1065822839736938,0.0084934076294302,,,,
prior_init_diffusion_unet_calibrated90,0.0896774902939796,0.181487295592804,14.823075417742164,0.205836680252105,3.473111629486084,11.55359269449943,0.4542869018231277,64,F3NCS_0320_ood_unseen_shape_lobed_zb03p8_E09p9;F3NCS_0321_ood_unseen_shape_crescent_zb03p5_E06p5;F3NCS_0322_ood_unseen_shape_crescent_zb07p2_E76p5;F3NCS_0323_ood_unseen_shape_crescent_zb03p5_E10p3;F3NCS_0324_ood_unseen_shape_crescent_zb02p9_E59p3;F3NCS_0325_ood_unseen_shape_lobed_zb01p6_E06p9;F3NCS_0326_ood_unseen_shape_lobed_zb06p1_E42p4;F3NCS_0327_ood_unseen_shape_crescent_zb03p1_E14p7;F3NCS_0328_ood_unseen_shape_lobed_zb03p1_E29p3;F3NCS_0329_ood_unseen_shape_lobed_zb05p7_E08p7;F3NCS_0330_ood_unseen_shape_lobed_zb02p8_E92p0;F3NCS_0331_ood_unseen_shape_crescent_zb03p2_E14p3;F3NCS_0332_ood_unseen_shape_lobed_zb02p8_E45p3;F3NCS_0333_ood_unseen_shape_lobed_zb03p4_E06p5;F3NCS_0334_ood_unseen_shape_crescent_zb03p1_E53p0;F3NCS_0335_ood_unseen_shape_crescent_zb02p9_E84p2;F3NCS_0336_ood_unseen_shape_crescent_zb07p2_E64p1;F3NCS_0337_ood_unseen_shape_lobed_zb03p4_E11p4;F3NCS_0338_ood_unseen_shape_crescent_zb06p8_E10p9;F3NCS_0339_ood_unseen_shape_lobed_zb04p2_E91p6;F3NCS_0340_ood_unseen_shape_crescent_zb03p8_E70p0;F3NCS_0341_ood_unseen_shape_lobed_zb04p9_E61p6;F3NCS_0342_ood_unseen_shape_crescent_zb05p1_E22p7;F3NCS_0343_ood_unseen_shape_lobed_zb07p1_E87p4;F3NCS_0344_ood_unseen_shape_crescent_zb03p6_E61p5;F3NCS_0345_ood_unseen_shape_crescent_zb06p9_E18p0;F3NCS_0346_ood_unseen_shape_lobed_zb01p8_E15p9;F3NCS_0347_ood_unseen_shape_lobed_zb02p8_E62p6;F3NCS_0348_ood_unseen_shape_lobed_zb05p0_E06p3;F3NCS_0349_ood_unseen_shape_lobed_zb03p4_E28p4;F3NCS_0350_ood_unseen_shape_lobed_zb06p0_E06p6;F3NCS_0351_ood_unseen_shape_crescent_zb06p3_E52p9;F3NCS_0352_ood_unseen_shape_lobed_zb05p6_E54p3;F3NCS_0353_ood_unseen_shape_lobed_zb02p2_E51p7;F3NCS_0354_ood_unseen_shape_crescent_zb05p4_E08p7;F3NCS_0355_ood_unseen_shape_crescent_zb07p5_E72p1;F3NCS_0356_ood_unseen_shape_lobed_zb07p8_E66p7;F3NCS_0357_ood_unseen_shape_lobed_zb03p8_E28p5;F3NCS_0358_ood_unseen_shape_lobed_zb05p7_E57p3;F3NCS_0359_ood_unseen_shape_crescent_zb07p1_E07p1;F3NCS_0360_ood_unseen_shape_lobed_zb06p1_E32p9;F3NCS_0361_ood_unseen_shape_crescent_zb07p0_E50p0;F3NCS_0362_ood_unseen_shape_lobed_zb07p0_E43p7;F3NCS_0363_ood_unseen_shape_crescent_zb04p4_E39p7;F3NCS_0364_ood_unseen_shape_lobed_zb03p1_E17p5;F3NCS_0365_ood_unseen_shape_crescent_zb04p6_E10p8;F3NCS_0366_ood_unseen_shape_crescent_zb01p4_E56p2;F3NCS_0367_ood_unseen_shape_crescent_zb02p6_E36p5;F3NCS_0368_ood_unseen_shape_crescent_zb03p1_E21p0;F3NCS_0369_ood_unseen_shape_lobed_zb02p7_E27p1;F3NCS_0370_ood_unseen_shape_crescent_zb07p7_E18p8;F3NCS_0371_ood_unseen_shape_lobed_zb02p8_E27p5;F3NCS_0372_ood_unseen_shape_lobed_zb02p3_E06p5;F3NCS_0373_ood_unseen_shape_lobed_zb04p9_E07p7;F3NCS_0374_ood_unseen_shape_lobed_zb07p3_E27p3;F3NCS_0375_ood_unseen_shape_crescent_zb03p4_E11p6;F3NCS_0376_ood_unseen_shape_crescent_zb04p0_E26p7;F3NCS_0377_ood_unseen_shape_crescent_zb06p5_E40p4;F3NCS_0378_ood_unseen_shape_crescent_zb05p4_E79p9;F3NCS_0379_ood_unseen_shape_crescent_zb06p4_E88p5;F3NCS_0380_ood_unseen_shape_lobed_zb03p5_E55p6;F3NCS_0381_ood_unseen_shape_crescent_zb04p9_E14p7;F3NCS_0382_ood_unseen_shape_crescent_zb05p9_E48p6;F3NCS_0383_ood_unseen_shape_crescent_zb05p4_E08p3,method2b_512_full_comsol_recalibrated_9model,fig3_true_ood,4,split_role/ood_split_family,ood_unseen_shape,230,38,64,0.0735783874988555,0.7986984252929688,0.134252443909645,0.8571243286132812,0.2510238885879516,0.8815193176269531,0.3165528774261474,0.8976860046386719,0.3656339943408966,0.6148688030985962,0.7988799246845703,0.0594371624079256,0.613078719309095,0.0194249745879225,0.4102269411087036,0.1023051813244819,validation,0.9,12.045246124267578,
residual_likelihood_guided_diffusion,0.0896861404180526,0.1814392778688606,14.8253738256504,0.2055135436821729,3.472339630126953,11.551465517016458,0.4536214274596951,64,F3NCS_0320_ood_unseen_shape_lobed_zb03p8_E09p9;F3NCS_0321_ood_unseen_shape_crescent_zb03p5_E06p5;F3NCS_0322_ood_unseen_shape_crescent_zb07p2_E76p5;F3NCS_0323_ood_unseen_shape_crescent_zb03p5_E10p3;F3NCS_0324_ood_unseen_shape_crescent_zb02p9_E59p3;F3NCS_0325_ood_unseen_shape_lobed_zb01p6_E06p9;F3NCS_0326_ood_unseen_shape_lobed_zb06p1_E42p4;F3NCS_0327_ood_unseen_shape_crescent_zb03p1_E14p7;F3NCS_0328_ood_unseen_shape_lobed_zb03p1_E29p3;F3NCS_0329_ood_unseen_shape_lobed_zb05p7_E08p7;F3NCS_0330_ood_unseen_shape_lobed_zb02p8_E92p0;F3NCS_0331_ood_unseen_shape_crescent_zb03p2_E14p3;F3NCS_0332_ood_unseen_shape_lobed_zb02p8_E45p3;F3NCS_0333_ood_unseen_shape_lobed_zb03p4_E06p5;F3NCS_0334_ood_unseen_shape_crescent_zb03p1_E53p0;F3NCS_0335_ood_unseen_shape_crescent_zb02p9_E84p2;F3NCS_0336_ood_unseen_shape_crescent_zb07p2_E64p1;F3NCS_0337_ood_unseen_shape_lobed_zb03p4_E11p4;F3NCS_0338_ood_unseen_shape_crescent_zb06p8_E10p9;F3NCS_0339_ood_unseen_shape_lobed_zb04p2_E91p6;F3NCS_0340_ood_unseen_shape_crescent_zb03p8_E70p0;F3NCS_0341_ood_unseen_shape_lobed_zb04p9_E61p6;F3NCS_0342_ood_unseen_shape_crescent_zb05p1_E22p7;F3NCS_0343_ood_unseen_shape_lobed_zb07p1_E87p4;F3NCS_0344_ood_unseen_shape_crescent_zb03p6_E61p5;F3NCS_0345_ood_unseen_shape_crescent_zb06p9_E18p0;F3NCS_0346_ood_unseen_shape_lobed_zb01p8_E15p9;F3NCS_0347_ood_unseen_shape_lobed_zb02p8_E62p6;F3NCS_0348_ood_unseen_shape_lobed_zb05p0_E06p3;F3NCS_0349_ood_unseen_shape_lobed_zb03p4_E28p4;F3NCS_0350_ood_unseen_shape_lobed_zb06p0_E06p6;F3NCS_0351_ood_unseen_shape_crescent_zb06p3_E52p9;F3NCS_0352_ood_unseen_shape_lobed_zb05p6_E54p3;F3NCS_0353_ood_unseen_shape_lobed_zb02p2_E51p7;F3NCS_0354_ood_unseen_shape_crescent_zb05p4_E08p7;F3NCS_0355_ood_unseen_shape_crescent_zb07p5_E72p1;F3NCS_0356_ood_unseen_shape_lobed_zb07p8_E66p7;F3NCS_0357_ood_unseen_shape_lobed_zb03p8_E28p5;F3NCS_0358_ood_unseen_shape_lobed_zb05p7_E57p3;F3NCS_0359_ood_unseen_shape_crescent_zb07p1_E07p1;F3NCS_0360_ood_unseen_shape_lobed_zb06p1_E32p9;F3NCS_0361_ood_unseen_shape_crescent_zb07p0_E50p0;F3NCS_0362_ood_unseen_shape_lobed_zb07p0_E43p7;F3NCS_0363_ood_unseen_shape_crescent_zb04p4_E39p7;F3NCS_0364_ood_unseen_shape_lobed_zb03p1_E17p5;F3NCS_0365_ood_unseen_shape_crescent_zb04p6_E10p8;F3NCS_0366_ood_unseen_shape_crescent_zb01p4_E56p2;F3NCS_0367_ood_unseen_shape_crescent_zb02p6_E36p5;F3NCS_0368_ood_unseen_shape_crescent_zb03p1_E21p0;F3NCS_0369_ood_unseen_shape_lobed_zb02p7_E27p1;F3NCS_0370_ood_unseen_shape_crescent_zb07p7_E18p8;F3NCS_0371_ood_unseen_shape_lobed_zb02p8_E27p5;F3NCS_0372_ood_unseen_shape_lobed_zb02p3_E06p5;F3NCS_0373_ood_unseen_shape_lobed_zb04p9_E07p7;F3NCS_0374_ood_unseen_shape_lobed_zb07p3_E27p3;F3NCS_0375_ood_unseen_shape_crescent_zb03p4_E11p6;F3NCS_0376_ood_unseen_shape_crescent_zb04p0_E26p7;F3NCS_0377_ood_unseen_shape_crescent_zb06p5_E40p4;F3NCS_0378_ood_unseen_shape_crescent_zb05p4_E79p9;F3NCS_0379_ood_unseen_shape_crescent_zb06p4_E88p5;F3NCS_0380_ood_unseen_shape_lobed_zb03p5_E55p6;F3NCS_0381_ood_unseen_shape_crescent_zb04p9_E14p7;F3NCS_0382_ood_unseen_shape_crescent_zb05p9_E48p6;F3NCS_0383_ood_unseen_shape_crescent_zb05p4_E08p3,method2b_512_full_comsol_recalibrated_9model,fig3_true_ood,4,split_role/ood_split_family,ood_unseen_shape,230,38,64,0.0849722102284431,0.0031700134277343,0.0111581068485975,0.0060310363769531,0.0208556205034255,0.0096588134765625,0.0262972544878721,0.0161285400390625,0.0303662233054637,0.6140703620613199,0.7969694774460279,0.1533124637748056,18.4517598614318,0.0198155818853496,0.1065320968627929,0.0084981862455606,,,,
residual_likelihood_guided_diffusion_calibrated90,0.0896861404180526,0.1814392778688606,14.8253738256504,0.2055135377449914,3.472339630126953,11.551465517016458,0.4536214287025344,64,F3NCS_0320_ood_unseen_shape_lobed_zb03p8_E09p9;F3NCS_0321_ood_unseen_shape_crescent_zb03p5_E06p5;F3NCS_0322_ood_unseen_shape_crescent_zb07p2_E76p5;F3NCS_0323_ood_unseen_shape_crescent_zb03p5_E10p3;F3NCS_0324_ood_unseen_shape_crescent_zb02p9_E59p3;F3NCS_0325_ood_unseen_shape_lobed_zb01p6_E06p9;F3NCS_0326_ood_unseen_shape_lobed_zb06p1_E42p4;F3NCS_0327_ood_unseen_shape_crescent_zb03p1_E14p7;F3NCS_0328_ood_unseen_shape_lobed_zb03p1_E29p3;F3NCS_0329_ood_unseen_shape_lobed_zb05p7_E08p7;F3NCS_0330_ood_unseen_shape_lobed_zb02p8_E92p0;F3NCS_0331_ood_unseen_shape_crescent_zb03p2_E14p3;F3NCS_0332_ood_unseen_shape_lobed_zb02p8_E45p3;F3NCS_0333_ood_unseen_shape_lobed_zb03p4_E06p5;F3NCS_0334_ood_unseen_shape_crescent_zb03p1_E53p0;F3NCS_0335_ood_unseen_shape_crescent_zb02p9_E84p2;F3NCS_0336_ood_unseen_shape_crescent_zb07p2_E64p1;F3NCS_0337_ood_unseen_shape_lobed_zb03p4_E11p4;F3NCS_0338_ood_unseen_shape_crescent_zb06p8_E10p9;F3NCS_0339_ood_unseen_shape_lobed_zb04p2_E91p6;F3NCS_0340_ood_unseen_shape_crescent_zb03p8_E70p0;F3NCS_0341_ood_unseen_shape_lobed_zb04p9_E61p6;F3NCS_0342_ood_unseen_shape_crescent_zb05p1_E22p7;F3NCS_0343_ood_unseen_shape_lobed_zb07p1_E87p4;F3NCS_0344_ood_unseen_shape_crescent_zb03p6_E61p5;F3NCS_0345_ood_unseen_shape_crescent_zb06p9_E18p0;F3NCS_0346_ood_unseen_shape_lobed_zb01p8_E15p9;F3NCS_0347_ood_unseen_shape_lobed_zb02p8_E62p6;F3NCS_0348_ood_unseen_shape_lobed_zb05p0_E06p3;F3NCS_0349_ood_unseen_shape_lobed_zb03p4_E28p4;F3NCS_0350_ood_unseen_shape_lobed_zb06p0_E06p6;F3NCS_0351_ood_unseen_shape_crescent_zb06p3_E52p9;F3NCS_0352_ood_unseen_shape_lobed_zb05p6_E54p3;F3NCS_0353_ood_unseen_shape_lobed_zb02p2_E51p7;F3NCS_0354_ood_unseen_shape_crescent_zb05p4_E08p7;F3NCS_0355_ood_unseen_shape_crescent_zb07p5_E72p1;F3NCS_0356_ood_unseen_shape_lobed_zb07p8_E66p7;F3NCS_0357_ood_unseen_shape_lobed_zb03p8_E28p5;F3NCS_0358_ood_unseen_shape_lobed_zb05p7_E57p3;F3NCS_0359_ood_unseen_shape_crescent_zb07p1_E07p1;F3NCS_0360_ood_unseen_shape_lobed_zb06p1_E32p9;F3NCS_0361_ood_unseen_shape_crescent_zb07p0_E50p0;F3NCS_0362_ood_unseen_shape_lobed_zb07p0_E43p7;F3NCS_0363_ood_unseen_shape_crescent_zb04p4_E39p7;F3NCS_0364_ood_unseen_shape_lobed_zb03p1_E17p5;F3NCS_0365_ood_unseen_shape_crescent_zb04p6_E10p8;F3NCS_0366_ood_unseen_shape_crescent_zb01p4_E56p2;F3NCS_0367_ood_unseen_shape_crescent_zb02p6_E36p5;F3NCS_0368_ood_unseen_shape_crescent_zb03p1_E21p0;F3NCS_0369_ood_unseen_shape_lobed_zb02p7_E27p1;F3NCS_0370_ood_unseen_shape_crescent_zb07p7_E18p8;F3NCS_0371_ood_unseen_shape_lobed_zb02p8_E27p5;F3NCS_0372_ood_unseen_shape_lobed_zb02p3_E06p5;F3NCS_0373_ood_unseen_shape_lobed_zb04p9_E07p7;F3NCS_0374_ood_unseen_shape_lobed_zb07p3_E27p3;F3NCS_0375_ood_unseen_shape_crescent_zb03p4_E11p6;F3NCS_0376_ood_unseen_shape_crescent_zb04p0_E26p7;F3NCS_0377_ood_unseen_shape_crescent_zb06p5_E40p4;F3NCS_0378_ood_unseen_shape_crescent_zb05p4_E79p9;F3NCS_0379_ood_unseen_shape_crescent_zb06p4_E88p5;F3NCS_0380_ood_unseen_shape_lobed_zb03p5_E55p6;F3NCS_0381_ood_unseen_shape_crescent_zb04p9_E14p7;F3NCS_0382_ood_unseen_shape_crescent_zb05p9_E48p6;F3NCS_0383_ood_unseen_shape_crescent_zb05p4_E08p3,method2b_512_full_comsol_recalibrated_9model,fig3_true_ood,4,split_role/ood_split_family,ood_unseen_shape,230,38,64,0.0736092701554298,0.7983169555664062,0.1345368474721908,0.8573455810546875,0.2514628469944,0.8816871643066406,0.3170743882656097,0.8977165222167969,0.3661352694034576,0.614070352794146,0.7969694775268702,0.059345312405231,0.6132740934862517,0.0198155819312548,0.4103325605392456,0.1024653315544128,validation,0.9,12.057318687438965,
explicit_residual_target_diffusion,0.1031925454735755,0.182731612968691,14.763726245046904,0.1331492601893842,3.643374919891357,11.564879796268894,0.4508854519309695,64,F3NCS_0320_ood_unseen_shape_lobed_zb03p8_E09p9;F3NCS_0321_ood_unseen_shape_crescent_zb03p5_E06p5;F3NCS_0322_ood_unseen_shape_crescent_zb07p2_E76p5;F3NCS_0323_ood_unseen_shape_crescent_zb03p5_E10p3;F3NCS_0324_ood_unseen_shape_crescent_zb02p9_E59p3;F3NCS_0325_ood_unseen_shape_lobed_zb01p6_E06p9;F3NCS_0326_ood_unseen_shape_lobed_zb06p1_E42p4;F3NCS_0327_ood_unseen_shape_crescent_zb03p1_E14p7;F3NCS_0328_ood_unseen_shape_lobed_zb03p1_E29p3;F3NCS_0329_ood_unseen_shape_lobed_zb05p7_E08p7;F3NCS_0330_ood_unseen_shape_lobed_zb02p8_E92p0;F3NCS_0331_ood_unseen_shape_crescent_zb03p2_E14p3;F3NCS_0332_ood_unseen_shape_lobed_zb02p8_E45p3;F3NCS_0333_ood_unseen_shape_lobed_zb03p4_E06p5;F3NCS_0334_ood_unseen_shape_crescent_zb03p1_E53p0;F3NCS_0335_ood_unseen_shape_crescent_zb02p9_E84p2;F3NCS_0336_ood_unseen_shape_crescent_zb07p2_E64p1;F3NCS_0337_ood_unseen_shape_lobed_zb03p4_E11p4;F3NCS_0338_ood_unseen_shape_crescent_zb06p8_E10p9;F3NCS_0339_ood_unseen_shape_lobed_zb04p2_E91p6;F3NCS_0340_ood_unseen_shape_crescent_zb03p8_E70p0;F3NCS_0341_ood_unseen_shape_lobed_zb04p9_E61p6;F3NCS_0342_ood_unseen_shape_crescent_zb05p1_E22p7;F3NCS_0343_ood_unseen_shape_lobed_zb07p1_E87p4;F3NCS_0344_ood_unseen_shape_crescent_zb03p6_E61p5;F3NCS_0345_ood_unseen_shape_crescent_zb06p9_E18p0;F3NCS_0346_ood_unseen_shape_lobed_zb01p8_E15p9;F3NCS_0347_ood_unseen_shape_lobed_zb02p8_E62p6;F3NCS_0348_ood_unseen_shape_lobed_zb05p0_E06p3;F3NCS_0349_ood_unseen_shape_lobed_zb03p4_E28p4;F3NCS_0350_ood_unseen_shape_lobed_zb06p0_E06p6;F3NCS_0351_ood_unseen_shape_crescent_zb06p3_E52p9;F3NCS_0352_ood_unseen_shape_lobed_zb05p6_E54p3;F3NCS_0353_ood_unseen_shape_lobed_zb02p2_E51p7;F3NCS_0354_ood_unseen_shape_crescent_zb05p4_E08p7;F3NCS_0355_ood_unseen_shape_crescent_zb07p5_E72p1;F3NCS_0356_ood_unseen_shape_lobed_zb07p8_E66p7;F3NCS_0357_ood_unseen_shape_lobed_zb03p8_E28p5;F3NCS_0358_ood_unseen_shape_lobed_zb05p7_E57p3;F3NCS_0359_ood_unseen_shape_crescent_zb07p1_E07p1;F3NCS_0360_ood_unseen_shape_lobed_zb06p1_E32p9;F3NCS_0361_ood_unseen_shape_crescent_zb07p0_E50p0;F3NCS_0362_ood_unseen_shape_lobed_zb07p0_E43p7;F3NCS_0363_ood_unseen_shape_crescent_zb04p4_E39p7;F3NCS_0364_ood_unseen_shape_lobed_zb03p1_E17p5;F3NCS_0365_ood_unseen_shape_crescent_zb04p6_E10p8;F3NCS_0366_ood_unseen_shape_crescent_zb01p4_E56p2;F3NCS_0367_ood_unseen_shape_crescent_zb02p6_E36p5;F3NCS_0368_ood_unseen_shape_crescent_zb03p1_E21p0;F3NCS_0369_ood_unseen_shape_lobed_zb02p7_E27p1;F3NCS_0370_ood_unseen_shape_crescent_zb07p7_E18p8;F3NCS_0371_ood_unseen_shape_lobed_zb02p8_E27p5;F3NCS_0372_ood_unseen_shape_lobed_zb02p3_E06p5;F3NCS_0373_ood_unseen_shape_lobed_zb04p9_E07p7;F3NCS_0374_ood_unseen_shape_lobed_zb07p3_E27p3;F3NCS_0375_ood_unseen_shape_crescent_zb03p4_E11p6;F3NCS_0376_ood_unseen_shape_crescent_zb04p0_E26p7;F3NCS_0377_ood_unseen_shape_crescent_zb06p5_E40p4;F3NCS_0378_ood_unseen_shape_crescent_zb05p4_E79p9;F3NCS_0379_ood_unseen_shape_crescent_zb06p4_E88p5;F3NCS_0380_ood_unseen_shape_lobed_zb03p5_E55p6;F3NCS_0381_ood_unseen_shape_crescent_zb04p9_E14p7;F3NCS_0382_ood_unseen_shape_crescent_zb05p9_E48p6;F3NCS_0383_ood_unseen_shape_crescent_zb05p4_E08p3,method2b_512_full_comsol_recalibrated_9model,fig3_true_ood,4,split_role/ood_split_family,ood_unseen_shape,230,38,64,0.0746080204844474,0.2541656494140625,0.0422156006097793,0.5558433532714844,0.1183102279901504,0.7131385803222656,0.1875882595777511,0.78289794921875,0.2470241785049438,0.7609318233513749,0.7796386043452476,0.0984317080338161,1.8179739211227688,0.0227579509192435,0.2685816287994385,0.071036472916603,,,,0.7533801198005676
explicit_residual_target_diffusion_calibrated90,0.1031925529241561,0.182731612968691,14.763726245046904,0.1331492423196323,3.643374919891357,11.564879796268894,0.4508854530758766,64,F3NCS_0320_ood_unseen_shape_lobed_zb03p8_E09p9;F3NCS_0321_ood_unseen_shape_crescent_zb03p5_E06p5;F3NCS_0322_ood_unseen_shape_crescent_zb07p2_E76p5;F3NCS_0323_ood_unseen_shape_crescent_zb03p5_E10p3;F3NCS_0324_ood_unseen_shape_crescent_zb02p9_E59p3;F3NCS_0325_ood_unseen_shape_lobed_zb01p6_E06p9;F3NCS_0326_ood_unseen_shape_lobed_zb06p1_E42p4;F3NCS_0327_ood_unseen_shape_crescent_zb03p1_E14p7;F3NCS_0328_ood_unseen_shape_lobed_zb03p1_E29p3;F3NCS_0329_ood_unseen_shape_lobed_zb05p7_E08p7;F3NCS_0330_ood_unseen_shape_lobed_zb02p8_E92p0;F3NCS_0331_ood_unseen_shape_crescent_zb03p2_E14p3;F3NCS_0332_ood_unseen_shape_lobed_zb02p8_E45p3;F3NCS_0333_ood_unseen_shape_lobed_zb03p4_E06p5;F3NCS_0334_ood_unseen_shape_crescent_zb03p1_E53p0;F3NCS_0335_ood_unseen_shape_crescent_zb02p9_E84p2;F3NCS_0336_ood_unseen_shape_crescent_zb07p2_E64p1;F3NCS_0337_ood_unseen_shape_lobed_zb03p4_E11p4;F3NCS_0338_ood_unseen_shape_crescent_zb06p8_E10p9;F3NCS_0339_ood_unseen_shape_lobed_zb04p2_E91p6;F3NCS_0340_ood_unseen_shape_crescent_zb03p8_E70p0;F3NCS_0341_ood_unseen_shape_lobed_zb04p9_E61p6;F3NCS_0342_ood_unseen_shape_crescent_zb05p1_E22p7;F3NCS_0343_ood_unseen_shape_lobed_zb07p1_E87p4;F3NCS_0344_ood_unseen_shape_crescent_zb03p6_E61p5;F3NCS_0345_ood_unseen_shape_crescent_zb06p9_E18p0;F3NCS_0346_ood_unseen_shape_lobed_zb01p8_E15p9;F3NCS_0347_ood_unseen_shape_lobed_zb02p8_E62p6;F3NCS_0348_ood_unseen_shape_lobed_zb05p0_E06p3;F3NCS_0349_ood_unseen_shape_lobed_zb03p4_E28p4;F3NCS_0350_ood_unseen_shape_lobed_zb06p0_E06p6;F3NCS_0351_ood_unseen_shape_crescent_zb06p3_E52p9;F3NCS_0352_ood_unseen_shape_lobed_zb05p6_E54p3;F3NCS_0353_ood_unseen_shape_lobed_zb02p2_E51p7;F3NCS_0354_ood_unseen_shape_crescent_zb05p4_E08p7;F3NCS_0355_ood_unseen_shape_crescent_zb07p5_E72p1;F3NCS_0356_ood_unseen_shape_lobed_zb07p8_E66p7;F3NCS_0357_ood_unseen_shape_lobed_zb03p8_E28p5;F3NCS_0358_ood_unseen_shape_lobed_zb05p7_E57p3;F3NCS_0359_ood_unseen_shape_crescent_zb07p1_E07p1;F3NCS_0360_ood_unseen_shape_lobed_zb06p1_E32p9;F3NCS_0361_ood_unseen_shape_crescent_zb07p0_E50p0;F3NCS_0362_ood_unseen_shape_lobed_zb07p0_E43p7;F3NCS_0363_ood_unseen_shape_crescent_zb04p4_E39p7;F3NCS_0364_ood_unseen_shape_lobed_zb03p1_E17p5;F3NCS_0365_ood_unseen_shape_crescent_zb04p6_E10p8;F3NCS_0366_ood_unseen_shape_crescent_zb01p4_E56p2;F3NCS_0367_ood_unseen_shape_crescent_zb02p6_E36p5;F3NCS_0368_ood_unseen_shape_crescent_zb03p1_E21p0;F3NCS_0369_ood_unseen_shape_lobed_zb02p7_E27p1;F3NCS_0370_ood_unseen_shape_crescent_zb07p7_E18p8;F3NCS_0371_ood_unseen_shape_lobed_zb02p8_E27p5;F3NCS_0372_ood_unseen_shape_lobed_zb02p3_E06p5;F3NCS_0373_ood_unseen_shape_lobed_zb04p9_E07p7;F3NCS_0374_ood_unseen_shape_lobed_zb07p3_E27p3;F3NCS_0375_ood_unseen_shape_crescent_zb03p4_E11p6;F3NCS_0376_ood_unseen_shape_crescent_zb04p0_E26p7;F3NCS_0377_ood_unseen_shape_crescent_zb06p5_E40p4;F3NCS_0378_ood_unseen_shape_crescent_zb05p4_E79p9;F3NCS_0379_ood_unseen_shape_crescent_zb06p4_E88p5;F3NCS_0380_ood_unseen_shape_lobed_zb03p5_E55p6;F3NCS_0381_ood_unseen_shape_crescent_zb04p9_E14p7;F3NCS_0382_ood_unseen_shape_crescent_zb05p9_E48p6;F3NCS_0383_ood_unseen_shape_crescent_zb05p4_E08p3,method2b_512_full_comsol_recalibrated_9model,fig3_true_ood,4,split_role/ood_split_family,ood_unseen_shape,230,38,64,0.0699864774942398,0.6731605529785156,0.0862774699926376,0.8364830017089844,0.2417946755886078,0.8940238952636719,0.3833805620670318,0.926837921142578,0.504851758480072,0.7609318284090745,0.7796386051536708,0.0247003876639084,0.3802023805643646,0.0227579509013649,0.4466571807861328,0.1451796591281891,validation,0.9,2.043734312057495,0.7533801198005676
explicit_residual_likelihood_guided_diffusion,0.1033455207943916,0.1820354272911565,14.796881649113889,0.1309772778768092,3.640866994857788,11.514409201634937,0.453876126646162,64,F3NCS_0320_ood_unseen_shape_lobed_zb03p8_E09p9;F3NCS_0321_ood_unseen_shape_crescent_zb03p5_E06p5;F3NCS_0322_ood_unseen_shape_crescent_zb07p2_E76p5;F3NCS_0323_ood_unseen_shape_crescent_zb03p5_E10p3;F3NCS_0324_ood_unseen_shape_crescent_zb02p9_E59p3;F3NCS_0325_ood_unseen_shape_lobed_zb01p6_E06p9;F3NCS_0326_ood_unseen_shape_lobed_zb06p1_E42p4;F3NCS_0327_ood_unseen_shape_crescent_zb03p1_E14p7;F3NCS_0328_ood_unseen_shape_lobed_zb03p1_E29p3;F3NCS_0329_ood_unseen_shape_lobed_zb05p7_E08p7;F3NCS_0330_ood_unseen_shape_lobed_zb02p8_E92p0;F3NCS_0331_ood_unseen_shape_crescent_zb03p2_E14p3;F3NCS_0332_ood_unseen_shape_lobed_zb02p8_E45p3;F3NCS_0333_ood_unseen_shape_lobed_zb03p4_E06p5;F3NCS_0334_ood_unseen_shape_crescent_zb03p1_E53p0;F3NCS_0335_ood_unseen_shape_crescent_zb02p9_E84p2;F3NCS_0336_ood_unseen_shape_crescent_zb07p2_E64p1;F3NCS_0337_ood_unseen_shape_lobed_zb03p4_E11p4;F3NCS_0338_ood_unseen_shape_crescent_zb06p8_E10p9;F3NCS_0339_ood_unseen_shape_lobed_zb04p2_E91p6;F3NCS_0340_ood_unseen_shape_crescent_zb03p8_E70p0;F3NCS_0341_ood_unseen_shape_lobed_zb04p9_E61p6;F3NCS_0342_ood_unseen_shape_crescent_zb05p1_E22p7;F3NCS_0343_ood_unseen_shape_lobed_zb07p1_E87p4;F3NCS_0344_ood_unseen_shape_crescent_zb03p6_E61p5;F3NCS_0345_ood_unseen_shape_crescent_zb06p9_E18p0;F3NCS_0346_ood_unseen_shape_lobed_zb01p8_E15p9;F3NCS_0347_ood_unseen_shape_lobed_zb02p8_E62p6;F3NCS_0348_ood_unseen_shape_lobed_zb05p0_E06p3;F3NCS_0349_ood_unseen_shape_lobed_zb03p4_E28p4;F3NCS_0350_ood_unseen_shape_lobed_zb06p0_E06p6;F3NCS_0351_ood_unseen_shape_crescent_zb06p3_E52p9;F3NCS_0352_ood_unseen_shape_lobed_zb05p6_E54p3;F3NCS_0353_ood_unseen_shape_lobed_zb02p2_E51p7;F3NCS_0354_ood_unseen_shape_crescent_zb05p4_E08p7;F3NCS_0355_ood_unseen_shape_crescent_zb07p5_E72p1;F3NCS_0356_ood_unseen_shape_lobed_zb07p8_E66p7;F3NCS_0357_ood_unseen_shape_lobed_zb03p8_E28p5;F3NCS_0358_ood_unseen_shape_lobed_zb05p7_E57p3;F3NCS_0359_ood_unseen_shape_crescent_zb07p1_E07p1;F3NCS_0360_ood_unseen_shape_lobed_zb06p1_E32p9;F3NCS_0361_ood_unseen_shape_crescent_zb07p0_E50p0;F3NCS_0362_ood_unseen_shape_lobed_zb07p0_E43p7;F3NCS_0363_ood_unseen_shape_crescent_zb04p4_E39p7;F3NCS_0364_ood_unseen_shape_lobed_zb03p1_E17p5;F3NCS_0365_ood_unseen_shape_crescent_zb04p6_E10p8;F3NCS_0366_ood_unseen_shape_crescent_zb01p4_E56p2;F3NCS_0367_ood_unseen_shape_crescent_zb02p6_E36p5;F3NCS_0368_ood_unseen_shape_crescent_zb03p1_E21p0;F3NCS_0369_ood_unseen_shape_lobed_zb02p7_E27p1;F3NCS_0370_ood_unseen_shape_crescent_zb07p7_E18p8;F3NCS_0371_ood_unseen_shape_lobed_zb02p8_E27p5;F3NCS_0372_ood_unseen_shape_lobed_zb02p3_E06p5;F3NCS_0373_ood_unseen_shape_lobed_zb04p9_E07p7;F3NCS_0374_ood_unseen_shape_lobed_zb07p3_E27p3;F3NCS_0375_ood_unseen_shape_crescent_zb03p4_E11p6;F3NCS_0376_ood_unseen_shape_crescent_zb04p0_E26p7;F3NCS_0377_ood_unseen_shape_crescent_zb06p5_E40p4;F3NCS_0378_ood_unseen_shape_crescent_zb05p4_E79p9;F3NCS_0379_ood_unseen_shape_crescent_zb06p4_E88p5;F3NCS_0380_ood_unseen_shape_lobed_zb03p5_E55p6;F3NCS_0381_ood_unseen_shape_crescent_zb04p9_E14p7;F3NCS_0382_ood_unseen_shape_crescent_zb05p9_E48p6;F3NCS_0383_ood_unseen_shape_crescent_zb05p4_E08p3,method2b_512_full_comsol_recalibrated_9model,fig3_true_ood,4,split_role/ood_split_family,ood_unseen_shape,230,38,64,0.074524313211441,0.2424354553222656,0.0425517484545707,0.5447502136230469,0.1191570237278938,0.707733154296875,0.1895822584629058,0.782470703125,0.2501517534255981,0.7655148903559664,0.7910024286838342,0.0963921734377102,1.7120474747268264,0.0217704563279564,0.2649184465408325,0.0716348141431808,,,,0.7533801198005676
explicit_residual_likelihood_guided_diffusion_calibrated90,0.103345513343811,0.1820354272911565,14.796881649113889,0.1309772620443254,3.640866994857788,11.514408539039522,0.4538761248502554,64,F3NCS_0320_ood_unseen_shape_lobed_zb03p8_E09p9;F3NCS_0321_ood_unseen_shape_crescent_zb03p5_E06p5;F3NCS_0322_ood_unseen_shape_crescent_zb07p2_E76p5;F3NCS_0323_ood_unseen_shape_crescent_zb03p5_E10p3;F3NCS_0324_ood_unseen_shape_crescent_zb02p9_E59p3;F3NCS_0325_ood_unseen_shape_lobed_zb01p6_E06p9;F3NCS_0326_ood_unseen_shape_lobed_zb06p1_E42p4;F3NCS_0327_ood_unseen_shape_crescent_zb03p1_E14p7;F3NCS_0328_ood_unseen_shape_lobed_zb03p1_E29p3;F3NCS_0329_ood_unseen_shape_lobed_zb05p7_E08p7;F3NCS_0330_ood_unseen_shape_lobed_zb02p8_E92p0;F3NCS_0331_ood_unseen_shape_crescent_zb03p2_E14p3;F3NCS_0332_ood_unseen_shape_lobed_zb02p8_E45p3;F3NCS_0333_ood_unseen_shape_lobed_zb03p4_E06p5;F3NCS_0334_ood_unseen_shape_crescent_zb03p1_E53p0;F3NCS_0335_ood_unseen_shape_crescent_zb02p9_E84p2;F3NCS_0336_ood_unseen_shape_crescent_zb07p2_E64p1;F3NCS_0337_ood_unseen_shape_lobed_zb03p4_E11p4;F3NCS_0338_ood_unseen_shape_crescent_zb06p8_E10p9;F3NCS_0339_ood_unseen_shape_lobed_zb04p2_E91p6;F3NCS_0340_ood_unseen_shape_crescent_zb03p8_E70p0;F3NCS_0341_ood_unseen_shape_lobed_zb04p9_E61p6;F3NCS_0342_ood_unseen_shape_crescent_zb05p1_E22p7;F3NCS_0343_ood_unseen_shape_lobed_zb07p1_E87p4;F3NCS_0344_ood_unseen_shape_crescent_zb03p6_E61p5;F3NCS_0345_ood_unseen_shape_crescent_zb06p9_E18p0;F3NCS_0346_ood_unseen_shape_lobed_zb01p8_E15p9;F3NCS_0347_ood_unseen_shape_lobed_zb02p8_E62p6;F3NCS_0348_ood_unseen_shape_lobed_zb05p0_E06p3;F3NCS_0349_ood_unseen_shape_lobed_zb03p4_E28p4;F3NCS_0350_ood_unseen_shape_lobed_zb06p0_E06p6;F3NCS_0351_ood_unseen_shape_crescent_zb06p3_E52p9;F3NCS_0352_ood_unseen_shape_lobed_zb05p6_E54p3;F3NCS_0353_ood_unseen_shape_lobed_zb02p2_E51p7;F3NCS_0354_ood_unseen_shape_crescent_zb05p4_E08p7;F3NCS_0355_ood_unseen_shape_crescent_zb07p5_E72p1;F3NCS_0356_ood_unseen_shape_lobed_zb07p8_E66p7;F3NCS_0357_ood_unseen_shape_lobed_zb03p8_E28p5;F3NCS_0358_ood_unseen_shape_lobed_zb05p7_E57p3;F3NCS_0359_ood_unseen_shape_crescent_zb07p1_E07p1;F3NCS_0360_ood_unseen_shape_lobed_zb06p1_E32p9;F3NCS_0361_ood_unseen_shape_crescent_zb07p0_E50p0;F3NCS_0362_ood_unseen_shape_lobed_zb07p0_E43p7;F3NCS_0363_ood_unseen_shape_crescent_zb04p4_E39p7;F3NCS_0364_ood_unseen_shape_lobed_zb03p1_E17p5;F3NCS_0365_ood_unseen_shape_crescent_zb04p6_E10p8;F3NCS_0366_ood_unseen_shape_crescent_zb01p4_E56p2;F3NCS_0367_ood_unseen_shape_crescent_zb02p6_E36p5;F3NCS_0368_ood_unseen_shape_crescent_zb03p1_E21p0;F3NCS_0369_ood_unseen_shape_lobed_zb02p7_E27p1;F3NCS_0370_ood_unseen_shape_crescent_zb07p7_E18p8;F3NCS_0371_ood_unseen_shape_lobed_zb02p8_E27p5;F3NCS_0372_ood_unseen_shape_lobed_zb02p3_E06p5;F3NCS_0373_ood_unseen_shape_lobed_zb04p9_E07p7;F3NCS_0374_ood_unseen_shape_lobed_zb07p3_E27p3;F3NCS_0375_ood_unseen_shape_crescent_zb03p4_E11p6;F3NCS_0376_ood_unseen_shape_crescent_zb04p0_E26p7;F3NCS_0377_ood_unseen_shape_crescent_zb06p5_E40p4;F3NCS_0378_ood_unseen_shape_crescent_zb05p4_E79p9;F3NCS_0379_ood_unseen_shape_crescent_zb06p4_E88p5;F3NCS_0380_ood_unseen_shape_lobed_zb03p5_E55p6;F3NCS_0381_ood_unseen_shape_crescent_zb04p9_E14p7;F3NCS_0382_ood_unseen_shape_crescent_zb05p9_E48p6;F3NCS_0383_ood_unseen_shape_crescent_zb05p4_E08p3,method2b_512_full_comsol_recalibrated_9model,fig3_true_ood,4,split_role/ood_split_family,ood_unseen_shape,230,38,64,0.0696525201201438,0.6675453186035156,0.0832462534308433,0.8308525085449219,0.2331132590770721,0.8939285278320312,0.3708898723125458,0.9266586303710938,0.4893852174282074,0.7655148906939374,0.7910024276328839,0.0278839818681304,0.3862769386426745,0.0217704562792913,0.4359304904937744,0.1401430070400238,validation,0.9,1.9563533067703247,0.7533801198005676
