source_metrics_csv,seed,model,mae_norm,rmse_norm,psnr_norm,ssim_norm,mae_kpa,rmse_kpa,spearman_pixel,n_eval_samples,eval_condition_ids,dataset,split_mode,fold,split_column,test_group,train_count,val_count,test_count,crps_norm,cov50,width50_norm,cov80,width80_norm,cov90,width90_norm,cov95,width95_norm,uncertainty_error_spearman,failure_auroc_top10_abs_error,uce,ence,ause_abs_error,pit_mean,posterior_std_norm_mean,n_posterior_samples,residual_scale
H:\My Drive\MN_simulation\outputs\rspi_joint_052026\method2b_512_five_seed_ood_full512_20260611\seed_1\posterior\rspi_posterior_metrics.csv,1,train_mean_prior,0.1440892666578292,0.2195225340582517,13.170417853325851,0.0332627339073671,4.060465335845947,11.480061371004568,,52,F3NCS_0009_iid_support_ellipse_zb07p3_E22p5;F3NCS_0010_iid_support_cylinder_zb06p1_E14p0;F3NCS_0019_iid_support_two_foci_zb05p4_E27p2;F3NCS_0021_iid_support_ellipse_zb05p6_E31p9;F3NCS_0023_iid_support_cylinder_zb05p0_E06p6;F3NCS_0027_iid_support_ellipse_zb02p3_E78p6;F3NCS_0035_iid_support_ellipse_zb02p8_E30p8;F3NCS_0037_iid_support_ellipse_zb08p0_E07p6;F3NCS_0044_iid_support_ellipse_zb07p2_E08p4;F3NCS_0079_iid_support_cylinder_zb04p3_E13p0;F3NCS_0081_iid_support_ellipse_zb05p9_E06p8;F3NCS_0089_iid_support_cylinder_zb05p4_E08p5;F3NCS_0091_iid_support_two_foci_zb03p9_E39p0;F3NCS_0097_iid_support_cylinder_zb06p3_E18p9;F3NCS_0100_iid_support_cylinder_zb03p6_E34p7;F3NCS_0104_iid_support_ellipse_zb03p3_E52p9;F3NCS_0111_iid_support_ellipse_zb03p7_E19p4;F3NCS_0125_iid_support_cylinder_zb06p4_E14p2;F3NCS_0128_iid_support_two_foci_zb02p9_E23p9;F3NCS_0131_iid_support_ellipse_zb05p4_E74p1;F3NCS_0132_iid_support_cylinder_zb07p9_E08p3;F3NCS_0139_iid_support_two_foci_zb03p2_E25p1;F3NCS_0141_iid_support_cylinder_zb01p5_E37p1;F3NCS_0142_iid_support_two_foci_zb05p0_E19p6;F3NCS_0146_iid_support_two_foci_zb04p1_E20p6;F3NCS_0149_iid_support_cylinder_zb03p2_E32p2;F3NCS_0155_iid_support_ellipse_zb06p3_E24p5;F3NCS_0158_iid_support_cylinder_zb05p7_E11p3;F3NCS_0161_iid_support_ellipse_zb01p6_E25p7;F3NCS_0162_iid_support_ellipse_zb03p2_E17p6;F3NCS_0163_iid_support_two_foci_zb06p0_E08p1;F3NCS_0165_iid_support_ellipse_zb04p1_E25p8;F3NCS_0179_iid_support_two_foci_zb03p8_E90p2;F3NCS_0183_iid_support_cylinder_zb06p6_E10p9;F3NCS_0184_iid_support_cylinder_zb03p7_E17p7;F3NCS_0188_iid_support_cylinder_zb02p6_E41p7;F3NCS_0198_iid_support_cylinder_zb05p9_E17p9;F3NCS_0199_iid_support_ellipse_zb06p2_E37p7;F3NCS_0202_iid_support_cylinder_zb03p7_E57p3;F3NCS_0220_iid_support_two_foci_zb02p4_E32p0;F3NCS_0223_iid_support_two_foci_zb05p1_E52p3;F3NCS_0239_iid_support_ellipse_zb02p9_E06p8;F3NCS_0262_iid_support_ellipse_zb05p7_E60p2;F3NCS_0272_iid_support_ellipse_zb02p7_E33p6;F3NCS_0278_iid_support_ellipse_zb02p1_E44p7;F3NCS_0284_iid_support_ellipse_zb03p7_E68p9;F3NCS_0288_iid_support_cylinder_zb03p9_E35p1;F3NCS_0296_iid_support_cylinder_zb06p2_E15p6;F3NCS_0300_iid_support_ellipse_zb07p6_E67p9;F3NCS_0306_iid_support_ellipse_zb04p6_E40p2;F3NCS_0315_iid_support_ellipse_zb08p0_E09p3;F3NCS_0316_iid_support_two_foci_zb02p8_E06p3,method2b_512_full_comsol_colab_cuda,fig3_true_ood,0,split_role/ood_split_family,iid_test,230,38,52,,,,,,,,,,,,,,,,,,
H:\My Drive\MN_simulation\outputs\rspi_joint_052026\method2b_512_five_seed_ood_full512_20260611\seed_1\posterior\rspi_posterior_metrics.csv,1,srcnn_bz_single_channel,0.1191282123327255,0.2046430696066312,13.780059169659552,0.1655098976424107,3.776472330093384,10.991452450770057,0.3343937047949911,52,F3NCS_0009_iid_support_ellipse_zb07p3_E22p5;F3NCS_0010_iid_support_cylinder_zb06p1_E14p0;F3NCS_0019_iid_support_two_foci_zb05p4_E27p2;F3NCS_0021_iid_support_ellipse_zb05p6_E31p9;F3NCS_0023_iid_support_cylinder_zb05p0_E06p6;F3NCS_0027_iid_support_ellipse_zb02p3_E78p6;F3NCS_0035_iid_support_ellipse_zb02p8_E30p8;F3NCS_0037_iid_support_ellipse_zb08p0_E07p6;F3NCS_0044_iid_support_ellipse_zb07p2_E08p4;F3NCS_0079_iid_support_cylinder_zb04p3_E13p0;F3NCS_0081_iid_support_ellipse_zb05p9_E06p8;F3NCS_0089_iid_support_cylinder_zb05p4_E08p5;F3NCS_0091_iid_support_two_foci_zb03p9_E39p0;F3NCS_0097_iid_support_cylinder_zb06p3_E18p9;F3NCS_0100_iid_support_cylinder_zb03p6_E34p7;F3NCS_0104_iid_support_ellipse_zb03p3_E52p9;F3NCS_0111_iid_support_ellipse_zb03p7_E19p4;F3NCS_0125_iid_support_cylinder_zb06p4_E14p2;F3NCS_0128_iid_support_two_foci_zb02p9_E23p9;F3NCS_0131_iid_support_ellipse_zb05p4_E74p1;F3NCS_0132_iid_support_cylinder_zb07p9_E08p3;F3NCS_0139_iid_support_two_foci_zb03p2_E25p1;F3NCS_0141_iid_support_cylinder_zb01p5_E37p1;F3NCS_0142_iid_support_two_foci_zb05p0_E19p6;F3NCS_0146_iid_support_two_foci_zb04p1_E20p6;F3NCS_0149_iid_support_cylinder_zb03p2_E32p2;F3NCS_0155_iid_support_ellipse_zb06p3_E24p5;F3NCS_0158_iid_support_cylinder_zb05p7_E11p3;F3NCS_0161_iid_support_ellipse_zb01p6_E25p7;F3NCS_0162_iid_support_ellipse_zb03p2_E17p6;F3NCS_0163_iid_support_two_foci_zb06p0_E08p1;F3NCS_0165_iid_support_ellipse_zb04p1_E25p8;F3NCS_0179_iid_support_two_foci_zb03p8_E90p2;F3NCS_0183_iid_support_cylinder_zb06p6_E10p9;F3NCS_0184_iid_support_cylinder_zb03p7_E17p7;F3NCS_0188_iid_support_cylinder_zb02p6_E41p7;F3NCS_0198_iid_support_cylinder_zb05p9_E17p9;F3NCS_0199_iid_support_ellipse_zb06p2_E37p7;F3NCS_0202_iid_support_cylinder_zb03p7_E57p3;F3NCS_0220_iid_support_two_foci_zb02p4_E32p0;F3NCS_0223_iid_support_two_foci_zb05p1_E52p3;F3NCS_0239_iid_support_ellipse_zb02p9_E06p8;F3NCS_0262_iid_support_ellipse_zb05p7_E60p2;F3NCS_0272_iid_support_ellipse_zb02p7_E33p6;F3NCS_0278_iid_support_ellipse_zb02p1_E44p7;F3NCS_0284_iid_support_ellipse_zb03p7_E68p9;F3NCS_0288_iid_support_cylinder_zb03p9_E35p1;F3NCS_0296_iid_support_cylinder_zb06p2_E15p6;F3NCS_0300_iid_support_ellipse_zb07p6_E67p9;F3NCS_0306_iid_support_ellipse_zb04p6_E40p2;F3NCS_0315_iid_support_ellipse_zb08p0_E09p3;F3NCS_0316_iid_support_two_foci_zb02p8_E06p3,method2b_512_full_comsol_colab_cuda,fig3_true_ood,0,split_role/ood_split_family,iid_test,230,38,52,0.1191282197833061,0.0,0.0,0.0,0.0,0.0,0.0,0.0,0.0,,0.5,0.2031470226451643,20314702.26451644,0.0951659329473039,0.1389019340276718,0.0,,
H:\My Drive\MN_simulation\outputs\rspi_joint_052026\method2b_512_five_seed_ood_full512_20260611\seed_1\posterior\rspi_posterior_metrics.csv,1,unet_canonical_bxyz,0.0733838081359863,0.153532076335122,16.27601753467594,0.3814468664618639,2.8528127670288086,9.344157844751804,0.5542303779586357,52,F3NCS_0009_iid_support_ellipse_zb07p3_E22p5;F3NCS_0010_iid_support_cylinder_zb06p1_E14p0;F3NCS_0019_iid_support_two_foci_zb05p4_E27p2;F3NCS_0021_iid_support_ellipse_zb05p6_E31p9;F3NCS_0023_iid_support_cylinder_zb05p0_E06p6;F3NCS_0027_iid_support_ellipse_zb02p3_E78p6;F3NCS_0035_iid_support_ellipse_zb02p8_E30p8;F3NCS_0037_iid_support_ellipse_zb08p0_E07p6;F3NCS_0044_iid_support_ellipse_zb07p2_E08p4;F3NCS_0079_iid_support_cylinder_zb04p3_E13p0;F3NCS_0081_iid_support_ellipse_zb05p9_E06p8;F3NCS_0089_iid_support_cylinder_zb05p4_E08p5;F3NCS_0091_iid_support_two_foci_zb03p9_E39p0;F3NCS_0097_iid_support_cylinder_zb06p3_E18p9;F3NCS_0100_iid_support_cylinder_zb03p6_E34p7;F3NCS_0104_iid_support_ellipse_zb03p3_E52p9;F3NCS_0111_iid_support_ellipse_zb03p7_E19p4;F3NCS_0125_iid_support_cylinder_zb06p4_E14p2;F3NCS_0128_iid_support_two_foci_zb02p9_E23p9;F3NCS_0131_iid_support_ellipse_zb05p4_E74p1;F3NCS_0132_iid_support_cylinder_zb07p9_E08p3;F3NCS_0139_iid_support_two_foci_zb03p2_E25p1;F3NCS_0141_iid_support_cylinder_zb01p5_E37p1;F3NCS_0142_iid_support_two_foci_zb05p0_E19p6;F3NCS_0146_iid_support_two_foci_zb04p1_E20p6;F3NCS_0149_iid_support_cylinder_zb03p2_E32p2;F3NCS_0155_iid_support_ellipse_zb06p3_E24p5;F3NCS_0158_iid_support_cylinder_zb05p7_E11p3;F3NCS_0161_iid_support_ellipse_zb01p6_E25p7;F3NCS_0162_iid_support_ellipse_zb03p2_E17p6;F3NCS_0163_iid_support_two_foci_zb06p0_E08p1;F3NCS_0165_iid_support_ellipse_zb04p1_E25p8;F3NCS_0179_iid_support_two_foci_zb03p8_E90p2;F3NCS_0183_iid_support_cylinder_zb06p6_E10p9;F3NCS_0184_iid_support_cylinder_zb03p7_E17p7;F3NCS_0188_iid_support_cylinder_zb02p6_E41p7;F3NCS_0198_iid_support_cylinder_zb05p9_E17p9;F3NCS_0199_iid_support_ellipse_zb06p2_E37p7;F3NCS_0202_iid_support_cylinder_zb03p7_E57p3;F3NCS_0220_iid_support_two_foci_zb02p4_E32p0;F3NCS_0223_iid_support_two_foci_zb05p1_E52p3;F3NCS_0239_iid_support_ellipse_zb02p9_E06p8;F3NCS_0262_iid_support_ellipse_zb05p7_E60p2;F3NCS_0272_iid_support_ellipse_zb02p7_E33p6;F3NCS_0278_iid_support_ellipse_zb02p1_E44p7;F3NCS_0284_iid_support_ellipse_zb03p7_E68p9;F3NCS_0288_iid_support_cylinder_zb03p9_E35p1;F3NCS_0296_iid_support_cylinder_zb06p2_E15p6;F3NCS_0300_iid_support_ellipse_zb07p6_E67p9;F3NCS_0306_iid_support_ellipse_zb04p6_E40p2;F3NCS_0315_iid_support_ellipse_zb08p0_E09p3;F3NCS_0316_iid_support_two_foci_zb02p8_E06p3,method2b_512_full_comsol_colab_cuda,fig3_true_ood,0,split_role/ood_split_family,iid_test,230,38,52,0.0733838155865669,0.0,0.0,0.0,0.0,0.0,0.0,0.0,0.0,,0.5,0.1516518665368446,15165186.65368446,0.064272871967879,0.111304648220539,0.0,,
H:\My Drive\MN_simulation\outputs\rspi_joint_052026\method2b_512_five_seed_ood_full512_20260611\seed_1\posterior\rspi_posterior_metrics.csv,1,vanilla_diffusion,0.4329664409160614,0.446111631285582,7.011129068577505,0.0536584049606552,11.904549598693848,13.690266647472804,0.2479566269530014,52,F3NCS_0009_iid_support_ellipse_zb07p3_E22p5;F3NCS_0010_iid_support_cylinder_zb06p1_E14p0;F3NCS_0019_iid_support_two_foci_zb05p4_E27p2;F3NCS_0021_iid_support_ellipse_zb05p6_E31p9;F3NCS_0023_iid_support_cylinder_zb05p0_E06p6;F3NCS_0027_iid_support_ellipse_zb02p3_E78p6;F3NCS_0035_iid_support_ellipse_zb02p8_E30p8;F3NCS_0037_iid_support_ellipse_zb08p0_E07p6;F3NCS_0044_iid_support_ellipse_zb07p2_E08p4;F3NCS_0079_iid_support_cylinder_zb04p3_E13p0;F3NCS_0081_iid_support_ellipse_zb05p9_E06p8;F3NCS_0089_iid_support_cylinder_zb05p4_E08p5;F3NCS_0091_iid_support_two_foci_zb03p9_E39p0;F3NCS_0097_iid_support_cylinder_zb06p3_E18p9;F3NCS_0100_iid_support_cylinder_zb03p6_E34p7;F3NCS_0104_iid_support_ellipse_zb03p3_E52p9;F3NCS_0111_iid_support_ellipse_zb03p7_E19p4;F3NCS_0125_iid_support_cylinder_zb06p4_E14p2;F3NCS_0128_iid_support_two_foci_zb02p9_E23p9;F3NCS_0131_iid_support_ellipse_zb05p4_E74p1;F3NCS_0132_iid_support_cylinder_zb07p9_E08p3;F3NCS_0139_iid_support_two_foci_zb03p2_E25p1;F3NCS_0141_iid_support_cylinder_zb01p5_E37p1;F3NCS_0142_iid_support_two_foci_zb05p0_E19p6;F3NCS_0146_iid_support_two_foci_zb04p1_E20p6;F3NCS_0149_iid_support_cylinder_zb03p2_E32p2;F3NCS_0155_iid_support_ellipse_zb06p3_E24p5;F3NCS_0158_iid_support_cylinder_zb05p7_E11p3;F3NCS_0161_iid_support_ellipse_zb01p6_E25p7;F3NCS_0162_iid_support_ellipse_zb03p2_E17p6;F3NCS_0163_iid_support_two_foci_zb06p0_E08p1;F3NCS_0165_iid_support_ellipse_zb04p1_E25p8;F3NCS_0179_iid_support_two_foci_zb03p8_E90p2;F3NCS_0183_iid_support_cylinder_zb06p6_E10p9;F3NCS_0184_iid_support_cylinder_zb03p7_E17p7;F3NCS_0188_iid_support_cylinder_zb02p6_E41p7;F3NCS_0198_iid_support_cylinder_zb05p9_E17p9;F3NCS_0199_iid_support_ellipse_zb06p2_E37p7;F3NCS_0202_iid_support_cylinder_zb03p7_E57p3;F3NCS_0220_iid_support_two_foci_zb02p4_E32p0;F3NCS_0223_iid_support_two_foci_zb05p1_E52p3;F3NCS_0239_iid_support_ellipse_zb02p9_E06p8;F3NCS_0262_iid_support_ellipse_zb05p7_E60p2;F3NCS_0272_iid_support_ellipse_zb02p7_E33p6;F3NCS_0278_iid_support_ellipse_zb02p1_E44p7;F3NCS_0284_iid_support_ellipse_zb03p7_E68p9;F3NCS_0288_iid_support_cylinder_zb03p9_E35p1;F3NCS_0296_iid_support_cylinder_zb06p2_E15p6;F3NCS_0300_iid_support_ellipse_zb07p6_E67p9;F3NCS_0306_iid_support_ellipse_zb04p6_E40p2;F3NCS_0315_iid_support_ellipse_zb08p0_E09p3;F3NCS_0316_iid_support_two_foci_zb02p8_E06p3,method2b_512_full_comsol_colab_cuda,fig3_true_ood,0,split_role/ood_split_family,iid_test,230,38,52,,,,,,,,,,,,,,,,0.0883625596761703,64.0,
H:\My Drive\MN_simulation\outputs\rspi_joint_052026\method2b_512_five_seed_ood_full512_20260611\seed_1\posterior\rspi_posterior_metrics.csv,1,prior_init_diffusion_unet,0.0750679895281791,0.1539738932447921,16.25105817818908,0.2502580487097685,2.86073637008667,9.383343048723068,0.5402912158296322,52,F3NCS_0009_iid_support_ellipse_zb07p3_E22p5;F3NCS_0010_iid_support_cylinder_zb06p1_E14p0;F3NCS_0019_iid_support_two_foci_zb05p4_E27p2;F3NCS_0021_iid_support_ellipse_zb05p6_E31p9;F3NCS_0023_iid_support_cylinder_zb05p0_E06p6;F3NCS_0027_iid_support_ellipse_zb02p3_E78p6;F3NCS_0035_iid_support_ellipse_zb02p8_E30p8;F3NCS_0037_iid_support_ellipse_zb08p0_E07p6;F3NCS_0044_iid_support_ellipse_zb07p2_E08p4;F3NCS_0079_iid_support_cylinder_zb04p3_E13p0;F3NCS_0081_iid_support_ellipse_zb05p9_E06p8;F3NCS_0089_iid_support_cylinder_zb05p4_E08p5;F3NCS_0091_iid_support_two_foci_zb03p9_E39p0;F3NCS_0097_iid_support_cylinder_zb06p3_E18p9;F3NCS_0100_iid_support_cylinder_zb03p6_E34p7;F3NCS_0104_iid_support_ellipse_zb03p3_E52p9;F3NCS_0111_iid_support_ellipse_zb03p7_E19p4;F3NCS_0125_iid_support_cylinder_zb06p4_E14p2;F3NCS_0128_iid_support_two_foci_zb02p9_E23p9;F3NCS_0131_iid_support_ellipse_zb05p4_E74p1;F3NCS_0132_iid_support_cylinder_zb07p9_E08p3;F3NCS_0139_iid_support_two_foci_zb03p2_E25p1;F3NCS_0141_iid_support_cylinder_zb01p5_E37p1;F3NCS_0142_iid_support_two_foci_zb05p0_E19p6;F3NCS_0146_iid_support_two_foci_zb04p1_E20p6;F3NCS_0149_iid_support_cylinder_zb03p2_E32p2;F3NCS_0155_iid_support_ellipse_zb06p3_E24p5;F3NCS_0158_iid_support_cylinder_zb05p7_E11p3;F3NCS_0161_iid_support_ellipse_zb01p6_E25p7;F3NCS_0162_iid_support_ellipse_zb03p2_E17p6;F3NCS_0163_iid_support_two_foci_zb06p0_E08p1;F3NCS_0165_iid_support_ellipse_zb04p1_E25p8;F3NCS_0179_iid_support_two_foci_zb03p8_E90p2;F3NCS_0183_iid_support_cylinder_zb06p6_E10p9;F3NCS_0184_iid_support_cylinder_zb03p7_E17p7;F3NCS_0188_iid_support_cylinder_zb02p6_E41p7;F3NCS_0198_iid_support_cylinder_zb05p9_E17p9;F3NCS_0199_iid_support_ellipse_zb06p2_E37p7;F3NCS_0202_iid_support_cylinder_zb03p7_E57p3;F3NCS_0220_iid_support_two_foci_zb02p4_E32p0;F3NCS_0223_iid_support_two_foci_zb05p1_E52p3;F3NCS_0239_iid_support_ellipse_zb02p9_E06p8;F3NCS_0262_iid_support_ellipse_zb05p7_E60p2;F3NCS_0272_iid_support_ellipse_zb02p7_E33p6;F3NCS_0278_iid_support_ellipse_zb02p1_E44p7;F3NCS_0284_iid_support_ellipse_zb03p7_E68p9;F3NCS_0288_iid_support_cylinder_zb03p9_E35p1;F3NCS_0296_iid_support_cylinder_zb06p2_E15p6;F3NCS_0300_iid_support_ellipse_zb07p6_E67p9;F3NCS_0306_iid_support_ellipse_zb04p6_E40p2;F3NCS_0315_iid_support_ellipse_zb08p0_E09p3;F3NCS_0316_iid_support_two_foci_zb02p8_E06p3,method2b_512_full_comsol_colab_cuda,fig3_true_ood,0,split_role/ood_split_family,iid_test,230,38,52,0.0705148950219154,0.0044696512632071,0.0108800763264298,0.0083289509639143,0.0205262824892997,0.0110849235206842,0.0260469000786542,0.0164043717086315,0.0305479206144809,0.7286606641479606,0.8626181123739285,0.1221865547790969,14.42084437125398,0.0109893932007349,0.1143966093659401,0.0082042068243026,,
H:\My Drive\MN_simulation\outputs\rspi_joint_052026\method2b_512_five_seed_ood_full512_20260611\seed_1\posterior\rspi_posterior_metrics.csv,1,residual_likelihood_guided_diffusion,0.0750477612018585,0.1539661508746894,16.25149494744691,0.2507127742641247,2.860412836074829,9.38064120640798,0.5403468768689427,52,F3NCS_0009_iid_support_ellipse_zb07p3_E22p5;F3NCS_0010_iid_support_cylinder_zb06p1_E14p0;F3NCS_0019_iid_support_two_foci_zb05p4_E27p2;F3NCS_0021_iid_support_ellipse_zb05p6_E31p9;F3NCS_0023_iid_support_cylinder_zb05p0_E06p6;F3NCS_0027_iid_support_ellipse_zb02p3_E78p6;F3NCS_0035_iid_support_ellipse_zb02p8_E30p8;F3NCS_0037_iid_support_ellipse_zb08p0_E07p6;F3NCS_0044_iid_support_ellipse_zb07p2_E08p4;F3NCS_0079_iid_support_cylinder_zb04p3_E13p0;F3NCS_0081_iid_support_ellipse_zb05p9_E06p8;F3NCS_0089_iid_support_cylinder_zb05p4_E08p5;F3NCS_0091_iid_support_two_foci_zb03p9_E39p0;F3NCS_0097_iid_support_cylinder_zb06p3_E18p9;F3NCS_0100_iid_support_cylinder_zb03p6_E34p7;F3NCS_0104_iid_support_ellipse_zb03p3_E52p9;F3NCS_0111_iid_support_ellipse_zb03p7_E19p4;F3NCS_0125_iid_support_cylinder_zb06p4_E14p2;F3NCS_0128_iid_support_two_foci_zb02p9_E23p9;F3NCS_0131_iid_support_ellipse_zb05p4_E74p1;F3NCS_0132_iid_support_cylinder_zb07p9_E08p3;F3NCS_0139_iid_support_two_foci_zb03p2_E25p1;F3NCS_0141_iid_support_cylinder_zb01p5_E37p1;F3NCS_0142_iid_support_two_foci_zb05p0_E19p6;F3NCS_0146_iid_support_two_foci_zb04p1_E20p6;F3NCS_0149_iid_support_cylinder_zb03p2_E32p2;F3NCS_0155_iid_support_ellipse_zb06p3_E24p5;F3NCS_0158_iid_support_cylinder_zb05p7_E11p3;F3NCS_0161_iid_support_ellipse_zb01p6_E25p7;F3NCS_0162_iid_support_ellipse_zb03p2_E17p6;F3NCS_0163_iid_support_two_foci_zb06p0_E08p1;F3NCS_0165_iid_support_ellipse_zb04p1_E25p8;F3NCS_0179_iid_support_two_foci_zb03p8_E90p2;F3NCS_0183_iid_support_cylinder_zb06p6_E10p9;F3NCS_0184_iid_support_cylinder_zb03p7_E17p7;F3NCS_0188_iid_support_cylinder_zb02p6_E41p7;F3NCS_0198_iid_support_cylinder_zb05p9_E17p9;F3NCS_0199_iid_support_ellipse_zb06p2_E37p7;F3NCS_0202_iid_support_cylinder_zb03p7_E57p3;F3NCS_0220_iid_support_two_foci_zb02p4_E32p0;F3NCS_0223_iid_support_two_foci_zb05p1_E52p3;F3NCS_0239_iid_support_ellipse_zb02p9_E06p8;F3NCS_0262_iid_support_ellipse_zb05p7_E60p2;F3NCS_0272_iid_support_ellipse_zb02p7_E33p6;F3NCS_0278_iid_support_ellipse_zb02p1_E44p7;F3NCS_0284_iid_support_ellipse_zb03p7_E68p9;F3NCS_0288_iid_support_cylinder_zb03p9_E35p1;F3NCS_0296_iid_support_cylinder_zb06p2_E15p6;F3NCS_0300_iid_support_ellipse_zb07p6_E67p9;F3NCS_0306_iid_support_ellipse_zb04p6_E40p2;F3NCS_0315_iid_support_ellipse_zb08p0_E09p3;F3NCS_0316_iid_support_two_foci_zb02p8_E06p3,method2b_512_full_comsol_colab_cuda,fig3_true_ood,0,split_role/ood_split_family,iid_test,230,38,52,0.0705003067851066,0.0043522762134671,0.0108642764389514,0.0081411506980657,0.0204988494515419,0.0111037036404013,0.0260043311864137,0.016268216073513,0.0304991826415061,0.7244635853549724,0.8625730463157889,0.1222821778354643,14.44692869262371,0.0109071507725269,0.1144351214170456,0.0081915389746427,,
H:\My Drive\MN_simulation\outputs\rspi_joint_052026\method2b_512_five_seed_ood_full512_20260611\seed_1\posterior\rspi_posterior_metrics.csv,1,explicit_residual_target_diffusion,0.0741340890526771,0.1541653567550614,16.24026415481206,0.3684705364016386,2.852841377258301,9.43190776535894,0.5427343015327486,52,F3NCS_0009_iid_support_ellipse_zb07p3_E22p5;F3NCS_0010_iid_support_cylinder_zb06p1_E14p0;F3NCS_0019_iid_support_two_foci_zb05p4_E27p2;F3NCS_0021_iid_support_ellipse_zb05p6_E31p9;F3NCS_0023_iid_support_cylinder_zb05p0_E06p6;F3NCS_0027_iid_support_ellipse_zb02p3_E78p6;F3NCS_0035_iid_support_ellipse_zb02p8_E30p8;F3NCS_0037_iid_support_ellipse_zb08p0_E07p6;F3NCS_0044_iid_support_ellipse_zb07p2_E08p4;F3NCS_0079_iid_support_cylinder_zb04p3_E13p0;F3NCS_0081_iid_support_ellipse_zb05p9_E06p8;F3NCS_0089_iid_support_cylinder_zb05p4_E08p5;F3NCS_0091_iid_support_two_foci_zb03p9_E39p0;F3NCS_0097_iid_support_cylinder_zb06p3_E18p9;F3NCS_0100_iid_support_cylinder_zb03p6_E34p7;F3NCS_0104_iid_support_ellipse_zb03p3_E52p9;F3NCS_0111_iid_support_ellipse_zb03p7_E19p4;F3NCS_0125_iid_support_cylinder_zb06p4_E14p2;F3NCS_0128_iid_support_two_foci_zb02p9_E23p9;F3NCS_0131_iid_support_ellipse_zb05p4_E74p1;F3NCS_0132_iid_support_cylinder_zb07p9_E08p3;F3NCS_0139_iid_support_two_foci_zb03p2_E25p1;F3NCS_0141_iid_support_cylinder_zb01p5_E37p1;F3NCS_0142_iid_support_two_foci_zb05p0_E19p6;F3NCS_0146_iid_support_two_foci_zb04p1_E20p6;F3NCS_0149_iid_support_cylinder_zb03p2_E32p2;F3NCS_0155_iid_support_ellipse_zb06p3_E24p5;F3NCS_0158_iid_support_cylinder_zb05p7_E11p3;F3NCS_0161_iid_support_ellipse_zb01p6_E25p7;F3NCS_0162_iid_support_ellipse_zb03p2_E17p6;F3NCS_0163_iid_support_two_foci_zb06p0_E08p1;F3NCS_0165_iid_support_ellipse_zb04p1_E25p8;F3NCS_0179_iid_support_two_foci_zb03p8_E90p2;F3NCS_0183_iid_support_cylinder_zb06p6_E10p9;F3NCS_0184_iid_support_cylinder_zb03p7_E17p7;F3NCS_0188_iid_support_cylinder_zb02p6_E41p7;F3NCS_0198_iid_support_cylinder_zb05p9_E17p9;F3NCS_0199_iid_support_ellipse_zb06p2_E37p7;F3NCS_0202_iid_support_cylinder_zb03p7_E57p3;F3NCS_0220_iid_support_two_foci_zb02p4_E32p0;F3NCS_0223_iid_support_two_foci_zb05p1_E52p3;F3NCS_0239_iid_support_ellipse_zb02p9_E06p8;F3NCS_0262_iid_support_ellipse_zb05p7_E60p2;F3NCS_0272_iid_support_ellipse_zb02p7_E33p6;F3NCS_0278_iid_support_ellipse_zb02p1_E44p7;F3NCS_0284_iid_support_ellipse_zb03p7_E68p9;F3NCS_0288_iid_support_cylinder_zb03p9_E35p1;F3NCS_0296_iid_support_cylinder_zb06p2_E15p6;F3NCS_0300_iid_support_ellipse_zb07p6_E67p9;F3NCS_0306_iid_support_ellipse_zb04p6_E40p2;F3NCS_0315_iid_support_ellipse_zb08p0_E09p3;F3NCS_0316_iid_support_two_foci_zb02p8_E06p3,method2b_512_full_comsol_colab_cuda,fig3_true_ood,0,split_role/ood_split_family,iid_test,230,38,52,0.0548111535608768,0.7048434019088745,0.0206343010067939,0.7887855172157288,0.0788166373968124,0.833571195602417,0.1388574838638305,0.8704317808151245,0.2027786374092102,0.7970823676360682,0.7757562629321547,0.0869465500536253,2.9932759839089207,0.0207786874507075,0.5663946866989136,0.058379054069519,,0.7169247269630432
H:\My Drive\MN_simulation\outputs\rspi_joint_052026\method2b_512_five_seed_ood_full512_20260611\seed_1\posterior\rspi_posterior_metrics.csv,1,train_mean_prior,0.1438805907964706,0.2227556441798263,13.043425660066552,0.0330969039350748,4.35940408706665,13.246117364878684,,64,F3NCS_0384_ood_unseen_depth_range_two_foci_zb11p3_E39p2;F3NCS_0385_ood_unseen_depth_range_cylinder_zb11p5_E77p5;F3NCS_0386_ood_unseen_depth_range_ellipse_zb09p6_E94p6;F3NCS_0387_ood_unseen_depth_range_ellipse_zb10p9_E15p1;F3NCS_0388_ood_unseen_depth_range_two_foci_zb12p8_E07p0;F3NCS_0389_ood_unseen_depth_range_two_foci_zb08p9_E35p1;F3NCS_0390_ood_unseen_depth_range_two_foci_zb08p6_E39p9;F3NCS_0391_ood_unseen_depth_range_ellipse_zb11p5_E49p0;F3NCS_0392_ood_unseen_depth_range_two_foci_zb09p8_E39p6;F3NCS_0393_ood_unseen_depth_range_two_foci_zb13p5_E10p5;F3NCS_0394_ood_unseen_depth_range_cylinder_zb13p1_E17p7;F3NCS_0395_ood_unseen_depth_range_ellipse_zb11p9_E19p2;F3NCS_0396_ood_unseen_depth_range_ellipse_zb12p8_E35p8;F3NCS_0397_ood_unseen_depth_range_ellipse_zb11p0_E90p4;F3NCS_0398_ood_unseen_depth_range_two_foci_zb09p3_E06p2;F3NCS_0399_ood_unseen_depth_range_two_foci_zb12p6_E13p2;F3NCS_0400_ood_unseen_depth_range_ellipse_zb13p7_E19p7;F3NCS_0401_ood_unseen_depth_range_ellipse_zb09p5_E63p3;F3NCS_0402_ood_unseen_depth_range_cylinder_zb09p7_E17p8;F3NCS_0403_ood_unseen_depth_range_cylinder_zb13p3_E13p7;F3NCS_0404_ood_unseen_depth_range_two_foci_zb08p6_E25p9;F3NCS_0405_ood_unseen_depth_range_cylinder_zb09p6_E16p6;F3NCS_0406_ood_unseen_depth_range_two_foci_zb12p7_E08p4;F3NCS_0407_ood_unseen_depth_range_two_foci_zb10p5_E11p3;F3NCS_0408_ood_unseen_depth_range_ellipse_zb12p1_E31p3;F3NCS_0409_ood_unseen_depth_range_two_foci_zb08p9_E07p6;F3NCS_0410_ood_unseen_depth_range_ellipse_zb13p0_E23p5;F3NCS_0411_ood_unseen_depth_range_two_foci_zb14p0_E48p4;F3NCS_0412_ood_unseen_depth_range_ellipse_zb12p8_E74p8;F3NCS_0413_ood_unseen_depth_range_ellipse_zb12p0_E10p1;F3NCS_0414_ood_unseen_depth_range_cylinder_zb10p0_E74p1;F3NCS_0415_ood_unseen_depth_range_two_foci_zb11p6_E74p6;F3NCS_0416_ood_unseen_depth_range_two_foci_zb10p5_E76p3;F3NCS_0417_ood_unseen_depth_range_two_foci_zb13p3_E17p8;F3NCS_0418_ood_unseen_depth_range_ellipse_zb13p8_E28p3;F3NCS_0419_ood_unseen_depth_range_ellipse_zb09p0_E16p3;F3NCS_0420_ood_unseen_depth_range_cylinder_zb13p3_E28p6;F3NCS_0421_ood_unseen_depth_range_cylinder_zb11p0_E23p8;F3NCS_0422_ood_unseen_depth_range_ellipse_zb11p4_E23p6;F3NCS_0423_ood_unseen_depth_range_ellipse_zb09p3_E11p4;F3NCS_0424_ood_unseen_depth_range_ellipse_zb11p1_E21p4;F3NCS_0425_ood_unseen_depth_range_two_foci_zb13p1_E09p6;F3NCS_0426_ood_unseen_depth_range_cylinder_zb10p6_E06p2;F3NCS_0427_ood_unseen_depth_range_ellipse_zb13p9_E58p6;F3NCS_0428_ood_unseen_depth_range_ellipse_zb10p2_E73p0;F3NCS_0429_ood_unseen_depth_range_two_foci_zb09p5_E07p0;F3NCS_0430_ood_unseen_depth_range_two_foci_zb11p3_E33p1;F3NCS_0431_ood_unseen_depth_range_cylinder_zb08p8_E06p7;F3NCS_0432_ood_unseen_depth_range_cylinder_zb09p3_E08p3;F3NCS_0433_ood_unseen_depth_range_cylinder_zb12p9_E86p3;F3NCS_0434_ood_unseen_depth_range_ellipse_zb13p9_E71p4;F3NCS_0435_ood_unseen_depth_range_cylinder_zb10p5_E25p4;F3NCS_0436_ood_unseen_depth_range_ellipse_zb11p9_E84p1;F3NCS_0437_ood_unseen_depth_range_ellipse_zb10p1_E14p8;F3NCS_0438_ood_unseen_depth_range_ellipse_zb10p1_E24p0;F3NCS_0439_ood_unseen_depth_range_ellipse_zb10p5_E33p5;F3NCS_0440_ood_unseen_depth_range_two_foci_zb12p0_E12p1;F3NCS_0441_ood_unseen_depth_range_ellipse_zb12p4_E06p2;F3NCS_0442_ood_unseen_depth_range_ellipse_zb11p7_E13p1;F3NCS_0443_ood_unseen_depth_range_ellipse_zb11p2_E14p1;F3NCS_0444_ood_unseen_depth_range_ellipse_zb10p4_E07p3;F3NCS_0445_ood_unseen_depth_range_two_foci_zb13p3_E51p9;F3NCS_0446_ood_unseen_depth_range_cylinder_zb12p2_E10p8;F3NCS_0447_ood_unseen_depth_range_two_foci_zb11p7_E11p2,method2b_512_full_comsol_colab_cuda,fig3_true_ood,1,split_role/ood_split_family,ood_unseen_depth_range,230,38,64,,,,,,,,,,,,,,,,,,
H:\My Drive\MN_simulation\outputs\rspi_joint_052026\method2b_512_five_seed_ood_full512_20260611\seed_1\posterior\rspi_posterior_metrics.csv,1,srcnn_bz_single_channel,0.1282534897327423,0.2143420690984203,13.377851624967056,0.1093248298275284,4.250675678253174,12.98213729213626,0.3218615058922603,64,F3NCS_0384_ood_unseen_depth_range_two_foci_zb11p3_E39p2;F3NCS_0385_ood_unseen_depth_range_cylinder_zb11p5_E77p5;F3NCS_0386_ood_unseen_depth_range_ellipse_zb09p6_E94p6;F3NCS_0387_ood_unseen_depth_range_ellipse_zb10p9_E15p1;F3NCS_0388_ood_unseen_depth_range_two_foci_zb12p8_E07p0;F3NCS_0389_ood_unseen_depth_range_two_foci_zb08p9_E35p1;F3NCS_0390_ood_unseen_depth_range_two_foci_zb08p6_E39p9;F3NCS_0391_ood_unseen_depth_range_ellipse_zb11p5_E49p0;F3NCS_0392_ood_unseen_depth_range_two_foci_zb09p8_E39p6;F3NCS_0393_ood_unseen_depth_range_two_foci_zb13p5_E10p5;F3NCS_0394_ood_unseen_depth_range_cylinder_zb13p1_E17p7;F3NCS_0395_ood_unseen_depth_range_ellipse_zb11p9_E19p2;F3NCS_0396_ood_unseen_depth_range_ellipse_zb12p8_E35p8;F3NCS_0397_ood_unseen_depth_range_ellipse_zb11p0_E90p4;F3NCS_0398_ood_unseen_depth_range_two_foci_zb09p3_E06p2;F3NCS_0399_ood_unseen_depth_range_two_foci_zb12p6_E13p2;F3NCS_0400_ood_unseen_depth_range_ellipse_zb13p7_E19p7;F3NCS_0401_ood_unseen_depth_range_ellipse_zb09p5_E63p3;F3NCS_0402_ood_unseen_depth_range_cylinder_zb09p7_E17p8;F3NCS_0403_ood_unseen_depth_range_cylinder_zb13p3_E13p7;F3NCS_0404_ood_unseen_depth_range_two_foci_zb08p6_E25p9;F3NCS_0405_ood_unseen_depth_range_cylinder_zb09p6_E16p6;F3NCS_0406_ood_unseen_depth_range_two_foci_zb12p7_E08p4;F3NCS_0407_ood_unseen_depth_range_two_foci_zb10p5_E11p3;F3NCS_0408_ood_unseen_depth_range_ellipse_zb12p1_E31p3;F3NCS_0409_ood_unseen_depth_range_two_foci_zb08p9_E07p6;F3NCS_0410_ood_unseen_depth_range_ellipse_zb13p0_E23p5;F3NCS_0411_ood_unseen_depth_range_two_foci_zb14p0_E48p4;F3NCS_0412_ood_unseen_depth_range_ellipse_zb12p8_E74p8;F3NCS_0413_ood_unseen_depth_range_ellipse_zb12p0_E10p1;F3NCS_0414_ood_unseen_depth_range_cylinder_zb10p0_E74p1;F3NCS_0415_ood_unseen_depth_range_two_foci_zb11p6_E74p6;F3NCS_0416_ood_unseen_depth_range_two_foci_zb10p5_E76p3;F3NCS_0417_ood_unseen_depth_range_two_foci_zb13p3_E17p8;F3NCS_0418_ood_unseen_depth_range_ellipse_zb13p8_E28p3;F3NCS_0419_ood_unseen_depth_range_ellipse_zb09p0_E16p3;F3NCS_0420_ood_unseen_depth_range_cylinder_zb13p3_E28p6;F3NCS_0421_ood_unseen_depth_range_cylinder_zb11p0_E23p8;F3NCS_0422_ood_unseen_depth_range_ellipse_zb11p4_E23p6;F3NCS_0423_ood_unseen_depth_range_ellipse_zb09p3_E11p4;F3NCS_0424_ood_unseen_depth_range_ellipse_zb11p1_E21p4;F3NCS_0425_ood_unseen_depth_range_two_foci_zb13p1_E09p6;F3NCS_0426_ood_unseen_depth_range_cylinder_zb10p6_E06p2;F3NCS_0427_ood_unseen_depth_range_ellipse_zb13p9_E58p6;F3NCS_0428_ood_unseen_depth_range_ellipse_zb10p2_E73p0;F3NCS_0429_ood_unseen_depth_range_two_foci_zb09p5_E07p0;F3NCS_0430_ood_unseen_depth_range_two_foci_zb11p3_E33p1;F3NCS_0431_ood_unseen_depth_range_cylinder_zb08p8_E06p7;F3NCS_0432_ood_unseen_depth_range_cylinder_zb09p3_E08p3;F3NCS_0433_ood_unseen_depth_range_cylinder_zb12p9_E86p3;F3NCS_0434_ood_unseen_depth_range_ellipse_zb13p9_E71p4;F3NCS_0435_ood_unseen_depth_range_cylinder_zb10p5_E25p4;F3NCS_0436_ood_unseen_depth_range_ellipse_zb11p9_E84p1;F3NCS_0437_ood_unseen_depth_range_ellipse_zb10p1_E14p8;F3NCS_0438_ood_unseen_depth_range_ellipse_zb10p1_E24p0;F3NCS_0439_ood_unseen_depth_range_ellipse_zb10p5_E33p5;F3NCS_0440_ood_unseen_depth_range_two_foci_zb12p0_E12p1;F3NCS_0441_ood_unseen_depth_range_ellipse_zb12p4_E06p2;F3NCS_0442_ood_unseen_depth_range_ellipse_zb11p7_E13p1;F3NCS_0443_ood_unseen_depth_range_ellipse_zb11p2_E14p1;F3NCS_0444_ood_unseen_depth_range_ellipse_zb10p4_E07p3;F3NCS_0445_ood_unseen_depth_range_two_foci_zb13p3_E51p9;F3NCS_0446_ood_unseen_depth_range_cylinder_zb12p2_E10p8;F3NCS_0447_ood_unseen_depth_range_two_foci_zb11p7_E11p2,method2b_512_full_comsol_colab_cuda,fig3_true_ood,1,split_role/ood_split_family,ood_unseen_depth_range,230,38,64,0.1282534897327423,0.0,0.0,0.0,0.0,0.0,0.0,0.0,0.0,,0.5,0.2123462074216859,21234620.7421686,0.0831137800714356,0.1403923034667968,0.0,,
H:\My Drive\MN_simulation\outputs\rspi_joint_052026\method2b_512_five_seed_ood_full512_20260611\seed_1\posterior\rspi_posterior_metrics.csv,1,unet_canonical_bxyz,0.0818738490343093,0.159579086062515,15.940480530733456,0.340779229067266,3.2601354122161865,10.770914004901188,0.550849494014216,64,F3NCS_0384_ood_unseen_depth_range_two_foci_zb11p3_E39p2;F3NCS_0385_ood_unseen_depth_range_cylinder_zb11p5_E77p5;F3NCS_0386_ood_unseen_depth_range_ellipse_zb09p6_E94p6;F3NCS_0387_ood_unseen_depth_range_ellipse_zb10p9_E15p1;F3NCS_0388_ood_unseen_depth_range_two_foci_zb12p8_E07p0;F3NCS_0389_ood_unseen_depth_range_two_foci_zb08p9_E35p1;F3NCS_0390_ood_unseen_depth_range_two_foci_zb08p6_E39p9;F3NCS_0391_ood_unseen_depth_range_ellipse_zb11p5_E49p0;F3NCS_0392_ood_unseen_depth_range_two_foci_zb09p8_E39p6;F3NCS_0393_ood_unseen_depth_range_two_foci_zb13p5_E10p5;F3NCS_0394_ood_unseen_depth_range_cylinder_zb13p1_E17p7;F3NCS_0395_ood_unseen_depth_range_ellipse_zb11p9_E19p2;F3NCS_0396_ood_unseen_depth_range_ellipse_zb12p8_E35p8;F3NCS_0397_ood_unseen_depth_range_ellipse_zb11p0_E90p4;F3NCS_0398_ood_unseen_depth_range_two_foci_zb09p3_E06p2;F3NCS_0399_ood_unseen_depth_range_two_foci_zb12p6_E13p2;F3NCS_0400_ood_unseen_depth_range_ellipse_zb13p7_E19p7;F3NCS_0401_ood_unseen_depth_range_ellipse_zb09p5_E63p3;F3NCS_0402_ood_unseen_depth_range_cylinder_zb09p7_E17p8;F3NCS_0403_ood_unseen_depth_range_cylinder_zb13p3_E13p7;F3NCS_0404_ood_unseen_depth_range_two_foci_zb08p6_E25p9;F3NCS_0405_ood_unseen_depth_range_cylinder_zb09p6_E16p6;F3NCS_0406_ood_unseen_depth_range_two_foci_zb12p7_E08p4;F3NCS_0407_ood_unseen_depth_range_two_foci_zb10p5_E11p3;F3NCS_0408_ood_unseen_depth_range_ellipse_zb12p1_E31p3;F3NCS_0409_ood_unseen_depth_range_two_foci_zb08p9_E07p6;F3NCS_0410_ood_unseen_depth_range_ellipse_zb13p0_E23p5;F3NCS_0411_ood_unseen_depth_range_two_foci_zb14p0_E48p4;F3NCS_0412_ood_unseen_depth_range_ellipse_zb12p8_E74p8;F3NCS_0413_ood_unseen_depth_range_ellipse_zb12p0_E10p1;F3NCS_0414_ood_unseen_depth_range_cylinder_zb10p0_E74p1;F3NCS_0415_ood_unseen_depth_range_two_foci_zb11p6_E74p6;F3NCS_0416_ood_unseen_depth_range_two_foci_zb10p5_E76p3;F3NCS_0417_ood_unseen_depth_range_two_foci_zb13p3_E17p8;F3NCS_0418_ood_unseen_depth_range_ellipse_zb13p8_E28p3;F3NCS_0419_ood_unseen_depth_range_ellipse_zb09p0_E16p3;F3NCS_0420_ood_unseen_depth_range_cylinder_zb13p3_E28p6;F3NCS_0421_ood_unseen_depth_range_cylinder_zb11p0_E23p8;F3NCS_0422_ood_unseen_depth_range_ellipse_zb11p4_E23p6;F3NCS_0423_ood_unseen_depth_range_ellipse_zb09p3_E11p4;F3NCS_0424_ood_unseen_depth_range_ellipse_zb11p1_E21p4;F3NCS_0425_ood_unseen_depth_range_two_foci_zb13p1_E09p6;F3NCS_0426_ood_unseen_depth_range_cylinder_zb10p6_E06p2;F3NCS_0427_ood_unseen_depth_range_ellipse_zb13p9_E58p6;F3NCS_0428_ood_unseen_depth_range_ellipse_zb10p2_E73p0;F3NCS_0429_ood_unseen_depth_range_two_foci_zb09p5_E07p0;F3NCS_0430_ood_unseen_depth_range_two_foci_zb11p3_E33p1;F3NCS_0431_ood_unseen_depth_range_cylinder_zb08p8_E06p7;F3NCS_0432_ood_unseen_depth_range_cylinder_zb09p3_E08p3;F3NCS_0433_ood_unseen_depth_range_cylinder_zb12p9_E86p3;F3NCS_0434_ood_unseen_depth_range_ellipse_zb13p9_E71p4;F3NCS_0435_ood_unseen_depth_range_cylinder_zb10p5_E25p4;F3NCS_0436_ood_unseen_depth_range_ellipse_zb11p9_E84p1;F3NCS_0437_ood_unseen_depth_range_ellipse_zb10p1_E14p8;F3NCS_0438_ood_unseen_depth_range_ellipse_zb10p1_E24p0;F3NCS_0439_ood_unseen_depth_range_ellipse_zb10p5_E33p5;F3NCS_0440_ood_unseen_depth_range_two_foci_zb12p0_E12p1;F3NCS_0441_ood_unseen_depth_range_ellipse_zb12p4_E06p2;F3NCS_0442_ood_unseen_depth_range_ellipse_zb11p7_E13p1;F3NCS_0443_ood_unseen_depth_range_ellipse_zb11p2_E14p1;F3NCS_0444_ood_unseen_depth_range_ellipse_zb10p4_E07p3;F3NCS_0445_ood_unseen_depth_range_two_foci_zb13p3_E51p9;F3NCS_0446_ood_unseen_depth_range_cylinder_zb12p2_E10p8;F3NCS_0447_ood_unseen_depth_range_two_foci_zb11p7_E11p2,method2b_512_full_comsol_colab_cuda,fig3_true_ood,1,split_role/ood_split_family,ood_unseen_depth_range,230,38,64,0.0818738564848899,0.0,0.0,0.0,0.0,0.0,0.0,0.0,0.0,,0.5,0.1581707838340177,15817078.38340178,0.0609744288293809,0.1053924560546875,0.0,,
H:\My Drive\MN_simulation\outputs\rspi_joint_052026\method2b_512_five_seed_ood_full512_20260611\seed_1\posterior\rspi_posterior_metrics.csv,1,vanilla_diffusion,0.4332229197025299,0.4464105987337008,7.0053100575332605,0.0508836657099891,12.259827613830566,14.997337104941591,0.2413891921233019,64,F3NCS_0384_ood_unseen_depth_range_two_foci_zb11p3_E39p2;F3NCS_0385_ood_unseen_depth_range_cylinder_zb11p5_E77p5;F3NCS_0386_ood_unseen_depth_range_ellipse_zb09p6_E94p6;F3NCS_0387_ood_unseen_depth_range_ellipse_zb10p9_E15p1;F3NCS_0388_ood_unseen_depth_range_two_foci_zb12p8_E07p0;F3NCS_0389_ood_unseen_depth_range_two_foci_zb08p9_E35p1;F3NCS_0390_ood_unseen_depth_range_two_foci_zb08p6_E39p9;F3NCS_0391_ood_unseen_depth_range_ellipse_zb11p5_E49p0;F3NCS_0392_ood_unseen_depth_range_two_foci_zb09p8_E39p6;F3NCS_0393_ood_unseen_depth_range_two_foci_zb13p5_E10p5;F3NCS_0394_ood_unseen_depth_range_cylinder_zb13p1_E17p7;F3NCS_0395_ood_unseen_depth_range_ellipse_zb11p9_E19p2;F3NCS_0396_ood_unseen_depth_range_ellipse_zb12p8_E35p8;F3NCS_0397_ood_unseen_depth_range_ellipse_zb11p0_E90p4;F3NCS_0398_ood_unseen_depth_range_two_foci_zb09p3_E06p2;F3NCS_0399_ood_unseen_depth_range_two_foci_zb12p6_E13p2;F3NCS_0400_ood_unseen_depth_range_ellipse_zb13p7_E19p7;F3NCS_0401_ood_unseen_depth_range_ellipse_zb09p5_E63p3;F3NCS_0402_ood_unseen_depth_range_cylinder_zb09p7_E17p8;F3NCS_0403_ood_unseen_depth_range_cylinder_zb13p3_E13p7;F3NCS_0404_ood_unseen_depth_range_two_foci_zb08p6_E25p9;F3NCS_0405_ood_unseen_depth_range_cylinder_zb09p6_E16p6;F3NCS_0406_ood_unseen_depth_range_two_foci_zb12p7_E08p4;F3NCS_0407_ood_unseen_depth_range_two_foci_zb10p5_E11p3;F3NCS_0408_ood_unseen_depth_range_ellipse_zb12p1_E31p3;F3NCS_0409_ood_unseen_depth_range_two_foci_zb08p9_E07p6;F3NCS_0410_ood_unseen_depth_range_ellipse_zb13p0_E23p5;F3NCS_0411_ood_unseen_depth_range_two_foci_zb14p0_E48p4;F3NCS_0412_ood_unseen_depth_range_ellipse_zb12p8_E74p8;F3NCS_0413_ood_unseen_depth_range_ellipse_zb12p0_E10p1;F3NCS_0414_ood_unseen_depth_range_cylinder_zb10p0_E74p1;F3NCS_0415_ood_unseen_depth_range_two_foci_zb11p6_E74p6;F3NCS_0416_ood_unseen_depth_range_two_foci_zb10p5_E76p3;F3NCS_0417_ood_unseen_depth_range_two_foci_zb13p3_E17p8;F3NCS_0418_ood_unseen_depth_range_ellipse_zb13p8_E28p3;F3NCS_0419_ood_unseen_depth_range_ellipse_zb09p0_E16p3;F3NCS_0420_ood_unseen_depth_range_cylinder_zb13p3_E28p6;F3NCS_0421_ood_unseen_depth_range_cylinder_zb11p0_E23p8;F3NCS_0422_ood_unseen_depth_range_ellipse_zb11p4_E23p6;F3NCS_0423_ood_unseen_depth_range_ellipse_zb09p3_E11p4;F3NCS_0424_ood_unseen_depth_range_ellipse_zb11p1_E21p4;F3NCS_0425_ood_unseen_depth_range_two_foci_zb13p1_E09p6;F3NCS_0426_ood_unseen_depth_range_cylinder_zb10p6_E06p2;F3NCS_0427_ood_unseen_depth_range_ellipse_zb13p9_E58p6;F3NCS_0428_ood_unseen_depth_range_ellipse_zb10p2_E73p0;F3NCS_0429_ood_unseen_depth_range_two_foci_zb09p5_E07p0;F3NCS_0430_ood_unseen_depth_range_two_foci_zb11p3_E33p1;F3NCS_0431_ood_unseen_depth_range_cylinder_zb08p8_E06p7;F3NCS_0432_ood_unseen_depth_range_cylinder_zb09p3_E08p3;F3NCS_0433_ood_unseen_depth_range_cylinder_zb12p9_E86p3;F3NCS_0434_ood_unseen_depth_range_ellipse_zb13p9_E71p4;F3NCS_0435_ood_unseen_depth_range_cylinder_zb10p5_E25p4;F3NCS_0436_ood_unseen_depth_range_ellipse_zb11p9_E84p1;F3NCS_0437_ood_unseen_depth_range_ellipse_zb10p1_E14p8;F3NCS_0438_ood_unseen_depth_range_ellipse_zb10p1_E24p0;F3NCS_0439_ood_unseen_depth_range_ellipse_zb10p5_E33p5;F3NCS_0440_ood_unseen_depth_range_two_foci_zb12p0_E12p1;F3NCS_0441_ood_unseen_depth_range_ellipse_zb12p4_E06p2;F3NCS_0442_ood_unseen_depth_range_ellipse_zb11p7_E13p1;F3NCS_0443_ood_unseen_depth_range_ellipse_zb11p2_E14p1;F3NCS_0444_ood_unseen_depth_range_ellipse_zb10p4_E07p3;F3NCS_0445_ood_unseen_depth_range_two_foci_zb13p3_E51p9;F3NCS_0446_ood_unseen_depth_range_cylinder_zb12p2_E10p8;F3NCS_0447_ood_unseen_depth_range_two_foci_zb11p7_E11p2,method2b_512_full_comsol_colab_cuda,fig3_true_ood,1,split_role/ood_split_family,ood_unseen_depth_range,230,38,64,,,,,,,,,,,,,,,,0.079547569155693,64.0,
H:\My Drive\MN_simulation\outputs\rspi_joint_052026\method2b_512_five_seed_ood_full512_20260611\seed_1\posterior\rspi_posterior_metrics.csv,1,prior_init_diffusion_unet,0.0839423984289169,0.1594791754413837,15.945920368919072,0.1832993819843977,3.2668964862823486,10.818610256445112,0.5425128675020583,64,F3NCS_0384_ood_unseen_depth_range_two_foci_zb11p3_E39p2;F3NCS_0385_ood_unseen_depth_range_cylinder_zb11p5_E77p5;F3NCS_0386_ood_unseen_depth_range_ellipse_zb09p6_E94p6;F3NCS_0387_ood_unseen_depth_range_ellipse_zb10p9_E15p1;F3NCS_0388_ood_unseen_depth_range_two_foci_zb12p8_E07p0;F3NCS_0389_ood_unseen_depth_range_two_foci_zb08p9_E35p1;F3NCS_0390_ood_unseen_depth_range_two_foci_zb08p6_E39p9;F3NCS_0391_ood_unseen_depth_range_ellipse_zb11p5_E49p0;F3NCS_0392_ood_unseen_depth_range_two_foci_zb09p8_E39p6;F3NCS_0393_ood_unseen_depth_range_two_foci_zb13p5_E10p5;F3NCS_0394_ood_unseen_depth_range_cylinder_zb13p1_E17p7;F3NCS_0395_ood_unseen_depth_range_ellipse_zb11p9_E19p2;F3NCS_0396_ood_unseen_depth_range_ellipse_zb12p8_E35p8;F3NCS_0397_ood_unseen_depth_range_ellipse_zb11p0_E90p4;F3NCS_0398_ood_unseen_depth_range_two_foci_zb09p3_E06p2;F3NCS_0399_ood_unseen_depth_range_two_foci_zb12p6_E13p2;F3NCS_0400_ood_unseen_depth_range_ellipse_zb13p7_E19p7;F3NCS_0401_ood_unseen_depth_range_ellipse_zb09p5_E63p3;F3NCS_0402_ood_unseen_depth_range_cylinder_zb09p7_E17p8;F3NCS_0403_ood_unseen_depth_range_cylinder_zb13p3_E13p7;F3NCS_0404_ood_unseen_depth_range_two_foci_zb08p6_E25p9;F3NCS_0405_ood_unseen_depth_range_cylinder_zb09p6_E16p6;F3NCS_0406_ood_unseen_depth_range_two_foci_zb12p7_E08p4;F3NCS_0407_ood_unseen_depth_range_two_foci_zb10p5_E11p3;F3NCS_0408_ood_unseen_depth_range_ellipse_zb12p1_E31p3;F3NCS_0409_ood_unseen_depth_range_two_foci_zb08p9_E07p6;F3NCS_0410_ood_unseen_depth_range_ellipse_zb13p0_E23p5;F3NCS_0411_ood_unseen_depth_range_two_foci_zb14p0_E48p4;F3NCS_0412_ood_unseen_depth_range_ellipse_zb12p8_E74p8;F3NCS_0413_ood_unseen_depth_range_ellipse_zb12p0_E10p1;F3NCS_0414_ood_unseen_depth_range_cylinder_zb10p0_E74p1;F3NCS_0415_ood_unseen_depth_range_two_foci_zb11p6_E74p6;F3NCS_0416_ood_unseen_depth_range_two_foci_zb10p5_E76p3;F3NCS_0417_ood_unseen_depth_range_two_foci_zb13p3_E17p8;F3NCS_0418_ood_unseen_depth_range_ellipse_zb13p8_E28p3;F3NCS_0419_ood_unseen_depth_range_ellipse_zb09p0_E16p3;F3NCS_0420_ood_unseen_depth_range_cylinder_zb13p3_E28p6;F3NCS_0421_ood_unseen_depth_range_cylinder_zb11p0_E23p8;F3NCS_0422_ood_unseen_depth_range_ellipse_zb11p4_E23p6;F3NCS_0423_ood_unseen_depth_range_ellipse_zb09p3_E11p4;F3NCS_0424_ood_unseen_depth_range_ellipse_zb11p1_E21p4;F3NCS_0425_ood_unseen_depth_range_two_foci_zb13p1_E09p6;F3NCS_0426_ood_unseen_depth_range_cylinder_zb10p6_E06p2;F3NCS_0427_ood_unseen_depth_range_ellipse_zb13p9_E58p6;F3NCS_0428_ood_unseen_depth_range_ellipse_zb10p2_E73p0;F3NCS_0429_ood_unseen_depth_range_two_foci_zb09p5_E07p0;F3NCS_0430_ood_unseen_depth_range_two_foci_zb11p3_E33p1;F3NCS_0431_ood_unseen_depth_range_cylinder_zb08p8_E06p7;F3NCS_0432_ood_unseen_depth_range_cylinder_zb09p3_E08p3;F3NCS_0433_ood_unseen_depth_range_cylinder_zb12p9_E86p3;F3NCS_0434_ood_unseen_depth_range_ellipse_zb13p9_E71p4;F3NCS_0435_ood_unseen_depth_range_cylinder_zb10p5_E25p4;F3NCS_0436_ood_unseen_depth_range_ellipse_zb11p9_E84p1;F3NCS_0437_ood_unseen_depth_range_ellipse_zb10p1_E14p8;F3NCS_0438_ood_unseen_depth_range_ellipse_zb10p1_E24p0;F3NCS_0439_ood_unseen_depth_range_ellipse_zb10p5_E33p5;F3NCS_0440_ood_unseen_depth_range_two_foci_zb12p0_E12p1;F3NCS_0441_ood_unseen_depth_range_ellipse_zb12p4_E06p2;F3NCS_0442_ood_unseen_depth_range_ellipse_zb11p7_E13p1;F3NCS_0443_ood_unseen_depth_range_ellipse_zb11p2_E14p1;F3NCS_0444_ood_unseen_depth_range_ellipse_zb10p4_E07p3;F3NCS_0445_ood_unseen_depth_range_two_foci_zb13p3_E51p9;F3NCS_0446_ood_unseen_depth_range_cylinder_zb12p2_E10p8;F3NCS_0447_ood_unseen_depth_range_two_foci_zb11p7_E11p2,method2b_512_full_comsol_colab_cuda,fig3_true_ood,1,split_role/ood_split_family,ood_unseen_depth_range,230,38,64,0.078209675848484,0.004852294921875,0.0137204974889755,0.0092315673828125,0.0258579179644584,0.0119285583496093,0.0327830426394939,0.0157012939453125,0.0384214259684085,0.7604869654222508,0.8511512770185299,0.1208971006548302,10.759858987713825,0.0113688134624856,0.1088627576828002,0.0103136217221617,,
H:\My Drive\MN_simulation\outputs\rspi_joint_052026\method2b_512_five_seed_ood_full512_20260611\seed_1\posterior\rspi_posterior_metrics.csv,1,residual_likelihood_guided_diffusion,0.0839094668626785,0.1594711747483199,15.946356130390743,0.1836443175561726,3.2664003372192383,10.818553486873364,0.5427271916041176,64,F3NCS_0384_ood_unseen_depth_range_two_foci_zb11p3_E39p2;F3NCS_0385_ood_unseen_depth_range_cylinder_zb11p5_E77p5;F3NCS_0386_ood_unseen_depth_range_ellipse_zb09p6_E94p6;F3NCS_0387_ood_unseen_depth_range_ellipse_zb10p9_E15p1;F3NCS_0388_ood_unseen_depth_range_two_foci_zb12p8_E07p0;F3NCS_0389_ood_unseen_depth_range_two_foci_zb08p9_E35p1;F3NCS_0390_ood_unseen_depth_range_two_foci_zb08p6_E39p9;F3NCS_0391_ood_unseen_depth_range_ellipse_zb11p5_E49p0;F3NCS_0392_ood_unseen_depth_range_two_foci_zb09p8_E39p6;F3NCS_0393_ood_unseen_depth_range_two_foci_zb13p5_E10p5;F3NCS_0394_ood_unseen_depth_range_cylinder_zb13p1_E17p7;F3NCS_0395_ood_unseen_depth_range_ellipse_zb11p9_E19p2;F3NCS_0396_ood_unseen_depth_range_ellipse_zb12p8_E35p8;F3NCS_0397_ood_unseen_depth_range_ellipse_zb11p0_E90p4;F3NCS_0398_ood_unseen_depth_range_two_foci_zb09p3_E06p2;F3NCS_0399_ood_unseen_depth_range_two_foci_zb12p6_E13p2;F3NCS_0400_ood_unseen_depth_range_ellipse_zb13p7_E19p7;F3NCS_0401_ood_unseen_depth_range_ellipse_zb09p5_E63p3;F3NCS_0402_ood_unseen_depth_range_cylinder_zb09p7_E17p8;F3NCS_0403_ood_unseen_depth_range_cylinder_zb13p3_E13p7;F3NCS_0404_ood_unseen_depth_range_two_foci_zb08p6_E25p9;F3NCS_0405_ood_unseen_depth_range_cylinder_zb09p6_E16p6;F3NCS_0406_ood_unseen_depth_range_two_foci_zb12p7_E08p4;F3NCS_0407_ood_unseen_depth_range_two_foci_zb10p5_E11p3;F3NCS_0408_ood_unseen_depth_range_ellipse_zb12p1_E31p3;F3NCS_0409_ood_unseen_depth_range_two_foci_zb08p9_E07p6;F3NCS_0410_ood_unseen_depth_range_ellipse_zb13p0_E23p5;F3NCS_0411_ood_unseen_depth_range_two_foci_zb14p0_E48p4;F3NCS_0412_ood_unseen_depth_range_ellipse_zb12p8_E74p8;F3NCS_0413_ood_unseen_depth_range_ellipse_zb12p0_E10p1;F3NCS_0414_ood_unseen_depth_range_cylinder_zb10p0_E74p1;F3NCS_0415_ood_unseen_depth_range_two_foci_zb11p6_E74p6;F3NCS_0416_ood_unseen_depth_range_two_foci_zb10p5_E76p3;F3NCS_0417_ood_unseen_depth_range_two_foci_zb13p3_E17p8;F3NCS_0418_ood_unseen_depth_range_ellipse_zb13p8_E28p3;F3NCS_0419_ood_unseen_depth_range_ellipse_zb09p0_E16p3;F3NCS_0420_ood_unseen_depth_range_cylinder_zb13p3_E28p6;F3NCS_0421_ood_unseen_depth_range_cylinder_zb11p0_E23p8;F3NCS_0422_ood_unseen_depth_range_ellipse_zb11p4_E23p6;F3NCS_0423_ood_unseen_depth_range_ellipse_zb09p3_E11p4;F3NCS_0424_ood_unseen_depth_range_ellipse_zb11p1_E21p4;F3NCS_0425_ood_unseen_depth_range_two_foci_zb13p1_E09p6;F3NCS_0426_ood_unseen_depth_range_cylinder_zb10p6_E06p2;F3NCS_0427_ood_unseen_depth_range_ellipse_zb13p9_E58p6;F3NCS_0428_ood_unseen_depth_range_ellipse_zb10p2_E73p0;F3NCS_0429_ood_unseen_depth_range_two_foci_zb09p5_E07p0;F3NCS_0430_ood_unseen_depth_range_two_foci_zb11p3_E33p1;F3NCS_0431_ood_unseen_depth_range_cylinder_zb08p8_E06p7;F3NCS_0432_ood_unseen_depth_range_cylinder_zb09p3_E08p3;F3NCS_0433_ood_unseen_depth_range_cylinder_zb12p9_E86p3;F3NCS_0434_ood_unseen_depth_range_ellipse_zb13p9_E71p4;F3NCS_0435_ood_unseen_depth_range_cylinder_zb10p5_E25p4;F3NCS_0436_ood_unseen_depth_range_ellipse_zb11p9_E84p1;F3NCS_0437_ood_unseen_depth_range_ellipse_zb10p1_E14p8;F3NCS_0438_ood_unseen_depth_range_ellipse_zb10p1_E24p0;F3NCS_0439_ood_unseen_depth_range_ellipse_zb10p5_E33p5;F3NCS_0440_ood_unseen_depth_range_two_foci_zb12p0_E12p1;F3NCS_0441_ood_unseen_depth_range_ellipse_zb12p4_E06p2;F3NCS_0442_ood_unseen_depth_range_ellipse_zb11p7_E13p1;F3NCS_0443_ood_unseen_depth_range_ellipse_zb11p2_E14p1;F3NCS_0444_ood_unseen_depth_range_ellipse_zb10p4_E07p3;F3NCS_0445_ood_unseen_depth_range_two_foci_zb13p3_E51p9;F3NCS_0446_ood_unseen_depth_range_cylinder_zb12p2_E10p8;F3NCS_0447_ood_unseen_depth_range_two_foci_zb11p7_E11p2,method2b_512_full_comsol_colab_cuda,fig3_true_ood,1,split_role/ood_split_family,ood_unseen_depth_range,230,38,64,0.078177735209465,0.0048789978027343,0.0137248123064637,0.0091972351074218,0.0258617550134658,0.0119552612304687,0.032760452479124,0.0155868530273437,0.0383990071713924,0.7632831286785644,0.8523469997346682,0.1206145937053821,10.717608521095038,0.0113139790133009,0.1088718771934509,0.0103110410273075,,
H:\My Drive\MN_simulation\outputs\rspi_joint_052026\method2b_512_five_seed_ood_full512_20260611\seed_1\posterior\rspi_posterior_metrics.csv,1,explicit_residual_target_diffusion,0.0944198817014694,0.161974333622535,15.811075962136576,0.1732551783788949,3.4010019302368164,10.803866958629472,0.5468286921935505,64,F3NCS_0384_ood_unseen_depth_range_two_foci_zb11p3_E39p2;F3NCS_0385_ood_unseen_depth_range_cylinder_zb11p5_E77p5;F3NCS_0386_ood_unseen_depth_range_ellipse_zb09p6_E94p6;F3NCS_0387_ood_unseen_depth_range_ellipse_zb10p9_E15p1;F3NCS_0388_ood_unseen_depth_range_two_foci_zb12p8_E07p0;F3NCS_0389_ood_unseen_depth_range_two_foci_zb08p9_E35p1;F3NCS_0390_ood_unseen_depth_range_two_foci_zb08p6_E39p9;F3NCS_0391_ood_unseen_depth_range_ellipse_zb11p5_E49p0;F3NCS_0392_ood_unseen_depth_range_two_foci_zb09p8_E39p6;F3NCS_0393_ood_unseen_depth_range_two_foci_zb13p5_E10p5;F3NCS_0394_ood_unseen_depth_range_cylinder_zb13p1_E17p7;F3NCS_0395_ood_unseen_depth_range_ellipse_zb11p9_E19p2;F3NCS_0396_ood_unseen_depth_range_ellipse_zb12p8_E35p8;F3NCS_0397_ood_unseen_depth_range_ellipse_zb11p0_E90p4;F3NCS_0398_ood_unseen_depth_range_two_foci_zb09p3_E06p2;F3NCS_0399_ood_unseen_depth_range_two_foci_zb12p6_E13p2;F3NCS_0400_ood_unseen_depth_range_ellipse_zb13p7_E19p7;F3NCS_0401_ood_unseen_depth_range_ellipse_zb09p5_E63p3;F3NCS_0402_ood_unseen_depth_range_cylinder_zb09p7_E17p8;F3NCS_0403_ood_unseen_depth_range_cylinder_zb13p3_E13p7;F3NCS_0404_ood_unseen_depth_range_two_foci_zb08p6_E25p9;F3NCS_0405_ood_unseen_depth_range_cylinder_zb09p6_E16p6;F3NCS_0406_ood_unseen_depth_range_two_foci_zb12p7_E08p4;F3NCS_0407_ood_unseen_depth_range_two_foci_zb10p5_E11p3;F3NCS_0408_ood_unseen_depth_range_ellipse_zb12p1_E31p3;F3NCS_0409_ood_unseen_depth_range_two_foci_zb08p9_E07p6;F3NCS_0410_ood_unseen_depth_range_ellipse_zb13p0_E23p5;F3NCS_0411_ood_unseen_depth_range_two_foci_zb14p0_E48p4;F3NCS_0412_ood_unseen_depth_range_ellipse_zb12p8_E74p8;F3NCS_0413_ood_unseen_depth_range_ellipse_zb12p0_E10p1;F3NCS_0414_ood_unseen_depth_range_cylinder_zb10p0_E74p1;F3NCS_0415_ood_unseen_depth_range_two_foci_zb11p6_E74p6;F3NCS_0416_ood_unseen_depth_range_two_foci_zb10p5_E76p3;F3NCS_0417_ood_unseen_depth_range_two_foci_zb13p3_E17p8;F3NCS_0418_ood_unseen_depth_range_ellipse_zb13p8_E28p3;F3NCS_0419_ood_unseen_depth_range_ellipse_zb09p0_E16p3;F3NCS_0420_ood_unseen_depth_range_cylinder_zb13p3_E28p6;F3NCS_0421_ood_unseen_depth_range_cylinder_zb11p0_E23p8;F3NCS_0422_ood_unseen_depth_range_ellipse_zb11p4_E23p6;F3NCS_0423_ood_unseen_depth_range_ellipse_zb09p3_E11p4;F3NCS_0424_ood_unseen_depth_range_ellipse_zb11p1_E21p4;F3NCS_0425_ood_unseen_depth_range_two_foci_zb13p1_E09p6;F3NCS_0426_ood_unseen_depth_range_cylinder_zb10p6_E06p2;F3NCS_0427_ood_unseen_depth_range_ellipse_zb13p9_E58p6;F3NCS_0428_ood_unseen_depth_range_ellipse_zb10p2_E73p0;F3NCS_0429_ood_unseen_depth_range_two_foci_zb09p5_E07p0;F3NCS_0430_ood_unseen_depth_range_two_foci_zb11p3_E33p1;F3NCS_0431_ood_unseen_depth_range_cylinder_zb08p8_E06p7;F3NCS_0432_ood_unseen_depth_range_cylinder_zb09p3_E08p3;F3NCS_0433_ood_unseen_depth_range_cylinder_zb12p9_E86p3;F3NCS_0434_ood_unseen_depth_range_ellipse_zb13p9_E71p4;F3NCS_0435_ood_unseen_depth_range_cylinder_zb10p5_E25p4;F3NCS_0436_ood_unseen_depth_range_ellipse_zb11p9_E84p1;F3NCS_0437_ood_unseen_depth_range_ellipse_zb10p1_E14p8;F3NCS_0438_ood_unseen_depth_range_ellipse_zb10p1_E24p0;F3NCS_0439_ood_unseen_depth_range_ellipse_zb10p5_E33p5;F3NCS_0440_ood_unseen_depth_range_two_foci_zb12p0_E12p1;F3NCS_0441_ood_unseen_depth_range_ellipse_zb12p4_E06p2;F3NCS_0442_ood_unseen_depth_range_ellipse_zb11p7_E13p1;F3NCS_0443_ood_unseen_depth_range_ellipse_zb11p2_E14p1;F3NCS_0444_ood_unseen_depth_range_ellipse_zb10p4_E07p3;F3NCS_0445_ood_unseen_depth_range_two_foci_zb13p3_E51p9;F3NCS_0446_ood_unseen_depth_range_cylinder_zb12p2_E10p8;F3NCS_0447_ood_unseen_depth_range_two_foci_zb11p7_E11p2,method2b_512_full_comsol_colab_cuda,fig3_true_ood,1,split_role/ood_split_family,ood_unseen_depth_range,230,38,64,0.061104092746973,0.655029296875,0.0506811365485191,0.7732772827148438,0.1488561481237411,0.8292617797851562,0.2361288964748382,0.8728370666503906,0.3189265429973602,0.744637785235743,0.7971292622279683,0.0595370579456516,0.7587398881726927,0.0192719952351587,0.4251543283462524,0.0888751447200775,,0.7219607830047607
H:\My Drive\MN_simulation\outputs\rspi_joint_052026\method2b_512_five_seed_ood_full512_20260611\seed_1\posterior\rspi_posterior_metrics.csv,1,train_mean_prior,0.1460379064083099,0.2254924993504597,12.937357993226668,0.0317656520346645,4.367835521697998,12.731186693471408,,32,F3NCS_0448_ood_unseen_layer_modulus_ellipse_zb07p4_E21p0;F3NCS_0449_ood_unseen_layer_modulus_ellipse_zb05p8_E54p9;F3NCS_0450_ood_unseen_layer_modulus_crescent_zb09p9_E11p6;F3NCS_0451_ood_unseen_layer_modulus_cylinder_zb09p3_E36p6;F3NCS_0452_ood_unseen_layer_modulus_two_foci_zb09p4_E11p5;F3NCS_0453_ood_unseen_layer_modulus_lobed_zb09p7_E21p6;F3NCS_0454_ood_unseen_layer_modulus_crescent_zb06p1_E76p6;F3NCS_0455_ood_unseen_layer_modulus_ellipse_zb06p0_E06p3;F3NCS_0456_ood_unseen_layer_modulus_ellipse_zb02p7_E65p7;F3NCS_0457_ood_unseen_layer_modulus_lobed_zb07p1_E19p6;F3NCS_0458_ood_unseen_layer_modulus_lobed_zb02p9_E06p6;F3NCS_0459_ood_unseen_layer_modulus_ellipse_zb09p5_E34p1;F3NCS_0460_ood_unseen_layer_modulus_two_foci_zb03p6_E86p4;F3NCS_0461_ood_unseen_layer_modulus_cylinder_zb08p2_E46p7;F3NCS_0462_ood_unseen_layer_modulus_two_foci_zb09p7_E30p7;F3NCS_0463_ood_unseen_layer_modulus_lobed_zb03p1_E09p1;F3NCS_0464_ood_unseen_layer_modulus_lobed_zb05p9_E29p2;F3NCS_0465_ood_unseen_layer_modulus_two_foci_zb03p6_E42p2;F3NCS_0466_ood_unseen_layer_modulus_two_foci_zb03p5_E33p5;F3NCS_0467_ood_unseen_layer_modulus_cylinder_zb03p5_E16p4;F3NCS_0468_ood_unseen_layer_modulus_lobed_zb04p2_E55p5;F3NCS_0469_ood_unseen_layer_modulus_ellipse_zb08p2_E21p5;F3NCS_0470_ood_unseen_layer_modulus_lobed_zb05p9_E43p7;F3NCS_0471_ood_unseen_layer_modulus_lobed_zb02p0_E78p3;F3NCS_0472_ood_unseen_layer_modulus_lobed_zb07p9_E07p2;F3NCS_0473_ood_unseen_layer_modulus_ellipse_zb05p9_E08p4;F3NCS_0474_ood_unseen_layer_modulus_cylinder_zb09p4_E22p6;F3NCS_0475_ood_unseen_layer_modulus_lobed_zb08p1_E22p1;F3NCS_0476_ood_unseen_layer_modulus_ellipse_zb05p7_E79p4;F3NCS_0477_ood_unseen_layer_modulus_ellipse_zb03p5_E10p4;F3NCS_0478_ood_unseen_layer_modulus_ellipse_zb07p1_E27p2;F3NCS_0479_ood_unseen_layer_modulus_cylinder_zb03p7_E09p1,method2b_512_full_comsol_colab_cuda,fig3_true_ood,2,split_role/ood_split_family,ood_unseen_layer_modulus,230,38,32,,,,,,,,,,,,,,,,,,
H:\My Drive\MN_simulation\outputs\rspi_joint_052026\method2b_512_five_seed_ood_full512_20260611\seed_1\posterior\rspi_posterior_metrics.csv,1,srcnn_bz_single_channel,0.1195036098361015,0.2016337749229578,13.908734381624924,0.1224214809481054,4.042281627655029,12.178459061486585,0.4035761020885049,32,F3NCS_0448_ood_unseen_layer_modulus_ellipse_zb07p4_E21p0;F3NCS_0449_ood_unseen_layer_modulus_ellipse_zb05p8_E54p9;F3NCS_0450_ood_unseen_layer_modulus_crescent_zb09p9_E11p6;F3NCS_0451_ood_unseen_layer_modulus_cylinder_zb09p3_E36p6;F3NCS_0452_ood_unseen_layer_modulus_two_foci_zb09p4_E11p5;F3NCS_0453_ood_unseen_layer_modulus_lobed_zb09p7_E21p6;F3NCS_0454_ood_unseen_layer_modulus_crescent_zb06p1_E76p6;F3NCS_0455_ood_unseen_layer_modulus_ellipse_zb06p0_E06p3;F3NCS_0456_ood_unseen_layer_modulus_ellipse_zb02p7_E65p7;F3NCS_0457_ood_unseen_layer_modulus_lobed_zb07p1_E19p6;F3NCS_0458_ood_unseen_layer_modulus_lobed_zb02p9_E06p6;F3NCS_0459_ood_unseen_layer_modulus_ellipse_zb09p5_E34p1;F3NCS_0460_ood_unseen_layer_modulus_two_foci_zb03p6_E86p4;F3NCS_0461_ood_unseen_layer_modulus_cylinder_zb08p2_E46p7;F3NCS_0462_ood_unseen_layer_modulus_two_foci_zb09p7_E30p7;F3NCS_0463_ood_unseen_layer_modulus_lobed_zb03p1_E09p1;F3NCS_0464_ood_unseen_layer_modulus_lobed_zb05p9_E29p2;F3NCS_0465_ood_unseen_layer_modulus_two_foci_zb03p6_E42p2;F3NCS_0466_ood_unseen_layer_modulus_two_foci_zb03p5_E33p5;F3NCS_0467_ood_unseen_layer_modulus_cylinder_zb03p5_E16p4;F3NCS_0468_ood_unseen_layer_modulus_lobed_zb04p2_E55p5;F3NCS_0469_ood_unseen_layer_modulus_ellipse_zb08p2_E21p5;F3NCS_0470_ood_unseen_layer_modulus_lobed_zb05p9_E43p7;F3NCS_0471_ood_unseen_layer_modulus_lobed_zb02p0_E78p3;F3NCS_0472_ood_unseen_layer_modulus_lobed_zb07p9_E07p2;F3NCS_0473_ood_unseen_layer_modulus_ellipse_zb05p9_E08p4;F3NCS_0474_ood_unseen_layer_modulus_cylinder_zb09p4_E22p6;F3NCS_0475_ood_unseen_layer_modulus_lobed_zb08p1_E22p1;F3NCS_0476_ood_unseen_layer_modulus_ellipse_zb05p7_E79p4;F3NCS_0477_ood_unseen_layer_modulus_ellipse_zb03p5_E10p4;F3NCS_0478_ood_unseen_layer_modulus_ellipse_zb07p1_E27p2;F3NCS_0479_ood_unseen_layer_modulus_cylinder_zb03p7_E09p1,method2b_512_full_comsol_colab_cuda,fig3_true_ood,2,split_role/ood_split_family,ood_unseen_layer_modulus,230,38,32,0.1195036098361015,0.0,0.0,0.0,0.0,0.0,0.0,0.0,0.0,,0.5,0.2004147177563562,20041471.775635622,0.0820330165098019,0.1432113647460937,0.0,,
H:\My Drive\MN_simulation\outputs\rspi_joint_052026\method2b_512_five_seed_ood_full512_20260611\seed_1\posterior\rspi_posterior_metrics.csv,1,unet_canonical_bxyz,0.0782706439495086,0.156368484872872,16.117015437923186,0.2852727016434073,3.112611532211304,10.008928509203358,0.5261312263232917,32,F3NCS_0448_ood_unseen_layer_modulus_ellipse_zb07p4_E21p0;F3NCS_0449_ood_unseen_layer_modulus_ellipse_zb05p8_E54p9;F3NCS_0450_ood_unseen_layer_modulus_crescent_zb09p9_E11p6;F3NCS_0451_ood_unseen_layer_modulus_cylinder_zb09p3_E36p6;F3NCS_0452_ood_unseen_layer_modulus_two_foci_zb09p4_E11p5;F3NCS_0453_ood_unseen_layer_modulus_lobed_zb09p7_E21p6;F3NCS_0454_ood_unseen_layer_modulus_crescent_zb06p1_E76p6;F3NCS_0455_ood_unseen_layer_modulus_ellipse_zb06p0_E06p3;F3NCS_0456_ood_unseen_layer_modulus_ellipse_zb02p7_E65p7;F3NCS_0457_ood_unseen_layer_modulus_lobed_zb07p1_E19p6;F3NCS_0458_ood_unseen_layer_modulus_lobed_zb02p9_E06p6;F3NCS_0459_ood_unseen_layer_modulus_ellipse_zb09p5_E34p1;F3NCS_0460_ood_unseen_layer_modulus_two_foci_zb03p6_E86p4;F3NCS_0461_ood_unseen_layer_modulus_cylinder_zb08p2_E46p7;F3NCS_0462_ood_unseen_layer_modulus_two_foci_zb09p7_E30p7;F3NCS_0463_ood_unseen_layer_modulus_lobed_zb03p1_E09p1;F3NCS_0464_ood_unseen_layer_modulus_lobed_zb05p9_E29p2;F3NCS_0465_ood_unseen_layer_modulus_two_foci_zb03p6_E42p2;F3NCS_0466_ood_unseen_layer_modulus_two_foci_zb03p5_E33p5;F3NCS_0467_ood_unseen_layer_modulus_cylinder_zb03p5_E16p4;F3NCS_0468_ood_unseen_layer_modulus_lobed_zb04p2_E55p5;F3NCS_0469_ood_unseen_layer_modulus_ellipse_zb08p2_E21p5;F3NCS_0470_ood_unseen_layer_modulus_lobed_zb05p9_E43p7;F3NCS_0471_ood_unseen_layer_modulus_lobed_zb02p0_E78p3;F3NCS_0472_ood_unseen_layer_modulus_lobed_zb07p9_E07p2;F3NCS_0473_ood_unseen_layer_modulus_ellipse_zb05p9_E08p4;F3NCS_0474_ood_unseen_layer_modulus_cylinder_zb09p4_E22p6;F3NCS_0475_ood_unseen_layer_modulus_lobed_zb08p1_E22p1;F3NCS_0476_ood_unseen_layer_modulus_ellipse_zb05p7_E79p4;F3NCS_0477_ood_unseen_layer_modulus_ellipse_zb03p5_E10p4;F3NCS_0478_ood_unseen_layer_modulus_ellipse_zb07p1_E27p2;F3NCS_0479_ood_unseen_layer_modulus_cylinder_zb03p7_E09p1,method2b_512_full_comsol_colab_cuda,fig3_true_ood,2,split_role/ood_split_family,ood_unseen_layer_modulus,230,38,32,0.0782706439495086,0.0,0.0,0.0,0.0,0.0,0.0,0.0,0.0,,0.5,0.1540930515892838,15409305.158928389,0.0542803006656144,0.1249237060546875,0.0,,
H:\My Drive\MN_simulation\outputs\rspi_joint_052026\method2b_512_five_seed_ood_full512_20260611\seed_1\posterior\rspi_posterior_metrics.csv,1,vanilla_diffusion,0.434931069612503,0.4475996943726745,6.982204373718536,0.0476561394170858,12.27043628692627,14.565035488767698,0.3292425461622891,32,F3NCS_0448_ood_unseen_layer_modulus_ellipse_zb07p4_E21p0;F3NCS_0449_ood_unseen_layer_modulus_ellipse_zb05p8_E54p9;F3NCS_0450_ood_unseen_layer_modulus_crescent_zb09p9_E11p6;F3NCS_0451_ood_unseen_layer_modulus_cylinder_zb09p3_E36p6;F3NCS_0452_ood_unseen_layer_modulus_two_foci_zb09p4_E11p5;F3NCS_0453_ood_unseen_layer_modulus_lobed_zb09p7_E21p6;F3NCS_0454_ood_unseen_layer_modulus_crescent_zb06p1_E76p6;F3NCS_0455_ood_unseen_layer_modulus_ellipse_zb06p0_E06p3;F3NCS_0456_ood_unseen_layer_modulus_ellipse_zb02p7_E65p7;F3NCS_0457_ood_unseen_layer_modulus_lobed_zb07p1_E19p6;F3NCS_0458_ood_unseen_layer_modulus_lobed_zb02p9_E06p6;F3NCS_0459_ood_unseen_layer_modulus_ellipse_zb09p5_E34p1;F3NCS_0460_ood_unseen_layer_modulus_two_foci_zb03p6_E86p4;F3NCS_0461_ood_unseen_layer_modulus_cylinder_zb08p2_E46p7;F3NCS_0462_ood_unseen_layer_modulus_two_foci_zb09p7_E30p7;F3NCS_0463_ood_unseen_layer_modulus_lobed_zb03p1_E09p1;F3NCS_0464_ood_unseen_layer_modulus_lobed_zb05p9_E29p2;F3NCS_0465_ood_unseen_layer_modulus_two_foci_zb03p6_E42p2;F3NCS_0466_ood_unseen_layer_modulus_two_foci_zb03p5_E33p5;F3NCS_0467_ood_unseen_layer_modulus_cylinder_zb03p5_E16p4;F3NCS_0468_ood_unseen_layer_modulus_lobed_zb04p2_E55p5;F3NCS_0469_ood_unseen_layer_modulus_ellipse_zb08p2_E21p5;F3NCS_0470_ood_unseen_layer_modulus_lobed_zb05p9_E43p7;F3NCS_0471_ood_unseen_layer_modulus_lobed_zb02p0_E78p3;F3NCS_0472_ood_unseen_layer_modulus_lobed_zb07p9_E07p2;F3NCS_0473_ood_unseen_layer_modulus_ellipse_zb05p9_E08p4;F3NCS_0474_ood_unseen_layer_modulus_cylinder_zb09p4_E22p6;F3NCS_0475_ood_unseen_layer_modulus_lobed_zb08p1_E22p1;F3NCS_0476_ood_unseen_layer_modulus_ellipse_zb05p7_E79p4;F3NCS_0477_ood_unseen_layer_modulus_ellipse_zb03p5_E10p4;F3NCS_0478_ood_unseen_layer_modulus_ellipse_zb07p1_E27p2;F3NCS_0479_ood_unseen_layer_modulus_cylinder_zb03p7_E09p1,method2b_512_full_comsol_colab_cuda,fig3_true_ood,2,split_role/ood_split_family,ood_unseen_layer_modulus,230,38,32,,,,,,,,,,,,,,,,0.0845986828207969,64.0,
H:\My Drive\MN_simulation\outputs\rspi_joint_052026\method2b_512_five_seed_ood_full512_20260611\seed_1\posterior\rspi_posterior_metrics.csv,1,prior_init_diffusion_unet,0.0798487961292266,0.1566180008319906,16.103166478674417,0.2160285962745547,3.1288902759552,10.048286208359,0.5183032461578901,32,F3NCS_0448_ood_unseen_layer_modulus_ellipse_zb07p4_E21p0;F3NCS_0449_ood_unseen_layer_modulus_ellipse_zb05p8_E54p9;F3NCS_0450_ood_unseen_layer_modulus_crescent_zb09p9_E11p6;F3NCS_0451_ood_unseen_layer_modulus_cylinder_zb09p3_E36p6;F3NCS_0452_ood_unseen_layer_modulus_two_foci_zb09p4_E11p5;F3NCS_0453_ood_unseen_layer_modulus_lobed_zb09p7_E21p6;F3NCS_0454_ood_unseen_layer_modulus_crescent_zb06p1_E76p6;F3NCS_0455_ood_unseen_layer_modulus_ellipse_zb06p0_E06p3;F3NCS_0456_ood_unseen_layer_modulus_ellipse_zb02p7_E65p7;F3NCS_0457_ood_unseen_layer_modulus_lobed_zb07p1_E19p6;F3NCS_0458_ood_unseen_layer_modulus_lobed_zb02p9_E06p6;F3NCS_0459_ood_unseen_layer_modulus_ellipse_zb09p5_E34p1;F3NCS_0460_ood_unseen_layer_modulus_two_foci_zb03p6_E86p4;F3NCS_0461_ood_unseen_layer_modulus_cylinder_zb08p2_E46p7;F3NCS_0462_ood_unseen_layer_modulus_two_foci_zb09p7_E30p7;F3NCS_0463_ood_unseen_layer_modulus_lobed_zb03p1_E09p1;F3NCS_0464_ood_unseen_layer_modulus_lobed_zb05p9_E29p2;F3NCS_0465_ood_unseen_layer_modulus_two_foci_zb03p6_E42p2;F3NCS_0466_ood_unseen_layer_modulus_two_foci_zb03p5_E33p5;F3NCS_0467_ood_unseen_layer_modulus_cylinder_zb03p5_E16p4;F3NCS_0468_ood_unseen_layer_modulus_lobed_zb04p2_E55p5;F3NCS_0469_ood_unseen_layer_modulus_ellipse_zb08p2_E21p5;F3NCS_0470_ood_unseen_layer_modulus_lobed_zb05p9_E43p7;F3NCS_0471_ood_unseen_layer_modulus_lobed_zb02p0_E78p3;F3NCS_0472_ood_unseen_layer_modulus_lobed_zb07p9_E07p2;F3NCS_0473_ood_unseen_layer_modulus_ellipse_zb05p9_E08p4;F3NCS_0474_ood_unseen_layer_modulus_cylinder_zb09p4_E22p6;F3NCS_0475_ood_unseen_layer_modulus_lobed_zb08p1_E22p1;F3NCS_0476_ood_unseen_layer_modulus_ellipse_zb05p7_E79p4;F3NCS_0477_ood_unseen_layer_modulus_ellipse_zb03p5_E10p4;F3NCS_0478_ood_unseen_layer_modulus_ellipse_zb07p1_E27p2;F3NCS_0479_ood_unseen_layer_modulus_cylinder_zb03p7_E09p1,method2b_512_full_comsol_colab_cuda,fig3_true_ood,2,split_role/ood_split_family,ood_unseen_layer_modulus,230,38,32,0.0745139867067337,0.0143661499023437,0.0128160491585731,0.0477828979492187,0.0241225287318229,0.080718994140625,0.0304884854704141,0.1274032592773437,0.0355684980750083,0.6159979913839643,0.8600550987625909,0.1206542883935146,11.616716796355368,0.0136287249194464,0.1432520151138305,0.0095860846340656,,
H:\My Drive\MN_simulation\outputs\rspi_joint_052026\method2b_512_five_seed_ood_full512_20260611\seed_1\posterior\rspi_posterior_metrics.csv,1,residual_likelihood_guided_diffusion,0.079853244125843,0.1566193328332196,16.103092607430924,0.2162787127308547,3.1292409896850586,10.04859598705387,0.5179838426630855,32,F3NCS_0448_ood_unseen_layer_modulus_ellipse_zb07p4_E21p0;F3NCS_0449_ood_unseen_layer_modulus_ellipse_zb05p8_E54p9;F3NCS_0450_ood_unseen_layer_modulus_crescent_zb09p9_E11p6;F3NCS_0451_ood_unseen_layer_modulus_cylinder_zb09p3_E36p6;F3NCS_0452_ood_unseen_layer_modulus_two_foci_zb09p4_E11p5;F3NCS_0453_ood_unseen_layer_modulus_lobed_zb09p7_E21p6;F3NCS_0454_ood_unseen_layer_modulus_crescent_zb06p1_E76p6;F3NCS_0455_ood_unseen_layer_modulus_ellipse_zb06p0_E06p3;F3NCS_0456_ood_unseen_layer_modulus_ellipse_zb02p7_E65p7;F3NCS_0457_ood_unseen_layer_modulus_lobed_zb07p1_E19p6;F3NCS_0458_ood_unseen_layer_modulus_lobed_zb02p9_E06p6;F3NCS_0459_ood_unseen_layer_modulus_ellipse_zb09p5_E34p1;F3NCS_0460_ood_unseen_layer_modulus_two_foci_zb03p6_E86p4;F3NCS_0461_ood_unseen_layer_modulus_cylinder_zb08p2_E46p7;F3NCS_0462_ood_unseen_layer_modulus_two_foci_zb09p7_E30p7;F3NCS_0463_ood_unseen_layer_modulus_lobed_zb03p1_E09p1;F3NCS_0464_ood_unseen_layer_modulus_lobed_zb05p9_E29p2;F3NCS_0465_ood_unseen_layer_modulus_two_foci_zb03p6_E42p2;F3NCS_0466_ood_unseen_layer_modulus_two_foci_zb03p5_E33p5;F3NCS_0467_ood_unseen_layer_modulus_cylinder_zb03p5_E16p4;F3NCS_0468_ood_unseen_layer_modulus_lobed_zb04p2_E55p5;F3NCS_0469_ood_unseen_layer_modulus_ellipse_zb08p2_E21p5;F3NCS_0470_ood_unseen_layer_modulus_lobed_zb05p9_E43p7;F3NCS_0471_ood_unseen_layer_modulus_lobed_zb02p0_E78p3;F3NCS_0472_ood_unseen_layer_modulus_lobed_zb07p9_E07p2;F3NCS_0473_ood_unseen_layer_modulus_ellipse_zb05p9_E08p4;F3NCS_0474_ood_unseen_layer_modulus_cylinder_zb09p4_E22p6;F3NCS_0475_ood_unseen_layer_modulus_lobed_zb08p1_E22p1;F3NCS_0476_ood_unseen_layer_modulus_ellipse_zb05p7_E79p4;F3NCS_0477_ood_unseen_layer_modulus_ellipse_zb03p5_E10p4;F3NCS_0478_ood_unseen_layer_modulus_ellipse_zb07p1_E27p2;F3NCS_0479_ood_unseen_layer_modulus_cylinder_zb03p7_E09p1,method2b_512_full_comsol_colab_cuda,fig3_true_ood,2,split_role/ood_split_family,ood_unseen_layer_modulus,230,38,32,0.0745036602020263,0.0146102905273437,0.0128456316888332,0.048187255859375,0.0241964720189571,0.0819625854492187,0.030575780197978,0.1299209594726562,0.0356578193604946,0.6160506059182694,0.861362678446858,0.1203062476706333,11.52718837366352,0.0134705612500567,0.143497347831726,0.0096114464104175,,
H:\My Drive\MN_simulation\outputs\rspi_joint_052026\method2b_512_five_seed_ood_full512_20260611\seed_1\posterior\rspi_posterior_metrics.csv,1,explicit_residual_target_diffusion,0.0806495919823646,0.1574806151116765,16.055457950904493,0.2736947038210928,3.1421666145324707,10.07612928398878,0.540041151216412,32,F3NCS_0448_ood_unseen_layer_modulus_ellipse_zb07p4_E21p0;F3NCS_0449_ood_unseen_layer_modulus_ellipse_zb05p8_E54p9;F3NCS_0450_ood_unseen_layer_modulus_crescent_zb09p9_E11p6;F3NCS_0451_ood_unseen_layer_modulus_cylinder_zb09p3_E36p6;F3NCS_0452_ood_unseen_layer_modulus_two_foci_zb09p4_E11p5;F3NCS_0453_ood_unseen_layer_modulus_lobed_zb09p7_E21p6;F3NCS_0454_ood_unseen_layer_modulus_crescent_zb06p1_E76p6;F3NCS_0455_ood_unseen_layer_modulus_ellipse_zb06p0_E06p3;F3NCS_0456_ood_unseen_layer_modulus_ellipse_zb02p7_E65p7;F3NCS_0457_ood_unseen_layer_modulus_lobed_zb07p1_E19p6;F3NCS_0458_ood_unseen_layer_modulus_lobed_zb02p9_E06p6;F3NCS_0459_ood_unseen_layer_modulus_ellipse_zb09p5_E34p1;F3NCS_0460_ood_unseen_layer_modulus_two_foci_zb03p6_E86p4;F3NCS_0461_ood_unseen_layer_modulus_cylinder_zb08p2_E46p7;F3NCS_0462_ood_unseen_layer_modulus_two_foci_zb09p7_E30p7;F3NCS_0463_ood_unseen_layer_modulus_lobed_zb03p1_E09p1;F3NCS_0464_ood_unseen_layer_modulus_lobed_zb05p9_E29p2;F3NCS_0465_ood_unseen_layer_modulus_two_foci_zb03p6_E42p2;F3NCS_0466_ood_unseen_layer_modulus_two_foci_zb03p5_E33p5;F3NCS_0467_ood_unseen_layer_modulus_cylinder_zb03p5_E16p4;F3NCS_0468_ood_unseen_layer_modulus_lobed_zb04p2_E55p5;F3NCS_0469_ood_unseen_layer_modulus_ellipse_zb08p2_E21p5;F3NCS_0470_ood_unseen_layer_modulus_lobed_zb05p9_E43p7;F3NCS_0471_ood_unseen_layer_modulus_lobed_zb02p0_E78p3;F3NCS_0472_ood_unseen_layer_modulus_lobed_zb07p9_E07p2;F3NCS_0473_ood_unseen_layer_modulus_ellipse_zb05p9_E08p4;F3NCS_0474_ood_unseen_layer_modulus_cylinder_zb09p4_E22p6;F3NCS_0475_ood_unseen_layer_modulus_lobed_zb08p1_E22p1;F3NCS_0476_ood_unseen_layer_modulus_ellipse_zb05p7_E79p4;F3NCS_0477_ood_unseen_layer_modulus_ellipse_zb03p5_E10p4;F3NCS_0478_ood_unseen_layer_modulus_ellipse_zb07p1_E27p2;F3NCS_0479_ood_unseen_layer_modulus_cylinder_zb03p7_E09p1,method2b_512_full_comsol_colab_cuda,fig3_true_ood,2,split_role/ood_split_family,ood_unseen_layer_modulus,230,38,32,0.0584242716431617,0.6610641479492188,0.0278278551995754,0.7670669555664062,0.0888303443789482,0.8193359375,0.1547014415264129,0.859161376953125,0.2237164229154586,0.781902910860805,0.78438851065562,0.0794337213444067,1.3189376932316772,0.018265046453204,0.4612808227539062,0.0630542561411857,,0.7428388595581055
H:\My Drive\MN_simulation\outputs\rspi_joint_052026\method2b_512_five_seed_ood_full512_20260611\seed_1\posterior\rspi_posterior_metrics.csv,1,train_mean_prior,0.1387180089950561,0.2099162830506646,13.559077444190562,0.0306947253411635,3.739305257797241,10.71926353714697,,32,F3NCS_0480_ood_unseen_operator_noise_lobed_zb10p0_E66p7;F3NCS_0481_ood_unseen_operator_noise_ellipse_zb05p4_E11p5;F3NCS_0482_ood_unseen_operator_noise_lobed_zb01p7_E06p9;F3NCS_0483_ood_unseen_operator_noise_lobed_zb08p7_E31p8;F3NCS_0484_ood_unseen_operator_noise_cylinder_zb10p1_E08p6;F3NCS_0485_ood_unseen_operator_noise_two_foci_zb07p5_E25p6;F3NCS_0486_ood_unseen_operator_noise_cylinder_zb04p8_E14p8;F3NCS_0487_ood_unseen_operator_noise_two_foci_zb04p8_E08p4;F3NCS_0488_ood_unseen_operator_noise_ellipse_zb02p0_E51p8;F3NCS_0489_ood_unseen_operator_noise_two_foci_zb07p5_E23p2;F3NCS_0490_ood_unseen_operator_noise_crescent_zb05p7_E09p8;F3NCS_0491_ood_unseen_operator_noise_two_foci_zb01p9_E52p0;F3NCS_0492_ood_unseen_operator_noise_two_foci_zb05p8_E11p8;F3NCS_0493_ood_unseen_operator_noise_two_foci_zb02p7_E17p6;F3NCS_0494_ood_unseen_operator_noise_cylinder_zb03p5_E15p1;F3NCS_0495_ood_unseen_operator_noise_ellipse_zb11p4_E39p6;F3NCS_0496_ood_unseen_operator_noise_two_foci_zb05p4_E16p3;F3NCS_0497_ood_unseen_operator_noise_two_foci_zb06p2_E23p1;F3NCS_0498_ood_unseen_operator_noise_crescent_zb04p0_E08p5;F3NCS_0499_ood_unseen_operator_noise_lobed_zb01p5_E71p0;F3NCS_0500_ood_unseen_operator_noise_cylinder_zb02p3_E45p6;F3NCS_0501_ood_unseen_operator_noise_two_foci_zb09p3_E50p3;F3NCS_0502_ood_unseen_operator_noise_cylinder_zb11p5_E11p1;F3NCS_0503_ood_unseen_operator_noise_two_foci_zb07p9_E32p0;F3NCS_0504_ood_unseen_operator_noise_crescent_zb10p9_E39p6;F3NCS_0505_ood_unseen_operator_noise_lobed_zb06p3_E74p2;F3NCS_0506_ood_unseen_operator_noise_lobed_zb06p9_E36p9;F3NCS_0507_ood_unseen_operator_noise_ellipse_zb01p4_E08p8;F3NCS_0508_ood_unseen_operator_noise_two_foci_zb03p5_E13p6;F3NCS_0509_ood_unseen_operator_noise_crescent_zb11p1_E35p5;F3NCS_0510_ood_unseen_operator_noise_ellipse_zb02p7_E08p0;F3NCS_0511_ood_unseen_operator_noise_crescent_zb08p1_E09p7,method2b_512_full_comsol_colab_cuda,fig3_true_ood,3,split_role/ood_split_family,ood_unseen_operator_noise,230,38,32,,,,,,,,,,,,,,,,,,
H:\My Drive\MN_simulation\outputs\rspi_joint_052026\method2b_512_five_seed_ood_full512_20260611\seed_1\posterior\rspi_posterior_metrics.csv,1,srcnn_bz_single_channel,0.1084419041872024,0.1901388049684718,14.418584799583424,0.1823187167756259,3.375265598297119,10.251060989176125,0.377678235154855,32,F3NCS_0480_ood_unseen_operator_noise_lobed_zb10p0_E66p7;F3NCS_0481_ood_unseen_operator_noise_ellipse_zb05p4_E11p5;F3NCS_0482_ood_unseen_operator_noise_lobed_zb01p7_E06p9;F3NCS_0483_ood_unseen_operator_noise_lobed_zb08p7_E31p8;F3NCS_0484_ood_unseen_operator_noise_cylinder_zb10p1_E08p6;F3NCS_0485_ood_unseen_operator_noise_two_foci_zb07p5_E25p6;F3NCS_0486_ood_unseen_operator_noise_cylinder_zb04p8_E14p8;F3NCS_0487_ood_unseen_operator_noise_two_foci_zb04p8_E08p4;F3NCS_0488_ood_unseen_operator_noise_ellipse_zb02p0_E51p8;F3NCS_0489_ood_unseen_operator_noise_two_foci_zb07p5_E23p2;F3NCS_0490_ood_unseen_operator_noise_crescent_zb05p7_E09p8;F3NCS_0491_ood_unseen_operator_noise_two_foci_zb01p9_E52p0;F3NCS_0492_ood_unseen_operator_noise_two_foci_zb05p8_E11p8;F3NCS_0493_ood_unseen_operator_noise_two_foci_zb02p7_E17p6;F3NCS_0494_ood_unseen_operator_noise_cylinder_zb03p5_E15p1;F3NCS_0495_ood_unseen_operator_noise_ellipse_zb11p4_E39p6;F3NCS_0496_ood_unseen_operator_noise_two_foci_zb05p4_E16p3;F3NCS_0497_ood_unseen_operator_noise_two_foci_zb06p2_E23p1;F3NCS_0498_ood_unseen_operator_noise_crescent_zb04p0_E08p5;F3NCS_0499_ood_unseen_operator_noise_lobed_zb01p5_E71p0;F3NCS_0500_ood_unseen_operator_noise_cylinder_zb02p3_E45p6;F3NCS_0501_ood_unseen_operator_noise_two_foci_zb09p3_E50p3;F3NCS_0502_ood_unseen_operator_noise_cylinder_zb11p5_E11p1;F3NCS_0503_ood_unseen_operator_noise_two_foci_zb07p9_E32p0;F3NCS_0504_ood_unseen_operator_noise_crescent_zb10p9_E39p6;F3NCS_0505_ood_unseen_operator_noise_lobed_zb06p3_E74p2;F3NCS_0506_ood_unseen_operator_noise_lobed_zb06p9_E36p9;F3NCS_0507_ood_unseen_operator_noise_ellipse_zb01p4_E08p8;F3NCS_0508_ood_unseen_operator_noise_two_foci_zb03p5_E13p6;F3NCS_0509_ood_unseen_operator_noise_crescent_zb11p1_E35p5;F3NCS_0510_ood_unseen_operator_noise_ellipse_zb02p7_E08p0;F3NCS_0511_ood_unseen_operator_noise_crescent_zb08p1_E09p7,method2b_512_full_comsol_colab_cuda,fig3_true_ood,3,split_role/ood_split_family,ood_unseen_operator_noise,230,38,32,0.1084418967366218,0.0,0.0,0.0,0.0,0.0,0.0,0.0,0.0,,0.5,0.1870315062314982,18703150.623149823,0.0804264269307985,0.1392745971679687,0.0,,
H:\My Drive\MN_simulation\outputs\rspi_joint_052026\method2b_512_five_seed_ood_full512_20260611\seed_1\posterior\rspi_posterior_metrics.csv,1,unet_canonical_bxyz,0.0733541771769523,0.1523872643460728,16.341026546456348,0.4380431268364191,2.6751537322998047,8.299575739668631,0.5242572369747602,32,F3NCS_0480_ood_unseen_operator_noise_lobed_zb10p0_E66p7;F3NCS_0481_ood_unseen_operator_noise_ellipse_zb05p4_E11p5;F3NCS_0482_ood_unseen_operator_noise_lobed_zb01p7_E06p9;F3NCS_0483_ood_unseen_operator_noise_lobed_zb08p7_E31p8;F3NCS_0484_ood_unseen_operator_noise_cylinder_zb10p1_E08p6;F3NCS_0485_ood_unseen_operator_noise_two_foci_zb07p5_E25p6;F3NCS_0486_ood_unseen_operator_noise_cylinder_zb04p8_E14p8;F3NCS_0487_ood_unseen_operator_noise_two_foci_zb04p8_E08p4;F3NCS_0488_ood_unseen_operator_noise_ellipse_zb02p0_E51p8;F3NCS_0489_ood_unseen_operator_noise_two_foci_zb07p5_E23p2;F3NCS_0490_ood_unseen_operator_noise_crescent_zb05p7_E09p8;F3NCS_0491_ood_unseen_operator_noise_two_foci_zb01p9_E52p0;F3NCS_0492_ood_unseen_operator_noise_two_foci_zb05p8_E11p8;F3NCS_0493_ood_unseen_operator_noise_two_foci_zb02p7_E17p6;F3NCS_0494_ood_unseen_operator_noise_cylinder_zb03p5_E15p1;F3NCS_0495_ood_unseen_operator_noise_ellipse_zb11p4_E39p6;F3NCS_0496_ood_unseen_operator_noise_two_foci_zb05p4_E16p3;F3NCS_0497_ood_unseen_operator_noise_two_foci_zb06p2_E23p1;F3NCS_0498_ood_unseen_operator_noise_crescent_zb04p0_E08p5;F3NCS_0499_ood_unseen_operator_noise_lobed_zb01p5_E71p0;F3NCS_0500_ood_unseen_operator_noise_cylinder_zb02p3_E45p6;F3NCS_0501_ood_unseen_operator_noise_two_foci_zb09p3_E50p3;F3NCS_0502_ood_unseen_operator_noise_cylinder_zb11p5_E11p1;F3NCS_0503_ood_unseen_operator_noise_two_foci_zb07p9_E32p0;F3NCS_0504_ood_unseen_operator_noise_crescent_zb10p9_E39p6;F3NCS_0505_ood_unseen_operator_noise_lobed_zb06p3_E74p2;F3NCS_0506_ood_unseen_operator_noise_lobed_zb06p9_E36p9;F3NCS_0507_ood_unseen_operator_noise_ellipse_zb01p4_E08p8;F3NCS_0508_ood_unseen_operator_noise_two_foci_zb03p5_E13p6;F3NCS_0509_ood_unseen_operator_noise_crescent_zb11p1_E35p5;F3NCS_0510_ood_unseen_operator_noise_ellipse_zb02p7_E08p0;F3NCS_0511_ood_unseen_operator_noise_crescent_zb08p1_E09p7,method2b_512_full_comsol_colab_cuda,fig3_true_ood,3,split_role/ood_split_family,ood_unseen_operator_noise,230,38,32,0.0733541771769523,0.0,0.0,0.0,0.0,0.0,0.0,0.0,0.0,,0.5,0.1506864363148666,15068643.631486662,0.0568574400396222,0.10748291015625,0.0,,
H:\My Drive\MN_simulation\outputs\rspi_joint_052026\method2b_512_five_seed_ood_full512_20260611\seed_1\posterior\rspi_posterior_metrics.csv,1,vanilla_diffusion,0.4506001770496368,0.4646362995808809,6.65773728150993,0.0450190670817391,12.57346248626709,13.909542491198376,0.3003059301385181,32,F3NCS_0480_ood_unseen_operator_noise_lobed_zb10p0_E66p7;F3NCS_0481_ood_unseen_operator_noise_ellipse_zb05p4_E11p5;F3NCS_0482_ood_unseen_operator_noise_lobed_zb01p7_E06p9;F3NCS_0483_ood_unseen_operator_noise_lobed_zb08p7_E31p8;F3NCS_0484_ood_unseen_operator_noise_cylinder_zb10p1_E08p6;F3NCS_0485_ood_unseen_operator_noise_two_foci_zb07p5_E25p6;F3NCS_0486_ood_unseen_operator_noise_cylinder_zb04p8_E14p8;F3NCS_0487_ood_unseen_operator_noise_two_foci_zb04p8_E08p4;F3NCS_0488_ood_unseen_operator_noise_ellipse_zb02p0_E51p8;F3NCS_0489_ood_unseen_operator_noise_two_foci_zb07p5_E23p2;F3NCS_0490_ood_unseen_operator_noise_crescent_zb05p7_E09p8;F3NCS_0491_ood_unseen_operator_noise_two_foci_zb01p9_E52p0;F3NCS_0492_ood_unseen_operator_noise_two_foci_zb05p8_E11p8;F3NCS_0493_ood_unseen_operator_noise_two_foci_zb02p7_E17p6;F3NCS_0494_ood_unseen_operator_noise_cylinder_zb03p5_E15p1;F3NCS_0495_ood_unseen_operator_noise_ellipse_zb11p4_E39p6;F3NCS_0496_ood_unseen_operator_noise_two_foci_zb05p4_E16p3;F3NCS_0497_ood_unseen_operator_noise_two_foci_zb06p2_E23p1;F3NCS_0498_ood_unseen_operator_noise_crescent_zb04p0_E08p5;F3NCS_0499_ood_unseen_operator_noise_lobed_zb01p5_E71p0;F3NCS_0500_ood_unseen_operator_noise_cylinder_zb02p3_E45p6;F3NCS_0501_ood_unseen_operator_noise_two_foci_zb09p3_E50p3;F3NCS_0502_ood_unseen_operator_noise_cylinder_zb11p5_E11p1;F3NCS_0503_ood_unseen_operator_noise_two_foci_zb07p9_E32p0;F3NCS_0504_ood_unseen_operator_noise_crescent_zb10p9_E39p6;F3NCS_0505_ood_unseen_operator_noise_lobed_zb06p3_E74p2;F3NCS_0506_ood_unseen_operator_noise_lobed_zb06p9_E36p9;F3NCS_0507_ood_unseen_operator_noise_ellipse_zb01p4_E08p8;F3NCS_0508_ood_unseen_operator_noise_two_foci_zb03p5_E13p6;F3NCS_0509_ood_unseen_operator_noise_crescent_zb11p1_E35p5;F3NCS_0510_ood_unseen_operator_noise_ellipse_zb02p7_E08p0;F3NCS_0511_ood_unseen_operator_noise_crescent_zb08p1_E09p7,method2b_512_full_comsol_colab_cuda,fig3_true_ood,3,split_role/ood_split_family,ood_unseen_operator_noise,230,38,32,,,,,,,,,,,,,,,,0.0848879516124725,64.0,
H:\My Drive\MN_simulation\outputs\rspi_joint_052026\method2b_512_five_seed_ood_full512_20260611\seed_1\posterior\rspi_posterior_metrics.csv,1,prior_init_diffusion_unet,0.0753773748874664,0.1528707278563942,16.313513332629935,0.2551434794440865,2.69034743309021,8.34486776001447,0.5154046361398561,32,F3NCS_0480_ood_unseen_operator_noise_lobed_zb10p0_E66p7;F3NCS_0481_ood_unseen_operator_noise_ellipse_zb05p4_E11p5;F3NCS_0482_ood_unseen_operator_noise_lobed_zb01p7_E06p9;F3NCS_0483_ood_unseen_operator_noise_lobed_zb08p7_E31p8;F3NCS_0484_ood_unseen_operator_noise_cylinder_zb10p1_E08p6;F3NCS_0485_ood_unseen_operator_noise_two_foci_zb07p5_E25p6;F3NCS_0486_ood_unseen_operator_noise_cylinder_zb04p8_E14p8;F3NCS_0487_ood_unseen_operator_noise_two_foci_zb04p8_E08p4;F3NCS_0488_ood_unseen_operator_noise_ellipse_zb02p0_E51p8;F3NCS_0489_ood_unseen_operator_noise_two_foci_zb07p5_E23p2;F3NCS_0490_ood_unseen_operator_noise_crescent_zb05p7_E09p8;F3NCS_0491_ood_unseen_operator_noise_two_foci_zb01p9_E52p0;F3NCS_0492_ood_unseen_operator_noise_two_foci_zb05p8_E11p8;F3NCS_0493_ood_unseen_operator_noise_two_foci_zb02p7_E17p6;F3NCS_0494_ood_unseen_operator_noise_cylinder_zb03p5_E15p1;F3NCS_0495_ood_unseen_operator_noise_ellipse_zb11p4_E39p6;F3NCS_0496_ood_unseen_operator_noise_two_foci_zb05p4_E16p3;F3NCS_0497_ood_unseen_operator_noise_two_foci_zb06p2_E23p1;F3NCS_0498_ood_unseen_operator_noise_crescent_zb04p0_E08p5;F3NCS_0499_ood_unseen_operator_noise_lobed_zb01p5_E71p0;F3NCS_0500_ood_unseen_operator_noise_cylinder_zb02p3_E45p6;F3NCS_0501_ood_unseen_operator_noise_two_foci_zb09p3_E50p3;F3NCS_0502_ood_unseen_operator_noise_cylinder_zb11p5_E11p1;F3NCS_0503_ood_unseen_operator_noise_two_foci_zb07p9_E32p0;F3NCS_0504_ood_unseen_operator_noise_crescent_zb10p9_E39p6;F3NCS_0505_ood_unseen_operator_noise_lobed_zb06p3_E74p2;F3NCS_0506_ood_unseen_operator_noise_lobed_zb06p9_E36p9;F3NCS_0507_ood_unseen_operator_noise_ellipse_zb01p4_E08p8;F3NCS_0508_ood_unseen_operator_noise_two_foci_zb03p5_E13p6;F3NCS_0509_ood_unseen_operator_noise_crescent_zb11p1_E35p5;F3NCS_0510_ood_unseen_operator_noise_ellipse_zb02p7_E08p0;F3NCS_0511_ood_unseen_operator_noise_crescent_zb08p1_E09p7,method2b_512_full_comsol_colab_cuda,fig3_true_ood,3,split_role/ood_split_family,ood_unseen_operator_noise,230,38,32,0.0705434381961822,0.0038070678710937,0.0115689486265182,0.0075302124023437,0.0218100175261497,0.0111923217773437,0.0276295468211174,0.0269851684570312,0.0323207378387451,0.6091934025520901,0.8226348591094553,0.1250503829456637,14.163568855985616,0.0154448801206176,0.1137905120849609,0.0086805131286382,,
H:\My Drive\MN_simulation\outputs\rspi_joint_052026\method2b_512_five_seed_ood_full512_20260611\seed_1\posterior\rspi_posterior_metrics.csv,1,residual_likelihood_guided_diffusion,0.0754344090819358,0.1528861282205844,16.31263835068793,0.2542622059118002,2.691096544265747,8.344113002695842,0.5166460236755577,32,F3NCS_0480_ood_unseen_operator_noise_lobed_zb10p0_E66p7;F3NCS_0481_ood_unseen_operator_noise_ellipse_zb05p4_E11p5;F3NCS_0482_ood_unseen_operator_noise_lobed_zb01p7_E06p9;F3NCS_0483_ood_unseen_operator_noise_lobed_zb08p7_E31p8;F3NCS_0484_ood_unseen_operator_noise_cylinder_zb10p1_E08p6;F3NCS_0485_ood_unseen_operator_noise_two_foci_zb07p5_E25p6;F3NCS_0486_ood_unseen_operator_noise_cylinder_zb04p8_E14p8;F3NCS_0487_ood_unseen_operator_noise_two_foci_zb04p8_E08p4;F3NCS_0488_ood_unseen_operator_noise_ellipse_zb02p0_E51p8;F3NCS_0489_ood_unseen_operator_noise_two_foci_zb07p5_E23p2;F3NCS_0490_ood_unseen_operator_noise_crescent_zb05p7_E09p8;F3NCS_0491_ood_unseen_operator_noise_two_foci_zb01p9_E52p0;F3NCS_0492_ood_unseen_operator_noise_two_foci_zb05p8_E11p8;F3NCS_0493_ood_unseen_operator_noise_two_foci_zb02p7_E17p6;F3NCS_0494_ood_unseen_operator_noise_cylinder_zb03p5_E15p1;F3NCS_0495_ood_unseen_operator_noise_ellipse_zb11p4_E39p6;F3NCS_0496_ood_unseen_operator_noise_two_foci_zb05p4_E16p3;F3NCS_0497_ood_unseen_operator_noise_two_foci_zb06p2_E23p1;F3NCS_0498_ood_unseen_operator_noise_crescent_zb04p0_E08p5;F3NCS_0499_ood_unseen_operator_noise_lobed_zb01p5_E71p0;F3NCS_0500_ood_unseen_operator_noise_cylinder_zb02p3_E45p6;F3NCS_0501_ood_unseen_operator_noise_two_foci_zb09p3_E50p3;F3NCS_0502_ood_unseen_operator_noise_cylinder_zb11p5_E11p1;F3NCS_0503_ood_unseen_operator_noise_two_foci_zb07p9_E32p0;F3NCS_0504_ood_unseen_operator_noise_crescent_zb10p9_E39p6;F3NCS_0505_ood_unseen_operator_noise_lobed_zb06p3_E74p2;F3NCS_0506_ood_unseen_operator_noise_lobed_zb06p9_E36p9;F3NCS_0507_ood_unseen_operator_noise_ellipse_zb01p4_E08p8;F3NCS_0508_ood_unseen_operator_noise_two_foci_zb03p5_E13p6;F3NCS_0509_ood_unseen_operator_noise_crescent_zb11p1_E35p5;F3NCS_0510_ood_unseen_operator_noise_ellipse_zb02p7_E08p0;F3NCS_0511_ood_unseen_operator_noise_crescent_zb08p1_E09p7,method2b_512_full_comsol_colab_cuda,fig3_true_ood,3,split_role/ood_split_family,ood_unseen_operator_noise,230,38,32,0.0706180334091186,0.0038528442382812,0.0115242814645171,0.0074081420898437,0.0217145979404449,0.0108871459960937,0.0275225490331649,0.025665283203125,0.0322203412652015,0.6075122085691825,0.8232890350414598,0.1249070912208286,14.163493012499083,0.0151292493763953,0.1135448217391967,0.008648857474327,,
H:\My Drive\MN_simulation\outputs\rspi_joint_052026\method2b_512_five_seed_ood_full512_20260611\seed_1\posterior\rspi_posterior_metrics.csv,1,explicit_residual_target_diffusion,0.0786957219243049,0.1526090927652588,16.328391788942305,0.2775536635890603,2.7171339988708496,8.485400958054093,0.4988944745204541,32,F3NCS_0480_ood_unseen_operator_noise_lobed_zb10p0_E66p7;F3NCS_0481_ood_unseen_operator_noise_ellipse_zb05p4_E11p5;F3NCS_0482_ood_unseen_operator_noise_lobed_zb01p7_E06p9;F3NCS_0483_ood_unseen_operator_noise_lobed_zb08p7_E31p8;F3NCS_0484_ood_unseen_operator_noise_cylinder_zb10p1_E08p6;F3NCS_0485_ood_unseen_operator_noise_two_foci_zb07p5_E25p6;F3NCS_0486_ood_unseen_operator_noise_cylinder_zb04p8_E14p8;F3NCS_0487_ood_unseen_operator_noise_two_foci_zb04p8_E08p4;F3NCS_0488_ood_unseen_operator_noise_ellipse_zb02p0_E51p8;F3NCS_0489_ood_unseen_operator_noise_two_foci_zb07p5_E23p2;F3NCS_0490_ood_unseen_operator_noise_crescent_zb05p7_E09p8;F3NCS_0491_ood_unseen_operator_noise_two_foci_zb01p9_E52p0;F3NCS_0492_ood_unseen_operator_noise_two_foci_zb05p8_E11p8;F3NCS_0493_ood_unseen_operator_noise_two_foci_zb02p7_E17p6;F3NCS_0494_ood_unseen_operator_noise_cylinder_zb03p5_E15p1;F3NCS_0495_ood_unseen_operator_noise_ellipse_zb11p4_E39p6;F3NCS_0496_ood_unseen_operator_noise_two_foci_zb05p4_E16p3;F3NCS_0497_ood_unseen_operator_noise_two_foci_zb06p2_E23p1;F3NCS_0498_ood_unseen_operator_noise_crescent_zb04p0_E08p5;F3NCS_0499_ood_unseen_operator_noise_lobed_zb01p5_E71p0;F3NCS_0500_ood_unseen_operator_noise_cylinder_zb02p3_E45p6;F3NCS_0501_ood_unseen_operator_noise_two_foci_zb09p3_E50p3;F3NCS_0502_ood_unseen_operator_noise_cylinder_zb11p5_E11p1;F3NCS_0503_ood_unseen_operator_noise_two_foci_zb07p9_E32p0;F3NCS_0504_ood_unseen_operator_noise_crescent_zb10p9_E39p6;F3NCS_0505_ood_unseen_operator_noise_lobed_zb06p3_E74p2;F3NCS_0506_ood_unseen_operator_noise_lobed_zb06p9_E36p9;F3NCS_0507_ood_unseen_operator_noise_ellipse_zb01p4_E08p8;F3NCS_0508_ood_unseen_operator_noise_two_foci_zb03p5_E13p6;F3NCS_0509_ood_unseen_operator_noise_crescent_zb11p1_E35p5;F3NCS_0510_ood_unseen_operator_noise_ellipse_zb02p7_E08p0;F3NCS_0511_ood_unseen_operator_noise_crescent_zb08p1_E09p7,method2b_512_full_comsol_colab_cuda,fig3_true_ood,3,split_role/ood_split_family,ood_unseen_operator_noise,230,38,32,0.0523658916354179,0.7568283081054688,0.0374064780771732,0.829071044921875,0.1165383383631706,0.8669204711914062,0.1898827105760574,0.894500732421875,0.260335624217987,0.8267680447203414,0.8064244981998356,0.0646075162497641,1.345218014851704,0.0165440501028886,0.5964939594268799,0.074582815170288,,0.7345951795578003
H:\My Drive\MN_simulation\outputs\rspi_joint_052026\method2b_512_five_seed_ood_full512_20260611\seed_1\posterior\rspi_posterior_metrics.csv,1,train_mean_prior,0.1397266536951065,0.2192122225153258,13.182704695087711,0.0261623403639532,4.238651752471924,13.06372298214781,,64,F3NCS_0320_ood_unseen_shape_lobed_zb03p8_E09p9;F3NCS_0321_ood_unseen_shape_crescent_zb03p5_E06p5;F3NCS_0322_ood_unseen_shape_crescent_zb07p2_E76p5;F3NCS_0323_ood_unseen_shape_crescent_zb03p5_E10p3;F3NCS_0324_ood_unseen_shape_crescent_zb02p9_E59p3;F3NCS_0325_ood_unseen_shape_lobed_zb01p6_E06p9;F3NCS_0326_ood_unseen_shape_lobed_zb06p1_E42p4;F3NCS_0327_ood_unseen_shape_crescent_zb03p1_E14p7;F3NCS_0328_ood_unseen_shape_lobed_zb03p1_E29p3;F3NCS_0329_ood_unseen_shape_lobed_zb05p7_E08p7;F3NCS_0330_ood_unseen_shape_lobed_zb02p8_E92p0;F3NCS_0331_ood_unseen_shape_crescent_zb03p2_E14p3;F3NCS_0332_ood_unseen_shape_lobed_zb02p8_E45p3;F3NCS_0333_ood_unseen_shape_lobed_zb03p4_E06p5;F3NCS_0334_ood_unseen_shape_crescent_zb03p1_E53p0;F3NCS_0335_ood_unseen_shape_crescent_zb02p9_E84p2;F3NCS_0336_ood_unseen_shape_crescent_zb07p2_E64p1;F3NCS_0337_ood_unseen_shape_lobed_zb03p4_E11p4;F3NCS_0338_ood_unseen_shape_crescent_zb06p8_E10p9;F3NCS_0339_ood_unseen_shape_lobed_zb04p2_E91p6;F3NCS_0340_ood_unseen_shape_crescent_zb03p8_E70p0;F3NCS_0341_ood_unseen_shape_lobed_zb04p9_E61p6;F3NCS_0342_ood_unseen_shape_crescent_zb05p1_E22p7;F3NCS_0343_ood_unseen_shape_lobed_zb07p1_E87p4;F3NCS_0344_ood_unseen_shape_crescent_zb03p6_E61p5;F3NCS_0345_ood_unseen_shape_crescent_zb06p9_E18p0;F3NCS_0346_ood_unseen_shape_lobed_zb01p8_E15p9;F3NCS_0347_ood_unseen_shape_lobed_zb02p8_E62p6;F3NCS_0348_ood_unseen_shape_lobed_zb05p0_E06p3;F3NCS_0349_ood_unseen_shape_lobed_zb03p4_E28p4;F3NCS_0350_ood_unseen_shape_lobed_zb06p0_E06p6;F3NCS_0351_ood_unseen_shape_crescent_zb06p3_E52p9;F3NCS_0352_ood_unseen_shape_lobed_zb05p6_E54p3;F3NCS_0353_ood_unseen_shape_lobed_zb02p2_E51p7;F3NCS_0354_ood_unseen_shape_crescent_zb05p4_E08p7;F3NCS_0355_ood_unseen_shape_crescent_zb07p5_E72p1;F3NCS_0356_ood_unseen_shape_lobed_zb07p8_E66p7;F3NCS_0357_ood_unseen_shape_lobed_zb03p8_E28p5;F3NCS_0358_ood_unseen_shape_lobed_zb05p7_E57p3;F3NCS_0359_ood_unseen_shape_crescent_zb07p1_E07p1;F3NCS_0360_ood_unseen_shape_lobed_zb06p1_E32p9;F3NCS_0361_ood_unseen_shape_crescent_zb07p0_E50p0;F3NCS_0362_ood_unseen_shape_lobed_zb07p0_E43p7;F3NCS_0363_ood_unseen_shape_crescent_zb04p4_E39p7;F3NCS_0364_ood_unseen_shape_lobed_zb03p1_E17p5;F3NCS_0365_ood_unseen_shape_crescent_zb04p6_E10p8;F3NCS_0366_ood_unseen_shape_crescent_zb01p4_E56p2;F3NCS_0367_ood_unseen_shape_crescent_zb02p6_E36p5;F3NCS_0368_ood_unseen_shape_crescent_zb03p1_E21p0;F3NCS_0369_ood_unseen_shape_lobed_zb02p7_E27p1;F3NCS_0370_ood_unseen_shape_crescent_zb07p7_E18p8;F3NCS_0371_ood_unseen_shape_lobed_zb02p8_E27p5;F3NCS_0372_ood_unseen_shape_lobed_zb02p3_E06p5;F3NCS_0373_ood_unseen_shape_lobed_zb04p9_E07p7;F3NCS_0374_ood_unseen_shape_lobed_zb07p3_E27p3;F3NCS_0375_ood_unseen_shape_crescent_zb03p4_E11p6;F3NCS_0376_ood_unseen_shape_crescent_zb04p0_E26p7;F3NCS_0377_ood_unseen_shape_crescent_zb06p5_E40p4;F3NCS_0378_ood_unseen_shape_crescent_zb05p4_E79p9;F3NCS_0379_ood_unseen_shape_crescent_zb06p4_E88p5;F3NCS_0380_ood_unseen_shape_lobed_zb03p5_E55p6;F3NCS_0381_ood_unseen_shape_crescent_zb04p9_E14p7;F3NCS_0382_ood_unseen_shape_crescent_zb05p9_E48p6;F3NCS_0383_ood_unseen_shape_crescent_zb05p4_E08p3,method2b_512_full_comsol_colab_cuda,fig3_true_ood,4,split_role/ood_split_family,ood_unseen_shape,230,38,64,,,,,,,,,,,,,,,,,,
H:\My Drive\MN_simulation\outputs\rspi_joint_052026\method2b_512_five_seed_ood_full512_20260611\seed_1\posterior\rspi_posterior_metrics.csv,1,srcnn_bz_single_channel,0.1169544979929924,0.208941410675103,13.599509549328278,0.1573355186264962,4.0120954513549805,12.805876122188437,0.3086366283394086,64,F3NCS_0320_ood_unseen_shape_lobed_zb03p8_E09p9;F3NCS_0321_ood_unseen_shape_crescent_zb03p5_E06p5;F3NCS_0322_ood_unseen_shape_crescent_zb07p2_E76p5;F3NCS_0323_ood_unseen_shape_crescent_zb03p5_E10p3;F3NCS_0324_ood_unseen_shape_crescent_zb02p9_E59p3;F3NCS_0325_ood_unseen_shape_lobed_zb01p6_E06p9;F3NCS_0326_ood_unseen_shape_lobed_zb06p1_E42p4;F3NCS_0327_ood_unseen_shape_crescent_zb03p1_E14p7;F3NCS_0328_ood_unseen_shape_lobed_zb03p1_E29p3;F3NCS_0329_ood_unseen_shape_lobed_zb05p7_E08p7;F3NCS_0330_ood_unseen_shape_lobed_zb02p8_E92p0;F3NCS_0331_ood_unseen_shape_crescent_zb03p2_E14p3;F3NCS_0332_ood_unseen_shape_lobed_zb02p8_E45p3;F3NCS_0333_ood_unseen_shape_lobed_zb03p4_E06p5;F3NCS_0334_ood_unseen_shape_crescent_zb03p1_E53p0;F3NCS_0335_ood_unseen_shape_crescent_zb02p9_E84p2;F3NCS_0336_ood_unseen_shape_crescent_zb07p2_E64p1;F3NCS_0337_ood_unseen_shape_lobed_zb03p4_E11p4;F3NCS_0338_ood_unseen_shape_crescent_zb06p8_E10p9;F3NCS_0339_ood_unseen_shape_lobed_zb04p2_E91p6;F3NCS_0340_ood_unseen_shape_crescent_zb03p8_E70p0;F3NCS_0341_ood_unseen_shape_lobed_zb04p9_E61p6;F3NCS_0342_ood_unseen_shape_crescent_zb05p1_E22p7;F3NCS_0343_ood_unseen_shape_lobed_zb07p1_E87p4;F3NCS_0344_ood_unseen_shape_crescent_zb03p6_E61p5;F3NCS_0345_ood_unseen_shape_crescent_zb06p9_E18p0;F3NCS_0346_ood_unseen_shape_lobed_zb01p8_E15p9;F3NCS_0347_ood_unseen_shape_lobed_zb02p8_E62p6;F3NCS_0348_ood_unseen_shape_lobed_zb05p0_E06p3;F3NCS_0349_ood_unseen_shape_lobed_zb03p4_E28p4;F3NCS_0350_ood_unseen_shape_lobed_zb06p0_E06p6;F3NCS_0351_ood_unseen_shape_crescent_zb06p3_E52p9;F3NCS_0352_ood_unseen_shape_lobed_zb05p6_E54p3;F3NCS_0353_ood_unseen_shape_lobed_zb02p2_E51p7;F3NCS_0354_ood_unseen_shape_crescent_zb05p4_E08p7;F3NCS_0355_ood_unseen_shape_crescent_zb07p5_E72p1;F3NCS_0356_ood_unseen_shape_lobed_zb07p8_E66p7;F3NCS_0357_ood_unseen_shape_lobed_zb03p8_E28p5;F3NCS_0358_ood_unseen_shape_lobed_zb05p7_E57p3;F3NCS_0359_ood_unseen_shape_crescent_zb07p1_E07p1;F3NCS_0360_ood_unseen_shape_lobed_zb06p1_E32p9;F3NCS_0361_ood_unseen_shape_crescent_zb07p0_E50p0;F3NCS_0362_ood_unseen_shape_lobed_zb07p0_E43p7;F3NCS_0363_ood_unseen_shape_crescent_zb04p4_E39p7;F3NCS_0364_ood_unseen_shape_lobed_zb03p1_E17p5;F3NCS_0365_ood_unseen_shape_crescent_zb04p6_E10p8;F3NCS_0366_ood_unseen_shape_crescent_zb01p4_E56p2;F3NCS_0367_ood_unseen_shape_crescent_zb02p6_E36p5;F3NCS_0368_ood_unseen_shape_crescent_zb03p1_E21p0;F3NCS_0369_ood_unseen_shape_lobed_zb02p7_E27p1;F3NCS_0370_ood_unseen_shape_crescent_zb07p7_E18p8;F3NCS_0371_ood_unseen_shape_lobed_zb02p8_E27p5;F3NCS_0372_ood_unseen_shape_lobed_zb02p3_E06p5;F3NCS_0373_ood_unseen_shape_lobed_zb04p9_E07p7;F3NCS_0374_ood_unseen_shape_lobed_zb07p3_E27p3;F3NCS_0375_ood_unseen_shape_crescent_zb03p4_E11p6;F3NCS_0376_ood_unseen_shape_crescent_zb04p0_E26p7;F3NCS_0377_ood_unseen_shape_crescent_zb06p5_E40p4;F3NCS_0378_ood_unseen_shape_crescent_zb05p4_E79p9;F3NCS_0379_ood_unseen_shape_crescent_zb06p4_E88p5;F3NCS_0380_ood_unseen_shape_lobed_zb03p5_E55p6;F3NCS_0381_ood_unseen_shape_crescent_zb04p9_E14p7;F3NCS_0382_ood_unseen_shape_crescent_zb05p9_E48p6;F3NCS_0383_ood_unseen_shape_crescent_zb05p4_E08p3,method2b_512_full_comsol_colab_cuda,fig3_true_ood,4,split_role/ood_split_family,ood_unseen_shape,230,38,64,0.1169544979929924,0.0,0.0,0.0,0.0,0.0,0.0,0.0,0.0,,0.5,0.2061081370634675,20610813.706346758,0.0854771341099786,0.1268501281738281,0.0,,
H:\My Drive\MN_simulation\outputs\rspi_joint_052026\method2b_512_five_seed_ood_full512_20260611\seed_1\posterior\rspi_posterior_metrics.csv,1,unet_canonical_bxyz,0.0839960351586341,0.1773769641643807,15.0220556479095,0.3491581578273326,3.370004177093506,11.610051870829835,0.4556589143363326,64,F3NCS_0320_ood_unseen_shape_lobed_zb03p8_E09p9;F3NCS_0321_ood_unseen_shape_crescent_zb03p5_E06p5;F3NCS_0322_ood_unseen_shape_crescent_zb07p2_E76p5;F3NCS_0323_ood_unseen_shape_crescent_zb03p5_E10p3;F3NCS_0324_ood_unseen_shape_crescent_zb02p9_E59p3;F3NCS_0325_ood_unseen_shape_lobed_zb01p6_E06p9;F3NCS_0326_ood_unseen_shape_lobed_zb06p1_E42p4;F3NCS_0327_ood_unseen_shape_crescent_zb03p1_E14p7;F3NCS_0328_ood_unseen_shape_lobed_zb03p1_E29p3;F3NCS_0329_ood_unseen_shape_lobed_zb05p7_E08p7;F3NCS_0330_ood_unseen_shape_lobed_zb02p8_E92p0;F3NCS_0331_ood_unseen_shape_crescent_zb03p2_E14p3;F3NCS_0332_ood_unseen_shape_lobed_zb02p8_E45p3;F3NCS_0333_ood_unseen_shape_lobed_zb03p4_E06p5;F3NCS_0334_ood_unseen_shape_crescent_zb03p1_E53p0;F3NCS_0335_ood_unseen_shape_crescent_zb02p9_E84p2;F3NCS_0336_ood_unseen_shape_crescent_zb07p2_E64p1;F3NCS_0337_ood_unseen_shape_lobed_zb03p4_E11p4;F3NCS_0338_ood_unseen_shape_crescent_zb06p8_E10p9;F3NCS_0339_ood_unseen_shape_lobed_zb04p2_E91p6;F3NCS_0340_ood_unseen_shape_crescent_zb03p8_E70p0;F3NCS_0341_ood_unseen_shape_lobed_zb04p9_E61p6;F3NCS_0342_ood_unseen_shape_crescent_zb05p1_E22p7;F3NCS_0343_ood_unseen_shape_lobed_zb07p1_E87p4;F3NCS_0344_ood_unseen_shape_crescent_zb03p6_E61p5;F3NCS_0345_ood_unseen_shape_crescent_zb06p9_E18p0;F3NCS_0346_ood_unseen_shape_lobed_zb01p8_E15p9;F3NCS_0347_ood_unseen_shape_lobed_zb02p8_E62p6;F3NCS_0348_ood_unseen_shape_lobed_zb05p0_E06p3;F3NCS_0349_ood_unseen_shape_lobed_zb03p4_E28p4;F3NCS_0350_ood_unseen_shape_lobed_zb06p0_E06p6;F3NCS_0351_ood_unseen_shape_crescent_zb06p3_E52p9;F3NCS_0352_ood_unseen_shape_lobed_zb05p6_E54p3;F3NCS_0353_ood_unseen_shape_lobed_zb02p2_E51p7;F3NCS_0354_ood_unseen_shape_crescent_zb05p4_E08p7;F3NCS_0355_ood_unseen_shape_crescent_zb07p5_E72p1;F3NCS_0356_ood_unseen_shape_lobed_zb07p8_E66p7;F3NCS_0357_ood_unseen_shape_lobed_zb03p8_E28p5;F3NCS_0358_ood_unseen_shape_lobed_zb05p7_E57p3;F3NCS_0359_ood_unseen_shape_crescent_zb07p1_E07p1;F3NCS_0360_ood_unseen_shape_lobed_zb06p1_E32p9;F3NCS_0361_ood_unseen_shape_crescent_zb07p0_E50p0;F3NCS_0362_ood_unseen_shape_lobed_zb07p0_E43p7;F3NCS_0363_ood_unseen_shape_crescent_zb04p4_E39p7;F3NCS_0364_ood_unseen_shape_lobed_zb03p1_E17p5;F3NCS_0365_ood_unseen_shape_crescent_zb04p6_E10p8;F3NCS_0366_ood_unseen_shape_crescent_zb01p4_E56p2;F3NCS_0367_ood_unseen_shape_crescent_zb02p6_E36p5;F3NCS_0368_ood_unseen_shape_crescent_zb03p1_E21p0;F3NCS_0369_ood_unseen_shape_lobed_zb02p7_E27p1;F3NCS_0370_ood_unseen_shape_crescent_zb07p7_E18p8;F3NCS_0371_ood_unseen_shape_lobed_zb02p8_E27p5;F3NCS_0372_ood_unseen_shape_lobed_zb02p3_E06p5;F3NCS_0373_ood_unseen_shape_lobed_zb04p9_E07p7;F3NCS_0374_ood_unseen_shape_lobed_zb07p3_E27p3;F3NCS_0375_ood_unseen_shape_crescent_zb03p4_E11p6;F3NCS_0376_ood_unseen_shape_crescent_zb04p0_E26p7;F3NCS_0377_ood_unseen_shape_crescent_zb06p5_E40p4;F3NCS_0378_ood_unseen_shape_crescent_zb05p4_E79p9;F3NCS_0379_ood_unseen_shape_crescent_zb06p4_E88p5;F3NCS_0380_ood_unseen_shape_lobed_zb03p5_E55p6;F3NCS_0381_ood_unseen_shape_crescent_zb04p9_E14p7;F3NCS_0382_ood_unseen_shape_crescent_zb05p9_E48p6;F3NCS_0383_ood_unseen_shape_crescent_zb05p4_E08p3,method2b_512_full_comsol_colab_cuda,fig3_true_ood,4,split_role/ood_split_family,ood_unseen_shape,230,38,64,0.0839960426092147,0.0,0.0,0.0,0.0,0.0,0.0,0.0,0.0,,0.5,0.1736525038225458,17365250.382254586,0.0644404541576396,0.11199951171875,0.0,,
H:\My Drive\MN_simulation\outputs\rspi_joint_052026\method2b_512_five_seed_ood_full512_20260611\seed_1\posterior\rspi_posterior_metrics.csv,1,vanilla_diffusion,0.4740873575210571,0.4855367050272026,6.275558664729392,0.0277653643279336,14.099445343017578,16.038686711683937,0.2557294350094702,64,F3NCS_0320_ood_unseen_shape_lobed_zb03p8_E09p9;F3NCS_0321_ood_unseen_shape_crescent_zb03p5_E06p5;F3NCS_0322_ood_unseen_shape_crescent_zb07p2_E76p5;F3NCS_0323_ood_unseen_shape_crescent_zb03p5_E10p3;F3NCS_0324_ood_unseen_shape_crescent_zb02p9_E59p3;F3NCS_0325_ood_unseen_shape_lobed_zb01p6_E06p9;F3NCS_0326_ood_unseen_shape_lobed_zb06p1_E42p4;F3NCS_0327_ood_unseen_shape_crescent_zb03p1_E14p7;F3NCS_0328_ood_unseen_shape_lobed_zb03p1_E29p3;F3NCS_0329_ood_unseen_shape_lobed_zb05p7_E08p7;F3NCS_0330_ood_unseen_shape_lobed_zb02p8_E92p0;F3NCS_0331_ood_unseen_shape_crescent_zb03p2_E14p3;F3NCS_0332_ood_unseen_shape_lobed_zb02p8_E45p3;F3NCS_0333_ood_unseen_shape_lobed_zb03p4_E06p5;F3NCS_0334_ood_unseen_shape_crescent_zb03p1_E53p0;F3NCS_0335_ood_unseen_shape_crescent_zb02p9_E84p2;F3NCS_0336_ood_unseen_shape_crescent_zb07p2_E64p1;F3NCS_0337_ood_unseen_shape_lobed_zb03p4_E11p4;F3NCS_0338_ood_unseen_shape_crescent_zb06p8_E10p9;F3NCS_0339_ood_unseen_shape_lobed_zb04p2_E91p6;F3NCS_0340_ood_unseen_shape_crescent_zb03p8_E70p0;F3NCS_0341_ood_unseen_shape_lobed_zb04p9_E61p6;F3NCS_0342_ood_unseen_shape_crescent_zb05p1_E22p7;F3NCS_0343_ood_unseen_shape_lobed_zb07p1_E87p4;F3NCS_0344_ood_unseen_shape_crescent_zb03p6_E61p5;F3NCS_0345_ood_unseen_shape_crescent_zb06p9_E18p0;F3NCS_0346_ood_unseen_shape_lobed_zb01p8_E15p9;F3NCS_0347_ood_unseen_shape_lobed_zb02p8_E62p6;F3NCS_0348_ood_unseen_shape_lobed_zb05p0_E06p3;F3NCS_0349_ood_unseen_shape_lobed_zb03p4_E28p4;F3NCS_0350_ood_unseen_shape_lobed_zb06p0_E06p6;F3NCS_0351_ood_unseen_shape_crescent_zb06p3_E52p9;F3NCS_0352_ood_unseen_shape_lobed_zb05p6_E54p3;F3NCS_0353_ood_unseen_shape_lobed_zb02p2_E51p7;F3NCS_0354_ood_unseen_shape_crescent_zb05p4_E08p7;F3NCS_0355_ood_unseen_shape_crescent_zb07p5_E72p1;F3NCS_0356_ood_unseen_shape_lobed_zb07p8_E66p7;F3NCS_0357_ood_unseen_shape_lobed_zb03p8_E28p5;F3NCS_0358_ood_unseen_shape_lobed_zb05p7_E57p3;F3NCS_0359_ood_unseen_shape_crescent_zb07p1_E07p1;F3NCS_0360_ood_unseen_shape_lobed_zb06p1_E32p9;F3NCS_0361_ood_unseen_shape_crescent_zb07p0_E50p0;F3NCS_0362_ood_unseen_shape_lobed_zb07p0_E43p7;F3NCS_0363_ood_unseen_shape_crescent_zb04p4_E39p7;F3NCS_0364_ood_unseen_shape_lobed_zb03p1_E17p5;F3NCS_0365_ood_unseen_shape_crescent_zb04p6_E10p8;F3NCS_0366_ood_unseen_shape_crescent_zb01p4_E56p2;F3NCS_0367_ood_unseen_shape_crescent_zb02p6_E36p5;F3NCS_0368_ood_unseen_shape_crescent_zb03p1_E21p0;F3NCS_0369_ood_unseen_shape_lobed_zb02p7_E27p1;F3NCS_0370_ood_unseen_shape_crescent_zb07p7_E18p8;F3NCS_0371_ood_unseen_shape_lobed_zb02p8_E27p5;F3NCS_0372_ood_unseen_shape_lobed_zb02p3_E06p5;F3NCS_0373_ood_unseen_shape_lobed_zb04p9_E07p7;F3NCS_0374_ood_unseen_shape_lobed_zb07p3_E27p3;F3NCS_0375_ood_unseen_shape_crescent_zb03p4_E11p6;F3NCS_0376_ood_unseen_shape_crescent_zb04p0_E26p7;F3NCS_0377_ood_unseen_shape_crescent_zb06p5_E40p4;F3NCS_0378_ood_unseen_shape_crescent_zb05p4_E79p9;F3NCS_0379_ood_unseen_shape_crescent_zb06p4_E88p5;F3NCS_0380_ood_unseen_shape_lobed_zb03p5_E55p6;F3NCS_0381_ood_unseen_shape_crescent_zb04p9_E14p7;F3NCS_0382_ood_unseen_shape_crescent_zb05p9_E48p6;F3NCS_0383_ood_unseen_shape_crescent_zb05p4_E08p3,method2b_512_full_comsol_colab_cuda,fig3_true_ood,4,split_role/ood_split_family,ood_unseen_shape,230,38,64,,,,,,,,,,,,,,,,0.0884036347270011,64.0,
H:\My Drive\MN_simulation\outputs\rspi_joint_052026\method2b_512_five_seed_ood_full512_20260611\seed_1\posterior\rspi_posterior_metrics.csv,1,prior_init_diffusion_unet,0.0864117220044136,0.1782351972792237,14.980130576719862,0.2038724289741367,3.390835285186768,11.632642633287976,0.4420296873503771,64,F3NCS_0320_ood_unseen_shape_lobed_zb03p8_E09p9;F3NCS_0321_ood_unseen_shape_crescent_zb03p5_E06p5;F3NCS_0322_ood_unseen_shape_crescent_zb07p2_E76p5;F3NCS_0323_ood_unseen_shape_crescent_zb03p5_E10p3;F3NCS_0324_ood_unseen_shape_crescent_zb02p9_E59p3;F3NCS_0325_ood_unseen_shape_lobed_zb01p6_E06p9;F3NCS_0326_ood_unseen_shape_lobed_zb06p1_E42p4;F3NCS_0327_ood_unseen_shape_crescent_zb03p1_E14p7;F3NCS_0328_ood_unseen_shape_lobed_zb03p1_E29p3;F3NCS_0329_ood_unseen_shape_lobed_zb05p7_E08p7;F3NCS_0330_ood_unseen_shape_lobed_zb02p8_E92p0;F3NCS_0331_ood_unseen_shape_crescent_zb03p2_E14p3;F3NCS_0332_ood_unseen_shape_lobed_zb02p8_E45p3;F3NCS_0333_ood_unseen_shape_lobed_zb03p4_E06p5;F3NCS_0334_ood_unseen_shape_crescent_zb03p1_E53p0;F3NCS_0335_ood_unseen_shape_crescent_zb02p9_E84p2;F3NCS_0336_ood_unseen_shape_crescent_zb07p2_E64p1;F3NCS_0337_ood_unseen_shape_lobed_zb03p4_E11p4;F3NCS_0338_ood_unseen_shape_crescent_zb06p8_E10p9;F3NCS_0339_ood_unseen_shape_lobed_zb04p2_E91p6;F3NCS_0340_ood_unseen_shape_crescent_zb03p8_E70p0;F3NCS_0341_ood_unseen_shape_lobed_zb04p9_E61p6;F3NCS_0342_ood_unseen_shape_crescent_zb05p1_E22p7;F3NCS_0343_ood_unseen_shape_lobed_zb07p1_E87p4;F3NCS_0344_ood_unseen_shape_crescent_zb03p6_E61p5;F3NCS_0345_ood_unseen_shape_crescent_zb06p9_E18p0;F3NCS_0346_ood_unseen_shape_lobed_zb01p8_E15p9;F3NCS_0347_ood_unseen_shape_lobed_zb02p8_E62p6;F3NCS_0348_ood_unseen_shape_lobed_zb05p0_E06p3;F3NCS_0349_ood_unseen_shape_lobed_zb03p4_E28p4;F3NCS_0350_ood_unseen_shape_lobed_zb06p0_E06p6;F3NCS_0351_ood_unseen_shape_crescent_zb06p3_E52p9;F3NCS_0352_ood_unseen_shape_lobed_zb05p6_E54p3;F3NCS_0353_ood_unseen_shape_lobed_zb02p2_E51p7;F3NCS_0354_ood_unseen_shape_crescent_zb05p4_E08p7;F3NCS_0355_ood_unseen_shape_crescent_zb07p5_E72p1;F3NCS_0356_ood_unseen_shape_lobed_zb07p8_E66p7;F3NCS_0357_ood_unseen_shape_lobed_zb03p8_E28p5;F3NCS_0358_ood_unseen_shape_lobed_zb05p7_E57p3;F3NCS_0359_ood_unseen_shape_crescent_zb07p1_E07p1;F3NCS_0360_ood_unseen_shape_lobed_zb06p1_E32p9;F3NCS_0361_ood_unseen_shape_crescent_zb07p0_E50p0;F3NCS_0362_ood_unseen_shape_lobed_zb07p0_E43p7;F3NCS_0363_ood_unseen_shape_crescent_zb04p4_E39p7;F3NCS_0364_ood_unseen_shape_lobed_zb03p1_E17p5;F3NCS_0365_ood_unseen_shape_crescent_zb04p6_E10p8;F3NCS_0366_ood_unseen_shape_crescent_zb01p4_E56p2;F3NCS_0367_ood_unseen_shape_crescent_zb02p6_E36p5;F3NCS_0368_ood_unseen_shape_crescent_zb03p1_E21p0;F3NCS_0369_ood_unseen_shape_lobed_zb02p7_E27p1;F3NCS_0370_ood_unseen_shape_crescent_zb07p7_E18p8;F3NCS_0371_ood_unseen_shape_lobed_zb02p8_E27p5;F3NCS_0372_ood_unseen_shape_lobed_zb02p3_E06p5;F3NCS_0373_ood_unseen_shape_lobed_zb04p9_E07p7;F3NCS_0374_ood_unseen_shape_lobed_zb07p3_E27p3;F3NCS_0375_ood_unseen_shape_crescent_zb03p4_E11p6;F3NCS_0376_ood_unseen_shape_crescent_zb04p0_E26p7;F3NCS_0377_ood_unseen_shape_crescent_zb06p5_E40p4;F3NCS_0378_ood_unseen_shape_crescent_zb05p4_E79p9;F3NCS_0379_ood_unseen_shape_crescent_zb06p4_E88p5;F3NCS_0380_ood_unseen_shape_lobed_zb03p5_E55p6;F3NCS_0381_ood_unseen_shape_crescent_zb04p9_E14p7;F3NCS_0382_ood_unseen_shape_crescent_zb05p9_E48p6;F3NCS_0383_ood_unseen_shape_crescent_zb05p4_E08p3,method2b_512_full_comsol_colab_cuda,fig3_true_ood,4,split_role/ood_split_family,ood_unseen_shape,230,38,64,0.0813341289758682,0.007354736328125,0.012137284502387,0.0255889892578125,0.0229078531265258,0.0550003051757812,0.0290082804858684,0.1147994995117187,0.0338518880307674,0.6467500960444064,0.8033370326863813,0.1492366692508861,15.905319095670842,0.01926071889793,0.1269553303718567,0.0091031230986118,,
H:\My Drive\MN_simulation\outputs\rspi_joint_052026\method2b_512_five_seed_ood_full512_20260611\seed_1\posterior\rspi_posterior_metrics.csv,1,residual_likelihood_guided_diffusion,0.086386926472187,0.1782416660151564,14.979815343209918,0.204326570732519,3.3906986713409424,11.6338644378303,0.4423569016976406,64,F3NCS_0320_ood_unseen_shape_lobed_zb03p8_E09p9;F3NCS_0321_ood_unseen_shape_crescent_zb03p5_E06p5;F3NCS_0322_ood_unseen_shape_crescent_zb07p2_E76p5;F3NCS_0323_ood_unseen_shape_crescent_zb03p5_E10p3;F3NCS_0324_ood_unseen_shape_crescent_zb02p9_E59p3;F3NCS_0325_ood_unseen_shape_lobed_zb01p6_E06p9;F3NCS_0326_ood_unseen_shape_lobed_zb06p1_E42p4;F3NCS_0327_ood_unseen_shape_crescent_zb03p1_E14p7;F3NCS_0328_ood_unseen_shape_lobed_zb03p1_E29p3;F3NCS_0329_ood_unseen_shape_lobed_zb05p7_E08p7;F3NCS_0330_ood_unseen_shape_lobed_zb02p8_E92p0;F3NCS_0331_ood_unseen_shape_crescent_zb03p2_E14p3;F3NCS_0332_ood_unseen_shape_lobed_zb02p8_E45p3;F3NCS_0333_ood_unseen_shape_lobed_zb03p4_E06p5;F3NCS_0334_ood_unseen_shape_crescent_zb03p1_E53p0;F3NCS_0335_ood_unseen_shape_crescent_zb02p9_E84p2;F3NCS_0336_ood_unseen_shape_crescent_zb07p2_E64p1;F3NCS_0337_ood_unseen_shape_lobed_zb03p4_E11p4;F3NCS_0338_ood_unseen_shape_crescent_zb06p8_E10p9;F3NCS_0339_ood_unseen_shape_lobed_zb04p2_E91p6;F3NCS_0340_ood_unseen_shape_crescent_zb03p8_E70p0;F3NCS_0341_ood_unseen_shape_lobed_zb04p9_E61p6;F3NCS_0342_ood_unseen_shape_crescent_zb05p1_E22p7;F3NCS_0343_ood_unseen_shape_lobed_zb07p1_E87p4;F3NCS_0344_ood_unseen_shape_crescent_zb03p6_E61p5;F3NCS_0345_ood_unseen_shape_crescent_zb06p9_E18p0;F3NCS_0346_ood_unseen_shape_lobed_zb01p8_E15p9;F3NCS_0347_ood_unseen_shape_lobed_zb02p8_E62p6;F3NCS_0348_ood_unseen_shape_lobed_zb05p0_E06p3;F3NCS_0349_ood_unseen_shape_lobed_zb03p4_E28p4;F3NCS_0350_ood_unseen_shape_lobed_zb06p0_E06p6;F3NCS_0351_ood_unseen_shape_crescent_zb06p3_E52p9;F3NCS_0352_ood_unseen_shape_lobed_zb05p6_E54p3;F3NCS_0353_ood_unseen_shape_lobed_zb02p2_E51p7;F3NCS_0354_ood_unseen_shape_crescent_zb05p4_E08p7;F3NCS_0355_ood_unseen_shape_crescent_zb07p5_E72p1;F3NCS_0356_ood_unseen_shape_lobed_zb07p8_E66p7;F3NCS_0357_ood_unseen_shape_lobed_zb03p8_E28p5;F3NCS_0358_ood_unseen_shape_lobed_zb05p7_E57p3;F3NCS_0359_ood_unseen_shape_crescent_zb07p1_E07p1;F3NCS_0360_ood_unseen_shape_lobed_zb06p1_E32p9;F3NCS_0361_ood_unseen_shape_crescent_zb07p0_E50p0;F3NCS_0362_ood_unseen_shape_lobed_zb07p0_E43p7;F3NCS_0363_ood_unseen_shape_crescent_zb04p4_E39p7;F3NCS_0364_ood_unseen_shape_lobed_zb03p1_E17p5;F3NCS_0365_ood_unseen_shape_crescent_zb04p6_E10p8;F3NCS_0366_ood_unseen_shape_crescent_zb01p4_E56p2;F3NCS_0367_ood_unseen_shape_crescent_zb02p6_E36p5;F3NCS_0368_ood_unseen_shape_crescent_zb03p1_E21p0;F3NCS_0369_ood_unseen_shape_lobed_zb02p7_E27p1;F3NCS_0370_ood_unseen_shape_crescent_zb07p7_E18p8;F3NCS_0371_ood_unseen_shape_lobed_zb02p8_E27p5;F3NCS_0372_ood_unseen_shape_lobed_zb02p3_E06p5;F3NCS_0373_ood_unseen_shape_lobed_zb04p9_E07p7;F3NCS_0374_ood_unseen_shape_lobed_zb07p3_E27p3;F3NCS_0375_ood_unseen_shape_crescent_zb03p4_E11p6;F3NCS_0376_ood_unseen_shape_crescent_zb04p0_E26p7;F3NCS_0377_ood_unseen_shape_crescent_zb06p5_E40p4;F3NCS_0378_ood_unseen_shape_crescent_zb05p4_E79p9;F3NCS_0379_ood_unseen_shape_crescent_zb06p4_E88p5;F3NCS_0380_ood_unseen_shape_lobed_zb03p5_E55p6;F3NCS_0381_ood_unseen_shape_crescent_zb04p9_E14p7;F3NCS_0382_ood_unseen_shape_crescent_zb05p9_E48p6;F3NCS_0383_ood_unseen_shape_crescent_zb05p4_E08p3,method2b_512_full_comsol_colab_cuda,fig3_true_ood,4,split_role/ood_split_family,ood_unseen_shape,230,38,64,0.0813031420111656,0.0073127746582031,0.0121466424316167,0.0257911682128906,0.0229419451206922,0.055633544921875,0.0290491748601198,0.1156501770019531,0.033882513642311,0.6482159431900908,0.8028025849402527,0.1492686628912531,15.898477893726769,0.0192340374756932,0.127116858959198,0.0091136824339628,,
H:\My Drive\MN_simulation\outputs\rspi_joint_052026\method2b_512_five_seed_ood_full512_20260611\seed_1\posterior\rspi_posterior_metrics.csv,1,explicit_residual_target_diffusion,0.0836755409836769,0.1787886632940274,14.953200451846564,0.2997641577385366,3.345479726791382,11.749263659191715,0.4600914479884033,64,F3NCS_0320_ood_unseen_shape_lobed_zb03p8_E09p9;F3NCS_0321_ood_unseen_shape_crescent_zb03p5_E06p5;F3NCS_0322_ood_unseen_shape_crescent_zb07p2_E76p5;F3NCS_0323_ood_unseen_shape_crescent_zb03p5_E10p3;F3NCS_0324_ood_unseen_shape_crescent_zb02p9_E59p3;F3NCS_0325_ood_unseen_shape_lobed_zb01p6_E06p9;F3NCS_0326_ood_unseen_shape_lobed_zb06p1_E42p4;F3NCS_0327_ood_unseen_shape_crescent_zb03p1_E14p7;F3NCS_0328_ood_unseen_shape_lobed_zb03p1_E29p3;F3NCS_0329_ood_unseen_shape_lobed_zb05p7_E08p7;F3NCS_0330_ood_unseen_shape_lobed_zb02p8_E92p0;F3NCS_0331_ood_unseen_shape_crescent_zb03p2_E14p3;F3NCS_0332_ood_unseen_shape_lobed_zb02p8_E45p3;F3NCS_0333_ood_unseen_shape_lobed_zb03p4_E06p5;F3NCS_0334_ood_unseen_shape_crescent_zb03p1_E53p0;F3NCS_0335_ood_unseen_shape_crescent_zb02p9_E84p2;F3NCS_0336_ood_unseen_shape_crescent_zb07p2_E64p1;F3NCS_0337_ood_unseen_shape_lobed_zb03p4_E11p4;F3NCS_0338_ood_unseen_shape_crescent_zb06p8_E10p9;F3NCS_0339_ood_unseen_shape_lobed_zb04p2_E91p6;F3NCS_0340_ood_unseen_shape_crescent_zb03p8_E70p0;F3NCS_0341_ood_unseen_shape_lobed_zb04p9_E61p6;F3NCS_0342_ood_unseen_shape_crescent_zb05p1_E22p7;F3NCS_0343_ood_unseen_shape_lobed_zb07p1_E87p4;F3NCS_0344_ood_unseen_shape_crescent_zb03p6_E61p5;F3NCS_0345_ood_unseen_shape_crescent_zb06p9_E18p0;F3NCS_0346_ood_unseen_shape_lobed_zb01p8_E15p9;F3NCS_0347_ood_unseen_shape_lobed_zb02p8_E62p6;F3NCS_0348_ood_unseen_shape_lobed_zb05p0_E06p3;F3NCS_0349_ood_unseen_shape_lobed_zb03p4_E28p4;F3NCS_0350_ood_unseen_shape_lobed_zb06p0_E06p6;F3NCS_0351_ood_unseen_shape_crescent_zb06p3_E52p9;F3NCS_0352_ood_unseen_shape_lobed_zb05p6_E54p3;F3NCS_0353_ood_unseen_shape_lobed_zb02p2_E51p7;F3NCS_0354_ood_unseen_shape_crescent_zb05p4_E08p7;F3NCS_0355_ood_unseen_shape_crescent_zb07p5_E72p1;F3NCS_0356_ood_unseen_shape_lobed_zb07p8_E66p7;F3NCS_0357_ood_unseen_shape_lobed_zb03p8_E28p5;F3NCS_0358_ood_unseen_shape_lobed_zb05p7_E57p3;F3NCS_0359_ood_unseen_shape_crescent_zb07p1_E07p1;F3NCS_0360_ood_unseen_shape_lobed_zb06p1_E32p9;F3NCS_0361_ood_unseen_shape_crescent_zb07p0_E50p0;F3NCS_0362_ood_unseen_shape_lobed_zb07p0_E43p7;F3NCS_0363_ood_unseen_shape_crescent_zb04p4_E39p7;F3NCS_0364_ood_unseen_shape_lobed_zb03p1_E17p5;F3NCS_0365_ood_unseen_shape_crescent_zb04p6_E10p8;F3NCS_0366_ood_unseen_shape_crescent_zb01p4_E56p2;F3NCS_0367_ood_unseen_shape_crescent_zb02p6_E36p5;F3NCS_0368_ood_unseen_shape_crescent_zb03p1_E21p0;F3NCS_0369_ood_unseen_shape_lobed_zb02p7_E27p1;F3NCS_0370_ood_unseen_shape_crescent_zb07p7_E18p8;F3NCS_0371_ood_unseen_shape_lobed_zb02p8_E27p5;F3NCS_0372_ood_unseen_shape_lobed_zb02p3_E06p5;F3NCS_0373_ood_unseen_shape_lobed_zb04p9_E07p7;F3NCS_0374_ood_unseen_shape_lobed_zb07p3_E27p3;F3NCS_0375_ood_unseen_shape_crescent_zb03p4_E11p6;F3NCS_0376_ood_unseen_shape_crescent_zb04p0_E26p7;F3NCS_0377_ood_unseen_shape_crescent_zb06p5_E40p4;F3NCS_0378_ood_unseen_shape_crescent_zb05p4_E79p9;F3NCS_0379_ood_unseen_shape_crescent_zb06p4_E88p5;F3NCS_0380_ood_unseen_shape_lobed_zb03p5_E55p6;F3NCS_0381_ood_unseen_shape_crescent_zb04p9_E14p7;F3NCS_0382_ood_unseen_shape_crescent_zb05p9_E48p6;F3NCS_0383_ood_unseen_shape_crescent_zb05p4_E08p3,method2b_512_full_comsol_colab_cuda,fig3_true_ood,4,split_role/ood_split_family,ood_unseen_shape,230,38,64,0.0596149340271949,0.7631378173828125,0.031811024993658,0.8250160217285156,0.0965760722756385,0.8579216003417969,0.1608963757753372,0.8862762451171875,0.2324603050947189,0.8273626785502596,0.7852956152583321,0.0948554851430142,1.7921301141373758,0.0199483826563973,0.6545104384422302,0.0694150775671005,,0.7569646835327148
H:\My Drive\MN_simulation\outputs\rspi_joint_052026\method2b_512_five_seed_ood_full512_20260611\seed_2\posterior\rspi_posterior_metrics.csv,2,train_mean_prior,0.1440892666578292,0.2195225340582517,13.170417853325851,0.0332627339073671,4.060465335845947,11.480061371004568,,52,F3NCS_0009_iid_support_ellipse_zb07p3_E22p5;F3NCS_0010_iid_support_cylinder_zb06p1_E14p0;F3NCS_0019_iid_support_two_foci_zb05p4_E27p2;F3NCS_0021_iid_support_ellipse_zb05p6_E31p9;F3NCS_0023_iid_support_cylinder_zb05p0_E06p6;F3NCS_0027_iid_support_ellipse_zb02p3_E78p6;F3NCS_0035_iid_support_ellipse_zb02p8_E30p8;F3NCS_0037_iid_support_ellipse_zb08p0_E07p6;F3NCS_0044_iid_support_ellipse_zb07p2_E08p4;F3NCS_0079_iid_support_cylinder_zb04p3_E13p0;F3NCS_0081_iid_support_ellipse_zb05p9_E06p8;F3NCS_0089_iid_support_cylinder_zb05p4_E08p5;F3NCS_0091_iid_support_two_foci_zb03p9_E39p0;F3NCS_0097_iid_support_cylinder_zb06p3_E18p9;F3NCS_0100_iid_support_cylinder_zb03p6_E34p7;F3NCS_0104_iid_support_ellipse_zb03p3_E52p9;F3NCS_0111_iid_support_ellipse_zb03p7_E19p4;F3NCS_0125_iid_support_cylinder_zb06p4_E14p2;F3NCS_0128_iid_support_two_foci_zb02p9_E23p9;F3NCS_0131_iid_support_ellipse_zb05p4_E74p1;F3NCS_0132_iid_support_cylinder_zb07p9_E08p3;F3NCS_0139_iid_support_two_foci_zb03p2_E25p1;F3NCS_0141_iid_support_cylinder_zb01p5_E37p1;F3NCS_0142_iid_support_two_foci_zb05p0_E19p6;F3NCS_0146_iid_support_two_foci_zb04p1_E20p6;F3NCS_0149_iid_support_cylinder_zb03p2_E32p2;F3NCS_0155_iid_support_ellipse_zb06p3_E24p5;F3NCS_0158_iid_support_cylinder_zb05p7_E11p3;F3NCS_0161_iid_support_ellipse_zb01p6_E25p7;F3NCS_0162_iid_support_ellipse_zb03p2_E17p6;F3NCS_0163_iid_support_two_foci_zb06p0_E08p1;F3NCS_0165_iid_support_ellipse_zb04p1_E25p8;F3NCS_0179_iid_support_two_foci_zb03p8_E90p2;F3NCS_0183_iid_support_cylinder_zb06p6_E10p9;F3NCS_0184_iid_support_cylinder_zb03p7_E17p7;F3NCS_0188_iid_support_cylinder_zb02p6_E41p7;F3NCS_0198_iid_support_cylinder_zb05p9_E17p9;F3NCS_0199_iid_support_ellipse_zb06p2_E37p7;F3NCS_0202_iid_support_cylinder_zb03p7_E57p3;F3NCS_0220_iid_support_two_foci_zb02p4_E32p0;F3NCS_0223_iid_support_two_foci_zb05p1_E52p3;F3NCS_0239_iid_support_ellipse_zb02p9_E06p8;F3NCS_0262_iid_support_ellipse_zb05p7_E60p2;F3NCS_0272_iid_support_ellipse_zb02p7_E33p6;F3NCS_0278_iid_support_ellipse_zb02p1_E44p7;F3NCS_0284_iid_support_ellipse_zb03p7_E68p9;F3NCS_0288_iid_support_cylinder_zb03p9_E35p1;F3NCS_0296_iid_support_cylinder_zb06p2_E15p6;F3NCS_0300_iid_support_ellipse_zb07p6_E67p9;F3NCS_0306_iid_support_ellipse_zb04p6_E40p2;F3NCS_0315_iid_support_ellipse_zb08p0_E09p3;F3NCS_0316_iid_support_two_foci_zb02p8_E06p3,method2b_512_full_comsol_colab_cuda,fig3_true_ood,0,split_role/ood_split_family,iid_test,230,38,52,,,,,,,,,,,,,,,,,,
H:\My Drive\MN_simulation\outputs\rspi_joint_052026\method2b_512_five_seed_ood_full512_20260611\seed_2\posterior\rspi_posterior_metrics.csv,2,srcnn_bz_single_channel,0.1286536753177642,0.2058574672806019,13.72866749536622,0.1003539537867674,3.89912748336792,11.036156619479788,0.3260831717330646,52,F3NCS_0009_iid_support_ellipse_zb07p3_E22p5;F3NCS_0010_iid_support_cylinder_zb06p1_E14p0;F3NCS_0019_iid_support_two_foci_zb05p4_E27p2;F3NCS_0021_iid_support_ellipse_zb05p6_E31p9;F3NCS_0023_iid_support_cylinder_zb05p0_E06p6;F3NCS_0027_iid_support_ellipse_zb02p3_E78p6;F3NCS_0035_iid_support_ellipse_zb02p8_E30p8;F3NCS_0037_iid_support_ellipse_zb08p0_E07p6;F3NCS_0044_iid_support_ellipse_zb07p2_E08p4;F3NCS_0079_iid_support_cylinder_zb04p3_E13p0;F3NCS_0081_iid_support_ellipse_zb05p9_E06p8;F3NCS_0089_iid_support_cylinder_zb05p4_E08p5;F3NCS_0091_iid_support_two_foci_zb03p9_E39p0;F3NCS_0097_iid_support_cylinder_zb06p3_E18p9;F3NCS_0100_iid_support_cylinder_zb03p6_E34p7;F3NCS_0104_iid_support_ellipse_zb03p3_E52p9;F3NCS_0111_iid_support_ellipse_zb03p7_E19p4;F3NCS_0125_iid_support_cylinder_zb06p4_E14p2;F3NCS_0128_iid_support_two_foci_zb02p9_E23p9;F3NCS_0131_iid_support_ellipse_zb05p4_E74p1;F3NCS_0132_iid_support_cylinder_zb07p9_E08p3;F3NCS_0139_iid_support_two_foci_zb03p2_E25p1;F3NCS_0141_iid_support_cylinder_zb01p5_E37p1;F3NCS_0142_iid_support_two_foci_zb05p0_E19p6;F3NCS_0146_iid_support_two_foci_zb04p1_E20p6;F3NCS_0149_iid_support_cylinder_zb03p2_E32p2;F3NCS_0155_iid_support_ellipse_zb06p3_E24p5;F3NCS_0158_iid_support_cylinder_zb05p7_E11p3;F3NCS_0161_iid_support_ellipse_zb01p6_E25p7;F3NCS_0162_iid_support_ellipse_zb03p2_E17p6;F3NCS_0163_iid_support_two_foci_zb06p0_E08p1;F3NCS_0165_iid_support_ellipse_zb04p1_E25p8;F3NCS_0179_iid_support_two_foci_zb03p8_E90p2;F3NCS_0183_iid_support_cylinder_zb06p6_E10p9;F3NCS_0184_iid_support_cylinder_zb03p7_E17p7;F3NCS_0188_iid_support_cylinder_zb02p6_E41p7;F3NCS_0198_iid_support_cylinder_zb05p9_E17p9;F3NCS_0199_iid_support_ellipse_zb06p2_E37p7;F3NCS_0202_iid_support_cylinder_zb03p7_E57p3;F3NCS_0220_iid_support_two_foci_zb02p4_E32p0;F3NCS_0223_iid_support_two_foci_zb05p1_E52p3;F3NCS_0239_iid_support_ellipse_zb02p9_E06p8;F3NCS_0262_iid_support_ellipse_zb05p7_E60p2;F3NCS_0272_iid_support_ellipse_zb02p7_E33p6;F3NCS_0278_iid_support_ellipse_zb02p1_E44p7;F3NCS_0284_iid_support_ellipse_zb03p7_E68p9;F3NCS_0288_iid_support_cylinder_zb03p9_E35p1;F3NCS_0296_iid_support_cylinder_zb06p2_E15p6;F3NCS_0300_iid_support_ellipse_zb07p6_E67p9;F3NCS_0306_iid_support_ellipse_zb04p6_E40p2;F3NCS_0315_iid_support_ellipse_zb08p0_E09p3;F3NCS_0316_iid_support_two_foci_zb02p8_E06p3,method2b_512_full_comsol_colab_cuda,fig3_true_ood,0,split_role/ood_split_family,iid_test,230,38,52,0.1286536753177642,0.0,0.0,0.0,0.0,0.0,0.0,0.0,0.0,,0.5,0.204418347581196,20441834.7581196,0.0938998871965652,0.1412165760993957,0.0,,
H:\My Drive\MN_simulation\outputs\rspi_joint_052026\method2b_512_five_seed_ood_full512_20260611\seed_2\posterior\rspi_posterior_metrics.csv,2,unet_canonical_bxyz,0.0807966366410255,0.1577360947880319,16.041378311787682,0.3405571012542798,3.0146050453186035,9.098388327941144,0.555825319658768,52,F3NCS_0009_iid_support_ellipse_zb07p3_E22p5;F3NCS_0010_iid_support_cylinder_zb06p1_E14p0;F3NCS_0019_iid_support_two_foci_zb05p4_E27p2;F3NCS_0021_iid_support_ellipse_zb05p6_E31p9;F3NCS_0023_iid_support_cylinder_zb05p0_E06p6;F3NCS_0027_iid_support_ellipse_zb02p3_E78p6;F3NCS_0035_iid_support_ellipse_zb02p8_E30p8;F3NCS_0037_iid_support_ellipse_zb08p0_E07p6;F3NCS_0044_iid_support_ellipse_zb07p2_E08p4;F3NCS_0079_iid_support_cylinder_zb04p3_E13p0;F3NCS_0081_iid_support_ellipse_zb05p9_E06p8;F3NCS_0089_iid_support_cylinder_zb05p4_E08p5;F3NCS_0091_iid_support_two_foci_zb03p9_E39p0;F3NCS_0097_iid_support_cylinder_zb06p3_E18p9;F3NCS_0100_iid_support_cylinder_zb03p6_E34p7;F3NCS_0104_iid_support_ellipse_zb03p3_E52p9;F3NCS_0111_iid_support_ellipse_zb03p7_E19p4;F3NCS_0125_iid_support_cylinder_zb06p4_E14p2;F3NCS_0128_iid_support_two_foci_zb02p9_E23p9;F3NCS_0131_iid_support_ellipse_zb05p4_E74p1;F3NCS_0132_iid_support_cylinder_zb07p9_E08p3;F3NCS_0139_iid_support_two_foci_zb03p2_E25p1;F3NCS_0141_iid_support_cylinder_zb01p5_E37p1;F3NCS_0142_iid_support_two_foci_zb05p0_E19p6;F3NCS_0146_iid_support_two_foci_zb04p1_E20p6;F3NCS_0149_iid_support_cylinder_zb03p2_E32p2;F3NCS_0155_iid_support_ellipse_zb06p3_E24p5;F3NCS_0158_iid_support_cylinder_zb05p7_E11p3;F3NCS_0161_iid_support_ellipse_zb01p6_E25p7;F3NCS_0162_iid_support_ellipse_zb03p2_E17p6;F3NCS_0163_iid_support_two_foci_zb06p0_E08p1;F3NCS_0165_iid_support_ellipse_zb04p1_E25p8;F3NCS_0179_iid_support_two_foci_zb03p8_E90p2;F3NCS_0183_iid_support_cylinder_zb06p6_E10p9;F3NCS_0184_iid_support_cylinder_zb03p7_E17p7;F3NCS_0188_iid_support_cylinder_zb02p6_E41p7;F3NCS_0198_iid_support_cylinder_zb05p9_E17p9;F3NCS_0199_iid_support_ellipse_zb06p2_E37p7;F3NCS_0202_iid_support_cylinder_zb03p7_E57p3;F3NCS_0220_iid_support_two_foci_zb02p4_E32p0;F3NCS_0223_iid_support_two_foci_zb05p1_E52p3;F3NCS_0239_iid_support_ellipse_zb02p9_E06p8;F3NCS_0262_iid_support_ellipse_zb05p7_E60p2;F3NCS_0272_iid_support_ellipse_zb02p7_E33p6;F3NCS_0278_iid_support_ellipse_zb02p1_E44p7;F3NCS_0284_iid_support_ellipse_zb03p7_E68p9;F3NCS_0288_iid_support_cylinder_zb03p9_E35p1;F3NCS_0296_iid_support_cylinder_zb06p2_E15p6;F3NCS_0300_iid_support_ellipse_zb07p6_E67p9;F3NCS_0306_iid_support_ellipse_zb04p6_E40p2;F3NCS_0315_iid_support_ellipse_zb08p0_E09p3;F3NCS_0316_iid_support_two_foci_zb02p8_E06p3,method2b_512_full_comsol_colab_cuda,fig3_true_ood,0,split_role/ood_split_family,iid_test,230,38,52,0.0807966366410255,0.0,0.0,0.0,0.0,0.0,0.0,0.0,0.0,,0.5,0.1565269715135462,15652697.151354624,0.0668927518862401,0.0973745509982109,0.0,,
H:\My Drive\MN_simulation\outputs\rspi_joint_052026\method2b_512_five_seed_ood_full512_20260611\seed_2\posterior\rspi_posterior_metrics.csv,2,vanilla_diffusion,0.4334426522254944,0.4465370407481859,7.002850201339655,0.0541970926480224,11.927923202514648,13.708825625282936,0.2534696395039621,52,F3NCS_0009_iid_support_ellipse_zb07p3_E22p5;F3NCS_0010_iid_support_cylinder_zb06p1_E14p0;F3NCS_0019_iid_support_two_foci_zb05p4_E27p2;F3NCS_0021_iid_support_ellipse_zb05p6_E31p9;F3NCS_0023_iid_support_cylinder_zb05p0_E06p6;F3NCS_0027_iid_support_ellipse_zb02p3_E78p6;F3NCS_0035_iid_support_ellipse_zb02p8_E30p8;F3NCS_0037_iid_support_ellipse_zb08p0_E07p6;F3NCS_0044_iid_support_ellipse_zb07p2_E08p4;F3NCS_0079_iid_support_cylinder_zb04p3_E13p0;F3NCS_0081_iid_support_ellipse_zb05p9_E06p8;F3NCS_0089_iid_support_cylinder_zb05p4_E08p5;F3NCS_0091_iid_support_two_foci_zb03p9_E39p0;F3NCS_0097_iid_support_cylinder_zb06p3_E18p9;F3NCS_0100_iid_support_cylinder_zb03p6_E34p7;F3NCS_0104_iid_support_ellipse_zb03p3_E52p9;F3NCS_0111_iid_support_ellipse_zb03p7_E19p4;F3NCS_0125_iid_support_cylinder_zb06p4_E14p2;F3NCS_0128_iid_support_two_foci_zb02p9_E23p9;F3NCS_0131_iid_support_ellipse_zb05p4_E74p1;F3NCS_0132_iid_support_cylinder_zb07p9_E08p3;F3NCS_0139_iid_support_two_foci_zb03p2_E25p1;F3NCS_0141_iid_support_cylinder_zb01p5_E37p1;F3NCS_0142_iid_support_two_foci_zb05p0_E19p6;F3NCS_0146_iid_support_two_foci_zb04p1_E20p6;F3NCS_0149_iid_support_cylinder_zb03p2_E32p2;F3NCS_0155_iid_support_ellipse_zb06p3_E24p5;F3NCS_0158_iid_support_cylinder_zb05p7_E11p3;F3NCS_0161_iid_support_ellipse_zb01p6_E25p7;F3NCS_0162_iid_support_ellipse_zb03p2_E17p6;F3NCS_0163_iid_support_two_foci_zb06p0_E08p1;F3NCS_0165_iid_support_ellipse_zb04p1_E25p8;F3NCS_0179_iid_support_two_foci_zb03p8_E90p2;F3NCS_0183_iid_support_cylinder_zb06p6_E10p9;F3NCS_0184_iid_support_cylinder_zb03p7_E17p7;F3NCS_0188_iid_support_cylinder_zb02p6_E41p7;F3NCS_0198_iid_support_cylinder_zb05p9_E17p9;F3NCS_0199_iid_support_ellipse_zb06p2_E37p7;F3NCS_0202_iid_support_cylinder_zb03p7_E57p3;F3NCS_0220_iid_support_two_foci_zb02p4_E32p0;F3NCS_0223_iid_support_two_foci_zb05p1_E52p3;F3NCS_0239_iid_support_ellipse_zb02p9_E06p8;F3NCS_0262_iid_support_ellipse_zb05p7_E60p2;F3NCS_0272_iid_support_ellipse_zb02p7_E33p6;F3NCS_0278_iid_support_ellipse_zb02p1_E44p7;F3NCS_0284_iid_support_ellipse_zb03p7_E68p9;F3NCS_0288_iid_support_cylinder_zb03p9_E35p1;F3NCS_0296_iid_support_cylinder_zb06p2_E15p6;F3NCS_0300_iid_support_ellipse_zb07p6_E67p9;F3NCS_0306_iid_support_ellipse_zb04p6_E40p2;F3NCS_0315_iid_support_ellipse_zb08p0_E09p3;F3NCS_0316_iid_support_two_foci_zb02p8_E06p3,method2b_512_full_comsol_colab_cuda,fig3_true_ood,0,split_role/ood_split_family,iid_test,230,38,52,,,,,,,,,,,,,,,,0.0811371132731437,64.0,
H:\My Drive\MN_simulation\outputs\rspi_joint_052026\method2b_512_five_seed_ood_full512_20260611\seed_2\posterior\rspi_posterior_metrics.csv,2,prior_init_diffusion_unet,0.082646757364273,0.157831538581622,16.03612419700925,0.1998537844763352,3.011680126190185,9.1040316527341,0.5468823377943481,52,F3NCS_0009_iid_support_ellipse_zb07p3_E22p5;F3NCS_0010_iid_support_cylinder_zb06p1_E14p0;F3NCS_0019_iid_support_two_foci_zb05p4_E27p2;F3NCS_0021_iid_support_ellipse_zb05p6_E31p9;F3NCS_0023_iid_support_cylinder_zb05p0_E06p6;F3NCS_0027_iid_support_ellipse_zb02p3_E78p6;F3NCS_0035_iid_support_ellipse_zb02p8_E30p8;F3NCS_0037_iid_support_ellipse_zb08p0_E07p6;F3NCS_0044_iid_support_ellipse_zb07p2_E08p4;F3NCS_0079_iid_support_cylinder_zb04p3_E13p0;F3NCS_0081_iid_support_ellipse_zb05p9_E06p8;F3NCS_0089_iid_support_cylinder_zb05p4_E08p5;F3NCS_0091_iid_support_two_foci_zb03p9_E39p0;F3NCS_0097_iid_support_cylinder_zb06p3_E18p9;F3NCS_0100_iid_support_cylinder_zb03p6_E34p7;F3NCS_0104_iid_support_ellipse_zb03p3_E52p9;F3NCS_0111_iid_support_ellipse_zb03p7_E19p4;F3NCS_0125_iid_support_cylinder_zb06p4_E14p2;F3NCS_0128_iid_support_two_foci_zb02p9_E23p9;F3NCS_0131_iid_support_ellipse_zb05p4_E74p1;F3NCS_0132_iid_support_cylinder_zb07p9_E08p3;F3NCS_0139_iid_support_two_foci_zb03p2_E25p1;F3NCS_0141_iid_support_cylinder_zb01p5_E37p1;F3NCS_0142_iid_support_two_foci_zb05p0_E19p6;F3NCS_0146_iid_support_two_foci_zb04p1_E20p6;F3NCS_0149_iid_support_cylinder_zb03p2_E32p2;F3NCS_0155_iid_support_ellipse_zb06p3_E24p5;F3NCS_0158_iid_support_cylinder_zb05p7_E11p3;F3NCS_0161_iid_support_ellipse_zb01p6_E25p7;F3NCS_0162_iid_support_ellipse_zb03p2_E17p6;F3NCS_0163_iid_support_two_foci_zb06p0_E08p1;F3NCS_0165_iid_support_ellipse_zb04p1_E25p8;F3NCS_0179_iid_support_two_foci_zb03p8_E90p2;F3NCS_0183_iid_support_cylinder_zb06p6_E10p9;F3NCS_0184_iid_support_cylinder_zb03p7_E17p7;F3NCS_0188_iid_support_cylinder_zb02p6_E41p7;F3NCS_0198_iid_support_cylinder_zb05p9_E17p9;F3NCS_0199_iid_support_ellipse_zb06p2_E37p7;F3NCS_0202_iid_support_cylinder_zb03p7_E57p3;F3NCS_0220_iid_support_two_foci_zb02p4_E32p0;F3NCS_0223_iid_support_two_foci_zb05p1_E52p3;F3NCS_0239_iid_support_ellipse_zb02p9_E06p8;F3NCS_0262_iid_support_ellipse_zb05p7_E60p2;F3NCS_0272_iid_support_ellipse_zb02p7_E33p6;F3NCS_0278_iid_support_ellipse_zb02p1_E44p7;F3NCS_0284_iid_support_ellipse_zb03p7_E68p9;F3NCS_0288_iid_support_cylinder_zb03p9_E35p1;F3NCS_0296_iid_support_cylinder_zb06p2_E15p6;F3NCS_0300_iid_support_ellipse_zb07p6_E67p9;F3NCS_0306_iid_support_ellipse_zb04p6_E40p2;F3NCS_0315_iid_support_ellipse_zb08p0_E09p3;F3NCS_0316_iid_support_two_foci_zb02p8_E06p3,method2b_512_full_comsol_colab_cuda,fig3_true_ood,0,split_role/ood_split_family,iid_test,230,38,52,0.0773313045501709,0.0043100211769342,0.0126940747722983,0.0084087662398815,0.0239514298737049,0.0107891373336315,0.0303859021514654,0.0143949072808027,0.0356348194181919,0.7179840925828777,0.8521064609561955,0.1216720037094466,12.061297078465325,0.0123140567804719,0.1002399772405624,0.009561670012772,,
H:\My Drive\MN_simulation\outputs\rspi_joint_052026\method2b_512_five_seed_ood_full512_20260611\seed_2\posterior\rspi_posterior_metrics.csv,2,residual_likelihood_guided_diffusion,0.0826380401849746,0.1578160365813152,16.036977355243547,0.1998342400273451,3.010262012481689,9.101603574209893,0.5470706738877157,52,F3NCS_0009_iid_support_ellipse_zb07p3_E22p5;F3NCS_0010_iid_support_cylinder_zb06p1_E14p0;F3NCS_0019_iid_support_two_foci_zb05p4_E27p2;F3NCS_0021_iid_support_ellipse_zb05p6_E31p9;F3NCS_0023_iid_support_cylinder_zb05p0_E06p6;F3NCS_0027_iid_support_ellipse_zb02p3_E78p6;F3NCS_0035_iid_support_ellipse_zb02p8_E30p8;F3NCS_0037_iid_support_ellipse_zb08p0_E07p6;F3NCS_0044_iid_support_ellipse_zb07p2_E08p4;F3NCS_0079_iid_support_cylinder_zb04p3_E13p0;F3NCS_0081_iid_support_ellipse_zb05p9_E06p8;F3NCS_0089_iid_support_cylinder_zb05p4_E08p5;F3NCS_0091_iid_support_two_foci_zb03p9_E39p0;F3NCS_0097_iid_support_cylinder_zb06p3_E18p9;F3NCS_0100_iid_support_cylinder_zb03p6_E34p7;F3NCS_0104_iid_support_ellipse_zb03p3_E52p9;F3NCS_0111_iid_support_ellipse_zb03p7_E19p4;F3NCS_0125_iid_support_cylinder_zb06p4_E14p2;F3NCS_0128_iid_support_two_foci_zb02p9_E23p9;F3NCS_0131_iid_support_ellipse_zb05p4_E74p1;F3NCS_0132_iid_support_cylinder_zb07p9_E08p3;F3NCS_0139_iid_support_two_foci_zb03p2_E25p1;F3NCS_0141_iid_support_cylinder_zb01p5_E37p1;F3NCS_0142_iid_support_two_foci_zb05p0_E19p6;F3NCS_0146_iid_support_two_foci_zb04p1_E20p6;F3NCS_0149_iid_support_cylinder_zb03p2_E32p2;F3NCS_0155_iid_support_ellipse_zb06p3_E24p5;F3NCS_0158_iid_support_cylinder_zb05p7_E11p3;F3NCS_0161_iid_support_ellipse_zb01p6_E25p7;F3NCS_0162_iid_support_ellipse_zb03p2_E17p6;F3NCS_0163_iid_support_two_foci_zb06p0_E08p1;F3NCS_0165_iid_support_ellipse_zb04p1_E25p8;F3NCS_0179_iid_support_two_foci_zb03p8_E90p2;F3NCS_0183_iid_support_cylinder_zb06p6_E10p9;F3NCS_0184_iid_support_cylinder_zb03p7_E17p7;F3NCS_0188_iid_support_cylinder_zb02p6_E41p7;F3NCS_0198_iid_support_cylinder_zb05p9_E17p9;F3NCS_0199_iid_support_ellipse_zb06p2_E37p7;F3NCS_0202_iid_support_cylinder_zb03p7_E57p3;F3NCS_0220_iid_support_two_foci_zb02p4_E32p0;F3NCS_0223_iid_support_two_foci_zb05p1_E52p3;F3NCS_0239_iid_support_ellipse_zb02p9_E06p8;F3NCS_0262_iid_support_ellipse_zb05p7_E60p2;F3NCS_0272_iid_support_ellipse_zb02p7_E33p6;F3NCS_0278_iid_support_ellipse_zb02p1_E44p7;F3NCS_0284_iid_support_ellipse_zb03p7_E68p9;F3NCS_0288_iid_support_cylinder_zb03p9_E35p1;F3NCS_0296_iid_support_cylinder_zb06p2_E15p6;F3NCS_0300_iid_support_ellipse_zb07p6_E67p9;F3NCS_0306_iid_support_ellipse_zb04p6_E40p2;F3NCS_0315_iid_support_ellipse_zb08p0_E09p3;F3NCS_0316_iid_support_two_foci_zb02p8_E06p3,method2b_512_full_comsol_colab_cuda,fig3_true_ood,0,split_role/ood_split_family,iid_test,230,38,52,0.0773215293884277,0.0044133113697171,0.0126992901787161,0.0084322411566972,0.023953752592206,0.0108971232548356,0.030392276123166,0.0142305810004472,0.0356513820588588,0.7162916353141449,0.8522425546644221,0.1216654890674657,12.050361614082426,0.0122587397525137,0.1002091616392135,0.0095629254356026,,
H:\My Drive\MN_simulation\outputs\rspi_joint_052026\method2b_512_five_seed_ood_full512_20260611\seed_2\posterior\rspi_posterior_metrics.csv,2,explicit_residual_target_diffusion,0.0926109030842781,0.1600198804808933,15.916521166032156,0.1688415329330242,3.1470179557800293,9.175910958534052,0.5480053036402752,52,F3NCS_0009_iid_support_ellipse_zb07p3_E22p5;F3NCS_0010_iid_support_cylinder_zb06p1_E14p0;F3NCS_0019_iid_support_two_foci_zb05p4_E27p2;F3NCS_0021_iid_support_ellipse_zb05p6_E31p9;F3NCS_0023_iid_support_cylinder_zb05p0_E06p6;F3NCS_0027_iid_support_ellipse_zb02p3_E78p6;F3NCS_0035_iid_support_ellipse_zb02p8_E30p8;F3NCS_0037_iid_support_ellipse_zb08p0_E07p6;F3NCS_0044_iid_support_ellipse_zb07p2_E08p4;F3NCS_0079_iid_support_cylinder_zb04p3_E13p0;F3NCS_0081_iid_support_ellipse_zb05p9_E06p8;F3NCS_0089_iid_support_cylinder_zb05p4_E08p5;F3NCS_0091_iid_support_two_foci_zb03p9_E39p0;F3NCS_0097_iid_support_cylinder_zb06p3_E18p9;F3NCS_0100_iid_support_cylinder_zb03p6_E34p7;F3NCS_0104_iid_support_ellipse_zb03p3_E52p9;F3NCS_0111_iid_support_ellipse_zb03p7_E19p4;F3NCS_0125_iid_support_cylinder_zb06p4_E14p2;F3NCS_0128_iid_support_two_foci_zb02p9_E23p9;F3NCS_0131_iid_support_ellipse_zb05p4_E74p1;F3NCS_0132_iid_support_cylinder_zb07p9_E08p3;F3NCS_0139_iid_support_two_foci_zb03p2_E25p1;F3NCS_0141_iid_support_cylinder_zb01p5_E37p1;F3NCS_0142_iid_support_two_foci_zb05p0_E19p6;F3NCS_0146_iid_support_two_foci_zb04p1_E20p6;F3NCS_0149_iid_support_cylinder_zb03p2_E32p2;F3NCS_0155_iid_support_ellipse_zb06p3_E24p5;F3NCS_0158_iid_support_cylinder_zb05p7_E11p3;F3NCS_0161_iid_support_ellipse_zb01p6_E25p7;F3NCS_0162_iid_support_ellipse_zb03p2_E17p6;F3NCS_0163_iid_support_two_foci_zb06p0_E08p1;F3NCS_0165_iid_support_ellipse_zb04p1_E25p8;F3NCS_0179_iid_support_two_foci_zb03p8_E90p2;F3NCS_0183_iid_support_cylinder_zb06p6_E10p9;F3NCS_0184_iid_support_cylinder_zb03p7_E17p7;F3NCS_0188_iid_support_cylinder_zb02p6_E41p7;F3NCS_0198_iid_support_cylinder_zb05p9_E17p9;F3NCS_0199_iid_support_ellipse_zb06p2_E37p7;F3NCS_0202_iid_support_cylinder_zb03p7_E57p3;F3NCS_0220_iid_support_two_foci_zb02p4_E32p0;F3NCS_0223_iid_support_two_foci_zb05p1_E52p3;F3NCS_0239_iid_support_ellipse_zb02p9_E06p8;F3NCS_0262_iid_support_ellipse_zb05p7_E60p2;F3NCS_0272_iid_support_ellipse_zb02p7_E33p6;F3NCS_0278_iid_support_ellipse_zb02p1_E44p7;F3NCS_0284_iid_support_ellipse_zb03p7_E68p9;F3NCS_0288_iid_support_cylinder_zb03p9_E35p1;F3NCS_0296_iid_support_cylinder_zb06p2_E15p6;F3NCS_0300_iid_support_ellipse_zb07p6_E67p9;F3NCS_0306_iid_support_ellipse_zb04p6_E40p2;F3NCS_0315_iid_support_ellipse_zb08p0_E09p3;F3NCS_0316_iid_support_two_foci_zb02p8_E06p3,method2b_512_full_comsol_colab_cuda,fig3_true_ood,0,split_role/ood_split_family,iid_test,230,38,52,0.0618407391011714,0.6430711150169373,0.0517641082406044,0.7712026834487915,0.1350216567516327,0.8241389393806458,0.2097096741199493,0.8651827573776245,0.2824213802814483,0.7605353380764761,0.7898684683342283,0.0702278774431146,1.0477482956876096,0.0196297394312917,0.3844940364360809,0.0784032642841339,,0.7210809588432312
H:\My Drive\MN_simulation\outputs\rspi_joint_052026\method2b_512_five_seed_ood_full512_20260611\seed_2\posterior\rspi_posterior_metrics.csv,2,train_mean_prior,0.1438805907964706,0.2227556441798263,13.043425660066552,0.0330969039350748,4.35940408706665,13.246117364878684,,64,F3NCS_0384_ood_unseen_depth_range_two_foci_zb11p3_E39p2;F3NCS_0385_ood_unseen_depth_range_cylinder_zb11p5_E77p5;F3NCS_0386_ood_unseen_depth_range_ellipse_zb09p6_E94p6;F3NCS_0387_ood_unseen_depth_range_ellipse_zb10p9_E15p1;F3NCS_0388_ood_unseen_depth_range_two_foci_zb12p8_E07p0;F3NCS_0389_ood_unseen_depth_range_two_foci_zb08p9_E35p1;F3NCS_0390_ood_unseen_depth_range_two_foci_zb08p6_E39p9;F3NCS_0391_ood_unseen_depth_range_ellipse_zb11p5_E49p0;F3NCS_0392_ood_unseen_depth_range_two_foci_zb09p8_E39p6;F3NCS_0393_ood_unseen_depth_range_two_foci_zb13p5_E10p5;F3NCS_0394_ood_unseen_depth_range_cylinder_zb13p1_E17p7;F3NCS_0395_ood_unseen_depth_range_ellipse_zb11p9_E19p2;F3NCS_0396_ood_unseen_depth_range_ellipse_zb12p8_E35p8;F3NCS_0397_ood_unseen_depth_range_ellipse_zb11p0_E90p4;F3NCS_0398_ood_unseen_depth_range_two_foci_zb09p3_E06p2;F3NCS_0399_ood_unseen_depth_range_two_foci_zb12p6_E13p2;F3NCS_0400_ood_unseen_depth_range_ellipse_zb13p7_E19p7;F3NCS_0401_ood_unseen_depth_range_ellipse_zb09p5_E63p3;F3NCS_0402_ood_unseen_depth_range_cylinder_zb09p7_E17p8;F3NCS_0403_ood_unseen_depth_range_cylinder_zb13p3_E13p7;F3NCS_0404_ood_unseen_depth_range_two_foci_zb08p6_E25p9;F3NCS_0405_ood_unseen_depth_range_cylinder_zb09p6_E16p6;F3NCS_0406_ood_unseen_depth_range_two_foci_zb12p7_E08p4;F3NCS_0407_ood_unseen_depth_range_two_foci_zb10p5_E11p3;F3NCS_0408_ood_unseen_depth_range_ellipse_zb12p1_E31p3;F3NCS_0409_ood_unseen_depth_range_two_foci_zb08p9_E07p6;F3NCS_0410_ood_unseen_depth_range_ellipse_zb13p0_E23p5;F3NCS_0411_ood_unseen_depth_range_two_foci_zb14p0_E48p4;F3NCS_0412_ood_unseen_depth_range_ellipse_zb12p8_E74p8;F3NCS_0413_ood_unseen_depth_range_ellipse_zb12p0_E10p1;F3NCS_0414_ood_unseen_depth_range_cylinder_zb10p0_E74p1;F3NCS_0415_ood_unseen_depth_range_two_foci_zb11p6_E74p6;F3NCS_0416_ood_unseen_depth_range_two_foci_zb10p5_E76p3;F3NCS_0417_ood_unseen_depth_range_two_foci_zb13p3_E17p8;F3NCS_0418_ood_unseen_depth_range_ellipse_zb13p8_E28p3;F3NCS_0419_ood_unseen_depth_range_ellipse_zb09p0_E16p3;F3NCS_0420_ood_unseen_depth_range_cylinder_zb13p3_E28p6;F3NCS_0421_ood_unseen_depth_range_cylinder_zb11p0_E23p8;F3NCS_0422_ood_unseen_depth_range_ellipse_zb11p4_E23p6;F3NCS_0423_ood_unseen_depth_range_ellipse_zb09p3_E11p4;F3NCS_0424_ood_unseen_depth_range_ellipse_zb11p1_E21p4;F3NCS_0425_ood_unseen_depth_range_two_foci_zb13p1_E09p6;F3NCS_0426_ood_unseen_depth_range_cylinder_zb10p6_E06p2;F3NCS_0427_ood_unseen_depth_range_ellipse_zb13p9_E58p6;F3NCS_0428_ood_unseen_depth_range_ellipse_zb10p2_E73p0;F3NCS_0429_ood_unseen_depth_range_two_foci_zb09p5_E07p0;F3NCS_0430_ood_unseen_depth_range_two_foci_zb11p3_E33p1;F3NCS_0431_ood_unseen_depth_range_cylinder_zb08p8_E06p7;F3NCS_0432_ood_unseen_depth_range_cylinder_zb09p3_E08p3;F3NCS_0433_ood_unseen_depth_range_cylinder_zb12p9_E86p3;F3NCS_0434_ood_unseen_depth_range_ellipse_zb13p9_E71p4;F3NCS_0435_ood_unseen_depth_range_cylinder_zb10p5_E25p4;F3NCS_0436_ood_unseen_depth_range_ellipse_zb11p9_E84p1;F3NCS_0437_ood_unseen_depth_range_ellipse_zb10p1_E14p8;F3NCS_0438_ood_unseen_depth_range_ellipse_zb10p1_E24p0;F3NCS_0439_ood_unseen_depth_range_ellipse_zb10p5_E33p5;F3NCS_0440_ood_unseen_depth_range_two_foci_zb12p0_E12p1;F3NCS_0441_ood_unseen_depth_range_ellipse_zb12p4_E06p2;F3NCS_0442_ood_unseen_depth_range_ellipse_zb11p7_E13p1;F3NCS_0443_ood_unseen_depth_range_ellipse_zb11p2_E14p1;F3NCS_0444_ood_unseen_depth_range_ellipse_zb10p4_E07p3;F3NCS_0445_ood_unseen_depth_range_two_foci_zb13p3_E51p9;F3NCS_0446_ood_unseen_depth_range_cylinder_zb12p2_E10p8;F3NCS_0447_ood_unseen_depth_range_two_foci_zb11p7_E11p2,method2b_512_full_comsol_colab_cuda,fig3_true_ood,1,split_role/ood_split_family,ood_unseen_depth_range,230,38,64,,,,,,,,,,,,,,,,,,
H:\My Drive\MN_simulation\outputs\rspi_joint_052026\method2b_512_five_seed_ood_full512_20260611\seed_2\posterior\rspi_posterior_metrics.csv,2,srcnn_bz_single_channel,0.1155084818601608,0.211544840285523,13.491951258495188,0.1794181971345096,4.049288272857666,12.989354983813008,0.3196841087151633,64,F3NCS_0384_ood_unseen_depth_range_two_foci_zb11p3_E39p2;F3NCS_0385_ood_unseen_depth_range_cylinder_zb11p5_E77p5;F3NCS_0386_ood_unseen_depth_range_ellipse_zb09p6_E94p6;F3NCS_0387_ood_unseen_depth_range_ellipse_zb10p9_E15p1;F3NCS_0388_ood_unseen_depth_range_two_foci_zb12p8_E07p0;F3NCS_0389_ood_unseen_depth_range_two_foci_zb08p9_E35p1;F3NCS_0390_ood_unseen_depth_range_two_foci_zb08p6_E39p9;F3NCS_0391_ood_unseen_depth_range_ellipse_zb11p5_E49p0;F3NCS_0392_ood_unseen_depth_range_two_foci_zb09p8_E39p6;F3NCS_0393_ood_unseen_depth_range_two_foci_zb13p5_E10p5;F3NCS_0394_ood_unseen_depth_range_cylinder_zb13p1_E17p7;F3NCS_0395_ood_unseen_depth_range_ellipse_zb11p9_E19p2;F3NCS_0396_ood_unseen_depth_range_ellipse_zb12p8_E35p8;F3NCS_0397_ood_unseen_depth_range_ellipse_zb11p0_E90p4;F3NCS_0398_ood_unseen_depth_range_two_foci_zb09p3_E06p2;F3NCS_0399_ood_unseen_depth_range_two_foci_zb12p6_E13p2;F3NCS_0400_ood_unseen_depth_range_ellipse_zb13p7_E19p7;F3NCS_0401_ood_unseen_depth_range_ellipse_zb09p5_E63p3;F3NCS_0402_ood_unseen_depth_range_cylinder_zb09p7_E17p8;F3NCS_0403_ood_unseen_depth_range_cylinder_zb13p3_E13p7;F3NCS_0404_ood_unseen_depth_range_two_foci_zb08p6_E25p9;F3NCS_0405_ood_unseen_depth_range_cylinder_zb09p6_E16p6;F3NCS_0406_ood_unseen_depth_range_two_foci_zb12p7_E08p4;F3NCS_0407_ood_unseen_depth_range_two_foci_zb10p5_E11p3;F3NCS_0408_ood_unseen_depth_range_ellipse_zb12p1_E31p3;F3NCS_0409_ood_unseen_depth_range_two_foci_zb08p9_E07p6;F3NCS_0410_ood_unseen_depth_range_ellipse_zb13p0_E23p5;F3NCS_0411_ood_unseen_depth_range_two_foci_zb14p0_E48p4;F3NCS_0412_ood_unseen_depth_range_ellipse_zb12p8_E74p8;F3NCS_0413_ood_unseen_depth_range_ellipse_zb12p0_E10p1;F3NCS_0414_ood_unseen_depth_range_cylinder_zb10p0_E74p1;F3NCS_0415_ood_unseen_depth_range_two_foci_zb11p6_E74p6;F3NCS_0416_ood_unseen_depth_range_two_foci_zb10p5_E76p3;F3NCS_0417_ood_unseen_depth_range_two_foci_zb13p3_E17p8;F3NCS_0418_ood_unseen_depth_range_ellipse_zb13p8_E28p3;F3NCS_0419_ood_unseen_depth_range_ellipse_zb09p0_E16p3;F3NCS_0420_ood_unseen_depth_range_cylinder_zb13p3_E28p6;F3NCS_0421_ood_unseen_depth_range_cylinder_zb11p0_E23p8;F3NCS_0422_ood_unseen_depth_range_ellipse_zb11p4_E23p6;F3NCS_0423_ood_unseen_depth_range_ellipse_zb09p3_E11p4;F3NCS_0424_ood_unseen_depth_range_ellipse_zb11p1_E21p4;F3NCS_0425_ood_unseen_depth_range_two_foci_zb13p1_E09p6;F3NCS_0426_ood_unseen_depth_range_cylinder_zb10p6_E06p2;F3NCS_0427_ood_unseen_depth_range_ellipse_zb13p9_E58p6;F3NCS_0428_ood_unseen_depth_range_ellipse_zb10p2_E73p0;F3NCS_0429_ood_unseen_depth_range_two_foci_zb09p5_E07p0;F3NCS_0430_ood_unseen_depth_range_two_foci_zb11p3_E33p1;F3NCS_0431_ood_unseen_depth_range_cylinder_zb08p8_E06p7;F3NCS_0432_ood_unseen_depth_range_cylinder_zb09p3_E08p3;F3NCS_0433_ood_unseen_depth_range_cylinder_zb12p9_E86p3;F3NCS_0434_ood_unseen_depth_range_ellipse_zb13p9_E71p4;F3NCS_0435_ood_unseen_depth_range_cylinder_zb10p5_E25p4;F3NCS_0436_ood_unseen_depth_range_ellipse_zb11p9_E84p1;F3NCS_0437_ood_unseen_depth_range_ellipse_zb10p1_E14p8;F3NCS_0438_ood_unseen_depth_range_ellipse_zb10p1_E24p0;F3NCS_0439_ood_unseen_depth_range_ellipse_zb10p5_E33p5;F3NCS_0440_ood_unseen_depth_range_two_foci_zb12p0_E12p1;F3NCS_0441_ood_unseen_depth_range_ellipse_zb12p4_E06p2;F3NCS_0442_ood_unseen_depth_range_ellipse_zb11p7_E13p1;F3NCS_0443_ood_unseen_depth_range_ellipse_zb11p2_E14p1;F3NCS_0444_ood_unseen_depth_range_ellipse_zb10p4_E07p3;F3NCS_0445_ood_unseen_depth_range_two_foci_zb13p3_E51p9;F3NCS_0446_ood_unseen_depth_range_cylinder_zb12p2_E10p8;F3NCS_0447_ood_unseen_depth_range_two_foci_zb11p7_E11p2,method2b_512_full_comsol_colab_cuda,fig3_true_ood,1,split_role/ood_split_family,ood_unseen_depth_range,230,38,64,0.1155084744095802,0.0,0.0,0.0,0.0,0.0,0.0,0.0,0.0,,0.5,0.2094697365581032,20946973.655810326,0.0806271900046933,0.1431045532226562,0.0,,
H:\My Drive\MN_simulation\outputs\rspi_joint_052026\method2b_512_five_seed_ood_full512_20260611\seed_2\posterior\rspi_posterior_metrics.csv,2,unet_canonical_bxyz,0.0719835385680198,0.1554552249680337,16.167893528169998,0.4162107612937689,3.091672658920288,10.85566096840884,0.5471940890857209,64,F3NCS_0384_ood_unseen_depth_range_two_foci_zb11p3_E39p2;F3NCS_0385_ood_unseen_depth_range_cylinder_zb11p5_E77p5;F3NCS_0386_ood_unseen_depth_range_ellipse_zb09p6_E94p6;F3NCS_0387_ood_unseen_depth_range_ellipse_zb10p9_E15p1;F3NCS_0388_ood_unseen_depth_range_two_foci_zb12p8_E07p0;F3NCS_0389_ood_unseen_depth_range_two_foci_zb08p9_E35p1;F3NCS_0390_ood_unseen_depth_range_two_foci_zb08p6_E39p9;F3NCS_0391_ood_unseen_depth_range_ellipse_zb11p5_E49p0;F3NCS_0392_ood_unseen_depth_range_two_foci_zb09p8_E39p6;F3NCS_0393_ood_unseen_depth_range_two_foci_zb13p5_E10p5;F3NCS_0394_ood_unseen_depth_range_cylinder_zb13p1_E17p7;F3NCS_0395_ood_unseen_depth_range_ellipse_zb11p9_E19p2;F3NCS_0396_ood_unseen_depth_range_ellipse_zb12p8_E35p8;F3NCS_0397_ood_unseen_depth_range_ellipse_zb11p0_E90p4;F3NCS_0398_ood_unseen_depth_range_two_foci_zb09p3_E06p2;F3NCS_0399_ood_unseen_depth_range_two_foci_zb12p6_E13p2;F3NCS_0400_ood_unseen_depth_range_ellipse_zb13p7_E19p7;F3NCS_0401_ood_unseen_depth_range_ellipse_zb09p5_E63p3;F3NCS_0402_ood_unseen_depth_range_cylinder_zb09p7_E17p8;F3NCS_0403_ood_unseen_depth_range_cylinder_zb13p3_E13p7;F3NCS_0404_ood_unseen_depth_range_two_foci_zb08p6_E25p9;F3NCS_0405_ood_unseen_depth_range_cylinder_zb09p6_E16p6;F3NCS_0406_ood_unseen_depth_range_two_foci_zb12p7_E08p4;F3NCS_0407_ood_unseen_depth_range_two_foci_zb10p5_E11p3;F3NCS_0408_ood_unseen_depth_range_ellipse_zb12p1_E31p3;F3NCS_0409_ood_unseen_depth_range_two_foci_zb08p9_E07p6;F3NCS_0410_ood_unseen_depth_range_ellipse_zb13p0_E23p5;F3NCS_0411_ood_unseen_depth_range_two_foci_zb14p0_E48p4;F3NCS_0412_ood_unseen_depth_range_ellipse_zb12p8_E74p8;F3NCS_0413_ood_unseen_depth_range_ellipse_zb12p0_E10p1;F3NCS_0414_ood_unseen_depth_range_cylinder_zb10p0_E74p1;F3NCS_0415_ood_unseen_depth_range_two_foci_zb11p6_E74p6;F3NCS_0416_ood_unseen_depth_range_two_foci_zb10p5_E76p3;F3NCS_0417_ood_unseen_depth_range_two_foci_zb13p3_E17p8;F3NCS_0418_ood_unseen_depth_range_ellipse_zb13p8_E28p3;F3NCS_0419_ood_unseen_depth_range_ellipse_zb09p0_E16p3;F3NCS_0420_ood_unseen_depth_range_cylinder_zb13p3_E28p6;F3NCS_0421_ood_unseen_depth_range_cylinder_zb11p0_E23p8;F3NCS_0422_ood_unseen_depth_range_ellipse_zb11p4_E23p6;F3NCS_0423_ood_unseen_depth_range_ellipse_zb09p3_E11p4;F3NCS_0424_ood_unseen_depth_range_ellipse_zb11p1_E21p4;F3NCS_0425_ood_unseen_depth_range_two_foci_zb13p1_E09p6;F3NCS_0426_ood_unseen_depth_range_cylinder_zb10p6_E06p2;F3NCS_0427_ood_unseen_depth_range_ellipse_zb13p9_E58p6;F3NCS_0428_ood_unseen_depth_range_ellipse_zb10p2_E73p0;F3NCS_0429_ood_unseen_depth_range_two_foci_zb09p5_E07p0;F3NCS_0430_ood_unseen_depth_range_two_foci_zb11p3_E33p1;F3NCS_0431_ood_unseen_depth_range_cylinder_zb08p8_E06p7;F3NCS_0432_ood_unseen_depth_range_cylinder_zb09p3_E08p3;F3NCS_0433_ood_unseen_depth_range_cylinder_zb12p9_E86p3;F3NCS_0434_ood_unseen_depth_range_ellipse_zb13p9_E71p4;F3NCS_0435_ood_unseen_depth_range_cylinder_zb10p5_E25p4;F3NCS_0436_ood_unseen_depth_range_ellipse_zb11p9_E84p1;F3NCS_0437_ood_unseen_depth_range_ellipse_zb10p1_E14p8;F3NCS_0438_ood_unseen_depth_range_ellipse_zb10p1_E24p0;F3NCS_0439_ood_unseen_depth_range_ellipse_zb10p5_E33p5;F3NCS_0440_ood_unseen_depth_range_two_foci_zb12p0_E12p1;F3NCS_0441_ood_unseen_depth_range_ellipse_zb12p4_E06p2;F3NCS_0442_ood_unseen_depth_range_ellipse_zb11p7_E13p1;F3NCS_0443_ood_unseen_depth_range_ellipse_zb11p2_E14p1;F3NCS_0444_ood_unseen_depth_range_ellipse_zb10p4_E07p3;F3NCS_0445_ood_unseen_depth_range_two_foci_zb13p3_E51p9;F3NCS_0446_ood_unseen_depth_range_cylinder_zb12p2_E10p8;F3NCS_0447_ood_unseen_depth_range_two_foci_zb11p7_E11p2,method2b_512_full_comsol_colab_cuda,fig3_true_ood,1,split_role/ood_split_family,ood_unseen_depth_range,230,38,64,0.0719835385680198,0.0,0.0,0.0,0.0,0.0,0.0,0.0,0.0,,0.5,0.1538923153187672,15389231.53187672,0.0552487304610484,0.1165885925292968,0.0,,
H:\My Drive\MN_simulation\outputs\rspi_joint_052026\method2b_512_five_seed_ood_full512_20260611\seed_2\posterior\rspi_posterior_metrics.csv,2,vanilla_diffusion,0.4175431430339813,0.4302660428458074,7.325258552976537,0.0501998716208618,11.556095123291016,14.572078583481632,0.2560615618075849,64,F3NCS_0384_ood_unseen_depth_range_two_foci_zb11p3_E39p2;F3NCS_0385_ood_unseen_depth_range_cylinder_zb11p5_E77p5;F3NCS_0386_ood_unseen_depth_range_ellipse_zb09p6_E94p6;F3NCS_0387_ood_unseen_depth_range_ellipse_zb10p9_E15p1;F3NCS_0388_ood_unseen_depth_range_two_foci_zb12p8_E07p0;F3NCS_0389_ood_unseen_depth_range_two_foci_zb08p9_E35p1;F3NCS_0390_ood_unseen_depth_range_two_foci_zb08p6_E39p9;F3NCS_0391_ood_unseen_depth_range_ellipse_zb11p5_E49p0;F3NCS_0392_ood_unseen_depth_range_two_foci_zb09p8_E39p6;F3NCS_0393_ood_unseen_depth_range_two_foci_zb13p5_E10p5;F3NCS_0394_ood_unseen_depth_range_cylinder_zb13p1_E17p7;F3NCS_0395_ood_unseen_depth_range_ellipse_zb11p9_E19p2;F3NCS_0396_ood_unseen_depth_range_ellipse_zb12p8_E35p8;F3NCS_0397_ood_unseen_depth_range_ellipse_zb11p0_E90p4;F3NCS_0398_ood_unseen_depth_range_two_foci_zb09p3_E06p2;F3NCS_0399_ood_unseen_depth_range_two_foci_zb12p6_E13p2;F3NCS_0400_ood_unseen_depth_range_ellipse_zb13p7_E19p7;F3NCS_0401_ood_unseen_depth_range_ellipse_zb09p5_E63p3;F3NCS_0402_ood_unseen_depth_range_cylinder_zb09p7_E17p8;F3NCS_0403_ood_unseen_depth_range_cylinder_zb13p3_E13p7;F3NCS_0404_ood_unseen_depth_range_two_foci_zb08p6_E25p9;F3NCS_0405_ood_unseen_depth_range_cylinder_zb09p6_E16p6;F3NCS_0406_ood_unseen_depth_range_two_foci_zb12p7_E08p4;F3NCS_0407_ood_unseen_depth_range_two_foci_zb10p5_E11p3;F3NCS_0408_ood_unseen_depth_range_ellipse_zb12p1_E31p3;F3NCS_0409_ood_unseen_depth_range_two_foci_zb08p9_E07p6;F3NCS_0410_ood_unseen_depth_range_ellipse_zb13p0_E23p5;F3NCS_0411_ood_unseen_depth_range_two_foci_zb14p0_E48p4;F3NCS_0412_ood_unseen_depth_range_ellipse_zb12p8_E74p8;F3NCS_0413_ood_unseen_depth_range_ellipse_zb12p0_E10p1;F3NCS_0414_ood_unseen_depth_range_cylinder_zb10p0_E74p1;F3NCS_0415_ood_unseen_depth_range_two_foci_zb11p6_E74p6;F3NCS_0416_ood_unseen_depth_range_two_foci_zb10p5_E76p3;F3NCS_0417_ood_unseen_depth_range_two_foci_zb13p3_E17p8;F3NCS_0418_ood_unseen_depth_range_ellipse_zb13p8_E28p3;F3NCS_0419_ood_unseen_depth_range_ellipse_zb09p0_E16p3;F3NCS_0420_ood_unseen_depth_range_cylinder_zb13p3_E28p6;F3NCS_0421_ood_unseen_depth_range_cylinder_zb11p0_E23p8;F3NCS_0422_ood_unseen_depth_range_ellipse_zb11p4_E23p6;F3NCS_0423_ood_unseen_depth_range_ellipse_zb09p3_E11p4;F3NCS_0424_ood_unseen_depth_range_ellipse_zb11p1_E21p4;F3NCS_0425_ood_unseen_depth_range_two_foci_zb13p1_E09p6;F3NCS_0426_ood_unseen_depth_range_cylinder_zb10p6_E06p2;F3NCS_0427_ood_unseen_depth_range_ellipse_zb13p9_E58p6;F3NCS_0428_ood_unseen_depth_range_ellipse_zb10p2_E73p0;F3NCS_0429_ood_unseen_depth_range_two_foci_zb09p5_E07p0;F3NCS_0430_ood_unseen_depth_range_two_foci_zb11p3_E33p1;F3NCS_0431_ood_unseen_depth_range_cylinder_zb08p8_E06p7;F3NCS_0432_ood_unseen_depth_range_cylinder_zb09p3_E08p3;F3NCS_0433_ood_unseen_depth_range_cylinder_zb12p9_E86p3;F3NCS_0434_ood_unseen_depth_range_ellipse_zb13p9_E71p4;F3NCS_0435_ood_unseen_depth_range_cylinder_zb10p5_E25p4;F3NCS_0436_ood_unseen_depth_range_ellipse_zb11p9_E84p1;F3NCS_0437_ood_unseen_depth_range_ellipse_zb10p1_E14p8;F3NCS_0438_ood_unseen_depth_range_ellipse_zb10p1_E24p0;F3NCS_0439_ood_unseen_depth_range_ellipse_zb10p5_E33p5;F3NCS_0440_ood_unseen_depth_range_two_foci_zb12p0_E12p1;F3NCS_0441_ood_unseen_depth_range_ellipse_zb12p4_E06p2;F3NCS_0442_ood_unseen_depth_range_ellipse_zb11p7_E13p1;F3NCS_0443_ood_unseen_depth_range_ellipse_zb11p2_E14p1;F3NCS_0444_ood_unseen_depth_range_ellipse_zb10p4_E07p3;F3NCS_0445_ood_unseen_depth_range_two_foci_zb13p3_E51p9;F3NCS_0446_ood_unseen_depth_range_cylinder_zb12p2_E10p8;F3NCS_0447_ood_unseen_depth_range_two_foci_zb11p7_E11p2,method2b_512_full_comsol_colab_cuda,fig3_true_ood,1,split_role/ood_split_family,ood_unseen_depth_range,230,38,64,,,,,,,,,,,,,,,,0.0894385501742363,64.0,
H:\My Drive\MN_simulation\outputs\rspi_joint_052026\method2b_512_five_seed_ood_full512_20260611\seed_2\posterior\rspi_posterior_metrics.csv,2,prior_init_diffusion_unet,0.0750965103507042,0.1564144461253479,16.114462777084363,0.2380878810072317,3.123859167098999,10.922980736901028,0.5278599992589338,64,F3NCS_0384_ood_unseen_depth_range_two_foci_zb11p3_E39p2;F3NCS_0385_ood_unseen_depth_range_cylinder_zb11p5_E77p5;F3NCS_0386_ood_unseen_depth_range_ellipse_zb09p6_E94p6;F3NCS_0387_ood_unseen_depth_range_ellipse_zb10p9_E15p1;F3NCS_0388_ood_unseen_depth_range_two_foci_zb12p8_E07p0;F3NCS_0389_ood_unseen_depth_range_two_foci_zb08p9_E35p1;F3NCS_0390_ood_unseen_depth_range_two_foci_zb08p6_E39p9;F3NCS_0391_ood_unseen_depth_range_ellipse_zb11p5_E49p0;F3NCS_0392_ood_unseen_depth_range_two_foci_zb09p8_E39p6;F3NCS_0393_ood_unseen_depth_range_two_foci_zb13p5_E10p5;F3NCS_0394_ood_unseen_depth_range_cylinder_zb13p1_E17p7;F3NCS_0395_ood_unseen_depth_range_ellipse_zb11p9_E19p2;F3NCS_0396_ood_unseen_depth_range_ellipse_zb12p8_E35p8;F3NCS_0397_ood_unseen_depth_range_ellipse_zb11p0_E90p4;F3NCS_0398_ood_unseen_depth_range_two_foci_zb09p3_E06p2;F3NCS_0399_ood_unseen_depth_range_two_foci_zb12p6_E13p2;F3NCS_0400_ood_unseen_depth_range_ellipse_zb13p7_E19p7;F3NCS_0401_ood_unseen_depth_range_ellipse_zb09p5_E63p3;F3NCS_0402_ood_unseen_depth_range_cylinder_zb09p7_E17p8;F3NCS_0403_ood_unseen_depth_range_cylinder_zb13p3_E13p7;F3NCS_0404_ood_unseen_depth_range_two_foci_zb08p6_E25p9;F3NCS_0405_ood_unseen_depth_range_cylinder_zb09p6_E16p6;F3NCS_0406_ood_unseen_depth_range_two_foci_zb12p7_E08p4;F3NCS_0407_ood_unseen_depth_range_two_foci_zb10p5_E11p3;F3NCS_0408_ood_unseen_depth_range_ellipse_zb12p1_E31p3;F3NCS_0409_ood_unseen_depth_range_two_foci_zb08p9_E07p6;F3NCS_0410_ood_unseen_depth_range_ellipse_zb13p0_E23p5;F3NCS_0411_ood_unseen_depth_range_two_foci_zb14p0_E48p4;F3NCS_0412_ood_unseen_depth_range_ellipse_zb12p8_E74p8;F3NCS_0413_ood_unseen_depth_range_ellipse_zb12p0_E10p1;F3NCS_0414_ood_unseen_depth_range_cylinder_zb10p0_E74p1;F3NCS_0415_ood_unseen_depth_range_two_foci_zb11p6_E74p6;F3NCS_0416_ood_unseen_depth_range_two_foci_zb10p5_E76p3;F3NCS_0417_ood_unseen_depth_range_two_foci_zb13p3_E17p8;F3NCS_0418_ood_unseen_depth_range_ellipse_zb13p8_E28p3;F3NCS_0419_ood_unseen_depth_range_ellipse_zb09p0_E16p3;F3NCS_0420_ood_unseen_depth_range_cylinder_zb13p3_E28p6;F3NCS_0421_ood_unseen_depth_range_cylinder_zb11p0_E23p8;F3NCS_0422_ood_unseen_depth_range_ellipse_zb11p4_E23p6;F3NCS_0423_ood_unseen_depth_range_ellipse_zb09p3_E11p4;F3NCS_0424_ood_unseen_depth_range_ellipse_zb11p1_E21p4;F3NCS_0425_ood_unseen_depth_range_two_foci_zb13p1_E09p6;F3NCS_0426_ood_unseen_depth_range_cylinder_zb10p6_E06p2;F3NCS_0427_ood_unseen_depth_range_ellipse_zb13p9_E58p6;F3NCS_0428_ood_unseen_depth_range_ellipse_zb10p2_E73p0;F3NCS_0429_ood_unseen_depth_range_two_foci_zb09p5_E07p0;F3NCS_0430_ood_unseen_depth_range_two_foci_zb11p3_E33p1;F3NCS_0431_ood_unseen_depth_range_cylinder_zb08p8_E06p7;F3NCS_0432_ood_unseen_depth_range_cylinder_zb09p3_E08p3;F3NCS_0433_ood_unseen_depth_range_cylinder_zb12p9_E86p3;F3NCS_0434_ood_unseen_depth_range_ellipse_zb13p9_E71p4;F3NCS_0435_ood_unseen_depth_range_cylinder_zb10p5_E25p4;F3NCS_0436_ood_unseen_depth_range_ellipse_zb11p9_E84p1;F3NCS_0437_ood_unseen_depth_range_ellipse_zb10p1_E14p8;F3NCS_0438_ood_unseen_depth_range_ellipse_zb10p1_E24p0;F3NCS_0439_ood_unseen_depth_range_ellipse_zb10p5_E33p5;F3NCS_0440_ood_unseen_depth_range_two_foci_zb12p0_E12p1;F3NCS_0441_ood_unseen_depth_range_ellipse_zb12p4_E06p2;F3NCS_0442_ood_unseen_depth_range_ellipse_zb11p7_E13p1;F3NCS_0443_ood_unseen_depth_range_ellipse_zb11p2_E14p1;F3NCS_0444_ood_unseen_depth_range_ellipse_zb10p4_E07p3;F3NCS_0445_ood_unseen_depth_range_two_foci_zb13p3_E51p9;F3NCS_0446_ood_unseen_depth_range_cylinder_zb12p2_E10p8;F3NCS_0447_ood_unseen_depth_range_two_foci_zb11p7_E11p2,method2b_512_full_comsol_colab_cuda,fig3_true_ood,1,split_role/ood_split_family,ood_unseen_depth_range,230,38,64,0.0697435438632965,0.0098686218261718,0.0128406882286071,0.0289039611816406,0.0242232382297515,0.0503005981445312,0.0306716300547122,0.099456787109375,0.0358143039047718,0.6552066465189936,0.8545488710378086,0.1231749365556697,12.002197690929211,0.0130370592831989,0.1326062083244323,0.0096178203821182,,
H:\My Drive\MN_simulation\outputs\rspi_joint_052026\method2b_512_five_seed_ood_full512_20260611\seed_2\posterior\rspi_posterior_metrics.csv,2,residual_likelihood_guided_diffusion,0.0750931426882743,0.1564037162926139,16.115058638541246,0.2379899488296359,3.1235790252685547,10.922111454097264,0.5277842344082793,64,F3NCS_0384_ood_unseen_depth_range_two_foci_zb11p3_E39p2;F3NCS_0385_ood_unseen_depth_range_cylinder_zb11p5_E77p5;F3NCS_0386_ood_unseen_depth_range_ellipse_zb09p6_E94p6;F3NCS_0387_ood_unseen_depth_range_ellipse_zb10p9_E15p1;F3NCS_0388_ood_unseen_depth_range_two_foci_zb12p8_E07p0;F3NCS_0389_ood_unseen_depth_range_two_foci_zb08p9_E35p1;F3NCS_0390_ood_unseen_depth_range_two_foci_zb08p6_E39p9;F3NCS_0391_ood_unseen_depth_range_ellipse_zb11p5_E49p0;F3NCS_0392_ood_unseen_depth_range_two_foci_zb09p8_E39p6;F3NCS_0393_ood_unseen_depth_range_two_foci_zb13p5_E10p5;F3NCS_0394_ood_unseen_depth_range_cylinder_zb13p1_E17p7;F3NCS_0395_ood_unseen_depth_range_ellipse_zb11p9_E19p2;F3NCS_0396_ood_unseen_depth_range_ellipse_zb12p8_E35p8;F3NCS_0397_ood_unseen_depth_range_ellipse_zb11p0_E90p4;F3NCS_0398_ood_unseen_depth_range_two_foci_zb09p3_E06p2;F3NCS_0399_ood_unseen_depth_range_two_foci_zb12p6_E13p2;F3NCS_0400_ood_unseen_depth_range_ellipse_zb13p7_E19p7;F3NCS_0401_ood_unseen_depth_range_ellipse_zb09p5_E63p3;F3NCS_0402_ood_unseen_depth_range_cylinder_zb09p7_E17p8;F3NCS_0403_ood_unseen_depth_range_cylinder_zb13p3_E13p7;F3NCS_0404_ood_unseen_depth_range_two_foci_zb08p6_E25p9;F3NCS_0405_ood_unseen_depth_range_cylinder_zb09p6_E16p6;F3NCS_0406_ood_unseen_depth_range_two_foci_zb12p7_E08p4;F3NCS_0407_ood_unseen_depth_range_two_foci_zb10p5_E11p3;F3NCS_0408_ood_unseen_depth_range_ellipse_zb12p1_E31p3;F3NCS_0409_ood_unseen_depth_range_two_foci_zb08p9_E07p6;F3NCS_0410_ood_unseen_depth_range_ellipse_zb13p0_E23p5;F3NCS_0411_ood_unseen_depth_range_two_foci_zb14p0_E48p4;F3NCS_0412_ood_unseen_depth_range_ellipse_zb12p8_E74p8;F3NCS_0413_ood_unseen_depth_range_ellipse_zb12p0_E10p1;F3NCS_0414_ood_unseen_depth_range_cylinder_zb10p0_E74p1;F3NCS_0415_ood_unseen_depth_range_two_foci_zb11p6_E74p6;F3NCS_0416_ood_unseen_depth_range_two_foci_zb10p5_E76p3;F3NCS_0417_ood_unseen_depth_range_two_foci_zb13p3_E17p8;F3NCS_0418_ood_unseen_depth_range_ellipse_zb13p8_E28p3;F3NCS_0419_ood_unseen_depth_range_ellipse_zb09p0_E16p3;F3NCS_0420_ood_unseen_depth_range_cylinder_zb13p3_E28p6;F3NCS_0421_ood_unseen_depth_range_cylinder_zb11p0_E23p8;F3NCS_0422_ood_unseen_depth_range_ellipse_zb11p4_E23p6;F3NCS_0423_ood_unseen_depth_range_ellipse_zb09p3_E11p4;F3NCS_0424_ood_unseen_depth_range_ellipse_zb11p1_E21p4;F3NCS_0425_ood_unseen_depth_range_two_foci_zb13p1_E09p6;F3NCS_0426_ood_unseen_depth_range_cylinder_zb10p6_E06p2;F3NCS_0427_ood_unseen_depth_range_ellipse_zb13p9_E58p6;F3NCS_0428_ood_unseen_depth_range_ellipse_zb10p2_E73p0;F3NCS_0429_ood_unseen_depth_range_two_foci_zb09p5_E07p0;F3NCS_0430_ood_unseen_depth_range_two_foci_zb11p3_E33p1;F3NCS_0431_ood_unseen_depth_range_cylinder_zb08p8_E06p7;F3NCS_0432_ood_unseen_depth_range_cylinder_zb09p3_E08p3;F3NCS_0433_ood_unseen_depth_range_cylinder_zb12p9_E86p3;F3NCS_0434_ood_unseen_depth_range_ellipse_zb13p9_E71p4;F3NCS_0435_ood_unseen_depth_range_cylinder_zb10p5_E25p4;F3NCS_0436_ood_unseen_depth_range_ellipse_zb11p9_E84p1;F3NCS_0437_ood_unseen_depth_range_ellipse_zb10p1_E14p8;F3NCS_0438_ood_unseen_depth_range_ellipse_zb10p1_E24p0;F3NCS_0439_ood_unseen_depth_range_ellipse_zb10p5_E33p5;F3NCS_0440_ood_unseen_depth_range_two_foci_zb12p0_E12p1;F3NCS_0441_ood_unseen_depth_range_ellipse_zb12p4_E06p2;F3NCS_0442_ood_unseen_depth_range_ellipse_zb11p7_E13p1;F3NCS_0443_ood_unseen_depth_range_ellipse_zb11p2_E14p1;F3NCS_0444_ood_unseen_depth_range_ellipse_zb10p4_E07p3;F3NCS_0445_ood_unseen_depth_range_two_foci_zb13p3_E51p9;F3NCS_0446_ood_unseen_depth_range_cylinder_zb12p2_E10p8;F3NCS_0447_ood_unseen_depth_range_two_foci_zb11p7_E11p2,method2b_512_full_comsol_colab_cuda,fig3_true_ood,1,split_role/ood_split_family,ood_unseen_depth_range,230,38,64,0.0697415247559547,0.009613037109375,0.0128314523026347,0.0289192199707031,0.0242153014987707,0.0498924255371093,0.0306687671691179,0.0988502502441406,0.0358123108744621,0.6550375375966554,0.8549294308031409,0.1231453112636547,11.996172156750838,0.0130223000198188,0.1325569152832031,0.0096156476065516,,
H:\My Drive\MN_simulation\outputs\rspi_joint_052026\method2b_512_five_seed_ood_full512_20260611\seed_2\posterior\rspi_posterior_metrics.csv,2,explicit_residual_target_diffusion,0.0777364447712898,0.1557641881190947,16.150647684234094,0.2536249274853617,3.148681402206421,10.94772192542564,0.5471890727959857,64,F3NCS_0384_ood_unseen_depth_range_two_foci_zb11p3_E39p2;F3NCS_0385_ood_unseen_depth_range_cylinder_zb11p5_E77p5;F3NCS_0386_ood_unseen_depth_range_ellipse_zb09p6_E94p6;F3NCS_0387_ood_unseen_depth_range_ellipse_zb10p9_E15p1;F3NCS_0388_ood_unseen_depth_range_two_foci_zb12p8_E07p0;F3NCS_0389_ood_unseen_depth_range_two_foci_zb08p9_E35p1;F3NCS_0390_ood_unseen_depth_range_two_foci_zb08p6_E39p9;F3NCS_0391_ood_unseen_depth_range_ellipse_zb11p5_E49p0;F3NCS_0392_ood_unseen_depth_range_two_foci_zb09p8_E39p6;F3NCS_0393_ood_unseen_depth_range_two_foci_zb13p5_E10p5;F3NCS_0394_ood_unseen_depth_range_cylinder_zb13p1_E17p7;F3NCS_0395_ood_unseen_depth_range_ellipse_zb11p9_E19p2;F3NCS_0396_ood_unseen_depth_range_ellipse_zb12p8_E35p8;F3NCS_0397_ood_unseen_depth_range_ellipse_zb11p0_E90p4;F3NCS_0398_ood_unseen_depth_range_two_foci_zb09p3_E06p2;F3NCS_0399_ood_unseen_depth_range_two_foci_zb12p6_E13p2;F3NCS_0400_ood_unseen_depth_range_ellipse_zb13p7_E19p7;F3NCS_0401_ood_unseen_depth_range_ellipse_zb09p5_E63p3;F3NCS_0402_ood_unseen_depth_range_cylinder_zb09p7_E17p8;F3NCS_0403_ood_unseen_depth_range_cylinder_zb13p3_E13p7;F3NCS_0404_ood_unseen_depth_range_two_foci_zb08p6_E25p9;F3NCS_0405_ood_unseen_depth_range_cylinder_zb09p6_E16p6;F3NCS_0406_ood_unseen_depth_range_two_foci_zb12p7_E08p4;F3NCS_0407_ood_unseen_depth_range_two_foci_zb10p5_E11p3;F3NCS_0408_ood_unseen_depth_range_ellipse_zb12p1_E31p3;F3NCS_0409_ood_unseen_depth_range_two_foci_zb08p9_E07p6;F3NCS_0410_ood_unseen_depth_range_ellipse_zb13p0_E23p5;F3NCS_0411_ood_unseen_depth_range_two_foci_zb14p0_E48p4;F3NCS_0412_ood_unseen_depth_range_ellipse_zb12p8_E74p8;F3NCS_0413_ood_unseen_depth_range_ellipse_zb12p0_E10p1;F3NCS_0414_ood_unseen_depth_range_cylinder_zb10p0_E74p1;F3NCS_0415_ood_unseen_depth_range_two_foci_zb11p6_E74p6;F3NCS_0416_ood_unseen_depth_range_two_foci_zb10p5_E76p3;F3NCS_0417_ood_unseen_depth_range_two_foci_zb13p3_E17p8;F3NCS_0418_ood_unseen_depth_range_ellipse_zb13p8_E28p3;F3NCS_0419_ood_unseen_depth_range_ellipse_zb09p0_E16p3;F3NCS_0420_ood_unseen_depth_range_cylinder_zb13p3_E28p6;F3NCS_0421_ood_unseen_depth_range_cylinder_zb11p0_E23p8;F3NCS_0422_ood_unseen_depth_range_ellipse_zb11p4_E23p6;F3NCS_0423_ood_unseen_depth_range_ellipse_zb09p3_E11p4;F3NCS_0424_ood_unseen_depth_range_ellipse_zb11p1_E21p4;F3NCS_0425_ood_unseen_depth_range_two_foci_zb13p1_E09p6;F3NCS_0426_ood_unseen_depth_range_cylinder_zb10p6_E06p2;F3NCS_0427_ood_unseen_depth_range_ellipse_zb13p9_E58p6;F3NCS_0428_ood_unseen_depth_range_ellipse_zb10p2_E73p0;F3NCS_0429_ood_unseen_depth_range_two_foci_zb09p5_E07p0;F3NCS_0430_ood_unseen_depth_range_two_foci_zb11p3_E33p1;F3NCS_0431_ood_unseen_depth_range_cylinder_zb08p8_E06p7;F3NCS_0432_ood_unseen_depth_range_cylinder_zb09p3_E08p3;F3NCS_0433_ood_unseen_depth_range_cylinder_zb12p9_E86p3;F3NCS_0434_ood_unseen_depth_range_ellipse_zb13p9_E71p4;F3NCS_0435_ood_unseen_depth_range_cylinder_zb10p5_E25p4;F3NCS_0436_ood_unseen_depth_range_ellipse_zb11p9_E84p1;F3NCS_0437_ood_unseen_depth_range_ellipse_zb10p1_E14p8;F3NCS_0438_ood_unseen_depth_range_ellipse_zb10p1_E24p0;F3NCS_0439_ood_unseen_depth_range_ellipse_zb10p5_E33p5;F3NCS_0440_ood_unseen_depth_range_two_foci_zb12p0_E12p1;F3NCS_0441_ood_unseen_depth_range_ellipse_zb12p4_E06p2;F3NCS_0442_ood_unseen_depth_range_ellipse_zb11p7_E13p1;F3NCS_0443_ood_unseen_depth_range_ellipse_zb11p2_E14p1;F3NCS_0444_ood_unseen_depth_range_ellipse_zb10p4_E07p3;F3NCS_0445_ood_unseen_depth_range_two_foci_zb13p3_E51p9;F3NCS_0446_ood_unseen_depth_range_cylinder_zb12p2_E10p8;F3NCS_0447_ood_unseen_depth_range_two_foci_zb11p7_E11p2,method2b_512_full_comsol_colab_cuda,fig3_true_ood,1,split_role/ood_split_family,ood_unseen_depth_range,230,38,64,0.0584547854959964,0.5428428649902344,0.0333541668951511,0.7388725280761719,0.0818359702825546,0.7991905212402344,0.1278799772262573,0.8450508117675781,0.1761776059865951,0.7501471352925954,0.790777852413302,0.0946651918762671,2.4902232196917926,0.0191603829659094,0.3678995370864868,0.0492565743625164,,0.735798180103302
H:\My Drive\MN_simulation\outputs\rspi_joint_052026\method2b_512_five_seed_ood_full512_20260611\seed_2\posterior\rspi_posterior_metrics.csv,2,train_mean_prior,0.1460379064083099,0.2254924993504597,12.937357993226668,0.0317656520346645,4.367835521697998,12.731186693471408,,32,F3NCS_0448_ood_unseen_layer_modulus_ellipse_zb07p4_E21p0;F3NCS_0449_ood_unseen_layer_modulus_ellipse_zb05p8_E54p9;F3NCS_0450_ood_unseen_layer_modulus_crescent_zb09p9_E11p6;F3NCS_0451_ood_unseen_layer_modulus_cylinder_zb09p3_E36p6;F3NCS_0452_ood_unseen_layer_modulus_two_foci_zb09p4_E11p5;F3NCS_0453_ood_unseen_layer_modulus_lobed_zb09p7_E21p6;F3NCS_0454_ood_unseen_layer_modulus_crescent_zb06p1_E76p6;F3NCS_0455_ood_unseen_layer_modulus_ellipse_zb06p0_E06p3;F3NCS_0456_ood_unseen_layer_modulus_ellipse_zb02p7_E65p7;F3NCS_0457_ood_unseen_layer_modulus_lobed_zb07p1_E19p6;F3NCS_0458_ood_unseen_layer_modulus_lobed_zb02p9_E06p6;F3NCS_0459_ood_unseen_layer_modulus_ellipse_zb09p5_E34p1;F3NCS_0460_ood_unseen_layer_modulus_two_foci_zb03p6_E86p4;F3NCS_0461_ood_unseen_layer_modulus_cylinder_zb08p2_E46p7;F3NCS_0462_ood_unseen_layer_modulus_two_foci_zb09p7_E30p7;F3NCS_0463_ood_unseen_layer_modulus_lobed_zb03p1_E09p1;F3NCS_0464_ood_unseen_layer_modulus_lobed_zb05p9_E29p2;F3NCS_0465_ood_unseen_layer_modulus_two_foci_zb03p6_E42p2;F3NCS_0466_ood_unseen_layer_modulus_two_foci_zb03p5_E33p5;F3NCS_0467_ood_unseen_layer_modulus_cylinder_zb03p5_E16p4;F3NCS_0468_ood_unseen_layer_modulus_lobed_zb04p2_E55p5;F3NCS_0469_ood_unseen_layer_modulus_ellipse_zb08p2_E21p5;F3NCS_0470_ood_unseen_layer_modulus_lobed_zb05p9_E43p7;F3NCS_0471_ood_unseen_layer_modulus_lobed_zb02p0_E78p3;F3NCS_0472_ood_unseen_layer_modulus_lobed_zb07p9_E07p2;F3NCS_0473_ood_unseen_layer_modulus_ellipse_zb05p9_E08p4;F3NCS_0474_ood_unseen_layer_modulus_cylinder_zb09p4_E22p6;F3NCS_0475_ood_unseen_layer_modulus_lobed_zb08p1_E22p1;F3NCS_0476_ood_unseen_layer_modulus_ellipse_zb05p7_E79p4;F3NCS_0477_ood_unseen_layer_modulus_ellipse_zb03p5_E10p4;F3NCS_0478_ood_unseen_layer_modulus_ellipse_zb07p1_E27p2;F3NCS_0479_ood_unseen_layer_modulus_cylinder_zb03p7_E09p1,method2b_512_full_comsol_colab_cuda,fig3_true_ood,2,split_role/ood_split_family,ood_unseen_layer_modulus,230,38,32,,,,,,,,,,,,,,,,,,
H:\My Drive\MN_simulation\outputs\rspi_joint_052026\method2b_512_five_seed_ood_full512_20260611\seed_2\posterior\rspi_posterior_metrics.csv,2,srcnn_bz_single_channel,0.1170638054609298,0.2027468462509426,13.860917851235309,0.1788005749695003,4.029504299163818,12.246533584605368,0.4066904589664913,32,F3NCS_0448_ood_unseen_layer_modulus_ellipse_zb07p4_E21p0;F3NCS_0449_ood_unseen_layer_modulus_ellipse_zb05p8_E54p9;F3NCS_0450_ood_unseen_layer_modulus_crescent_zb09p9_E11p6;F3NCS_0451_ood_unseen_layer_modulus_cylinder_zb09p3_E36p6;F3NCS_0452_ood_unseen_layer_modulus_two_foci_zb09p4_E11p5;F3NCS_0453_ood_unseen_layer_modulus_lobed_zb09p7_E21p6;F3NCS_0454_ood_unseen_layer_modulus_crescent_zb06p1_E76p6;F3NCS_0455_ood_unseen_layer_modulus_ellipse_zb06p0_E06p3;F3NCS_0456_ood_unseen_layer_modulus_ellipse_zb02p7_E65p7;F3NCS_0457_ood_unseen_layer_modulus_lobed_zb07p1_E19p6;F3NCS_0458_ood_unseen_layer_modulus_lobed_zb02p9_E06p6;F3NCS_0459_ood_unseen_layer_modulus_ellipse_zb09p5_E34p1;F3NCS_0460_ood_unseen_layer_modulus_two_foci_zb03p6_E86p4;F3NCS_0461_ood_unseen_layer_modulus_cylinder_zb08p2_E46p7;F3NCS_0462_ood_unseen_layer_modulus_two_foci_zb09p7_E30p7;F3NCS_0463_ood_unseen_layer_modulus_lobed_zb03p1_E09p1;F3NCS_0464_ood_unseen_layer_modulus_lobed_zb05p9_E29p2;F3NCS_0465_ood_unseen_layer_modulus_two_foci_zb03p6_E42p2;F3NCS_0466_ood_unseen_layer_modulus_two_foci_zb03p5_E33p5;F3NCS_0467_ood_unseen_layer_modulus_cylinder_zb03p5_E16p4;F3NCS_0468_ood_unseen_layer_modulus_lobed_zb04p2_E55p5;F3NCS_0469_ood_unseen_layer_modulus_ellipse_zb08p2_E21p5;F3NCS_0470_ood_unseen_layer_modulus_lobed_zb05p9_E43p7;F3NCS_0471_ood_unseen_layer_modulus_lobed_zb02p0_E78p3;F3NCS_0472_ood_unseen_layer_modulus_lobed_zb07p9_E07p2;F3NCS_0473_ood_unseen_layer_modulus_ellipse_zb05p9_E08p4;F3NCS_0474_ood_unseen_layer_modulus_cylinder_zb09p4_E22p6;F3NCS_0475_ood_unseen_layer_modulus_lobed_zb08p1_E22p1;F3NCS_0476_ood_unseen_layer_modulus_ellipse_zb05p7_E79p4;F3NCS_0477_ood_unseen_layer_modulus_ellipse_zb03p5_E10p4;F3NCS_0478_ood_unseen_layer_modulus_ellipse_zb07p1_E27p2;F3NCS_0479_ood_unseen_layer_modulus_cylinder_zb03p7_E09p1,method2b_512_full_comsol_colab_cuda,fig3_true_ood,2,split_role/ood_split_family,ood_unseen_layer_modulus,230,38,32,0.1170638054609298,0.0,0.0,0.0,0.0,0.0,0.0,0.0,0.0,,0.5,0.2016013093507022,20160130.935070228,0.0841797740033594,0.1447296142578125,0.0,,
H:\My Drive\MN_simulation\outputs\rspi_joint_052026\method2b_512_five_seed_ood_full512_20260611\seed_2\posterior\rspi_posterior_metrics.csv,2,unet_canonical_bxyz,0.0710871815681457,0.149805143074626,16.489465525709978,0.4449349204078316,2.95050048828125,9.737192594208006,0.5599413655907731,32,F3NCS_0448_ood_unseen_layer_modulus_ellipse_zb07p4_E21p0;F3NCS_0449_ood_unseen_layer_modulus_ellipse_zb05p8_E54p9;F3NCS_0450_ood_unseen_layer_modulus_crescent_zb09p9_E11p6;F3NCS_0451_ood_unseen_layer_modulus_cylinder_zb09p3_E36p6;F3NCS_0452_ood_unseen_layer_modulus_two_foci_zb09p4_E11p5;F3NCS_0453_ood_unseen_layer_modulus_lobed_zb09p7_E21p6;F3NCS_0454_ood_unseen_layer_modulus_crescent_zb06p1_E76p6;F3NCS_0455_ood_unseen_layer_modulus_ellipse_zb06p0_E06p3;F3NCS_0456_ood_unseen_layer_modulus_ellipse_zb02p7_E65p7;F3NCS_0457_ood_unseen_layer_modulus_lobed_zb07p1_E19p6;F3NCS_0458_ood_unseen_layer_modulus_lobed_zb02p9_E06p6;F3NCS_0459_ood_unseen_layer_modulus_ellipse_zb09p5_E34p1;F3NCS_0460_ood_unseen_layer_modulus_two_foci_zb03p6_E86p4;F3NCS_0461_ood_unseen_layer_modulus_cylinder_zb08p2_E46p7;F3NCS_0462_ood_unseen_layer_modulus_two_foci_zb09p7_E30p7;F3NCS_0463_ood_unseen_layer_modulus_lobed_zb03p1_E09p1;F3NCS_0464_ood_unseen_layer_modulus_lobed_zb05p9_E29p2;F3NCS_0465_ood_unseen_layer_modulus_two_foci_zb03p6_E42p2;F3NCS_0466_ood_unseen_layer_modulus_two_foci_zb03p5_E33p5;F3NCS_0467_ood_unseen_layer_modulus_cylinder_zb03p5_E16p4;F3NCS_0468_ood_unseen_layer_modulus_lobed_zb04p2_E55p5;F3NCS_0469_ood_unseen_layer_modulus_ellipse_zb08p2_E21p5;F3NCS_0470_ood_unseen_layer_modulus_lobed_zb05p9_E43p7;F3NCS_0471_ood_unseen_layer_modulus_lobed_zb02p0_E78p3;F3NCS_0472_ood_unseen_layer_modulus_lobed_zb07p9_E07p2;F3NCS_0473_ood_unseen_layer_modulus_ellipse_zb05p9_E08p4;F3NCS_0474_ood_unseen_layer_modulus_cylinder_zb09p4_E22p6;F3NCS_0475_ood_unseen_layer_modulus_lobed_zb08p1_E22p1;F3NCS_0476_ood_unseen_layer_modulus_ellipse_zb05p7_E79p4;F3NCS_0477_ood_unseen_layer_modulus_ellipse_zb03p5_E10p4;F3NCS_0478_ood_unseen_layer_modulus_ellipse_zb07p1_E27p2;F3NCS_0479_ood_unseen_layer_modulus_cylinder_zb03p7_E09p1,method2b_512_full_comsol_colab_cuda,fig3_true_ood,2,split_role/ood_split_family,ood_unseen_layer_modulus,230,38,32,0.0710871815681457,0.0,0.0,0.0,0.0,0.0,0.0,0.0,0.0,,0.5,0.1476447355167945,14764473.551679453,0.0523353482729226,0.1168289184570312,0.0,,
H:\My Drive\MN_simulation\outputs\rspi_joint_052026\method2b_512_five_seed_ood_full512_20260611\seed_2\posterior\rspi_posterior_metrics.csv,2,vanilla_diffusion,0.4471827447414398,0.4605533486154768,6.734401113148712,0.0485104268009308,12.852787971496582,14.95795498991987,0.3372237607014129,32,F3NCS_0448_ood_unseen_layer_modulus_ellipse_zb07p4_E21p0;F3NCS_0449_ood_unseen_layer_modulus_ellipse_zb05p8_E54p9;F3NCS_0450_ood_unseen_layer_modulus_crescent_zb09p9_E11p6;F3NCS_0451_ood_unseen_layer_modulus_cylinder_zb09p3_E36p6;F3NCS_0452_ood_unseen_layer_modulus_two_foci_zb09p4_E11p5;F3NCS_0453_ood_unseen_layer_modulus_lobed_zb09p7_E21p6;F3NCS_0454_ood_unseen_layer_modulus_crescent_zb06p1_E76p6;F3NCS_0455_ood_unseen_layer_modulus_ellipse_zb06p0_E06p3;F3NCS_0456_ood_unseen_layer_modulus_ellipse_zb02p7_E65p7;F3NCS_0457_ood_unseen_layer_modulus_lobed_zb07p1_E19p6;F3NCS_0458_ood_unseen_layer_modulus_lobed_zb02p9_E06p6;F3NCS_0459_ood_unseen_layer_modulus_ellipse_zb09p5_E34p1;F3NCS_0460_ood_unseen_layer_modulus_two_foci_zb03p6_E86p4;F3NCS_0461_ood_unseen_layer_modulus_cylinder_zb08p2_E46p7;F3NCS_0462_ood_unseen_layer_modulus_two_foci_zb09p7_E30p7;F3NCS_0463_ood_unseen_layer_modulus_lobed_zb03p1_E09p1;F3NCS_0464_ood_unseen_layer_modulus_lobed_zb05p9_E29p2;F3NCS_0465_ood_unseen_layer_modulus_two_foci_zb03p6_E42p2;F3NCS_0466_ood_unseen_layer_modulus_two_foci_zb03p5_E33p5;F3NCS_0467_ood_unseen_layer_modulus_cylinder_zb03p5_E16p4;F3NCS_0468_ood_unseen_layer_modulus_lobed_zb04p2_E55p5;F3NCS_0469_ood_unseen_layer_modulus_ellipse_zb08p2_E21p5;F3NCS_0470_ood_unseen_layer_modulus_lobed_zb05p9_E43p7;F3NCS_0471_ood_unseen_layer_modulus_lobed_zb02p0_E78p3;F3NCS_0472_ood_unseen_layer_modulus_lobed_zb07p9_E07p2;F3NCS_0473_ood_unseen_layer_modulus_ellipse_zb05p9_E08p4;F3NCS_0474_ood_unseen_layer_modulus_cylinder_zb09p4_E22p6;F3NCS_0475_ood_unseen_layer_modulus_lobed_zb08p1_E22p1;F3NCS_0476_ood_unseen_layer_modulus_ellipse_zb05p7_E79p4;F3NCS_0477_ood_unseen_layer_modulus_ellipse_zb03p5_E10p4;F3NCS_0478_ood_unseen_layer_modulus_ellipse_zb07p1_E27p2;F3NCS_0479_ood_unseen_layer_modulus_cylinder_zb03p7_E09p1,method2b_512_full_comsol_colab_cuda,fig3_true_ood,2,split_role/ood_split_family,ood_unseen_layer_modulus,230,38,32,,,,,,,,,,,,,,,,0.0781997293233871,64.0,
H:\My Drive\MN_simulation\outputs\rspi_joint_052026\method2b_512_five_seed_ood_full512_20260611\seed_2\posterior\rspi_posterior_metrics.csv,2,prior_init_diffusion_unet,0.0731424614787101,0.1504972624775324,16.449427994986088,0.2754556213039905,2.9740147590637207,9.79001563471324,0.552183244324822,32,F3NCS_0448_ood_unseen_layer_modulus_ellipse_zb07p4_E21p0;F3NCS_0449_ood_unseen_layer_modulus_ellipse_zb05p8_E54p9;F3NCS_0450_ood_unseen_layer_modulus_crescent_zb09p9_E11p6;F3NCS_0451_ood_unseen_layer_modulus_cylinder_zb09p3_E36p6;F3NCS_0452_ood_unseen_layer_modulus_two_foci_zb09p4_E11p5;F3NCS_0453_ood_unseen_layer_modulus_lobed_zb09p7_E21p6;F3NCS_0454_ood_unseen_layer_modulus_crescent_zb06p1_E76p6;F3NCS_0455_ood_unseen_layer_modulus_ellipse_zb06p0_E06p3;F3NCS_0456_ood_unseen_layer_modulus_ellipse_zb02p7_E65p7;F3NCS_0457_ood_unseen_layer_modulus_lobed_zb07p1_E19p6;F3NCS_0458_ood_unseen_layer_modulus_lobed_zb02p9_E06p6;F3NCS_0459_ood_unseen_layer_modulus_ellipse_zb09p5_E34p1;F3NCS_0460_ood_unseen_layer_modulus_two_foci_zb03p6_E86p4;F3NCS_0461_ood_unseen_layer_modulus_cylinder_zb08p2_E46p7;F3NCS_0462_ood_unseen_layer_modulus_two_foci_zb09p7_E30p7;F3NCS_0463_ood_unseen_layer_modulus_lobed_zb03p1_E09p1;F3NCS_0464_ood_unseen_layer_modulus_lobed_zb05p9_E29p2;F3NCS_0465_ood_unseen_layer_modulus_two_foci_zb03p6_E42p2;F3NCS_0466_ood_unseen_layer_modulus_two_foci_zb03p5_E33p5;F3NCS_0467_ood_unseen_layer_modulus_cylinder_zb03p5_E16p4;F3NCS_0468_ood_unseen_layer_modulus_lobed_zb04p2_E55p5;F3NCS_0469_ood_unseen_layer_modulus_ellipse_zb08p2_E21p5;F3NCS_0470_ood_unseen_layer_modulus_lobed_zb05p9_E43p7;F3NCS_0471_ood_unseen_layer_modulus_lobed_zb02p0_E78p3;F3NCS_0472_ood_unseen_layer_modulus_lobed_zb07p9_E07p2;F3NCS_0473_ood_unseen_layer_modulus_ellipse_zb05p9_E08p4;F3NCS_0474_ood_unseen_layer_modulus_cylinder_zb09p4_E22p6;F3NCS_0475_ood_unseen_layer_modulus_lobed_zb08p1_E22p1;F3NCS_0476_ood_unseen_layer_modulus_ellipse_zb05p7_E79p4;F3NCS_0477_ood_unseen_layer_modulus_ellipse_zb03p5_E10p4;F3NCS_0478_ood_unseen_layer_modulus_ellipse_zb07p1_E27p2;F3NCS_0479_ood_unseen_layer_modulus_cylinder_zb03p7_E09p1,method2b_512_full_comsol_colab_cuda,fig3_true_ood,2,split_role/ood_split_family,ood_unseen_layer_modulus,230,38,32,0.0683680325746536,0.0035858154296875,0.011431329883635,0.008331298828125,0.0215458963066339,0.01690673828125,0.0272952578961849,0.0482025146484375,0.0319104939699173,0.6283234659367863,0.8674813599043943,0.1127731897668287,12.076582404294014,0.0107865128066062,0.1241978406906127,0.0085703041404485,,
H:\My Drive\MN_simulation\outputs\rspi_joint_052026\method2b_512_five_seed_ood_full512_20260611\seed_2\posterior\rspi_posterior_metrics.csv,2,residual_likelihood_guided_diffusion,0.0731838569045066,0.150468898814713,16.451065146781836,0.2745115540456027,2.974217176437378,9.78831816428908,0.5523297781415849,32,F3NCS_0448_ood_unseen_layer_modulus_ellipse_zb07p4_E21p0;F3NCS_0449_ood_unseen_layer_modulus_ellipse_zb05p8_E54p9;F3NCS_0450_ood_unseen_layer_modulus_crescent_zb09p9_E11p6;F3NCS_0451_ood_unseen_layer_modulus_cylinder_zb09p3_E36p6;F3NCS_0452_ood_unseen_layer_modulus_two_foci_zb09p4_E11p5;F3NCS_0453_ood_unseen_layer_modulus_lobed_zb09p7_E21p6;F3NCS_0454_ood_unseen_layer_modulus_crescent_zb06p1_E76p6;F3NCS_0455_ood_unseen_layer_modulus_ellipse_zb06p0_E06p3;F3NCS_0456_ood_unseen_layer_modulus_ellipse_zb02p7_E65p7;F3NCS_0457_ood_unseen_layer_modulus_lobed_zb07p1_E19p6;F3NCS_0458_ood_unseen_layer_modulus_lobed_zb02p9_E06p6;F3NCS_0459_ood_unseen_layer_modulus_ellipse_zb09p5_E34p1;F3NCS_0460_ood_unseen_layer_modulus_two_foci_zb03p6_E86p4;F3NCS_0461_ood_unseen_layer_modulus_cylinder_zb08p2_E46p7;F3NCS_0462_ood_unseen_layer_modulus_two_foci_zb09p7_E30p7;F3NCS_0463_ood_unseen_layer_modulus_lobed_zb03p1_E09p1;F3NCS_0464_ood_unseen_layer_modulus_lobed_zb05p9_E29p2;F3NCS_0465_ood_unseen_layer_modulus_two_foci_zb03p6_E42p2;F3NCS_0466_ood_unseen_layer_modulus_two_foci_zb03p5_E33p5;F3NCS_0467_ood_unseen_layer_modulus_cylinder_zb03p5_E16p4;F3NCS_0468_ood_unseen_layer_modulus_lobed_zb04p2_E55p5;F3NCS_0469_ood_unseen_layer_modulus_ellipse_zb08p2_E21p5;F3NCS_0470_ood_unseen_layer_modulus_lobed_zb05p9_E43p7;F3NCS_0471_ood_unseen_layer_modulus_lobed_zb02p0_E78p3;F3NCS_0472_ood_unseen_layer_modulus_lobed_zb07p9_E07p2;F3NCS_0473_ood_unseen_layer_modulus_ellipse_zb05p9_E08p4;F3NCS_0474_ood_unseen_layer_modulus_cylinder_zb09p4_E22p6;F3NCS_0475_ood_unseen_layer_modulus_lobed_zb08p1_E22p1;F3NCS_0476_ood_unseen_layer_modulus_ellipse_zb05p7_E79p4;F3NCS_0477_ood_unseen_layer_modulus_ellipse_zb03p5_E10p4;F3NCS_0478_ood_unseen_layer_modulus_ellipse_zb07p1_E27p2;F3NCS_0479_ood_unseen_layer_modulus_cylinder_zb03p7_E09p1,method2b_512_full_comsol_colab_cuda,fig3_true_ood,2,split_role/ood_split_family,ood_unseen_layer_modulus,230,38,32,0.0684024840593338,0.0037078857421875,0.0114418286830186,0.008087158203125,0.0215811505913734,0.016510009765625,0.0273273438215255,0.047088623046875,0.0319480746984481,0.6287672459961501,0.8663610810178021,0.1125420613745262,12.006655136008204,0.0107922018469483,0.1240663528442382,0.0085825081914663,,
H:\My Drive\MN_simulation\outputs\rspi_joint_052026\method2b_512_five_seed_ood_full512_20260611\seed_2\posterior\rspi_posterior_metrics.csv,2,explicit_residual_target_diffusion,0.0784978568553924,0.1525314959262459,16.332809409012768,0.2797915525734424,3.068305492401123,10.002403351942045,0.551898300923122,32,F3NCS_0448_ood_unseen_layer_modulus_ellipse_zb07p4_E21p0;F3NCS_0449_ood_unseen_layer_modulus_ellipse_zb05p8_E54p9;F3NCS_0450_ood_unseen_layer_modulus_crescent_zb09p9_E11p6;F3NCS_0451_ood_unseen_layer_modulus_cylinder_zb09p3_E36p6;F3NCS_0452_ood_unseen_layer_modulus_two_foci_zb09p4_E11p5;F3NCS_0453_ood_unseen_layer_modulus_lobed_zb09p7_E21p6;F3NCS_0454_ood_unseen_layer_modulus_crescent_zb06p1_E76p6;F3NCS_0455_ood_unseen_layer_modulus_ellipse_zb06p0_E06p3;F3NCS_0456_ood_unseen_layer_modulus_ellipse_zb02p7_E65p7;F3NCS_0457_ood_unseen_layer_modulus_lobed_zb07p1_E19p6;F3NCS_0458_ood_unseen_layer_modulus_lobed_zb02p9_E06p6;F3NCS_0459_ood_unseen_layer_modulus_ellipse_zb09p5_E34p1;F3NCS_0460_ood_unseen_layer_modulus_two_foci_zb03p6_E86p4;F3NCS_0461_ood_unseen_layer_modulus_cylinder_zb08p2_E46p7;F3NCS_0462_ood_unseen_layer_modulus_two_foci_zb09p7_E30p7;F3NCS_0463_ood_unseen_layer_modulus_lobed_zb03p1_E09p1;F3NCS_0464_ood_unseen_layer_modulus_lobed_zb05p9_E29p2;F3NCS_0465_ood_unseen_layer_modulus_two_foci_zb03p6_E42p2;F3NCS_0466_ood_unseen_layer_modulus_two_foci_zb03p5_E33p5;F3NCS_0467_ood_unseen_layer_modulus_cylinder_zb03p5_E16p4;F3NCS_0468_ood_unseen_layer_modulus_lobed_zb04p2_E55p5;F3NCS_0469_ood_unseen_layer_modulus_ellipse_zb08p2_E21p5;F3NCS_0470_ood_unseen_layer_modulus_lobed_zb05p9_E43p7;F3NCS_0471_ood_unseen_layer_modulus_lobed_zb02p0_E78p3;F3NCS_0472_ood_unseen_layer_modulus_lobed_zb07p9_E07p2;F3NCS_0473_ood_unseen_layer_modulus_ellipse_zb05p9_E08p4;F3NCS_0474_ood_unseen_layer_modulus_cylinder_zb09p4_E22p6;F3NCS_0475_ood_unseen_layer_modulus_lobed_zb08p1_E22p1;F3NCS_0476_ood_unseen_layer_modulus_ellipse_zb05p7_E79p4;F3NCS_0477_ood_unseen_layer_modulus_ellipse_zb03p5_E10p4;F3NCS_0478_ood_unseen_layer_modulus_ellipse_zb07p1_E27p2;F3NCS_0479_ood_unseen_layer_modulus_cylinder_zb03p7_E09p1,method2b_512_full_comsol_colab_cuda,fig3_true_ood,2,split_role/ood_split_family,ood_unseen_layer_modulus,230,38,32,0.0513492226600647,0.758575439453125,0.0384170226752758,0.83477783203125,0.1213404834270477,0.872894287109375,0.1984134912490844,0.8998031616210938,0.2708454728126526,0.8532416386073994,0.8407806067319152,0.056696850581659,0.8702488017911891,0.0125796610276953,0.6005688905715942,0.0771188884973526,,0.7356266975402832
H:\My Drive\MN_simulation\outputs\rspi_joint_052026\method2b_512_five_seed_ood_full512_20260611\seed_2\posterior\rspi_posterior_metrics.csv,2,train_mean_prior,0.1387180089950561,0.2099162830506646,13.559077444190562,0.0306947253411635,3.739305257797241,10.71926353714697,,32,F3NCS_0480_ood_unseen_operator_noise_lobed_zb10p0_E66p7;F3NCS_0481_ood_unseen_operator_noise_ellipse_zb05p4_E11p5;F3NCS_0482_ood_unseen_operator_noise_lobed_zb01p7_E06p9;F3NCS_0483_ood_unseen_operator_noise_lobed_zb08p7_E31p8;F3NCS_0484_ood_unseen_operator_noise_cylinder_zb10p1_E08p6;F3NCS_0485_ood_unseen_operator_noise_two_foci_zb07p5_E25p6;F3NCS_0486_ood_unseen_operator_noise_cylinder_zb04p8_E14p8;F3NCS_0487_ood_unseen_operator_noise_two_foci_zb04p8_E08p4;F3NCS_0488_ood_unseen_operator_noise_ellipse_zb02p0_E51p8;F3NCS_0489_ood_unseen_operator_noise_two_foci_zb07p5_E23p2;F3NCS_0490_ood_unseen_operator_noise_crescent_zb05p7_E09p8;F3NCS_0491_ood_unseen_operator_noise_two_foci_zb01p9_E52p0;F3NCS_0492_ood_unseen_operator_noise_two_foci_zb05p8_E11p8;F3NCS_0493_ood_unseen_operator_noise_two_foci_zb02p7_E17p6;F3NCS_0494_ood_unseen_operator_noise_cylinder_zb03p5_E15p1;F3NCS_0495_ood_unseen_operator_noise_ellipse_zb11p4_E39p6;F3NCS_0496_ood_unseen_operator_noise_two_foci_zb05p4_E16p3;F3NCS_0497_ood_unseen_operator_noise_two_foci_zb06p2_E23p1;F3NCS_0498_ood_unseen_operator_noise_crescent_zb04p0_E08p5;F3NCS_0499_ood_unseen_operator_noise_lobed_zb01p5_E71p0;F3NCS_0500_ood_unseen_operator_noise_cylinder_zb02p3_E45p6;F3NCS_0501_ood_unseen_operator_noise_two_foci_zb09p3_E50p3;F3NCS_0502_ood_unseen_operator_noise_cylinder_zb11p5_E11p1;F3NCS_0503_ood_unseen_operator_noise_two_foci_zb07p9_E32p0;F3NCS_0504_ood_unseen_operator_noise_crescent_zb10p9_E39p6;F3NCS_0505_ood_unseen_operator_noise_lobed_zb06p3_E74p2;F3NCS_0506_ood_unseen_operator_noise_lobed_zb06p9_E36p9;F3NCS_0507_ood_unseen_operator_noise_ellipse_zb01p4_E08p8;F3NCS_0508_ood_unseen_operator_noise_two_foci_zb03p5_E13p6;F3NCS_0509_ood_unseen_operator_noise_crescent_zb11p1_E35p5;F3NCS_0510_ood_unseen_operator_noise_ellipse_zb02p7_E08p0;F3NCS_0511_ood_unseen_operator_noise_crescent_zb08p1_E09p7,method2b_512_full_comsol_colab_cuda,fig3_true_ood,3,split_role/ood_split_family,ood_unseen_operator_noise,230,38,32,,,,,,,,,,,,,,,,,,
H:\My Drive\MN_simulation\outputs\rspi_joint_052026\method2b_512_five_seed_ood_full512_20260611\seed_2\posterior\rspi_posterior_metrics.csv,2,srcnn_bz_single_channel,0.1103140860795974,0.1908174723449936,14.38763722622348,0.1732340822927653,3.401754856109619,10.259431918890044,0.373796138687949,32,F3NCS_0480_ood_unseen_operator_noise_lobed_zb10p0_E66p7;F3NCS_0481_ood_unseen_operator_noise_ellipse_zb05p4_E11p5;F3NCS_0482_ood_unseen_operator_noise_lobed_zb01p7_E06p9;F3NCS_0483_ood_unseen_operator_noise_lobed_zb08p7_E31p8;F3NCS_0484_ood_unseen_operator_noise_cylinder_zb10p1_E08p6;F3NCS_0485_ood_unseen_operator_noise_two_foci_zb07p5_E25p6;F3NCS_0486_ood_unseen_operator_noise_cylinder_zb04p8_E14p8;F3NCS_0487_ood_unseen_operator_noise_two_foci_zb04p8_E08p4;F3NCS_0488_ood_unseen_operator_noise_ellipse_zb02p0_E51p8;F3NCS_0489_ood_unseen_operator_noise_two_foci_zb07p5_E23p2;F3NCS_0490_ood_unseen_operator_noise_crescent_zb05p7_E09p8;F3NCS_0491_ood_unseen_operator_noise_two_foci_zb01p9_E52p0;F3NCS_0492_ood_unseen_operator_noise_two_foci_zb05p8_E11p8;F3NCS_0493_ood_unseen_operator_noise_two_foci_zb02p7_E17p6;F3NCS_0494_ood_unseen_operator_noise_cylinder_zb03p5_E15p1;F3NCS_0495_ood_unseen_operator_noise_ellipse_zb11p4_E39p6;F3NCS_0496_ood_unseen_operator_noise_two_foci_zb05p4_E16p3;F3NCS_0497_ood_unseen_operator_noise_two_foci_zb06p2_E23p1;F3NCS_0498_ood_unseen_operator_noise_crescent_zb04p0_E08p5;F3NCS_0499_ood_unseen_operator_noise_lobed_zb01p5_E71p0;F3NCS_0500_ood_unseen_operator_noise_cylinder_zb02p3_E45p6;F3NCS_0501_ood_unseen_operator_noise_two_foci_zb09p3_E50p3;F3NCS_0502_ood_unseen_operator_noise_cylinder_zb11p5_E11p1;F3NCS_0503_ood_unseen_operator_noise_two_foci_zb07p9_E32p0;F3NCS_0504_ood_unseen_operator_noise_crescent_zb10p9_E39p6;F3NCS_0505_ood_unseen_operator_noise_lobed_zb06p3_E74p2;F3NCS_0506_ood_unseen_operator_noise_lobed_zb06p9_E36p9;F3NCS_0507_ood_unseen_operator_noise_ellipse_zb01p4_E08p8;F3NCS_0508_ood_unseen_operator_noise_two_foci_zb03p5_E13p6;F3NCS_0509_ood_unseen_operator_noise_crescent_zb11p1_E35p5;F3NCS_0510_ood_unseen_operator_noise_ellipse_zb02p7_E08p0;F3NCS_0511_ood_unseen_operator_noise_crescent_zb08p1_E09p7,method2b_512_full_comsol_colab_cuda,fig3_true_ood,3,split_role/ood_split_family,ood_unseen_operator_noise,230,38,32,0.1103140786290168,0.0,0.0,0.0,0.0,0.0,0.0,0.0,0.0,,0.5,0.1876381357431908,18763813.574319087,0.0802760950332565,0.1383590698242187,0.0,,
H:\My Drive\MN_simulation\outputs\rspi_joint_052026\method2b_512_five_seed_ood_full512_20260611\seed_2\posterior\rspi_posterior_metrics.csv,2,unet_canonical_bxyz,0.0731231868267059,0.1508611156258504,16.428453699555252,0.4343214789405465,2.6353774070739746,7.900798139211776,0.5147407646620432,32,F3NCS_0480_ood_unseen_operator_noise_lobed_zb10p0_E66p7;F3NCS_0481_ood_unseen_operator_noise_ellipse_zb05p4_E11p5;F3NCS_0482_ood_unseen_operator_noise_lobed_zb01p7_E06p9;F3NCS_0483_ood_unseen_operator_noise_lobed_zb08p7_E31p8;F3NCS_0484_ood_unseen_operator_noise_cylinder_zb10p1_E08p6;F3NCS_0485_ood_unseen_operator_noise_two_foci_zb07p5_E25p6;F3NCS_0486_ood_unseen_operator_noise_cylinder_zb04p8_E14p8;F3NCS_0487_ood_unseen_operator_noise_two_foci_zb04p8_E08p4;F3NCS_0488_ood_unseen_operator_noise_ellipse_zb02p0_E51p8;F3NCS_0489_ood_unseen_operator_noise_two_foci_zb07p5_E23p2;F3NCS_0490_ood_unseen_operator_noise_crescent_zb05p7_E09p8;F3NCS_0491_ood_unseen_operator_noise_two_foci_zb01p9_E52p0;F3NCS_0492_ood_unseen_operator_noise_two_foci_zb05p8_E11p8;F3NCS_0493_ood_unseen_operator_noise_two_foci_zb02p7_E17p6;F3NCS_0494_ood_unseen_operator_noise_cylinder_zb03p5_E15p1;F3NCS_0495_ood_unseen_operator_noise_ellipse_zb11p4_E39p6;F3NCS_0496_ood_unseen_operator_noise_two_foci_zb05p4_E16p3;F3NCS_0497_ood_unseen_operator_noise_two_foci_zb06p2_E23p1;F3NCS_0498_ood_unseen_operator_noise_crescent_zb04p0_E08p5;F3NCS_0499_ood_unseen_operator_noise_lobed_zb01p5_E71p0;F3NCS_0500_ood_unseen_operator_noise_cylinder_zb02p3_E45p6;F3NCS_0501_ood_unseen_operator_noise_two_foci_zb09p3_E50p3;F3NCS_0502_ood_unseen_operator_noise_cylinder_zb11p5_E11p1;F3NCS_0503_ood_unseen_operator_noise_two_foci_zb07p9_E32p0;F3NCS_0504_ood_unseen_operator_noise_crescent_zb10p9_E39p6;F3NCS_0505_ood_unseen_operator_noise_lobed_zb06p3_E74p2;F3NCS_0506_ood_unseen_operator_noise_lobed_zb06p9_E36p9;F3NCS_0507_ood_unseen_operator_noise_ellipse_zb01p4_E08p8;F3NCS_0508_ood_unseen_operator_noise_two_foci_zb03p5_E13p6;F3NCS_0509_ood_unseen_operator_noise_crescent_zb11p1_E35p5;F3NCS_0510_ood_unseen_operator_noise_ellipse_zb02p7_E08p0;F3NCS_0511_ood_unseen_operator_noise_crescent_zb08p1_E09p7,method2b_512_full_comsol_colab_cuda,fig3_true_ood,3,split_role/ood_split_family,ood_unseen_operator_noise,230,38,32,0.0731231793761253,0.0,0.0,0.0,0.0,0.0,0.0,0.0,0.0,,0.5,0.1496203532696773,14962035.326967731,0.0610444198214249,0.1026382446289062,0.0,,
H:\My Drive\MN_simulation\outputs\rspi_joint_052026\method2b_512_five_seed_ood_full512_20260611\seed_2\posterior\rspi_posterior_metrics.csv,2,vanilla_diffusion,0.4667318761348724,0.4814952027506729,6.34816070990793,0.0426731638726778,13.415611267089844,14.6080923567962,0.221750620918141,32,F3NCS_0480_ood_unseen_operator_noise_lobed_zb10p0_E66p7;F3NCS_0481_ood_unseen_operator_noise_ellipse_zb05p4_E11p5;F3NCS_0482_ood_unseen_operator_noise_lobed_zb01p7_E06p9;F3NCS_0483_ood_unseen_operator_noise_lobed_zb08p7_E31p8;F3NCS_0484_ood_unseen_operator_noise_cylinder_zb10p1_E08p6;F3NCS_0485_ood_unseen_operator_noise_two_foci_zb07p5_E25p6;F3NCS_0486_ood_unseen_operator_noise_cylinder_zb04p8_E14p8;F3NCS_0487_ood_unseen_operator_noise_two_foci_zb04p8_E08p4;F3NCS_0488_ood_unseen_operator_noise_ellipse_zb02p0_E51p8;F3NCS_0489_ood_unseen_operator_noise_two_foci_zb07p5_E23p2;F3NCS_0490_ood_unseen_operator_noise_crescent_zb05p7_E09p8;F3NCS_0491_ood_unseen_operator_noise_two_foci_zb01p9_E52p0;F3NCS_0492_ood_unseen_operator_noise_two_foci_zb05p8_E11p8;F3NCS_0493_ood_unseen_operator_noise_two_foci_zb02p7_E17p6;F3NCS_0494_ood_unseen_operator_noise_cylinder_zb03p5_E15p1;F3NCS_0495_ood_unseen_operator_noise_ellipse_zb11p4_E39p6;F3NCS_0496_ood_unseen_operator_noise_two_foci_zb05p4_E16p3;F3NCS_0497_ood_unseen_operator_noise_two_foci_zb06p2_E23p1;F3NCS_0498_ood_unseen_operator_noise_crescent_zb04p0_E08p5;F3NCS_0499_ood_unseen_operator_noise_lobed_zb01p5_E71p0;F3NCS_0500_ood_unseen_operator_noise_cylinder_zb02p3_E45p6;F3NCS_0501_ood_unseen_operator_noise_two_foci_zb09p3_E50p3;F3NCS_0502_ood_unseen_operator_noise_cylinder_zb11p5_E11p1;F3NCS_0503_ood_unseen_operator_noise_two_foci_zb07p9_E32p0;F3NCS_0504_ood_unseen_operator_noise_crescent_zb10p9_E39p6;F3NCS_0505_ood_unseen_operator_noise_lobed_zb06p3_E74p2;F3NCS_0506_ood_unseen_operator_noise_lobed_zb06p9_E36p9;F3NCS_0507_ood_unseen_operator_noise_ellipse_zb01p4_E08p8;F3NCS_0508_ood_unseen_operator_noise_two_foci_zb03p5_E13p6;F3NCS_0509_ood_unseen_operator_noise_crescent_zb11p1_E35p5;F3NCS_0510_ood_unseen_operator_noise_ellipse_zb02p7_E08p0;F3NCS_0511_ood_unseen_operator_noise_crescent_zb08p1_E09p7,method2b_512_full_comsol_colab_cuda,fig3_true_ood,3,split_role/ood_split_family,ood_unseen_operator_noise,230,38,32,,,,,,,,,,,,,,,,0.0961807072162628,64.0,
H:\My Drive\MN_simulation\outputs\rspi_joint_052026\method2b_512_five_seed_ood_full512_20260611\seed_2\posterior\rspi_posterior_metrics.csv,2,prior_init_diffusion_unet,0.0756477564573288,0.1507934093513867,16.432352790660985,0.2575319577008486,2.65320348739624,7.919351570866047,0.513326871496105,32,F3NCS_0480_ood_unseen_operator_noise_lobed_zb10p0_E66p7;F3NCS_0481_ood_unseen_operator_noise_ellipse_zb05p4_E11p5;F3NCS_0482_ood_unseen_operator_noise_lobed_zb01p7_E06p9;F3NCS_0483_ood_unseen_operator_noise_lobed_zb08p7_E31p8;F3NCS_0484_ood_unseen_operator_noise_cylinder_zb10p1_E08p6;F3NCS_0485_ood_unseen_operator_noise_two_foci_zb07p5_E25p6;F3NCS_0486_ood_unseen_operator_noise_cylinder_zb04p8_E14p8;F3NCS_0487_ood_unseen_operator_noise_two_foci_zb04p8_E08p4;F3NCS_0488_ood_unseen_operator_noise_ellipse_zb02p0_E51p8;F3NCS_0489_ood_unseen_operator_noise_two_foci_zb07p5_E23p2;F3NCS_0490_ood_unseen_operator_noise_crescent_zb05p7_E09p8;F3NCS_0491_ood_unseen_operator_noise_two_foci_zb01p9_E52p0;F3NCS_0492_ood_unseen_operator_noise_two_foci_zb05p8_E11p8;F3NCS_0493_ood_unseen_operator_noise_two_foci_zb02p7_E17p6;F3NCS_0494_ood_unseen_operator_noise_cylinder_zb03p5_E15p1;F3NCS_0495_ood_unseen_operator_noise_ellipse_zb11p4_E39p6;F3NCS_0496_ood_unseen_operator_noise_two_foci_zb05p4_E16p3;F3NCS_0497_ood_unseen_operator_noise_two_foci_zb06p2_E23p1;F3NCS_0498_ood_unseen_operator_noise_crescent_zb04p0_E08p5;F3NCS_0499_ood_unseen_operator_noise_lobed_zb01p5_E71p0;F3NCS_0500_ood_unseen_operator_noise_cylinder_zb02p3_E45p6;F3NCS_0501_ood_unseen_operator_noise_two_foci_zb09p3_E50p3;F3NCS_0502_ood_unseen_operator_noise_cylinder_zb11p5_E11p1;F3NCS_0503_ood_unseen_operator_noise_two_foci_zb07p9_E32p0;F3NCS_0504_ood_unseen_operator_noise_crescent_zb10p9_E39p6;F3NCS_0505_ood_unseen_operator_noise_lobed_zb06p3_E74p2;F3NCS_0506_ood_unseen_operator_noise_lobed_zb06p9_E36p9;F3NCS_0507_ood_unseen_operator_noise_ellipse_zb01p4_E08p8;F3NCS_0508_ood_unseen_operator_noise_two_foci_zb03p5_E13p6;F3NCS_0509_ood_unseen_operator_noise_crescent_zb11p1_E35p5;F3NCS_0510_ood_unseen_operator_noise_ellipse_zb02p7_E08p0;F3NCS_0511_ood_unseen_operator_noise_crescent_zb08p1_E09p7,method2b_512_full_comsol_colab_cuda,fig3_true_ood,3,split_role/ood_split_family,ood_unseen_operator_noise,230,38,32,0.0704563707113266,0.0064468383789062,0.0125070959329605,0.02325439453125,0.0235667079687118,0.0600128173828125,0.0297628846019506,0.1413040161132812,0.0345848128199577,0.6208126191477176,0.8161396540145323,0.1227700190381092,12.75079746000116,0.0160883645054013,0.1197234392166137,0.0093159340322017,,
H:\My Drive\MN_simulation\outputs\rspi_joint_052026\method2b_512_five_seed_ood_full512_20260611\seed_2\posterior\rspi_posterior_metrics.csv,2,residual_likelihood_guided_diffusion,0.0756432265043258,0.1507845710230537,16.432861904386147,0.2575689391233027,2.652691125869751,7.919238131320866,0.5131802008449748,32,F3NCS_0480_ood_unseen_operator_noise_lobed_zb10p0_E66p7;F3NCS_0481_ood_unseen_operator_noise_ellipse_zb05p4_E11p5;F3NCS_0482_ood_unseen_operator_noise_lobed_zb01p7_E06p9;F3NCS_0483_ood_unseen_operator_noise_lobed_zb08p7_E31p8;F3NCS_0484_ood_unseen_operator_noise_cylinder_zb10p1_E08p6;F3NCS_0485_ood_unseen_operator_noise_two_foci_zb07p5_E25p6;F3NCS_0486_ood_unseen_operator_noise_cylinder_zb04p8_E14p8;F3NCS_0487_ood_unseen_operator_noise_two_foci_zb04p8_E08p4;F3NCS_0488_ood_unseen_operator_noise_ellipse_zb02p0_E51p8;F3NCS_0489_ood_unseen_operator_noise_two_foci_zb07p5_E23p2;F3NCS_0490_ood_unseen_operator_noise_crescent_zb05p7_E09p8;F3NCS_0491_ood_unseen_operator_noise_two_foci_zb01p9_E52p0;F3NCS_0492_ood_unseen_operator_noise_two_foci_zb05p8_E11p8;F3NCS_0493_ood_unseen_operator_noise_two_foci_zb02p7_E17p6;F3NCS_0494_ood_unseen_operator_noise_cylinder_zb03p5_E15p1;F3NCS_0495_ood_unseen_operator_noise_ellipse_zb11p4_E39p6;F3NCS_0496_ood_unseen_operator_noise_two_foci_zb05p4_E16p3;F3NCS_0497_ood_unseen_operator_noise_two_foci_zb06p2_E23p1;F3NCS_0498_ood_unseen_operator_noise_crescent_zb04p0_E08p5;F3NCS_0499_ood_unseen_operator_noise_lobed_zb01p5_E71p0;F3NCS_0500_ood_unseen_operator_noise_cylinder_zb02p3_E45p6;F3NCS_0501_ood_unseen_operator_noise_two_foci_zb09p3_E50p3;F3NCS_0502_ood_unseen_operator_noise_cylinder_zb11p5_E11p1;F3NCS_0503_ood_unseen_operator_noise_two_foci_zb07p9_E32p0;F3NCS_0504_ood_unseen_operator_noise_crescent_zb10p9_E39p6;F3NCS_0505_ood_unseen_operator_noise_lobed_zb06p3_E74p2;F3NCS_0506_ood_unseen_operator_noise_lobed_zb06p9_E36p9;F3NCS_0507_ood_unseen_operator_noise_ellipse_zb01p4_E08p8;F3NCS_0508_ood_unseen_operator_noise_two_foci_zb03p5_E13p6;F3NCS_0509_ood_unseen_operator_noise_crescent_zb11p1_E35p5;F3NCS_0510_ood_unseen_operator_noise_ellipse_zb02p7_E08p0;F3NCS_0511_ood_unseen_operator_noise_crescent_zb08p1_E09p7,method2b_512_full_comsol_colab_cuda,fig3_true_ood,3,split_role/ood_split_family,ood_unseen_operator_noise,230,38,32,0.0704509541392326,0.00653076171875,0.0125047955662012,0.0228195190429687,0.0235443990677595,0.0594558715820312,0.0297489427030086,0.1416854858398437,0.0346012040972709,0.6211176364438794,0.8158798064774255,0.1227358057668559,12.760330436710028,0.0162415446608166,0.1198279857635498,0.0093170590698719,,
H:\My Drive\MN_simulation\outputs\rspi_joint_052026\method2b_512_five_seed_ood_full512_20260611\seed_2\posterior\rspi_posterior_metrics.csv,2,explicit_residual_target_diffusion,0.1123440116643905,0.1626899274138625,15.77278669221463,0.096742904454004,3.1535043716430664,7.862662930157408,0.5087211016591984,32,F3NCS_0480_ood_unseen_operator_noise_lobed_zb10p0_E66p7;F3NCS_0481_ood_unseen_operator_noise_ellipse_zb05p4_E11p5;F3NCS_0482_ood_unseen_operator_noise_lobed_zb01p7_E06p9;F3NCS_0483_ood_unseen_operator_noise_lobed_zb08p7_E31p8;F3NCS_0484_ood_unseen_operator_noise_cylinder_zb10p1_E08p6;F3NCS_0485_ood_unseen_operator_noise_two_foci_zb07p5_E25p6;F3NCS_0486_ood_unseen_operator_noise_cylinder_zb04p8_E14p8;F3NCS_0487_ood_unseen_operator_noise_two_foci_zb04p8_E08p4;F3NCS_0488_ood_unseen_operator_noise_ellipse_zb02p0_E51p8;F3NCS_0489_ood_unseen_operator_noise_two_foci_zb07p5_E23p2;F3NCS_0490_ood_unseen_operator_noise_crescent_zb05p7_E09p8;F3NCS_0491_ood_unseen_operator_noise_two_foci_zb01p9_E52p0;F3NCS_0492_ood_unseen_operator_noise_two_foci_zb05p8_E11p8;F3NCS_0493_ood_unseen_operator_noise_two_foci_zb02p7_E17p6;F3NCS_0494_ood_unseen_operator_noise_cylinder_zb03p5_E15p1;F3NCS_0495_ood_unseen_operator_noise_ellipse_zb11p4_E39p6;F3NCS_0496_ood_unseen_operator_noise_two_foci_zb05p4_E16p3;F3NCS_0497_ood_unseen_operator_noise_two_foci_zb06p2_E23p1;F3NCS_0498_ood_unseen_operator_noise_crescent_zb04p0_E08p5;F3NCS_0499_ood_unseen_operator_noise_lobed_zb01p5_E71p0;F3NCS_0500_ood_unseen_operator_noise_cylinder_zb02p3_E45p6;F3NCS_0501_ood_unseen_operator_noise_two_foci_zb09p3_E50p3;F3NCS_0502_ood_unseen_operator_noise_cylinder_zb11p5_E11p1;F3NCS_0503_ood_unseen_operator_noise_two_foci_zb07p9_E32p0;F3NCS_0504_ood_unseen_operator_noise_crescent_zb10p9_E39p6;F3NCS_0505_ood_unseen_operator_noise_lobed_zb06p3_E74p2;F3NCS_0506_ood_unseen_operator_noise_lobed_zb06p9_E36p9;F3NCS_0507_ood_unseen_operator_noise_ellipse_zb01p4_E08p8;F3NCS_0508_ood_unseen_operator_noise_two_foci_zb03p5_E13p6;F3NCS_0509_ood_unseen_operator_noise_crescent_zb11p1_E35p5;F3NCS_0510_ood_unseen_operator_noise_ellipse_zb02p7_E08p0;F3NCS_0511_ood_unseen_operator_noise_crescent_zb08p1_E09p7,method2b_512_full_comsol_colab_cuda,fig3_true_ood,3,split_role/ood_split_family,ood_unseen_operator_noise,230,38,32,0.0748915076255798,0.1154403686523437,0.0650776773691177,0.5157470703125,0.1674958765506744,0.7252197265625,0.2546617984771728,0.8437042236328125,0.3364399671554565,0.6923483306926767,0.7583312910451042,0.064122008640181,0.8220039107771545,0.0212592700281102,0.211424708366394,0.0900671184062957,,0.7306778430938721
H:\My Drive\MN_simulation\outputs\rspi_joint_052026\method2b_512_five_seed_ood_full512_20260611\seed_2\posterior\rspi_posterior_metrics.csv,2,train_mean_prior,0.1397266536951065,0.2192122225153258,13.182704695087711,0.0261623403639532,4.238651752471924,13.06372298214781,,64,F3NCS_0320_ood_unseen_shape_lobed_zb03p8_E09p9;F3NCS_0321_ood_unseen_shape_crescent_zb03p5_E06p5;F3NCS_0322_ood_unseen_shape_crescent_zb07p2_E76p5;F3NCS_0323_ood_unseen_shape_crescent_zb03p5_E10p3;F3NCS_0324_ood_unseen_shape_crescent_zb02p9_E59p3;F3NCS_0325_ood_unseen_shape_lobed_zb01p6_E06p9;F3NCS_0326_ood_unseen_shape_lobed_zb06p1_E42p4;F3NCS_0327_ood_unseen_shape_crescent_zb03p1_E14p7;F3NCS_0328_ood_unseen_shape_lobed_zb03p1_E29p3;F3NCS_0329_ood_unseen_shape_lobed_zb05p7_E08p7;F3NCS_0330_ood_unseen_shape_lobed_zb02p8_E92p0;F3NCS_0331_ood_unseen_shape_crescent_zb03p2_E14p3;F3NCS_0332_ood_unseen_shape_lobed_zb02p8_E45p3;F3NCS_0333_ood_unseen_shape_lobed_zb03p4_E06p5;F3NCS_0334_ood_unseen_shape_crescent_zb03p1_E53p0;F3NCS_0335_ood_unseen_shape_crescent_zb02p9_E84p2;F3NCS_0336_ood_unseen_shape_crescent_zb07p2_E64p1;F3NCS_0337_ood_unseen_shape_lobed_zb03p4_E11p4;F3NCS_0338_ood_unseen_shape_crescent_zb06p8_E10p9;F3NCS_0339_ood_unseen_shape_lobed_zb04p2_E91p6;F3NCS_0340_ood_unseen_shape_crescent_zb03p8_E70p0;F3NCS_0341_ood_unseen_shape_lobed_zb04p9_E61p6;F3NCS_0342_ood_unseen_shape_crescent_zb05p1_E22p7;F3NCS_0343_ood_unseen_shape_lobed_zb07p1_E87p4;F3NCS_0344_ood_unseen_shape_crescent_zb03p6_E61p5;F3NCS_0345_ood_unseen_shape_crescent_zb06p9_E18p0;F3NCS_0346_ood_unseen_shape_lobed_zb01p8_E15p9;F3NCS_0347_ood_unseen_shape_lobed_zb02p8_E62p6;F3NCS_0348_ood_unseen_shape_lobed_zb05p0_E06p3;F3NCS_0349_ood_unseen_shape_lobed_zb03p4_E28p4;F3NCS_0350_ood_unseen_shape_lobed_zb06p0_E06p6;F3NCS_0351_ood_unseen_shape_crescent_zb06p3_E52p9;F3NCS_0352_ood_unseen_shape_lobed_zb05p6_E54p3;F3NCS_0353_ood_unseen_shape_lobed_zb02p2_E51p7;F3NCS_0354_ood_unseen_shape_crescent_zb05p4_E08p7;F3NCS_0355_ood_unseen_shape_crescent_zb07p5_E72p1;F3NCS_0356_ood_unseen_shape_lobed_zb07p8_E66p7;F3NCS_0357_ood_unseen_shape_lobed_zb03p8_E28p5;F3NCS_0358_ood_unseen_shape_lobed_zb05p7_E57p3;F3NCS_0359_ood_unseen_shape_crescent_zb07p1_E07p1;F3NCS_0360_ood_unseen_shape_lobed_zb06p1_E32p9;F3NCS_0361_ood_unseen_shape_crescent_zb07p0_E50p0;F3NCS_0362_ood_unseen_shape_lobed_zb07p0_E43p7;F3NCS_0363_ood_unseen_shape_crescent_zb04p4_E39p7;F3NCS_0364_ood_unseen_shape_lobed_zb03p1_E17p5;F3NCS_0365_ood_unseen_shape_crescent_zb04p6_E10p8;F3NCS_0366_ood_unseen_shape_crescent_zb01p4_E56p2;F3NCS_0367_ood_unseen_shape_crescent_zb02p6_E36p5;F3NCS_0368_ood_unseen_shape_crescent_zb03p1_E21p0;F3NCS_0369_ood_unseen_shape_lobed_zb02p7_E27p1;F3NCS_0370_ood_unseen_shape_crescent_zb07p7_E18p8;F3NCS_0371_ood_unseen_shape_lobed_zb02p8_E27p5;F3NCS_0372_ood_unseen_shape_lobed_zb02p3_E06p5;F3NCS_0373_ood_unseen_shape_lobed_zb04p9_E07p7;F3NCS_0374_ood_unseen_shape_lobed_zb07p3_E27p3;F3NCS_0375_ood_unseen_shape_crescent_zb03p4_E11p6;F3NCS_0376_ood_unseen_shape_crescent_zb04p0_E26p7;F3NCS_0377_ood_unseen_shape_crescent_zb06p5_E40p4;F3NCS_0378_ood_unseen_shape_crescent_zb05p4_E79p9;F3NCS_0379_ood_unseen_shape_crescent_zb06p4_E88p5;F3NCS_0380_ood_unseen_shape_lobed_zb03p5_E55p6;F3NCS_0381_ood_unseen_shape_crescent_zb04p9_E14p7;F3NCS_0382_ood_unseen_shape_crescent_zb05p9_E48p6;F3NCS_0383_ood_unseen_shape_crescent_zb05p4_E08p3,method2b_512_full_comsol_colab_cuda,fig3_true_ood,4,split_role/ood_split_family,ood_unseen_shape,230,38,64,,,,,,,,,,,,,,,,,,
H:\My Drive\MN_simulation\outputs\rspi_joint_052026\method2b_512_five_seed_ood_full512_20260611\seed_2\posterior\rspi_posterior_metrics.csv,2,srcnn_bz_single_channel,0.1207216084003448,0.2104487673584241,13.537072273206546,0.148249302059412,4.081739902496338,12.745946501601193,0.3108694974992098,64,F3NCS_0320_ood_unseen_shape_lobed_zb03p8_E09p9;F3NCS_0321_ood_unseen_shape_crescent_zb03p5_E06p5;F3NCS_0322_ood_unseen_shape_crescent_zb07p2_E76p5;F3NCS_0323_ood_unseen_shape_crescent_zb03p5_E10p3;F3NCS_0324_ood_unseen_shape_crescent_zb02p9_E59p3;F3NCS_0325_ood_unseen_shape_lobed_zb01p6_E06p9;F3NCS_0326_ood_unseen_shape_lobed_zb06p1_E42p4;F3NCS_0327_ood_unseen_shape_crescent_zb03p1_E14p7;F3NCS_0328_ood_unseen_shape_lobed_zb03p1_E29p3;F3NCS_0329_ood_unseen_shape_lobed_zb05p7_E08p7;F3NCS_0330_ood_unseen_shape_lobed_zb02p8_E92p0;F3NCS_0331_ood_unseen_shape_crescent_zb03p2_E14p3;F3NCS_0332_ood_unseen_shape_lobed_zb02p8_E45p3;F3NCS_0333_ood_unseen_shape_lobed_zb03p4_E06p5;F3NCS_0334_ood_unseen_shape_crescent_zb03p1_E53p0;F3NCS_0335_ood_unseen_shape_crescent_zb02p9_E84p2;F3NCS_0336_ood_unseen_shape_crescent_zb07p2_E64p1;F3NCS_0337_ood_unseen_shape_lobed_zb03p4_E11p4;F3NCS_0338_ood_unseen_shape_crescent_zb06p8_E10p9;F3NCS_0339_ood_unseen_shape_lobed_zb04p2_E91p6;F3NCS_0340_ood_unseen_shape_crescent_zb03p8_E70p0;F3NCS_0341_ood_unseen_shape_lobed_zb04p9_E61p6;F3NCS_0342_ood_unseen_shape_crescent_zb05p1_E22p7;F3NCS_0343_ood_unseen_shape_lobed_zb07p1_E87p4;F3NCS_0344_ood_unseen_shape_crescent_zb03p6_E61p5;F3NCS_0345_ood_unseen_shape_crescent_zb06p9_E18p0;F3NCS_0346_ood_unseen_shape_lobed_zb01p8_E15p9;F3NCS_0347_ood_unseen_shape_lobed_zb02p8_E62p6;F3NCS_0348_ood_unseen_shape_lobed_zb05p0_E06p3;F3NCS_0349_ood_unseen_shape_lobed_zb03p4_E28p4;F3NCS_0350_ood_unseen_shape_lobed_zb06p0_E06p6;F3NCS_0351_ood_unseen_shape_crescent_zb06p3_E52p9;F3NCS_0352_ood_unseen_shape_lobed_zb05p6_E54p3;F3NCS_0353_ood_unseen_shape_lobed_zb02p2_E51p7;F3NCS_0354_ood_unseen_shape_crescent_zb05p4_E08p7;F3NCS_0355_ood_unseen_shape_crescent_zb07p5_E72p1;F3NCS_0356_ood_unseen_shape_lobed_zb07p8_E66p7;F3NCS_0357_ood_unseen_shape_lobed_zb03p8_E28p5;F3NCS_0358_ood_unseen_shape_lobed_zb05p7_E57p3;F3NCS_0359_ood_unseen_shape_crescent_zb07p1_E07p1;F3NCS_0360_ood_unseen_shape_lobed_zb06p1_E32p9;F3NCS_0361_ood_unseen_shape_crescent_zb07p0_E50p0;F3NCS_0362_ood_unseen_shape_lobed_zb07p0_E43p7;F3NCS_0363_ood_unseen_shape_crescent_zb04p4_E39p7;F3NCS_0364_ood_unseen_shape_lobed_zb03p1_E17p5;F3NCS_0365_ood_unseen_shape_crescent_zb04p6_E10p8;F3NCS_0366_ood_unseen_shape_crescent_zb01p4_E56p2;F3NCS_0367_ood_unseen_shape_crescent_zb02p6_E36p5;F3NCS_0368_ood_unseen_shape_crescent_zb03p1_E21p0;F3NCS_0369_ood_unseen_shape_lobed_zb02p7_E27p1;F3NCS_0370_ood_unseen_shape_crescent_zb07p7_E18p8;F3NCS_0371_ood_unseen_shape_lobed_zb02p8_E27p5;F3NCS_0372_ood_unseen_shape_lobed_zb02p3_E06p5;F3NCS_0373_ood_unseen_shape_lobed_zb04p9_E07p7;F3NCS_0374_ood_unseen_shape_lobed_zb07p3_E27p3;F3NCS_0375_ood_unseen_shape_crescent_zb03p4_E11p6;F3NCS_0376_ood_unseen_shape_crescent_zb04p0_E26p7;F3NCS_0377_ood_unseen_shape_crescent_zb06p5_E40p4;F3NCS_0378_ood_unseen_shape_crescent_zb05p4_E79p9;F3NCS_0379_ood_unseen_shape_crescent_zb06p4_E88p5;F3NCS_0380_ood_unseen_shape_lobed_zb03p5_E55p6;F3NCS_0381_ood_unseen_shape_crescent_zb04p9_E14p7;F3NCS_0382_ood_unseen_shape_crescent_zb05p9_E48p6;F3NCS_0383_ood_unseen_shape_crescent_zb05p4_E08p3,method2b_512_full_comsol_colab_cuda,fig3_true_ood,4,split_role/ood_split_family,ood_unseen_shape,230,38,64,0.120721623301506,0.0,0.0,0.0,0.0,0.0,0.0,0.0,0.0,,0.5,0.2076731746465833,20767317.46465833,0.0870610334916276,0.1237144470214843,0.0,,
H:\My Drive\MN_simulation\outputs\rspi_joint_052026\method2b_512_five_seed_ood_full512_20260611\seed_2\posterior\rspi_posterior_metrics.csv,2,unet_canonical_bxyz,0.0880302190780639,0.179269730002824,14.92986071210808,0.3388574298005551,3.447742462158203,11.515406364528973,0.4594256529644026,64,F3NCS_0320_ood_unseen_shape_lobed_zb03p8_E09p9;F3NCS_0321_ood_unseen_shape_crescent_zb03p5_E06p5;F3NCS_0322_ood_unseen_shape_crescent_zb07p2_E76p5;F3NCS_0323_ood_unseen_shape_crescent_zb03p5_E10p3;F3NCS_0324_ood_unseen_shape_crescent_zb02p9_E59p3;F3NCS_0325_ood_unseen_shape_lobed_zb01p6_E06p9;F3NCS_0326_ood_unseen_shape_lobed_zb06p1_E42p4;F3NCS_0327_ood_unseen_shape_crescent_zb03p1_E14p7;F3NCS_0328_ood_unseen_shape_lobed_zb03p1_E29p3;F3NCS_0329_ood_unseen_shape_lobed_zb05p7_E08p7;F3NCS_0330_ood_unseen_shape_lobed_zb02p8_E92p0;F3NCS_0331_ood_unseen_shape_crescent_zb03p2_E14p3;F3NCS_0332_ood_unseen_shape_lobed_zb02p8_E45p3;F3NCS_0333_ood_unseen_shape_lobed_zb03p4_E06p5;F3NCS_0334_ood_unseen_shape_crescent_zb03p1_E53p0;F3NCS_0335_ood_unseen_shape_crescent_zb02p9_E84p2;F3NCS_0336_ood_unseen_shape_crescent_zb07p2_E64p1;F3NCS_0337_ood_unseen_shape_lobed_zb03p4_E11p4;F3NCS_0338_ood_unseen_shape_crescent_zb06p8_E10p9;F3NCS_0339_ood_unseen_shape_lobed_zb04p2_E91p6;F3NCS_0340_ood_unseen_shape_crescent_zb03p8_E70p0;F3NCS_0341_ood_unseen_shape_lobed_zb04p9_E61p6;F3NCS_0342_ood_unseen_shape_crescent_zb05p1_E22p7;F3NCS_0343_ood_unseen_shape_lobed_zb07p1_E87p4;F3NCS_0344_ood_unseen_shape_crescent_zb03p6_E61p5;F3NCS_0345_ood_unseen_shape_crescent_zb06p9_E18p0;F3NCS_0346_ood_unseen_shape_lobed_zb01p8_E15p9;F3NCS_0347_ood_unseen_shape_lobed_zb02p8_E62p6;F3NCS_0348_ood_unseen_shape_lobed_zb05p0_E06p3;F3NCS_0349_ood_unseen_shape_lobed_zb03p4_E28p4;F3NCS_0350_ood_unseen_shape_lobed_zb06p0_E06p6;F3NCS_0351_ood_unseen_shape_crescent_zb06p3_E52p9;F3NCS_0352_ood_unseen_shape_lobed_zb05p6_E54p3;F3NCS_0353_ood_unseen_shape_lobed_zb02p2_E51p7;F3NCS_0354_ood_unseen_shape_crescent_zb05p4_E08p7;F3NCS_0355_ood_unseen_shape_crescent_zb07p5_E72p1;F3NCS_0356_ood_unseen_shape_lobed_zb07p8_E66p7;F3NCS_0357_ood_unseen_shape_lobed_zb03p8_E28p5;F3NCS_0358_ood_unseen_shape_lobed_zb05p7_E57p3;F3NCS_0359_ood_unseen_shape_crescent_zb07p1_E07p1;F3NCS_0360_ood_unseen_shape_lobed_zb06p1_E32p9;F3NCS_0361_ood_unseen_shape_crescent_zb07p0_E50p0;F3NCS_0362_ood_unseen_shape_lobed_zb07p0_E43p7;F3NCS_0363_ood_unseen_shape_crescent_zb04p4_E39p7;F3NCS_0364_ood_unseen_shape_lobed_zb03p1_E17p5;F3NCS_0365_ood_unseen_shape_crescent_zb04p6_E10p8;F3NCS_0366_ood_unseen_shape_crescent_zb01p4_E56p2;F3NCS_0367_ood_unseen_shape_crescent_zb02p6_E36p5;F3NCS_0368_ood_unseen_shape_crescent_zb03p1_E21p0;F3NCS_0369_ood_unseen_shape_lobed_zb02p7_E27p1;F3NCS_0370_ood_unseen_shape_crescent_zb07p7_E18p8;F3NCS_0371_ood_unseen_shape_lobed_zb02p8_E27p5;F3NCS_0372_ood_unseen_shape_lobed_zb02p3_E06p5;F3NCS_0373_ood_unseen_shape_lobed_zb04p9_E07p7;F3NCS_0374_ood_unseen_shape_lobed_zb07p3_E27p3;F3NCS_0375_ood_unseen_shape_crescent_zb03p4_E11p6;F3NCS_0376_ood_unseen_shape_crescent_zb04p0_E26p7;F3NCS_0377_ood_unseen_shape_crescent_zb06p5_E40p4;F3NCS_0378_ood_unseen_shape_crescent_zb05p4_E79p9;F3NCS_0379_ood_unseen_shape_crescent_zb06p4_E88p5;F3NCS_0380_ood_unseen_shape_lobed_zb03p5_E55p6;F3NCS_0381_ood_unseen_shape_crescent_zb04p9_E14p7;F3NCS_0382_ood_unseen_shape_crescent_zb05p9_E48p6;F3NCS_0383_ood_unseen_shape_crescent_zb05p4_E08p3,method2b_512_full_comsol_colab_cuda,fig3_true_ood,4,split_role/ood_split_family,ood_unseen_shape,230,38,64,0.0880302190780639,0.0,0.0,0.0,0.0,0.0,0.0,0.0,0.0,,0.5,0.1762499769979718,17624997.69979718,0.0687663095947581,0.1079635620117187,0.0,,
H:\My Drive\MN_simulation\outputs\rspi_joint_052026\method2b_512_five_seed_ood_full512_20260611\seed_2\posterior\rspi_posterior_metrics.csv,2,vanilla_diffusion,0.438427209854126,0.4483991028300318,6.96670530050455,0.0285289065723191,12.308246612548828,14.862325958952598,0.2394217843913742,64,F3NCS_0320_ood_unseen_shape_lobed_zb03p8_E09p9;F3NCS_0321_ood_unseen_shape_crescent_zb03p5_E06p5;F3NCS_0322_ood_unseen_shape_crescent_zb07p2_E76p5;F3NCS_0323_ood_unseen_shape_crescent_zb03p5_E10p3;F3NCS_0324_ood_unseen_shape_crescent_zb02p9_E59p3;F3NCS_0325_ood_unseen_shape_lobed_zb01p6_E06p9;F3NCS_0326_ood_unseen_shape_lobed_zb06p1_E42p4;F3NCS_0327_ood_unseen_shape_crescent_zb03p1_E14p7;F3NCS_0328_ood_unseen_shape_lobed_zb03p1_E29p3;F3NCS_0329_ood_unseen_shape_lobed_zb05p7_E08p7;F3NCS_0330_ood_unseen_shape_lobed_zb02p8_E92p0;F3NCS_0331_ood_unseen_shape_crescent_zb03p2_E14p3;F3NCS_0332_ood_unseen_shape_lobed_zb02p8_E45p3;F3NCS_0333_ood_unseen_shape_lobed_zb03p4_E06p5;F3NCS_0334_ood_unseen_shape_crescent_zb03p1_E53p0;F3NCS_0335_ood_unseen_shape_crescent_zb02p9_E84p2;F3NCS_0336_ood_unseen_shape_crescent_zb07p2_E64p1;F3NCS_0337_ood_unseen_shape_lobed_zb03p4_E11p4;F3NCS_0338_ood_unseen_shape_crescent_zb06p8_E10p9;F3NCS_0339_ood_unseen_shape_lobed_zb04p2_E91p6;F3NCS_0340_ood_unseen_shape_crescent_zb03p8_E70p0;F3NCS_0341_ood_unseen_shape_lobed_zb04p9_E61p6;F3NCS_0342_ood_unseen_shape_crescent_zb05p1_E22p7;F3NCS_0343_ood_unseen_shape_lobed_zb07p1_E87p4;F3NCS_0344_ood_unseen_shape_crescent_zb03p6_E61p5;F3NCS_0345_ood_unseen_shape_crescent_zb06p9_E18p0;F3NCS_0346_ood_unseen_shape_lobed_zb01p8_E15p9;F3NCS_0347_ood_unseen_shape_lobed_zb02p8_E62p6;F3NCS_0348_ood_unseen_shape_lobed_zb05p0_E06p3;F3NCS_0349_ood_unseen_shape_lobed_zb03p4_E28p4;F3NCS_0350_ood_unseen_shape_lobed_zb06p0_E06p6;F3NCS_0351_ood_unseen_shape_crescent_zb06p3_E52p9;F3NCS_0352_ood_unseen_shape_lobed_zb05p6_E54p3;F3NCS_0353_ood_unseen_shape_lobed_zb02p2_E51p7;F3NCS_0354_ood_unseen_shape_crescent_zb05p4_E08p7;F3NCS_0355_ood_unseen_shape_crescent_zb07p5_E72p1;F3NCS_0356_ood_unseen_shape_lobed_zb07p8_E66p7;F3NCS_0357_ood_unseen_shape_lobed_zb03p8_E28p5;F3NCS_0358_ood_unseen_shape_lobed_zb05p7_E57p3;F3NCS_0359_ood_unseen_shape_crescent_zb07p1_E07p1;F3NCS_0360_ood_unseen_shape_lobed_zb06p1_E32p9;F3NCS_0361_ood_unseen_shape_crescent_zb07p0_E50p0;F3NCS_0362_ood_unseen_shape_lobed_zb07p0_E43p7;F3NCS_0363_ood_unseen_shape_crescent_zb04p4_E39p7;F3NCS_0364_ood_unseen_shape_lobed_zb03p1_E17p5;F3NCS_0365_ood_unseen_shape_crescent_zb04p6_E10p8;F3NCS_0366_ood_unseen_shape_crescent_zb01p4_E56p2;F3NCS_0367_ood_unseen_shape_crescent_zb02p6_E36p5;F3NCS_0368_ood_unseen_shape_crescent_zb03p1_E21p0;F3NCS_0369_ood_unseen_shape_lobed_zb02p7_E27p1;F3NCS_0370_ood_unseen_shape_crescent_zb07p7_E18p8;F3NCS_0371_ood_unseen_shape_lobed_zb02p8_E27p5;F3NCS_0372_ood_unseen_shape_lobed_zb02p3_E06p5;F3NCS_0373_ood_unseen_shape_lobed_zb04p9_E07p7;F3NCS_0374_ood_unseen_shape_lobed_zb07p3_E27p3;F3NCS_0375_ood_unseen_shape_crescent_zb03p4_E11p6;F3NCS_0376_ood_unseen_shape_crescent_zb04p0_E26p7;F3NCS_0377_ood_unseen_shape_crescent_zb06p5_E40p4;F3NCS_0378_ood_unseen_shape_crescent_zb05p4_E79p9;F3NCS_0379_ood_unseen_shape_crescent_zb06p4_E88p5;F3NCS_0380_ood_unseen_shape_lobed_zb03p5_E55p6;F3NCS_0381_ood_unseen_shape_crescent_zb04p9_E14p7;F3NCS_0382_ood_unseen_shape_crescent_zb05p9_E48p6;F3NCS_0383_ood_unseen_shape_crescent_zb05p4_E08p3,method2b_512_full_comsol_colab_cuda,fig3_true_ood,4,split_role/ood_split_family,ood_unseen_shape,230,38,64,,,,,,,,,,,,,,,,0.0939543396234512,64.0,
H:\My Drive\MN_simulation\outputs\rspi_joint_052026\method2b_512_five_seed_ood_full512_20260611\seed_2\posterior\rspi_posterior_metrics.csv,2,prior_init_diffusion_unet,0.0903322398662567,0.1795501806240187,14.916283072916311,0.1798117025755345,3.4654455184936523,11.539317712563614,0.4562424610079222,64,F3NCS_0320_ood_unseen_shape_lobed_zb03p8_E09p9;F3NCS_0321_ood_unseen_shape_crescent_zb03p5_E06p5;F3NCS_0322_ood_unseen_shape_crescent_zb07p2_E76p5;F3NCS_0323_ood_unseen_shape_crescent_zb03p5_E10p3;F3NCS_0324_ood_unseen_shape_crescent_zb02p9_E59p3;F3NCS_0325_ood_unseen_shape_lobed_zb01p6_E06p9;F3NCS_0326_ood_unseen_shape_lobed_zb06p1_E42p4;F3NCS_0327_ood_unseen_shape_crescent_zb03p1_E14p7;F3NCS_0328_ood_unseen_shape_lobed_zb03p1_E29p3;F3NCS_0329_ood_unseen_shape_lobed_zb05p7_E08p7;F3NCS_0330_ood_unseen_shape_lobed_zb02p8_E92p0;F3NCS_0331_ood_unseen_shape_crescent_zb03p2_E14p3;F3NCS_0332_ood_unseen_shape_lobed_zb02p8_E45p3;F3NCS_0333_ood_unseen_shape_lobed_zb03p4_E06p5;F3NCS_0334_ood_unseen_shape_crescent_zb03p1_E53p0;F3NCS_0335_ood_unseen_shape_crescent_zb02p9_E84p2;F3NCS_0336_ood_unseen_shape_crescent_zb07p2_E64p1;F3NCS_0337_ood_unseen_shape_lobed_zb03p4_E11p4;F3NCS_0338_ood_unseen_shape_crescent_zb06p8_E10p9;F3NCS_0339_ood_unseen_shape_lobed_zb04p2_E91p6;F3NCS_0340_ood_unseen_shape_crescent_zb03p8_E70p0;F3NCS_0341_ood_unseen_shape_lobed_zb04p9_E61p6;F3NCS_0342_ood_unseen_shape_crescent_zb05p1_E22p7;F3NCS_0343_ood_unseen_shape_lobed_zb07p1_E87p4;F3NCS_0344_ood_unseen_shape_crescent_zb03p6_E61p5;F3NCS_0345_ood_unseen_shape_crescent_zb06p9_E18p0;F3NCS_0346_ood_unseen_shape_lobed_zb01p8_E15p9;F3NCS_0347_ood_unseen_shape_lobed_zb02p8_E62p6;F3NCS_0348_ood_unseen_shape_lobed_zb05p0_E06p3;F3NCS_0349_ood_unseen_shape_lobed_zb03p4_E28p4;F3NCS_0350_ood_unseen_shape_lobed_zb06p0_E06p6;F3NCS_0351_ood_unseen_shape_crescent_zb06p3_E52p9;F3NCS_0352_ood_unseen_shape_lobed_zb05p6_E54p3;F3NCS_0353_ood_unseen_shape_lobed_zb02p2_E51p7;F3NCS_0354_ood_unseen_shape_crescent_zb05p4_E08p7;F3NCS_0355_ood_unseen_shape_crescent_zb07p5_E72p1;F3NCS_0356_ood_unseen_shape_lobed_zb07p8_E66p7;F3NCS_0357_ood_unseen_shape_lobed_zb03p8_E28p5;F3NCS_0358_ood_unseen_shape_lobed_zb05p7_E57p3;F3NCS_0359_ood_unseen_shape_crescent_zb07p1_E07p1;F3NCS_0360_ood_unseen_shape_lobed_zb06p1_E32p9;F3NCS_0361_ood_unseen_shape_crescent_zb07p0_E50p0;F3NCS_0362_ood_unseen_shape_lobed_zb07p0_E43p7;F3NCS_0363_ood_unseen_shape_crescent_zb04p4_E39p7;F3NCS_0364_ood_unseen_shape_lobed_zb03p1_E17p5;F3NCS_0365_ood_unseen_shape_crescent_zb04p6_E10p8;F3NCS_0366_ood_unseen_shape_crescent_zb01p4_E56p2;F3NCS_0367_ood_unseen_shape_crescent_zb02p6_E36p5;F3NCS_0368_ood_unseen_shape_crescent_zb03p1_E21p0;F3NCS_0369_ood_unseen_shape_lobed_zb02p7_E27p1;F3NCS_0370_ood_unseen_shape_crescent_zb07p7_E18p8;F3NCS_0371_ood_unseen_shape_lobed_zb02p8_E27p5;F3NCS_0372_ood_unseen_shape_lobed_zb02p3_E06p5;F3NCS_0373_ood_unseen_shape_lobed_zb04p9_E07p7;F3NCS_0374_ood_unseen_shape_lobed_zb07p3_E27p3;F3NCS_0375_ood_unseen_shape_crescent_zb03p4_E11p6;F3NCS_0376_ood_unseen_shape_crescent_zb04p0_E26p7;F3NCS_0377_ood_unseen_shape_crescent_zb06p5_E40p4;F3NCS_0378_ood_unseen_shape_crescent_zb05p4_E79p9;F3NCS_0379_ood_unseen_shape_crescent_zb06p4_E88p5;F3NCS_0380_ood_unseen_shape_lobed_zb03p5_E55p6;F3NCS_0381_ood_unseen_shape_crescent_zb04p9_E14p7;F3NCS_0382_ood_unseen_shape_crescent_zb05p9_E48p6;F3NCS_0383_ood_unseen_shape_crescent_zb05p4_E08p3,method2b_512_full_comsol_colab_cuda,fig3_true_ood,4,split_role/ood_split_family,ood_unseen_shape,230,38,64,0.0852419510483741,0.0031852722167968,0.0120254158973693,0.0059089660644531,0.0228207744657993,0.0079574584960937,0.0290701650083065,0.0127143859863281,0.034181997179985,0.7134040142340412,0.8123972267339854,0.1486987790566671,15.73802626527431,0.0168224235759564,0.1111639738082885,0.0091380886733531,,
H:\My Drive\MN_simulation\outputs\rspi_joint_052026\method2b_512_five_seed_ood_full512_20260611\seed_2\posterior\rspi_posterior_metrics.csv,2,residual_likelihood_guided_diffusion,0.0902808904647827,0.1795438938983916,14.916587203832762,0.1801967098144814,3.4645209312438965,11.539736883644704,0.4556619454176185,64,F3NCS_0320_ood_unseen_shape_lobed_zb03p8_E09p9;F3NCS_0321_ood_unseen_shape_crescent_zb03p5_E06p5;F3NCS_0322_ood_unseen_shape_crescent_zb07p2_E76p5;F3NCS_0323_ood_unseen_shape_crescent_zb03p5_E10p3;F3NCS_0324_ood_unseen_shape_crescent_zb02p9_E59p3;F3NCS_0325_ood_unseen_shape_lobed_zb01p6_E06p9;F3NCS_0326_ood_unseen_shape_lobed_zb06p1_E42p4;F3NCS_0327_ood_unseen_shape_crescent_zb03p1_E14p7;F3NCS_0328_ood_unseen_shape_lobed_zb03p1_E29p3;F3NCS_0329_ood_unseen_shape_lobed_zb05p7_E08p7;F3NCS_0330_ood_unseen_shape_lobed_zb02p8_E92p0;F3NCS_0331_ood_unseen_shape_crescent_zb03p2_E14p3;F3NCS_0332_ood_unseen_shape_lobed_zb02p8_E45p3;F3NCS_0333_ood_unseen_shape_lobed_zb03p4_E06p5;F3NCS_0334_ood_unseen_shape_crescent_zb03p1_E53p0;F3NCS_0335_ood_unseen_shape_crescent_zb02p9_E84p2;F3NCS_0336_ood_unseen_shape_crescent_zb07p2_E64p1;F3NCS_0337_ood_unseen_shape_lobed_zb03p4_E11p4;F3NCS_0338_ood_unseen_shape_crescent_zb06p8_E10p9;F3NCS_0339_ood_unseen_shape_lobed_zb04p2_E91p6;F3NCS_0340_ood_unseen_shape_crescent_zb03p8_E70p0;F3NCS_0341_ood_unseen_shape_lobed_zb04p9_E61p6;F3NCS_0342_ood_unseen_shape_crescent_zb05p1_E22p7;F3NCS_0343_ood_unseen_shape_lobed_zb07p1_E87p4;F3NCS_0344_ood_unseen_shape_crescent_zb03p6_E61p5;F3NCS_0345_ood_unseen_shape_crescent_zb06p9_E18p0;F3NCS_0346_ood_unseen_shape_lobed_zb01p8_E15p9;F3NCS_0347_ood_unseen_shape_lobed_zb02p8_E62p6;F3NCS_0348_ood_unseen_shape_lobed_zb05p0_E06p3;F3NCS_0349_ood_unseen_shape_lobed_zb03p4_E28p4;F3NCS_0350_ood_unseen_shape_lobed_zb06p0_E06p6;F3NCS_0351_ood_unseen_shape_crescent_zb06p3_E52p9;F3NCS_0352_ood_unseen_shape_lobed_zb05p6_E54p3;F3NCS_0353_ood_unseen_shape_lobed_zb02p2_E51p7;F3NCS_0354_ood_unseen_shape_crescent_zb05p4_E08p7;F3NCS_0355_ood_unseen_shape_crescent_zb07p5_E72p1;F3NCS_0356_ood_unseen_shape_lobed_zb07p8_E66p7;F3NCS_0357_ood_unseen_shape_lobed_zb03p8_E28p5;F3NCS_0358_ood_unseen_shape_lobed_zb05p7_E57p3;F3NCS_0359_ood_unseen_shape_crescent_zb07p1_E07p1;F3NCS_0360_ood_unseen_shape_lobed_zb06p1_E32p9;F3NCS_0361_ood_unseen_shape_crescent_zb07p0_E50p0;F3NCS_0362_ood_unseen_shape_lobed_zb07p0_E43p7;F3NCS_0363_ood_unseen_shape_crescent_zb04p4_E39p7;F3NCS_0364_ood_unseen_shape_lobed_zb03p1_E17p5;F3NCS_0365_ood_unseen_shape_crescent_zb04p6_E10p8;F3NCS_0366_ood_unseen_shape_crescent_zb01p4_E56p2;F3NCS_0367_ood_unseen_shape_crescent_zb02p6_E36p5;F3NCS_0368_ood_unseen_shape_crescent_zb03p1_E21p0;F3NCS_0369_ood_unseen_shape_lobed_zb02p7_E27p1;F3NCS_0370_ood_unseen_shape_crescent_zb07p7_E18p8;F3NCS_0371_ood_unseen_shape_lobed_zb02p8_E27p5;F3NCS_0372_ood_unseen_shape_lobed_zb02p3_E06p5;F3NCS_0373_ood_unseen_shape_lobed_zb04p9_E07p7;F3NCS_0374_ood_unseen_shape_lobed_zb07p3_E27p3;F3NCS_0375_ood_unseen_shape_crescent_zb03p4_E11p6;F3NCS_0376_ood_unseen_shape_crescent_zb04p0_E26p7;F3NCS_0377_ood_unseen_shape_crescent_zb06p5_E40p4;F3NCS_0378_ood_unseen_shape_crescent_zb05p4_E79p9;F3NCS_0379_ood_unseen_shape_crescent_zb06p4_E88p5;F3NCS_0380_ood_unseen_shape_lobed_zb03p5_E55p6;F3NCS_0381_ood_unseen_shape_crescent_zb04p9_E14p7;F3NCS_0382_ood_unseen_shape_crescent_zb05p9_E48p6;F3NCS_0383_ood_unseen_shape_crescent_zb05p4_E08p3,method2b_512_full_comsol_colab_cuda,fig3_true_ood,4,split_role/ood_split_family,ood_unseen_shape,230,38,64,0.0851853489875793,0.0031929016113281,0.0120379850268363,0.0060615539550781,0.0228518955409526,0.0079116821289062,0.0290981419384479,0.0125694274902343,0.0342185646295547,0.7134515232804156,0.8120202574998425,0.1485894126299551,15.712774351514549,0.0169866972101822,0.1111661791801452,0.0091473739594221,,
H:\My Drive\MN_simulation\outputs\rspi_joint_052026\method2b_512_five_seed_ood_full512_20260611\seed_2\posterior\rspi_posterior_metrics.csv,2,explicit_residual_target_diffusion,0.0942049324512481,0.179256388512494,14.930507151553812,0.2199253770522773,3.5026705265045166,11.540984389501224,0.4681324440750316,64,F3NCS_0320_ood_unseen_shape_lobed_zb03p8_E09p9;F3NCS_0321_ood_unseen_shape_crescent_zb03p5_E06p5;F3NCS_0322_ood_unseen_shape_crescent_zb07p2_E76p5;F3NCS_0323_ood_unseen_shape_crescent_zb03p5_E10p3;F3NCS_0324_ood_unseen_shape_crescent_zb02p9_E59p3;F3NCS_0325_ood_unseen_shape_lobed_zb01p6_E06p9;F3NCS_0326_ood_unseen_shape_lobed_zb06p1_E42p4;F3NCS_0327_ood_unseen_shape_crescent_zb03p1_E14p7;F3NCS_0328_ood_unseen_shape_lobed_zb03p1_E29p3;F3NCS_0329_ood_unseen_shape_lobed_zb05p7_E08p7;F3NCS_0330_ood_unseen_shape_lobed_zb02p8_E92p0;F3NCS_0331_ood_unseen_shape_crescent_zb03p2_E14p3;F3NCS_0332_ood_unseen_shape_lobed_zb02p8_E45p3;F3NCS_0333_ood_unseen_shape_lobed_zb03p4_E06p5;F3NCS_0334_ood_unseen_shape_crescent_zb03p1_E53p0;F3NCS_0335_ood_unseen_shape_crescent_zb02p9_E84p2;F3NCS_0336_ood_unseen_shape_crescent_zb07p2_E64p1;F3NCS_0337_ood_unseen_shape_lobed_zb03p4_E11p4;F3NCS_0338_ood_unseen_shape_crescent_zb06p8_E10p9;F3NCS_0339_ood_unseen_shape_lobed_zb04p2_E91p6;F3NCS_0340_ood_unseen_shape_crescent_zb03p8_E70p0;F3NCS_0341_ood_unseen_shape_lobed_zb04p9_E61p6;F3NCS_0342_ood_unseen_shape_crescent_zb05p1_E22p7;F3NCS_0343_ood_unseen_shape_lobed_zb07p1_E87p4;F3NCS_0344_ood_unseen_shape_crescent_zb03p6_E61p5;F3NCS_0345_ood_unseen_shape_crescent_zb06p9_E18p0;F3NCS_0346_ood_unseen_shape_lobed_zb01p8_E15p9;F3NCS_0347_ood_unseen_shape_lobed_zb02p8_E62p6;F3NCS_0348_ood_unseen_shape_lobed_zb05p0_E06p3;F3NCS_0349_ood_unseen_shape_lobed_zb03p4_E28p4;F3NCS_0350_ood_unseen_shape_lobed_zb06p0_E06p6;F3NCS_0351_ood_unseen_shape_crescent_zb06p3_E52p9;F3NCS_0352_ood_unseen_shape_lobed_zb05p6_E54p3;F3NCS_0353_ood_unseen_shape_lobed_zb02p2_E51p7;F3NCS_0354_ood_unseen_shape_crescent_zb05p4_E08p7;F3NCS_0355_ood_unseen_shape_crescent_zb07p5_E72p1;F3NCS_0356_ood_unseen_shape_lobed_zb07p8_E66p7;F3NCS_0357_ood_unseen_shape_lobed_zb03p8_E28p5;F3NCS_0358_ood_unseen_shape_lobed_zb05p7_E57p3;F3NCS_0359_ood_unseen_shape_crescent_zb07p1_E07p1;F3NCS_0360_ood_unseen_shape_lobed_zb06p1_E32p9;F3NCS_0361_ood_unseen_shape_crescent_zb07p0_E50p0;F3NCS_0362_ood_unseen_shape_lobed_zb07p0_E43p7;F3NCS_0363_ood_unseen_shape_crescent_zb04p4_E39p7;F3NCS_0364_ood_unseen_shape_lobed_zb03p1_E17p5;F3NCS_0365_ood_unseen_shape_crescent_zb04p6_E10p8;F3NCS_0366_ood_unseen_shape_crescent_zb01p4_E56p2;F3NCS_0367_ood_unseen_shape_crescent_zb02p6_E36p5;F3NCS_0368_ood_unseen_shape_crescent_zb03p1_E21p0;F3NCS_0369_ood_unseen_shape_lobed_zb02p7_E27p1;F3NCS_0370_ood_unseen_shape_crescent_zb07p7_E18p8;F3NCS_0371_ood_unseen_shape_lobed_zb02p8_E27p5;F3NCS_0372_ood_unseen_shape_lobed_zb02p3_E06p5;F3NCS_0373_ood_unseen_shape_lobed_zb04p9_E07p7;F3NCS_0374_ood_unseen_shape_lobed_zb07p3_E27p3;F3NCS_0375_ood_unseen_shape_crescent_zb03p4_E11p6;F3NCS_0376_ood_unseen_shape_crescent_zb04p0_E26p7;F3NCS_0377_ood_unseen_shape_crescent_zb06p5_E40p4;F3NCS_0378_ood_unseen_shape_crescent_zb05p4_E79p9;F3NCS_0379_ood_unseen_shape_crescent_zb06p4_E88p5;F3NCS_0380_ood_unseen_shape_lobed_zb03p5_E55p6;F3NCS_0381_ood_unseen_shape_crescent_zb04p9_E14p7;F3NCS_0382_ood_unseen_shape_crescent_zb05p9_E48p6;F3NCS_0383_ood_unseen_shape_crescent_zb05p4_E08p3,method2b_512_full_comsol_colab_cuda,fig3_true_ood,4,split_role/ood_split_family,ood_unseen_shape,230,38,64,0.0688942819833755,0.6388053894042969,0.0462520904839038,0.7526054382324219,0.1083071082830429,0.79388427734375,0.1613571643829345,0.8298187255859375,0.2170655727386474,0.8055015337204032,0.812620777923789,0.0999849326903596,2.015578802703824,0.0188963718634034,0.4054657220840454,0.0618275441229343,,0.7211633324623108
H:\My Drive\MN_simulation\outputs\rspi_joint_052026\method2b_512_five_seed_ood_full512_20260611\seed_3\posterior\rspi_posterior_metrics.csv,3,train_mean_prior,0.1440892666578292,0.2195225340582517,13.170417853325851,0.0332627339073671,4.060465335845947,11.480061371004568,,52,F3NCS_0009_iid_support_ellipse_zb07p3_E22p5;F3NCS_0010_iid_support_cylinder_zb06p1_E14p0;F3NCS_0019_iid_support_two_foci_zb05p4_E27p2;F3NCS_0021_iid_support_ellipse_zb05p6_E31p9;F3NCS_0023_iid_support_cylinder_zb05p0_E06p6;F3NCS_0027_iid_support_ellipse_zb02p3_E78p6;F3NCS_0035_iid_support_ellipse_zb02p8_E30p8;F3NCS_0037_iid_support_ellipse_zb08p0_E07p6;F3NCS_0044_iid_support_ellipse_zb07p2_E08p4;F3NCS_0079_iid_support_cylinder_zb04p3_E13p0;F3NCS_0081_iid_support_ellipse_zb05p9_E06p8;F3NCS_0089_iid_support_cylinder_zb05p4_E08p5;F3NCS_0091_iid_support_two_foci_zb03p9_E39p0;F3NCS_0097_iid_support_cylinder_zb06p3_E18p9;F3NCS_0100_iid_support_cylinder_zb03p6_E34p7;F3NCS_0104_iid_support_ellipse_zb03p3_E52p9;F3NCS_0111_iid_support_ellipse_zb03p7_E19p4;F3NCS_0125_iid_support_cylinder_zb06p4_E14p2;F3NCS_0128_iid_support_two_foci_zb02p9_E23p9;F3NCS_0131_iid_support_ellipse_zb05p4_E74p1;F3NCS_0132_iid_support_cylinder_zb07p9_E08p3;F3NCS_0139_iid_support_two_foci_zb03p2_E25p1;F3NCS_0141_iid_support_cylinder_zb01p5_E37p1;F3NCS_0142_iid_support_two_foci_zb05p0_E19p6;F3NCS_0146_iid_support_two_foci_zb04p1_E20p6;F3NCS_0149_iid_support_cylinder_zb03p2_E32p2;F3NCS_0155_iid_support_ellipse_zb06p3_E24p5;F3NCS_0158_iid_support_cylinder_zb05p7_E11p3;F3NCS_0161_iid_support_ellipse_zb01p6_E25p7;F3NCS_0162_iid_support_ellipse_zb03p2_E17p6;F3NCS_0163_iid_support_two_foci_zb06p0_E08p1;F3NCS_0165_iid_support_ellipse_zb04p1_E25p8;F3NCS_0179_iid_support_two_foci_zb03p8_E90p2;F3NCS_0183_iid_support_cylinder_zb06p6_E10p9;F3NCS_0184_iid_support_cylinder_zb03p7_E17p7;F3NCS_0188_iid_support_cylinder_zb02p6_E41p7;F3NCS_0198_iid_support_cylinder_zb05p9_E17p9;F3NCS_0199_iid_support_ellipse_zb06p2_E37p7;F3NCS_0202_iid_support_cylinder_zb03p7_E57p3;F3NCS_0220_iid_support_two_foci_zb02p4_E32p0;F3NCS_0223_iid_support_two_foci_zb05p1_E52p3;F3NCS_0239_iid_support_ellipse_zb02p9_E06p8;F3NCS_0262_iid_support_ellipse_zb05p7_E60p2;F3NCS_0272_iid_support_ellipse_zb02p7_E33p6;F3NCS_0278_iid_support_ellipse_zb02p1_E44p7;F3NCS_0284_iid_support_ellipse_zb03p7_E68p9;F3NCS_0288_iid_support_cylinder_zb03p9_E35p1;F3NCS_0296_iid_support_cylinder_zb06p2_E15p6;F3NCS_0300_iid_support_ellipse_zb07p6_E67p9;F3NCS_0306_iid_support_ellipse_zb04p6_E40p2;F3NCS_0315_iid_support_ellipse_zb08p0_E09p3;F3NCS_0316_iid_support_two_foci_zb02p8_E06p3,method2b_512_full_comsol_colab_cuda,fig3_true_ood,0,split_role/ood_split_family,iid_test,230,38,52,,,,,,,,,,,,,,,,,,
H:\My Drive\MN_simulation\outputs\rspi_joint_052026\method2b_512_five_seed_ood_full512_20260611\seed_3\posterior\rspi_posterior_metrics.csv,3,srcnn_bz_single_channel,0.1137357279658317,0.2043718255231039,13.791579515485235,0.1861563227497614,3.7033731937408447,11.090818549751663,0.3350537923981078,52,F3NCS_0009_iid_support_ellipse_zb07p3_E22p5;F3NCS_0010_iid_support_cylinder_zb06p1_E14p0;F3NCS_0019_iid_support_two_foci_zb05p4_E27p2;F3NCS_0021_iid_support_ellipse_zb05p6_E31p9;F3NCS_0023_iid_support_cylinder_zb05p0_E06p6;F3NCS_0027_iid_support_ellipse_zb02p3_E78p6;F3NCS_0035_iid_support_ellipse_zb02p8_E30p8;F3NCS_0037_iid_support_ellipse_zb08p0_E07p6;F3NCS_0044_iid_support_ellipse_zb07p2_E08p4;F3NCS_0079_iid_support_cylinder_zb04p3_E13p0;F3NCS_0081_iid_support_ellipse_zb05p9_E06p8;F3NCS_0089_iid_support_cylinder_zb05p4_E08p5;F3NCS_0091_iid_support_two_foci_zb03p9_E39p0;F3NCS_0097_iid_support_cylinder_zb06p3_E18p9;F3NCS_0100_iid_support_cylinder_zb03p6_E34p7;F3NCS_0104_iid_support_ellipse_zb03p3_E52p9;F3NCS_0111_iid_support_ellipse_zb03p7_E19p4;F3NCS_0125_iid_support_cylinder_zb06p4_E14p2;F3NCS_0128_iid_support_two_foci_zb02p9_E23p9;F3NCS_0131_iid_support_ellipse_zb05p4_E74p1;F3NCS_0132_iid_support_cylinder_zb07p9_E08p3;F3NCS_0139_iid_support_two_foci_zb03p2_E25p1;F3NCS_0141_iid_support_cylinder_zb01p5_E37p1;F3NCS_0142_iid_support_two_foci_zb05p0_E19p6;F3NCS_0146_iid_support_two_foci_zb04p1_E20p6;F3NCS_0149_iid_support_cylinder_zb03p2_E32p2;F3NCS_0155_iid_support_ellipse_zb06p3_E24p5;F3NCS_0158_iid_support_cylinder_zb05p7_E11p3;F3NCS_0161_iid_support_ellipse_zb01p6_E25p7;F3NCS_0162_iid_support_ellipse_zb03p2_E17p6;F3NCS_0163_iid_support_two_foci_zb06p0_E08p1;F3NCS_0165_iid_support_ellipse_zb04p1_E25p8;F3NCS_0179_iid_support_two_foci_zb03p8_E90p2;F3NCS_0183_iid_support_cylinder_zb06p6_E10p9;F3NCS_0184_iid_support_cylinder_zb03p7_E17p7;F3NCS_0188_iid_support_cylinder_zb02p6_E41p7;F3NCS_0198_iid_support_cylinder_zb05p9_E17p9;F3NCS_0199_iid_support_ellipse_zb06p2_E37p7;F3NCS_0202_iid_support_cylinder_zb03p7_E57p3;F3NCS_0220_iid_support_two_foci_zb02p4_E32p0;F3NCS_0223_iid_support_two_foci_zb05p1_E52p3;F3NCS_0239_iid_support_ellipse_zb02p9_E06p8;F3NCS_0262_iid_support_ellipse_zb05p7_E60p2;F3NCS_0272_iid_support_ellipse_zb02p7_E33p6;F3NCS_0278_iid_support_ellipse_zb02p1_E44p7;F3NCS_0284_iid_support_ellipse_zb03p7_E68p9;F3NCS_0288_iid_support_cylinder_zb03p9_E35p1;F3NCS_0296_iid_support_cylinder_zb06p2_E15p6;F3NCS_0300_iid_support_ellipse_zb07p6_E67p9;F3NCS_0306_iid_support_ellipse_zb04p6_E40p2;F3NCS_0315_iid_support_ellipse_zb08p0_E09p3;F3NCS_0316_iid_support_two_foci_zb02p8_E06p3,method2b_512_full_comsol_colab_cuda,fig3_true_ood,0,split_role/ood_split_family,iid_test,230,38,52,0.1137357205152511,0.0,0.0,0.0,0.0,0.0,0.0,0.0,0.0,,0.5,0.2025225458736531,20252254.587365307,0.0940302884962132,0.1430006772279739,0.0,,
H:\My Drive\MN_simulation\outputs\rspi_joint_052026\method2b_512_five_seed_ood_full512_20260611\seed_3\posterior\rspi_posterior_metrics.csv,3,unet_canonical_bxyz,0.0715591982007026,0.1536951403516306,16.26679728264484,0.4213252359857926,2.8200526237487797,9.070918941020825,0.5511784810370972,52,F3NCS_0009_iid_support_ellipse_zb07p3_E22p5;F3NCS_0010_iid_support_cylinder_zb06p1_E14p0;F3NCS_0019_iid_support_two_foci_zb05p4_E27p2;F3NCS_0021_iid_support_ellipse_zb05p6_E31p9;F3NCS_0023_iid_support_cylinder_zb05p0_E06p6;F3NCS_0027_iid_support_ellipse_zb02p3_E78p6;F3NCS_0035_iid_support_ellipse_zb02p8_E30p8;F3NCS_0037_iid_support_ellipse_zb08p0_E07p6;F3NCS_0044_iid_support_ellipse_zb07p2_E08p4;F3NCS_0079_iid_support_cylinder_zb04p3_E13p0;F3NCS_0081_iid_support_ellipse_zb05p9_E06p8;F3NCS_0089_iid_support_cylinder_zb05p4_E08p5;F3NCS_0091_iid_support_two_foci_zb03p9_E39p0;F3NCS_0097_iid_support_cylinder_zb06p3_E18p9;F3NCS_0100_iid_support_cylinder_zb03p6_E34p7;F3NCS_0104_iid_support_ellipse_zb03p3_E52p9;F3NCS_0111_iid_support_ellipse_zb03p7_E19p4;F3NCS_0125_iid_support_cylinder_zb06p4_E14p2;F3NCS_0128_iid_support_two_foci_zb02p9_E23p9;F3NCS_0131_iid_support_ellipse_zb05p4_E74p1;F3NCS_0132_iid_support_cylinder_zb07p9_E08p3;F3NCS_0139_iid_support_two_foci_zb03p2_E25p1;F3NCS_0141_iid_support_cylinder_zb01p5_E37p1;F3NCS_0142_iid_support_two_foci_zb05p0_E19p6;F3NCS_0146_iid_support_two_foci_zb04p1_E20p6;F3NCS_0149_iid_support_cylinder_zb03p2_E32p2;F3NCS_0155_iid_support_ellipse_zb06p3_E24p5;F3NCS_0158_iid_support_cylinder_zb05p7_E11p3;F3NCS_0161_iid_support_ellipse_zb01p6_E25p7;F3NCS_0162_iid_support_ellipse_zb03p2_E17p6;F3NCS_0163_iid_support_two_foci_zb06p0_E08p1;F3NCS_0165_iid_support_ellipse_zb04p1_E25p8;F3NCS_0179_iid_support_two_foci_zb03p8_E90p2;F3NCS_0183_iid_support_cylinder_zb06p6_E10p9;F3NCS_0184_iid_support_cylinder_zb03p7_E17p7;F3NCS_0188_iid_support_cylinder_zb02p6_E41p7;F3NCS_0198_iid_support_cylinder_zb05p9_E17p9;F3NCS_0199_iid_support_ellipse_zb06p2_E37p7;F3NCS_0202_iid_support_cylinder_zb03p7_E57p3;F3NCS_0220_iid_support_two_foci_zb02p4_E32p0;F3NCS_0223_iid_support_two_foci_zb05p1_E52p3;F3NCS_0239_iid_support_ellipse_zb02p9_E06p8;F3NCS_0262_iid_support_ellipse_zb05p7_E60p2;F3NCS_0272_iid_support_ellipse_zb02p7_E33p6;F3NCS_0278_iid_support_ellipse_zb02p1_E44p7;F3NCS_0284_iid_support_ellipse_zb03p7_E68p9;F3NCS_0288_iid_support_cylinder_zb03p9_E35p1;F3NCS_0296_iid_support_cylinder_zb06p2_E15p6;F3NCS_0300_iid_support_ellipse_zb07p6_E67p9;F3NCS_0306_iid_support_ellipse_zb04p6_E40p2;F3NCS_0315_iid_support_ellipse_zb08p0_E09p3;F3NCS_0316_iid_support_two_foci_zb02p8_E06p3,method2b_512_full_comsol_colab_cuda,fig3_true_ood,0,split_role/ood_split_family,iid_test,230,38,52,0.0715591982007026,0.0,0.0,0.0,0.0,0.0,0.0,0.0,0.0,,0.5,0.1518641249943836,15186412.499438366,0.0624066220569199,0.1079289391636848,0.0,,
H:\My Drive\MN_simulation\outputs\rspi_joint_052026\method2b_512_five_seed_ood_full512_20260611\seed_3\posterior\rspi_posterior_metrics.csv,3,vanilla_diffusion,0.4348295032978058,0.4482151763024598,6.970268851921457,0.0523780496576084,12.00448513031006,13.771042137852168,0.2366375755705607,52,F3NCS_0009_iid_support_ellipse_zb07p3_E22p5;F3NCS_0010_iid_support_cylinder_zb06p1_E14p0;F3NCS_0019_iid_support_two_foci_zb05p4_E27p2;F3NCS_0021_iid_support_ellipse_zb05p6_E31p9;F3NCS_0023_iid_support_cylinder_zb05p0_E06p6;F3NCS_0027_iid_support_ellipse_zb02p3_E78p6;F3NCS_0035_iid_support_ellipse_zb02p8_E30p8;F3NCS_0037_iid_support_ellipse_zb08p0_E07p6;F3NCS_0044_iid_support_ellipse_zb07p2_E08p4;F3NCS_0079_iid_support_cylinder_zb04p3_E13p0;F3NCS_0081_iid_support_ellipse_zb05p9_E06p8;F3NCS_0089_iid_support_cylinder_zb05p4_E08p5;F3NCS_0091_iid_support_two_foci_zb03p9_E39p0;F3NCS_0097_iid_support_cylinder_zb06p3_E18p9;F3NCS_0100_iid_support_cylinder_zb03p6_E34p7;F3NCS_0104_iid_support_ellipse_zb03p3_E52p9;F3NCS_0111_iid_support_ellipse_zb03p7_E19p4;F3NCS_0125_iid_support_cylinder_zb06p4_E14p2;F3NCS_0128_iid_support_two_foci_zb02p9_E23p9;F3NCS_0131_iid_support_ellipse_zb05p4_E74p1;F3NCS_0132_iid_support_cylinder_zb07p9_E08p3;F3NCS_0139_iid_support_two_foci_zb03p2_E25p1;F3NCS_0141_iid_support_cylinder_zb01p5_E37p1;F3NCS_0142_iid_support_two_foci_zb05p0_E19p6;F3NCS_0146_iid_support_two_foci_zb04p1_E20p6;F3NCS_0149_iid_support_cylinder_zb03p2_E32p2;F3NCS_0155_iid_support_ellipse_zb06p3_E24p5;F3NCS_0158_iid_support_cylinder_zb05p7_E11p3;F3NCS_0161_iid_support_ellipse_zb01p6_E25p7;F3NCS_0162_iid_support_ellipse_zb03p2_E17p6;F3NCS_0163_iid_support_two_foci_zb06p0_E08p1;F3NCS_0165_iid_support_ellipse_zb04p1_E25p8;F3NCS_0179_iid_support_two_foci_zb03p8_E90p2;F3NCS_0183_iid_support_cylinder_zb06p6_E10p9;F3NCS_0184_iid_support_cylinder_zb03p7_E17p7;F3NCS_0188_iid_support_cylinder_zb02p6_E41p7;F3NCS_0198_iid_support_cylinder_zb05p9_E17p9;F3NCS_0199_iid_support_ellipse_zb06p2_E37p7;F3NCS_0202_iid_support_cylinder_zb03p7_E57p3;F3NCS_0220_iid_support_two_foci_zb02p4_E32p0;F3NCS_0223_iid_support_two_foci_zb05p1_E52p3;F3NCS_0239_iid_support_ellipse_zb02p9_E06p8;F3NCS_0262_iid_support_ellipse_zb05p7_E60p2;F3NCS_0272_iid_support_ellipse_zb02p7_E33p6;F3NCS_0278_iid_support_ellipse_zb02p1_E44p7;F3NCS_0284_iid_support_ellipse_zb03p7_E68p9;F3NCS_0288_iid_support_cylinder_zb03p9_E35p1;F3NCS_0296_iid_support_cylinder_zb06p2_E15p6;F3NCS_0300_iid_support_ellipse_zb07p6_E67p9;F3NCS_0306_iid_support_ellipse_zb04p6_E40p2;F3NCS_0315_iid_support_ellipse_zb08p0_E09p3;F3NCS_0316_iid_support_two_foci_zb02p8_E06p3,method2b_512_full_comsol_colab_cuda,fig3_true_ood,0,split_role/ood_split_family,iid_test,230,38,52,,,,,,,,,,,,,,,,0.0795456022024154,64.0,
H:\My Drive\MN_simulation\outputs\rspi_joint_052026\method2b_512_five_seed_ood_full512_20260611\seed_3\posterior\rspi_posterior_metrics.csv,3,prior_init_diffusion_unet,0.0740314647555351,0.1541386106507377,16.24177119809108,0.2775197266959227,2.831357479095459,9.09503898792603,0.5352536253997715,52,F3NCS_0009_iid_support_ellipse_zb07p3_E22p5;F3NCS_0010_iid_support_cylinder_zb06p1_E14p0;F3NCS_0019_iid_support_two_foci_zb05p4_E27p2;F3NCS_0021_iid_support_ellipse_zb05p6_E31p9;F3NCS_0023_iid_support_cylinder_zb05p0_E06p6;F3NCS_0027_iid_support_ellipse_zb02p3_E78p6;F3NCS_0035_iid_support_ellipse_zb02p8_E30p8;F3NCS_0037_iid_support_ellipse_zb08p0_E07p6;F3NCS_0044_iid_support_ellipse_zb07p2_E08p4;F3NCS_0079_iid_support_cylinder_zb04p3_E13p0;F3NCS_0081_iid_support_ellipse_zb05p9_E06p8;F3NCS_0089_iid_support_cylinder_zb05p4_E08p5;F3NCS_0091_iid_support_two_foci_zb03p9_E39p0;F3NCS_0097_iid_support_cylinder_zb06p3_E18p9;F3NCS_0100_iid_support_cylinder_zb03p6_E34p7;F3NCS_0104_iid_support_ellipse_zb03p3_E52p9;F3NCS_0111_iid_support_ellipse_zb03p7_E19p4;F3NCS_0125_iid_support_cylinder_zb06p4_E14p2;F3NCS_0128_iid_support_two_foci_zb02p9_E23p9;F3NCS_0131_iid_support_ellipse_zb05p4_E74p1;F3NCS_0132_iid_support_cylinder_zb07p9_E08p3;F3NCS_0139_iid_support_two_foci_zb03p2_E25p1;F3NCS_0141_iid_support_cylinder_zb01p5_E37p1;F3NCS_0142_iid_support_two_foci_zb05p0_E19p6;F3NCS_0146_iid_support_two_foci_zb04p1_E20p6;F3NCS_0149_iid_support_cylinder_zb03p2_E32p2;F3NCS_0155_iid_support_ellipse_zb06p3_E24p5;F3NCS_0158_iid_support_cylinder_zb05p7_E11p3;F3NCS_0161_iid_support_ellipse_zb01p6_E25p7;F3NCS_0162_iid_support_ellipse_zb03p2_E17p6;F3NCS_0163_iid_support_two_foci_zb06p0_E08p1;F3NCS_0165_iid_support_ellipse_zb04p1_E25p8;F3NCS_0179_iid_support_two_foci_zb03p8_E90p2;F3NCS_0183_iid_support_cylinder_zb06p6_E10p9;F3NCS_0184_iid_support_cylinder_zb03p7_E17p7;F3NCS_0188_iid_support_cylinder_zb02p6_E41p7;F3NCS_0198_iid_support_cylinder_zb05p9_E17p9;F3NCS_0199_iid_support_ellipse_zb06p2_E37p7;F3NCS_0202_iid_support_cylinder_zb03p7_E57p3;F3NCS_0220_iid_support_two_foci_zb02p4_E32p0;F3NCS_0223_iid_support_two_foci_zb05p1_E52p3;F3NCS_0239_iid_support_ellipse_zb02p9_E06p8;F3NCS_0262_iid_support_ellipse_zb05p7_E60p2;F3NCS_0272_iid_support_ellipse_zb02p7_E33p6;F3NCS_0278_iid_support_ellipse_zb02p1_E44p7;F3NCS_0284_iid_support_ellipse_zb03p7_E68p9;F3NCS_0288_iid_support_cylinder_zb03p9_E35p1;F3NCS_0296_iid_support_cylinder_zb06p2_E15p6;F3NCS_0300_iid_support_ellipse_zb07p6_E67p9;F3NCS_0306_iid_support_ellipse_zb04p6_E40p2;F3NCS_0315_iid_support_ellipse_zb08p0_E09p3;F3NCS_0316_iid_support_two_foci_zb02p8_E06p3,method2b_512_full_comsol_colab_cuda,fig3_true_ood,0,split_role/ood_split_family,iid_test,230,38,52,0.0687142983078956,0.0535700879991054,0.0129658123478293,0.1334134638309478,0.0241924226284027,0.193115234375,0.0303839109838008,0.2611036896705627,0.0352624617516994,0.6810320878570746,0.8663247089251841,0.1197265700217478,11.729443684591388,0.0124570325235859,0.1547897756099701,0.0095937214791774,,
H:\My Drive\MN_simulation\outputs\rspi_joint_052026\method2b_512_five_seed_ood_full512_20260611\seed_3\posterior\rspi_posterior_metrics.csv,3,residual_likelihood_guided_diffusion,0.0740099772810936,0.1541542770480653,16.240888423276868,0.2782049353879232,2.8316023349761963,9.09600697198901,0.5352747102042806,52,F3NCS_0009_iid_support_ellipse_zb07p3_E22p5;F3NCS_0010_iid_support_cylinder_zb06p1_E14p0;F3NCS_0019_iid_support_two_foci_zb05p4_E27p2;F3NCS_0021_iid_support_ellipse_zb05p6_E31p9;F3NCS_0023_iid_support_cylinder_zb05p0_E06p6;F3NCS_0027_iid_support_ellipse_zb02p3_E78p6;F3NCS_0035_iid_support_ellipse_zb02p8_E30p8;F3NCS_0037_iid_support_ellipse_zb08p0_E07p6;F3NCS_0044_iid_support_ellipse_zb07p2_E08p4;F3NCS_0079_iid_support_cylinder_zb04p3_E13p0;F3NCS_0081_iid_support_ellipse_zb05p9_E06p8;F3NCS_0089_iid_support_cylinder_zb05p4_E08p5;F3NCS_0091_iid_support_two_foci_zb03p9_E39p0;F3NCS_0097_iid_support_cylinder_zb06p3_E18p9;F3NCS_0100_iid_support_cylinder_zb03p6_E34p7;F3NCS_0104_iid_support_ellipse_zb03p3_E52p9;F3NCS_0111_iid_support_ellipse_zb03p7_E19p4;F3NCS_0125_iid_support_cylinder_zb06p4_E14p2;F3NCS_0128_iid_support_two_foci_zb02p9_E23p9;F3NCS_0131_iid_support_ellipse_zb05p4_E74p1;F3NCS_0132_iid_support_cylinder_zb07p9_E08p3;F3NCS_0139_iid_support_two_foci_zb03p2_E25p1;F3NCS_0141_iid_support_cylinder_zb01p5_E37p1;F3NCS_0142_iid_support_two_foci_zb05p0_E19p6;F3NCS_0146_iid_support_two_foci_zb04p1_E20p6;F3NCS_0149_iid_support_cylinder_zb03p2_E32p2;F3NCS_0155_iid_support_ellipse_zb06p3_E24p5;F3NCS_0158_iid_support_cylinder_zb05p7_E11p3;F3NCS_0161_iid_support_ellipse_zb01p6_E25p7;F3NCS_0162_iid_support_ellipse_zb03p2_E17p6;F3NCS_0163_iid_support_two_foci_zb06p0_E08p1;F3NCS_0165_iid_support_ellipse_zb04p1_E25p8;F3NCS_0179_iid_support_two_foci_zb03p8_E90p2;F3NCS_0183_iid_support_cylinder_zb06p6_E10p9;F3NCS_0184_iid_support_cylinder_zb03p7_E17p7;F3NCS_0188_iid_support_cylinder_zb02p6_E41p7;F3NCS_0198_iid_support_cylinder_zb05p9_E17p9;F3NCS_0199_iid_support_ellipse_zb06p2_E37p7;F3NCS_0202_iid_support_cylinder_zb03p7_E57p3;F3NCS_0220_iid_support_two_foci_zb02p4_E32p0;F3NCS_0223_iid_support_two_foci_zb05p1_E52p3;F3NCS_0239_iid_support_ellipse_zb02p9_E06p8;F3NCS_0262_iid_support_ellipse_zb05p7_E60p2;F3NCS_0272_iid_support_ellipse_zb02p7_E33p6;F3NCS_0278_iid_support_ellipse_zb02p1_E44p7;F3NCS_0284_iid_support_ellipse_zb03p7_E68p9;F3NCS_0288_iid_support_cylinder_zb03p9_E35p1;F3NCS_0296_iid_support_cylinder_zb06p2_E15p6;F3NCS_0300_iid_support_ellipse_zb07p6_E67p9;F3NCS_0306_iid_support_ellipse_zb04p6_E40p2;F3NCS_0315_iid_support_ellipse_zb08p0_E09p3;F3NCS_0316_iid_support_two_foci_zb02p8_E06p3,method2b_512_full_comsol_colab_cuda,fig3_true_ood,0,split_role/ood_split_family,iid_test,230,38,52,0.0686994343996048,0.0542790330946445,0.0129472594708204,0.1342726498842239,0.0241620019078254,0.1945096552371978,0.0303444247692823,0.2621366083621979,0.0352213494479656,0.682426690578625,0.8660267394908441,0.1197598514543487,11.747583764925396,0.0124986149927809,0.1551592946052551,0.0095828063786029,,
H:\My Drive\MN_simulation\outputs\rspi_joint_052026\method2b_512_five_seed_ood_full512_20260611\seed_3\posterior\rspi_posterior_metrics.csv,3,explicit_residual_target_diffusion,0.074220947921276,0.1528368757168721,16.315436974342905,0.3047867967532231,2.8128602504730225,9.191243557314907,0.5487368586238903,52,F3NCS_0009_iid_support_ellipse_zb07p3_E22p5;F3NCS_0010_iid_support_cylinder_zb06p1_E14p0;F3NCS_0019_iid_support_two_foci_zb05p4_E27p2;F3NCS_0021_iid_support_ellipse_zb05p6_E31p9;F3NCS_0023_iid_support_cylinder_zb05p0_E06p6;F3NCS_0027_iid_support_ellipse_zb02p3_E78p6;F3NCS_0035_iid_support_ellipse_zb02p8_E30p8;F3NCS_0037_iid_support_ellipse_zb08p0_E07p6;F3NCS_0044_iid_support_ellipse_zb07p2_E08p4;F3NCS_0079_iid_support_cylinder_zb04p3_E13p0;F3NCS_0081_iid_support_ellipse_zb05p9_E06p8;F3NCS_0089_iid_support_cylinder_zb05p4_E08p5;F3NCS_0091_iid_support_two_foci_zb03p9_E39p0;F3NCS_0097_iid_support_cylinder_zb06p3_E18p9;F3NCS_0100_iid_support_cylinder_zb03p6_E34p7;F3NCS_0104_iid_support_ellipse_zb03p3_E52p9;F3NCS_0111_iid_support_ellipse_zb03p7_E19p4;F3NCS_0125_iid_support_cylinder_zb06p4_E14p2;F3NCS_0128_iid_support_two_foci_zb02p9_E23p9;F3NCS_0131_iid_support_ellipse_zb05p4_E74p1;F3NCS_0132_iid_support_cylinder_zb07p9_E08p3;F3NCS_0139_iid_support_two_foci_zb03p2_E25p1;F3NCS_0141_iid_support_cylinder_zb01p5_E37p1;F3NCS_0142_iid_support_two_foci_zb05p0_E19p6;F3NCS_0146_iid_support_two_foci_zb04p1_E20p6;F3NCS_0149_iid_support_cylinder_zb03p2_E32p2;F3NCS_0155_iid_support_ellipse_zb06p3_E24p5;F3NCS_0158_iid_support_cylinder_zb05p7_E11p3;F3NCS_0161_iid_support_ellipse_zb01p6_E25p7;F3NCS_0162_iid_support_ellipse_zb03p2_E17p6;F3NCS_0163_iid_support_two_foci_zb06p0_E08p1;F3NCS_0165_iid_support_ellipse_zb04p1_E25p8;F3NCS_0179_iid_support_two_foci_zb03p8_E90p2;F3NCS_0183_iid_support_cylinder_zb06p6_E10p9;F3NCS_0184_iid_support_cylinder_zb03p7_E17p7;F3NCS_0188_iid_support_cylinder_zb02p6_E41p7;F3NCS_0198_iid_support_cylinder_zb05p9_E17p9;F3NCS_0199_iid_support_ellipse_zb06p2_E37p7;F3NCS_0202_iid_support_cylinder_zb03p7_E57p3;F3NCS_0220_iid_support_two_foci_zb02p4_E32p0;F3NCS_0223_iid_support_two_foci_zb05p1_E52p3;F3NCS_0239_iid_support_ellipse_zb02p9_E06p8;F3NCS_0262_iid_support_ellipse_zb05p7_E60p2;F3NCS_0272_iid_support_ellipse_zb02p7_E33p6;F3NCS_0278_iid_support_ellipse_zb02p1_E44p7;F3NCS_0284_iid_support_ellipse_zb03p7_E68p9;F3NCS_0288_iid_support_cylinder_zb03p9_E35p1;F3NCS_0296_iid_support_cylinder_zb06p2_E15p6;F3NCS_0300_iid_support_ellipse_zb07p6_E67p9;F3NCS_0306_iid_support_ellipse_zb04p6_E40p2;F3NCS_0315_iid_support_ellipse_zb08p0_E09p3;F3NCS_0316_iid_support_two_foci_zb02p8_E06p3,method2b_512_full_comsol_colab_cuda,fig3_true_ood,0,split_role/ood_split_family,iid_test,230,38,52,0.0558618865907192,0.6073561310768127,0.0349982045590877,0.77435302734375,0.0804377421736717,0.8250544667243958,0.1224119514226913,0.86297607421875,0.1665878593921661,0.7923719047305944,0.8164274757462553,0.0918326033352151,2.8070608658748637,0.0163780970809953,0.3959312438964844,0.0472956746816635,,0.7345742583274841
H:\My Drive\MN_simulation\outputs\rspi_joint_052026\method2b_512_five_seed_ood_full512_20260611\seed_3\posterior\rspi_posterior_metrics.csv,3,train_mean_prior,0.1438805907964706,0.2227556441798263,13.043425660066552,0.0330969039350748,4.35940408706665,13.246117364878684,,64,F3NCS_0384_ood_unseen_depth_range_two_foci_zb11p3_E39p2;F3NCS_0385_ood_unseen_depth_range_cylinder_zb11p5_E77p5;F3NCS_0386_ood_unseen_depth_range_ellipse_zb09p6_E94p6;F3NCS_0387_ood_unseen_depth_range_ellipse_zb10p9_E15p1;F3NCS_0388_ood_unseen_depth_range_two_foci_zb12p8_E07p0;F3NCS_0389_ood_unseen_depth_range_two_foci_zb08p9_E35p1;F3NCS_0390_ood_unseen_depth_range_two_foci_zb08p6_E39p9;F3NCS_0391_ood_unseen_depth_range_ellipse_zb11p5_E49p0;F3NCS_0392_ood_unseen_depth_range_two_foci_zb09p8_E39p6;F3NCS_0393_ood_unseen_depth_range_two_foci_zb13p5_E10p5;F3NCS_0394_ood_unseen_depth_range_cylinder_zb13p1_E17p7;F3NCS_0395_ood_unseen_depth_range_ellipse_zb11p9_E19p2;F3NCS_0396_ood_unseen_depth_range_ellipse_zb12p8_E35p8;F3NCS_0397_ood_unseen_depth_range_ellipse_zb11p0_E90p4;F3NCS_0398_ood_unseen_depth_range_two_foci_zb09p3_E06p2;F3NCS_0399_ood_unseen_depth_range_two_foci_zb12p6_E13p2;F3NCS_0400_ood_unseen_depth_range_ellipse_zb13p7_E19p7;F3NCS_0401_ood_unseen_depth_range_ellipse_zb09p5_E63p3;F3NCS_0402_ood_unseen_depth_range_cylinder_zb09p7_E17p8;F3NCS_0403_ood_unseen_depth_range_cylinder_zb13p3_E13p7;F3NCS_0404_ood_unseen_depth_range_two_foci_zb08p6_E25p9;F3NCS_0405_ood_unseen_depth_range_cylinder_zb09p6_E16p6;F3NCS_0406_ood_unseen_depth_range_two_foci_zb12p7_E08p4;F3NCS_0407_ood_unseen_depth_range_two_foci_zb10p5_E11p3;F3NCS_0408_ood_unseen_depth_range_ellipse_zb12p1_E31p3;F3NCS_0409_ood_unseen_depth_range_two_foci_zb08p9_E07p6;F3NCS_0410_ood_unseen_depth_range_ellipse_zb13p0_E23p5;F3NCS_0411_ood_unseen_depth_range_two_foci_zb14p0_E48p4;F3NCS_0412_ood_unseen_depth_range_ellipse_zb12p8_E74p8;F3NCS_0413_ood_unseen_depth_range_ellipse_zb12p0_E10p1;F3NCS_0414_ood_unseen_depth_range_cylinder_zb10p0_E74p1;F3NCS_0415_ood_unseen_depth_range_two_foci_zb11p6_E74p6;F3NCS_0416_ood_unseen_depth_range_two_foci_zb10p5_E76p3;F3NCS_0417_ood_unseen_depth_range_two_foci_zb13p3_E17p8;F3NCS_0418_ood_unseen_depth_range_ellipse_zb13p8_E28p3;F3NCS_0419_ood_unseen_depth_range_ellipse_zb09p0_E16p3;F3NCS_0420_ood_unseen_depth_range_cylinder_zb13p3_E28p6;F3NCS_0421_ood_unseen_depth_range_cylinder_zb11p0_E23p8;F3NCS_0422_ood_unseen_depth_range_ellipse_zb11p4_E23p6;F3NCS_0423_ood_unseen_depth_range_ellipse_zb09p3_E11p4;F3NCS_0424_ood_unseen_depth_range_ellipse_zb11p1_E21p4;F3NCS_0425_ood_unseen_depth_range_two_foci_zb13p1_E09p6;F3NCS_0426_ood_unseen_depth_range_cylinder_zb10p6_E06p2;F3NCS_0427_ood_unseen_depth_range_ellipse_zb13p9_E58p6;F3NCS_0428_ood_unseen_depth_range_ellipse_zb10p2_E73p0;F3NCS_0429_ood_unseen_depth_range_two_foci_zb09p5_E07p0;F3NCS_0430_ood_unseen_depth_range_two_foci_zb11p3_E33p1;F3NCS_0431_ood_unseen_depth_range_cylinder_zb08p8_E06p7;F3NCS_0432_ood_unseen_depth_range_cylinder_zb09p3_E08p3;F3NCS_0433_ood_unseen_depth_range_cylinder_zb12p9_E86p3;F3NCS_0434_ood_unseen_depth_range_ellipse_zb13p9_E71p4;F3NCS_0435_ood_unseen_depth_range_cylinder_zb10p5_E25p4;F3NCS_0436_ood_unseen_depth_range_ellipse_zb11p9_E84p1;F3NCS_0437_ood_unseen_depth_range_ellipse_zb10p1_E14p8;F3NCS_0438_ood_unseen_depth_range_ellipse_zb10p1_E24p0;F3NCS_0439_ood_unseen_depth_range_ellipse_zb10p5_E33p5;F3NCS_0440_ood_unseen_depth_range_two_foci_zb12p0_E12p1;F3NCS_0441_ood_unseen_depth_range_ellipse_zb12p4_E06p2;F3NCS_0442_ood_unseen_depth_range_ellipse_zb11p7_E13p1;F3NCS_0443_ood_unseen_depth_range_ellipse_zb11p2_E14p1;F3NCS_0444_ood_unseen_depth_range_ellipse_zb10p4_E07p3;F3NCS_0445_ood_unseen_depth_range_two_foci_zb13p3_E51p9;F3NCS_0446_ood_unseen_depth_range_cylinder_zb12p2_E10p8;F3NCS_0447_ood_unseen_depth_range_two_foci_zb11p7_E11p2,method2b_512_full_comsol_colab_cuda,fig3_true_ood,1,split_role/ood_split_family,ood_unseen_depth_range,230,38,64,,,,,,,,,,,,,,,,,,
H:\My Drive\MN_simulation\outputs\rspi_joint_052026\method2b_512_five_seed_ood_full512_20260611\seed_3\posterior\rspi_posterior_metrics.csv,3,srcnn_bz_single_channel,0.1184992343187332,0.2115357269492994,13.492325454044764,0.1713745828019455,4.088963985443115,12.966703763645588,0.3223777914927602,64,F3NCS_0384_ood_unseen_depth_range_two_foci_zb11p3_E39p2;F3NCS_0385_ood_unseen_depth_range_cylinder_zb11p5_E77p5;F3NCS_0386_ood_unseen_depth_range_ellipse_zb09p6_E94p6;F3NCS_0387_ood_unseen_depth_range_ellipse_zb10p9_E15p1;F3NCS_0388_ood_unseen_depth_range_two_foci_zb12p8_E07p0;F3NCS_0389_ood_unseen_depth_range_two_foci_zb08p9_E35p1;F3NCS_0390_ood_unseen_depth_range_two_foci_zb08p6_E39p9;F3NCS_0391_ood_unseen_depth_range_ellipse_zb11p5_E49p0;F3NCS_0392_ood_unseen_depth_range_two_foci_zb09p8_E39p6;F3NCS_0393_ood_unseen_depth_range_two_foci_zb13p5_E10p5;F3NCS_0394_ood_unseen_depth_range_cylinder_zb13p1_E17p7;F3NCS_0395_ood_unseen_depth_range_ellipse_zb11p9_E19p2;F3NCS_0396_ood_unseen_depth_range_ellipse_zb12p8_E35p8;F3NCS_0397_ood_unseen_depth_range_ellipse_zb11p0_E90p4;F3NCS_0398_ood_unseen_depth_range_two_foci_zb09p3_E06p2;F3NCS_0399_ood_unseen_depth_range_two_foci_zb12p6_E13p2;F3NCS_0400_ood_unseen_depth_range_ellipse_zb13p7_E19p7;F3NCS_0401_ood_unseen_depth_range_ellipse_zb09p5_E63p3;F3NCS_0402_ood_unseen_depth_range_cylinder_zb09p7_E17p8;F3NCS_0403_ood_unseen_depth_range_cylinder_zb13p3_E13p7;F3NCS_0404_ood_unseen_depth_range_two_foci_zb08p6_E25p9;F3NCS_0405_ood_unseen_depth_range_cylinder_zb09p6_E16p6;F3NCS_0406_ood_unseen_depth_range_two_foci_zb12p7_E08p4;F3NCS_0407_ood_unseen_depth_range_two_foci_zb10p5_E11p3;F3NCS_0408_ood_unseen_depth_range_ellipse_zb12p1_E31p3;F3NCS_0409_ood_unseen_depth_range_two_foci_zb08p9_E07p6;F3NCS_0410_ood_unseen_depth_range_ellipse_zb13p0_E23p5;F3NCS_0411_ood_unseen_depth_range_two_foci_zb14p0_E48p4;F3NCS_0412_ood_unseen_depth_range_ellipse_zb12p8_E74p8;F3NCS_0413_ood_unseen_depth_range_ellipse_zb12p0_E10p1;F3NCS_0414_ood_unseen_depth_range_cylinder_zb10p0_E74p1;F3NCS_0415_ood_unseen_depth_range_two_foci_zb11p6_E74p6;F3NCS_0416_ood_unseen_depth_range_two_foci_zb10p5_E76p3;F3NCS_0417_ood_unseen_depth_range_two_foci_zb13p3_E17p8;F3NCS_0418_ood_unseen_depth_range_ellipse_zb13p8_E28p3;F3NCS_0419_ood_unseen_depth_range_ellipse_zb09p0_E16p3;F3NCS_0420_ood_unseen_depth_range_cylinder_zb13p3_E28p6;F3NCS_0421_ood_unseen_depth_range_cylinder_zb11p0_E23p8;F3NCS_0422_ood_unseen_depth_range_ellipse_zb11p4_E23p6;F3NCS_0423_ood_unseen_depth_range_ellipse_zb09p3_E11p4;F3NCS_0424_ood_unseen_depth_range_ellipse_zb11p1_E21p4;F3NCS_0425_ood_unseen_depth_range_two_foci_zb13p1_E09p6;F3NCS_0426_ood_unseen_depth_range_cylinder_zb10p6_E06p2;F3NCS_0427_ood_unseen_depth_range_ellipse_zb13p9_E58p6;F3NCS_0428_ood_unseen_depth_range_ellipse_zb10p2_E73p0;F3NCS_0429_ood_unseen_depth_range_two_foci_zb09p5_E07p0;F3NCS_0430_ood_unseen_depth_range_two_foci_zb11p3_E33p1;F3NCS_0431_ood_unseen_depth_range_cylinder_zb08p8_E06p7;F3NCS_0432_ood_unseen_depth_range_cylinder_zb09p3_E08p3;F3NCS_0433_ood_unseen_depth_range_cylinder_zb12p9_E86p3;F3NCS_0434_ood_unseen_depth_range_ellipse_zb13p9_E71p4;F3NCS_0435_ood_unseen_depth_range_cylinder_zb10p5_E25p4;F3NCS_0436_ood_unseen_depth_range_ellipse_zb11p9_E84p1;F3NCS_0437_ood_unseen_depth_range_ellipse_zb10p1_E14p8;F3NCS_0438_ood_unseen_depth_range_ellipse_zb10p1_E24p0;F3NCS_0439_ood_unseen_depth_range_ellipse_zb10p5_E33p5;F3NCS_0440_ood_unseen_depth_range_two_foci_zb12p0_E12p1;F3NCS_0441_ood_unseen_depth_range_ellipse_zb12p4_E06p2;F3NCS_0442_ood_unseen_depth_range_ellipse_zb11p7_E13p1;F3NCS_0443_ood_unseen_depth_range_ellipse_zb11p2_E14p1;F3NCS_0444_ood_unseen_depth_range_ellipse_zb10p4_E07p3;F3NCS_0445_ood_unseen_depth_range_two_foci_zb13p3_E51p9;F3NCS_0446_ood_unseen_depth_range_cylinder_zb12p2_E10p8;F3NCS_0447_ood_unseen_depth_range_two_foci_zb11p7_E11p2,method2b_512_full_comsol_colab_cuda,fig3_true_ood,1,split_role/ood_split_family,ood_unseen_depth_range,230,38,64,0.1184992417693138,0.0,0.0,0.0,0.0,0.0,0.0,0.0,0.0,,0.5,0.2095537127378774,20955371.273787744,0.0825850385743259,0.1435127258300781,0.0,,
H:\My Drive\MN_simulation\outputs\rspi_joint_052026\method2b_512_five_seed_ood_full512_20260611\seed_3\posterior\rspi_posterior_metrics.csv,3,unet_canonical_bxyz,0.0746408849954605,0.1591437422063649,15.964208677608116,0.4258427452296018,3.1309800148010254,10.95388281971854,0.5498194604803114,64,F3NCS_0384_ood_unseen_depth_range_two_foci_zb11p3_E39p2;F3NCS_0385_ood_unseen_depth_range_cylinder_zb11p5_E77p5;F3NCS_0386_ood_unseen_depth_range_ellipse_zb09p6_E94p6;F3NCS_0387_ood_unseen_depth_range_ellipse_zb10p9_E15p1;F3NCS_0388_ood_unseen_depth_range_two_foci_zb12p8_E07p0;F3NCS_0389_ood_unseen_depth_range_two_foci_zb08p9_E35p1;F3NCS_0390_ood_unseen_depth_range_two_foci_zb08p6_E39p9;F3NCS_0391_ood_unseen_depth_range_ellipse_zb11p5_E49p0;F3NCS_0392_ood_unseen_depth_range_two_foci_zb09p8_E39p6;F3NCS_0393_ood_unseen_depth_range_two_foci_zb13p5_E10p5;F3NCS_0394_ood_unseen_depth_range_cylinder_zb13p1_E17p7;F3NCS_0395_ood_unseen_depth_range_ellipse_zb11p9_E19p2;F3NCS_0396_ood_unseen_depth_range_ellipse_zb12p8_E35p8;F3NCS_0397_ood_unseen_depth_range_ellipse_zb11p0_E90p4;F3NCS_0398_ood_unseen_depth_range_two_foci_zb09p3_E06p2;F3NCS_0399_ood_unseen_depth_range_two_foci_zb12p6_E13p2;F3NCS_0400_ood_unseen_depth_range_ellipse_zb13p7_E19p7;F3NCS_0401_ood_unseen_depth_range_ellipse_zb09p5_E63p3;F3NCS_0402_ood_unseen_depth_range_cylinder_zb09p7_E17p8;F3NCS_0403_ood_unseen_depth_range_cylinder_zb13p3_E13p7;F3NCS_0404_ood_unseen_depth_range_two_foci_zb08p6_E25p9;F3NCS_0405_ood_unseen_depth_range_cylinder_zb09p6_E16p6;F3NCS_0406_ood_unseen_depth_range_two_foci_zb12p7_E08p4;F3NCS_0407_ood_unseen_depth_range_two_foci_zb10p5_E11p3;F3NCS_0408_ood_unseen_depth_range_ellipse_zb12p1_E31p3;F3NCS_0409_ood_unseen_depth_range_two_foci_zb08p9_E07p6;F3NCS_0410_ood_unseen_depth_range_ellipse_zb13p0_E23p5;F3NCS_0411_ood_unseen_depth_range_two_foci_zb14p0_E48p4;F3NCS_0412_ood_unseen_depth_range_ellipse_zb12p8_E74p8;F3NCS_0413_ood_unseen_depth_range_ellipse_zb12p0_E10p1;F3NCS_0414_ood_unseen_depth_range_cylinder_zb10p0_E74p1;F3NCS_0415_ood_unseen_depth_range_two_foci_zb11p6_E74p6;F3NCS_0416_ood_unseen_depth_range_two_foci_zb10p5_E76p3;F3NCS_0417_ood_unseen_depth_range_two_foci_zb13p3_E17p8;F3NCS_0418_ood_unseen_depth_range_ellipse_zb13p8_E28p3;F3NCS_0419_ood_unseen_depth_range_ellipse_zb09p0_E16p3;F3NCS_0420_ood_unseen_depth_range_cylinder_zb13p3_E28p6;F3NCS_0421_ood_unseen_depth_range_cylinder_zb11p0_E23p8;F3NCS_0422_ood_unseen_depth_range_ellipse_zb11p4_E23p6;F3NCS_0423_ood_unseen_depth_range_ellipse_zb09p3_E11p4;F3NCS_0424_ood_unseen_depth_range_ellipse_zb11p1_E21p4;F3NCS_0425_ood_unseen_depth_range_two_foci_zb13p1_E09p6;F3NCS_0426_ood_unseen_depth_range_cylinder_zb10p6_E06p2;F3NCS_0427_ood_unseen_depth_range_ellipse_zb13p9_E58p6;F3NCS_0428_ood_unseen_depth_range_ellipse_zb10p2_E73p0;F3NCS_0429_ood_unseen_depth_range_two_foci_zb09p5_E07p0;F3NCS_0430_ood_unseen_depth_range_two_foci_zb11p3_E33p1;F3NCS_0431_ood_unseen_depth_range_cylinder_zb08p8_E06p7;F3NCS_0432_ood_unseen_depth_range_cylinder_zb09p3_E08p3;F3NCS_0433_ood_unseen_depth_range_cylinder_zb12p9_E86p3;F3NCS_0434_ood_unseen_depth_range_ellipse_zb13p9_E71p4;F3NCS_0435_ood_unseen_depth_range_cylinder_zb10p5_E25p4;F3NCS_0436_ood_unseen_depth_range_ellipse_zb11p9_E84p1;F3NCS_0437_ood_unseen_depth_range_ellipse_zb10p1_E14p8;F3NCS_0438_ood_unseen_depth_range_ellipse_zb10p1_E24p0;F3NCS_0439_ood_unseen_depth_range_ellipse_zb10p5_E33p5;F3NCS_0440_ood_unseen_depth_range_two_foci_zb12p0_E12p1;F3NCS_0441_ood_unseen_depth_range_ellipse_zb12p4_E06p2;F3NCS_0442_ood_unseen_depth_range_ellipse_zb11p7_E13p1;F3NCS_0443_ood_unseen_depth_range_ellipse_zb11p2_E14p1;F3NCS_0444_ood_unseen_depth_range_ellipse_zb10p4_E07p3;F3NCS_0445_ood_unseen_depth_range_two_foci_zb13p3_E51p9;F3NCS_0446_ood_unseen_depth_range_cylinder_zb12p2_E10p8;F3NCS_0447_ood_unseen_depth_range_two_foci_zb11p7_E11p2,method2b_512_full_comsol_colab_cuda,fig3_true_ood,1,split_role/ood_split_family,ood_unseen_depth_range,230,38,64,0.0746408849954605,0.0,0.0,0.0,0.0,0.0,0.0,0.0,0.0,,0.5,0.1571759353380704,15717593.53380704,0.0572777854758445,0.1148452758789062,0.0,,
H:\My Drive\MN_simulation\outputs\rspi_joint_052026\method2b_512_five_seed_ood_full512_20260611\seed_3\posterior\rspi_posterior_metrics.csv,3,vanilla_diffusion,0.448017805814743,0.4619801254291183,6.707534151307142,0.0509962318465113,12.987367630004885,15.46045932733904,0.2524627491132252,64,F3NCS_0384_ood_unseen_depth_range_two_foci_zb11p3_E39p2;F3NCS_0385_ood_unseen_depth_range_cylinder_zb11p5_E77p5;F3NCS_0386_ood_unseen_depth_range_ellipse_zb09p6_E94p6;F3NCS_0387_ood_unseen_depth_range_ellipse_zb10p9_E15p1;F3NCS_0388_ood_unseen_depth_range_two_foci_zb12p8_E07p0;F3NCS_0389_ood_unseen_depth_range_two_foci_zb08p9_E35p1;F3NCS_0390_ood_unseen_depth_range_two_foci_zb08p6_E39p9;F3NCS_0391_ood_unseen_depth_range_ellipse_zb11p5_E49p0;F3NCS_0392_ood_unseen_depth_range_two_foci_zb09p8_E39p6;F3NCS_0393_ood_unseen_depth_range_two_foci_zb13p5_E10p5;F3NCS_0394_ood_unseen_depth_range_cylinder_zb13p1_E17p7;F3NCS_0395_ood_unseen_depth_range_ellipse_zb11p9_E19p2;F3NCS_0396_ood_unseen_depth_range_ellipse_zb12p8_E35p8;F3NCS_0397_ood_unseen_depth_range_ellipse_zb11p0_E90p4;F3NCS_0398_ood_unseen_depth_range_two_foci_zb09p3_E06p2;F3NCS_0399_ood_unseen_depth_range_two_foci_zb12p6_E13p2;F3NCS_0400_ood_unseen_depth_range_ellipse_zb13p7_E19p7;F3NCS_0401_ood_unseen_depth_range_ellipse_zb09p5_E63p3;F3NCS_0402_ood_unseen_depth_range_cylinder_zb09p7_E17p8;F3NCS_0403_ood_unseen_depth_range_cylinder_zb13p3_E13p7;F3NCS_0404_ood_unseen_depth_range_two_foci_zb08p6_E25p9;F3NCS_0405_ood_unseen_depth_range_cylinder_zb09p6_E16p6;F3NCS_0406_ood_unseen_depth_range_two_foci_zb12p7_E08p4;F3NCS_0407_ood_unseen_depth_range_two_foci_zb10p5_E11p3;F3NCS_0408_ood_unseen_depth_range_ellipse_zb12p1_E31p3;F3NCS_0409_ood_unseen_depth_range_two_foci_zb08p9_E07p6;F3NCS_0410_ood_unseen_depth_range_ellipse_zb13p0_E23p5;F3NCS_0411_ood_unseen_depth_range_two_foci_zb14p0_E48p4;F3NCS_0412_ood_unseen_depth_range_ellipse_zb12p8_E74p8;F3NCS_0413_ood_unseen_depth_range_ellipse_zb12p0_E10p1;F3NCS_0414_ood_unseen_depth_range_cylinder_zb10p0_E74p1;F3NCS_0415_ood_unseen_depth_range_two_foci_zb11p6_E74p6;F3NCS_0416_ood_unseen_depth_range_two_foci_zb10p5_E76p3;F3NCS_0417_ood_unseen_depth_range_two_foci_zb13p3_E17p8;F3NCS_0418_ood_unseen_depth_range_ellipse_zb13p8_E28p3;F3NCS_0419_ood_unseen_depth_range_ellipse_zb09p0_E16p3;F3NCS_0420_ood_unseen_depth_range_cylinder_zb13p3_E28p6;F3NCS_0421_ood_unseen_depth_range_cylinder_zb11p0_E23p8;F3NCS_0422_ood_unseen_depth_range_ellipse_zb11p4_E23p6;F3NCS_0423_ood_unseen_depth_range_ellipse_zb09p3_E11p4;F3NCS_0424_ood_unseen_depth_range_ellipse_zb11p1_E21p4;F3NCS_0425_ood_unseen_depth_range_two_foci_zb13p1_E09p6;F3NCS_0426_ood_unseen_depth_range_cylinder_zb10p6_E06p2;F3NCS_0427_ood_unseen_depth_range_ellipse_zb13p9_E58p6;F3NCS_0428_ood_unseen_depth_range_ellipse_zb10p2_E73p0;F3NCS_0429_ood_unseen_depth_range_two_foci_zb09p5_E07p0;F3NCS_0430_ood_unseen_depth_range_two_foci_zb11p3_E33p1;F3NCS_0431_ood_unseen_depth_range_cylinder_zb08p8_E06p7;F3NCS_0432_ood_unseen_depth_range_cylinder_zb09p3_E08p3;F3NCS_0433_ood_unseen_depth_range_cylinder_zb12p9_E86p3;F3NCS_0434_ood_unseen_depth_range_ellipse_zb13p9_E71p4;F3NCS_0435_ood_unseen_depth_range_cylinder_zb10p5_E25p4;F3NCS_0436_ood_unseen_depth_range_ellipse_zb11p9_E84p1;F3NCS_0437_ood_unseen_depth_range_ellipse_zb10p1_E14p8;F3NCS_0438_ood_unseen_depth_range_ellipse_zb10p1_E24p0;F3NCS_0439_ood_unseen_depth_range_ellipse_zb10p5_E33p5;F3NCS_0440_ood_unseen_depth_range_two_foci_zb12p0_E12p1;F3NCS_0441_ood_unseen_depth_range_ellipse_zb12p4_E06p2;F3NCS_0442_ood_unseen_depth_range_ellipse_zb11p7_E13p1;F3NCS_0443_ood_unseen_depth_range_ellipse_zb11p2_E14p1;F3NCS_0444_ood_unseen_depth_range_ellipse_zb10p4_E07p3;F3NCS_0445_ood_unseen_depth_range_two_foci_zb13p3_E51p9;F3NCS_0446_ood_unseen_depth_range_cylinder_zb12p2_E10p8;F3NCS_0447_ood_unseen_depth_range_two_foci_zb11p7_E11p2,method2b_512_full_comsol_colab_cuda,fig3_true_ood,1,split_role/ood_split_family,ood_unseen_depth_range,230,38,64,,,,,,,,,,,,,,,,0.0852855294942855,64.0,
H:\My Drive\MN_simulation\outputs\rspi_joint_052026\method2b_512_five_seed_ood_full512_20260611\seed_3\posterior\rspi_posterior_metrics.csv,3,prior_init_diffusion_unet,0.0775808468461036,0.160214105483701,15.90598501296821,0.2300856938818469,3.1649651527404785,11.044227466289728,0.5293922970316811,64,F3NCS_0384_ood_unseen_depth_range_two_foci_zb11p3_E39p2;F3NCS_0385_ood_unseen_depth_range_cylinder_zb11p5_E77p5;F3NCS_0386_ood_unseen_depth_range_ellipse_zb09p6_E94p6;F3NCS_0387_ood_unseen_depth_range_ellipse_zb10p9_E15p1;F3NCS_0388_ood_unseen_depth_range_two_foci_zb12p8_E07p0;F3NCS_0389_ood_unseen_depth_range_two_foci_zb08p9_E35p1;F3NCS_0390_ood_unseen_depth_range_two_foci_zb08p6_E39p9;F3NCS_0391_ood_unseen_depth_range_ellipse_zb11p5_E49p0;F3NCS_0392_ood_unseen_depth_range_two_foci_zb09p8_E39p6;F3NCS_0393_ood_unseen_depth_range_two_foci_zb13p5_E10p5;F3NCS_0394_ood_unseen_depth_range_cylinder_zb13p1_E17p7;F3NCS_0395_ood_unseen_depth_range_ellipse_zb11p9_E19p2;F3NCS_0396_ood_unseen_depth_range_ellipse_zb12p8_E35p8;F3NCS_0397_ood_unseen_depth_range_ellipse_zb11p0_E90p4;F3NCS_0398_ood_unseen_depth_range_two_foci_zb09p3_E06p2;F3NCS_0399_ood_unseen_depth_range_two_foci_zb12p6_E13p2;F3NCS_0400_ood_unseen_depth_range_ellipse_zb13p7_E19p7;F3NCS_0401_ood_unseen_depth_range_ellipse_zb09p5_E63p3;F3NCS_0402_ood_unseen_depth_range_cylinder_zb09p7_E17p8;F3NCS_0403_ood_unseen_depth_range_cylinder_zb13p3_E13p7;F3NCS_0404_ood_unseen_depth_range_two_foci_zb08p6_E25p9;F3NCS_0405_ood_unseen_depth_range_cylinder_zb09p6_E16p6;F3NCS_0406_ood_unseen_depth_range_two_foci_zb12p7_E08p4;F3NCS_0407_ood_unseen_depth_range_two_foci_zb10p5_E11p3;F3NCS_0408_ood_unseen_depth_range_ellipse_zb12p1_E31p3;F3NCS_0409_ood_unseen_depth_range_two_foci_zb08p9_E07p6;F3NCS_0410_ood_unseen_depth_range_ellipse_zb13p0_E23p5;F3NCS_0411_ood_unseen_depth_range_two_foci_zb14p0_E48p4;F3NCS_0412_ood_unseen_depth_range_ellipse_zb12p8_E74p8;F3NCS_0413_ood_unseen_depth_range_ellipse_zb12p0_E10p1;F3NCS_0414_ood_unseen_depth_range_cylinder_zb10p0_E74p1;F3NCS_0415_ood_unseen_depth_range_two_foci_zb11p6_E74p6;F3NCS_0416_ood_unseen_depth_range_two_foci_zb10p5_E76p3;F3NCS_0417_ood_unseen_depth_range_two_foci_zb13p3_E17p8;F3NCS_0418_ood_unseen_depth_range_ellipse_zb13p8_E28p3;F3NCS_0419_ood_unseen_depth_range_ellipse_zb09p0_E16p3;F3NCS_0420_ood_unseen_depth_range_cylinder_zb13p3_E28p6;F3NCS_0421_ood_unseen_depth_range_cylinder_zb11p0_E23p8;F3NCS_0422_ood_unseen_depth_range_ellipse_zb11p4_E23p6;F3NCS_0423_ood_unseen_depth_range_ellipse_zb09p3_E11p4;F3NCS_0424_ood_unseen_depth_range_ellipse_zb11p1_E21p4;F3NCS_0425_ood_unseen_depth_range_two_foci_zb13p1_E09p6;F3NCS_0426_ood_unseen_depth_range_cylinder_zb10p6_E06p2;F3NCS_0427_ood_unseen_depth_range_ellipse_zb13p9_E58p6;F3NCS_0428_ood_unseen_depth_range_ellipse_zb10p2_E73p0;F3NCS_0429_ood_unseen_depth_range_two_foci_zb09p5_E07p0;F3NCS_0430_ood_unseen_depth_range_two_foci_zb11p3_E33p1;F3NCS_0431_ood_unseen_depth_range_cylinder_zb08p8_E06p7;F3NCS_0432_ood_unseen_depth_range_cylinder_zb09p3_E08p3;F3NCS_0433_ood_unseen_depth_range_cylinder_zb12p9_E86p3;F3NCS_0434_ood_unseen_depth_range_ellipse_zb13p9_E71p4;F3NCS_0435_ood_unseen_depth_range_cylinder_zb10p5_E25p4;F3NCS_0436_ood_unseen_depth_range_ellipse_zb11p9_E84p1;F3NCS_0437_ood_unseen_depth_range_ellipse_zb10p1_E14p8;F3NCS_0438_ood_unseen_depth_range_ellipse_zb10p1_E24p0;F3NCS_0439_ood_unseen_depth_range_ellipse_zb10p5_E33p5;F3NCS_0440_ood_unseen_depth_range_two_foci_zb12p0_E12p1;F3NCS_0441_ood_unseen_depth_range_ellipse_zb12p4_E06p2;F3NCS_0442_ood_unseen_depth_range_ellipse_zb11p7_E13p1;F3NCS_0443_ood_unseen_depth_range_ellipse_zb11p2_E14p1;F3NCS_0444_ood_unseen_depth_range_ellipse_zb10p4_E07p3;F3NCS_0445_ood_unseen_depth_range_two_foci_zb13p3_E51p9;F3NCS_0446_ood_unseen_depth_range_cylinder_zb12p2_E10p8;F3NCS_0447_ood_unseen_depth_range_two_foci_zb11p7_E11p2,method2b_512_full_comsol_colab_cuda,fig3_true_ood,1,split_role/ood_split_family,ood_unseen_depth_range,230,38,64,0.0726909190416336,0.0037727355957031,0.011694997549057,0.0076866149902343,0.0220436733216047,0.011474609375,0.0279252827167511,0.0243568420410156,0.0326863825321197,0.6628260969019226,0.8429746990827622,0.129722435496681,14.208594952617336,0.0143254807908949,0.1209619641304016,0.0087764104828238,,
H:\My Drive\MN_simulation\outputs\rspi_joint_052026\method2b_512_five_seed_ood_full512_20260611\seed_3\posterior\rspi_posterior_metrics.csv,3,residual_likelihood_guided_diffusion,0.0775727108120918,0.1602004501943953,15.90672535596359,0.2304163485532626,3.165133476257324,11.0445151823334,0.5293771520663321,64,F3NCS_0384_ood_unseen_depth_range_two_foci_zb11p3_E39p2;F3NCS_0385_ood_unseen_depth_range_cylinder_zb11p5_E77p5;F3NCS_0386_ood_unseen_depth_range_ellipse_zb09p6_E94p6;F3NCS_0387_ood_unseen_depth_range_ellipse_zb10p9_E15p1;F3NCS_0388_ood_unseen_depth_range_two_foci_zb12p8_E07p0;F3NCS_0389_ood_unseen_depth_range_two_foci_zb08p9_E35p1;F3NCS_0390_ood_unseen_depth_range_two_foci_zb08p6_E39p9;F3NCS_0391_ood_unseen_depth_range_ellipse_zb11p5_E49p0;F3NCS_0392_ood_unseen_depth_range_two_foci_zb09p8_E39p6;F3NCS_0393_ood_unseen_depth_range_two_foci_zb13p5_E10p5;F3NCS_0394_ood_unseen_depth_range_cylinder_zb13p1_E17p7;F3NCS_0395_ood_unseen_depth_range_ellipse_zb11p9_E19p2;F3NCS_0396_ood_unseen_depth_range_ellipse_zb12p8_E35p8;F3NCS_0397_ood_unseen_depth_range_ellipse_zb11p0_E90p4;F3NCS_0398_ood_unseen_depth_range_two_foci_zb09p3_E06p2;F3NCS_0399_ood_unseen_depth_range_two_foci_zb12p6_E13p2;F3NCS_0400_ood_unseen_depth_range_ellipse_zb13p7_E19p7;F3NCS_0401_ood_unseen_depth_range_ellipse_zb09p5_E63p3;F3NCS_0402_ood_unseen_depth_range_cylinder_zb09p7_E17p8;F3NCS_0403_ood_unseen_depth_range_cylinder_zb13p3_E13p7;F3NCS_0404_ood_unseen_depth_range_two_foci_zb08p6_E25p9;F3NCS_0405_ood_unseen_depth_range_cylinder_zb09p6_E16p6;F3NCS_0406_ood_unseen_depth_range_two_foci_zb12p7_E08p4;F3NCS_0407_ood_unseen_depth_range_two_foci_zb10p5_E11p3;F3NCS_0408_ood_unseen_depth_range_ellipse_zb12p1_E31p3;F3NCS_0409_ood_unseen_depth_range_two_foci_zb08p9_E07p6;F3NCS_0410_ood_unseen_depth_range_ellipse_zb13p0_E23p5;F3NCS_0411_ood_unseen_depth_range_two_foci_zb14p0_E48p4;F3NCS_0412_ood_unseen_depth_range_ellipse_zb12p8_E74p8;F3NCS_0413_ood_unseen_depth_range_ellipse_zb12p0_E10p1;F3NCS_0414_ood_unseen_depth_range_cylinder_zb10p0_E74p1;F3NCS_0415_ood_unseen_depth_range_two_foci_zb11p6_E74p6;F3NCS_0416_ood_unseen_depth_range_two_foci_zb10p5_E76p3;F3NCS_0417_ood_unseen_depth_range_two_foci_zb13p3_E17p8;F3NCS_0418_ood_unseen_depth_range_ellipse_zb13p8_E28p3;F3NCS_0419_ood_unseen_depth_range_ellipse_zb09p0_E16p3;F3NCS_0420_ood_unseen_depth_range_cylinder_zb13p3_E28p6;F3NCS_0421_ood_unseen_depth_range_cylinder_zb11p0_E23p8;F3NCS_0422_ood_unseen_depth_range_ellipse_zb11p4_E23p6;F3NCS_0423_ood_unseen_depth_range_ellipse_zb09p3_E11p4;F3NCS_0424_ood_unseen_depth_range_ellipse_zb11p1_E21p4;F3NCS_0425_ood_unseen_depth_range_two_foci_zb13p1_E09p6;F3NCS_0426_ood_unseen_depth_range_cylinder_zb10p6_E06p2;F3NCS_0427_ood_unseen_depth_range_ellipse_zb13p9_E58p6;F3NCS_0428_ood_unseen_depth_range_ellipse_zb10p2_E73p0;F3NCS_0429_ood_unseen_depth_range_two_foci_zb09p5_E07p0;F3NCS_0430_ood_unseen_depth_range_two_foci_zb11p3_E33p1;F3NCS_0431_ood_unseen_depth_range_cylinder_zb08p8_E06p7;F3NCS_0432_ood_unseen_depth_range_cylinder_zb09p3_E08p3;F3NCS_0433_ood_unseen_depth_range_cylinder_zb12p9_E86p3;F3NCS_0434_ood_unseen_depth_range_ellipse_zb13p9_E71p4;F3NCS_0435_ood_unseen_depth_range_cylinder_zb10p5_E25p4;F3NCS_0436_ood_unseen_depth_range_ellipse_zb11p9_E84p1;F3NCS_0437_ood_unseen_depth_range_ellipse_zb10p1_E14p8;F3NCS_0438_ood_unseen_depth_range_ellipse_zb10p1_E24p0;F3NCS_0439_ood_unseen_depth_range_ellipse_zb10p5_E33p5;F3NCS_0440_ood_unseen_depth_range_two_foci_zb12p0_E12p1;F3NCS_0441_ood_unseen_depth_range_ellipse_zb12p4_E06p2;F3NCS_0442_ood_unseen_depth_range_ellipse_zb11p7_E13p1;F3NCS_0443_ood_unseen_depth_range_ellipse_zb11p2_E14p1;F3NCS_0444_ood_unseen_depth_range_ellipse_zb10p4_E07p3;F3NCS_0445_ood_unseen_depth_range_two_foci_zb13p3_E51p9;F3NCS_0446_ood_unseen_depth_range_cylinder_zb12p2_E10p8;F3NCS_0447_ood_unseen_depth_range_two_foci_zb11p7_E11p2,method2b_512_full_comsol_colab_cuda,fig3_true_ood,1,split_role/ood_split_family,ood_unseen_depth_range,230,38,64,0.0726823806762695,0.0038108825683593,0.0116983698680996,0.0077476501464843,0.0220429059118032,0.0116004943847656,0.0279218927025795,0.0247573852539062,0.0326869301497936,0.6613597830292212,0.8432057918108883,0.1298141732404719,14.219988703341352,0.0142124272029313,0.1209848523139953,0.008777274750173,,
H:\My Drive\MN_simulation\outputs\rspi_joint_052026\method2b_512_five_seed_ood_full512_20260611\seed_3\posterior\rspi_posterior_metrics.csv,3,explicit_residual_target_diffusion,0.0871141403913497,0.1626603804566825,15.77436432471538,0.2230857387185096,3.2848618030548096,11.078953118840817,0.530909899718596,64,F3NCS_0384_ood_unseen_depth_range_two_foci_zb11p3_E39p2;F3NCS_0385_ood_unseen_depth_range_cylinder_zb11p5_E77p5;F3NCS_0386_ood_unseen_depth_range_ellipse_zb09p6_E94p6;F3NCS_0387_ood_unseen_depth_range_ellipse_zb10p9_E15p1;F3NCS_0388_ood_unseen_depth_range_two_foci_zb12p8_E07p0;F3NCS_0389_ood_unseen_depth_range_two_foci_zb08p9_E35p1;F3NCS_0390_ood_unseen_depth_range_two_foci_zb08p6_E39p9;F3NCS_0391_ood_unseen_depth_range_ellipse_zb11p5_E49p0;F3NCS_0392_ood_unseen_depth_range_two_foci_zb09p8_E39p6;F3NCS_0393_ood_unseen_depth_range_two_foci_zb13p5_E10p5;F3NCS_0394_ood_unseen_depth_range_cylinder_zb13p1_E17p7;F3NCS_0395_ood_unseen_depth_range_ellipse_zb11p9_E19p2;F3NCS_0396_ood_unseen_depth_range_ellipse_zb12p8_E35p8;F3NCS_0397_ood_unseen_depth_range_ellipse_zb11p0_E90p4;F3NCS_0398_ood_unseen_depth_range_two_foci_zb09p3_E06p2;F3NCS_0399_ood_unseen_depth_range_two_foci_zb12p6_E13p2;F3NCS_0400_ood_unseen_depth_range_ellipse_zb13p7_E19p7;F3NCS_0401_ood_unseen_depth_range_ellipse_zb09p5_E63p3;F3NCS_0402_ood_unseen_depth_range_cylinder_zb09p7_E17p8;F3NCS_0403_ood_unseen_depth_range_cylinder_zb13p3_E13p7;F3NCS_0404_ood_unseen_depth_range_two_foci_zb08p6_E25p9;F3NCS_0405_ood_unseen_depth_range_cylinder_zb09p6_E16p6;F3NCS_0406_ood_unseen_depth_range_two_foci_zb12p7_E08p4;F3NCS_0407_ood_unseen_depth_range_two_foci_zb10p5_E11p3;F3NCS_0408_ood_unseen_depth_range_ellipse_zb12p1_E31p3;F3NCS_0409_ood_unseen_depth_range_two_foci_zb08p9_E07p6;F3NCS_0410_ood_unseen_depth_range_ellipse_zb13p0_E23p5;F3NCS_0411_ood_unseen_depth_range_two_foci_zb14p0_E48p4;F3NCS_0412_ood_unseen_depth_range_ellipse_zb12p8_E74p8;F3NCS_0413_ood_unseen_depth_range_ellipse_zb12p0_E10p1;F3NCS_0414_ood_unseen_depth_range_cylinder_zb10p0_E74p1;F3NCS_0415_ood_unseen_depth_range_two_foci_zb11p6_E74p6;F3NCS_0416_ood_unseen_depth_range_two_foci_zb10p5_E76p3;F3NCS_0417_ood_unseen_depth_range_two_foci_zb13p3_E17p8;F3NCS_0418_ood_unseen_depth_range_ellipse_zb13p8_E28p3;F3NCS_0419_ood_unseen_depth_range_ellipse_zb09p0_E16p3;F3NCS_0420_ood_unseen_depth_range_cylinder_zb13p3_E28p6;F3NCS_0421_ood_unseen_depth_range_cylinder_zb11p0_E23p8;F3NCS_0422_ood_unseen_depth_range_ellipse_zb11p4_E23p6;F3NCS_0423_ood_unseen_depth_range_ellipse_zb09p3_E11p4;F3NCS_0424_ood_unseen_depth_range_ellipse_zb11p1_E21p4;F3NCS_0425_ood_unseen_depth_range_two_foci_zb13p1_E09p6;F3NCS_0426_ood_unseen_depth_range_cylinder_zb10p6_E06p2;F3NCS_0427_ood_unseen_depth_range_ellipse_zb13p9_E58p6;F3NCS_0428_ood_unseen_depth_range_ellipse_zb10p2_E73p0;F3NCS_0429_ood_unseen_depth_range_two_foci_zb09p5_E07p0;F3NCS_0430_ood_unseen_depth_range_two_foci_zb11p3_E33p1;F3NCS_0431_ood_unseen_depth_range_cylinder_zb08p8_E06p7;F3NCS_0432_ood_unseen_depth_range_cylinder_zb09p3_E08p3;F3NCS_0433_ood_unseen_depth_range_cylinder_zb12p9_E86p3;F3NCS_0434_ood_unseen_depth_range_ellipse_zb13p9_E71p4;F3NCS_0435_ood_unseen_depth_range_cylinder_zb10p5_E25p4;F3NCS_0436_ood_unseen_depth_range_ellipse_zb11p9_E84p1;F3NCS_0437_ood_unseen_depth_range_ellipse_zb10p1_E14p8;F3NCS_0438_ood_unseen_depth_range_ellipse_zb10p1_E24p0;F3NCS_0439_ood_unseen_depth_range_ellipse_zb10p5_E33p5;F3NCS_0440_ood_unseen_depth_range_two_foci_zb12p0_E12p1;F3NCS_0441_ood_unseen_depth_range_ellipse_zb12p4_E06p2;F3NCS_0442_ood_unseen_depth_range_ellipse_zb11p7_E13p1;F3NCS_0443_ood_unseen_depth_range_ellipse_zb11p2_E14p1;F3NCS_0444_ood_unseen_depth_range_ellipse_zb10p4_E07p3;F3NCS_0445_ood_unseen_depth_range_two_foci_zb13p3_E51p9;F3NCS_0446_ood_unseen_depth_range_cylinder_zb12p2_E10p8;F3NCS_0447_ood_unseen_depth_range_two_foci_zb11p7_E11p2,method2b_512_full_comsol_colab_cuda,fig3_true_ood,1,split_role/ood_split_family,ood_unseen_depth_range,230,38,64,0.0571450218558311,0.7164840698242188,0.0526927560567855,0.8293800354003906,0.137296050786972,0.8730049133300781,0.2101254314184188,0.9054718017578124,0.2830947637557983,0.7882102136033162,0.7829559462656143,0.0684837645292969,1.1785544392682608,0.0188813980071892,0.469534695148468,0.0818676054477691,,0.7356962561607361
H:\My Drive\MN_simulation\outputs\rspi_joint_052026\method2b_512_five_seed_ood_full512_20260611\seed_3\posterior\rspi_posterior_metrics.csv,3,train_mean_prior,0.1460379064083099,0.2254924993504597,12.937357993226668,0.0317656520346645,4.367835521697998,12.731186693471408,,32,F3NCS_0448_ood_unseen_layer_modulus_ellipse_zb07p4_E21p0;F3NCS_0449_ood_unseen_layer_modulus_ellipse_zb05p8_E54p9;F3NCS_0450_ood_unseen_layer_modulus_crescent_zb09p9_E11p6;F3NCS_0451_ood_unseen_layer_modulus_cylinder_zb09p3_E36p6;F3NCS_0452_ood_unseen_layer_modulus_two_foci_zb09p4_E11p5;F3NCS_0453_ood_unseen_layer_modulus_lobed_zb09p7_E21p6;F3NCS_0454_ood_unseen_layer_modulus_crescent_zb06p1_E76p6;F3NCS_0455_ood_unseen_layer_modulus_ellipse_zb06p0_E06p3;F3NCS_0456_ood_unseen_layer_modulus_ellipse_zb02p7_E65p7;F3NCS_0457_ood_unseen_layer_modulus_lobed_zb07p1_E19p6;F3NCS_0458_ood_unseen_layer_modulus_lobed_zb02p9_E06p6;F3NCS_0459_ood_unseen_layer_modulus_ellipse_zb09p5_E34p1;F3NCS_0460_ood_unseen_layer_modulus_two_foci_zb03p6_E86p4;F3NCS_0461_ood_unseen_layer_modulus_cylinder_zb08p2_E46p7;F3NCS_0462_ood_unseen_layer_modulus_two_foci_zb09p7_E30p7;F3NCS_0463_ood_unseen_layer_modulus_lobed_zb03p1_E09p1;F3NCS_0464_ood_unseen_layer_modulus_lobed_zb05p9_E29p2;F3NCS_0465_ood_unseen_layer_modulus_two_foci_zb03p6_E42p2;F3NCS_0466_ood_unseen_layer_modulus_two_foci_zb03p5_E33p5;F3NCS_0467_ood_unseen_layer_modulus_cylinder_zb03p5_E16p4;F3NCS_0468_ood_unseen_layer_modulus_lobed_zb04p2_E55p5;F3NCS_0469_ood_unseen_layer_modulus_ellipse_zb08p2_E21p5;F3NCS_0470_ood_unseen_layer_modulus_lobed_zb05p9_E43p7;F3NCS_0471_ood_unseen_layer_modulus_lobed_zb02p0_E78p3;F3NCS_0472_ood_unseen_layer_modulus_lobed_zb07p9_E07p2;F3NCS_0473_ood_unseen_layer_modulus_ellipse_zb05p9_E08p4;F3NCS_0474_ood_unseen_layer_modulus_cylinder_zb09p4_E22p6;F3NCS_0475_ood_unseen_layer_modulus_lobed_zb08p1_E22p1;F3NCS_0476_ood_unseen_layer_modulus_ellipse_zb05p7_E79p4;F3NCS_0477_ood_unseen_layer_modulus_ellipse_zb03p5_E10p4;F3NCS_0478_ood_unseen_layer_modulus_ellipse_zb07p1_E27p2;F3NCS_0479_ood_unseen_layer_modulus_cylinder_zb03p7_E09p1,method2b_512_full_comsol_colab_cuda,fig3_true_ood,2,split_role/ood_split_family,ood_unseen_layer_modulus,230,38,32,,,,,,,,,,,,,,,,,,
H:\My Drive\MN_simulation\outputs\rspi_joint_052026\method2b_512_five_seed_ood_full512_20260611\seed_3\posterior\rspi_posterior_metrics.csv,3,srcnn_bz_single_channel,0.1182555258274078,0.2024239583646214,13.874761736864835,0.1639838372357189,4.046414852142334,12.231258458215969,0.4120017742052028,32,F3NCS_0448_ood_unseen_layer_modulus_ellipse_zb07p4_E21p0;F3NCS_0449_ood_unseen_layer_modulus_ellipse_zb05p8_E54p9;F3NCS_0450_ood_unseen_layer_modulus_crescent_zb09p9_E11p6;F3NCS_0451_ood_unseen_layer_modulus_cylinder_zb09p3_E36p6;F3NCS_0452_ood_unseen_layer_modulus_two_foci_zb09p4_E11p5;F3NCS_0453_ood_unseen_layer_modulus_lobed_zb09p7_E21p6;F3NCS_0454_ood_unseen_layer_modulus_crescent_zb06p1_E76p6;F3NCS_0455_ood_unseen_layer_modulus_ellipse_zb06p0_E06p3;F3NCS_0456_ood_unseen_layer_modulus_ellipse_zb02p7_E65p7;F3NCS_0457_ood_unseen_layer_modulus_lobed_zb07p1_E19p6;F3NCS_0458_ood_unseen_layer_modulus_lobed_zb02p9_E06p6;F3NCS_0459_ood_unseen_layer_modulus_ellipse_zb09p5_E34p1;F3NCS_0460_ood_unseen_layer_modulus_two_foci_zb03p6_E86p4;F3NCS_0461_ood_unseen_layer_modulus_cylinder_zb08p2_E46p7;F3NCS_0462_ood_unseen_layer_modulus_two_foci_zb09p7_E30p7;F3NCS_0463_ood_unseen_layer_modulus_lobed_zb03p1_E09p1;F3NCS_0464_ood_unseen_layer_modulus_lobed_zb05p9_E29p2;F3NCS_0465_ood_unseen_layer_modulus_two_foci_zb03p6_E42p2;F3NCS_0466_ood_unseen_layer_modulus_two_foci_zb03p5_E33p5;F3NCS_0467_ood_unseen_layer_modulus_cylinder_zb03p5_E16p4;F3NCS_0468_ood_unseen_layer_modulus_lobed_zb04p2_E55p5;F3NCS_0469_ood_unseen_layer_modulus_ellipse_zb08p2_E21p5;F3NCS_0470_ood_unseen_layer_modulus_lobed_zb05p9_E43p7;F3NCS_0471_ood_unseen_layer_modulus_lobed_zb02p0_E78p3;F3NCS_0472_ood_unseen_layer_modulus_lobed_zb07p9_E07p2;F3NCS_0473_ood_unseen_layer_modulus_ellipse_zb05p9_E08p4;F3NCS_0474_ood_unseen_layer_modulus_cylinder_zb09p4_E22p6;F3NCS_0475_ood_unseen_layer_modulus_lobed_zb08p1_E22p1;F3NCS_0476_ood_unseen_layer_modulus_ellipse_zb05p7_E79p4;F3NCS_0477_ood_unseen_layer_modulus_ellipse_zb03p5_E10p4;F3NCS_0478_ood_unseen_layer_modulus_ellipse_zb07p1_E27p2;F3NCS_0479_ood_unseen_layer_modulus_cylinder_zb03p7_E09p1,method2b_512_full_comsol_colab_cuda,fig3_true_ood,2,split_role/ood_split_family,ood_unseen_layer_modulus,230,38,32,0.1182555258274078,0.0,0.0,0.0,0.0,0.0,0.0,0.0,0.0,,0.5,0.2012879964796106,20128799.647961065,0.084565523343831,0.1442642211914062,0.0,,
H:\My Drive\MN_simulation\outputs\rspi_joint_052026\method2b_512_five_seed_ood_full512_20260611\seed_3\posterior\rspi_posterior_metrics.csv,3,unet_canonical_bxyz,0.0711343437433242,0.1501380918064606,16.47018216278428,0.434099537320435,2.904713630676269,9.234647640328006,0.549255975157882,32,F3NCS_0448_ood_unseen_layer_modulus_ellipse_zb07p4_E21p0;F3NCS_0449_ood_unseen_layer_modulus_ellipse_zb05p8_E54p9;F3NCS_0450_ood_unseen_layer_modulus_crescent_zb09p9_E11p6;F3NCS_0451_ood_unseen_layer_modulus_cylinder_zb09p3_E36p6;F3NCS_0452_ood_unseen_layer_modulus_two_foci_zb09p4_E11p5;F3NCS_0453_ood_unseen_layer_modulus_lobed_zb09p7_E21p6;F3NCS_0454_ood_unseen_layer_modulus_crescent_zb06p1_E76p6;F3NCS_0455_ood_unseen_layer_modulus_ellipse_zb06p0_E06p3;F3NCS_0456_ood_unseen_layer_modulus_ellipse_zb02p7_E65p7;F3NCS_0457_ood_unseen_layer_modulus_lobed_zb07p1_E19p6;F3NCS_0458_ood_unseen_layer_modulus_lobed_zb02p9_E06p6;F3NCS_0459_ood_unseen_layer_modulus_ellipse_zb09p5_E34p1;F3NCS_0460_ood_unseen_layer_modulus_two_foci_zb03p6_E86p4;F3NCS_0461_ood_unseen_layer_modulus_cylinder_zb08p2_E46p7;F3NCS_0462_ood_unseen_layer_modulus_two_foci_zb09p7_E30p7;F3NCS_0463_ood_unseen_layer_modulus_lobed_zb03p1_E09p1;F3NCS_0464_ood_unseen_layer_modulus_lobed_zb05p9_E29p2;F3NCS_0465_ood_unseen_layer_modulus_two_foci_zb03p6_E42p2;F3NCS_0466_ood_unseen_layer_modulus_two_foci_zb03p5_E33p5;F3NCS_0467_ood_unseen_layer_modulus_cylinder_zb03p5_E16p4;F3NCS_0468_ood_unseen_layer_modulus_lobed_zb04p2_E55p5;F3NCS_0469_ood_unseen_layer_modulus_ellipse_zb08p2_E21p5;F3NCS_0470_ood_unseen_layer_modulus_lobed_zb05p9_E43p7;F3NCS_0471_ood_unseen_layer_modulus_lobed_zb02p0_E78p3;F3NCS_0472_ood_unseen_layer_modulus_lobed_zb07p9_E07p2;F3NCS_0473_ood_unseen_layer_modulus_ellipse_zb05p9_E08p4;F3NCS_0474_ood_unseen_layer_modulus_cylinder_zb09p4_E22p6;F3NCS_0475_ood_unseen_layer_modulus_lobed_zb08p1_E22p1;F3NCS_0476_ood_unseen_layer_modulus_ellipse_zb05p7_E79p4;F3NCS_0477_ood_unseen_layer_modulus_ellipse_zb03p5_E10p4;F3NCS_0478_ood_unseen_layer_modulus_ellipse_zb07p1_E27p2;F3NCS_0479_ood_unseen_layer_modulus_cylinder_zb03p7_E09p1,method2b_512_full_comsol_colab_cuda,fig3_true_ood,2,split_role/ood_split_family,ood_unseen_layer_modulus,230,38,32,0.0711343437433242,0.0,0.0,0.0,0.0,0.0,0.0,0.0,0.0,,0.5,0.1474945658945691,14749456.589456912,0.0512953020460857,0.1063613891601562,0.0,,
H:\My Drive\MN_simulation\outputs\rspi_joint_052026\method2b_512_five_seed_ood_full512_20260611\seed_3\posterior\rspi_posterior_metrics.csv,3,vanilla_diffusion,0.47049480676651,0.4855160501628199,6.275928172712527,0.0475816490070428,14.08061408996582,15.875737210675348,0.2838656849990761,32,F3NCS_0448_ood_unseen_layer_modulus_ellipse_zb07p4_E21p0;F3NCS_0449_ood_unseen_layer_modulus_ellipse_zb05p8_E54p9;F3NCS_0450_ood_unseen_layer_modulus_crescent_zb09p9_E11p6;F3NCS_0451_ood_unseen_layer_modulus_cylinder_zb09p3_E36p6;F3NCS_0452_ood_unseen_layer_modulus_two_foci_zb09p4_E11p5;F3NCS_0453_ood_unseen_layer_modulus_lobed_zb09p7_E21p6;F3NCS_0454_ood_unseen_layer_modulus_crescent_zb06p1_E76p6;F3NCS_0455_ood_unseen_layer_modulus_ellipse_zb06p0_E06p3;F3NCS_0456_ood_unseen_layer_modulus_ellipse_zb02p7_E65p7;F3NCS_0457_ood_unseen_layer_modulus_lobed_zb07p1_E19p6;F3NCS_0458_ood_unseen_layer_modulus_lobed_zb02p9_E06p6;F3NCS_0459_ood_unseen_layer_modulus_ellipse_zb09p5_E34p1;F3NCS_0460_ood_unseen_layer_modulus_two_foci_zb03p6_E86p4;F3NCS_0461_ood_unseen_layer_modulus_cylinder_zb08p2_E46p7;F3NCS_0462_ood_unseen_layer_modulus_two_foci_zb09p7_E30p7;F3NCS_0463_ood_unseen_layer_modulus_lobed_zb03p1_E09p1;F3NCS_0464_ood_unseen_layer_modulus_lobed_zb05p9_E29p2;F3NCS_0465_ood_unseen_layer_modulus_two_foci_zb03p6_E42p2;F3NCS_0466_ood_unseen_layer_modulus_two_foci_zb03p5_E33p5;F3NCS_0467_ood_unseen_layer_modulus_cylinder_zb03p5_E16p4;F3NCS_0468_ood_unseen_layer_modulus_lobed_zb04p2_E55p5;F3NCS_0469_ood_unseen_layer_modulus_ellipse_zb08p2_E21p5;F3NCS_0470_ood_unseen_layer_modulus_lobed_zb05p9_E43p7;F3NCS_0471_ood_unseen_layer_modulus_lobed_zb02p0_E78p3;F3NCS_0472_ood_unseen_layer_modulus_lobed_zb07p9_E07p2;F3NCS_0473_ood_unseen_layer_modulus_ellipse_zb05p9_E08p4;F3NCS_0474_ood_unseen_layer_modulus_cylinder_zb09p4_E22p6;F3NCS_0475_ood_unseen_layer_modulus_lobed_zb08p1_E22p1;F3NCS_0476_ood_unseen_layer_modulus_ellipse_zb05p7_E79p4;F3NCS_0477_ood_unseen_layer_modulus_ellipse_zb03p5_E10p4;F3NCS_0478_ood_unseen_layer_modulus_ellipse_zb07p1_E27p2;F3NCS_0479_ood_unseen_layer_modulus_cylinder_zb03p7_E09p1,method2b_512_full_comsol_colab_cuda,fig3_true_ood,2,split_role/ood_split_family,ood_unseen_layer_modulus,230,38,32,,,,,,,,,,,,,,,,0.0910735130310058,64.0,
H:\My Drive\MN_simulation\outputs\rspi_joint_052026\method2b_512_five_seed_ood_full512_20260611\seed_3\posterior\rspi_posterior_metrics.csv,3,prior_init_diffusion_unet,0.0739269033074379,0.1508034761383441,16.43177295045201,0.2469807928428053,2.919938564300537,9.240950410523048,0.5422206025299596,32,F3NCS_0448_ood_unseen_layer_modulus_ellipse_zb07p4_E21p0;F3NCS_0449_ood_unseen_layer_modulus_ellipse_zb05p8_E54p9;F3NCS_0450_ood_unseen_layer_modulus_crescent_zb09p9_E11p6;F3NCS_0451_ood_unseen_layer_modulus_cylinder_zb09p3_E36p6;F3NCS_0452_ood_unseen_layer_modulus_two_foci_zb09p4_E11p5;F3NCS_0453_ood_unseen_layer_modulus_lobed_zb09p7_E21p6;F3NCS_0454_ood_unseen_layer_modulus_crescent_zb06p1_E76p6;F3NCS_0455_ood_unseen_layer_modulus_ellipse_zb06p0_E06p3;F3NCS_0456_ood_unseen_layer_modulus_ellipse_zb02p7_E65p7;F3NCS_0457_ood_unseen_layer_modulus_lobed_zb07p1_E19p6;F3NCS_0458_ood_unseen_layer_modulus_lobed_zb02p9_E06p6;F3NCS_0459_ood_unseen_layer_modulus_ellipse_zb09p5_E34p1;F3NCS_0460_ood_unseen_layer_modulus_two_foci_zb03p6_E86p4;F3NCS_0461_ood_unseen_layer_modulus_cylinder_zb08p2_E46p7;F3NCS_0462_ood_unseen_layer_modulus_two_foci_zb09p7_E30p7;F3NCS_0463_ood_unseen_layer_modulus_lobed_zb03p1_E09p1;F3NCS_0464_ood_unseen_layer_modulus_lobed_zb05p9_E29p2;F3NCS_0465_ood_unseen_layer_modulus_two_foci_zb03p6_E42p2;F3NCS_0466_ood_unseen_layer_modulus_two_foci_zb03p5_E33p5;F3NCS_0467_ood_unseen_layer_modulus_cylinder_zb03p5_E16p4;F3NCS_0468_ood_unseen_layer_modulus_lobed_zb04p2_E55p5;F3NCS_0469_ood_unseen_layer_modulus_ellipse_zb08p2_E21p5;F3NCS_0470_ood_unseen_layer_modulus_lobed_zb05p9_E43p7;F3NCS_0471_ood_unseen_layer_modulus_lobed_zb02p0_E78p3;F3NCS_0472_ood_unseen_layer_modulus_lobed_zb07p9_E07p2;F3NCS_0473_ood_unseen_layer_modulus_ellipse_zb05p9_E08p4;F3NCS_0474_ood_unseen_layer_modulus_cylinder_zb09p4_E22p6;F3NCS_0475_ood_unseen_layer_modulus_lobed_zb08p1_E22p1;F3NCS_0476_ood_unseen_layer_modulus_ellipse_zb05p7_E79p4;F3NCS_0477_ood_unseen_layer_modulus_ellipse_zb03p5_E10p4;F3NCS_0478_ood_unseen_layer_modulus_ellipse_zb07p1_E27p2;F3NCS_0479_ood_unseen_layer_modulus_cylinder_zb03p7_E09p1,method2b_512_full_comsol_colab_cuda,fig3_true_ood,2,split_role/ood_split_family,ood_unseen_layer_modulus,230,38,32,0.0687102228403091,0.0050277709960937,0.012534637004137,0.018829345703125,0.0236079096794128,0.048309326171875,0.0298631638288497,0.1180496215820312,0.0347805954515934,0.5523638636412641,0.8683256372407497,0.1140905118522799,11.210814935886932,0.0122903890731391,0.1208776235580444,0.0093524688854813,,
H:\My Drive\MN_simulation\outputs\rspi_joint_052026\method2b_512_five_seed_ood_full512_20260611\seed_3\posterior\rspi_posterior_metrics.csv,3,residual_likelihood_guided_diffusion,0.0739325210452079,0.1508200879553501,16.430816205512127,0.2466986323706805,2.920135736465454,9.241932830784396,0.5427443995476331,32,F3NCS_0448_ood_unseen_layer_modulus_ellipse_zb07p4_E21p0;F3NCS_0449_ood_unseen_layer_modulus_ellipse_zb05p8_E54p9;F3NCS_0450_ood_unseen_layer_modulus_crescent_zb09p9_E11p6;F3NCS_0451_ood_unseen_layer_modulus_cylinder_zb09p3_E36p6;F3NCS_0452_ood_unseen_layer_modulus_two_foci_zb09p4_E11p5;F3NCS_0453_ood_unseen_layer_modulus_lobed_zb09p7_E21p6;F3NCS_0454_ood_unseen_layer_modulus_crescent_zb06p1_E76p6;F3NCS_0455_ood_unseen_layer_modulus_ellipse_zb06p0_E06p3;F3NCS_0456_ood_unseen_layer_modulus_ellipse_zb02p7_E65p7;F3NCS_0457_ood_unseen_layer_modulus_lobed_zb07p1_E19p6;F3NCS_0458_ood_unseen_layer_modulus_lobed_zb02p9_E06p6;F3NCS_0459_ood_unseen_layer_modulus_ellipse_zb09p5_E34p1;F3NCS_0460_ood_unseen_layer_modulus_two_foci_zb03p6_E86p4;F3NCS_0461_ood_unseen_layer_modulus_cylinder_zb08p2_E46p7;F3NCS_0462_ood_unseen_layer_modulus_two_foci_zb09p7_E30p7;F3NCS_0463_ood_unseen_layer_modulus_lobed_zb03p1_E09p1;F3NCS_0464_ood_unseen_layer_modulus_lobed_zb05p9_E29p2;F3NCS_0465_ood_unseen_layer_modulus_two_foci_zb03p6_E42p2;F3NCS_0466_ood_unseen_layer_modulus_two_foci_zb03p5_E33p5;F3NCS_0467_ood_unseen_layer_modulus_cylinder_zb03p5_E16p4;F3NCS_0468_ood_unseen_layer_modulus_lobed_zb04p2_E55p5;F3NCS_0469_ood_unseen_layer_modulus_ellipse_zb08p2_E21p5;F3NCS_0470_ood_unseen_layer_modulus_lobed_zb05p9_E43p7;F3NCS_0471_ood_unseen_layer_modulus_lobed_zb02p0_E78p3;F3NCS_0472_ood_unseen_layer_modulus_lobed_zb07p9_E07p2;F3NCS_0473_ood_unseen_layer_modulus_ellipse_zb05p9_E08p4;F3NCS_0474_ood_unseen_layer_modulus_cylinder_zb09p4_E22p6;F3NCS_0475_ood_unseen_layer_modulus_lobed_zb08p1_E22p1;F3NCS_0476_ood_unseen_layer_modulus_ellipse_zb05p7_E79p4;F3NCS_0477_ood_unseen_layer_modulus_ellipse_zb03p5_E10p4;F3NCS_0478_ood_unseen_layer_modulus_ellipse_zb07p1_E27p2;F3NCS_0479_ood_unseen_layer_modulus_cylinder_zb03p7_E09p1,method2b_512_full_comsol_colab_cuda,fig3_true_ood,2,split_role/ood_split_family,ood_unseen_layer_modulus,230,38,32,0.0687119513750076,0.0048751831054687,0.0125374384224414,0.0189971923828125,0.0236223842948675,0.0467376708984375,0.0298765376210212,0.115264892578125,0.0347951501607894,0.5522169270598611,0.8685210342848115,0.115105310910421,11.33630769706727,0.0122541638669905,0.1206027269363403,0.0093584638088941,,
H:\My Drive\MN_simulation\outputs\rspi_joint_052026\method2b_512_five_seed_ood_full512_20260611\seed_3\posterior\rspi_posterior_metrics.csv,3,explicit_residual_target_diffusion,0.122563749551773,0.1705942880671272,15.360710284290972,0.0938837319845333,3.66402530670166,9.312867842200331,0.5559777503158239,32,F3NCS_0448_ood_unseen_layer_modulus_ellipse_zb07p4_E21p0;F3NCS_0449_ood_unseen_layer_modulus_ellipse_zb05p8_E54p9;F3NCS_0450_ood_unseen_layer_modulus_crescent_zb09p9_E11p6;F3NCS_0451_ood_unseen_layer_modulus_cylinder_zb09p3_E36p6;F3NCS_0452_ood_unseen_layer_modulus_two_foci_zb09p4_E11p5;F3NCS_0453_ood_unseen_layer_modulus_lobed_zb09p7_E21p6;F3NCS_0454_ood_unseen_layer_modulus_crescent_zb06p1_E76p6;F3NCS_0455_ood_unseen_layer_modulus_ellipse_zb06p0_E06p3;F3NCS_0456_ood_unseen_layer_modulus_ellipse_zb02p7_E65p7;F3NCS_0457_ood_unseen_layer_modulus_lobed_zb07p1_E19p6;F3NCS_0458_ood_unseen_layer_modulus_lobed_zb02p9_E06p6;F3NCS_0459_ood_unseen_layer_modulus_ellipse_zb09p5_E34p1;F3NCS_0460_ood_unseen_layer_modulus_two_foci_zb03p6_E86p4;F3NCS_0461_ood_unseen_layer_modulus_cylinder_zb08p2_E46p7;F3NCS_0462_ood_unseen_layer_modulus_two_foci_zb09p7_E30p7;F3NCS_0463_ood_unseen_layer_modulus_lobed_zb03p1_E09p1;F3NCS_0464_ood_unseen_layer_modulus_lobed_zb05p9_E29p2;F3NCS_0465_ood_unseen_layer_modulus_two_foci_zb03p6_E42p2;F3NCS_0466_ood_unseen_layer_modulus_two_foci_zb03p5_E33p5;F3NCS_0467_ood_unseen_layer_modulus_cylinder_zb03p5_E16p4;F3NCS_0468_ood_unseen_layer_modulus_lobed_zb04p2_E55p5;F3NCS_0469_ood_unseen_layer_modulus_ellipse_zb08p2_E21p5;F3NCS_0470_ood_unseen_layer_modulus_lobed_zb05p9_E43p7;F3NCS_0471_ood_unseen_layer_modulus_lobed_zb02p0_E78p3;F3NCS_0472_ood_unseen_layer_modulus_lobed_zb07p9_E07p2;F3NCS_0473_ood_unseen_layer_modulus_ellipse_zb05p9_E08p4;F3NCS_0474_ood_unseen_layer_modulus_cylinder_zb09p4_E22p6;F3NCS_0475_ood_unseen_layer_modulus_lobed_zb08p1_E22p1;F3NCS_0476_ood_unseen_layer_modulus_ellipse_zb05p7_E79p4;F3NCS_0477_ood_unseen_layer_modulus_ellipse_zb03p5_E10p4;F3NCS_0478_ood_unseen_layer_modulus_ellipse_zb07p1_E27p2;F3NCS_0479_ood_unseen_layer_modulus_cylinder_zb03p7_E09p1,method2b_512_full_comsol_colab_cuda,fig3_true_ood,2,split_role/ood_split_family,ood_unseen_layer_modulus,230,38,32,0.0834416225552558,0.0419082641601562,0.0665453523397445,0.2973556518554687,0.1798319071531295,0.5413436889648438,0.2739867568016052,0.7295074462890625,0.3582388758659363,0.6698982357466629,0.7520147032827039,0.0688473058850771,0.8374821959436171,0.0223309966718858,0.1622258424758911,0.0943150222301483,,0.7298346757888794
H:\My Drive\MN_simulation\outputs\rspi_joint_052026\method2b_512_five_seed_ood_full512_20260611\seed_3\posterior\rspi_posterior_metrics.csv,3,train_mean_prior,0.1387180089950561,0.2099162830506646,13.559077444190562,0.0306947253411635,3.739305257797241,10.71926353714697,,32,F3NCS_0480_ood_unseen_operator_noise_lobed_zb10p0_E66p7;F3NCS_0481_ood_unseen_operator_noise_ellipse_zb05p4_E11p5;F3NCS_0482_ood_unseen_operator_noise_lobed_zb01p7_E06p9;F3NCS_0483_ood_unseen_operator_noise_lobed_zb08p7_E31p8;F3NCS_0484_ood_unseen_operator_noise_cylinder_zb10p1_E08p6;F3NCS_0485_ood_unseen_operator_noise_two_foci_zb07p5_E25p6;F3NCS_0486_ood_unseen_operator_noise_cylinder_zb04p8_E14p8;F3NCS_0487_ood_unseen_operator_noise_two_foci_zb04p8_E08p4;F3NCS_0488_ood_unseen_operator_noise_ellipse_zb02p0_E51p8;F3NCS_0489_ood_unseen_operator_noise_two_foci_zb07p5_E23p2;F3NCS_0490_ood_unseen_operator_noise_crescent_zb05p7_E09p8;F3NCS_0491_ood_unseen_operator_noise_two_foci_zb01p9_E52p0;F3NCS_0492_ood_unseen_operator_noise_two_foci_zb05p8_E11p8;F3NCS_0493_ood_unseen_operator_noise_two_foci_zb02p7_E17p6;F3NCS_0494_ood_unseen_operator_noise_cylinder_zb03p5_E15p1;F3NCS_0495_ood_unseen_operator_noise_ellipse_zb11p4_E39p6;F3NCS_0496_ood_unseen_operator_noise_two_foci_zb05p4_E16p3;F3NCS_0497_ood_unseen_operator_noise_two_foci_zb06p2_E23p1;F3NCS_0498_ood_unseen_operator_noise_crescent_zb04p0_E08p5;F3NCS_0499_ood_unseen_operator_noise_lobed_zb01p5_E71p0;F3NCS_0500_ood_unseen_operator_noise_cylinder_zb02p3_E45p6;F3NCS_0501_ood_unseen_operator_noise_two_foci_zb09p3_E50p3;F3NCS_0502_ood_unseen_operator_noise_cylinder_zb11p5_E11p1;F3NCS_0503_ood_unseen_operator_noise_two_foci_zb07p9_E32p0;F3NCS_0504_ood_unseen_operator_noise_crescent_zb10p9_E39p6;F3NCS_0505_ood_unseen_operator_noise_lobed_zb06p3_E74p2;F3NCS_0506_ood_unseen_operator_noise_lobed_zb06p9_E36p9;F3NCS_0507_ood_unseen_operator_noise_ellipse_zb01p4_E08p8;F3NCS_0508_ood_unseen_operator_noise_two_foci_zb03p5_E13p6;F3NCS_0509_ood_unseen_operator_noise_crescent_zb11p1_E35p5;F3NCS_0510_ood_unseen_operator_noise_ellipse_zb02p7_E08p0;F3NCS_0511_ood_unseen_operator_noise_crescent_zb08p1_E09p7,method2b_512_full_comsol_colab_cuda,fig3_true_ood,3,split_role/ood_split_family,ood_unseen_operator_noise,230,38,32,,,,,,,,,,,,,,,,,,
H:\My Drive\MN_simulation\outputs\rspi_joint_052026\method2b_512_five_seed_ood_full512_20260611\seed_3\posterior\rspi_posterior_metrics.csv,3,srcnn_bz_single_channel,0.1123383641242981,0.1910424570533878,14.377402098507588,0.1639016412664204,3.4292774200439453,10.139087813238936,0.3688311184368507,32,F3NCS_0480_ood_unseen_operator_noise_lobed_zb10p0_E66p7;F3NCS_0481_ood_unseen_operator_noise_ellipse_zb05p4_E11p5;F3NCS_0482_ood_unseen_operator_noise_lobed_zb01p7_E06p9;F3NCS_0483_ood_unseen_operator_noise_lobed_zb08p7_E31p8;F3NCS_0484_ood_unseen_operator_noise_cylinder_zb10p1_E08p6;F3NCS_0485_ood_unseen_operator_noise_two_foci_zb07p5_E25p6;F3NCS_0486_ood_unseen_operator_noise_cylinder_zb04p8_E14p8;F3NCS_0487_ood_unseen_operator_noise_two_foci_zb04p8_E08p4;F3NCS_0488_ood_unseen_operator_noise_ellipse_zb02p0_E51p8;F3NCS_0489_ood_unseen_operator_noise_two_foci_zb07p5_E23p2;F3NCS_0490_ood_unseen_operator_noise_crescent_zb05p7_E09p8;F3NCS_0491_ood_unseen_operator_noise_two_foci_zb01p9_E52p0;F3NCS_0492_ood_unseen_operator_noise_two_foci_zb05p8_E11p8;F3NCS_0493_ood_unseen_operator_noise_two_foci_zb02p7_E17p6;F3NCS_0494_ood_unseen_operator_noise_cylinder_zb03p5_E15p1;F3NCS_0495_ood_unseen_operator_noise_ellipse_zb11p4_E39p6;F3NCS_0496_ood_unseen_operator_noise_two_foci_zb05p4_E16p3;F3NCS_0497_ood_unseen_operator_noise_two_foci_zb06p2_E23p1;F3NCS_0498_ood_unseen_operator_noise_crescent_zb04p0_E08p5;F3NCS_0499_ood_unseen_operator_noise_lobed_zb01p5_E71p0;F3NCS_0500_ood_unseen_operator_noise_cylinder_zb02p3_E45p6;F3NCS_0501_ood_unseen_operator_noise_two_foci_zb09p3_E50p3;F3NCS_0502_ood_unseen_operator_noise_cylinder_zb11p5_E11p1;F3NCS_0503_ood_unseen_operator_noise_two_foci_zb07p9_E32p0;F3NCS_0504_ood_unseen_operator_noise_crescent_zb10p9_E39p6;F3NCS_0505_ood_unseen_operator_noise_lobed_zb06p3_E74p2;F3NCS_0506_ood_unseen_operator_noise_lobed_zb06p9_E36p9;F3NCS_0507_ood_unseen_operator_noise_ellipse_zb01p4_E08p8;F3NCS_0508_ood_unseen_operator_noise_two_foci_zb03p5_E13p6;F3NCS_0509_ood_unseen_operator_noise_crescent_zb11p1_E35p5;F3NCS_0510_ood_unseen_operator_noise_ellipse_zb02p7_E08p0;F3NCS_0511_ood_unseen_operator_noise_crescent_zb08p1_E09p7,method2b_512_full_comsol_colab_cuda,fig3_true_ood,3,split_role/ood_split_family,ood_unseen_operator_noise,230,38,32,0.1123383641242981,0.0,0.0,0.0,0.0,0.0,0.0,0.0,0.0,,0.5,0.1883421001677488,18834210.01677489,0.0817156477114311,0.1349563598632812,0.0,,
H:\My Drive\MN_simulation\outputs\rspi_joint_052026\method2b_512_five_seed_ood_full512_20260611\seed_3\posterior\rspi_posterior_metrics.csv,3,unet_canonical_bxyz,0.0764878764748573,0.1544505573227145,16.224210404842985,0.3663594638928771,2.708781480789185,8.153404002388934,0.5200087769699874,32,F3NCS_0480_ood_unseen_operator_noise_lobed_zb10p0_E66p7;F3NCS_0481_ood_unseen_operator_noise_ellipse_zb05p4_E11p5;F3NCS_0482_ood_unseen_operator_noise_lobed_zb01p7_E06p9;F3NCS_0483_ood_unseen_operator_noise_lobed_zb08p7_E31p8;F3NCS_0484_ood_unseen_operator_noise_cylinder_zb10p1_E08p6;F3NCS_0485_ood_unseen_operator_noise_two_foci_zb07p5_E25p6;F3NCS_0486_ood_unseen_operator_noise_cylinder_zb04p8_E14p8;F3NCS_0487_ood_unseen_operator_noise_two_foci_zb04p8_E08p4;F3NCS_0488_ood_unseen_operator_noise_ellipse_zb02p0_E51p8;F3NCS_0489_ood_unseen_operator_noise_two_foci_zb07p5_E23p2;F3NCS_0490_ood_unseen_operator_noise_crescent_zb05p7_E09p8;F3NCS_0491_ood_unseen_operator_noise_two_foci_zb01p9_E52p0;F3NCS_0492_ood_unseen_operator_noise_two_foci_zb05p8_E11p8;F3NCS_0493_ood_unseen_operator_noise_two_foci_zb02p7_E17p6;F3NCS_0494_ood_unseen_operator_noise_cylinder_zb03p5_E15p1;F3NCS_0495_ood_unseen_operator_noise_ellipse_zb11p4_E39p6;F3NCS_0496_ood_unseen_operator_noise_two_foci_zb05p4_E16p3;F3NCS_0497_ood_unseen_operator_noise_two_foci_zb06p2_E23p1;F3NCS_0498_ood_unseen_operator_noise_crescent_zb04p0_E08p5;F3NCS_0499_ood_unseen_operator_noise_lobed_zb01p5_E71p0;F3NCS_0500_ood_unseen_operator_noise_cylinder_zb02p3_E45p6;F3NCS_0501_ood_unseen_operator_noise_two_foci_zb09p3_E50p3;F3NCS_0502_ood_unseen_operator_noise_cylinder_zb11p5_E11p1;F3NCS_0503_ood_unseen_operator_noise_two_foci_zb07p9_E32p0;F3NCS_0504_ood_unseen_operator_noise_crescent_zb10p9_E39p6;F3NCS_0505_ood_unseen_operator_noise_lobed_zb06p3_E74p2;F3NCS_0506_ood_unseen_operator_noise_lobed_zb06p9_E36p9;F3NCS_0507_ood_unseen_operator_noise_ellipse_zb01p4_E08p8;F3NCS_0508_ood_unseen_operator_noise_two_foci_zb03p5_E13p6;F3NCS_0509_ood_unseen_operator_noise_crescent_zb11p1_E35p5;F3NCS_0510_ood_unseen_operator_noise_ellipse_zb02p7_E08p0;F3NCS_0511_ood_unseen_operator_noise_crescent_zb08p1_E09p7,method2b_512_full_comsol_colab_cuda,fig3_true_ood,3,split_role/ood_split_family,ood_unseen_operator_noise,230,38,32,0.0764878839254379,0.0,0.0,0.0,0.0,0.0,0.0,0.0,0.0,,0.5,0.1535543224289969,15355432.242899695,0.0610625571974477,0.1071090698242187,0.0,,
H:\My Drive\MN_simulation\outputs\rspi_joint_052026\method2b_512_five_seed_ood_full512_20260611\seed_3\posterior\rspi_posterior_metrics.csv,3,vanilla_diffusion,0.431158185005188,0.444461913643019,7.043308963992164,0.0447371521149762,11.637808799743652,13.233326335556011,0.2786883598257525,32,F3NCS_0480_ood_unseen_operator_noise_lobed_zb10p0_E66p7;F3NCS_0481_ood_unseen_operator_noise_ellipse_zb05p4_E11p5;F3NCS_0482_ood_unseen_operator_noise_lobed_zb01p7_E06p9;F3NCS_0483_ood_unseen_operator_noise_lobed_zb08p7_E31p8;F3NCS_0484_ood_unseen_operator_noise_cylinder_zb10p1_E08p6;F3NCS_0485_ood_unseen_operator_noise_two_foci_zb07p5_E25p6;F3NCS_0486_ood_unseen_operator_noise_cylinder_zb04p8_E14p8;F3NCS_0487_ood_unseen_operator_noise_two_foci_zb04p8_E08p4;F3NCS_0488_ood_unseen_operator_noise_ellipse_zb02p0_E51p8;F3NCS_0489_ood_unseen_operator_noise_two_foci_zb07p5_E23p2;F3NCS_0490_ood_unseen_operator_noise_crescent_zb05p7_E09p8;F3NCS_0491_ood_unseen_operator_noise_two_foci_zb01p9_E52p0;F3NCS_0492_ood_unseen_operator_noise_two_foci_zb05p8_E11p8;F3NCS_0493_ood_unseen_operator_noise_two_foci_zb02p7_E17p6;F3NCS_0494_ood_unseen_operator_noise_cylinder_zb03p5_E15p1;F3NCS_0495_ood_unseen_operator_noise_ellipse_zb11p4_E39p6;F3NCS_0496_ood_unseen_operator_noise_two_foci_zb05p4_E16p3;F3NCS_0497_ood_unseen_operator_noise_two_foci_zb06p2_E23p1;F3NCS_0498_ood_unseen_operator_noise_crescent_zb04p0_E08p5;F3NCS_0499_ood_unseen_operator_noise_lobed_zb01p5_E71p0;F3NCS_0500_ood_unseen_operator_noise_cylinder_zb02p3_E45p6;F3NCS_0501_ood_unseen_operator_noise_two_foci_zb09p3_E50p3;F3NCS_0502_ood_unseen_operator_noise_cylinder_zb11p5_E11p1;F3NCS_0503_ood_unseen_operator_noise_two_foci_zb07p9_E32p0;F3NCS_0504_ood_unseen_operator_noise_crescent_zb10p9_E39p6;F3NCS_0505_ood_unseen_operator_noise_lobed_zb06p3_E74p2;F3NCS_0506_ood_unseen_operator_noise_lobed_zb06p9_E36p9;F3NCS_0507_ood_unseen_operator_noise_ellipse_zb01p4_E08p8;F3NCS_0508_ood_unseen_operator_noise_two_foci_zb03p5_E13p6;F3NCS_0509_ood_unseen_operator_noise_crescent_zb11p1_E35p5;F3NCS_0510_ood_unseen_operator_noise_ellipse_zb02p7_E08p0;F3NCS_0511_ood_unseen_operator_noise_crescent_zb08p1_E09p7,method2b_512_full_comsol_colab_cuda,fig3_true_ood,3,split_role/ood_split_family,ood_unseen_operator_noise,230,38,32,,,,,,,,,,,,,,,,0.0911190658807754,64.0,
H:\My Drive\MN_simulation\outputs\rspi_joint_052026\method2b_512_five_seed_ood_full512_20260611\seed_3\posterior\rspi_posterior_metrics.csv,3,prior_init_diffusion_unet,0.079229936003685,0.1549193104749555,16.197888893361284,0.2069720774888992,2.7252535820007324,8.170522545080454,0.5101903586382991,32,F3NCS_0480_ood_unseen_operator_noise_lobed_zb10p0_E66p7;F3NCS_0481_ood_unseen_operator_noise_ellipse_zb05p4_E11p5;F3NCS_0482_ood_unseen_operator_noise_lobed_zb01p7_E06p9;F3NCS_0483_ood_unseen_operator_noise_lobed_zb08p7_E31p8;F3NCS_0484_ood_unseen_operator_noise_cylinder_zb10p1_E08p6;F3NCS_0485_ood_unseen_operator_noise_two_foci_zb07p5_E25p6;F3NCS_0486_ood_unseen_operator_noise_cylinder_zb04p8_E14p8;F3NCS_0487_ood_unseen_operator_noise_two_foci_zb04p8_E08p4;F3NCS_0488_ood_unseen_operator_noise_ellipse_zb02p0_E51p8;F3NCS_0489_ood_unseen_operator_noise_two_foci_zb07p5_E23p2;F3NCS_0490_ood_unseen_operator_noise_crescent_zb05p7_E09p8;F3NCS_0491_ood_unseen_operator_noise_two_foci_zb01p9_E52p0;F3NCS_0492_ood_unseen_operator_noise_two_foci_zb05p8_E11p8;F3NCS_0493_ood_unseen_operator_noise_two_foci_zb02p7_E17p6;F3NCS_0494_ood_unseen_operator_noise_cylinder_zb03p5_E15p1;F3NCS_0495_ood_unseen_operator_noise_ellipse_zb11p4_E39p6;F3NCS_0496_ood_unseen_operator_noise_two_foci_zb05p4_E16p3;F3NCS_0497_ood_unseen_operator_noise_two_foci_zb06p2_E23p1;F3NCS_0498_ood_unseen_operator_noise_crescent_zb04p0_E08p5;F3NCS_0499_ood_unseen_operator_noise_lobed_zb01p5_E71p0;F3NCS_0500_ood_unseen_operator_noise_cylinder_zb02p3_E45p6;F3NCS_0501_ood_unseen_operator_noise_two_foci_zb09p3_E50p3;F3NCS_0502_ood_unseen_operator_noise_cylinder_zb11p5_E11p1;F3NCS_0503_ood_unseen_operator_noise_two_foci_zb07p9_E32p0;F3NCS_0504_ood_unseen_operator_noise_crescent_zb10p9_E39p6;F3NCS_0505_ood_unseen_operator_noise_lobed_zb06p3_E74p2;F3NCS_0506_ood_unseen_operator_noise_lobed_zb06p9_E36p9;F3NCS_0507_ood_unseen_operator_noise_ellipse_zb01p4_E08p8;F3NCS_0508_ood_unseen_operator_noise_two_foci_zb03p5_E13p6;F3NCS_0509_ood_unseen_operator_noise_crescent_zb11p1_E35p5;F3NCS_0510_ood_unseen_operator_noise_ellipse_zb02p7_E08p0;F3NCS_0511_ood_unseen_operator_noise_crescent_zb08p1_E09p7,method2b_512_full_comsol_colab_cuda,fig3_true_ood,3,split_role/ood_split_family,ood_unseen_operator_noise,230,38,32,0.0742622390389442,0.0037612915039062,0.01175975240767,0.00726318359375,0.0223123952746391,0.0093154907226562,0.0284095853567123,0.0132522583007812,0.0334086492657661,0.6613855625640841,0.825207228144072,0.1240666946614598,13.295411192792672,0.0146075317802585,0.1108551025390625,0.0089328084141016,,
H:\My Drive\MN_simulation\outputs\rspi_joint_052026\method2b_512_five_seed_ood_full512_20260611\seed_3\posterior\rspi_posterior_metrics.csv,3,residual_likelihood_guided_diffusion,0.079216793179512,0.1549245405328526,16.19759566368736,0.2072600577957928,2.7256321907043457,8.171741491798983,0.5100064484202907,32,F3NCS_0480_ood_unseen_operator_noise_lobed_zb10p0_E66p7;F3NCS_0481_ood_unseen_operator_noise_ellipse_zb05p4_E11p5;F3NCS_0482_ood_unseen_operator_noise_lobed_zb01p7_E06p9;F3NCS_0483_ood_unseen_operator_noise_lobed_zb08p7_E31p8;F3NCS_0484_ood_unseen_operator_noise_cylinder_zb10p1_E08p6;F3NCS_0485_ood_unseen_operator_noise_two_foci_zb07p5_E25p6;F3NCS_0486_ood_unseen_operator_noise_cylinder_zb04p8_E14p8;F3NCS_0487_ood_unseen_operator_noise_two_foci_zb04p8_E08p4;F3NCS_0488_ood_unseen_operator_noise_ellipse_zb02p0_E51p8;F3NCS_0489_ood_unseen_operator_noise_two_foci_zb07p5_E23p2;F3NCS_0490_ood_unseen_operator_noise_crescent_zb05p7_E09p8;F3NCS_0491_ood_unseen_operator_noise_two_foci_zb01p9_E52p0;F3NCS_0492_ood_unseen_operator_noise_two_foci_zb05p8_E11p8;F3NCS_0493_ood_unseen_operator_noise_two_foci_zb02p7_E17p6;F3NCS_0494_ood_unseen_operator_noise_cylinder_zb03p5_E15p1;F3NCS_0495_ood_unseen_operator_noise_ellipse_zb11p4_E39p6;F3NCS_0496_ood_unseen_operator_noise_two_foci_zb05p4_E16p3;F3NCS_0497_ood_unseen_operator_noise_two_foci_zb06p2_E23p1;F3NCS_0498_ood_unseen_operator_noise_crescent_zb04p0_E08p5;F3NCS_0499_ood_unseen_operator_noise_lobed_zb01p5_E71p0;F3NCS_0500_ood_unseen_operator_noise_cylinder_zb02p3_E45p6;F3NCS_0501_ood_unseen_operator_noise_two_foci_zb09p3_E50p3;F3NCS_0502_ood_unseen_operator_noise_cylinder_zb11p5_E11p1;F3NCS_0503_ood_unseen_operator_noise_two_foci_zb07p9_E32p0;F3NCS_0504_ood_unseen_operator_noise_crescent_zb10p9_E39p6;F3NCS_0505_ood_unseen_operator_noise_lobed_zb06p3_E74p2;F3NCS_0506_ood_unseen_operator_noise_lobed_zb06p9_E36p9;F3NCS_0507_ood_unseen_operator_noise_ellipse_zb01p4_E08p8;F3NCS_0508_ood_unseen_operator_noise_two_foci_zb03p5_E13p6;F3NCS_0509_ood_unseen_operator_noise_crescent_zb11p1_E35p5;F3NCS_0510_ood_unseen_operator_noise_ellipse_zb02p7_E08p0;F3NCS_0511_ood_unseen_operator_noise_crescent_zb08p1_E09p7,method2b_512_full_comsol_colab_cuda,fig3_true_ood,3,split_role/ood_split_family,ood_unseen_operator_noise,230,38,32,0.0742556825280189,0.0037765502929687,0.0117448959499597,0.0071563720703125,0.0222819223999977,0.0093154907226562,0.0283752772957086,0.0130844116210937,0.0333658978343009,0.6591443158903908,0.8265775458155582,0.123924762244967,13.270069217072535,0.0144031996975608,0.1109426021575927,0.0089206546545028,,
H:\My Drive\MN_simulation\outputs\rspi_joint_052026\method2b_512_five_seed_ood_full512_20260611\seed_3\posterior\rspi_posterior_metrics.csv,3,explicit_residual_target_diffusion,0.0891951546072959,0.1554132647681076,16.17023832463536,0.1573941997485235,2.837401390075684,8.151597373146364,0.5080108139222272,32,F3NCS_0480_ood_unseen_operator_noise_lobed_zb10p0_E66p7;F3NCS_0481_ood_unseen_operator_noise_ellipse_zb05p4_E11p5;F3NCS_0482_ood_unseen_operator_noise_lobed_zb01p7_E06p9;F3NCS_0483_ood_unseen_operator_noise_lobed_zb08p7_E31p8;F3NCS_0484_ood_unseen_operator_noise_cylinder_zb10p1_E08p6;F3NCS_0485_ood_unseen_operator_noise_two_foci_zb07p5_E25p6;F3NCS_0486_ood_unseen_operator_noise_cylinder_zb04p8_E14p8;F3NCS_0487_ood_unseen_operator_noise_two_foci_zb04p8_E08p4;F3NCS_0488_ood_unseen_operator_noise_ellipse_zb02p0_E51p8;F3NCS_0489_ood_unseen_operator_noise_two_foci_zb07p5_E23p2;F3NCS_0490_ood_unseen_operator_noise_crescent_zb05p7_E09p8;F3NCS_0491_ood_unseen_operator_noise_two_foci_zb01p9_E52p0;F3NCS_0492_ood_unseen_operator_noise_two_foci_zb05p8_E11p8;F3NCS_0493_ood_unseen_operator_noise_two_foci_zb02p7_E17p6;F3NCS_0494_ood_unseen_operator_noise_cylinder_zb03p5_E15p1;F3NCS_0495_ood_unseen_operator_noise_ellipse_zb11p4_E39p6;F3NCS_0496_ood_unseen_operator_noise_two_foci_zb05p4_E16p3;F3NCS_0497_ood_unseen_operator_noise_two_foci_zb06p2_E23p1;F3NCS_0498_ood_unseen_operator_noise_crescent_zb04p0_E08p5;F3NCS_0499_ood_unseen_operator_noise_lobed_zb01p5_E71p0;F3NCS_0500_ood_unseen_operator_noise_cylinder_zb02p3_E45p6;F3NCS_0501_ood_unseen_operator_noise_two_foci_zb09p3_E50p3;F3NCS_0502_ood_unseen_operator_noise_cylinder_zb11p5_E11p1;F3NCS_0503_ood_unseen_operator_noise_two_foci_zb07p9_E32p0;F3NCS_0504_ood_unseen_operator_noise_crescent_zb10p9_E39p6;F3NCS_0505_ood_unseen_operator_noise_lobed_zb06p3_E74p2;F3NCS_0506_ood_unseen_operator_noise_lobed_zb06p9_E36p9;F3NCS_0507_ood_unseen_operator_noise_ellipse_zb01p4_E08p8;F3NCS_0508_ood_unseen_operator_noise_two_foci_zb03p5_E13p6;F3NCS_0509_ood_unseen_operator_noise_crescent_zb11p1_E35p5;F3NCS_0510_ood_unseen_operator_noise_ellipse_zb02p7_E08p0;F3NCS_0511_ood_unseen_operator_noise_crescent_zb08p1_E09p7,method2b_512_full_comsol_colab_cuda,fig3_true_ood,3,split_role/ood_split_family,ood_unseen_operator_noise,230,38,32,0.0614845193922519,0.5022811889648438,0.0463512800633907,0.7568283081054688,0.1130841895937919,0.819183349609375,0.1837994009256363,0.8588714599609375,0.2598041892051697,0.7323532382824492,0.761899111325368,0.0730649013358078,1.245246139731925,0.0211737977214548,0.3396158218383789,0.0722392573952674,,0.7267667055130005
H:\My Drive\MN_simulation\outputs\rspi_joint_052026\method2b_512_five_seed_ood_full512_20260611\seed_3\posterior\rspi_posterior_metrics.csv,3,train_mean_prior,0.1397266536951065,0.2192122225153258,13.182704695087711,0.0261623403639532,4.238651752471924,13.06372298214781,,64,F3NCS_0320_ood_unseen_shape_lobed_zb03p8_E09p9;F3NCS_0321_ood_unseen_shape_crescent_zb03p5_E06p5;F3NCS_0322_ood_unseen_shape_crescent_zb07p2_E76p5;F3NCS_0323_ood_unseen_shape_crescent_zb03p5_E10p3;F3NCS_0324_ood_unseen_shape_crescent_zb02p9_E59p3;F3NCS_0325_ood_unseen_shape_lobed_zb01p6_E06p9;F3NCS_0326_ood_unseen_shape_lobed_zb06p1_E42p4;F3NCS_0327_ood_unseen_shape_crescent_zb03p1_E14p7;F3NCS_0328_ood_unseen_shape_lobed_zb03p1_E29p3;F3NCS_0329_ood_unseen_shape_lobed_zb05p7_E08p7;F3NCS_0330_ood_unseen_shape_lobed_zb02p8_E92p0;F3NCS_0331_ood_unseen_shape_crescent_zb03p2_E14p3;F3NCS_0332_ood_unseen_shape_lobed_zb02p8_E45p3;F3NCS_0333_ood_unseen_shape_lobed_zb03p4_E06p5;F3NCS_0334_ood_unseen_shape_crescent_zb03p1_E53p0;F3NCS_0335_ood_unseen_shape_crescent_zb02p9_E84p2;F3NCS_0336_ood_unseen_shape_crescent_zb07p2_E64p1;F3NCS_0337_ood_unseen_shape_lobed_zb03p4_E11p4;F3NCS_0338_ood_unseen_shape_crescent_zb06p8_E10p9;F3NCS_0339_ood_unseen_shape_lobed_zb04p2_E91p6;F3NCS_0340_ood_unseen_shape_crescent_zb03p8_E70p0;F3NCS_0341_ood_unseen_shape_lobed_zb04p9_E61p6;F3NCS_0342_ood_unseen_shape_crescent_zb05p1_E22p7;F3NCS_0343_ood_unseen_shape_lobed_zb07p1_E87p4;F3NCS_0344_ood_unseen_shape_crescent_zb03p6_E61p5;F3NCS_0345_ood_unseen_shape_crescent_zb06p9_E18p0;F3NCS_0346_ood_unseen_shape_lobed_zb01p8_E15p9;F3NCS_0347_ood_unseen_shape_lobed_zb02p8_E62p6;F3NCS_0348_ood_unseen_shape_lobed_zb05p0_E06p3;F3NCS_0349_ood_unseen_shape_lobed_zb03p4_E28p4;F3NCS_0350_ood_unseen_shape_lobed_zb06p0_E06p6;F3NCS_0351_ood_unseen_shape_crescent_zb06p3_E52p9;F3NCS_0352_ood_unseen_shape_lobed_zb05p6_E54p3;F3NCS_0353_ood_unseen_shape_lobed_zb02p2_E51p7;F3NCS_0354_ood_unseen_shape_crescent_zb05p4_E08p7;F3NCS_0355_ood_unseen_shape_crescent_zb07p5_E72p1;F3NCS_0356_ood_unseen_shape_lobed_zb07p8_E66p7;F3NCS_0357_ood_unseen_shape_lobed_zb03p8_E28p5;F3NCS_0358_ood_unseen_shape_lobed_zb05p7_E57p3;F3NCS_0359_ood_unseen_shape_crescent_zb07p1_E07p1;F3NCS_0360_ood_unseen_shape_lobed_zb06p1_E32p9;F3NCS_0361_ood_unseen_shape_crescent_zb07p0_E50p0;F3NCS_0362_ood_unseen_shape_lobed_zb07p0_E43p7;F3NCS_0363_ood_unseen_shape_crescent_zb04p4_E39p7;F3NCS_0364_ood_unseen_shape_lobed_zb03p1_E17p5;F3NCS_0365_ood_unseen_shape_crescent_zb04p6_E10p8;F3NCS_0366_ood_unseen_shape_crescent_zb01p4_E56p2;F3NCS_0367_ood_unseen_shape_crescent_zb02p6_E36p5;F3NCS_0368_ood_unseen_shape_crescent_zb03p1_E21p0;F3NCS_0369_ood_unseen_shape_lobed_zb02p7_E27p1;F3NCS_0370_ood_unseen_shape_crescent_zb07p7_E18p8;F3NCS_0371_ood_unseen_shape_lobed_zb02p8_E27p5;F3NCS_0372_ood_unseen_shape_lobed_zb02p3_E06p5;F3NCS_0373_ood_unseen_shape_lobed_zb04p9_E07p7;F3NCS_0374_ood_unseen_shape_lobed_zb07p3_E27p3;F3NCS_0375_ood_unseen_shape_crescent_zb03p4_E11p6;F3NCS_0376_ood_unseen_shape_crescent_zb04p0_E26p7;F3NCS_0377_ood_unseen_shape_crescent_zb06p5_E40p4;F3NCS_0378_ood_unseen_shape_crescent_zb05p4_E79p9;F3NCS_0379_ood_unseen_shape_crescent_zb06p4_E88p5;F3NCS_0380_ood_unseen_shape_lobed_zb03p5_E55p6;F3NCS_0381_ood_unseen_shape_crescent_zb04p9_E14p7;F3NCS_0382_ood_unseen_shape_crescent_zb05p9_E48p6;F3NCS_0383_ood_unseen_shape_crescent_zb05p4_E08p3,method2b_512_full_comsol_colab_cuda,fig3_true_ood,4,split_role/ood_split_family,ood_unseen_shape,230,38,64,,,,,,,,,,,,,,,,,,
H:\My Drive\MN_simulation\outputs\rspi_joint_052026\method2b_512_five_seed_ood_full512_20260611\seed_3\posterior\rspi_posterior_metrics.csv,3,srcnn_bz_single_channel,0.1125210747122764,0.2089886798593521,13.59754474742136,0.1697508710203692,3.9569249153137207,12.837740120875356,0.3095571478022857,64,F3NCS_0320_ood_unseen_shape_lobed_zb03p8_E09p9;F3NCS_0321_ood_unseen_shape_crescent_zb03p5_E06p5;F3NCS_0322_ood_unseen_shape_crescent_zb07p2_E76p5;F3NCS_0323_ood_unseen_shape_crescent_zb03p5_E10p3;F3NCS_0324_ood_unseen_shape_crescent_zb02p9_E59p3;F3NCS_0325_ood_unseen_shape_lobed_zb01p6_E06p9;F3NCS_0326_ood_unseen_shape_lobed_zb06p1_E42p4;F3NCS_0327_ood_unseen_shape_crescent_zb03p1_E14p7;F3NCS_0328_ood_unseen_shape_lobed_zb03p1_E29p3;F3NCS_0329_ood_unseen_shape_lobed_zb05p7_E08p7;F3NCS_0330_ood_unseen_shape_lobed_zb02p8_E92p0;F3NCS_0331_ood_unseen_shape_crescent_zb03p2_E14p3;F3NCS_0332_ood_unseen_shape_lobed_zb02p8_E45p3;F3NCS_0333_ood_unseen_shape_lobed_zb03p4_E06p5;F3NCS_0334_ood_unseen_shape_crescent_zb03p1_E53p0;F3NCS_0335_ood_unseen_shape_crescent_zb02p9_E84p2;F3NCS_0336_ood_unseen_shape_crescent_zb07p2_E64p1;F3NCS_0337_ood_unseen_shape_lobed_zb03p4_E11p4;F3NCS_0338_ood_unseen_shape_crescent_zb06p8_E10p9;F3NCS_0339_ood_unseen_shape_lobed_zb04p2_E91p6;F3NCS_0340_ood_unseen_shape_crescent_zb03p8_E70p0;F3NCS_0341_ood_unseen_shape_lobed_zb04p9_E61p6;F3NCS_0342_ood_unseen_shape_crescent_zb05p1_E22p7;F3NCS_0343_ood_unseen_shape_lobed_zb07p1_E87p4;F3NCS_0344_ood_unseen_shape_crescent_zb03p6_E61p5;F3NCS_0345_ood_unseen_shape_crescent_zb06p9_E18p0;F3NCS_0346_ood_unseen_shape_lobed_zb01p8_E15p9;F3NCS_0347_ood_unseen_shape_lobed_zb02p8_E62p6;F3NCS_0348_ood_unseen_shape_lobed_zb05p0_E06p3;F3NCS_0349_ood_unseen_shape_lobed_zb03p4_E28p4;F3NCS_0350_ood_unseen_shape_lobed_zb06p0_E06p6;F3NCS_0351_ood_unseen_shape_crescent_zb06p3_E52p9;F3NCS_0352_ood_unseen_shape_lobed_zb05p6_E54p3;F3NCS_0353_ood_unseen_shape_lobed_zb02p2_E51p7;F3NCS_0354_ood_unseen_shape_crescent_zb05p4_E08p7;F3NCS_0355_ood_unseen_shape_crescent_zb07p5_E72p1;F3NCS_0356_ood_unseen_shape_lobed_zb07p8_E66p7;F3NCS_0357_ood_unseen_shape_lobed_zb03p8_E28p5;F3NCS_0358_ood_unseen_shape_lobed_zb05p7_E57p3;F3NCS_0359_ood_unseen_shape_crescent_zb07p1_E07p1;F3NCS_0360_ood_unseen_shape_lobed_zb06p1_E32p9;F3NCS_0361_ood_unseen_shape_crescent_zb07p0_E50p0;F3NCS_0362_ood_unseen_shape_lobed_zb07p0_E43p7;F3NCS_0363_ood_unseen_shape_crescent_zb04p4_E39p7;F3NCS_0364_ood_unseen_shape_lobed_zb03p1_E17p5;F3NCS_0365_ood_unseen_shape_crescent_zb04p6_E10p8;F3NCS_0366_ood_unseen_shape_crescent_zb01p4_E56p2;F3NCS_0367_ood_unseen_shape_crescent_zb02p6_E36p5;F3NCS_0368_ood_unseen_shape_crescent_zb03p1_E21p0;F3NCS_0369_ood_unseen_shape_lobed_zb02p7_E27p1;F3NCS_0370_ood_unseen_shape_crescent_zb07p7_E18p8;F3NCS_0371_ood_unseen_shape_lobed_zb02p8_E27p5;F3NCS_0372_ood_unseen_shape_lobed_zb02p3_E06p5;F3NCS_0373_ood_unseen_shape_lobed_zb04p9_E07p7;F3NCS_0374_ood_unseen_shape_lobed_zb07p3_E27p3;F3NCS_0375_ood_unseen_shape_crescent_zb03p4_E11p6;F3NCS_0376_ood_unseen_shape_crescent_zb04p0_E26p7;F3NCS_0377_ood_unseen_shape_crescent_zb06p5_E40p4;F3NCS_0378_ood_unseen_shape_crescent_zb05p4_E79p9;F3NCS_0379_ood_unseen_shape_crescent_zb06p4_E88p5;F3NCS_0380_ood_unseen_shape_lobed_zb03p5_E55p6;F3NCS_0381_ood_unseen_shape_crescent_zb04p9_E14p7;F3NCS_0382_ood_unseen_shape_crescent_zb05p9_E48p6;F3NCS_0383_ood_unseen_shape_crescent_zb05p4_E08p3,method2b_512_full_comsol_colab_cuda,fig3_true_ood,4,split_role/ood_split_family,ood_unseen_shape,230,38,64,0.112521082162857,0.0,0.0,0.0,0.0,0.0,0.0,0.0,0.0,,0.5,0.2060541884664932,20605418.846649326,0.0831814617333091,0.1276893615722656,0.0,,
H:\My Drive\MN_simulation\outputs\rspi_joint_052026\method2b_512_five_seed_ood_full512_20260611\seed_3\posterior\rspi_posterior_metrics.csv,3,unet_canonical_bxyz,0.0872108042240142,0.1811934164942548,14.837151721722632,0.3611620366573334,3.4503676891326904,11.53988960623209,0.4461698771599241,64,F3NCS_0320_ood_unseen_shape_lobed_zb03p8_E09p9;F3NCS_0321_ood_unseen_shape_crescent_zb03p5_E06p5;F3NCS_0322_ood_unseen_shape_crescent_zb07p2_E76p5;F3NCS_0323_ood_unseen_shape_crescent_zb03p5_E10p3;F3NCS_0324_ood_unseen_shape_crescent_zb02p9_E59p3;F3NCS_0325_ood_unseen_shape_lobed_zb01p6_E06p9;F3NCS_0326_ood_unseen_shape_lobed_zb06p1_E42p4;F3NCS_0327_ood_unseen_shape_crescent_zb03p1_E14p7;F3NCS_0328_ood_unseen_shape_lobed_zb03p1_E29p3;F3NCS_0329_ood_unseen_shape_lobed_zb05p7_E08p7;F3NCS_0330_ood_unseen_shape_lobed_zb02p8_E92p0;F3NCS_0331_ood_unseen_shape_crescent_zb03p2_E14p3;F3NCS_0332_ood_unseen_shape_lobed_zb02p8_E45p3;F3NCS_0333_ood_unseen_shape_lobed_zb03p4_E06p5;F3NCS_0334_ood_unseen_shape_crescent_zb03p1_E53p0;F3NCS_0335_ood_unseen_shape_crescent_zb02p9_E84p2;F3NCS_0336_ood_unseen_shape_crescent_zb07p2_E64p1;F3NCS_0337_ood_unseen_shape_lobed_zb03p4_E11p4;F3NCS_0338_ood_unseen_shape_crescent_zb06p8_E10p9;F3NCS_0339_ood_unseen_shape_lobed_zb04p2_E91p6;F3NCS_0340_ood_unseen_shape_crescent_zb03p8_E70p0;F3NCS_0341_ood_unseen_shape_lobed_zb04p9_E61p6;F3NCS_0342_ood_unseen_shape_crescent_zb05p1_E22p7;F3NCS_0343_ood_unseen_shape_lobed_zb07p1_E87p4;F3NCS_0344_ood_unseen_shape_crescent_zb03p6_E61p5;F3NCS_0345_ood_unseen_shape_crescent_zb06p9_E18p0;F3NCS_0346_ood_unseen_shape_lobed_zb01p8_E15p9;F3NCS_0347_ood_unseen_shape_lobed_zb02p8_E62p6;F3NCS_0348_ood_unseen_shape_lobed_zb05p0_E06p3;F3NCS_0349_ood_unseen_shape_lobed_zb03p4_E28p4;F3NCS_0350_ood_unseen_shape_lobed_zb06p0_E06p6;F3NCS_0351_ood_unseen_shape_crescent_zb06p3_E52p9;F3NCS_0352_ood_unseen_shape_lobed_zb05p6_E54p3;F3NCS_0353_ood_unseen_shape_lobed_zb02p2_E51p7;F3NCS_0354_ood_unseen_shape_crescent_zb05p4_E08p7;F3NCS_0355_ood_unseen_shape_crescent_zb07p5_E72p1;F3NCS_0356_ood_unseen_shape_lobed_zb07p8_E66p7;F3NCS_0357_ood_unseen_shape_lobed_zb03p8_E28p5;F3NCS_0358_ood_unseen_shape_lobed_zb05p7_E57p3;F3NCS_0359_ood_unseen_shape_crescent_zb07p1_E07p1;F3NCS_0360_ood_unseen_shape_lobed_zb06p1_E32p9;F3NCS_0361_ood_unseen_shape_crescent_zb07p0_E50p0;F3NCS_0362_ood_unseen_shape_lobed_zb07p0_E43p7;F3NCS_0363_ood_unseen_shape_crescent_zb04p4_E39p7;F3NCS_0364_ood_unseen_shape_lobed_zb03p1_E17p5;F3NCS_0365_ood_unseen_shape_crescent_zb04p6_E10p8;F3NCS_0366_ood_unseen_shape_crescent_zb01p4_E56p2;F3NCS_0367_ood_unseen_shape_crescent_zb02p6_E36p5;F3NCS_0368_ood_unseen_shape_crescent_zb03p1_E21p0;F3NCS_0369_ood_unseen_shape_lobed_zb02p7_E27p1;F3NCS_0370_ood_unseen_shape_crescent_zb07p7_E18p8;F3NCS_0371_ood_unseen_shape_lobed_zb02p8_E27p5;F3NCS_0372_ood_unseen_shape_lobed_zb02p3_E06p5;F3NCS_0373_ood_unseen_shape_lobed_zb04p9_E07p7;F3NCS_0374_ood_unseen_shape_lobed_zb07p3_E27p3;F3NCS_0375_ood_unseen_shape_crescent_zb03p4_E11p6;F3NCS_0376_ood_unseen_shape_crescent_zb04p0_E26p7;F3NCS_0377_ood_unseen_shape_crescent_zb06p5_E40p4;F3NCS_0378_ood_unseen_shape_crescent_zb05p4_E79p9;F3NCS_0379_ood_unseen_shape_crescent_zb06p4_E88p5;F3NCS_0380_ood_unseen_shape_lobed_zb03p5_E55p6;F3NCS_0381_ood_unseen_shape_crescent_zb04p9_E14p7;F3NCS_0382_ood_unseen_shape_crescent_zb05p9_E48p6;F3NCS_0383_ood_unseen_shape_crescent_zb05p4_E08p3,method2b_512_full_comsol_colab_cuda,fig3_true_ood,4,split_role/ood_split_family,ood_unseen_shape,230,38,64,0.0872107967734336,0.0,0.0,0.0,0.0,0.0,0.0,0.0,0.0,,0.5,0.1775236339253174,17752363.392531738,0.0679894840727592,0.1045341491699218,0.0,,
H:\My Drive\MN_simulation\outputs\rspi_joint_052026\method2b_512_five_seed_ood_full512_20260611\seed_3\posterior\rspi_posterior_metrics.csv,3,vanilla_diffusion,0.4886466264724731,0.5010859795667613,6.001754973766471,0.0285975435908767,14.932734489440918,16.67963718522856,0.2611590679158702,64,F3NCS_0320_ood_unseen_shape_lobed_zb03p8_E09p9;F3NCS_0321_ood_unseen_shape_crescent_zb03p5_E06p5;F3NCS_0322_ood_unseen_shape_crescent_zb07p2_E76p5;F3NCS_0323_ood_unseen_shape_crescent_zb03p5_E10p3;F3NCS_0324_ood_unseen_shape_crescent_zb02p9_E59p3;F3NCS_0325_ood_unseen_shape_lobed_zb01p6_E06p9;F3NCS_0326_ood_unseen_shape_lobed_zb06p1_E42p4;F3NCS_0327_ood_unseen_shape_crescent_zb03p1_E14p7;F3NCS_0328_ood_unseen_shape_lobed_zb03p1_E29p3;F3NCS_0329_ood_unseen_shape_lobed_zb05p7_E08p7;F3NCS_0330_ood_unseen_shape_lobed_zb02p8_E92p0;F3NCS_0331_ood_unseen_shape_crescent_zb03p2_E14p3;F3NCS_0332_ood_unseen_shape_lobed_zb02p8_E45p3;F3NCS_0333_ood_unseen_shape_lobed_zb03p4_E06p5;F3NCS_0334_ood_unseen_shape_crescent_zb03p1_E53p0;F3NCS_0335_ood_unseen_shape_crescent_zb02p9_E84p2;F3NCS_0336_ood_unseen_shape_crescent_zb07p2_E64p1;F3NCS_0337_ood_unseen_shape_lobed_zb03p4_E11p4;F3NCS_0338_ood_unseen_shape_crescent_zb06p8_E10p9;F3NCS_0339_ood_unseen_shape_lobed_zb04p2_E91p6;F3NCS_0340_ood_unseen_shape_crescent_zb03p8_E70p0;F3NCS_0341_ood_unseen_shape_lobed_zb04p9_E61p6;F3NCS_0342_ood_unseen_shape_crescent_zb05p1_E22p7;F3NCS_0343_ood_unseen_shape_lobed_zb07p1_E87p4;F3NCS_0344_ood_unseen_shape_crescent_zb03p6_E61p5;F3NCS_0345_ood_unseen_shape_crescent_zb06p9_E18p0;F3NCS_0346_ood_unseen_shape_lobed_zb01p8_E15p9;F3NCS_0347_ood_unseen_shape_lobed_zb02p8_E62p6;F3NCS_0348_ood_unseen_shape_lobed_zb05p0_E06p3;F3NCS_0349_ood_unseen_shape_lobed_zb03p4_E28p4;F3NCS_0350_ood_unseen_shape_lobed_zb06p0_E06p6;F3NCS_0351_ood_unseen_shape_crescent_zb06p3_E52p9;F3NCS_0352_ood_unseen_shape_lobed_zb05p6_E54p3;F3NCS_0353_ood_unseen_shape_lobed_zb02p2_E51p7;F3NCS_0354_ood_unseen_shape_crescent_zb05p4_E08p7;F3NCS_0355_ood_unseen_shape_crescent_zb07p5_E72p1;F3NCS_0356_ood_unseen_shape_lobed_zb07p8_E66p7;F3NCS_0357_ood_unseen_shape_lobed_zb03p8_E28p5;F3NCS_0358_ood_unseen_shape_lobed_zb05p7_E57p3;F3NCS_0359_ood_unseen_shape_crescent_zb07p1_E07p1;F3NCS_0360_ood_unseen_shape_lobed_zb06p1_E32p9;F3NCS_0361_ood_unseen_shape_crescent_zb07p0_E50p0;F3NCS_0362_ood_unseen_shape_lobed_zb07p0_E43p7;F3NCS_0363_ood_unseen_shape_crescent_zb04p4_E39p7;F3NCS_0364_ood_unseen_shape_lobed_zb03p1_E17p5;F3NCS_0365_ood_unseen_shape_crescent_zb04p6_E10p8;F3NCS_0366_ood_unseen_shape_crescent_zb01p4_E56p2;F3NCS_0367_ood_unseen_shape_crescent_zb02p6_E36p5;F3NCS_0368_ood_unseen_shape_crescent_zb03p1_E21p0;F3NCS_0369_ood_unseen_shape_lobed_zb02p7_E27p1;F3NCS_0370_ood_unseen_shape_crescent_zb07p7_E18p8;F3NCS_0371_ood_unseen_shape_lobed_zb02p8_E27p5;F3NCS_0372_ood_unseen_shape_lobed_zb02p3_E06p5;F3NCS_0373_ood_unseen_shape_lobed_zb04p9_E07p7;F3NCS_0374_ood_unseen_shape_lobed_zb07p3_E27p3;F3NCS_0375_ood_unseen_shape_crescent_zb03p4_E11p6;F3NCS_0376_ood_unseen_shape_crescent_zb04p0_E26p7;F3NCS_0377_ood_unseen_shape_crescent_zb06p5_E40p4;F3NCS_0378_ood_unseen_shape_crescent_zb05p4_E79p9;F3NCS_0379_ood_unseen_shape_crescent_zb06p4_E88p5;F3NCS_0380_ood_unseen_shape_lobed_zb03p5_E55p6;F3NCS_0381_ood_unseen_shape_crescent_zb04p9_E14p7;F3NCS_0382_ood_unseen_shape_crescent_zb05p9_E48p6;F3NCS_0383_ood_unseen_shape_crescent_zb05p4_E08p3,method2b_512_full_comsol_colab_cuda,fig3_true_ood,4,split_role/ood_split_family,ood_unseen_shape,230,38,64,,,,,,,,,,,,,,,,0.0804435163736343,64.0,
H:\My Drive\MN_simulation\outputs\rspi_joint_052026\method2b_512_five_seed_ood_full512_20260611\seed_3\posterior\rspi_posterior_metrics.csv,3,prior_init_diffusion_unet,0.0896766483783721,0.181469580399952,14.82392329924175,0.2059227189747616,3.472510576248169,11.552148422640308,0.4553016060024085,64,F3NCS_0320_ood_unseen_shape_lobed_zb03p8_E09p9;F3NCS_0321_ood_unseen_shape_crescent_zb03p5_E06p5;F3NCS_0322_ood_unseen_shape_crescent_zb07p2_E76p5;F3NCS_0323_ood_unseen_shape_crescent_zb03p5_E10p3;F3NCS_0324_ood_unseen_shape_crescent_zb02p9_E59p3;F3NCS_0325_ood_unseen_shape_lobed_zb01p6_E06p9;F3NCS_0326_ood_unseen_shape_lobed_zb06p1_E42p4;F3NCS_0327_ood_unseen_shape_crescent_zb03p1_E14p7;F3NCS_0328_ood_unseen_shape_lobed_zb03p1_E29p3;F3NCS_0329_ood_unseen_shape_lobed_zb05p7_E08p7;F3NCS_0330_ood_unseen_shape_lobed_zb02p8_E92p0;F3NCS_0331_ood_unseen_shape_crescent_zb03p2_E14p3;F3NCS_0332_ood_unseen_shape_lobed_zb02p8_E45p3;F3NCS_0333_ood_unseen_shape_lobed_zb03p4_E06p5;F3NCS_0334_ood_unseen_shape_crescent_zb03p1_E53p0;F3NCS_0335_ood_unseen_shape_crescent_zb02p9_E84p2;F3NCS_0336_ood_unseen_shape_crescent_zb07p2_E64p1;F3NCS_0337_ood_unseen_shape_lobed_zb03p4_E11p4;F3NCS_0338_ood_unseen_shape_crescent_zb06p8_E10p9;F3NCS_0339_ood_unseen_shape_lobed_zb04p2_E91p6;F3NCS_0340_ood_unseen_shape_crescent_zb03p8_E70p0;F3NCS_0341_ood_unseen_shape_lobed_zb04p9_E61p6;F3NCS_0342_ood_unseen_shape_crescent_zb05p1_E22p7;F3NCS_0343_ood_unseen_shape_lobed_zb07p1_E87p4;F3NCS_0344_ood_unseen_shape_crescent_zb03p6_E61p5;F3NCS_0345_ood_unseen_shape_crescent_zb06p9_E18p0;F3NCS_0346_ood_unseen_shape_lobed_zb01p8_E15p9;F3NCS_0347_ood_unseen_shape_lobed_zb02p8_E62p6;F3NCS_0348_ood_unseen_shape_lobed_zb05p0_E06p3;F3NCS_0349_ood_unseen_shape_lobed_zb03p4_E28p4;F3NCS_0350_ood_unseen_shape_lobed_zb06p0_E06p6;F3NCS_0351_ood_unseen_shape_crescent_zb06p3_E52p9;F3NCS_0352_ood_unseen_shape_lobed_zb05p6_E54p3;F3NCS_0353_ood_unseen_shape_lobed_zb02p2_E51p7;F3NCS_0354_ood_unseen_shape_crescent_zb05p4_E08p7;F3NCS_0355_ood_unseen_shape_crescent_zb07p5_E72p1;F3NCS_0356_ood_unseen_shape_lobed_zb07p8_E66p7;F3NCS_0357_ood_unseen_shape_lobed_zb03p8_E28p5;F3NCS_0358_ood_unseen_shape_lobed_zb05p7_E57p3;F3NCS_0359_ood_unseen_shape_crescent_zb07p1_E07p1;F3NCS_0360_ood_unseen_shape_lobed_zb06p1_E32p9;F3NCS_0361_ood_unseen_shape_crescent_zb07p0_E50p0;F3NCS_0362_ood_unseen_shape_lobed_zb07p0_E43p7;F3NCS_0363_ood_unseen_shape_crescent_zb04p4_E39p7;F3NCS_0364_ood_unseen_shape_lobed_zb03p1_E17p5;F3NCS_0365_ood_unseen_shape_crescent_zb04p6_E10p8;F3NCS_0366_ood_unseen_shape_crescent_zb01p4_E56p2;F3NCS_0367_ood_unseen_shape_crescent_zb02p6_E36p5;F3NCS_0368_ood_unseen_shape_crescent_zb03p1_E21p0;F3NCS_0369_ood_unseen_shape_lobed_zb02p7_E27p1;F3NCS_0370_ood_unseen_shape_crescent_zb07p7_E18p8;F3NCS_0371_ood_unseen_shape_lobed_zb02p8_E27p5;F3NCS_0372_ood_unseen_shape_lobed_zb02p3_E06p5;F3NCS_0373_ood_unseen_shape_lobed_zb04p9_E07p7;F3NCS_0374_ood_unseen_shape_lobed_zb07p3_E27p3;F3NCS_0375_ood_unseen_shape_crescent_zb03p4_E11p6;F3NCS_0376_ood_unseen_shape_crescent_zb04p0_E26p7;F3NCS_0377_ood_unseen_shape_crescent_zb06p5_E40p4;F3NCS_0378_ood_unseen_shape_crescent_zb05p4_E79p9;F3NCS_0379_ood_unseen_shape_crescent_zb06p4_E88p5;F3NCS_0380_ood_unseen_shape_lobed_zb03p5_E55p6;F3NCS_0381_ood_unseen_shape_crescent_zb04p9_E14p7;F3NCS_0382_ood_unseen_shape_crescent_zb05p9_E48p6;F3NCS_0383_ood_unseen_shape_crescent_zb05p4_E08p3,method2b_512_full_comsol_colab_cuda,fig3_true_ood,4,split_role/ood_split_family,ood_unseen_shape,230,38,64,0.0848900601267814,0.003204345703125,0.0113920979201793,0.0062332153320312,0.0215194672346115,0.0096588134765625,0.0273233354091644,0.0173606872558593,0.0320514254271984,0.6392303707477384,0.7998459018291488,0.1529099573071642,18.0332009094432,0.0189869696050468,0.1065551042556762,0.0085972789674997,,
H:\My Drive\MN_simulation\outputs\rspi_joint_052026\method2b_512_five_seed_ood_full512_20260611\seed_3\posterior\rspi_posterior_metrics.csv,3,residual_likelihood_guided_diffusion,0.0896763205528259,0.1814534032555584,14.824697639238298,0.205886292271316,3.4726030826568604,11.552513635095286,0.454651614486636,64,F3NCS_0320_ood_unseen_shape_lobed_zb03p8_E09p9;F3NCS_0321_ood_unseen_shape_crescent_zb03p5_E06p5;F3NCS_0322_ood_unseen_shape_crescent_zb07p2_E76p5;F3NCS_0323_ood_unseen_shape_crescent_zb03p5_E10p3;F3NCS_0324_ood_unseen_shape_crescent_zb02p9_E59p3;F3NCS_0325_ood_unseen_shape_lobed_zb01p6_E06p9;F3NCS_0326_ood_unseen_shape_lobed_zb06p1_E42p4;F3NCS_0327_ood_unseen_shape_crescent_zb03p1_E14p7;F3NCS_0328_ood_unseen_shape_lobed_zb03p1_E29p3;F3NCS_0329_ood_unseen_shape_lobed_zb05p7_E08p7;F3NCS_0330_ood_unseen_shape_lobed_zb02p8_E92p0;F3NCS_0331_ood_unseen_shape_crescent_zb03p2_E14p3;F3NCS_0332_ood_unseen_shape_lobed_zb02p8_E45p3;F3NCS_0333_ood_unseen_shape_lobed_zb03p4_E06p5;F3NCS_0334_ood_unseen_shape_crescent_zb03p1_E53p0;F3NCS_0335_ood_unseen_shape_crescent_zb02p9_E84p2;F3NCS_0336_ood_unseen_shape_crescent_zb07p2_E64p1;F3NCS_0337_ood_unseen_shape_lobed_zb03p4_E11p4;F3NCS_0338_ood_unseen_shape_crescent_zb06p8_E10p9;F3NCS_0339_ood_unseen_shape_lobed_zb04p2_E91p6;F3NCS_0340_ood_unseen_shape_crescent_zb03p8_E70p0;F3NCS_0341_ood_unseen_shape_lobed_zb04p9_E61p6;F3NCS_0342_ood_unseen_shape_crescent_zb05p1_E22p7;F3NCS_0343_ood_unseen_shape_lobed_zb07p1_E87p4;F3NCS_0344_ood_unseen_shape_crescent_zb03p6_E61p5;F3NCS_0345_ood_unseen_shape_crescent_zb06p9_E18p0;F3NCS_0346_ood_unseen_shape_lobed_zb01p8_E15p9;F3NCS_0347_ood_unseen_shape_lobed_zb02p8_E62p6;F3NCS_0348_ood_unseen_shape_lobed_zb05p0_E06p3;F3NCS_0349_ood_unseen_shape_lobed_zb03p4_E28p4;F3NCS_0350_ood_unseen_shape_lobed_zb06p0_E06p6;F3NCS_0351_ood_unseen_shape_crescent_zb06p3_E52p9;F3NCS_0352_ood_unseen_shape_lobed_zb05p6_E54p3;F3NCS_0353_ood_unseen_shape_lobed_zb02p2_E51p7;F3NCS_0354_ood_unseen_shape_crescent_zb05p4_E08p7;F3NCS_0355_ood_unseen_shape_crescent_zb07p5_E72p1;F3NCS_0356_ood_unseen_shape_lobed_zb07p8_E66p7;F3NCS_0357_ood_unseen_shape_lobed_zb03p8_E28p5;F3NCS_0358_ood_unseen_shape_lobed_zb05p7_E57p3;F3NCS_0359_ood_unseen_shape_crescent_zb07p1_E07p1;F3NCS_0360_ood_unseen_shape_lobed_zb06p1_E32p9;F3NCS_0361_ood_unseen_shape_crescent_zb07p0_E50p0;F3NCS_0362_ood_unseen_shape_lobed_zb07p0_E43p7;F3NCS_0363_ood_unseen_shape_crescent_zb04p4_E39p7;F3NCS_0364_ood_unseen_shape_lobed_zb03p1_E17p5;F3NCS_0365_ood_unseen_shape_crescent_zb04p6_E10p8;F3NCS_0366_ood_unseen_shape_crescent_zb01p4_E56p2;F3NCS_0367_ood_unseen_shape_crescent_zb02p6_E36p5;F3NCS_0368_ood_unseen_shape_crescent_zb03p1_E21p0;F3NCS_0369_ood_unseen_shape_lobed_zb02p7_E27p1;F3NCS_0370_ood_unseen_shape_crescent_zb07p7_E18p8;F3NCS_0371_ood_unseen_shape_lobed_zb02p8_E27p5;F3NCS_0372_ood_unseen_shape_lobed_zb02p3_E06p5;F3NCS_0373_ood_unseen_shape_lobed_zb04p9_E07p7;F3NCS_0374_ood_unseen_shape_lobed_zb07p3_E27p3;F3NCS_0375_ood_unseen_shape_crescent_zb03p4_E11p6;F3NCS_0376_ood_unseen_shape_crescent_zb04p0_E26p7;F3NCS_0377_ood_unseen_shape_crescent_zb06p5_E40p4;F3NCS_0378_ood_unseen_shape_crescent_zb05p4_E79p9;F3NCS_0379_ood_unseen_shape_crescent_zb06p4_E88p5;F3NCS_0380_ood_unseen_shape_lobed_zb03p5_E55p6;F3NCS_0381_ood_unseen_shape_crescent_zb04p9_E14p7;F3NCS_0382_ood_unseen_shape_crescent_zb05p9_E48p6;F3NCS_0383_ood_unseen_shape_crescent_zb05p4_E08p3,method2b_512_full_comsol_colab_cuda,fig3_true_ood,4,split_role/ood_split_family,ood_unseen_shape,230,38,64,0.0848871618509292,0.0032958984375,0.0113967508077621,0.0061264038085937,0.0215400476008653,0.009613037109375,0.0273400731384754,0.0172233581542968,0.0320626534521579,0.6418846538776315,0.8010469040344087,0.1526486094621763,17.962161934518903,0.0186840436860795,0.1065685153007507,0.008600746281445,,
H:\My Drive\MN_simulation\outputs\rspi_joint_052026\method2b_512_five_seed_ood_full512_20260611\seed_3\posterior\rspi_posterior_metrics.csv,3,explicit_residual_target_diffusion,0.1031402498483657,0.1819012320828562,14.803287185858034,0.1277226370293647,3.639238357543945,11.539935224275254,0.460249604041953,64,F3NCS_0320_ood_unseen_shape_lobed_zb03p8_E09p9;F3NCS_0321_ood_unseen_shape_crescent_zb03p5_E06p5;F3NCS_0322_ood_unseen_shape_crescent_zb07p2_E76p5;F3NCS_0323_ood_unseen_shape_crescent_zb03p5_E10p3;F3NCS_0324_ood_unseen_shape_crescent_zb02p9_E59p3;F3NCS_0325_ood_unseen_shape_lobed_zb01p6_E06p9;F3NCS_0326_ood_unseen_shape_lobed_zb06p1_E42p4;F3NCS_0327_ood_unseen_shape_crescent_zb03p1_E14p7;F3NCS_0328_ood_unseen_shape_lobed_zb03p1_E29p3;F3NCS_0329_ood_unseen_shape_lobed_zb05p7_E08p7;F3NCS_0330_ood_unseen_shape_lobed_zb02p8_E92p0;F3NCS_0331_ood_unseen_shape_crescent_zb03p2_E14p3;F3NCS_0332_ood_unseen_shape_lobed_zb02p8_E45p3;F3NCS_0333_ood_unseen_shape_lobed_zb03p4_E06p5;F3NCS_0334_ood_unseen_shape_crescent_zb03p1_E53p0;F3NCS_0335_ood_unseen_shape_crescent_zb02p9_E84p2;F3NCS_0336_ood_unseen_shape_crescent_zb07p2_E64p1;F3NCS_0337_ood_unseen_shape_lobed_zb03p4_E11p4;F3NCS_0338_ood_unseen_shape_crescent_zb06p8_E10p9;F3NCS_0339_ood_unseen_shape_lobed_zb04p2_E91p6;F3NCS_0340_ood_unseen_shape_crescent_zb03p8_E70p0;F3NCS_0341_ood_unseen_shape_lobed_zb04p9_E61p6;F3NCS_0342_ood_unseen_shape_crescent_zb05p1_E22p7;F3NCS_0343_ood_unseen_shape_lobed_zb07p1_E87p4;F3NCS_0344_ood_unseen_shape_crescent_zb03p6_E61p5;F3NCS_0345_ood_unseen_shape_crescent_zb06p9_E18p0;F3NCS_0346_ood_unseen_shape_lobed_zb01p8_E15p9;F3NCS_0347_ood_unseen_shape_lobed_zb02p8_E62p6;F3NCS_0348_ood_unseen_shape_lobed_zb05p0_E06p3;F3NCS_0349_ood_unseen_shape_lobed_zb03p4_E28p4;F3NCS_0350_ood_unseen_shape_lobed_zb06p0_E06p6;F3NCS_0351_ood_unseen_shape_crescent_zb06p3_E52p9;F3NCS_0352_ood_unseen_shape_lobed_zb05p6_E54p3;F3NCS_0353_ood_unseen_shape_lobed_zb02p2_E51p7;F3NCS_0354_ood_unseen_shape_crescent_zb05p4_E08p7;F3NCS_0355_ood_unseen_shape_crescent_zb07p5_E72p1;F3NCS_0356_ood_unseen_shape_lobed_zb07p8_E66p7;F3NCS_0357_ood_unseen_shape_lobed_zb03p8_E28p5;F3NCS_0358_ood_unseen_shape_lobed_zb05p7_E57p3;F3NCS_0359_ood_unseen_shape_crescent_zb07p1_E07p1;F3NCS_0360_ood_unseen_shape_lobed_zb06p1_E32p9;F3NCS_0361_ood_unseen_shape_crescent_zb07p0_E50p0;F3NCS_0362_ood_unseen_shape_lobed_zb07p0_E43p7;F3NCS_0363_ood_unseen_shape_crescent_zb04p4_E39p7;F3NCS_0364_ood_unseen_shape_lobed_zb03p1_E17p5;F3NCS_0365_ood_unseen_shape_crescent_zb04p6_E10p8;F3NCS_0366_ood_unseen_shape_crescent_zb01p4_E56p2;F3NCS_0367_ood_unseen_shape_crescent_zb02p6_E36p5;F3NCS_0368_ood_unseen_shape_crescent_zb03p1_E21p0;F3NCS_0369_ood_unseen_shape_lobed_zb02p7_E27p1;F3NCS_0370_ood_unseen_shape_crescent_zb07p7_E18p8;F3NCS_0371_ood_unseen_shape_lobed_zb02p8_E27p5;F3NCS_0372_ood_unseen_shape_lobed_zb02p3_E06p5;F3NCS_0373_ood_unseen_shape_lobed_zb04p9_E07p7;F3NCS_0374_ood_unseen_shape_lobed_zb07p3_E27p3;F3NCS_0375_ood_unseen_shape_crescent_zb03p4_E11p6;F3NCS_0376_ood_unseen_shape_crescent_zb04p0_E26p7;F3NCS_0377_ood_unseen_shape_crescent_zb06p5_E40p4;F3NCS_0378_ood_unseen_shape_crescent_zb05p4_E79p9;F3NCS_0379_ood_unseen_shape_crescent_zb06p4_E88p5;F3NCS_0380_ood_unseen_shape_lobed_zb03p5_E55p6;F3NCS_0381_ood_unseen_shape_crescent_zb04p9_E14p7;F3NCS_0382_ood_unseen_shape_crescent_zb05p9_E48p6;F3NCS_0383_ood_unseen_shape_crescent_zb05p4_E08p3,method2b_512_full_comsol_colab_cuda,fig3_true_ood,4,split_role/ood_split_family,ood_unseen_shape,230,38,64,0.0740237757563591,0.2591819763183594,0.0421774312853813,0.6288719177246094,0.1223706975579261,0.7491455078125,0.1982434689998626,0.8163681030273438,0.2705475389957428,0.7684834407331822,0.8046168636805132,0.0922780533749237,1.4390468740541065,0.0205420836100258,0.2687506079673767,0.0737389549612999,,0.7533801198005676
H:\My Drive\MN_simulation\outputs\rspi_joint_052026\method2b_512_five_seed_ood_full512_20260611\seed_4\posterior\rspi_posterior_metrics.csv,4,train_mean_prior,0.1440892666578292,0.2195225340582517,13.170417853325851,0.0332627339073671,4.060465335845947,11.480061371004568,,52,F3NCS_0009_iid_support_ellipse_zb07p3_E22p5;F3NCS_0010_iid_support_cylinder_zb06p1_E14p0;F3NCS_0019_iid_support_two_foci_zb05p4_E27p2;F3NCS_0021_iid_support_ellipse_zb05p6_E31p9;F3NCS_0023_iid_support_cylinder_zb05p0_E06p6;F3NCS_0027_iid_support_ellipse_zb02p3_E78p6;F3NCS_0035_iid_support_ellipse_zb02p8_E30p8;F3NCS_0037_iid_support_ellipse_zb08p0_E07p6;F3NCS_0044_iid_support_ellipse_zb07p2_E08p4;F3NCS_0079_iid_support_cylinder_zb04p3_E13p0;F3NCS_0081_iid_support_ellipse_zb05p9_E06p8;F3NCS_0089_iid_support_cylinder_zb05p4_E08p5;F3NCS_0091_iid_support_two_foci_zb03p9_E39p0;F3NCS_0097_iid_support_cylinder_zb06p3_E18p9;F3NCS_0100_iid_support_cylinder_zb03p6_E34p7;F3NCS_0104_iid_support_ellipse_zb03p3_E52p9;F3NCS_0111_iid_support_ellipse_zb03p7_E19p4;F3NCS_0125_iid_support_cylinder_zb06p4_E14p2;F3NCS_0128_iid_support_two_foci_zb02p9_E23p9;F3NCS_0131_iid_support_ellipse_zb05p4_E74p1;F3NCS_0132_iid_support_cylinder_zb07p9_E08p3;F3NCS_0139_iid_support_two_foci_zb03p2_E25p1;F3NCS_0141_iid_support_cylinder_zb01p5_E37p1;F3NCS_0142_iid_support_two_foci_zb05p0_E19p6;F3NCS_0146_iid_support_two_foci_zb04p1_E20p6;F3NCS_0149_iid_support_cylinder_zb03p2_E32p2;F3NCS_0155_iid_support_ellipse_zb06p3_E24p5;F3NCS_0158_iid_support_cylinder_zb05p7_E11p3;F3NCS_0161_iid_support_ellipse_zb01p6_E25p7;F3NCS_0162_iid_support_ellipse_zb03p2_E17p6;F3NCS_0163_iid_support_two_foci_zb06p0_E08p1;F3NCS_0165_iid_support_ellipse_zb04p1_E25p8;F3NCS_0179_iid_support_two_foci_zb03p8_E90p2;F3NCS_0183_iid_support_cylinder_zb06p6_E10p9;F3NCS_0184_iid_support_cylinder_zb03p7_E17p7;F3NCS_0188_iid_support_cylinder_zb02p6_E41p7;F3NCS_0198_iid_support_cylinder_zb05p9_E17p9;F3NCS_0199_iid_support_ellipse_zb06p2_E37p7;F3NCS_0202_iid_support_cylinder_zb03p7_E57p3;F3NCS_0220_iid_support_two_foci_zb02p4_E32p0;F3NCS_0223_iid_support_two_foci_zb05p1_E52p3;F3NCS_0239_iid_support_ellipse_zb02p9_E06p8;F3NCS_0262_iid_support_ellipse_zb05p7_E60p2;F3NCS_0272_iid_support_ellipse_zb02p7_E33p6;F3NCS_0278_iid_support_ellipse_zb02p1_E44p7;F3NCS_0284_iid_support_ellipse_zb03p7_E68p9;F3NCS_0288_iid_support_cylinder_zb03p9_E35p1;F3NCS_0296_iid_support_cylinder_zb06p2_E15p6;F3NCS_0300_iid_support_ellipse_zb07p6_E67p9;F3NCS_0306_iid_support_ellipse_zb04p6_E40p2;F3NCS_0315_iid_support_ellipse_zb08p0_E09p3;F3NCS_0316_iid_support_two_foci_zb02p8_E06p3,method2b_512_full_comsol_colab_cuda,fig3_true_ood,0,split_role/ood_split_family,iid_test,230,38,52,,,,,,,,,,,,,,,,,,
H:\My Drive\MN_simulation\outputs\rspi_joint_052026\method2b_512_five_seed_ood_full512_20260611\seed_4\posterior\rspi_posterior_metrics.csv,4,srcnn_bz_single_channel,0.1212297976016998,0.2054013565991852,13.747933847530929,0.1648515299535714,3.809593677520752,11.034559925812522,0.3277563594987074,52,F3NCS_0009_iid_support_ellipse_zb07p3_E22p5;F3NCS_0010_iid_support_cylinder_zb06p1_E14p0;F3NCS_0019_iid_support_two_foci_zb05p4_E27p2;F3NCS_0021_iid_support_ellipse_zb05p6_E31p9;F3NCS_0023_iid_support_cylinder_zb05p0_E06p6;F3NCS_0027_iid_support_ellipse_zb02p3_E78p6;F3NCS_0035_iid_support_ellipse_zb02p8_E30p8;F3NCS_0037_iid_support_ellipse_zb08p0_E07p6;F3NCS_0044_iid_support_ellipse_zb07p2_E08p4;F3NCS_0079_iid_support_cylinder_zb04p3_E13p0;F3NCS_0081_iid_support_ellipse_zb05p9_E06p8;F3NCS_0089_iid_support_cylinder_zb05p4_E08p5;F3NCS_0091_iid_support_two_foci_zb03p9_E39p0;F3NCS_0097_iid_support_cylinder_zb06p3_E18p9;F3NCS_0100_iid_support_cylinder_zb03p6_E34p7;F3NCS_0104_iid_support_ellipse_zb03p3_E52p9;F3NCS_0111_iid_support_ellipse_zb03p7_E19p4;F3NCS_0125_iid_support_cylinder_zb06p4_E14p2;F3NCS_0128_iid_support_two_foci_zb02p9_E23p9;F3NCS_0131_iid_support_ellipse_zb05p4_E74p1;F3NCS_0132_iid_support_cylinder_zb07p9_E08p3;F3NCS_0139_iid_support_two_foci_zb03p2_E25p1;F3NCS_0141_iid_support_cylinder_zb01p5_E37p1;F3NCS_0142_iid_support_two_foci_zb05p0_E19p6;F3NCS_0146_iid_support_two_foci_zb04p1_E20p6;F3NCS_0149_iid_support_cylinder_zb03p2_E32p2;F3NCS_0155_iid_support_ellipse_zb06p3_E24p5;F3NCS_0158_iid_support_cylinder_zb05p7_E11p3;F3NCS_0161_iid_support_ellipse_zb01p6_E25p7;F3NCS_0162_iid_support_ellipse_zb03p2_E17p6;F3NCS_0163_iid_support_two_foci_zb06p0_E08p1;F3NCS_0165_iid_support_ellipse_zb04p1_E25p8;F3NCS_0179_iid_support_two_foci_zb03p8_E90p2;F3NCS_0183_iid_support_cylinder_zb06p6_E10p9;F3NCS_0184_iid_support_cylinder_zb03p7_E17p7;F3NCS_0188_iid_support_cylinder_zb02p6_E41p7;F3NCS_0198_iid_support_cylinder_zb05p9_E17p9;F3NCS_0199_iid_support_ellipse_zb06p2_E37p7;F3NCS_0202_iid_support_cylinder_zb03p7_E57p3;F3NCS_0220_iid_support_two_foci_zb02p4_E32p0;F3NCS_0223_iid_support_two_foci_zb05p1_E52p3;F3NCS_0239_iid_support_ellipse_zb02p9_E06p8;F3NCS_0262_iid_support_ellipse_zb05p7_E60p2;F3NCS_0272_iid_support_ellipse_zb02p7_E33p6;F3NCS_0278_iid_support_ellipse_zb02p1_E44p7;F3NCS_0284_iid_support_ellipse_zb03p7_E68p9;F3NCS_0288_iid_support_cylinder_zb03p9_E35p1;F3NCS_0296_iid_support_cylinder_zb06p2_E15p6;F3NCS_0300_iid_support_ellipse_zb07p6_E67p9;F3NCS_0306_iid_support_ellipse_zb04p6_E40p2;F3NCS_0315_iid_support_ellipse_zb08p0_E09p3;F3NCS_0316_iid_support_two_foci_zb02p8_E06p3,method2b_512_full_comsol_colab_cuda,fig3_true_ood,0,split_role/ood_split_family,iid_test,230,38,52,0.1212297827005386,0.0,0.0,0.0,0.0,0.0,0.0,0.0,0.0,,0.5,0.2038440173626919,20384401.73626919,0.0971306178054731,0.141667291522026,0.0,,
H:\My Drive\MN_simulation\outputs\rspi_joint_052026\method2b_512_five_seed_ood_full512_20260611\seed_4\posterior\rspi_posterior_metrics.csv,4,unet_canonical_bxyz,0.0728605315089225,0.1535780617122615,16.273416357675906,0.4403744517610623,2.846763610839844,9.237141925649397,0.5630034713120502,52,F3NCS_0009_iid_support_ellipse_zb07p3_E22p5;F3NCS_0010_iid_support_cylinder_zb06p1_E14p0;F3NCS_0019_iid_support_two_foci_zb05p4_E27p2;F3NCS_0021_iid_support_ellipse_zb05p6_E31p9;F3NCS_0023_iid_support_cylinder_zb05p0_E06p6;F3NCS_0027_iid_support_ellipse_zb02p3_E78p6;F3NCS_0035_iid_support_ellipse_zb02p8_E30p8;F3NCS_0037_iid_support_ellipse_zb08p0_E07p6;F3NCS_0044_iid_support_ellipse_zb07p2_E08p4;F3NCS_0079_iid_support_cylinder_zb04p3_E13p0;F3NCS_0081_iid_support_ellipse_zb05p9_E06p8;F3NCS_0089_iid_support_cylinder_zb05p4_E08p5;F3NCS_0091_iid_support_two_foci_zb03p9_E39p0;F3NCS_0097_iid_support_cylinder_zb06p3_E18p9;F3NCS_0100_iid_support_cylinder_zb03p6_E34p7;F3NCS_0104_iid_support_ellipse_zb03p3_E52p9;F3NCS_0111_iid_support_ellipse_zb03p7_E19p4;F3NCS_0125_iid_support_cylinder_zb06p4_E14p2;F3NCS_0128_iid_support_two_foci_zb02p9_E23p9;F3NCS_0131_iid_support_ellipse_zb05p4_E74p1;F3NCS_0132_iid_support_cylinder_zb07p9_E08p3;F3NCS_0139_iid_support_two_foci_zb03p2_E25p1;F3NCS_0141_iid_support_cylinder_zb01p5_E37p1;F3NCS_0142_iid_support_two_foci_zb05p0_E19p6;F3NCS_0146_iid_support_two_foci_zb04p1_E20p6;F3NCS_0149_iid_support_cylinder_zb03p2_E32p2;F3NCS_0155_iid_support_ellipse_zb06p3_E24p5;F3NCS_0158_iid_support_cylinder_zb05p7_E11p3;F3NCS_0161_iid_support_ellipse_zb01p6_E25p7;F3NCS_0162_iid_support_ellipse_zb03p2_E17p6;F3NCS_0163_iid_support_two_foci_zb06p0_E08p1;F3NCS_0165_iid_support_ellipse_zb04p1_E25p8;F3NCS_0179_iid_support_two_foci_zb03p8_E90p2;F3NCS_0183_iid_support_cylinder_zb06p6_E10p9;F3NCS_0184_iid_support_cylinder_zb03p7_E17p7;F3NCS_0188_iid_support_cylinder_zb02p6_E41p7;F3NCS_0198_iid_support_cylinder_zb05p9_E17p9;F3NCS_0199_iid_support_ellipse_zb06p2_E37p7;F3NCS_0202_iid_support_cylinder_zb03p7_E57p3;F3NCS_0220_iid_support_two_foci_zb02p4_E32p0;F3NCS_0223_iid_support_two_foci_zb05p1_E52p3;F3NCS_0239_iid_support_ellipse_zb02p9_E06p8;F3NCS_0262_iid_support_ellipse_zb05p7_E60p2;F3NCS_0272_iid_support_ellipse_zb02p7_E33p6;F3NCS_0278_iid_support_ellipse_zb02p1_E44p7;F3NCS_0284_iid_support_ellipse_zb03p7_E68p9;F3NCS_0288_iid_support_cylinder_zb03p9_E35p1;F3NCS_0296_iid_support_cylinder_zb06p2_E15p6;F3NCS_0300_iid_support_ellipse_zb07p6_E67p9;F3NCS_0306_iid_support_ellipse_zb04p6_E40p2;F3NCS_0315_iid_support_ellipse_zb08p0_E09p3;F3NCS_0316_iid_support_two_foci_zb02p8_E06p3,method2b_512_full_comsol_colab_cuda,fig3_true_ood,0,split_role/ood_split_family,iid_test,230,38,52,0.0728605315089225,0.0,0.0,0.0,0.0,0.0,0.0,0.0,0.0,,0.5,0.1518046131439137,15180461.314391367,0.0634230786748285,0.1061025783419609,0.0,,
H:\My Drive\MN_simulation\outputs\rspi_joint_052026\method2b_512_five_seed_ood_full512_20260611\seed_4\posterior\rspi_posterior_metrics.csv,4,vanilla_diffusion,0.4430456161499023,0.4567932748302009,6.80560597289888,0.0538116585320005,12.39205837249756,14.046845670506087,0.2621131200186165,52,F3NCS_0009_iid_support_ellipse_zb07p3_E22p5;F3NCS_0010_iid_support_cylinder_zb06p1_E14p0;F3NCS_0019_iid_support_two_foci_zb05p4_E27p2;F3NCS_0021_iid_support_ellipse_zb05p6_E31p9;F3NCS_0023_iid_support_cylinder_zb05p0_E06p6;F3NCS_0027_iid_support_ellipse_zb02p3_E78p6;F3NCS_0035_iid_support_ellipse_zb02p8_E30p8;F3NCS_0037_iid_support_ellipse_zb08p0_E07p6;F3NCS_0044_iid_support_ellipse_zb07p2_E08p4;F3NCS_0079_iid_support_cylinder_zb04p3_E13p0;F3NCS_0081_iid_support_ellipse_zb05p9_E06p8;F3NCS_0089_iid_support_cylinder_zb05p4_E08p5;F3NCS_0091_iid_support_two_foci_zb03p9_E39p0;F3NCS_0097_iid_support_cylinder_zb06p3_E18p9;F3NCS_0100_iid_support_cylinder_zb03p6_E34p7;F3NCS_0104_iid_support_ellipse_zb03p3_E52p9;F3NCS_0111_iid_support_ellipse_zb03p7_E19p4;F3NCS_0125_iid_support_cylinder_zb06p4_E14p2;F3NCS_0128_iid_support_two_foci_zb02p9_E23p9;F3NCS_0131_iid_support_ellipse_zb05p4_E74p1;F3NCS_0132_iid_support_cylinder_zb07p9_E08p3;F3NCS_0139_iid_support_two_foci_zb03p2_E25p1;F3NCS_0141_iid_support_cylinder_zb01p5_E37p1;F3NCS_0142_iid_support_two_foci_zb05p0_E19p6;F3NCS_0146_iid_support_two_foci_zb04p1_E20p6;F3NCS_0149_iid_support_cylinder_zb03p2_E32p2;F3NCS_0155_iid_support_ellipse_zb06p3_E24p5;F3NCS_0158_iid_support_cylinder_zb05p7_E11p3;F3NCS_0161_iid_support_ellipse_zb01p6_E25p7;F3NCS_0162_iid_support_ellipse_zb03p2_E17p6;F3NCS_0163_iid_support_two_foci_zb06p0_E08p1;F3NCS_0165_iid_support_ellipse_zb04p1_E25p8;F3NCS_0179_iid_support_two_foci_zb03p8_E90p2;F3NCS_0183_iid_support_cylinder_zb06p6_E10p9;F3NCS_0184_iid_support_cylinder_zb03p7_E17p7;F3NCS_0188_iid_support_cylinder_zb02p6_E41p7;F3NCS_0198_iid_support_cylinder_zb05p9_E17p9;F3NCS_0199_iid_support_ellipse_zb06p2_E37p7;F3NCS_0202_iid_support_cylinder_zb03p7_E57p3;F3NCS_0220_iid_support_two_foci_zb02p4_E32p0;F3NCS_0223_iid_support_two_foci_zb05p1_E52p3;F3NCS_0239_iid_support_ellipse_zb02p9_E06p8;F3NCS_0262_iid_support_ellipse_zb05p7_E60p2;F3NCS_0272_iid_support_ellipse_zb02p7_E33p6;F3NCS_0278_iid_support_ellipse_zb02p1_E44p7;F3NCS_0284_iid_support_ellipse_zb03p7_E68p9;F3NCS_0288_iid_support_cylinder_zb03p9_E35p1;F3NCS_0296_iid_support_cylinder_zb06p2_E15p6;F3NCS_0300_iid_support_ellipse_zb07p6_E67p9;F3NCS_0306_iid_support_ellipse_zb04p6_E40p2;F3NCS_0315_iid_support_ellipse_zb08p0_E09p3;F3NCS_0316_iid_support_two_foci_zb02p8_E06p3,method2b_512_full_comsol_colab_cuda,fig3_true_ood,0,split_role/ood_split_family,iid_test,230,38,52,,,,,,,,,,,,,,,,0.0814882889389991,64.0,
H:\My Drive\MN_simulation\outputs\rspi_joint_052026\method2b_512_five_seed_ood_full512_20260611\seed_4\posterior\rspi_posterior_metrics.csv,4,prior_init_diffusion_unet,0.0757120698690414,0.1543811676496043,16.228113572840726,0.2420927243163952,2.862188577651977,9.287248413457116,0.5480770756560949,52,F3NCS_0009_iid_support_ellipse_zb07p3_E22p5;F3NCS_0010_iid_support_cylinder_zb06p1_E14p0;F3NCS_0019_iid_support_two_foci_zb05p4_E27p2;F3NCS_0021_iid_support_ellipse_zb05p6_E31p9;F3NCS_0023_iid_support_cylinder_zb05p0_E06p6;F3NCS_0027_iid_support_ellipse_zb02p3_E78p6;F3NCS_0035_iid_support_ellipse_zb02p8_E30p8;F3NCS_0037_iid_support_ellipse_zb08p0_E07p6;F3NCS_0044_iid_support_ellipse_zb07p2_E08p4;F3NCS_0079_iid_support_cylinder_zb04p3_E13p0;F3NCS_0081_iid_support_ellipse_zb05p9_E06p8;F3NCS_0089_iid_support_cylinder_zb05p4_E08p5;F3NCS_0091_iid_support_two_foci_zb03p9_E39p0;F3NCS_0097_iid_support_cylinder_zb06p3_E18p9;F3NCS_0100_iid_support_cylinder_zb03p6_E34p7;F3NCS_0104_iid_support_ellipse_zb03p3_E52p9;F3NCS_0111_iid_support_ellipse_zb03p7_E19p4;F3NCS_0125_iid_support_cylinder_zb06p4_E14p2;F3NCS_0128_iid_support_two_foci_zb02p9_E23p9;F3NCS_0131_iid_support_ellipse_zb05p4_E74p1;F3NCS_0132_iid_support_cylinder_zb07p9_E08p3;F3NCS_0139_iid_support_two_foci_zb03p2_E25p1;F3NCS_0141_iid_support_cylinder_zb01p5_E37p1;F3NCS_0142_iid_support_two_foci_zb05p0_E19p6;F3NCS_0146_iid_support_two_foci_zb04p1_E20p6;F3NCS_0149_iid_support_cylinder_zb03p2_E32p2;F3NCS_0155_iid_support_ellipse_zb06p3_E24p5;F3NCS_0158_iid_support_cylinder_zb05p7_E11p3;F3NCS_0161_iid_support_ellipse_zb01p6_E25p7;F3NCS_0162_iid_support_ellipse_zb03p2_E17p6;F3NCS_0163_iid_support_two_foci_zb06p0_E08p1;F3NCS_0165_iid_support_ellipse_zb04p1_E25p8;F3NCS_0179_iid_support_two_foci_zb03p8_E90p2;F3NCS_0183_iid_support_cylinder_zb06p6_E10p9;F3NCS_0184_iid_support_cylinder_zb03p7_E17p7;F3NCS_0188_iid_support_cylinder_zb02p6_E41p7;F3NCS_0198_iid_support_cylinder_zb05p9_E17p9;F3NCS_0199_iid_support_ellipse_zb06p2_E37p7;F3NCS_0202_iid_support_cylinder_zb03p7_E57p3;F3NCS_0220_iid_support_two_foci_zb02p4_E32p0;F3NCS_0223_iid_support_two_foci_zb05p1_E52p3;F3NCS_0239_iid_support_ellipse_zb02p9_E06p8;F3NCS_0262_iid_support_ellipse_zb05p7_E60p2;F3NCS_0272_iid_support_ellipse_zb02p7_E33p6;F3NCS_0278_iid_support_ellipse_zb02p1_E44p7;F3NCS_0284_iid_support_ellipse_zb03p7_E68p9;F3NCS_0288_iid_support_cylinder_zb03p9_E35p1;F3NCS_0296_iid_support_cylinder_zb06p2_E15p6;F3NCS_0300_iid_support_ellipse_zb07p6_E67p9;F3NCS_0306_iid_support_ellipse_zb04p6_E40p2;F3NCS_0315_iid_support_ellipse_zb08p0_E09p3;F3NCS_0316_iid_support_two_foci_zb02p8_E06p3,method2b_512_full_comsol_colab_cuda,fig3_true_ood,0,split_role/ood_split_family,iid_test,230,38,52,0.0709386765956878,0.0046715368516743,0.0114342290908098,0.0086200423538684,0.0215458888560533,0.0118455151095986,0.0273021794855594,0.020479641854763,0.0319588482379913,0.676283666965326,0.8523766395750851,0.1220892337030776,13.60946669838195,0.0131300147522041,0.1116077005863189,0.0085827028378844,,
H:\My Drive\MN_simulation\outputs\rspi_joint_052026\method2b_512_five_seed_ood_full512_20260611\seed_4\posterior\rspi_posterior_metrics.csv,4,residual_likelihood_guided_diffusion,0.0757186859846115,0.1543925568118391,16.227472812319675,0.2418959428771184,2.8625807762146,9.28741681766354,0.5486533698454392,52,F3NCS_0009_iid_support_ellipse_zb07p3_E22p5;F3NCS_0010_iid_support_cylinder_zb06p1_E14p0;F3NCS_0019_iid_support_two_foci_zb05p4_E27p2;F3NCS_0021_iid_support_ellipse_zb05p6_E31p9;F3NCS_0023_iid_support_cylinder_zb05p0_E06p6;F3NCS_0027_iid_support_ellipse_zb02p3_E78p6;F3NCS_0035_iid_support_ellipse_zb02p8_E30p8;F3NCS_0037_iid_support_ellipse_zb08p0_E07p6;F3NCS_0044_iid_support_ellipse_zb07p2_E08p4;F3NCS_0079_iid_support_cylinder_zb04p3_E13p0;F3NCS_0081_iid_support_ellipse_zb05p9_E06p8;F3NCS_0089_iid_support_cylinder_zb05p4_E08p5;F3NCS_0091_iid_support_two_foci_zb03p9_E39p0;F3NCS_0097_iid_support_cylinder_zb06p3_E18p9;F3NCS_0100_iid_support_cylinder_zb03p6_E34p7;F3NCS_0104_iid_support_ellipse_zb03p3_E52p9;F3NCS_0111_iid_support_ellipse_zb03p7_E19p4;F3NCS_0125_iid_support_cylinder_zb06p4_E14p2;F3NCS_0128_iid_support_two_foci_zb02p9_E23p9;F3NCS_0131_iid_support_ellipse_zb05p4_E74p1;F3NCS_0132_iid_support_cylinder_zb07p9_E08p3;F3NCS_0139_iid_support_two_foci_zb03p2_E25p1;F3NCS_0141_iid_support_cylinder_zb01p5_E37p1;F3NCS_0142_iid_support_two_foci_zb05p0_E19p6;F3NCS_0146_iid_support_two_foci_zb04p1_E20p6;F3NCS_0149_iid_support_cylinder_zb03p2_E32p2;F3NCS_0155_iid_support_ellipse_zb06p3_E24p5;F3NCS_0158_iid_support_cylinder_zb05p7_E11p3;F3NCS_0161_iid_support_ellipse_zb01p6_E25p7;F3NCS_0162_iid_support_ellipse_zb03p2_E17p6;F3NCS_0163_iid_support_two_foci_zb06p0_E08p1;F3NCS_0165_iid_support_ellipse_zb04p1_E25p8;F3NCS_0179_iid_support_two_foci_zb03p8_E90p2;F3NCS_0183_iid_support_cylinder_zb06p6_E10p9;F3NCS_0184_iid_support_cylinder_zb03p7_E17p7;F3NCS_0188_iid_support_cylinder_zb02p6_E41p7;F3NCS_0198_iid_support_cylinder_zb05p9_E17p9;F3NCS_0199_iid_support_ellipse_zb06p2_E37p7;F3NCS_0202_iid_support_cylinder_zb03p7_E57p3;F3NCS_0220_iid_support_two_foci_zb02p4_E32p0;F3NCS_0223_iid_support_two_foci_zb05p1_E52p3;F3NCS_0239_iid_support_ellipse_zb02p9_E06p8;F3NCS_0262_iid_support_ellipse_zb05p7_E60p2;F3NCS_0272_iid_support_ellipse_zb02p7_E33p6;F3NCS_0278_iid_support_ellipse_zb02p1_E44p7;F3NCS_0284_iid_support_ellipse_zb03p7_E68p9;F3NCS_0288_iid_support_cylinder_zb03p9_E35p1;F3NCS_0296_iid_support_cylinder_zb06p2_E15p6;F3NCS_0300_iid_support_ellipse_zb07p6_E67p9;F3NCS_0306_iid_support_ellipse_zb04p6_E40p2;F3NCS_0315_iid_support_ellipse_zb08p0_E09p3;F3NCS_0316_iid_support_two_foci_zb02p8_E06p3,method2b_512_full_comsol_colab_cuda,fig3_true_ood,0,split_role/ood_split_family,iid_test,230,38,52,0.0709347948431968,0.0044180061668157,0.0114613333716988,0.00860595703125,0.0215914379805326,0.0118314307183027,0.0273507852107286,0.0203998275101184,0.0320191010832786,0.6743167363250342,0.8537485349150177,0.1221070174836627,13.568824062816084,0.0129437219973152,0.1116039603948593,0.0085995942354202,,
H:\My Drive\MN_simulation\outputs\rspi_joint_052026\method2b_512_five_seed_ood_full512_20260611\seed_4\posterior\rspi_posterior_metrics.csv,4,explicit_residual_target_diffusion,0.082533948123455,0.1560505846174101,16.13469199967952,0.2518179198870292,2.9435746669769287,9.346835542351313,0.5452020403794515,52,F3NCS_0009_iid_support_ellipse_zb07p3_E22p5;F3NCS_0010_iid_support_cylinder_zb06p1_E14p0;F3NCS_0019_iid_support_two_foci_zb05p4_E27p2;F3NCS_0021_iid_support_ellipse_zb05p6_E31p9;F3NCS_0023_iid_support_cylinder_zb05p0_E06p6;F3NCS_0027_iid_support_ellipse_zb02p3_E78p6;F3NCS_0035_iid_support_ellipse_zb02p8_E30p8;F3NCS_0037_iid_support_ellipse_zb08p0_E07p6;F3NCS_0044_iid_support_ellipse_zb07p2_E08p4;F3NCS_0079_iid_support_cylinder_zb04p3_E13p0;F3NCS_0081_iid_support_ellipse_zb05p9_E06p8;F3NCS_0089_iid_support_cylinder_zb05p4_E08p5;F3NCS_0091_iid_support_two_foci_zb03p9_E39p0;F3NCS_0097_iid_support_cylinder_zb06p3_E18p9;F3NCS_0100_iid_support_cylinder_zb03p6_E34p7;F3NCS_0104_iid_support_ellipse_zb03p3_E52p9;F3NCS_0111_iid_support_ellipse_zb03p7_E19p4;F3NCS_0125_iid_support_cylinder_zb06p4_E14p2;F3NCS_0128_iid_support_two_foci_zb02p9_E23p9;F3NCS_0131_iid_support_ellipse_zb05p4_E74p1;F3NCS_0132_iid_support_cylinder_zb07p9_E08p3;F3NCS_0139_iid_support_two_foci_zb03p2_E25p1;F3NCS_0141_iid_support_cylinder_zb01p5_E37p1;F3NCS_0142_iid_support_two_foci_zb05p0_E19p6;F3NCS_0146_iid_support_two_foci_zb04p1_E20p6;F3NCS_0149_iid_support_cylinder_zb03p2_E32p2;F3NCS_0155_iid_support_ellipse_zb06p3_E24p5;F3NCS_0158_iid_support_cylinder_zb05p7_E11p3;F3NCS_0161_iid_support_ellipse_zb01p6_E25p7;F3NCS_0162_iid_support_ellipse_zb03p2_E17p6;F3NCS_0163_iid_support_two_foci_zb06p0_E08p1;F3NCS_0165_iid_support_ellipse_zb04p1_E25p8;F3NCS_0179_iid_support_two_foci_zb03p8_E90p2;F3NCS_0183_iid_support_cylinder_zb06p6_E10p9;F3NCS_0184_iid_support_cylinder_zb03p7_E17p7;F3NCS_0188_iid_support_cylinder_zb02p6_E41p7;F3NCS_0198_iid_support_cylinder_zb05p9_E17p9;F3NCS_0199_iid_support_ellipse_zb06p2_E37p7;F3NCS_0202_iid_support_cylinder_zb03p7_E57p3;F3NCS_0220_iid_support_two_foci_zb02p4_E32p0;F3NCS_0223_iid_support_two_foci_zb05p1_E52p3;F3NCS_0239_iid_support_ellipse_zb02p9_E06p8;F3NCS_0262_iid_support_ellipse_zb05p7_E60p2;F3NCS_0272_iid_support_ellipse_zb02p7_E33p6;F3NCS_0278_iid_support_ellipse_zb02p1_E44p7;F3NCS_0284_iid_support_ellipse_zb03p7_E68p9;F3NCS_0288_iid_support_cylinder_zb03p9_E35p1;F3NCS_0296_iid_support_cylinder_zb06p2_E15p6;F3NCS_0300_iid_support_ellipse_zb07p6_E67p9;F3NCS_0306_iid_support_ellipse_zb04p6_E40p2;F3NCS_0315_iid_support_ellipse_zb08p0_E09p3;F3NCS_0316_iid_support_two_foci_zb02p8_E06p3,method2b_512_full_comsol_colab_cuda,fig3_true_ood,0,split_role/ood_split_family,iid_test,230,38,52,0.0542419776320457,0.738234281539917,0.0482252687215805,0.8323739767074585,0.128408282995224,0.8733896017074585,0.1984816193580627,0.9035926461219788,0.2707350850105285,0.8066734834581565,0.7848791297542155,0.0668229034421531,1.3194185048948146,0.0185086650928884,0.5042240619659424,0.0783588737249374,,0.7357025146484375
H:\My Drive\MN_simulation\outputs\rspi_joint_052026\method2b_512_five_seed_ood_full512_20260611\seed_4\posterior\rspi_posterior_metrics.csv,4,train_mean_prior,0.1438805907964706,0.2227556441798263,13.043425660066552,0.0330969039350748,4.35940408706665,13.246117364878684,,64,F3NCS_0384_ood_unseen_depth_range_two_foci_zb11p3_E39p2;F3NCS_0385_ood_unseen_depth_range_cylinder_zb11p5_E77p5;F3NCS_0386_ood_unseen_depth_range_ellipse_zb09p6_E94p6;F3NCS_0387_ood_unseen_depth_range_ellipse_zb10p9_E15p1;F3NCS_0388_ood_unseen_depth_range_two_foci_zb12p8_E07p0;F3NCS_0389_ood_unseen_depth_range_two_foci_zb08p9_E35p1;F3NCS_0390_ood_unseen_depth_range_two_foci_zb08p6_E39p9;F3NCS_0391_ood_unseen_depth_range_ellipse_zb11p5_E49p0;F3NCS_0392_ood_unseen_depth_range_two_foci_zb09p8_E39p6;F3NCS_0393_ood_unseen_depth_range_two_foci_zb13p5_E10p5;F3NCS_0394_ood_unseen_depth_range_cylinder_zb13p1_E17p7;F3NCS_0395_ood_unseen_depth_range_ellipse_zb11p9_E19p2;F3NCS_0396_ood_unseen_depth_range_ellipse_zb12p8_E35p8;F3NCS_0397_ood_unseen_depth_range_ellipse_zb11p0_E90p4;F3NCS_0398_ood_unseen_depth_range_two_foci_zb09p3_E06p2;F3NCS_0399_ood_unseen_depth_range_two_foci_zb12p6_E13p2;F3NCS_0400_ood_unseen_depth_range_ellipse_zb13p7_E19p7;F3NCS_0401_ood_unseen_depth_range_ellipse_zb09p5_E63p3;F3NCS_0402_ood_unseen_depth_range_cylinder_zb09p7_E17p8;F3NCS_0403_ood_unseen_depth_range_cylinder_zb13p3_E13p7;F3NCS_0404_ood_unseen_depth_range_two_foci_zb08p6_E25p9;F3NCS_0405_ood_unseen_depth_range_cylinder_zb09p6_E16p6;F3NCS_0406_ood_unseen_depth_range_two_foci_zb12p7_E08p4;F3NCS_0407_ood_unseen_depth_range_two_foci_zb10p5_E11p3;F3NCS_0408_ood_unseen_depth_range_ellipse_zb12p1_E31p3;F3NCS_0409_ood_unseen_depth_range_two_foci_zb08p9_E07p6;F3NCS_0410_ood_unseen_depth_range_ellipse_zb13p0_E23p5;F3NCS_0411_ood_unseen_depth_range_two_foci_zb14p0_E48p4;F3NCS_0412_ood_unseen_depth_range_ellipse_zb12p8_E74p8;F3NCS_0413_ood_unseen_depth_range_ellipse_zb12p0_E10p1;F3NCS_0414_ood_unseen_depth_range_cylinder_zb10p0_E74p1;F3NCS_0415_ood_unseen_depth_range_two_foci_zb11p6_E74p6;F3NCS_0416_ood_unseen_depth_range_two_foci_zb10p5_E76p3;F3NCS_0417_ood_unseen_depth_range_two_foci_zb13p3_E17p8;F3NCS_0418_ood_unseen_depth_range_ellipse_zb13p8_E28p3;F3NCS_0419_ood_unseen_depth_range_ellipse_zb09p0_E16p3;F3NCS_0420_ood_unseen_depth_range_cylinder_zb13p3_E28p6;F3NCS_0421_ood_unseen_depth_range_cylinder_zb11p0_E23p8;F3NCS_0422_ood_unseen_depth_range_ellipse_zb11p4_E23p6;F3NCS_0423_ood_unseen_depth_range_ellipse_zb09p3_E11p4;F3NCS_0424_ood_unseen_depth_range_ellipse_zb11p1_E21p4;F3NCS_0425_ood_unseen_depth_range_two_foci_zb13p1_E09p6;F3NCS_0426_ood_unseen_depth_range_cylinder_zb10p6_E06p2;F3NCS_0427_ood_unseen_depth_range_ellipse_zb13p9_E58p6;F3NCS_0428_ood_unseen_depth_range_ellipse_zb10p2_E73p0;F3NCS_0429_ood_unseen_depth_range_two_foci_zb09p5_E07p0;F3NCS_0430_ood_unseen_depth_range_two_foci_zb11p3_E33p1;F3NCS_0431_ood_unseen_depth_range_cylinder_zb08p8_E06p7;F3NCS_0432_ood_unseen_depth_range_cylinder_zb09p3_E08p3;F3NCS_0433_ood_unseen_depth_range_cylinder_zb12p9_E86p3;F3NCS_0434_ood_unseen_depth_range_ellipse_zb13p9_E71p4;F3NCS_0435_ood_unseen_depth_range_cylinder_zb10p5_E25p4;F3NCS_0436_ood_unseen_depth_range_ellipse_zb11p9_E84p1;F3NCS_0437_ood_unseen_depth_range_ellipse_zb10p1_E14p8;F3NCS_0438_ood_unseen_depth_range_ellipse_zb10p1_E24p0;F3NCS_0439_ood_unseen_depth_range_ellipse_zb10p5_E33p5;F3NCS_0440_ood_unseen_depth_range_two_foci_zb12p0_E12p1;F3NCS_0441_ood_unseen_depth_range_ellipse_zb12p4_E06p2;F3NCS_0442_ood_unseen_depth_range_ellipse_zb11p7_E13p1;F3NCS_0443_ood_unseen_depth_range_ellipse_zb11p2_E14p1;F3NCS_0444_ood_unseen_depth_range_ellipse_zb10p4_E07p3;F3NCS_0445_ood_unseen_depth_range_two_foci_zb13p3_E51p9;F3NCS_0446_ood_unseen_depth_range_cylinder_zb12p2_E10p8;F3NCS_0447_ood_unseen_depth_range_two_foci_zb11p7_E11p2,method2b_512_full_comsol_colab_cuda,fig3_true_ood,1,split_role/ood_split_family,ood_unseen_depth_range,230,38,64,,,,,,,,,,,,,,,,,,
H:\My Drive\MN_simulation\outputs\rspi_joint_052026\method2b_512_five_seed_ood_full512_20260611\seed_4\posterior\rspi_posterior_metrics.csv,4,srcnn_bz_single_channel,0.118693396449089,0.2112102423025563,13.505700504239233,0.1635866446304135,4.084574222564697,12.963360137506305,0.3192358026449718,64,F3NCS_0384_ood_unseen_depth_range_two_foci_zb11p3_E39p2;F3NCS_0385_ood_unseen_depth_range_cylinder_zb11p5_E77p5;F3NCS_0386_ood_unseen_depth_range_ellipse_zb09p6_E94p6;F3NCS_0387_ood_unseen_depth_range_ellipse_zb10p9_E15p1;F3NCS_0388_ood_unseen_depth_range_two_foci_zb12p8_E07p0;F3NCS_0389_ood_unseen_depth_range_two_foci_zb08p9_E35p1;F3NCS_0390_ood_unseen_depth_range_two_foci_zb08p6_E39p9;F3NCS_0391_ood_unseen_depth_range_ellipse_zb11p5_E49p0;F3NCS_0392_ood_unseen_depth_range_two_foci_zb09p8_E39p6;F3NCS_0393_ood_unseen_depth_range_two_foci_zb13p5_E10p5;F3NCS_0394_ood_unseen_depth_range_cylinder_zb13p1_E17p7;F3NCS_0395_ood_unseen_depth_range_ellipse_zb11p9_E19p2;F3NCS_0396_ood_unseen_depth_range_ellipse_zb12p8_E35p8;F3NCS_0397_ood_unseen_depth_range_ellipse_zb11p0_E90p4;F3NCS_0398_ood_unseen_depth_range_two_foci_zb09p3_E06p2;F3NCS_0399_ood_unseen_depth_range_two_foci_zb12p6_E13p2;F3NCS_0400_ood_unseen_depth_range_ellipse_zb13p7_E19p7;F3NCS_0401_ood_unseen_depth_range_ellipse_zb09p5_E63p3;F3NCS_0402_ood_unseen_depth_range_cylinder_zb09p7_E17p8;F3NCS_0403_ood_unseen_depth_range_cylinder_zb13p3_E13p7;F3NCS_0404_ood_unseen_depth_range_two_foci_zb08p6_E25p9;F3NCS_0405_ood_unseen_depth_range_cylinder_zb09p6_E16p6;F3NCS_0406_ood_unseen_depth_range_two_foci_zb12p7_E08p4;F3NCS_0407_ood_unseen_depth_range_two_foci_zb10p5_E11p3;F3NCS_0408_ood_unseen_depth_range_ellipse_zb12p1_E31p3;F3NCS_0409_ood_unseen_depth_range_two_foci_zb08p9_E07p6;F3NCS_0410_ood_unseen_depth_range_ellipse_zb13p0_E23p5;F3NCS_0411_ood_unseen_depth_range_two_foci_zb14p0_E48p4;F3NCS_0412_ood_unseen_depth_range_ellipse_zb12p8_E74p8;F3NCS_0413_ood_unseen_depth_range_ellipse_zb12p0_E10p1;F3NCS_0414_ood_unseen_depth_range_cylinder_zb10p0_E74p1;F3NCS_0415_ood_unseen_depth_range_two_foci_zb11p6_E74p6;F3NCS_0416_ood_unseen_depth_range_two_foci_zb10p5_E76p3;F3NCS_0417_ood_unseen_depth_range_two_foci_zb13p3_E17p8;F3NCS_0418_ood_unseen_depth_range_ellipse_zb13p8_E28p3;F3NCS_0419_ood_unseen_depth_range_ellipse_zb09p0_E16p3;F3NCS_0420_ood_unseen_depth_range_cylinder_zb13p3_E28p6;F3NCS_0421_ood_unseen_depth_range_cylinder_zb11p0_E23p8;F3NCS_0422_ood_unseen_depth_range_ellipse_zb11p4_E23p6;F3NCS_0423_ood_unseen_depth_range_ellipse_zb09p3_E11p4;F3NCS_0424_ood_unseen_depth_range_ellipse_zb11p1_E21p4;F3NCS_0425_ood_unseen_depth_range_two_foci_zb13p1_E09p6;F3NCS_0426_ood_unseen_depth_range_cylinder_zb10p6_E06p2;F3NCS_0427_ood_unseen_depth_range_ellipse_zb13p9_E58p6;F3NCS_0428_ood_unseen_depth_range_ellipse_zb10p2_E73p0;F3NCS_0429_ood_unseen_depth_range_two_foci_zb09p5_E07p0;F3NCS_0430_ood_unseen_depth_range_two_foci_zb11p3_E33p1;F3NCS_0431_ood_unseen_depth_range_cylinder_zb08p8_E06p7;F3NCS_0432_ood_unseen_depth_range_cylinder_zb09p3_E08p3;F3NCS_0433_ood_unseen_depth_range_cylinder_zb12p9_E86p3;F3NCS_0434_ood_unseen_depth_range_ellipse_zb13p9_E71p4;F3NCS_0435_ood_unseen_depth_range_cylinder_zb10p5_E25p4;F3NCS_0436_ood_unseen_depth_range_ellipse_zb11p9_E84p1;F3NCS_0437_ood_unseen_depth_range_ellipse_zb10p1_E14p8;F3NCS_0438_ood_unseen_depth_range_ellipse_zb10p1_E24p0;F3NCS_0439_ood_unseen_depth_range_ellipse_zb10p5_E33p5;F3NCS_0440_ood_unseen_depth_range_two_foci_zb12p0_E12p1;F3NCS_0441_ood_unseen_depth_range_ellipse_zb12p4_E06p2;F3NCS_0442_ood_unseen_depth_range_ellipse_zb11p7_E13p1;F3NCS_0443_ood_unseen_depth_range_ellipse_zb11p2_E14p1;F3NCS_0444_ood_unseen_depth_range_ellipse_zb10p4_E07p3;F3NCS_0445_ood_unseen_depth_range_two_foci_zb13p3_E51p9;F3NCS_0446_ood_unseen_depth_range_cylinder_zb12p2_E10p8;F3NCS_0447_ood_unseen_depth_range_two_foci_zb11p7_E11p2,method2b_512_full_comsol_colab_cuda,fig3_true_ood,1,split_role/ood_split_family,ood_unseen_depth_range,230,38,64,0.118693396449089,0.0,0.0,0.0,0.0,0.0,0.0,0.0,0.0,,0.5,0.2091961400768765,20919614.00768765,0.0818335900761906,0.143218994140625,0.0,,
H:\My Drive\MN_simulation\outputs\rspi_joint_052026\method2b_512_five_seed_ood_full512_20260611\seed_4\posterior\rspi_posterior_metrics.csv,4,unet_canonical_bxyz,0.0714666619896888,0.1551564693737496,16.18460222889306,0.441010080743581,3.064659357070923,10.7808285838155,0.55295092842692,64,F3NCS_0384_ood_unseen_depth_range_two_foci_zb11p3_E39p2;F3NCS_0385_ood_unseen_depth_range_cylinder_zb11p5_E77p5;F3NCS_0386_ood_unseen_depth_range_ellipse_zb09p6_E94p6;F3NCS_0387_ood_unseen_depth_range_ellipse_zb10p9_E15p1;F3NCS_0388_ood_unseen_depth_range_two_foci_zb12p8_E07p0;F3NCS_0389_ood_unseen_depth_range_two_foci_zb08p9_E35p1;F3NCS_0390_ood_unseen_depth_range_two_foci_zb08p6_E39p9;F3NCS_0391_ood_unseen_depth_range_ellipse_zb11p5_E49p0;F3NCS_0392_ood_unseen_depth_range_two_foci_zb09p8_E39p6;F3NCS_0393_ood_unseen_depth_range_two_foci_zb13p5_E10p5;F3NCS_0394_ood_unseen_depth_range_cylinder_zb13p1_E17p7;F3NCS_0395_ood_unseen_depth_range_ellipse_zb11p9_E19p2;F3NCS_0396_ood_unseen_depth_range_ellipse_zb12p8_E35p8;F3NCS_0397_ood_unseen_depth_range_ellipse_zb11p0_E90p4;F3NCS_0398_ood_unseen_depth_range_two_foci_zb09p3_E06p2;F3NCS_0399_ood_unseen_depth_range_two_foci_zb12p6_E13p2;F3NCS_0400_ood_unseen_depth_range_ellipse_zb13p7_E19p7;F3NCS_0401_ood_unseen_depth_range_ellipse_zb09p5_E63p3;F3NCS_0402_ood_unseen_depth_range_cylinder_zb09p7_E17p8;F3NCS_0403_ood_unseen_depth_range_cylinder_zb13p3_E13p7;F3NCS_0404_ood_unseen_depth_range_two_foci_zb08p6_E25p9;F3NCS_0405_ood_unseen_depth_range_cylinder_zb09p6_E16p6;F3NCS_0406_ood_unseen_depth_range_two_foci_zb12p7_E08p4;F3NCS_0407_ood_unseen_depth_range_two_foci_zb10p5_E11p3;F3NCS_0408_ood_unseen_depth_range_ellipse_zb12p1_E31p3;F3NCS_0409_ood_unseen_depth_range_two_foci_zb08p9_E07p6;F3NCS_0410_ood_unseen_depth_range_ellipse_zb13p0_E23p5;F3NCS_0411_ood_unseen_depth_range_two_foci_zb14p0_E48p4;F3NCS_0412_ood_unseen_depth_range_ellipse_zb12p8_E74p8;F3NCS_0413_ood_unseen_depth_range_ellipse_zb12p0_E10p1;F3NCS_0414_ood_unseen_depth_range_cylinder_zb10p0_E74p1;F3NCS_0415_ood_unseen_depth_range_two_foci_zb11p6_E74p6;F3NCS_0416_ood_unseen_depth_range_two_foci_zb10p5_E76p3;F3NCS_0417_ood_unseen_depth_range_two_foci_zb13p3_E17p8;F3NCS_0418_ood_unseen_depth_range_ellipse_zb13p8_E28p3;F3NCS_0419_ood_unseen_depth_range_ellipse_zb09p0_E16p3;F3NCS_0420_ood_unseen_depth_range_cylinder_zb13p3_E28p6;F3NCS_0421_ood_unseen_depth_range_cylinder_zb11p0_E23p8;F3NCS_0422_ood_unseen_depth_range_ellipse_zb11p4_E23p6;F3NCS_0423_ood_unseen_depth_range_ellipse_zb09p3_E11p4;F3NCS_0424_ood_unseen_depth_range_ellipse_zb11p1_E21p4;F3NCS_0425_ood_unseen_depth_range_two_foci_zb13p1_E09p6;F3NCS_0426_ood_unseen_depth_range_cylinder_zb10p6_E06p2;F3NCS_0427_ood_unseen_depth_range_ellipse_zb13p9_E58p6;F3NCS_0428_ood_unseen_depth_range_ellipse_zb10p2_E73p0;F3NCS_0429_ood_unseen_depth_range_two_foci_zb09p5_E07p0;F3NCS_0430_ood_unseen_depth_range_two_foci_zb11p3_E33p1;F3NCS_0431_ood_unseen_depth_range_cylinder_zb08p8_E06p7;F3NCS_0432_ood_unseen_depth_range_cylinder_zb09p3_E08p3;F3NCS_0433_ood_unseen_depth_range_cylinder_zb12p9_E86p3;F3NCS_0434_ood_unseen_depth_range_ellipse_zb13p9_E71p4;F3NCS_0435_ood_unseen_depth_range_cylinder_zb10p5_E25p4;F3NCS_0436_ood_unseen_depth_range_ellipse_zb11p9_E84p1;F3NCS_0437_ood_unseen_depth_range_ellipse_zb10p1_E14p8;F3NCS_0438_ood_unseen_depth_range_ellipse_zb10p1_E24p0;F3NCS_0439_ood_unseen_depth_range_ellipse_zb10p5_E33p5;F3NCS_0440_ood_unseen_depth_range_two_foci_zb12p0_E12p1;F3NCS_0441_ood_unseen_depth_range_ellipse_zb12p4_E06p2;F3NCS_0442_ood_unseen_depth_range_ellipse_zb11p7_E13p1;F3NCS_0443_ood_unseen_depth_range_ellipse_zb11p2_E14p1;F3NCS_0444_ood_unseen_depth_range_ellipse_zb10p4_E07p3;F3NCS_0445_ood_unseen_depth_range_two_foci_zb13p3_E51p9;F3NCS_0446_ood_unseen_depth_range_cylinder_zb12p2_E10p8;F3NCS_0447_ood_unseen_depth_range_two_foci_zb11p7_E11p2,method2b_512_full_comsol_colab_cuda,fig3_true_ood,1,split_role/ood_split_family,ood_unseen_depth_range,230,38,64,0.0714666694402694,0.0,0.0,0.0,0.0,0.0,0.0,0.0,0.0,,0.5,0.1534262246712994,15342622.46712994,0.0553577665454165,0.1134910583496093,0.0,,
H:\My Drive\MN_simulation\outputs\rspi_joint_052026\method2b_512_five_seed_ood_full512_20260611\seed_4\posterior\rspi_posterior_metrics.csv,4,vanilla_diffusion,0.4709137380123138,0.4861193595670827,6.265141658503576,0.0498084965511225,14.189779281616213,16.300343628052083,0.2529377682805911,64,F3NCS_0384_ood_unseen_depth_range_two_foci_zb11p3_E39p2;F3NCS_0385_ood_unseen_depth_range_cylinder_zb11p5_E77p5;F3NCS_0386_ood_unseen_depth_range_ellipse_zb09p6_E94p6;F3NCS_0387_ood_unseen_depth_range_ellipse_zb10p9_E15p1;F3NCS_0388_ood_unseen_depth_range_two_foci_zb12p8_E07p0;F3NCS_0389_ood_unseen_depth_range_two_foci_zb08p9_E35p1;F3NCS_0390_ood_unseen_depth_range_two_foci_zb08p6_E39p9;F3NCS_0391_ood_unseen_depth_range_ellipse_zb11p5_E49p0;F3NCS_0392_ood_unseen_depth_range_two_foci_zb09p8_E39p6;F3NCS_0393_ood_unseen_depth_range_two_foci_zb13p5_E10p5;F3NCS_0394_ood_unseen_depth_range_cylinder_zb13p1_E17p7;F3NCS_0395_ood_unseen_depth_range_ellipse_zb11p9_E19p2;F3NCS_0396_ood_unseen_depth_range_ellipse_zb12p8_E35p8;F3NCS_0397_ood_unseen_depth_range_ellipse_zb11p0_E90p4;F3NCS_0398_ood_unseen_depth_range_two_foci_zb09p3_E06p2;F3NCS_0399_ood_unseen_depth_range_two_foci_zb12p6_E13p2;F3NCS_0400_ood_unseen_depth_range_ellipse_zb13p7_E19p7;F3NCS_0401_ood_unseen_depth_range_ellipse_zb09p5_E63p3;F3NCS_0402_ood_unseen_depth_range_cylinder_zb09p7_E17p8;F3NCS_0403_ood_unseen_depth_range_cylinder_zb13p3_E13p7;F3NCS_0404_ood_unseen_depth_range_two_foci_zb08p6_E25p9;F3NCS_0405_ood_unseen_depth_range_cylinder_zb09p6_E16p6;F3NCS_0406_ood_unseen_depth_range_two_foci_zb12p7_E08p4;F3NCS_0407_ood_unseen_depth_range_two_foci_zb10p5_E11p3;F3NCS_0408_ood_unseen_depth_range_ellipse_zb12p1_E31p3;F3NCS_0409_ood_unseen_depth_range_two_foci_zb08p9_E07p6;F3NCS_0410_ood_unseen_depth_range_ellipse_zb13p0_E23p5;F3NCS_0411_ood_unseen_depth_range_two_foci_zb14p0_E48p4;F3NCS_0412_ood_unseen_depth_range_ellipse_zb12p8_E74p8;F3NCS_0413_ood_unseen_depth_range_ellipse_zb12p0_E10p1;F3NCS_0414_ood_unseen_depth_range_cylinder_zb10p0_E74p1;F3NCS_0415_ood_unseen_depth_range_two_foci_zb11p6_E74p6;F3NCS_0416_ood_unseen_depth_range_two_foci_zb10p5_E76p3;F3NCS_0417_ood_unseen_depth_range_two_foci_zb13p3_E17p8;F3NCS_0418_ood_unseen_depth_range_ellipse_zb13p8_E28p3;F3NCS_0419_ood_unseen_depth_range_ellipse_zb09p0_E16p3;F3NCS_0420_ood_unseen_depth_range_cylinder_zb13p3_E28p6;F3NCS_0421_ood_unseen_depth_range_cylinder_zb11p0_E23p8;F3NCS_0422_ood_unseen_depth_range_ellipse_zb11p4_E23p6;F3NCS_0423_ood_unseen_depth_range_ellipse_zb09p3_E11p4;F3NCS_0424_ood_unseen_depth_range_ellipse_zb11p1_E21p4;F3NCS_0425_ood_unseen_depth_range_two_foci_zb13p1_E09p6;F3NCS_0426_ood_unseen_depth_range_cylinder_zb10p6_E06p2;F3NCS_0427_ood_unseen_depth_range_ellipse_zb13p9_E58p6;F3NCS_0428_ood_unseen_depth_range_ellipse_zb10p2_E73p0;F3NCS_0429_ood_unseen_depth_range_two_foci_zb09p5_E07p0;F3NCS_0430_ood_unseen_depth_range_two_foci_zb11p3_E33p1;F3NCS_0431_ood_unseen_depth_range_cylinder_zb08p8_E06p7;F3NCS_0432_ood_unseen_depth_range_cylinder_zb09p3_E08p3;F3NCS_0433_ood_unseen_depth_range_cylinder_zb12p9_E86p3;F3NCS_0434_ood_unseen_depth_range_ellipse_zb13p9_E71p4;F3NCS_0435_ood_unseen_depth_range_cylinder_zb10p5_E25p4;F3NCS_0436_ood_unseen_depth_range_ellipse_zb11p9_E84p1;F3NCS_0437_ood_unseen_depth_range_ellipse_zb10p1_E14p8;F3NCS_0438_ood_unseen_depth_range_ellipse_zb10p1_E24p0;F3NCS_0439_ood_unseen_depth_range_ellipse_zb10p5_E33p5;F3NCS_0440_ood_unseen_depth_range_two_foci_zb12p0_E12p1;F3NCS_0441_ood_unseen_depth_range_ellipse_zb12p4_E06p2;F3NCS_0442_ood_unseen_depth_range_ellipse_zb11p7_E13p1;F3NCS_0443_ood_unseen_depth_range_ellipse_zb11p2_E14p1;F3NCS_0444_ood_unseen_depth_range_ellipse_zb10p4_E07p3;F3NCS_0445_ood_unseen_depth_range_two_foci_zb13p3_E51p9;F3NCS_0446_ood_unseen_depth_range_cylinder_zb12p2_E10p8;F3NCS_0447_ood_unseen_depth_range_two_foci_zb11p7_E11p2,method2b_512_full_comsol_colab_cuda,fig3_true_ood,1,split_role/ood_split_family,ood_unseen_depth_range,230,38,64,,,,,,,,,,,,,,,,0.0884632691740989,64.0,
H:\My Drive\MN_simulation\outputs\rspi_joint_052026\method2b_512_five_seed_ood_full512_20260611\seed_4\posterior\rspi_posterior_metrics.csv,4,prior_init_diffusion_unet,0.0730405673384666,0.1556164413802727,16.158890406115432,0.2980462072882801,3.078178882598877,10.78692495287535,0.5435868441893262,64,F3NCS_0384_ood_unseen_depth_range_two_foci_zb11p3_E39p2;F3NCS_0385_ood_unseen_depth_range_cylinder_zb11p5_E77p5;F3NCS_0386_ood_unseen_depth_range_ellipse_zb09p6_E94p6;F3NCS_0387_ood_unseen_depth_range_ellipse_zb10p9_E15p1;F3NCS_0388_ood_unseen_depth_range_two_foci_zb12p8_E07p0;F3NCS_0389_ood_unseen_depth_range_two_foci_zb08p9_E35p1;F3NCS_0390_ood_unseen_depth_range_two_foci_zb08p6_E39p9;F3NCS_0391_ood_unseen_depth_range_ellipse_zb11p5_E49p0;F3NCS_0392_ood_unseen_depth_range_two_foci_zb09p8_E39p6;F3NCS_0393_ood_unseen_depth_range_two_foci_zb13p5_E10p5;F3NCS_0394_ood_unseen_depth_range_cylinder_zb13p1_E17p7;F3NCS_0395_ood_unseen_depth_range_ellipse_zb11p9_E19p2;F3NCS_0396_ood_unseen_depth_range_ellipse_zb12p8_E35p8;F3NCS_0397_ood_unseen_depth_range_ellipse_zb11p0_E90p4;F3NCS_0398_ood_unseen_depth_range_two_foci_zb09p3_E06p2;F3NCS_0399_ood_unseen_depth_range_two_foci_zb12p6_E13p2;F3NCS_0400_ood_unseen_depth_range_ellipse_zb13p7_E19p7;F3NCS_0401_ood_unseen_depth_range_ellipse_zb09p5_E63p3;F3NCS_0402_ood_unseen_depth_range_cylinder_zb09p7_E17p8;F3NCS_0403_ood_unseen_depth_range_cylinder_zb13p3_E13p7;F3NCS_0404_ood_unseen_depth_range_two_foci_zb08p6_E25p9;F3NCS_0405_ood_unseen_depth_range_cylinder_zb09p6_E16p6;F3NCS_0406_ood_unseen_depth_range_two_foci_zb12p7_E08p4;F3NCS_0407_ood_unseen_depth_range_two_foci_zb10p5_E11p3;F3NCS_0408_ood_unseen_depth_range_ellipse_zb12p1_E31p3;F3NCS_0409_ood_unseen_depth_range_two_foci_zb08p9_E07p6;F3NCS_0410_ood_unseen_depth_range_ellipse_zb13p0_E23p5;F3NCS_0411_ood_unseen_depth_range_two_foci_zb14p0_E48p4;F3NCS_0412_ood_unseen_depth_range_ellipse_zb12p8_E74p8;F3NCS_0413_ood_unseen_depth_range_ellipse_zb12p0_E10p1;F3NCS_0414_ood_unseen_depth_range_cylinder_zb10p0_E74p1;F3NCS_0415_ood_unseen_depth_range_two_foci_zb11p6_E74p6;F3NCS_0416_ood_unseen_depth_range_two_foci_zb10p5_E76p3;F3NCS_0417_ood_unseen_depth_range_two_foci_zb13p3_E17p8;F3NCS_0418_ood_unseen_depth_range_ellipse_zb13p8_E28p3;F3NCS_0419_ood_unseen_depth_range_ellipse_zb09p0_E16p3;F3NCS_0420_ood_unseen_depth_range_cylinder_zb13p3_E28p6;F3NCS_0421_ood_unseen_depth_range_cylinder_zb11p0_E23p8;F3NCS_0422_ood_unseen_depth_range_ellipse_zb11p4_E23p6;F3NCS_0423_ood_unseen_depth_range_ellipse_zb09p3_E11p4;F3NCS_0424_ood_unseen_depth_range_ellipse_zb11p1_E21p4;F3NCS_0425_ood_unseen_depth_range_two_foci_zb13p1_E09p6;F3NCS_0426_ood_unseen_depth_range_cylinder_zb10p6_E06p2;F3NCS_0427_ood_unseen_depth_range_ellipse_zb13p9_E58p6;F3NCS_0428_ood_unseen_depth_range_ellipse_zb10p2_E73p0;F3NCS_0429_ood_unseen_depth_range_two_foci_zb09p5_E07p0;F3NCS_0430_ood_unseen_depth_range_two_foci_zb11p3_E33p1;F3NCS_0431_ood_unseen_depth_range_cylinder_zb08p8_E06p7;F3NCS_0432_ood_unseen_depth_range_cylinder_zb09p3_E08p3;F3NCS_0433_ood_unseen_depth_range_cylinder_zb12p9_E86p3;F3NCS_0434_ood_unseen_depth_range_ellipse_zb13p9_E71p4;F3NCS_0435_ood_unseen_depth_range_cylinder_zb10p5_E25p4;F3NCS_0436_ood_unseen_depth_range_ellipse_zb11p9_E84p1;F3NCS_0437_ood_unseen_depth_range_ellipse_zb10p1_E14p8;F3NCS_0438_ood_unseen_depth_range_ellipse_zb10p1_E24p0;F3NCS_0439_ood_unseen_depth_range_ellipse_zb10p5_E33p5;F3NCS_0440_ood_unseen_depth_range_two_foci_zb12p0_E12p1;F3NCS_0441_ood_unseen_depth_range_ellipse_zb12p4_E06p2;F3NCS_0442_ood_unseen_depth_range_ellipse_zb11p7_E13p1;F3NCS_0443_ood_unseen_depth_range_ellipse_zb11p2_E14p1;F3NCS_0444_ood_unseen_depth_range_ellipse_zb10p4_E07p3;F3NCS_0445_ood_unseen_depth_range_two_foci_zb13p3_E51p9;F3NCS_0446_ood_unseen_depth_range_cylinder_zb12p2_E10p8;F3NCS_0447_ood_unseen_depth_range_two_foci_zb11p7_E11p2,method2b_512_full_comsol_colab_cuda,fig3_true_ood,1,split_role/ood_split_family,ood_unseen_depth_range,230,38,64,0.0679781436920166,0.0111541748046875,0.0121971098706126,0.0473175048828125,0.0229802057147026,0.1059379577636718,0.0290064234286546,0.2086143493652343,0.033708956092596,0.6377924626432091,0.8480390668484141,0.1213907910592586,12.561325628230776,0.0128852444966824,0.1372133493423462,0.009099394083023,,
H:\My Drive\MN_simulation\outputs\rspi_joint_052026\method2b_512_five_seed_ood_full512_20260611\seed_4\posterior\rspi_posterior_metrics.csv,4,residual_likelihood_guided_diffusion,0.0730303823947906,0.1556054051445665,16.159506426658176,0.298109499271959,3.078211545944214,10.78667351130334,0.543523186461321,64,F3NCS_0384_ood_unseen_depth_range_two_foci_zb11p3_E39p2;F3NCS_0385_ood_unseen_depth_range_cylinder_zb11p5_E77p5;F3NCS_0386_ood_unseen_depth_range_ellipse_zb09p6_E94p6;F3NCS_0387_ood_unseen_depth_range_ellipse_zb10p9_E15p1;F3NCS_0388_ood_unseen_depth_range_two_foci_zb12p8_E07p0;F3NCS_0389_ood_unseen_depth_range_two_foci_zb08p9_E35p1;F3NCS_0390_ood_unseen_depth_range_two_foci_zb08p6_E39p9;F3NCS_0391_ood_unseen_depth_range_ellipse_zb11p5_E49p0;F3NCS_0392_ood_unseen_depth_range_two_foci_zb09p8_E39p6;F3NCS_0393_ood_unseen_depth_range_two_foci_zb13p5_E10p5;F3NCS_0394_ood_unseen_depth_range_cylinder_zb13p1_E17p7;F3NCS_0395_ood_unseen_depth_range_ellipse_zb11p9_E19p2;F3NCS_0396_ood_unseen_depth_range_ellipse_zb12p8_E35p8;F3NCS_0397_ood_unseen_depth_range_ellipse_zb11p0_E90p4;F3NCS_0398_ood_unseen_depth_range_two_foci_zb09p3_E06p2;F3NCS_0399_ood_unseen_depth_range_two_foci_zb12p6_E13p2;F3NCS_0400_ood_unseen_depth_range_ellipse_zb13p7_E19p7;F3NCS_0401_ood_unseen_depth_range_ellipse_zb09p5_E63p3;F3NCS_0402_ood_unseen_depth_range_cylinder_zb09p7_E17p8;F3NCS_0403_ood_unseen_depth_range_cylinder_zb13p3_E13p7;F3NCS_0404_ood_unseen_depth_range_two_foci_zb08p6_E25p9;F3NCS_0405_ood_unseen_depth_range_cylinder_zb09p6_E16p6;F3NCS_0406_ood_unseen_depth_range_two_foci_zb12p7_E08p4;F3NCS_0407_ood_unseen_depth_range_two_foci_zb10p5_E11p3;F3NCS_0408_ood_unseen_depth_range_ellipse_zb12p1_E31p3;F3NCS_0409_ood_unseen_depth_range_two_foci_zb08p9_E07p6;F3NCS_0410_ood_unseen_depth_range_ellipse_zb13p0_E23p5;F3NCS_0411_ood_unseen_depth_range_two_foci_zb14p0_E48p4;F3NCS_0412_ood_unseen_depth_range_ellipse_zb12p8_E74p8;F3NCS_0413_ood_unseen_depth_range_ellipse_zb12p0_E10p1;F3NCS_0414_ood_unseen_depth_range_cylinder_zb10p0_E74p1;F3NCS_0415_ood_unseen_depth_range_two_foci_zb11p6_E74p6;F3NCS_0416_ood_unseen_depth_range_two_foci_zb10p5_E76p3;F3NCS_0417_ood_unseen_depth_range_two_foci_zb13p3_E17p8;F3NCS_0418_ood_unseen_depth_range_ellipse_zb13p8_E28p3;F3NCS_0419_ood_unseen_depth_range_ellipse_zb09p0_E16p3;F3NCS_0420_ood_unseen_depth_range_cylinder_zb13p3_E28p6;F3NCS_0421_ood_unseen_depth_range_cylinder_zb11p0_E23p8;F3NCS_0422_ood_unseen_depth_range_ellipse_zb11p4_E23p6;F3NCS_0423_ood_unseen_depth_range_ellipse_zb09p3_E11p4;F3NCS_0424_ood_unseen_depth_range_ellipse_zb11p1_E21p4;F3NCS_0425_ood_unseen_depth_range_two_foci_zb13p1_E09p6;F3NCS_0426_ood_unseen_depth_range_cylinder_zb10p6_E06p2;F3NCS_0427_ood_unseen_depth_range_ellipse_zb13p9_E58p6;F3NCS_0428_ood_unseen_depth_range_ellipse_zb10p2_E73p0;F3NCS_0429_ood_unseen_depth_range_two_foci_zb09p5_E07p0;F3NCS_0430_ood_unseen_depth_range_two_foci_zb11p3_E33p1;F3NCS_0431_ood_unseen_depth_range_cylinder_zb08p8_E06p7;F3NCS_0432_ood_unseen_depth_range_cylinder_zb09p3_E08p3;F3NCS_0433_ood_unseen_depth_range_cylinder_zb12p9_E86p3;F3NCS_0434_ood_unseen_depth_range_ellipse_zb13p9_E71p4;F3NCS_0435_ood_unseen_depth_range_cylinder_zb10p5_E25p4;F3NCS_0436_ood_unseen_depth_range_ellipse_zb11p9_E84p1;F3NCS_0437_ood_unseen_depth_range_ellipse_zb10p1_E14p8;F3NCS_0438_ood_unseen_depth_range_ellipse_zb10p1_E24p0;F3NCS_0439_ood_unseen_depth_range_ellipse_zb10p5_E33p5;F3NCS_0440_ood_unseen_depth_range_two_foci_zb12p0_E12p1;F3NCS_0441_ood_unseen_depth_range_ellipse_zb12p4_E06p2;F3NCS_0442_ood_unseen_depth_range_ellipse_zb11p7_E13p1;F3NCS_0443_ood_unseen_depth_range_ellipse_zb11p2_E14p1;F3NCS_0444_ood_unseen_depth_range_ellipse_zb10p4_E07p3;F3NCS_0445_ood_unseen_depth_range_two_foci_zb13p3_E51p9;F3NCS_0446_ood_unseen_depth_range_cylinder_zb12p2_E10p8;F3NCS_0447_ood_unseen_depth_range_two_foci_zb11p7_E11p2,method2b_512_full_comsol_colab_cuda,fig3_true_ood,1,split_role/ood_split_family,ood_unseen_depth_range,230,38,64,0.0679678320884704,0.010955810546875,0.0121922874823212,0.0473175048828125,0.0229784175753593,0.105682373046875,0.0290005132555961,0.2088165283203125,0.0337013565003871,0.63805866336272,0.8472258157378408,0.121569390580273,12.60194384119676,0.0130567902378957,0.1371539831161499,0.0090989544987678,,
H:\My Drive\MN_simulation\outputs\rspi_joint_052026\method2b_512_five_seed_ood_full512_20260611\seed_4\posterior\rspi_posterior_metrics.csv,4,explicit_residual_target_diffusion,0.0745729431509971,0.156550214365371,16.106926667279996,0.3112576087005436,3.098113536834717,10.98264573703686,0.5365961477613599,64,F3NCS_0384_ood_unseen_depth_range_two_foci_zb11p3_E39p2;F3NCS_0385_ood_unseen_depth_range_cylinder_zb11p5_E77p5;F3NCS_0386_ood_unseen_depth_range_ellipse_zb09p6_E94p6;F3NCS_0387_ood_unseen_depth_range_ellipse_zb10p9_E15p1;F3NCS_0388_ood_unseen_depth_range_two_foci_zb12p8_E07p0;F3NCS_0389_ood_unseen_depth_range_two_foci_zb08p9_E35p1;F3NCS_0390_ood_unseen_depth_range_two_foci_zb08p6_E39p9;F3NCS_0391_ood_unseen_depth_range_ellipse_zb11p5_E49p0;F3NCS_0392_ood_unseen_depth_range_two_foci_zb09p8_E39p6;F3NCS_0393_ood_unseen_depth_range_two_foci_zb13p5_E10p5;F3NCS_0394_ood_unseen_depth_range_cylinder_zb13p1_E17p7;F3NCS_0395_ood_unseen_depth_range_ellipse_zb11p9_E19p2;F3NCS_0396_ood_unseen_depth_range_ellipse_zb12p8_E35p8;F3NCS_0397_ood_unseen_depth_range_ellipse_zb11p0_E90p4;F3NCS_0398_ood_unseen_depth_range_two_foci_zb09p3_E06p2;F3NCS_0399_ood_unseen_depth_range_two_foci_zb12p6_E13p2;F3NCS_0400_ood_unseen_depth_range_ellipse_zb13p7_E19p7;F3NCS_0401_ood_unseen_depth_range_ellipse_zb09p5_E63p3;F3NCS_0402_ood_unseen_depth_range_cylinder_zb09p7_E17p8;F3NCS_0403_ood_unseen_depth_range_cylinder_zb13p3_E13p7;F3NCS_0404_ood_unseen_depth_range_two_foci_zb08p6_E25p9;F3NCS_0405_ood_unseen_depth_range_cylinder_zb09p6_E16p6;F3NCS_0406_ood_unseen_depth_range_two_foci_zb12p7_E08p4;F3NCS_0407_ood_unseen_depth_range_two_foci_zb10p5_E11p3;F3NCS_0408_ood_unseen_depth_range_ellipse_zb12p1_E31p3;F3NCS_0409_ood_unseen_depth_range_two_foci_zb08p9_E07p6;F3NCS_0410_ood_unseen_depth_range_ellipse_zb13p0_E23p5;F3NCS_0411_ood_unseen_depth_range_two_foci_zb14p0_E48p4;F3NCS_0412_ood_unseen_depth_range_ellipse_zb12p8_E74p8;F3NCS_0413_ood_unseen_depth_range_ellipse_zb12p0_E10p1;F3NCS_0414_ood_unseen_depth_range_cylinder_zb10p0_E74p1;F3NCS_0415_ood_unseen_depth_range_two_foci_zb11p6_E74p6;F3NCS_0416_ood_unseen_depth_range_two_foci_zb10p5_E76p3;F3NCS_0417_ood_unseen_depth_range_two_foci_zb13p3_E17p8;F3NCS_0418_ood_unseen_depth_range_ellipse_zb13p8_E28p3;F3NCS_0419_ood_unseen_depth_range_ellipse_zb09p0_E16p3;F3NCS_0420_ood_unseen_depth_range_cylinder_zb13p3_E28p6;F3NCS_0421_ood_unseen_depth_range_cylinder_zb11p0_E23p8;F3NCS_0422_ood_unseen_depth_range_ellipse_zb11p4_E23p6;F3NCS_0423_ood_unseen_depth_range_ellipse_zb09p3_E11p4;F3NCS_0424_ood_unseen_depth_range_ellipse_zb11p1_E21p4;F3NCS_0425_ood_unseen_depth_range_two_foci_zb13p1_E09p6;F3NCS_0426_ood_unseen_depth_range_cylinder_zb10p6_E06p2;F3NCS_0427_ood_unseen_depth_range_ellipse_zb13p9_E58p6;F3NCS_0428_ood_unseen_depth_range_ellipse_zb10p2_E73p0;F3NCS_0429_ood_unseen_depth_range_two_foci_zb09p5_E07p0;F3NCS_0430_ood_unseen_depth_range_two_foci_zb11p3_E33p1;F3NCS_0431_ood_unseen_depth_range_cylinder_zb08p8_E06p7;F3NCS_0432_ood_unseen_depth_range_cylinder_zb09p3_E08p3;F3NCS_0433_ood_unseen_depth_range_cylinder_zb12p9_E86p3;F3NCS_0434_ood_unseen_depth_range_ellipse_zb13p9_E71p4;F3NCS_0435_ood_unseen_depth_range_cylinder_zb10p5_E25p4;F3NCS_0436_ood_unseen_depth_range_ellipse_zb11p9_E84p1;F3NCS_0437_ood_unseen_depth_range_ellipse_zb10p1_E14p8;F3NCS_0438_ood_unseen_depth_range_ellipse_zb10p1_E24p0;F3NCS_0439_ood_unseen_depth_range_ellipse_zb10p5_E33p5;F3NCS_0440_ood_unseen_depth_range_two_foci_zb12p0_E12p1;F3NCS_0441_ood_unseen_depth_range_ellipse_zb12p4_E06p2;F3NCS_0442_ood_unseen_depth_range_ellipse_zb11p7_E13p1;F3NCS_0443_ood_unseen_depth_range_ellipse_zb11p2_E14p1;F3NCS_0444_ood_unseen_depth_range_ellipse_zb10p4_E07p3;F3NCS_0445_ood_unseen_depth_range_two_foci_zb13p3_E51p9;F3NCS_0446_ood_unseen_depth_range_cylinder_zb12p2_E10p8;F3NCS_0447_ood_unseen_depth_range_two_foci_zb11p7_E11p2,method2b_512_full_comsol_colab_cuda,fig3_true_ood,1,split_role/ood_split_family,ood_unseen_depth_range,230,38,64,0.0517189465463161,0.7715682983398438,0.0353559888899326,0.8329429626464844,0.099746435880661,0.8664779663085938,0.155651107430458,0.8928680419921875,0.2157987505197525,0.8452021252040874,0.8082557990524611,0.0805809545910566,1.663208886665829,0.0157996315965542,0.6306014060974121,0.0631326958537101,,0.7410367131233215
H:\My Drive\MN_simulation\outputs\rspi_joint_052026\method2b_512_five_seed_ood_full512_20260611\seed_4\posterior\rspi_posterior_metrics.csv,4,train_mean_prior,0.1460379064083099,0.2254924993504597,12.937357993226668,0.0317656520346645,4.367835521697998,12.731186693471408,,32,F3NCS_0448_ood_unseen_layer_modulus_ellipse_zb07p4_E21p0;F3NCS_0449_ood_unseen_layer_modulus_ellipse_zb05p8_E54p9;F3NCS_0450_ood_unseen_layer_modulus_crescent_zb09p9_E11p6;F3NCS_0451_ood_unseen_layer_modulus_cylinder_zb09p3_E36p6;F3NCS_0452_ood_unseen_layer_modulus_two_foci_zb09p4_E11p5;F3NCS_0453_ood_unseen_layer_modulus_lobed_zb09p7_E21p6;F3NCS_0454_ood_unseen_layer_modulus_crescent_zb06p1_E76p6;F3NCS_0455_ood_unseen_layer_modulus_ellipse_zb06p0_E06p3;F3NCS_0456_ood_unseen_layer_modulus_ellipse_zb02p7_E65p7;F3NCS_0457_ood_unseen_layer_modulus_lobed_zb07p1_E19p6;F3NCS_0458_ood_unseen_layer_modulus_lobed_zb02p9_E06p6;F3NCS_0459_ood_unseen_layer_modulus_ellipse_zb09p5_E34p1;F3NCS_0460_ood_unseen_layer_modulus_two_foci_zb03p6_E86p4;F3NCS_0461_ood_unseen_layer_modulus_cylinder_zb08p2_E46p7;F3NCS_0462_ood_unseen_layer_modulus_two_foci_zb09p7_E30p7;F3NCS_0463_ood_unseen_layer_modulus_lobed_zb03p1_E09p1;F3NCS_0464_ood_unseen_layer_modulus_lobed_zb05p9_E29p2;F3NCS_0465_ood_unseen_layer_modulus_two_foci_zb03p6_E42p2;F3NCS_0466_ood_unseen_layer_modulus_two_foci_zb03p5_E33p5;F3NCS_0467_ood_unseen_layer_modulus_cylinder_zb03p5_E16p4;F3NCS_0468_ood_unseen_layer_modulus_lobed_zb04p2_E55p5;F3NCS_0469_ood_unseen_layer_modulus_ellipse_zb08p2_E21p5;F3NCS_0470_ood_unseen_layer_modulus_lobed_zb05p9_E43p7;F3NCS_0471_ood_unseen_layer_modulus_lobed_zb02p0_E78p3;F3NCS_0472_ood_unseen_layer_modulus_lobed_zb07p9_E07p2;F3NCS_0473_ood_unseen_layer_modulus_ellipse_zb05p9_E08p4;F3NCS_0474_ood_unseen_layer_modulus_cylinder_zb09p4_E22p6;F3NCS_0475_ood_unseen_layer_modulus_lobed_zb08p1_E22p1;F3NCS_0476_ood_unseen_layer_modulus_ellipse_zb05p7_E79p4;F3NCS_0477_ood_unseen_layer_modulus_ellipse_zb03p5_E10p4;F3NCS_0478_ood_unseen_layer_modulus_ellipse_zb07p1_E27p2;F3NCS_0479_ood_unseen_layer_modulus_cylinder_zb03p7_E09p1,method2b_512_full_comsol_colab_cuda,fig3_true_ood,2,split_role/ood_split_family,ood_unseen_layer_modulus,230,38,32,,,,,,,,,,,,,,,,,,
H:\My Drive\MN_simulation\outputs\rspi_joint_052026\method2b_512_five_seed_ood_full512_20260611\seed_4\posterior\rspi_posterior_metrics.csv,4,srcnn_bz_single_channel,0.1193584948778152,0.2020651696503996,13.890170803643633,0.1598510025069117,4.059882164001465,12.115949576110795,0.4089267578780703,32,F3NCS_0448_ood_unseen_layer_modulus_ellipse_zb07p4_E21p0;F3NCS_0449_ood_unseen_layer_modulus_ellipse_zb05p8_E54p9;F3NCS_0450_ood_unseen_layer_modulus_crescent_zb09p9_E11p6;F3NCS_0451_ood_unseen_layer_modulus_cylinder_zb09p3_E36p6;F3NCS_0452_ood_unseen_layer_modulus_two_foci_zb09p4_E11p5;F3NCS_0453_ood_unseen_layer_modulus_lobed_zb09p7_E21p6;F3NCS_0454_ood_unseen_layer_modulus_crescent_zb06p1_E76p6;F3NCS_0455_ood_unseen_layer_modulus_ellipse_zb06p0_E06p3;F3NCS_0456_ood_unseen_layer_modulus_ellipse_zb02p7_E65p7;F3NCS_0457_ood_unseen_layer_modulus_lobed_zb07p1_E19p6;F3NCS_0458_ood_unseen_layer_modulus_lobed_zb02p9_E06p6;F3NCS_0459_ood_unseen_layer_modulus_ellipse_zb09p5_E34p1;F3NCS_0460_ood_unseen_layer_modulus_two_foci_zb03p6_E86p4;F3NCS_0461_ood_unseen_layer_modulus_cylinder_zb08p2_E46p7;F3NCS_0462_ood_unseen_layer_modulus_two_foci_zb09p7_E30p7;F3NCS_0463_ood_unseen_layer_modulus_lobed_zb03p1_E09p1;F3NCS_0464_ood_unseen_layer_modulus_lobed_zb05p9_E29p2;F3NCS_0465_ood_unseen_layer_modulus_two_foci_zb03p6_E42p2;F3NCS_0466_ood_unseen_layer_modulus_two_foci_zb03p5_E33p5;F3NCS_0467_ood_unseen_layer_modulus_cylinder_zb03p5_E16p4;F3NCS_0468_ood_unseen_layer_modulus_lobed_zb04p2_E55p5;F3NCS_0469_ood_unseen_layer_modulus_ellipse_zb08p2_E21p5;F3NCS_0470_ood_unseen_layer_modulus_lobed_zb05p9_E43p7;F3NCS_0471_ood_unseen_layer_modulus_lobed_zb02p0_E78p3;F3NCS_0472_ood_unseen_layer_modulus_lobed_zb07p9_E07p2;F3NCS_0473_ood_unseen_layer_modulus_ellipse_zb05p9_E08p4;F3NCS_0474_ood_unseen_layer_modulus_cylinder_zb09p4_E22p6;F3NCS_0475_ood_unseen_layer_modulus_lobed_zb08p1_E22p1;F3NCS_0476_ood_unseen_layer_modulus_ellipse_zb05p7_E79p4;F3NCS_0477_ood_unseen_layer_modulus_ellipse_zb03p5_E10p4;F3NCS_0478_ood_unseen_layer_modulus_ellipse_zb07p1_E27p2;F3NCS_0479_ood_unseen_layer_modulus_cylinder_zb03p7_E09p1,method2b_512_full_comsol_colab_cuda,fig3_true_ood,2,split_role/ood_split_family,ood_unseen_layer_modulus,230,38,32,0.1193584874272346,0.0,0.0,0.0,0.0,0.0,0.0,0.0,0.0,,0.5,0.2009950849566556,20099508.495665565,0.0836110220525913,0.1418914794921875,0.0,,
H:\My Drive\MN_simulation\outputs\rspi_joint_052026\method2b_512_five_seed_ood_full512_20260611\seed_4\posterior\rspi_posterior_metrics.csv,4,unet_canonical_bxyz,0.073905736207962,0.1527289326178639,16.321573668034425,0.387567738071084,3.0291333198547363,9.79907085140123,0.5515366741819442,32,F3NCS_0448_ood_unseen_layer_modulus_ellipse_zb07p4_E21p0;F3NCS_0449_ood_unseen_layer_modulus_ellipse_zb05p8_E54p9;F3NCS_0450_ood_unseen_layer_modulus_crescent_zb09p9_E11p6;F3NCS_0451_ood_unseen_layer_modulus_cylinder_zb09p3_E36p6;F3NCS_0452_ood_unseen_layer_modulus_two_foci_zb09p4_E11p5;F3NCS_0453_ood_unseen_layer_modulus_lobed_zb09p7_E21p6;F3NCS_0454_ood_unseen_layer_modulus_crescent_zb06p1_E76p6;F3NCS_0455_ood_unseen_layer_modulus_ellipse_zb06p0_E06p3;F3NCS_0456_ood_unseen_layer_modulus_ellipse_zb02p7_E65p7;F3NCS_0457_ood_unseen_layer_modulus_lobed_zb07p1_E19p6;F3NCS_0458_ood_unseen_layer_modulus_lobed_zb02p9_E06p6;F3NCS_0459_ood_unseen_layer_modulus_ellipse_zb09p5_E34p1;F3NCS_0460_ood_unseen_layer_modulus_two_foci_zb03p6_E86p4;F3NCS_0461_ood_unseen_layer_modulus_cylinder_zb08p2_E46p7;F3NCS_0462_ood_unseen_layer_modulus_two_foci_zb09p7_E30p7;F3NCS_0463_ood_unseen_layer_modulus_lobed_zb03p1_E09p1;F3NCS_0464_ood_unseen_layer_modulus_lobed_zb05p9_E29p2;F3NCS_0465_ood_unseen_layer_modulus_two_foci_zb03p6_E42p2;F3NCS_0466_ood_unseen_layer_modulus_two_foci_zb03p5_E33p5;F3NCS_0467_ood_unseen_layer_modulus_cylinder_zb03p5_E16p4;F3NCS_0468_ood_unseen_layer_modulus_lobed_zb04p2_E55p5;F3NCS_0469_ood_unseen_layer_modulus_ellipse_zb08p2_E21p5;F3NCS_0470_ood_unseen_layer_modulus_lobed_zb05p9_E43p7;F3NCS_0471_ood_unseen_layer_modulus_lobed_zb02p0_E78p3;F3NCS_0472_ood_unseen_layer_modulus_lobed_zb07p9_E07p2;F3NCS_0473_ood_unseen_layer_modulus_ellipse_zb05p9_E08p4;F3NCS_0474_ood_unseen_layer_modulus_cylinder_zb09p4_E22p6;F3NCS_0475_ood_unseen_layer_modulus_lobed_zb08p1_E22p1;F3NCS_0476_ood_unseen_layer_modulus_ellipse_zb05p7_E79p4;F3NCS_0477_ood_unseen_layer_modulus_ellipse_zb03p5_E10p4;F3NCS_0478_ood_unseen_layer_modulus_ellipse_zb07p1_E27p2;F3NCS_0479_ood_unseen_layer_modulus_cylinder_zb03p7_E09p1,method2b_512_full_comsol_colab_cuda,fig3_true_ood,2,split_role/ood_split_family,ood_unseen_layer_modulus,230,38,32,0.073905736207962,0.0,0.0,0.0,0.0,0.0,0.0,0.0,0.0,,0.5,0.1506318495483229,15063184.954832291,0.0532845004689544,0.1163711547851562,0.0,,
H:\My Drive\MN_simulation\outputs\rspi_joint_052026\method2b_512_five_seed_ood_full512_20260611\seed_4\posterior\rspi_posterior_metrics.csv,4,vanilla_diffusion,0.4307983517646789,0.4434920797167629,7.06228263574407,0.048226613755105,12.075190544128418,14.41395822709574,0.3309785599698974,32,F3NCS_0448_ood_unseen_layer_modulus_ellipse_zb07p4_E21p0;F3NCS_0449_ood_unseen_layer_modulus_ellipse_zb05p8_E54p9;F3NCS_0450_ood_unseen_layer_modulus_crescent_zb09p9_E11p6;F3NCS_0451_ood_unseen_layer_modulus_cylinder_zb09p3_E36p6;F3NCS_0452_ood_unseen_layer_modulus_two_foci_zb09p4_E11p5;F3NCS_0453_ood_unseen_layer_modulus_lobed_zb09p7_E21p6;F3NCS_0454_ood_unseen_layer_modulus_crescent_zb06p1_E76p6;F3NCS_0455_ood_unseen_layer_modulus_ellipse_zb06p0_E06p3;F3NCS_0456_ood_unseen_layer_modulus_ellipse_zb02p7_E65p7;F3NCS_0457_ood_unseen_layer_modulus_lobed_zb07p1_E19p6;F3NCS_0458_ood_unseen_layer_modulus_lobed_zb02p9_E06p6;F3NCS_0459_ood_unseen_layer_modulus_ellipse_zb09p5_E34p1;F3NCS_0460_ood_unseen_layer_modulus_two_foci_zb03p6_E86p4;F3NCS_0461_ood_unseen_layer_modulus_cylinder_zb08p2_E46p7;F3NCS_0462_ood_unseen_layer_modulus_two_foci_zb09p7_E30p7;F3NCS_0463_ood_unseen_layer_modulus_lobed_zb03p1_E09p1;F3NCS_0464_ood_unseen_layer_modulus_lobed_zb05p9_E29p2;F3NCS_0465_ood_unseen_layer_modulus_two_foci_zb03p6_E42p2;F3NCS_0466_ood_unseen_layer_modulus_two_foci_zb03p5_E33p5;F3NCS_0467_ood_unseen_layer_modulus_cylinder_zb03p5_E16p4;F3NCS_0468_ood_unseen_layer_modulus_lobed_zb04p2_E55p5;F3NCS_0469_ood_unseen_layer_modulus_ellipse_zb08p2_E21p5;F3NCS_0470_ood_unseen_layer_modulus_lobed_zb05p9_E43p7;F3NCS_0471_ood_unseen_layer_modulus_lobed_zb02p0_E78p3;F3NCS_0472_ood_unseen_layer_modulus_lobed_zb07p9_E07p2;F3NCS_0473_ood_unseen_layer_modulus_ellipse_zb05p9_E08p4;F3NCS_0474_ood_unseen_layer_modulus_cylinder_zb09p4_E22p6;F3NCS_0475_ood_unseen_layer_modulus_lobed_zb08p1_E22p1;F3NCS_0476_ood_unseen_layer_modulus_ellipse_zb05p7_E79p4;F3NCS_0477_ood_unseen_layer_modulus_ellipse_zb03p5_E10p4;F3NCS_0478_ood_unseen_layer_modulus_ellipse_zb07p1_E27p2;F3NCS_0479_ood_unseen_layer_modulus_cylinder_zb03p7_E09p1,method2b_512_full_comsol_colab_cuda,fig3_true_ood,2,split_role/ood_split_family,ood_unseen_layer_modulus,230,38,32,,,,,,,,,,,,,,,,0.0968944877386093,64.0,
H:\My Drive\MN_simulation\outputs\rspi_joint_052026\method2b_512_five_seed_ood_full512_20260611\seed_4\posterior\rspi_posterior_metrics.csv,4,prior_init_diffusion_unet,0.0773956775665283,0.1534675389368102,16.27966942672815,0.2174948442261666,3.0621814727783203,9.82855699132575,0.551363325310228,32,F3NCS_0448_ood_unseen_layer_modulus_ellipse_zb07p4_E21p0;F3NCS_0449_ood_unseen_layer_modulus_ellipse_zb05p8_E54p9;F3NCS_0450_ood_unseen_layer_modulus_crescent_zb09p9_E11p6;F3NCS_0451_ood_unseen_layer_modulus_cylinder_zb09p3_E36p6;F3NCS_0452_ood_unseen_layer_modulus_two_foci_zb09p4_E11p5;F3NCS_0453_ood_unseen_layer_modulus_lobed_zb09p7_E21p6;F3NCS_0454_ood_unseen_layer_modulus_crescent_zb06p1_E76p6;F3NCS_0455_ood_unseen_layer_modulus_ellipse_zb06p0_E06p3;F3NCS_0456_ood_unseen_layer_modulus_ellipse_zb02p7_E65p7;F3NCS_0457_ood_unseen_layer_modulus_lobed_zb07p1_E19p6;F3NCS_0458_ood_unseen_layer_modulus_lobed_zb02p9_E06p6;F3NCS_0459_ood_unseen_layer_modulus_ellipse_zb09p5_E34p1;F3NCS_0460_ood_unseen_layer_modulus_two_foci_zb03p6_E86p4;F3NCS_0461_ood_unseen_layer_modulus_cylinder_zb08p2_E46p7;F3NCS_0462_ood_unseen_layer_modulus_two_foci_zb09p7_E30p7;F3NCS_0463_ood_unseen_layer_modulus_lobed_zb03p1_E09p1;F3NCS_0464_ood_unseen_layer_modulus_lobed_zb05p9_E29p2;F3NCS_0465_ood_unseen_layer_modulus_two_foci_zb03p6_E42p2;F3NCS_0466_ood_unseen_layer_modulus_two_foci_zb03p5_E33p5;F3NCS_0467_ood_unseen_layer_modulus_cylinder_zb03p5_E16p4;F3NCS_0468_ood_unseen_layer_modulus_lobed_zb04p2_E55p5;F3NCS_0469_ood_unseen_layer_modulus_ellipse_zb08p2_E21p5;F3NCS_0470_ood_unseen_layer_modulus_lobed_zb05p9_E43p7;F3NCS_0471_ood_unseen_layer_modulus_lobed_zb02p0_E78p3;F3NCS_0472_ood_unseen_layer_modulus_lobed_zb07p9_E07p2;F3NCS_0473_ood_unseen_layer_modulus_ellipse_zb05p9_E08p4;F3NCS_0474_ood_unseen_layer_modulus_cylinder_zb09p4_E22p6;F3NCS_0475_ood_unseen_layer_modulus_lobed_zb08p1_E22p1;F3NCS_0476_ood_unseen_layer_modulus_ellipse_zb05p7_E79p4;F3NCS_0477_ood_unseen_layer_modulus_ellipse_zb03p5_E10p4;F3NCS_0478_ood_unseen_layer_modulus_ellipse_zb07p1_E27p2;F3NCS_0479_ood_unseen_layer_modulus_cylinder_zb03p7_E09p1,method2b_512_full_comsol_colab_cuda,fig3_true_ood,2,split_role/ood_split_family,ood_unseen_layer_modulus,230,38,32,0.0723597332835197,0.0035476684570312,0.0119076836854219,0.0068511962890625,0.0226207580417394,0.0093307495117187,0.0287995412945747,0.01513671875,0.0338596403598785,0.6916229878884095,0.8720642531383894,0.1137636383229134,11.306390614544643,0.0098560703629741,0.1201667785644531,0.0090522533282637,,
H:\My Drive\MN_simulation\outputs\rspi_joint_052026\method2b_512_five_seed_ood_full512_20260611\seed_4\posterior\rspi_posterior_metrics.csv,4,residual_likelihood_guided_diffusion,0.0773521810770034,0.1534352630929987,16.281496353145904,0.2176826593931764,3.0608131885528564,9.826611133903342,0.5516025697619613,32,F3NCS_0448_ood_unseen_layer_modulus_ellipse_zb07p4_E21p0;F3NCS_0449_ood_unseen_layer_modulus_ellipse_zb05p8_E54p9;F3NCS_0450_ood_unseen_layer_modulus_crescent_zb09p9_E11p6;F3NCS_0451_ood_unseen_layer_modulus_cylinder_zb09p3_E36p6;F3NCS_0452_ood_unseen_layer_modulus_two_foci_zb09p4_E11p5;F3NCS_0453_ood_unseen_layer_modulus_lobed_zb09p7_E21p6;F3NCS_0454_ood_unseen_layer_modulus_crescent_zb06p1_E76p6;F3NCS_0455_ood_unseen_layer_modulus_ellipse_zb06p0_E06p3;F3NCS_0456_ood_unseen_layer_modulus_ellipse_zb02p7_E65p7;F3NCS_0457_ood_unseen_layer_modulus_lobed_zb07p1_E19p6;F3NCS_0458_ood_unseen_layer_modulus_lobed_zb02p9_E06p6;F3NCS_0459_ood_unseen_layer_modulus_ellipse_zb09p5_E34p1;F3NCS_0460_ood_unseen_layer_modulus_two_foci_zb03p6_E86p4;F3NCS_0461_ood_unseen_layer_modulus_cylinder_zb08p2_E46p7;F3NCS_0462_ood_unseen_layer_modulus_two_foci_zb09p7_E30p7;F3NCS_0463_ood_unseen_layer_modulus_lobed_zb03p1_E09p1;F3NCS_0464_ood_unseen_layer_modulus_lobed_zb05p9_E29p2;F3NCS_0465_ood_unseen_layer_modulus_two_foci_zb03p6_E42p2;F3NCS_0466_ood_unseen_layer_modulus_two_foci_zb03p5_E33p5;F3NCS_0467_ood_unseen_layer_modulus_cylinder_zb03p5_E16p4;F3NCS_0468_ood_unseen_layer_modulus_lobed_zb04p2_E55p5;F3NCS_0469_ood_unseen_layer_modulus_ellipse_zb08p2_E21p5;F3NCS_0470_ood_unseen_layer_modulus_lobed_zb05p9_E43p7;F3NCS_0471_ood_unseen_layer_modulus_lobed_zb02p0_E78p3;F3NCS_0472_ood_unseen_layer_modulus_lobed_zb07p9_E07p2;F3NCS_0473_ood_unseen_layer_modulus_ellipse_zb05p9_E08p4;F3NCS_0474_ood_unseen_layer_modulus_cylinder_zb09p4_E22p6;F3NCS_0475_ood_unseen_layer_modulus_lobed_zb08p1_E22p1;F3NCS_0476_ood_unseen_layer_modulus_ellipse_zb05p7_E79p4;F3NCS_0477_ood_unseen_layer_modulus_ellipse_zb03p5_E10p4;F3NCS_0478_ood_unseen_layer_modulus_ellipse_zb07p1_E27p2;F3NCS_0479_ood_unseen_layer_modulus_cylinder_zb03p7_E09p1,method2b_512_full_comsol_colab_cuda,fig3_true_ood,2,split_role/ood_split_family,ood_unseen_layer_modulus,230,38,32,0.0723170936107635,0.0035171508789062,0.0119206793606281,0.0070114135742187,0.0226202700287103,0.0096206665039062,0.0287835486233234,0.0155258178710937,0.0338359102606773,0.684792385672996,0.8723816717196281,0.1134227317737615,11.251811989998084,0.0098214566073936,0.1201512813568115,0.0090490961447358,,
H:\My Drive\MN_simulation\outputs\rspi_joint_052026\method2b_512_five_seed_ood_full512_20260611\seed_4\posterior\rspi_posterior_metrics.csv,4,explicit_residual_target_diffusion,0.0860972255468368,0.1556702587469169,16.15588705446727,0.1823058510199189,3.180904626846313,9.872039351102032,0.5514202039729372,32,F3NCS_0448_ood_unseen_layer_modulus_ellipse_zb07p4_E21p0;F3NCS_0449_ood_unseen_layer_modulus_ellipse_zb05p8_E54p9;F3NCS_0450_ood_unseen_layer_modulus_crescent_zb09p9_E11p6;F3NCS_0451_ood_unseen_layer_modulus_cylinder_zb09p3_E36p6;F3NCS_0452_ood_unseen_layer_modulus_two_foci_zb09p4_E11p5;F3NCS_0453_ood_unseen_layer_modulus_lobed_zb09p7_E21p6;F3NCS_0454_ood_unseen_layer_modulus_crescent_zb06p1_E76p6;F3NCS_0455_ood_unseen_layer_modulus_ellipse_zb06p0_E06p3;F3NCS_0456_ood_unseen_layer_modulus_ellipse_zb02p7_E65p7;F3NCS_0457_ood_unseen_layer_modulus_lobed_zb07p1_E19p6;F3NCS_0458_ood_unseen_layer_modulus_lobed_zb02p9_E06p6;F3NCS_0459_ood_unseen_layer_modulus_ellipse_zb09p5_E34p1;F3NCS_0460_ood_unseen_layer_modulus_two_foci_zb03p6_E86p4;F3NCS_0461_ood_unseen_layer_modulus_cylinder_zb08p2_E46p7;F3NCS_0462_ood_unseen_layer_modulus_two_foci_zb09p7_E30p7;F3NCS_0463_ood_unseen_layer_modulus_lobed_zb03p1_E09p1;F3NCS_0464_ood_unseen_layer_modulus_lobed_zb05p9_E29p2;F3NCS_0465_ood_unseen_layer_modulus_two_foci_zb03p6_E42p2;F3NCS_0466_ood_unseen_layer_modulus_two_foci_zb03p5_E33p5;F3NCS_0467_ood_unseen_layer_modulus_cylinder_zb03p5_E16p4;F3NCS_0468_ood_unseen_layer_modulus_lobed_zb04p2_E55p5;F3NCS_0469_ood_unseen_layer_modulus_ellipse_zb08p2_E21p5;F3NCS_0470_ood_unseen_layer_modulus_lobed_zb05p9_E43p7;F3NCS_0471_ood_unseen_layer_modulus_lobed_zb02p0_E78p3;F3NCS_0472_ood_unseen_layer_modulus_lobed_zb07p9_E07p2;F3NCS_0473_ood_unseen_layer_modulus_ellipse_zb05p9_E08p4;F3NCS_0474_ood_unseen_layer_modulus_cylinder_zb09p4_E22p6;F3NCS_0475_ood_unseen_layer_modulus_lobed_zb08p1_E22p1;F3NCS_0476_ood_unseen_layer_modulus_ellipse_zb05p7_E79p4;F3NCS_0477_ood_unseen_layer_modulus_ellipse_zb03p5_E10p4;F3NCS_0478_ood_unseen_layer_modulus_ellipse_zb07p1_E27p2;F3NCS_0479_ood_unseen_layer_modulus_cylinder_zb03p7_E09p1,method2b_512_full_comsol_colab_cuda,fig3_true_ood,2,split_role/ood_split_family,ood_unseen_layer_modulus,230,38,32,0.0583476759493351,0.5812911987304688,0.0445171818137168,0.7855987548828125,0.1155016273260116,0.8420562744140625,0.1913730949163437,0.8815689086914062,0.2683911323547363,0.7756855407407443,0.8272331564885651,0.0637278869885883,0.8102823219113138,0.0149250841209579,0.3804528713226318,0.0744235217571258,,0.7200860381126404
H:\My Drive\MN_simulation\outputs\rspi_joint_052026\method2b_512_five_seed_ood_full512_20260611\seed_4\posterior\rspi_posterior_metrics.csv,4,train_mean_prior,0.1387180089950561,0.2099162830506646,13.559077444190562,0.0306947253411635,3.739305257797241,10.71926353714697,,32,F3NCS_0480_ood_unseen_operator_noise_lobed_zb10p0_E66p7;F3NCS_0481_ood_unseen_operator_noise_ellipse_zb05p4_E11p5;F3NCS_0482_ood_unseen_operator_noise_lobed_zb01p7_E06p9;F3NCS_0483_ood_unseen_operator_noise_lobed_zb08p7_E31p8;F3NCS_0484_ood_unseen_operator_noise_cylinder_zb10p1_E08p6;F3NCS_0485_ood_unseen_operator_noise_two_foci_zb07p5_E25p6;F3NCS_0486_ood_unseen_operator_noise_cylinder_zb04p8_E14p8;F3NCS_0487_ood_unseen_operator_noise_two_foci_zb04p8_E08p4;F3NCS_0488_ood_unseen_operator_noise_ellipse_zb02p0_E51p8;F3NCS_0489_ood_unseen_operator_noise_two_foci_zb07p5_E23p2;F3NCS_0490_ood_unseen_operator_noise_crescent_zb05p7_E09p8;F3NCS_0491_ood_unseen_operator_noise_two_foci_zb01p9_E52p0;F3NCS_0492_ood_unseen_operator_noise_two_foci_zb05p8_E11p8;F3NCS_0493_ood_unseen_operator_noise_two_foci_zb02p7_E17p6;F3NCS_0494_ood_unseen_operator_noise_cylinder_zb03p5_E15p1;F3NCS_0495_ood_unseen_operator_noise_ellipse_zb11p4_E39p6;F3NCS_0496_ood_unseen_operator_noise_two_foci_zb05p4_E16p3;F3NCS_0497_ood_unseen_operator_noise_two_foci_zb06p2_E23p1;F3NCS_0498_ood_unseen_operator_noise_crescent_zb04p0_E08p5;F3NCS_0499_ood_unseen_operator_noise_lobed_zb01p5_E71p0;F3NCS_0500_ood_unseen_operator_noise_cylinder_zb02p3_E45p6;F3NCS_0501_ood_unseen_operator_noise_two_foci_zb09p3_E50p3;F3NCS_0502_ood_unseen_operator_noise_cylinder_zb11p5_E11p1;F3NCS_0503_ood_unseen_operator_noise_two_foci_zb07p9_E32p0;F3NCS_0504_ood_unseen_operator_noise_crescent_zb10p9_E39p6;F3NCS_0505_ood_unseen_operator_noise_lobed_zb06p3_E74p2;F3NCS_0506_ood_unseen_operator_noise_lobed_zb06p9_E36p9;F3NCS_0507_ood_unseen_operator_noise_ellipse_zb01p4_E08p8;F3NCS_0508_ood_unseen_operator_noise_two_foci_zb03p5_E13p6;F3NCS_0509_ood_unseen_operator_noise_crescent_zb11p1_E35p5;F3NCS_0510_ood_unseen_operator_noise_ellipse_zb02p7_E08p0;F3NCS_0511_ood_unseen_operator_noise_crescent_zb08p1_E09p7,method2b_512_full_comsol_colab_cuda,fig3_true_ood,3,split_role/ood_split_family,ood_unseen_operator_noise,230,38,32,,,,,,,,,,,,,,,,,,
H:\My Drive\MN_simulation\outputs\rspi_joint_052026\method2b_512_five_seed_ood_full512_20260611\seed_4\posterior\rspi_posterior_metrics.csv,4,srcnn_bz_single_channel,0.1068660914897918,0.1900667987746286,14.421874797701806,0.1758714928291738,3.351691722869873,10.275343662278631,0.3700803445349027,32,F3NCS_0480_ood_unseen_operator_noise_lobed_zb10p0_E66p7;F3NCS_0481_ood_unseen_operator_noise_ellipse_zb05p4_E11p5;F3NCS_0482_ood_unseen_operator_noise_lobed_zb01p7_E06p9;F3NCS_0483_ood_unseen_operator_noise_lobed_zb08p7_E31p8;F3NCS_0484_ood_unseen_operator_noise_cylinder_zb10p1_E08p6;F3NCS_0485_ood_unseen_operator_noise_two_foci_zb07p5_E25p6;F3NCS_0486_ood_unseen_operator_noise_cylinder_zb04p8_E14p8;F3NCS_0487_ood_unseen_operator_noise_two_foci_zb04p8_E08p4;F3NCS_0488_ood_unseen_operator_noise_ellipse_zb02p0_E51p8;F3NCS_0489_ood_unseen_operator_noise_two_foci_zb07p5_E23p2;F3NCS_0490_ood_unseen_operator_noise_crescent_zb05p7_E09p8;F3NCS_0491_ood_unseen_operator_noise_two_foci_zb01p9_E52p0;F3NCS_0492_ood_unseen_operator_noise_two_foci_zb05p8_E11p8;F3NCS_0493_ood_unseen_operator_noise_two_foci_zb02p7_E17p6;F3NCS_0494_ood_unseen_operator_noise_cylinder_zb03p5_E15p1;F3NCS_0495_ood_unseen_operator_noise_ellipse_zb11p4_E39p6;F3NCS_0496_ood_unseen_operator_noise_two_foci_zb05p4_E16p3;F3NCS_0497_ood_unseen_operator_noise_two_foci_zb06p2_E23p1;F3NCS_0498_ood_unseen_operator_noise_crescent_zb04p0_E08p5;F3NCS_0499_ood_unseen_operator_noise_lobed_zb01p5_E71p0;F3NCS_0500_ood_unseen_operator_noise_cylinder_zb02p3_E45p6;F3NCS_0501_ood_unseen_operator_noise_two_foci_zb09p3_E50p3;F3NCS_0502_ood_unseen_operator_noise_cylinder_zb11p5_E11p1;F3NCS_0503_ood_unseen_operator_noise_two_foci_zb07p9_E32p0;F3NCS_0504_ood_unseen_operator_noise_crescent_zb10p9_E39p6;F3NCS_0505_ood_unseen_operator_noise_lobed_zb06p3_E74p2;F3NCS_0506_ood_unseen_operator_noise_lobed_zb06p9_E36p9;F3NCS_0507_ood_unseen_operator_noise_ellipse_zb01p4_E08p8;F3NCS_0508_ood_unseen_operator_noise_two_foci_zb03p5_E13p6;F3NCS_0509_ood_unseen_operator_noise_crescent_zb11p1_E35p5;F3NCS_0510_ood_unseen_operator_noise_ellipse_zb02p7_E08p0;F3NCS_0511_ood_unseen_operator_noise_crescent_zb08p1_E09p7,method2b_512_full_comsol_colab_cuda,fig3_true_ood,3,split_role/ood_split_family,ood_unseen_operator_noise,230,38,32,0.1068660914897918,0.0,0.0,0.0,0.0,0.0,0.0,0.0,0.0,,0.5,0.18672601012675,18672601.01267501,0.0781421495512705,0.1392822265625,0.0,,
H:\My Drive\MN_simulation\outputs\rspi_joint_052026\method2b_512_five_seed_ood_full512_20260611\seed_4\posterior\rspi_posterior_metrics.csv,4,unet_canonical_bxyz,0.0721218511462211,0.1493623930906206,16.51517473437114,0.4028736976906657,2.645918369293213,8.196732535307657,0.5206046100600066,32,F3NCS_0480_ood_unseen_operator_noise_lobed_zb10p0_E66p7;F3NCS_0481_ood_unseen_operator_noise_ellipse_zb05p4_E11p5;F3NCS_0482_ood_unseen_operator_noise_lobed_zb01p7_E06p9;F3NCS_0483_ood_unseen_operator_noise_lobed_zb08p7_E31p8;F3NCS_0484_ood_unseen_operator_noise_cylinder_zb10p1_E08p6;F3NCS_0485_ood_unseen_operator_noise_two_foci_zb07p5_E25p6;F3NCS_0486_ood_unseen_operator_noise_cylinder_zb04p8_E14p8;F3NCS_0487_ood_unseen_operator_noise_two_foci_zb04p8_E08p4;F3NCS_0488_ood_unseen_operator_noise_ellipse_zb02p0_E51p8;F3NCS_0489_ood_unseen_operator_noise_two_foci_zb07p5_E23p2;F3NCS_0490_ood_unseen_operator_noise_crescent_zb05p7_E09p8;F3NCS_0491_ood_unseen_operator_noise_two_foci_zb01p9_E52p0;F3NCS_0492_ood_unseen_operator_noise_two_foci_zb05p8_E11p8;F3NCS_0493_ood_unseen_operator_noise_two_foci_zb02p7_E17p6;F3NCS_0494_ood_unseen_operator_noise_cylinder_zb03p5_E15p1;F3NCS_0495_ood_unseen_operator_noise_ellipse_zb11p4_E39p6;F3NCS_0496_ood_unseen_operator_noise_two_foci_zb05p4_E16p3;F3NCS_0497_ood_unseen_operator_noise_two_foci_zb06p2_E23p1;F3NCS_0498_ood_unseen_operator_noise_crescent_zb04p0_E08p5;F3NCS_0499_ood_unseen_operator_noise_lobed_zb01p5_E71p0;F3NCS_0500_ood_unseen_operator_noise_cylinder_zb02p3_E45p6;F3NCS_0501_ood_unseen_operator_noise_two_foci_zb09p3_E50p3;F3NCS_0502_ood_unseen_operator_noise_cylinder_zb11p5_E11p1;F3NCS_0503_ood_unseen_operator_noise_two_foci_zb07p9_E32p0;F3NCS_0504_ood_unseen_operator_noise_crescent_zb10p9_E39p6;F3NCS_0505_ood_unseen_operator_noise_lobed_zb06p3_E74p2;F3NCS_0506_ood_unseen_operator_noise_lobed_zb06p9_E36p9;F3NCS_0507_ood_unseen_operator_noise_ellipse_zb01p4_E08p8;F3NCS_0508_ood_unseen_operator_noise_two_foci_zb03p5_E13p6;F3NCS_0509_ood_unseen_operator_noise_crescent_zb11p1_E35p5;F3NCS_0510_ood_unseen_operator_noise_ellipse_zb02p7_E08p0;F3NCS_0511_ood_unseen_operator_noise_crescent_zb08p1_E09p7,method2b_512_full_comsol_colab_cuda,fig3_true_ood,3,split_role/ood_split_family,ood_unseen_operator_noise,230,38,32,0.0721218585968017,0.0,0.0,0.0,0.0,0.0,0.0,0.0,0.0,,0.5,0.1481102000466858,14811020.004668586,0.0583406047172922,0.10906982421875,0.0,,
H:\My Drive\MN_simulation\outputs\rspi_joint_052026\method2b_512_five_seed_ood_full512_20260611\seed_4\posterior\rspi_posterior_metrics.csv,4,vanilla_diffusion,0.4833738505840301,0.4990375165950173,6.037336075999766,0.0419488862971775,14.343732833862305,15.401454093948656,0.2199217841846549,32,F3NCS_0480_ood_unseen_operator_noise_lobed_zb10p0_E66p7;F3NCS_0481_ood_unseen_operator_noise_ellipse_zb05p4_E11p5;F3NCS_0482_ood_unseen_operator_noise_lobed_zb01p7_E06p9;F3NCS_0483_ood_unseen_operator_noise_lobed_zb08p7_E31p8;F3NCS_0484_ood_unseen_operator_noise_cylinder_zb10p1_E08p6;F3NCS_0485_ood_unseen_operator_noise_two_foci_zb07p5_E25p6;F3NCS_0486_ood_unseen_operator_noise_cylinder_zb04p8_E14p8;F3NCS_0487_ood_unseen_operator_noise_two_foci_zb04p8_E08p4;F3NCS_0488_ood_unseen_operator_noise_ellipse_zb02p0_E51p8;F3NCS_0489_ood_unseen_operator_noise_two_foci_zb07p5_E23p2;F3NCS_0490_ood_unseen_operator_noise_crescent_zb05p7_E09p8;F3NCS_0491_ood_unseen_operator_noise_two_foci_zb01p9_E52p0;F3NCS_0492_ood_unseen_operator_noise_two_foci_zb05p8_E11p8;F3NCS_0493_ood_unseen_operator_noise_two_foci_zb02p7_E17p6;F3NCS_0494_ood_unseen_operator_noise_cylinder_zb03p5_E15p1;F3NCS_0495_ood_unseen_operator_noise_ellipse_zb11p4_E39p6;F3NCS_0496_ood_unseen_operator_noise_two_foci_zb05p4_E16p3;F3NCS_0497_ood_unseen_operator_noise_two_foci_zb06p2_E23p1;F3NCS_0498_ood_unseen_operator_noise_crescent_zb04p0_E08p5;F3NCS_0499_ood_unseen_operator_noise_lobed_zb01p5_E71p0;F3NCS_0500_ood_unseen_operator_noise_cylinder_zb02p3_E45p6;F3NCS_0501_ood_unseen_operator_noise_two_foci_zb09p3_E50p3;F3NCS_0502_ood_unseen_operator_noise_cylinder_zb11p5_E11p1;F3NCS_0503_ood_unseen_operator_noise_two_foci_zb07p9_E32p0;F3NCS_0504_ood_unseen_operator_noise_crescent_zb10p9_E39p6;F3NCS_0505_ood_unseen_operator_noise_lobed_zb06p3_E74p2;F3NCS_0506_ood_unseen_operator_noise_lobed_zb06p9_E36p9;F3NCS_0507_ood_unseen_operator_noise_ellipse_zb01p4_E08p8;F3NCS_0508_ood_unseen_operator_noise_two_foci_zb03p5_E13p6;F3NCS_0509_ood_unseen_operator_noise_crescent_zb11p1_E35p5;F3NCS_0510_ood_unseen_operator_noise_ellipse_zb02p7_E08p0;F3NCS_0511_ood_unseen_operator_noise_crescent_zb08p1_E09p7,method2b_512_full_comsol_colab_cuda,fig3_true_ood,3,split_role/ood_split_family,ood_unseen_operator_noise,230,38,32,,,,,,,,,,,,,,,,0.0854568183422088,64.0,
H:\My Drive\MN_simulation\outputs\rspi_joint_052026\method2b_512_five_seed_ood_full512_20260611\seed_4\posterior\rspi_posterior_metrics.csv,4,prior_init_diffusion_unet,0.0747044757008552,0.1492331038556597,16.5226965631189,0.2492507067508995,2.6707277297973637,8.218424163277232,0.5229103546627972,32,F3NCS_0480_ood_unseen_operator_noise_lobed_zb10p0_E66p7;F3NCS_0481_ood_unseen_operator_noise_ellipse_zb05p4_E11p5;F3NCS_0482_ood_unseen_operator_noise_lobed_zb01p7_E06p9;F3NCS_0483_ood_unseen_operator_noise_lobed_zb08p7_E31p8;F3NCS_0484_ood_unseen_operator_noise_cylinder_zb10p1_E08p6;F3NCS_0485_ood_unseen_operator_noise_two_foci_zb07p5_E25p6;F3NCS_0486_ood_unseen_operator_noise_cylinder_zb04p8_E14p8;F3NCS_0487_ood_unseen_operator_noise_two_foci_zb04p8_E08p4;F3NCS_0488_ood_unseen_operator_noise_ellipse_zb02p0_E51p8;F3NCS_0489_ood_unseen_operator_noise_two_foci_zb07p5_E23p2;F3NCS_0490_ood_unseen_operator_noise_crescent_zb05p7_E09p8;F3NCS_0491_ood_unseen_operator_noise_two_foci_zb01p9_E52p0;F3NCS_0492_ood_unseen_operator_noise_two_foci_zb05p8_E11p8;F3NCS_0493_ood_unseen_operator_noise_two_foci_zb02p7_E17p6;F3NCS_0494_ood_unseen_operator_noise_cylinder_zb03p5_E15p1;F3NCS_0495_ood_unseen_operator_noise_ellipse_zb11p4_E39p6;F3NCS_0496_ood_unseen_operator_noise_two_foci_zb05p4_E16p3;F3NCS_0497_ood_unseen_operator_noise_two_foci_zb06p2_E23p1;F3NCS_0498_ood_unseen_operator_noise_crescent_zb04p0_E08p5;F3NCS_0499_ood_unseen_operator_noise_lobed_zb01p5_E71p0;F3NCS_0500_ood_unseen_operator_noise_cylinder_zb02p3_E45p6;F3NCS_0501_ood_unseen_operator_noise_two_foci_zb09p3_E50p3;F3NCS_0502_ood_unseen_operator_noise_cylinder_zb11p5_E11p1;F3NCS_0503_ood_unseen_operator_noise_two_foci_zb07p9_E32p0;F3NCS_0504_ood_unseen_operator_noise_crescent_zb10p9_E39p6;F3NCS_0505_ood_unseen_operator_noise_lobed_zb06p3_E74p2;F3NCS_0506_ood_unseen_operator_noise_lobed_zb06p9_E36p9;F3NCS_0507_ood_unseen_operator_noise_ellipse_zb01p4_E08p8;F3NCS_0508_ood_unseen_operator_noise_two_foci_zb03p5_E13p6;F3NCS_0509_ood_unseen_operator_noise_crescent_zb11p1_E35p5;F3NCS_0510_ood_unseen_operator_noise_ellipse_zb02p7_E08p0;F3NCS_0511_ood_unseen_operator_noise_crescent_zb08p1_E09p7,method2b_512_full_comsol_colab_cuda,fig3_true_ood,3,split_role/ood_split_family,ood_unseen_operator_noise,230,38,32,0.0698630437254905,0.0055389404296875,0.0116108506917953,0.017974853515625,0.0218725837767124,0.0255813598632812,0.0277027525007724,0.0384368896484375,0.0324283763766288,0.6312820896355584,0.8271335058521705,0.1202113033592361,13.36838702901774,0.0133136115159108,0.1150016784667968,0.0087181637063622,,
H:\My Drive\MN_simulation\outputs\rspi_joint_052026\method2b_512_five_seed_ood_full512_20260611\seed_4\posterior\rspi_posterior_metrics.csv,4,residual_likelihood_guided_diffusion,0.0747244879603385,0.1492250218995657,16.52316697402516,0.2487910410854965,2.6708428859710693,8.217609979156425,0.5233089227596873,32,F3NCS_0480_ood_unseen_operator_noise_lobed_zb10p0_E66p7;F3NCS_0481_ood_unseen_operator_noise_ellipse_zb05p4_E11p5;F3NCS_0482_ood_unseen_operator_noise_lobed_zb01p7_E06p9;F3NCS_0483_ood_unseen_operator_noise_lobed_zb08p7_E31p8;F3NCS_0484_ood_unseen_operator_noise_cylinder_zb10p1_E08p6;F3NCS_0485_ood_unseen_operator_noise_two_foci_zb07p5_E25p6;F3NCS_0486_ood_unseen_operator_noise_cylinder_zb04p8_E14p8;F3NCS_0487_ood_unseen_operator_noise_two_foci_zb04p8_E08p4;F3NCS_0488_ood_unseen_operator_noise_ellipse_zb02p0_E51p8;F3NCS_0489_ood_unseen_operator_noise_two_foci_zb07p5_E23p2;F3NCS_0490_ood_unseen_operator_noise_crescent_zb05p7_E09p8;F3NCS_0491_ood_unseen_operator_noise_two_foci_zb01p9_E52p0;F3NCS_0492_ood_unseen_operator_noise_two_foci_zb05p8_E11p8;F3NCS_0493_ood_unseen_operator_noise_two_foci_zb02p7_E17p6;F3NCS_0494_ood_unseen_operator_noise_cylinder_zb03p5_E15p1;F3NCS_0495_ood_unseen_operator_noise_ellipse_zb11p4_E39p6;F3NCS_0496_ood_unseen_operator_noise_two_foci_zb05p4_E16p3;F3NCS_0497_ood_unseen_operator_noise_two_foci_zb06p2_E23p1;F3NCS_0498_ood_unseen_operator_noise_crescent_zb04p0_E08p5;F3NCS_0499_ood_unseen_operator_noise_lobed_zb01p5_E71p0;F3NCS_0500_ood_unseen_operator_noise_cylinder_zb02p3_E45p6;F3NCS_0501_ood_unseen_operator_noise_two_foci_zb09p3_E50p3;F3NCS_0502_ood_unseen_operator_noise_cylinder_zb11p5_E11p1;F3NCS_0503_ood_unseen_operator_noise_two_foci_zb07p9_E32p0;F3NCS_0504_ood_unseen_operator_noise_crescent_zb10p9_E39p6;F3NCS_0505_ood_unseen_operator_noise_lobed_zb06p3_E74p2;F3NCS_0506_ood_unseen_operator_noise_lobed_zb06p9_E36p9;F3NCS_0507_ood_unseen_operator_noise_ellipse_zb01p4_E08p8;F3NCS_0508_ood_unseen_operator_noise_two_foci_zb03p5_E13p6;F3NCS_0509_ood_unseen_operator_noise_crescent_zb11p1_E35p5;F3NCS_0510_ood_unseen_operator_noise_ellipse_zb02p7_E08p0;F3NCS_0511_ood_unseen_operator_noise_crescent_zb08p1_E09p7,method2b_512_full_comsol_colab_cuda,fig3_true_ood,3,split_role/ood_split_family,ood_unseen_operator_noise,230,38,32,0.0698925554752349,0.0055999755859375,0.0115810791030526,0.0181808471679687,0.0218244865536689,0.0250625610351562,0.0276462212204933,0.0378952026367187,0.0323637537658214,0.626477261783076,0.8264196227707689,0.1204701134924856,13.44223171893607,0.013549244941365,0.1149756908416748,0.0086991470307111,,
H:\My Drive\MN_simulation\outputs\rspi_joint_052026\method2b_512_five_seed_ood_full512_20260611\seed_4\posterior\rspi_posterior_metrics.csv,4,explicit_residual_target_diffusion,0.0732610002160072,0.1486593395727641,16.55615601811482,0.3337041134946048,2.641777276992798,8.358548075337868,0.5073749948379931,32,F3NCS_0480_ood_unseen_operator_noise_lobed_zb10p0_E66p7;F3NCS_0481_ood_unseen_operator_noise_ellipse_zb05p4_E11p5;F3NCS_0482_ood_unseen_operator_noise_lobed_zb01p7_E06p9;F3NCS_0483_ood_unseen_operator_noise_lobed_zb08p7_E31p8;F3NCS_0484_ood_unseen_operator_noise_cylinder_zb10p1_E08p6;F3NCS_0485_ood_unseen_operator_noise_two_foci_zb07p5_E25p6;F3NCS_0486_ood_unseen_operator_noise_cylinder_zb04p8_E14p8;F3NCS_0487_ood_unseen_operator_noise_two_foci_zb04p8_E08p4;F3NCS_0488_ood_unseen_operator_noise_ellipse_zb02p0_E51p8;F3NCS_0489_ood_unseen_operator_noise_two_foci_zb07p5_E23p2;F3NCS_0490_ood_unseen_operator_noise_crescent_zb05p7_E09p8;F3NCS_0491_ood_unseen_operator_noise_two_foci_zb01p9_E52p0;F3NCS_0492_ood_unseen_operator_noise_two_foci_zb05p8_E11p8;F3NCS_0493_ood_unseen_operator_noise_two_foci_zb02p7_E17p6;F3NCS_0494_ood_unseen_operator_noise_cylinder_zb03p5_E15p1;F3NCS_0495_ood_unseen_operator_noise_ellipse_zb11p4_E39p6;F3NCS_0496_ood_unseen_operator_noise_two_foci_zb05p4_E16p3;F3NCS_0497_ood_unseen_operator_noise_two_foci_zb06p2_E23p1;F3NCS_0498_ood_unseen_operator_noise_crescent_zb04p0_E08p5;F3NCS_0499_ood_unseen_operator_noise_lobed_zb01p5_E71p0;F3NCS_0500_ood_unseen_operator_noise_cylinder_zb02p3_E45p6;F3NCS_0501_ood_unseen_operator_noise_two_foci_zb09p3_E50p3;F3NCS_0502_ood_unseen_operator_noise_cylinder_zb11p5_E11p1;F3NCS_0503_ood_unseen_operator_noise_two_foci_zb07p9_E32p0;F3NCS_0504_ood_unseen_operator_noise_crescent_zb10p9_E39p6;F3NCS_0505_ood_unseen_operator_noise_lobed_zb06p3_E74p2;F3NCS_0506_ood_unseen_operator_noise_lobed_zb06p9_E36p9;F3NCS_0507_ood_unseen_operator_noise_ellipse_zb01p4_E08p8;F3NCS_0508_ood_unseen_operator_noise_two_foci_zb03p5_E13p6;F3NCS_0509_ood_unseen_operator_noise_crescent_zb11p1_E35p5;F3NCS_0510_ood_unseen_operator_noise_ellipse_zb02p7_E08p0;F3NCS_0511_ood_unseen_operator_noise_crescent_zb08p1_E09p7,method2b_512_full_comsol_colab_cuda,fig3_true_ood,3,split_role/ood_split_family,ood_unseen_operator_noise,230,38,32,0.0521538034081459,0.697845458984375,0.0286469049751758,0.8000946044921875,0.086556538939476,0.8456497192382812,0.1476983428001403,0.8791046142578125,0.2124808132648468,0.8105130301450955,0.8019062536775545,0.0761151909134453,2.1297503149186565,0.0170089423101488,0.5564645528793335,0.0608925893902778,,0.7535005211830139
H:\My Drive\MN_simulation\outputs\rspi_joint_052026\method2b_512_five_seed_ood_full512_20260611\seed_4\posterior\rspi_posterior_metrics.csv,4,train_mean_prior,0.1397266536951065,0.2192122225153258,13.182704695087711,0.0261623403639532,4.238651752471924,13.06372298214781,,64,F3NCS_0320_ood_unseen_shape_lobed_zb03p8_E09p9;F3NCS_0321_ood_unseen_shape_crescent_zb03p5_E06p5;F3NCS_0322_ood_unseen_shape_crescent_zb07p2_E76p5;F3NCS_0323_ood_unseen_shape_crescent_zb03p5_E10p3;F3NCS_0324_ood_unseen_shape_crescent_zb02p9_E59p3;F3NCS_0325_ood_unseen_shape_lobed_zb01p6_E06p9;F3NCS_0326_ood_unseen_shape_lobed_zb06p1_E42p4;F3NCS_0327_ood_unseen_shape_crescent_zb03p1_E14p7;F3NCS_0328_ood_unseen_shape_lobed_zb03p1_E29p3;F3NCS_0329_ood_unseen_shape_lobed_zb05p7_E08p7;F3NCS_0330_ood_unseen_shape_lobed_zb02p8_E92p0;F3NCS_0331_ood_unseen_shape_crescent_zb03p2_E14p3;F3NCS_0332_ood_unseen_shape_lobed_zb02p8_E45p3;F3NCS_0333_ood_unseen_shape_lobed_zb03p4_E06p5;F3NCS_0334_ood_unseen_shape_crescent_zb03p1_E53p0;F3NCS_0335_ood_unseen_shape_crescent_zb02p9_E84p2;F3NCS_0336_ood_unseen_shape_crescent_zb07p2_E64p1;F3NCS_0337_ood_unseen_shape_lobed_zb03p4_E11p4;F3NCS_0338_ood_unseen_shape_crescent_zb06p8_E10p9;F3NCS_0339_ood_unseen_shape_lobed_zb04p2_E91p6;F3NCS_0340_ood_unseen_shape_crescent_zb03p8_E70p0;F3NCS_0341_ood_unseen_shape_lobed_zb04p9_E61p6;F3NCS_0342_ood_unseen_shape_crescent_zb05p1_E22p7;F3NCS_0343_ood_unseen_shape_lobed_zb07p1_E87p4;F3NCS_0344_ood_unseen_shape_crescent_zb03p6_E61p5;F3NCS_0345_ood_unseen_shape_crescent_zb06p9_E18p0;F3NCS_0346_ood_unseen_shape_lobed_zb01p8_E15p9;F3NCS_0347_ood_unseen_shape_lobed_zb02p8_E62p6;F3NCS_0348_ood_unseen_shape_lobed_zb05p0_E06p3;F3NCS_0349_ood_unseen_shape_lobed_zb03p4_E28p4;F3NCS_0350_ood_unseen_shape_lobed_zb06p0_E06p6;F3NCS_0351_ood_unseen_shape_crescent_zb06p3_E52p9;F3NCS_0352_ood_unseen_shape_lobed_zb05p6_E54p3;F3NCS_0353_ood_unseen_shape_lobed_zb02p2_E51p7;F3NCS_0354_ood_unseen_shape_crescent_zb05p4_E08p7;F3NCS_0355_ood_unseen_shape_crescent_zb07p5_E72p1;F3NCS_0356_ood_unseen_shape_lobed_zb07p8_E66p7;F3NCS_0357_ood_unseen_shape_lobed_zb03p8_E28p5;F3NCS_0358_ood_unseen_shape_lobed_zb05p7_E57p3;F3NCS_0359_ood_unseen_shape_crescent_zb07p1_E07p1;F3NCS_0360_ood_unseen_shape_lobed_zb06p1_E32p9;F3NCS_0361_ood_unseen_shape_crescent_zb07p0_E50p0;F3NCS_0362_ood_unseen_shape_lobed_zb07p0_E43p7;F3NCS_0363_ood_unseen_shape_crescent_zb04p4_E39p7;F3NCS_0364_ood_unseen_shape_lobed_zb03p1_E17p5;F3NCS_0365_ood_unseen_shape_crescent_zb04p6_E10p8;F3NCS_0366_ood_unseen_shape_crescent_zb01p4_E56p2;F3NCS_0367_ood_unseen_shape_crescent_zb02p6_E36p5;F3NCS_0368_ood_unseen_shape_crescent_zb03p1_E21p0;F3NCS_0369_ood_unseen_shape_lobed_zb02p7_E27p1;F3NCS_0370_ood_unseen_shape_crescent_zb07p7_E18p8;F3NCS_0371_ood_unseen_shape_lobed_zb02p8_E27p5;F3NCS_0372_ood_unseen_shape_lobed_zb02p3_E06p5;F3NCS_0373_ood_unseen_shape_lobed_zb04p9_E07p7;F3NCS_0374_ood_unseen_shape_lobed_zb07p3_E27p3;F3NCS_0375_ood_unseen_shape_crescent_zb03p4_E11p6;F3NCS_0376_ood_unseen_shape_crescent_zb04p0_E26p7;F3NCS_0377_ood_unseen_shape_crescent_zb06p5_E40p4;F3NCS_0378_ood_unseen_shape_crescent_zb05p4_E79p9;F3NCS_0379_ood_unseen_shape_crescent_zb06p4_E88p5;F3NCS_0380_ood_unseen_shape_lobed_zb03p5_E55p6;F3NCS_0381_ood_unseen_shape_crescent_zb04p9_E14p7;F3NCS_0382_ood_unseen_shape_crescent_zb05p9_E48p6;F3NCS_0383_ood_unseen_shape_crescent_zb05p4_E08p3,method2b_512_full_comsol_colab_cuda,fig3_true_ood,4,split_role/ood_split_family,ood_unseen_shape,230,38,64,,,,,,,,,,,,,,,,,,
H:\My Drive\MN_simulation\outputs\rspi_joint_052026\method2b_512_five_seed_ood_full512_20260611\seed_4\posterior\rspi_posterior_metrics.csv,4,srcnn_bz_single_channel,0.1212198883295059,0.2112358067896629,13.504649244252736,0.1311149739194661,4.084589004516602,12.775701610312533,0.3010577254247688,64,F3NCS_0320_ood_unseen_shape_lobed_zb03p8_E09p9;F3NCS_0321_ood_unseen_shape_crescent_zb03p5_E06p5;F3NCS_0322_ood_unseen_shape_crescent_zb07p2_E76p5;F3NCS_0323_ood_unseen_shape_crescent_zb03p5_E10p3;F3NCS_0324_ood_unseen_shape_crescent_zb02p9_E59p3;F3NCS_0325_ood_unseen_shape_lobed_zb01p6_E06p9;F3NCS_0326_ood_unseen_shape_lobed_zb06p1_E42p4;F3NCS_0327_ood_unseen_shape_crescent_zb03p1_E14p7;F3NCS_0328_ood_unseen_shape_lobed_zb03p1_E29p3;F3NCS_0329_ood_unseen_shape_lobed_zb05p7_E08p7;F3NCS_0330_ood_unseen_shape_lobed_zb02p8_E92p0;F3NCS_0331_ood_unseen_shape_crescent_zb03p2_E14p3;F3NCS_0332_ood_unseen_shape_lobed_zb02p8_E45p3;F3NCS_0333_ood_unseen_shape_lobed_zb03p4_E06p5;F3NCS_0334_ood_unseen_shape_crescent_zb03p1_E53p0;F3NCS_0335_ood_unseen_shape_crescent_zb02p9_E84p2;F3NCS_0336_ood_unseen_shape_crescent_zb07p2_E64p1;F3NCS_0337_ood_unseen_shape_lobed_zb03p4_E11p4;F3NCS_0338_ood_unseen_shape_crescent_zb06p8_E10p9;F3NCS_0339_ood_unseen_shape_lobed_zb04p2_E91p6;F3NCS_0340_ood_unseen_shape_crescent_zb03p8_E70p0;F3NCS_0341_ood_unseen_shape_lobed_zb04p9_E61p6;F3NCS_0342_ood_unseen_shape_crescent_zb05p1_E22p7;F3NCS_0343_ood_unseen_shape_lobed_zb07p1_E87p4;F3NCS_0344_ood_unseen_shape_crescent_zb03p6_E61p5;F3NCS_0345_ood_unseen_shape_crescent_zb06p9_E18p0;F3NCS_0346_ood_unseen_shape_lobed_zb01p8_E15p9;F3NCS_0347_ood_unseen_shape_lobed_zb02p8_E62p6;F3NCS_0348_ood_unseen_shape_lobed_zb05p0_E06p3;F3NCS_0349_ood_unseen_shape_lobed_zb03p4_E28p4;F3NCS_0350_ood_unseen_shape_lobed_zb06p0_E06p6;F3NCS_0351_ood_unseen_shape_crescent_zb06p3_E52p9;F3NCS_0352_ood_unseen_shape_lobed_zb05p6_E54p3;F3NCS_0353_ood_unseen_shape_lobed_zb02p2_E51p7;F3NCS_0354_ood_unseen_shape_crescent_zb05p4_E08p7;F3NCS_0355_ood_unseen_shape_crescent_zb07p5_E72p1;F3NCS_0356_ood_unseen_shape_lobed_zb07p8_E66p7;F3NCS_0357_ood_unseen_shape_lobed_zb03p8_E28p5;F3NCS_0358_ood_unseen_shape_lobed_zb05p7_E57p3;F3NCS_0359_ood_unseen_shape_crescent_zb07p1_E07p1;F3NCS_0360_ood_unseen_shape_lobed_zb06p1_E32p9;F3NCS_0361_ood_unseen_shape_crescent_zb07p0_E50p0;F3NCS_0362_ood_unseen_shape_lobed_zb07p0_E43p7;F3NCS_0363_ood_unseen_shape_crescent_zb04p4_E39p7;F3NCS_0364_ood_unseen_shape_lobed_zb03p1_E17p5;F3NCS_0365_ood_unseen_shape_crescent_zb04p6_E10p8;F3NCS_0366_ood_unseen_shape_crescent_zb01p4_E56p2;F3NCS_0367_ood_unseen_shape_crescent_zb02p6_E36p5;F3NCS_0368_ood_unseen_shape_crescent_zb03p1_E21p0;F3NCS_0369_ood_unseen_shape_lobed_zb02p7_E27p1;F3NCS_0370_ood_unseen_shape_crescent_zb07p7_E18p8;F3NCS_0371_ood_unseen_shape_lobed_zb02p8_E27p5;F3NCS_0372_ood_unseen_shape_lobed_zb02p3_E06p5;F3NCS_0373_ood_unseen_shape_lobed_zb04p9_E07p7;F3NCS_0374_ood_unseen_shape_lobed_zb07p3_E27p3;F3NCS_0375_ood_unseen_shape_crescent_zb03p4_E11p6;F3NCS_0376_ood_unseen_shape_crescent_zb04p0_E26p7;F3NCS_0377_ood_unseen_shape_crescent_zb06p5_E40p4;F3NCS_0378_ood_unseen_shape_crescent_zb05p4_E79p9;F3NCS_0379_ood_unseen_shape_crescent_zb06p4_E88p5;F3NCS_0380_ood_unseen_shape_lobed_zb03p5_E55p6;F3NCS_0381_ood_unseen_shape_crescent_zb04p9_E14p7;F3NCS_0382_ood_unseen_shape_crescent_zb05p9_E48p6;F3NCS_0383_ood_unseen_shape_crescent_zb05p4_E08p3,method2b_512_full_comsol_colab_cuda,fig3_true_ood,4,split_role/ood_split_family,ood_unseen_shape,230,38,64,0.1212198957800865,0.0,0.0,0.0,0.0,0.0,0.0,0.0,0.0,,0.5,0.208337358085151,20833735.8085151,0.0858023028992526,0.1246528625488281,0.0,,
H:\My Drive\MN_simulation\outputs\rspi_joint_052026\method2b_512_five_seed_ood_full512_20260611\seed_4\posterior\rspi_posterior_metrics.csv,4,unet_canonical_bxyz,0.085295632481575,0.1787576249637089,14.954708483232864,0.3548749026376754,3.391666412353516,11.697727236936482,0.458061793076632,64,F3NCS_0320_ood_unseen_shape_lobed_zb03p8_E09p9;F3NCS_0321_ood_unseen_shape_crescent_zb03p5_E06p5;F3NCS_0322_ood_unseen_shape_crescent_zb07p2_E76p5;F3NCS_0323_ood_unseen_shape_crescent_zb03p5_E10p3;F3NCS_0324_ood_unseen_shape_crescent_zb02p9_E59p3;F3NCS_0325_ood_unseen_shape_lobed_zb01p6_E06p9;F3NCS_0326_ood_unseen_shape_lobed_zb06p1_E42p4;F3NCS_0327_ood_unseen_shape_crescent_zb03p1_E14p7;F3NCS_0328_ood_unseen_shape_lobed_zb03p1_E29p3;F3NCS_0329_ood_unseen_shape_lobed_zb05p7_E08p7;F3NCS_0330_ood_unseen_shape_lobed_zb02p8_E92p0;F3NCS_0331_ood_unseen_shape_crescent_zb03p2_E14p3;F3NCS_0332_ood_unseen_shape_lobed_zb02p8_E45p3;F3NCS_0333_ood_unseen_shape_lobed_zb03p4_E06p5;F3NCS_0334_ood_unseen_shape_crescent_zb03p1_E53p0;F3NCS_0335_ood_unseen_shape_crescent_zb02p9_E84p2;F3NCS_0336_ood_unseen_shape_crescent_zb07p2_E64p1;F3NCS_0337_ood_unseen_shape_lobed_zb03p4_E11p4;F3NCS_0338_ood_unseen_shape_crescent_zb06p8_E10p9;F3NCS_0339_ood_unseen_shape_lobed_zb04p2_E91p6;F3NCS_0340_ood_unseen_shape_crescent_zb03p8_E70p0;F3NCS_0341_ood_unseen_shape_lobed_zb04p9_E61p6;F3NCS_0342_ood_unseen_shape_crescent_zb05p1_E22p7;F3NCS_0343_ood_unseen_shape_lobed_zb07p1_E87p4;F3NCS_0344_ood_unseen_shape_crescent_zb03p6_E61p5;F3NCS_0345_ood_unseen_shape_crescent_zb06p9_E18p0;F3NCS_0346_ood_unseen_shape_lobed_zb01p8_E15p9;F3NCS_0347_ood_unseen_shape_lobed_zb02p8_E62p6;F3NCS_0348_ood_unseen_shape_lobed_zb05p0_E06p3;F3NCS_0349_ood_unseen_shape_lobed_zb03p4_E28p4;F3NCS_0350_ood_unseen_shape_lobed_zb06p0_E06p6;F3NCS_0351_ood_unseen_shape_crescent_zb06p3_E52p9;F3NCS_0352_ood_unseen_shape_lobed_zb05p6_E54p3;F3NCS_0353_ood_unseen_shape_lobed_zb02p2_E51p7;F3NCS_0354_ood_unseen_shape_crescent_zb05p4_E08p7;F3NCS_0355_ood_unseen_shape_crescent_zb07p5_E72p1;F3NCS_0356_ood_unseen_shape_lobed_zb07p8_E66p7;F3NCS_0357_ood_unseen_shape_lobed_zb03p8_E28p5;F3NCS_0358_ood_unseen_shape_lobed_zb05p7_E57p3;F3NCS_0359_ood_unseen_shape_crescent_zb07p1_E07p1;F3NCS_0360_ood_unseen_shape_lobed_zb06p1_E32p9;F3NCS_0361_ood_unseen_shape_crescent_zb07p0_E50p0;F3NCS_0362_ood_unseen_shape_lobed_zb07p0_E43p7;F3NCS_0363_ood_unseen_shape_crescent_zb04p4_E39p7;F3NCS_0364_ood_unseen_shape_lobed_zb03p1_E17p5;F3NCS_0365_ood_unseen_shape_crescent_zb04p6_E10p8;F3NCS_0366_ood_unseen_shape_crescent_zb01p4_E56p2;F3NCS_0367_ood_unseen_shape_crescent_zb02p6_E36p5;F3NCS_0368_ood_unseen_shape_crescent_zb03p1_E21p0;F3NCS_0369_ood_unseen_shape_lobed_zb02p7_E27p1;F3NCS_0370_ood_unseen_shape_crescent_zb07p7_E18p8;F3NCS_0371_ood_unseen_shape_lobed_zb02p8_E27p5;F3NCS_0372_ood_unseen_shape_lobed_zb02p3_E06p5;F3NCS_0373_ood_unseen_shape_lobed_zb04p9_E07p7;F3NCS_0374_ood_unseen_shape_lobed_zb07p3_E27p3;F3NCS_0375_ood_unseen_shape_crescent_zb03p4_E11p6;F3NCS_0376_ood_unseen_shape_crescent_zb04p0_E26p7;F3NCS_0377_ood_unseen_shape_crescent_zb06p5_E40p4;F3NCS_0378_ood_unseen_shape_crescent_zb05p4_E79p9;F3NCS_0379_ood_unseen_shape_crescent_zb06p4_E88p5;F3NCS_0380_ood_unseen_shape_lobed_zb03p5_E55p6;F3NCS_0381_ood_unseen_shape_crescent_zb04p9_E14p7;F3NCS_0382_ood_unseen_shape_crescent_zb05p9_E48p6;F3NCS_0383_ood_unseen_shape_crescent_zb05p4_E08p3,method2b_512_full_comsol_colab_cuda,fig3_true_ood,4,split_role/ood_split_family,ood_unseen_shape,230,38,64,0.0852956250309944,0.0,0.0,0.0,0.0,0.0,0.0,0.0,0.0,,0.5,0.1746588110020426,17465881.100204267,0.0660597718608123,0.1122779846191406,0.0,,
H:\My Drive\MN_simulation\outputs\rspi_joint_052026\method2b_512_five_seed_ood_full512_20260611\seed_4\posterior\rspi_posterior_metrics.csv,4,vanilla_diffusion,0.4407457113265991,0.4507334672272926,6.921603882178324,0.0281490066699916,12.413753509521484,14.939135856915124,0.247882519015393,64,F3NCS_0320_ood_unseen_shape_lobed_zb03p8_E09p9;F3NCS_0321_ood_unseen_shape_crescent_zb03p5_E06p5;F3NCS_0322_ood_unseen_shape_crescent_zb07p2_E76p5;F3NCS_0323_ood_unseen_shape_crescent_zb03p5_E10p3;F3NCS_0324_ood_unseen_shape_crescent_zb02p9_E59p3;F3NCS_0325_ood_unseen_shape_lobed_zb01p6_E06p9;F3NCS_0326_ood_unseen_shape_lobed_zb06p1_E42p4;F3NCS_0327_ood_unseen_shape_crescent_zb03p1_E14p7;F3NCS_0328_ood_unseen_shape_lobed_zb03p1_E29p3;F3NCS_0329_ood_unseen_shape_lobed_zb05p7_E08p7;F3NCS_0330_ood_unseen_shape_lobed_zb02p8_E92p0;F3NCS_0331_ood_unseen_shape_crescent_zb03p2_E14p3;F3NCS_0332_ood_unseen_shape_lobed_zb02p8_E45p3;F3NCS_0333_ood_unseen_shape_lobed_zb03p4_E06p5;F3NCS_0334_ood_unseen_shape_crescent_zb03p1_E53p0;F3NCS_0335_ood_unseen_shape_crescent_zb02p9_E84p2;F3NCS_0336_ood_unseen_shape_crescent_zb07p2_E64p1;F3NCS_0337_ood_unseen_shape_lobed_zb03p4_E11p4;F3NCS_0338_ood_unseen_shape_crescent_zb06p8_E10p9;F3NCS_0339_ood_unseen_shape_lobed_zb04p2_E91p6;F3NCS_0340_ood_unseen_shape_crescent_zb03p8_E70p0;F3NCS_0341_ood_unseen_shape_lobed_zb04p9_E61p6;F3NCS_0342_ood_unseen_shape_crescent_zb05p1_E22p7;F3NCS_0343_ood_unseen_shape_lobed_zb07p1_E87p4;F3NCS_0344_ood_unseen_shape_crescent_zb03p6_E61p5;F3NCS_0345_ood_unseen_shape_crescent_zb06p9_E18p0;F3NCS_0346_ood_unseen_shape_lobed_zb01p8_E15p9;F3NCS_0347_ood_unseen_shape_lobed_zb02p8_E62p6;F3NCS_0348_ood_unseen_shape_lobed_zb05p0_E06p3;F3NCS_0349_ood_unseen_shape_lobed_zb03p4_E28p4;F3NCS_0350_ood_unseen_shape_lobed_zb06p0_E06p6;F3NCS_0351_ood_unseen_shape_crescent_zb06p3_E52p9;F3NCS_0352_ood_unseen_shape_lobed_zb05p6_E54p3;F3NCS_0353_ood_unseen_shape_lobed_zb02p2_E51p7;F3NCS_0354_ood_unseen_shape_crescent_zb05p4_E08p7;F3NCS_0355_ood_unseen_shape_crescent_zb07p5_E72p1;F3NCS_0356_ood_unseen_shape_lobed_zb07p8_E66p7;F3NCS_0357_ood_unseen_shape_lobed_zb03p8_E28p5;F3NCS_0358_ood_unseen_shape_lobed_zb05p7_E57p3;F3NCS_0359_ood_unseen_shape_crescent_zb07p1_E07p1;F3NCS_0360_ood_unseen_shape_lobed_zb06p1_E32p9;F3NCS_0361_ood_unseen_shape_crescent_zb07p0_E50p0;F3NCS_0362_ood_unseen_shape_lobed_zb07p0_E43p7;F3NCS_0363_ood_unseen_shape_crescent_zb04p4_E39p7;F3NCS_0364_ood_unseen_shape_lobed_zb03p1_E17p5;F3NCS_0365_ood_unseen_shape_crescent_zb04p6_E10p8;F3NCS_0366_ood_unseen_shape_crescent_zb01p4_E56p2;F3NCS_0367_ood_unseen_shape_crescent_zb02p6_E36p5;F3NCS_0368_ood_unseen_shape_crescent_zb03p1_E21p0;F3NCS_0369_ood_unseen_shape_lobed_zb02p7_E27p1;F3NCS_0370_ood_unseen_shape_crescent_zb07p7_E18p8;F3NCS_0371_ood_unseen_shape_lobed_zb02p8_E27p5;F3NCS_0372_ood_unseen_shape_lobed_zb02p3_E06p5;F3NCS_0373_ood_unseen_shape_lobed_zb04p9_E07p7;F3NCS_0374_ood_unseen_shape_lobed_zb07p3_E27p3;F3NCS_0375_ood_unseen_shape_crescent_zb03p4_E11p6;F3NCS_0376_ood_unseen_shape_crescent_zb04p0_E26p7;F3NCS_0377_ood_unseen_shape_crescent_zb06p5_E40p4;F3NCS_0378_ood_unseen_shape_crescent_zb05p4_E79p9;F3NCS_0379_ood_unseen_shape_crescent_zb06p4_E88p5;F3NCS_0380_ood_unseen_shape_lobed_zb03p5_E55p6;F3NCS_0381_ood_unseen_shape_crescent_zb04p9_E14p7;F3NCS_0382_ood_unseen_shape_crescent_zb05p9_E48p6;F3NCS_0383_ood_unseen_shape_crescent_zb05p4_E08p3,method2b_512_full_comsol_colab_cuda,fig3_true_ood,4,split_role/ood_split_family,ood_unseen_shape,230,38,64,,,,,,,,,,,,,,,,0.088325448334217,64.0,
H:\My Drive\MN_simulation\outputs\rspi_joint_052026\method2b_512_five_seed_ood_full512_20260611\seed_4\posterior\rspi_posterior_metrics.csv,4,prior_init_diffusion_unet,0.0861819759011268,0.1793697595495394,14.925015480887552,0.2269855588674545,3.400970935821533,11.7317284902584,0.4497535130646951,64,F3NCS_0320_ood_unseen_shape_lobed_zb03p8_E09p9;F3NCS_0321_ood_unseen_shape_crescent_zb03p5_E06p5;F3NCS_0322_ood_unseen_shape_crescent_zb07p2_E76p5;F3NCS_0323_ood_unseen_shape_crescent_zb03p5_E10p3;F3NCS_0324_ood_unseen_shape_crescent_zb02p9_E59p3;F3NCS_0325_ood_unseen_shape_lobed_zb01p6_E06p9;F3NCS_0326_ood_unseen_shape_lobed_zb06p1_E42p4;F3NCS_0327_ood_unseen_shape_crescent_zb03p1_E14p7;F3NCS_0328_ood_unseen_shape_lobed_zb03p1_E29p3;F3NCS_0329_ood_unseen_shape_lobed_zb05p7_E08p7;F3NCS_0330_ood_unseen_shape_lobed_zb02p8_E92p0;F3NCS_0331_ood_unseen_shape_crescent_zb03p2_E14p3;F3NCS_0332_ood_unseen_shape_lobed_zb02p8_E45p3;F3NCS_0333_ood_unseen_shape_lobed_zb03p4_E06p5;F3NCS_0334_ood_unseen_shape_crescent_zb03p1_E53p0;F3NCS_0335_ood_unseen_shape_crescent_zb02p9_E84p2;F3NCS_0336_ood_unseen_shape_crescent_zb07p2_E64p1;F3NCS_0337_ood_unseen_shape_lobed_zb03p4_E11p4;F3NCS_0338_ood_unseen_shape_crescent_zb06p8_E10p9;F3NCS_0339_ood_unseen_shape_lobed_zb04p2_E91p6;F3NCS_0340_ood_unseen_shape_crescent_zb03p8_E70p0;F3NCS_0341_ood_unseen_shape_lobed_zb04p9_E61p6;F3NCS_0342_ood_unseen_shape_crescent_zb05p1_E22p7;F3NCS_0343_ood_unseen_shape_lobed_zb07p1_E87p4;F3NCS_0344_ood_unseen_shape_crescent_zb03p6_E61p5;F3NCS_0345_ood_unseen_shape_crescent_zb06p9_E18p0;F3NCS_0346_ood_unseen_shape_lobed_zb01p8_E15p9;F3NCS_0347_ood_unseen_shape_lobed_zb02p8_E62p6;F3NCS_0348_ood_unseen_shape_lobed_zb05p0_E06p3;F3NCS_0349_ood_unseen_shape_lobed_zb03p4_E28p4;F3NCS_0350_ood_unseen_shape_lobed_zb06p0_E06p6;F3NCS_0351_ood_unseen_shape_crescent_zb06p3_E52p9;F3NCS_0352_ood_unseen_shape_lobed_zb05p6_E54p3;F3NCS_0353_ood_unseen_shape_lobed_zb02p2_E51p7;F3NCS_0354_ood_unseen_shape_crescent_zb05p4_E08p7;F3NCS_0355_ood_unseen_shape_crescent_zb07p5_E72p1;F3NCS_0356_ood_unseen_shape_lobed_zb07p8_E66p7;F3NCS_0357_ood_unseen_shape_lobed_zb03p8_E28p5;F3NCS_0358_ood_unseen_shape_lobed_zb05p7_E57p3;F3NCS_0359_ood_unseen_shape_crescent_zb07p1_E07p1;F3NCS_0360_ood_unseen_shape_lobed_zb06p1_E32p9;F3NCS_0361_ood_unseen_shape_crescent_zb07p0_E50p0;F3NCS_0362_ood_unseen_shape_lobed_zb07p0_E43p7;F3NCS_0363_ood_unseen_shape_crescent_zb04p4_E39p7;F3NCS_0364_ood_unseen_shape_lobed_zb03p1_E17p5;F3NCS_0365_ood_unseen_shape_crescent_zb04p6_E10p8;F3NCS_0366_ood_unseen_shape_crescent_zb01p4_E56p2;F3NCS_0367_ood_unseen_shape_crescent_zb02p6_E36p5;F3NCS_0368_ood_unseen_shape_crescent_zb03p1_E21p0;F3NCS_0369_ood_unseen_shape_lobed_zb02p7_E27p1;F3NCS_0370_ood_unseen_shape_crescent_zb07p7_E18p8;F3NCS_0371_ood_unseen_shape_lobed_zb02p8_E27p5;F3NCS_0372_ood_unseen_shape_lobed_zb02p3_E06p5;F3NCS_0373_ood_unseen_shape_lobed_zb04p9_E07p7;F3NCS_0374_ood_unseen_shape_lobed_zb07p3_E27p3;F3NCS_0375_ood_unseen_shape_crescent_zb03p4_E11p6;F3NCS_0376_ood_unseen_shape_crescent_zb04p0_E26p7;F3NCS_0377_ood_unseen_shape_crescent_zb06p5_E40p4;F3NCS_0378_ood_unseen_shape_crescent_zb05p4_E79p9;F3NCS_0379_ood_unseen_shape_crescent_zb06p4_E88p5;F3NCS_0380_ood_unseen_shape_lobed_zb03p5_E55p6;F3NCS_0381_ood_unseen_shape_crescent_zb04p9_E14p7;F3NCS_0382_ood_unseen_shape_crescent_zb05p9_E48p6;F3NCS_0383_ood_unseen_shape_crescent_zb05p4_E08p3,method2b_512_full_comsol_colab_cuda,fig3_true_ood,4,split_role/ood_split_family,ood_unseen_shape,230,38,64,0.08140330016613,0.0075531005859375,0.0113569423556327,0.0178451538085937,0.0214764177799224,0.028045654296875,0.0272743701934814,0.046783447265625,0.0319963730871677,0.6756522159805705,0.8056117609555686,0.149869332168739,17.603766436621836,0.0182386690931333,0.1203799247741699,0.0085967108607292,,
H:\My Drive\MN_simulation\outputs\rspi_joint_052026\method2b_512_five_seed_ood_full512_20260611\seed_4\posterior\rspi_posterior_metrics.csv,4,residual_likelihood_guided_diffusion,0.0861715078353881,0.1793594475559992,14.925514848299455,0.2268571037566289,3.400725841522217,11.732109572431176,0.4501228119015781,64,F3NCS_0320_ood_unseen_shape_lobed_zb03p8_E09p9;F3NCS_0321_ood_unseen_shape_crescent_zb03p5_E06p5;F3NCS_0322_ood_unseen_shape_crescent_zb07p2_E76p5;F3NCS_0323_ood_unseen_shape_crescent_zb03p5_E10p3;F3NCS_0324_ood_unseen_shape_crescent_zb02p9_E59p3;F3NCS_0325_ood_unseen_shape_lobed_zb01p6_E06p9;F3NCS_0326_ood_unseen_shape_lobed_zb06p1_E42p4;F3NCS_0327_ood_unseen_shape_crescent_zb03p1_E14p7;F3NCS_0328_ood_unseen_shape_lobed_zb03p1_E29p3;F3NCS_0329_ood_unseen_shape_lobed_zb05p7_E08p7;F3NCS_0330_ood_unseen_shape_lobed_zb02p8_E92p0;F3NCS_0331_ood_unseen_shape_crescent_zb03p2_E14p3;F3NCS_0332_ood_unseen_shape_lobed_zb02p8_E45p3;F3NCS_0333_ood_unseen_shape_lobed_zb03p4_E06p5;F3NCS_0334_ood_unseen_shape_crescent_zb03p1_E53p0;F3NCS_0335_ood_unseen_shape_crescent_zb02p9_E84p2;F3NCS_0336_ood_unseen_shape_crescent_zb07p2_E64p1;F3NCS_0337_ood_unseen_shape_lobed_zb03p4_E11p4;F3NCS_0338_ood_unseen_shape_crescent_zb06p8_E10p9;F3NCS_0339_ood_unseen_shape_lobed_zb04p2_E91p6;F3NCS_0340_ood_unseen_shape_crescent_zb03p8_E70p0;F3NCS_0341_ood_unseen_shape_lobed_zb04p9_E61p6;F3NCS_0342_ood_unseen_shape_crescent_zb05p1_E22p7;F3NCS_0343_ood_unseen_shape_lobed_zb07p1_E87p4;F3NCS_0344_ood_unseen_shape_crescent_zb03p6_E61p5;F3NCS_0345_ood_unseen_shape_crescent_zb06p9_E18p0;F3NCS_0346_ood_unseen_shape_lobed_zb01p8_E15p9;F3NCS_0347_ood_unseen_shape_lobed_zb02p8_E62p6;F3NCS_0348_ood_unseen_shape_lobed_zb05p0_E06p3;F3NCS_0349_ood_unseen_shape_lobed_zb03p4_E28p4;F3NCS_0350_ood_unseen_shape_lobed_zb06p0_E06p6;F3NCS_0351_ood_unseen_shape_crescent_zb06p3_E52p9;F3NCS_0352_ood_unseen_shape_lobed_zb05p6_E54p3;F3NCS_0353_ood_unseen_shape_lobed_zb02p2_E51p7;F3NCS_0354_ood_unseen_shape_crescent_zb05p4_E08p7;F3NCS_0355_ood_unseen_shape_crescent_zb07p5_E72p1;F3NCS_0356_ood_unseen_shape_lobed_zb07p8_E66p7;F3NCS_0357_ood_unseen_shape_lobed_zb03p8_E28p5;F3NCS_0358_ood_unseen_shape_lobed_zb05p7_E57p3;F3NCS_0359_ood_unseen_shape_crescent_zb07p1_E07p1;F3NCS_0360_ood_unseen_shape_lobed_zb06p1_E32p9;F3NCS_0361_ood_unseen_shape_crescent_zb07p0_E50p0;F3NCS_0362_ood_unseen_shape_lobed_zb07p0_E43p7;F3NCS_0363_ood_unseen_shape_crescent_zb04p4_E39p7;F3NCS_0364_ood_unseen_shape_lobed_zb03p1_E17p5;F3NCS_0365_ood_unseen_shape_crescent_zb04p6_E10p8;F3NCS_0366_ood_unseen_shape_crescent_zb01p4_E56p2;F3NCS_0367_ood_unseen_shape_crescent_zb02p6_E36p5;F3NCS_0368_ood_unseen_shape_crescent_zb03p1_E21p0;F3NCS_0369_ood_unseen_shape_lobed_zb02p7_E27p1;F3NCS_0370_ood_unseen_shape_crescent_zb07p7_E18p8;F3NCS_0371_ood_unseen_shape_lobed_zb02p8_E27p5;F3NCS_0372_ood_unseen_shape_lobed_zb02p3_E06p5;F3NCS_0373_ood_unseen_shape_lobed_zb04p9_E07p7;F3NCS_0374_ood_unseen_shape_lobed_zb07p3_E27p3;F3NCS_0375_ood_unseen_shape_crescent_zb03p4_E11p6;F3NCS_0376_ood_unseen_shape_crescent_zb04p0_E26p7;F3NCS_0377_ood_unseen_shape_crescent_zb06p5_E40p4;F3NCS_0378_ood_unseen_shape_crescent_zb05p4_E79p9;F3NCS_0379_ood_unseen_shape_crescent_zb06p4_E88p5;F3NCS_0380_ood_unseen_shape_lobed_zb03p5_E55p6;F3NCS_0381_ood_unseen_shape_crescent_zb04p9_E14p7;F3NCS_0382_ood_unseen_shape_crescent_zb05p9_E48p6;F3NCS_0383_ood_unseen_shape_crescent_zb05p4_E08p3,method2b_512_full_comsol_colab_cuda,fig3_true_ood,4,split_role/ood_split_family,ood_unseen_shape,230,38,64,0.0813833773136138,0.0075950622558593,0.0113871153444051,0.0178756713867187,0.02151894941926,0.0280723571777343,0.0273217279464006,0.0469741821289062,0.0320491530001163,0.6747543122013205,0.8045094360285788,0.1500306753462948,17.6172223920869,0.0184840244453162,0.1204031109809875,0.0086124883964657,,
H:\My Drive\MN_simulation\outputs\rspi_joint_052026\method2b_512_five_seed_ood_full512_20260611\seed_4\posterior\rspi_posterior_metrics.csv,4,explicit_residual_target_diffusion,0.1039399877190589,0.1808819874084105,14.852093578074337,0.1405590992071665,3.609492063522339,11.687325705794304,0.4580574482814876,64,F3NCS_0320_ood_unseen_shape_lobed_zb03p8_E09p9;F3NCS_0321_ood_unseen_shape_crescent_zb03p5_E06p5;F3NCS_0322_ood_unseen_shape_crescent_zb07p2_E76p5;F3NCS_0323_ood_unseen_shape_crescent_zb03p5_E10p3;F3NCS_0324_ood_unseen_shape_crescent_zb02p9_E59p3;F3NCS_0325_ood_unseen_shape_lobed_zb01p6_E06p9;F3NCS_0326_ood_unseen_shape_lobed_zb06p1_E42p4;F3NCS_0327_ood_unseen_shape_crescent_zb03p1_E14p7;F3NCS_0328_ood_unseen_shape_lobed_zb03p1_E29p3;F3NCS_0329_ood_unseen_shape_lobed_zb05p7_E08p7;F3NCS_0330_ood_unseen_shape_lobed_zb02p8_E92p0;F3NCS_0331_ood_unseen_shape_crescent_zb03p2_E14p3;F3NCS_0332_ood_unseen_shape_lobed_zb02p8_E45p3;F3NCS_0333_ood_unseen_shape_lobed_zb03p4_E06p5;F3NCS_0334_ood_unseen_shape_crescent_zb03p1_E53p0;F3NCS_0335_ood_unseen_shape_crescent_zb02p9_E84p2;F3NCS_0336_ood_unseen_shape_crescent_zb07p2_E64p1;F3NCS_0337_ood_unseen_shape_lobed_zb03p4_E11p4;F3NCS_0338_ood_unseen_shape_crescent_zb06p8_E10p9;F3NCS_0339_ood_unseen_shape_lobed_zb04p2_E91p6;F3NCS_0340_ood_unseen_shape_crescent_zb03p8_E70p0;F3NCS_0341_ood_unseen_shape_lobed_zb04p9_E61p6;F3NCS_0342_ood_unseen_shape_crescent_zb05p1_E22p7;F3NCS_0343_ood_unseen_shape_lobed_zb07p1_E87p4;F3NCS_0344_ood_unseen_shape_crescent_zb03p6_E61p5;F3NCS_0345_ood_unseen_shape_crescent_zb06p9_E18p0;F3NCS_0346_ood_unseen_shape_lobed_zb01p8_E15p9;F3NCS_0347_ood_unseen_shape_lobed_zb02p8_E62p6;F3NCS_0348_ood_unseen_shape_lobed_zb05p0_E06p3;F3NCS_0349_ood_unseen_shape_lobed_zb03p4_E28p4;F3NCS_0350_ood_unseen_shape_lobed_zb06p0_E06p6;F3NCS_0351_ood_unseen_shape_crescent_zb06p3_E52p9;F3NCS_0352_ood_unseen_shape_lobed_zb05p6_E54p3;F3NCS_0353_ood_unseen_shape_lobed_zb02p2_E51p7;F3NCS_0354_ood_unseen_shape_crescent_zb05p4_E08p7;F3NCS_0355_ood_unseen_shape_crescent_zb07p5_E72p1;F3NCS_0356_ood_unseen_shape_lobed_zb07p8_E66p7;F3NCS_0357_ood_unseen_shape_lobed_zb03p8_E28p5;F3NCS_0358_ood_unseen_shape_lobed_zb05p7_E57p3;F3NCS_0359_ood_unseen_shape_crescent_zb07p1_E07p1;F3NCS_0360_ood_unseen_shape_lobed_zb06p1_E32p9;F3NCS_0361_ood_unseen_shape_crescent_zb07p0_E50p0;F3NCS_0362_ood_unseen_shape_lobed_zb07p0_E43p7;F3NCS_0363_ood_unseen_shape_crescent_zb04p4_E39p7;F3NCS_0364_ood_unseen_shape_lobed_zb03p1_E17p5;F3NCS_0365_ood_unseen_shape_crescent_zb04p6_E10p8;F3NCS_0366_ood_unseen_shape_crescent_zb01p4_E56p2;F3NCS_0367_ood_unseen_shape_crescent_zb02p6_E36p5;F3NCS_0368_ood_unseen_shape_crescent_zb03p1_E21p0;F3NCS_0369_ood_unseen_shape_lobed_zb02p7_E27p1;F3NCS_0370_ood_unseen_shape_crescent_zb07p7_E18p8;F3NCS_0371_ood_unseen_shape_lobed_zb02p8_E27p5;F3NCS_0372_ood_unseen_shape_lobed_zb02p3_E06p5;F3NCS_0373_ood_unseen_shape_lobed_zb04p9_E07p7;F3NCS_0374_ood_unseen_shape_lobed_zb07p3_E27p3;F3NCS_0375_ood_unseen_shape_crescent_zb03p4_E11p6;F3NCS_0376_ood_unseen_shape_crescent_zb04p0_E26p7;F3NCS_0377_ood_unseen_shape_crescent_zb06p5_E40p4;F3NCS_0378_ood_unseen_shape_crescent_zb05p4_E79p9;F3NCS_0379_ood_unseen_shape_crescent_zb06p4_E88p5;F3NCS_0380_ood_unseen_shape_lobed_zb03p5_E55p6;F3NCS_0381_ood_unseen_shape_crescent_zb04p9_E14p7;F3NCS_0382_ood_unseen_shape_crescent_zb05p9_E48p6;F3NCS_0383_ood_unseen_shape_crescent_zb05p4_E08p3,method2b_512_full_comsol_colab_cuda,fig3_true_ood,4,split_role/ood_split_family,ood_unseen_shape,230,38,64,0.064779445528984,0.6359329223632812,0.0485597848892211,0.7855300903320312,0.1725406497716903,0.8462371826171875,0.2863485217094421,0.8929290771484375,0.388078510761261,0.7695366996659635,0.7881737032148941,0.0583894881225021,0.6345577442687025,0.0218654862295216,0.4263978600502014,0.1096789091825485,,0.7570597529411316
H:\My Drive\MN_simulation\outputs\rspi_joint_052026\method2b_512_five_seed_ood_full512_20260611\seed_5\posterior\rspi_posterior_metrics.csv,5,train_mean_prior,0.1440892666578292,0.2195225340582517,13.170417853325851,0.0332627339073671,4.060465335845947,11.480061371004568,,52,F3NCS_0009_iid_support_ellipse_zb07p3_E22p5;F3NCS_0010_iid_support_cylinder_zb06p1_E14p0;F3NCS_0019_iid_support_two_foci_zb05p4_E27p2;F3NCS_0021_iid_support_ellipse_zb05p6_E31p9;F3NCS_0023_iid_support_cylinder_zb05p0_E06p6;F3NCS_0027_iid_support_ellipse_zb02p3_E78p6;F3NCS_0035_iid_support_ellipse_zb02p8_E30p8;F3NCS_0037_iid_support_ellipse_zb08p0_E07p6;F3NCS_0044_iid_support_ellipse_zb07p2_E08p4;F3NCS_0079_iid_support_cylinder_zb04p3_E13p0;F3NCS_0081_iid_support_ellipse_zb05p9_E06p8;F3NCS_0089_iid_support_cylinder_zb05p4_E08p5;F3NCS_0091_iid_support_two_foci_zb03p9_E39p0;F3NCS_0097_iid_support_cylinder_zb06p3_E18p9;F3NCS_0100_iid_support_cylinder_zb03p6_E34p7;F3NCS_0104_iid_support_ellipse_zb03p3_E52p9;F3NCS_0111_iid_support_ellipse_zb03p7_E19p4;F3NCS_0125_iid_support_cylinder_zb06p4_E14p2;F3NCS_0128_iid_support_two_foci_zb02p9_E23p9;F3NCS_0131_iid_support_ellipse_zb05p4_E74p1;F3NCS_0132_iid_support_cylinder_zb07p9_E08p3;F3NCS_0139_iid_support_two_foci_zb03p2_E25p1;F3NCS_0141_iid_support_cylinder_zb01p5_E37p1;F3NCS_0142_iid_support_two_foci_zb05p0_E19p6;F3NCS_0146_iid_support_two_foci_zb04p1_E20p6;F3NCS_0149_iid_support_cylinder_zb03p2_E32p2;F3NCS_0155_iid_support_ellipse_zb06p3_E24p5;F3NCS_0158_iid_support_cylinder_zb05p7_E11p3;F3NCS_0161_iid_support_ellipse_zb01p6_E25p7;F3NCS_0162_iid_support_ellipse_zb03p2_E17p6;F3NCS_0163_iid_support_two_foci_zb06p0_E08p1;F3NCS_0165_iid_support_ellipse_zb04p1_E25p8;F3NCS_0179_iid_support_two_foci_zb03p8_E90p2;F3NCS_0183_iid_support_cylinder_zb06p6_E10p9;F3NCS_0184_iid_support_cylinder_zb03p7_E17p7;F3NCS_0188_iid_support_cylinder_zb02p6_E41p7;F3NCS_0198_iid_support_cylinder_zb05p9_E17p9;F3NCS_0199_iid_support_ellipse_zb06p2_E37p7;F3NCS_0202_iid_support_cylinder_zb03p7_E57p3;F3NCS_0220_iid_support_two_foci_zb02p4_E32p0;F3NCS_0223_iid_support_two_foci_zb05p1_E52p3;F3NCS_0239_iid_support_ellipse_zb02p9_E06p8;F3NCS_0262_iid_support_ellipse_zb05p7_E60p2;F3NCS_0272_iid_support_ellipse_zb02p7_E33p6;F3NCS_0278_iid_support_ellipse_zb02p1_E44p7;F3NCS_0284_iid_support_ellipse_zb03p7_E68p9;F3NCS_0288_iid_support_cylinder_zb03p9_E35p1;F3NCS_0296_iid_support_cylinder_zb06p2_E15p6;F3NCS_0300_iid_support_ellipse_zb07p6_E67p9;F3NCS_0306_iid_support_ellipse_zb04p6_E40p2;F3NCS_0315_iid_support_ellipse_zb08p0_E09p3;F3NCS_0316_iid_support_two_foci_zb02p8_E06p3,method2b_512_full_comsol_colab_cuda,fig3_true_ood,0,split_role/ood_split_family,iid_test,230,38,52,,,,,,,,,,,,,,,,,,
H:\My Drive\MN_simulation\outputs\rspi_joint_052026\method2b_512_five_seed_ood_full512_20260611\seed_5\posterior\rspi_posterior_metrics.csv,5,srcnn_bz_single_channel,0.1210814788937568,0.2054937601279113,13.744027221077902,0.1581707489318572,3.812653064727783,11.062937927198846,0.3319729381456354,52,F3NCS_0009_iid_support_ellipse_zb07p3_E22p5;F3NCS_0010_iid_support_cylinder_zb06p1_E14p0;F3NCS_0019_iid_support_two_foci_zb05p4_E27p2;F3NCS_0021_iid_support_ellipse_zb05p6_E31p9;F3NCS_0023_iid_support_cylinder_zb05p0_E06p6;F3NCS_0027_iid_support_ellipse_zb02p3_E78p6;F3NCS_0035_iid_support_ellipse_zb02p8_E30p8;F3NCS_0037_iid_support_ellipse_zb08p0_E07p6;F3NCS_0044_iid_support_ellipse_zb07p2_E08p4;F3NCS_0079_iid_support_cylinder_zb04p3_E13p0;F3NCS_0081_iid_support_ellipse_zb05p9_E06p8;F3NCS_0089_iid_support_cylinder_zb05p4_E08p5;F3NCS_0091_iid_support_two_foci_zb03p9_E39p0;F3NCS_0097_iid_support_cylinder_zb06p3_E18p9;F3NCS_0100_iid_support_cylinder_zb03p6_E34p7;F3NCS_0104_iid_support_ellipse_zb03p3_E52p9;F3NCS_0111_iid_support_ellipse_zb03p7_E19p4;F3NCS_0125_iid_support_cylinder_zb06p4_E14p2;F3NCS_0128_iid_support_two_foci_zb02p9_E23p9;F3NCS_0131_iid_support_ellipse_zb05p4_E74p1;F3NCS_0132_iid_support_cylinder_zb07p9_E08p3;F3NCS_0139_iid_support_two_foci_zb03p2_E25p1;F3NCS_0141_iid_support_cylinder_zb01p5_E37p1;F3NCS_0142_iid_support_two_foci_zb05p0_E19p6;F3NCS_0146_iid_support_two_foci_zb04p1_E20p6;F3NCS_0149_iid_support_cylinder_zb03p2_E32p2;F3NCS_0155_iid_support_ellipse_zb06p3_E24p5;F3NCS_0158_iid_support_cylinder_zb05p7_E11p3;F3NCS_0161_iid_support_ellipse_zb01p6_E25p7;F3NCS_0162_iid_support_ellipse_zb03p2_E17p6;F3NCS_0163_iid_support_two_foci_zb06p0_E08p1;F3NCS_0165_iid_support_ellipse_zb04p1_E25p8;F3NCS_0179_iid_support_two_foci_zb03p8_E90p2;F3NCS_0183_iid_support_cylinder_zb06p6_E10p9;F3NCS_0184_iid_support_cylinder_zb03p7_E17p7;F3NCS_0188_iid_support_cylinder_zb02p6_E41p7;F3NCS_0198_iid_support_cylinder_zb05p9_E17p9;F3NCS_0199_iid_support_ellipse_zb06p2_E37p7;F3NCS_0202_iid_support_cylinder_zb03p7_E57p3;F3NCS_0220_iid_support_two_foci_zb02p4_E32p0;F3NCS_0223_iid_support_two_foci_zb05p1_E52p3;F3NCS_0239_iid_support_ellipse_zb02p9_E06p8;F3NCS_0262_iid_support_ellipse_zb05p7_E60p2;F3NCS_0272_iid_support_ellipse_zb02p7_E33p6;F3NCS_0278_iid_support_ellipse_zb02p1_E44p7;F3NCS_0284_iid_support_ellipse_zb03p7_E68p9;F3NCS_0288_iid_support_cylinder_zb03p9_E35p1;F3NCS_0296_iid_support_cylinder_zb06p2_E15p6;F3NCS_0300_iid_support_ellipse_zb07p6_E67p9;F3NCS_0306_iid_support_ellipse_zb04p6_E40p2;F3NCS_0315_iid_support_ellipse_zb08p0_E09p3;F3NCS_0316_iid_support_two_foci_zb02p8_E06p3,method2b_512_full_comsol_colab_cuda,fig3_true_ood,0,split_role/ood_split_family,iid_test,230,38,52,0.1210814788937568,0.0,0.0,0.0,0.0,0.0,0.0,0.0,0.0,,0.5,0.2038943984586476,20389439.84586477,0.0961575094672376,0.1412118822336197,0.0,,
H:\My Drive\MN_simulation\outputs\rspi_joint_052026\method2b_512_five_seed_ood_full512_20260611\seed_5\posterior\rspi_posterior_metrics.csv,5,unet_canonical_bxyz,0.0731932446360588,0.1540915414624449,16.24442400655411,0.4334025921729895,2.863170862197876,8.934150121366514,0.5545023881789907,52,F3NCS_0009_iid_support_ellipse_zb07p3_E22p5;F3NCS_0010_iid_support_cylinder_zb06p1_E14p0;F3NCS_0019_iid_support_two_foci_zb05p4_E27p2;F3NCS_0021_iid_support_ellipse_zb05p6_E31p9;F3NCS_0023_iid_support_cylinder_zb05p0_E06p6;F3NCS_0027_iid_support_ellipse_zb02p3_E78p6;F3NCS_0035_iid_support_ellipse_zb02p8_E30p8;F3NCS_0037_iid_support_ellipse_zb08p0_E07p6;F3NCS_0044_iid_support_ellipse_zb07p2_E08p4;F3NCS_0079_iid_support_cylinder_zb04p3_E13p0;F3NCS_0081_iid_support_ellipse_zb05p9_E06p8;F3NCS_0089_iid_support_cylinder_zb05p4_E08p5;F3NCS_0091_iid_support_two_foci_zb03p9_E39p0;F3NCS_0097_iid_support_cylinder_zb06p3_E18p9;F3NCS_0100_iid_support_cylinder_zb03p6_E34p7;F3NCS_0104_iid_support_ellipse_zb03p3_E52p9;F3NCS_0111_iid_support_ellipse_zb03p7_E19p4;F3NCS_0125_iid_support_cylinder_zb06p4_E14p2;F3NCS_0128_iid_support_two_foci_zb02p9_E23p9;F3NCS_0131_iid_support_ellipse_zb05p4_E74p1;F3NCS_0132_iid_support_cylinder_zb07p9_E08p3;F3NCS_0139_iid_support_two_foci_zb03p2_E25p1;F3NCS_0141_iid_support_cylinder_zb01p5_E37p1;F3NCS_0142_iid_support_two_foci_zb05p0_E19p6;F3NCS_0146_iid_support_two_foci_zb04p1_E20p6;F3NCS_0149_iid_support_cylinder_zb03p2_E32p2;F3NCS_0155_iid_support_ellipse_zb06p3_E24p5;F3NCS_0158_iid_support_cylinder_zb05p7_E11p3;F3NCS_0161_iid_support_ellipse_zb01p6_E25p7;F3NCS_0162_iid_support_ellipse_zb03p2_E17p6;F3NCS_0163_iid_support_two_foci_zb06p0_E08p1;F3NCS_0165_iid_support_ellipse_zb04p1_E25p8;F3NCS_0179_iid_support_two_foci_zb03p8_E90p2;F3NCS_0183_iid_support_cylinder_zb06p6_E10p9;F3NCS_0184_iid_support_cylinder_zb03p7_E17p7;F3NCS_0188_iid_support_cylinder_zb02p6_E41p7;F3NCS_0198_iid_support_cylinder_zb05p9_E17p9;F3NCS_0199_iid_support_ellipse_zb06p2_E37p7;F3NCS_0202_iid_support_cylinder_zb03p7_E57p3;F3NCS_0220_iid_support_two_foci_zb02p4_E32p0;F3NCS_0223_iid_support_two_foci_zb05p1_E52p3;F3NCS_0239_iid_support_ellipse_zb02p9_E06p8;F3NCS_0262_iid_support_ellipse_zb05p7_E60p2;F3NCS_0272_iid_support_ellipse_zb02p7_E33p6;F3NCS_0278_iid_support_ellipse_zb02p1_E44p7;F3NCS_0284_iid_support_ellipse_zb03p7_E68p9;F3NCS_0288_iid_support_cylinder_zb03p9_E35p1;F3NCS_0296_iid_support_cylinder_zb06p2_E15p6;F3NCS_0300_iid_support_ellipse_zb07p6_E67p9;F3NCS_0306_iid_support_ellipse_zb04p6_E40p2;F3NCS_0315_iid_support_ellipse_zb08p0_E09p3;F3NCS_0316_iid_support_two_foci_zb02p8_E06p3,method2b_512_full_comsol_colab_cuda,fig3_true_ood,0,split_role/ood_split_family,iid_test,230,38,52,0.0731932446360588,0.0,0.0,0.0,0.0,0.0,0.0,0.0,0.0,,0.5,0.1525308897028094,15253088.970280943,0.0639482771622853,0.0998347327113151,0.0,,
H:\My Drive\MN_simulation\outputs\rspi_joint_052026\method2b_512_five_seed_ood_full512_20260611\seed_5\posterior\rspi_posterior_metrics.csv,5,vanilla_diffusion,0.4580941796302795,0.4731545462006061,6.4999396546103725,0.053260562601141,13.164979934692385,14.66224765674268,0.2253455728011587,52,F3NCS_0009_iid_support_ellipse_zb07p3_E22p5;F3NCS_0010_iid_support_cylinder_zb06p1_E14p0;F3NCS_0019_iid_support_two_foci_zb05p4_E27p2;F3NCS_0021_iid_support_ellipse_zb05p6_E31p9;F3NCS_0023_iid_support_cylinder_zb05p0_E06p6;F3NCS_0027_iid_support_ellipse_zb02p3_E78p6;F3NCS_0035_iid_support_ellipse_zb02p8_E30p8;F3NCS_0037_iid_support_ellipse_zb08p0_E07p6;F3NCS_0044_iid_support_ellipse_zb07p2_E08p4;F3NCS_0079_iid_support_cylinder_zb04p3_E13p0;F3NCS_0081_iid_support_ellipse_zb05p9_E06p8;F3NCS_0089_iid_support_cylinder_zb05p4_E08p5;F3NCS_0091_iid_support_two_foci_zb03p9_E39p0;F3NCS_0097_iid_support_cylinder_zb06p3_E18p9;F3NCS_0100_iid_support_cylinder_zb03p6_E34p7;F3NCS_0104_iid_support_ellipse_zb03p3_E52p9;F3NCS_0111_iid_support_ellipse_zb03p7_E19p4;F3NCS_0125_iid_support_cylinder_zb06p4_E14p2;F3NCS_0128_iid_support_two_foci_zb02p9_E23p9;F3NCS_0131_iid_support_ellipse_zb05p4_E74p1;F3NCS_0132_iid_support_cylinder_zb07p9_E08p3;F3NCS_0139_iid_support_two_foci_zb03p2_E25p1;F3NCS_0141_iid_support_cylinder_zb01p5_E37p1;F3NCS_0142_iid_support_two_foci_zb05p0_E19p6;F3NCS_0146_iid_support_two_foci_zb04p1_E20p6;F3NCS_0149_iid_support_cylinder_zb03p2_E32p2;F3NCS_0155_iid_support_ellipse_zb06p3_E24p5;F3NCS_0158_iid_support_cylinder_zb05p7_E11p3;F3NCS_0161_iid_support_ellipse_zb01p6_E25p7;F3NCS_0162_iid_support_ellipse_zb03p2_E17p6;F3NCS_0163_iid_support_two_foci_zb06p0_E08p1;F3NCS_0165_iid_support_ellipse_zb04p1_E25p8;F3NCS_0179_iid_support_two_foci_zb03p8_E90p2;F3NCS_0183_iid_support_cylinder_zb06p6_E10p9;F3NCS_0184_iid_support_cylinder_zb03p7_E17p7;F3NCS_0188_iid_support_cylinder_zb02p6_E41p7;F3NCS_0198_iid_support_cylinder_zb05p9_E17p9;F3NCS_0199_iid_support_ellipse_zb06p2_E37p7;F3NCS_0202_iid_support_cylinder_zb03p7_E57p3;F3NCS_0220_iid_support_two_foci_zb02p4_E32p0;F3NCS_0223_iid_support_two_foci_zb05p1_E52p3;F3NCS_0239_iid_support_ellipse_zb02p9_E06p8;F3NCS_0262_iid_support_ellipse_zb05p7_E60p2;F3NCS_0272_iid_support_ellipse_zb02p7_E33p6;F3NCS_0278_iid_support_ellipse_zb02p1_E44p7;F3NCS_0284_iid_support_ellipse_zb03p7_E68p9;F3NCS_0288_iid_support_cylinder_zb03p9_E35p1;F3NCS_0296_iid_support_cylinder_zb06p2_E15p6;F3NCS_0300_iid_support_ellipse_zb07p6_E67p9;F3NCS_0306_iid_support_ellipse_zb04p6_E40p2;F3NCS_0315_iid_support_ellipse_zb08p0_E09p3;F3NCS_0316_iid_support_two_foci_zb02p8_E06p3,method2b_512_full_comsol_colab_cuda,fig3_true_ood,0,split_role/ood_split_family,iid_test,230,38,52,,,,,,,,,,,,,,,,0.0990880280733108,64.0,
H:\My Drive\MN_simulation\outputs\rspi_joint_052026\method2b_512_five_seed_ood_full512_20260611\seed_5\posterior\rspi_posterior_metrics.csv,5,prior_init_diffusion_unet,0.0754584297537803,0.1543235152219334,16.23135785553368,0.2675160499146351,2.8697710037231445,8.940041774165719,0.5488175846727146,52,F3NCS_0009_iid_support_ellipse_zb07p3_E22p5;F3NCS_0010_iid_support_cylinder_zb06p1_E14p0;F3NCS_0019_iid_support_two_foci_zb05p4_E27p2;F3NCS_0021_iid_support_ellipse_zb05p6_E31p9;F3NCS_0023_iid_support_cylinder_zb05p0_E06p6;F3NCS_0027_iid_support_ellipse_zb02p3_E78p6;F3NCS_0035_iid_support_ellipse_zb02p8_E30p8;F3NCS_0037_iid_support_ellipse_zb08p0_E07p6;F3NCS_0044_iid_support_ellipse_zb07p2_E08p4;F3NCS_0079_iid_support_cylinder_zb04p3_E13p0;F3NCS_0081_iid_support_ellipse_zb05p9_E06p8;F3NCS_0089_iid_support_cylinder_zb05p4_E08p5;F3NCS_0091_iid_support_two_foci_zb03p9_E39p0;F3NCS_0097_iid_support_cylinder_zb06p3_E18p9;F3NCS_0100_iid_support_cylinder_zb03p6_E34p7;F3NCS_0104_iid_support_ellipse_zb03p3_E52p9;F3NCS_0111_iid_support_ellipse_zb03p7_E19p4;F3NCS_0125_iid_support_cylinder_zb06p4_E14p2;F3NCS_0128_iid_support_two_foci_zb02p9_E23p9;F3NCS_0131_iid_support_ellipse_zb05p4_E74p1;F3NCS_0132_iid_support_cylinder_zb07p9_E08p3;F3NCS_0139_iid_support_two_foci_zb03p2_E25p1;F3NCS_0141_iid_support_cylinder_zb01p5_E37p1;F3NCS_0142_iid_support_two_foci_zb05p0_E19p6;F3NCS_0146_iid_support_two_foci_zb04p1_E20p6;F3NCS_0149_iid_support_cylinder_zb03p2_E32p2;F3NCS_0155_iid_support_ellipse_zb06p3_E24p5;F3NCS_0158_iid_support_cylinder_zb05p7_E11p3;F3NCS_0161_iid_support_ellipse_zb01p6_E25p7;F3NCS_0162_iid_support_ellipse_zb03p2_E17p6;F3NCS_0163_iid_support_two_foci_zb06p0_E08p1;F3NCS_0165_iid_support_ellipse_zb04p1_E25p8;F3NCS_0179_iid_support_two_foci_zb03p8_E90p2;F3NCS_0183_iid_support_cylinder_zb06p6_E10p9;F3NCS_0184_iid_support_cylinder_zb03p7_E17p7;F3NCS_0188_iid_support_cylinder_zb02p6_E41p7;F3NCS_0198_iid_support_cylinder_zb05p9_E17p9;F3NCS_0199_iid_support_ellipse_zb06p2_E37p7;F3NCS_0202_iid_support_cylinder_zb03p7_E57p3;F3NCS_0220_iid_support_two_foci_zb02p4_E32p0;F3NCS_0223_iid_support_two_foci_zb05p1_E52p3;F3NCS_0239_iid_support_ellipse_zb02p9_E06p8;F3NCS_0262_iid_support_ellipse_zb05p7_E60p2;F3NCS_0272_iid_support_ellipse_zb02p7_E33p6;F3NCS_0278_iid_support_ellipse_zb02p1_E44p7;F3NCS_0284_iid_support_ellipse_zb03p7_E68p9;F3NCS_0288_iid_support_cylinder_zb03p9_E35p1;F3NCS_0296_iid_support_cylinder_zb06p2_E15p6;F3NCS_0300_iid_support_ellipse_zb07p6_E67p9;F3NCS_0306_iid_support_ellipse_zb04p6_E40p2;F3NCS_0315_iid_support_ellipse_zb08p0_E09p3;F3NCS_0316_iid_support_two_foci_zb02p8_E06p3,method2b_512_full_comsol_colab_cuda,fig3_true_ood,0,split_role/ood_split_family,iid_test,230,38,52,0.070316843688488,0.0045729419216513,0.012372656725347,0.0171555746346712,0.0232998710125684,0.0457341112196445,0.0294636618345975,0.1153846159577369,0.0343103073537349,0.6537425323578029,0.851991759154136,0.1210731604382434,12.346405630858852,0.0127661408284069,0.1136268451809883,0.009232765994966,,
H:\My Drive\MN_simulation\outputs\rspi_joint_052026\method2b_512_five_seed_ood_full512_20260611\seed_5\posterior\rspi_posterior_metrics.csv,5,residual_likelihood_guided_diffusion,0.0754715651273727,0.154345275434211,16.23013319785284,0.2672948355858142,2.87036681175232,8.940907075679599,0.548387745557362,52,F3NCS_0009_iid_support_ellipse_zb07p3_E22p5;F3NCS_0010_iid_support_cylinder_zb06p1_E14p0;F3NCS_0019_iid_support_two_foci_zb05p4_E27p2;F3NCS_0021_iid_support_ellipse_zb05p6_E31p9;F3NCS_0023_iid_support_cylinder_zb05p0_E06p6;F3NCS_0027_iid_support_ellipse_zb02p3_E78p6;F3NCS_0035_iid_support_ellipse_zb02p8_E30p8;F3NCS_0037_iid_support_ellipse_zb08p0_E07p6;F3NCS_0044_iid_support_ellipse_zb07p2_E08p4;F3NCS_0079_iid_support_cylinder_zb04p3_E13p0;F3NCS_0081_iid_support_ellipse_zb05p9_E06p8;F3NCS_0089_iid_support_cylinder_zb05p4_E08p5;F3NCS_0091_iid_support_two_foci_zb03p9_E39p0;F3NCS_0097_iid_support_cylinder_zb06p3_E18p9;F3NCS_0100_iid_support_cylinder_zb03p6_E34p7;F3NCS_0104_iid_support_ellipse_zb03p3_E52p9;F3NCS_0111_iid_support_ellipse_zb03p7_E19p4;F3NCS_0125_iid_support_cylinder_zb06p4_E14p2;F3NCS_0128_iid_support_two_foci_zb02p9_E23p9;F3NCS_0131_iid_support_ellipse_zb05p4_E74p1;F3NCS_0132_iid_support_cylinder_zb07p9_E08p3;F3NCS_0139_iid_support_two_foci_zb03p2_E25p1;F3NCS_0141_iid_support_cylinder_zb01p5_E37p1;F3NCS_0142_iid_support_two_foci_zb05p0_E19p6;F3NCS_0146_iid_support_two_foci_zb04p1_E20p6;F3NCS_0149_iid_support_cylinder_zb03p2_E32p2;F3NCS_0155_iid_support_ellipse_zb06p3_E24p5;F3NCS_0158_iid_support_cylinder_zb05p7_E11p3;F3NCS_0161_iid_support_ellipse_zb01p6_E25p7;F3NCS_0162_iid_support_ellipse_zb03p2_E17p6;F3NCS_0163_iid_support_two_foci_zb06p0_E08p1;F3NCS_0165_iid_support_ellipse_zb04p1_E25p8;F3NCS_0179_iid_support_two_foci_zb03p8_E90p2;F3NCS_0183_iid_support_cylinder_zb06p6_E10p9;F3NCS_0184_iid_support_cylinder_zb03p7_E17p7;F3NCS_0188_iid_support_cylinder_zb02p6_E41p7;F3NCS_0198_iid_support_cylinder_zb05p9_E17p9;F3NCS_0199_iid_support_ellipse_zb06p2_E37p7;F3NCS_0202_iid_support_cylinder_zb03p7_E57p3;F3NCS_0220_iid_support_two_foci_zb02p4_E32p0;F3NCS_0223_iid_support_two_foci_zb05p1_E52p3;F3NCS_0239_iid_support_ellipse_zb02p9_E06p8;F3NCS_0262_iid_support_ellipse_zb05p7_E60p2;F3NCS_0272_iid_support_ellipse_zb02p7_E33p6;F3NCS_0278_iid_support_ellipse_zb02p1_E44p7;F3NCS_0284_iid_support_ellipse_zb03p7_E68p9;F3NCS_0288_iid_support_cylinder_zb03p9_E35p1;F3NCS_0296_iid_support_cylinder_zb06p2_E15p6;F3NCS_0300_iid_support_ellipse_zb07p6_E67p9;F3NCS_0306_iid_support_ellipse_zb04p6_E40p2;F3NCS_0315_iid_support_ellipse_zb08p0_E09p3;F3NCS_0316_iid_support_two_foci_zb02p8_E06p3,method2b_512_full_comsol_colab_cuda,fig3_true_ood,0,split_role/ood_split_family,iid_test,230,38,52,0.0703271180391311,0.0046621467918157,0.0123775042593479,0.0172306932508945,0.0233143176883459,0.0462270900607109,0.0294884163886308,0.1162860542535781,0.0343512780964374,0.6513412651672904,0.8524640503119294,0.1210038277149579,12.335650294420295,0.0127756407561145,0.1137232407927513,0.0092393141239881,,
H:\My Drive\MN_simulation\outputs\rspi_joint_052026\method2b_512_five_seed_ood_full512_20260611\seed_5\posterior\rspi_posterior_metrics.csv,5,explicit_residual_target_diffusion,0.0812120586633682,0.153773494530324,16.26237032206198,0.2257466102735354,2.901596546173096,8.947221497312595,0.5449013706380526,52,F3NCS_0009_iid_support_ellipse_zb07p3_E22p5;F3NCS_0010_iid_support_cylinder_zb06p1_E14p0;F3NCS_0019_iid_support_two_foci_zb05p4_E27p2;F3NCS_0021_iid_support_ellipse_zb05p6_E31p9;F3NCS_0023_iid_support_cylinder_zb05p0_E06p6;F3NCS_0027_iid_support_ellipse_zb02p3_E78p6;F3NCS_0035_iid_support_ellipse_zb02p8_E30p8;F3NCS_0037_iid_support_ellipse_zb08p0_E07p6;F3NCS_0044_iid_support_ellipse_zb07p2_E08p4;F3NCS_0079_iid_support_cylinder_zb04p3_E13p0;F3NCS_0081_iid_support_ellipse_zb05p9_E06p8;F3NCS_0089_iid_support_cylinder_zb05p4_E08p5;F3NCS_0091_iid_support_two_foci_zb03p9_E39p0;F3NCS_0097_iid_support_cylinder_zb06p3_E18p9;F3NCS_0100_iid_support_cylinder_zb03p6_E34p7;F3NCS_0104_iid_support_ellipse_zb03p3_E52p9;F3NCS_0111_iid_support_ellipse_zb03p7_E19p4;F3NCS_0125_iid_support_cylinder_zb06p4_E14p2;F3NCS_0128_iid_support_two_foci_zb02p9_E23p9;F3NCS_0131_iid_support_ellipse_zb05p4_E74p1;F3NCS_0132_iid_support_cylinder_zb07p9_E08p3;F3NCS_0139_iid_support_two_foci_zb03p2_E25p1;F3NCS_0141_iid_support_cylinder_zb01p5_E37p1;F3NCS_0142_iid_support_two_foci_zb05p0_E19p6;F3NCS_0146_iid_support_two_foci_zb04p1_E20p6;F3NCS_0149_iid_support_cylinder_zb03p2_E32p2;F3NCS_0155_iid_support_ellipse_zb06p3_E24p5;F3NCS_0158_iid_support_cylinder_zb05p7_E11p3;F3NCS_0161_iid_support_ellipse_zb01p6_E25p7;F3NCS_0162_iid_support_ellipse_zb03p2_E17p6;F3NCS_0163_iid_support_two_foci_zb06p0_E08p1;F3NCS_0165_iid_support_ellipse_zb04p1_E25p8;F3NCS_0179_iid_support_two_foci_zb03p8_E90p2;F3NCS_0183_iid_support_cylinder_zb06p6_E10p9;F3NCS_0184_iid_support_cylinder_zb03p7_E17p7;F3NCS_0188_iid_support_cylinder_zb02p6_E41p7;F3NCS_0198_iid_support_cylinder_zb05p9_E17p9;F3NCS_0199_iid_support_ellipse_zb06p2_E37p7;F3NCS_0202_iid_support_cylinder_zb03p7_E57p3;F3NCS_0220_iid_support_two_foci_zb02p4_E32p0;F3NCS_0223_iid_support_two_foci_zb05p1_E52p3;F3NCS_0239_iid_support_ellipse_zb02p9_E06p8;F3NCS_0262_iid_support_ellipse_zb05p7_E60p2;F3NCS_0272_iid_support_ellipse_zb02p7_E33p6;F3NCS_0278_iid_support_ellipse_zb02p1_E44p7;F3NCS_0284_iid_support_ellipse_zb03p7_E68p9;F3NCS_0288_iid_support_cylinder_zb03p9_E35p1;F3NCS_0296_iid_support_cylinder_zb06p2_E15p6;F3NCS_0300_iid_support_ellipse_zb07p6_E67p9;F3NCS_0306_iid_support_ellipse_zb04p6_E40p2;F3NCS_0315_iid_support_ellipse_zb08p0_E09p3;F3NCS_0316_iid_support_two_foci_zb02p8_E06p3,method2b_512_full_comsol_colab_cuda,fig3_true_ood,0,split_role/ood_split_family,iid_test,230,38,52,0.0548659339547157,0.7481595277786255,0.0510112792253494,0.819260835647583,0.118463821709156,0.8545860648155212,0.1734860241413116,0.8808358907699585,0.23085318505764,0.8160226266860273,0.8059902418041697,0.0734723654817747,1.234642154504387,0.015819658660505,0.5062256455421448,0.0666046813130378,,0.7352128624916077
H:\My Drive\MN_simulation\outputs\rspi_joint_052026\method2b_512_five_seed_ood_full512_20260611\seed_5\posterior\rspi_posterior_metrics.csv,5,train_mean_prior,0.1438805907964706,0.2227556441798263,13.043425660066552,0.0330969039350748,4.35940408706665,13.246117364878684,,64,F3NCS_0384_ood_unseen_depth_range_two_foci_zb11p3_E39p2;F3NCS_0385_ood_unseen_depth_range_cylinder_zb11p5_E77p5;F3NCS_0386_ood_unseen_depth_range_ellipse_zb09p6_E94p6;F3NCS_0387_ood_unseen_depth_range_ellipse_zb10p9_E15p1;F3NCS_0388_ood_unseen_depth_range_two_foci_zb12p8_E07p0;F3NCS_0389_ood_unseen_depth_range_two_foci_zb08p9_E35p1;F3NCS_0390_ood_unseen_depth_range_two_foci_zb08p6_E39p9;F3NCS_0391_ood_unseen_depth_range_ellipse_zb11p5_E49p0;F3NCS_0392_ood_unseen_depth_range_two_foci_zb09p8_E39p6;F3NCS_0393_ood_unseen_depth_range_two_foci_zb13p5_E10p5;F3NCS_0394_ood_unseen_depth_range_cylinder_zb13p1_E17p7;F3NCS_0395_ood_unseen_depth_range_ellipse_zb11p9_E19p2;F3NCS_0396_ood_unseen_depth_range_ellipse_zb12p8_E35p8;F3NCS_0397_ood_unseen_depth_range_ellipse_zb11p0_E90p4;F3NCS_0398_ood_unseen_depth_range_two_foci_zb09p3_E06p2;F3NCS_0399_ood_unseen_depth_range_two_foci_zb12p6_E13p2;F3NCS_0400_ood_unseen_depth_range_ellipse_zb13p7_E19p7;F3NCS_0401_ood_unseen_depth_range_ellipse_zb09p5_E63p3;F3NCS_0402_ood_unseen_depth_range_cylinder_zb09p7_E17p8;F3NCS_0403_ood_unseen_depth_range_cylinder_zb13p3_E13p7;F3NCS_0404_ood_unseen_depth_range_two_foci_zb08p6_E25p9;F3NCS_0405_ood_unseen_depth_range_cylinder_zb09p6_E16p6;F3NCS_0406_ood_unseen_depth_range_two_foci_zb12p7_E08p4;F3NCS_0407_ood_unseen_depth_range_two_foci_zb10p5_E11p3;F3NCS_0408_ood_unseen_depth_range_ellipse_zb12p1_E31p3;F3NCS_0409_ood_unseen_depth_range_two_foci_zb08p9_E07p6;F3NCS_0410_ood_unseen_depth_range_ellipse_zb13p0_E23p5;F3NCS_0411_ood_unseen_depth_range_two_foci_zb14p0_E48p4;F3NCS_0412_ood_unseen_depth_range_ellipse_zb12p8_E74p8;F3NCS_0413_ood_unseen_depth_range_ellipse_zb12p0_E10p1;F3NCS_0414_ood_unseen_depth_range_cylinder_zb10p0_E74p1;F3NCS_0415_ood_unseen_depth_range_two_foci_zb11p6_E74p6;F3NCS_0416_ood_unseen_depth_range_two_foci_zb10p5_E76p3;F3NCS_0417_ood_unseen_depth_range_two_foci_zb13p3_E17p8;F3NCS_0418_ood_unseen_depth_range_ellipse_zb13p8_E28p3;F3NCS_0419_ood_unseen_depth_range_ellipse_zb09p0_E16p3;F3NCS_0420_ood_unseen_depth_range_cylinder_zb13p3_E28p6;F3NCS_0421_ood_unseen_depth_range_cylinder_zb11p0_E23p8;F3NCS_0422_ood_unseen_depth_range_ellipse_zb11p4_E23p6;F3NCS_0423_ood_unseen_depth_range_ellipse_zb09p3_E11p4;F3NCS_0424_ood_unseen_depth_range_ellipse_zb11p1_E21p4;F3NCS_0425_ood_unseen_depth_range_two_foci_zb13p1_E09p6;F3NCS_0426_ood_unseen_depth_range_cylinder_zb10p6_E06p2;F3NCS_0427_ood_unseen_depth_range_ellipse_zb13p9_E58p6;F3NCS_0428_ood_unseen_depth_range_ellipse_zb10p2_E73p0;F3NCS_0429_ood_unseen_depth_range_two_foci_zb09p5_E07p0;F3NCS_0430_ood_unseen_depth_range_two_foci_zb11p3_E33p1;F3NCS_0431_ood_unseen_depth_range_cylinder_zb08p8_E06p7;F3NCS_0432_ood_unseen_depth_range_cylinder_zb09p3_E08p3;F3NCS_0433_ood_unseen_depth_range_cylinder_zb12p9_E86p3;F3NCS_0434_ood_unseen_depth_range_ellipse_zb13p9_E71p4;F3NCS_0435_ood_unseen_depth_range_cylinder_zb10p5_E25p4;F3NCS_0436_ood_unseen_depth_range_ellipse_zb11p9_E84p1;F3NCS_0437_ood_unseen_depth_range_ellipse_zb10p1_E14p8;F3NCS_0438_ood_unseen_depth_range_ellipse_zb10p1_E24p0;F3NCS_0439_ood_unseen_depth_range_ellipse_zb10p5_E33p5;F3NCS_0440_ood_unseen_depth_range_two_foci_zb12p0_E12p1;F3NCS_0441_ood_unseen_depth_range_ellipse_zb12p4_E06p2;F3NCS_0442_ood_unseen_depth_range_ellipse_zb11p7_E13p1;F3NCS_0443_ood_unseen_depth_range_ellipse_zb11p2_E14p1;F3NCS_0444_ood_unseen_depth_range_ellipse_zb10p4_E07p3;F3NCS_0445_ood_unseen_depth_range_two_foci_zb13p3_E51p9;F3NCS_0446_ood_unseen_depth_range_cylinder_zb12p2_E10p8;F3NCS_0447_ood_unseen_depth_range_two_foci_zb11p7_E11p2,method2b_512_full_comsol_colab_cuda,fig3_true_ood,1,split_role/ood_split_family,ood_unseen_depth_range,230,38,64,,,,,,,,,,,,,,,,,,
H:\My Drive\MN_simulation\outputs\rspi_joint_052026\method2b_512_five_seed_ood_full512_20260611\seed_5\posterior\rspi_posterior_metrics.csv,5,srcnn_bz_single_channel,0.1228545978665351,0.2131445533978242,13.426515212904878,0.1524579646065831,4.159709453582764,12.906650786376936,0.3147978079093865,64,F3NCS_0384_ood_unseen_depth_range_two_foci_zb11p3_E39p2;F3NCS_0385_ood_unseen_depth_range_cylinder_zb11p5_E77p5;F3NCS_0386_ood_unseen_depth_range_ellipse_zb09p6_E94p6;F3NCS_0387_ood_unseen_depth_range_ellipse_zb10p9_E15p1;F3NCS_0388_ood_unseen_depth_range_two_foci_zb12p8_E07p0;F3NCS_0389_ood_unseen_depth_range_two_foci_zb08p9_E35p1;F3NCS_0390_ood_unseen_depth_range_two_foci_zb08p6_E39p9;F3NCS_0391_ood_unseen_depth_range_ellipse_zb11p5_E49p0;F3NCS_0392_ood_unseen_depth_range_two_foci_zb09p8_E39p6;F3NCS_0393_ood_unseen_depth_range_two_foci_zb13p5_E10p5;F3NCS_0394_ood_unseen_depth_range_cylinder_zb13p1_E17p7;F3NCS_0395_ood_unseen_depth_range_ellipse_zb11p9_E19p2;F3NCS_0396_ood_unseen_depth_range_ellipse_zb12p8_E35p8;F3NCS_0397_ood_unseen_depth_range_ellipse_zb11p0_E90p4;F3NCS_0398_ood_unseen_depth_range_two_foci_zb09p3_E06p2;F3NCS_0399_ood_unseen_depth_range_two_foci_zb12p6_E13p2;F3NCS_0400_ood_unseen_depth_range_ellipse_zb13p7_E19p7;F3NCS_0401_ood_unseen_depth_range_ellipse_zb09p5_E63p3;F3NCS_0402_ood_unseen_depth_range_cylinder_zb09p7_E17p8;F3NCS_0403_ood_unseen_depth_range_cylinder_zb13p3_E13p7;F3NCS_0404_ood_unseen_depth_range_two_foci_zb08p6_E25p9;F3NCS_0405_ood_unseen_depth_range_cylinder_zb09p6_E16p6;F3NCS_0406_ood_unseen_depth_range_two_foci_zb12p7_E08p4;F3NCS_0407_ood_unseen_depth_range_two_foci_zb10p5_E11p3;F3NCS_0408_ood_unseen_depth_range_ellipse_zb12p1_E31p3;F3NCS_0409_ood_unseen_depth_range_two_foci_zb08p9_E07p6;F3NCS_0410_ood_unseen_depth_range_ellipse_zb13p0_E23p5;F3NCS_0411_ood_unseen_depth_range_two_foci_zb14p0_E48p4;F3NCS_0412_ood_unseen_depth_range_ellipse_zb12p8_E74p8;F3NCS_0413_ood_unseen_depth_range_ellipse_zb12p0_E10p1;F3NCS_0414_ood_unseen_depth_range_cylinder_zb10p0_E74p1;F3NCS_0415_ood_unseen_depth_range_two_foci_zb11p6_E74p6;F3NCS_0416_ood_unseen_depth_range_two_foci_zb10p5_E76p3;F3NCS_0417_ood_unseen_depth_range_two_foci_zb13p3_E17p8;F3NCS_0418_ood_unseen_depth_range_ellipse_zb13p8_E28p3;F3NCS_0419_ood_unseen_depth_range_ellipse_zb09p0_E16p3;F3NCS_0420_ood_unseen_depth_range_cylinder_zb13p3_E28p6;F3NCS_0421_ood_unseen_depth_range_cylinder_zb11p0_E23p8;F3NCS_0422_ood_unseen_depth_range_ellipse_zb11p4_E23p6;F3NCS_0423_ood_unseen_depth_range_ellipse_zb09p3_E11p4;F3NCS_0424_ood_unseen_depth_range_ellipse_zb11p1_E21p4;F3NCS_0425_ood_unseen_depth_range_two_foci_zb13p1_E09p6;F3NCS_0426_ood_unseen_depth_range_cylinder_zb10p6_E06p2;F3NCS_0427_ood_unseen_depth_range_ellipse_zb13p9_E58p6;F3NCS_0428_ood_unseen_depth_range_ellipse_zb10p2_E73p0;F3NCS_0429_ood_unseen_depth_range_two_foci_zb09p5_E07p0;F3NCS_0430_ood_unseen_depth_range_two_foci_zb11p3_E33p1;F3NCS_0431_ood_unseen_depth_range_cylinder_zb08p8_E06p7;F3NCS_0432_ood_unseen_depth_range_cylinder_zb09p3_E08p3;F3NCS_0433_ood_unseen_depth_range_cylinder_zb12p9_E86p3;F3NCS_0434_ood_unseen_depth_range_ellipse_zb13p9_E71p4;F3NCS_0435_ood_unseen_depth_range_cylinder_zb10p5_E25p4;F3NCS_0436_ood_unseen_depth_range_ellipse_zb11p9_E84p1;F3NCS_0437_ood_unseen_depth_range_ellipse_zb10p1_E14p8;F3NCS_0438_ood_unseen_depth_range_ellipse_zb10p1_E24p0;F3NCS_0439_ood_unseen_depth_range_ellipse_zb10p5_E33p5;F3NCS_0440_ood_unseen_depth_range_two_foci_zb12p0_E12p1;F3NCS_0441_ood_unseen_depth_range_ellipse_zb12p4_E06p2;F3NCS_0442_ood_unseen_depth_range_ellipse_zb11p7_E13p1;F3NCS_0443_ood_unseen_depth_range_ellipse_zb11p2_E14p1;F3NCS_0444_ood_unseen_depth_range_ellipse_zb10p4_E07p3;F3NCS_0445_ood_unseen_depth_range_two_foci_zb13p3_E51p9;F3NCS_0446_ood_unseen_depth_range_cylinder_zb12p2_E10p8;F3NCS_0447_ood_unseen_depth_range_two_foci_zb11p7_E11p2,method2b_512_full_comsol_colab_cuda,fig3_true_ood,1,split_role/ood_split_family,ood_unseen_depth_range,230,38,64,0.1228545904159545,0.0,0.0,0.0,0.0,0.0,0.0,0.0,0.0,,0.5,0.2113694979021962,21136949.79021962,0.0844182188680167,0.1394844055175781,0.0,,
H:\My Drive\MN_simulation\outputs\rspi_joint_052026\method2b_512_five_seed_ood_full512_20260611\seed_5\posterior\rspi_posterior_metrics.csv,5,unet_canonical_bxyz,0.0776665806770324,0.1582783649629771,16.011568894077282,0.3732222695834934,3.203991174697876,10.848031114111649,0.5455244208393417,64,F3NCS_0384_ood_unseen_depth_range_two_foci_zb11p3_E39p2;F3NCS_0385_ood_unseen_depth_range_cylinder_zb11p5_E77p5;F3NCS_0386_ood_unseen_depth_range_ellipse_zb09p6_E94p6;F3NCS_0387_ood_unseen_depth_range_ellipse_zb10p9_E15p1;F3NCS_0388_ood_unseen_depth_range_two_foci_zb12p8_E07p0;F3NCS_0389_ood_unseen_depth_range_two_foci_zb08p9_E35p1;F3NCS_0390_ood_unseen_depth_range_two_foci_zb08p6_E39p9;F3NCS_0391_ood_unseen_depth_range_ellipse_zb11p5_E49p0;F3NCS_0392_ood_unseen_depth_range_two_foci_zb09p8_E39p6;F3NCS_0393_ood_unseen_depth_range_two_foci_zb13p5_E10p5;F3NCS_0394_ood_unseen_depth_range_cylinder_zb13p1_E17p7;F3NCS_0395_ood_unseen_depth_range_ellipse_zb11p9_E19p2;F3NCS_0396_ood_unseen_depth_range_ellipse_zb12p8_E35p8;F3NCS_0397_ood_unseen_depth_range_ellipse_zb11p0_E90p4;F3NCS_0398_ood_unseen_depth_range_two_foci_zb09p3_E06p2;F3NCS_0399_ood_unseen_depth_range_two_foci_zb12p6_E13p2;F3NCS_0400_ood_unseen_depth_range_ellipse_zb13p7_E19p7;F3NCS_0401_ood_unseen_depth_range_ellipse_zb09p5_E63p3;F3NCS_0402_ood_unseen_depth_range_cylinder_zb09p7_E17p8;F3NCS_0403_ood_unseen_depth_range_cylinder_zb13p3_E13p7;F3NCS_0404_ood_unseen_depth_range_two_foci_zb08p6_E25p9;F3NCS_0405_ood_unseen_depth_range_cylinder_zb09p6_E16p6;F3NCS_0406_ood_unseen_depth_range_two_foci_zb12p7_E08p4;F3NCS_0407_ood_unseen_depth_range_two_foci_zb10p5_E11p3;F3NCS_0408_ood_unseen_depth_range_ellipse_zb12p1_E31p3;F3NCS_0409_ood_unseen_depth_range_two_foci_zb08p9_E07p6;F3NCS_0410_ood_unseen_depth_range_ellipse_zb13p0_E23p5;F3NCS_0411_ood_unseen_depth_range_two_foci_zb14p0_E48p4;F3NCS_0412_ood_unseen_depth_range_ellipse_zb12p8_E74p8;F3NCS_0413_ood_unseen_depth_range_ellipse_zb12p0_E10p1;F3NCS_0414_ood_unseen_depth_range_cylinder_zb10p0_E74p1;F3NCS_0415_ood_unseen_depth_range_two_foci_zb11p6_E74p6;F3NCS_0416_ood_unseen_depth_range_two_foci_zb10p5_E76p3;F3NCS_0417_ood_unseen_depth_range_two_foci_zb13p3_E17p8;F3NCS_0418_ood_unseen_depth_range_ellipse_zb13p8_E28p3;F3NCS_0419_ood_unseen_depth_range_ellipse_zb09p0_E16p3;F3NCS_0420_ood_unseen_depth_range_cylinder_zb13p3_E28p6;F3NCS_0421_ood_unseen_depth_range_cylinder_zb11p0_E23p8;F3NCS_0422_ood_unseen_depth_range_ellipse_zb11p4_E23p6;F3NCS_0423_ood_unseen_depth_range_ellipse_zb09p3_E11p4;F3NCS_0424_ood_unseen_depth_range_ellipse_zb11p1_E21p4;F3NCS_0425_ood_unseen_depth_range_two_foci_zb13p1_E09p6;F3NCS_0426_ood_unseen_depth_range_cylinder_zb10p6_E06p2;F3NCS_0427_ood_unseen_depth_range_ellipse_zb13p9_E58p6;F3NCS_0428_ood_unseen_depth_range_ellipse_zb10p2_E73p0;F3NCS_0429_ood_unseen_depth_range_two_foci_zb09p5_E07p0;F3NCS_0430_ood_unseen_depth_range_two_foci_zb11p3_E33p1;F3NCS_0431_ood_unseen_depth_range_cylinder_zb08p8_E06p7;F3NCS_0432_ood_unseen_depth_range_cylinder_zb09p3_E08p3;F3NCS_0433_ood_unseen_depth_range_cylinder_zb12p9_E86p3;F3NCS_0434_ood_unseen_depth_range_ellipse_zb13p9_E71p4;F3NCS_0435_ood_unseen_depth_range_cylinder_zb10p5_E25p4;F3NCS_0436_ood_unseen_depth_range_ellipse_zb11p9_E84p1;F3NCS_0437_ood_unseen_depth_range_ellipse_zb10p1_E14p8;F3NCS_0438_ood_unseen_depth_range_ellipse_zb10p1_E24p0;F3NCS_0439_ood_unseen_depth_range_ellipse_zb10p5_E33p5;F3NCS_0440_ood_unseen_depth_range_two_foci_zb12p0_E12p1;F3NCS_0441_ood_unseen_depth_range_ellipse_zb12p4_E06p2;F3NCS_0442_ood_unseen_depth_range_ellipse_zb11p7_E13p1;F3NCS_0443_ood_unseen_depth_range_ellipse_zb11p2_E14p1;F3NCS_0444_ood_unseen_depth_range_ellipse_zb10p4_E07p3;F3NCS_0445_ood_unseen_depth_range_two_foci_zb13p3_E51p9;F3NCS_0446_ood_unseen_depth_range_cylinder_zb12p2_E10p8;F3NCS_0447_ood_unseen_depth_range_two_foci_zb11p7_E11p2,method2b_512_full_comsol_colab_cuda,fig3_true_ood,1,split_role/ood_split_family,ood_unseen_depth_range,230,38,64,0.0776665806770324,0.0,0.0,0.0,0.0,0.0,0.0,0.0,0.0,,0.5,0.1568781169730558,15687811.697305577,0.0583548272917443,0.1153755187988281,0.0,,
H:\My Drive\MN_simulation\outputs\rspi_joint_052026\method2b_512_five_seed_ood_full512_20260611\seed_5\posterior\rspi_posterior_metrics.csv,5,vanilla_diffusion,0.4244295060634613,0.437310756898497,7.184196796381945,0.0506614046753384,11.860851287841797,14.75400915455906,0.2475591012655881,64,F3NCS_0384_ood_unseen_depth_range_two_foci_zb11p3_E39p2;F3NCS_0385_ood_unseen_depth_range_cylinder_zb11p5_E77p5;F3NCS_0386_ood_unseen_depth_range_ellipse_zb09p6_E94p6;F3NCS_0387_ood_unseen_depth_range_ellipse_zb10p9_E15p1;F3NCS_0388_ood_unseen_depth_range_two_foci_zb12p8_E07p0;F3NCS_0389_ood_unseen_depth_range_two_foci_zb08p9_E35p1;F3NCS_0390_ood_unseen_depth_range_two_foci_zb08p6_E39p9;F3NCS_0391_ood_unseen_depth_range_ellipse_zb11p5_E49p0;F3NCS_0392_ood_unseen_depth_range_two_foci_zb09p8_E39p6;F3NCS_0393_ood_unseen_depth_range_two_foci_zb13p5_E10p5;F3NCS_0394_ood_unseen_depth_range_cylinder_zb13p1_E17p7;F3NCS_0395_ood_unseen_depth_range_ellipse_zb11p9_E19p2;F3NCS_0396_ood_unseen_depth_range_ellipse_zb12p8_E35p8;F3NCS_0397_ood_unseen_depth_range_ellipse_zb11p0_E90p4;F3NCS_0398_ood_unseen_depth_range_two_foci_zb09p3_E06p2;F3NCS_0399_ood_unseen_depth_range_two_foci_zb12p6_E13p2;F3NCS_0400_ood_unseen_depth_range_ellipse_zb13p7_E19p7;F3NCS_0401_ood_unseen_depth_range_ellipse_zb09p5_E63p3;F3NCS_0402_ood_unseen_depth_range_cylinder_zb09p7_E17p8;F3NCS_0403_ood_unseen_depth_range_cylinder_zb13p3_E13p7;F3NCS_0404_ood_unseen_depth_range_two_foci_zb08p6_E25p9;F3NCS_0405_ood_unseen_depth_range_cylinder_zb09p6_E16p6;F3NCS_0406_ood_unseen_depth_range_two_foci_zb12p7_E08p4;F3NCS_0407_ood_unseen_depth_range_two_foci_zb10p5_E11p3;F3NCS_0408_ood_unseen_depth_range_ellipse_zb12p1_E31p3;F3NCS_0409_ood_unseen_depth_range_two_foci_zb08p9_E07p6;F3NCS_0410_ood_unseen_depth_range_ellipse_zb13p0_E23p5;F3NCS_0411_ood_unseen_depth_range_two_foci_zb14p0_E48p4;F3NCS_0412_ood_unseen_depth_range_ellipse_zb12p8_E74p8;F3NCS_0413_ood_unseen_depth_range_ellipse_zb12p0_E10p1;F3NCS_0414_ood_unseen_depth_range_cylinder_zb10p0_E74p1;F3NCS_0415_ood_unseen_depth_range_two_foci_zb11p6_E74p6;F3NCS_0416_ood_unseen_depth_range_two_foci_zb10p5_E76p3;F3NCS_0417_ood_unseen_depth_range_two_foci_zb13p3_E17p8;F3NCS_0418_ood_unseen_depth_range_ellipse_zb13p8_E28p3;F3NCS_0419_ood_unseen_depth_range_ellipse_zb09p0_E16p3;F3NCS_0420_ood_unseen_depth_range_cylinder_zb13p3_E28p6;F3NCS_0421_ood_unseen_depth_range_cylinder_zb11p0_E23p8;F3NCS_0422_ood_unseen_depth_range_ellipse_zb11p4_E23p6;F3NCS_0423_ood_unseen_depth_range_ellipse_zb09p3_E11p4;F3NCS_0424_ood_unseen_depth_range_ellipse_zb11p1_E21p4;F3NCS_0425_ood_unseen_depth_range_two_foci_zb13p1_E09p6;F3NCS_0426_ood_unseen_depth_range_cylinder_zb10p6_E06p2;F3NCS_0427_ood_unseen_depth_range_ellipse_zb13p9_E58p6;F3NCS_0428_ood_unseen_depth_range_ellipse_zb10p2_E73p0;F3NCS_0429_ood_unseen_depth_range_two_foci_zb09p5_E07p0;F3NCS_0430_ood_unseen_depth_range_two_foci_zb11p3_E33p1;F3NCS_0431_ood_unseen_depth_range_cylinder_zb08p8_E06p7;F3NCS_0432_ood_unseen_depth_range_cylinder_zb09p3_E08p3;F3NCS_0433_ood_unseen_depth_range_cylinder_zb12p9_E86p3;F3NCS_0434_ood_unseen_depth_range_ellipse_zb13p9_E71p4;F3NCS_0435_ood_unseen_depth_range_cylinder_zb10p5_E25p4;F3NCS_0436_ood_unseen_depth_range_ellipse_zb11p9_E84p1;F3NCS_0437_ood_unseen_depth_range_ellipse_zb10p1_E14p8;F3NCS_0438_ood_unseen_depth_range_ellipse_zb10p1_E24p0;F3NCS_0439_ood_unseen_depth_range_ellipse_zb10p5_E33p5;F3NCS_0440_ood_unseen_depth_range_two_foci_zb12p0_E12p1;F3NCS_0441_ood_unseen_depth_range_ellipse_zb12p4_E06p2;F3NCS_0442_ood_unseen_depth_range_ellipse_zb11p7_E13p1;F3NCS_0443_ood_unseen_depth_range_ellipse_zb11p2_E14p1;F3NCS_0444_ood_unseen_depth_range_ellipse_zb10p4_E07p3;F3NCS_0445_ood_unseen_depth_range_two_foci_zb13p3_E51p9;F3NCS_0446_ood_unseen_depth_range_cylinder_zb12p2_E10p8;F3NCS_0447_ood_unseen_depth_range_two_foci_zb11p7_E11p2,method2b_512_full_comsol_colab_cuda,fig3_true_ood,1,split_role/ood_split_family,ood_unseen_depth_range,230,38,64,,,,,,,,,,,,,,,,0.0981510728597641,64.0,
H:\My Drive\MN_simulation\outputs\rspi_joint_052026\method2b_512_five_seed_ood_full512_20260611\seed_5\posterior\rspi_posterior_metrics.csv,5,prior_init_diffusion_unet,0.0812799781560897,0.1592806396517586,15.956740178062043,0.1954513090895488,3.232186079025269,10.887917049229316,0.5304826378361552,64,F3NCS_0384_ood_unseen_depth_range_two_foci_zb11p3_E39p2;F3NCS_0385_ood_unseen_depth_range_cylinder_zb11p5_E77p5;F3NCS_0386_ood_unseen_depth_range_ellipse_zb09p6_E94p6;F3NCS_0387_ood_unseen_depth_range_ellipse_zb10p9_E15p1;F3NCS_0388_ood_unseen_depth_range_two_foci_zb12p8_E07p0;F3NCS_0389_ood_unseen_depth_range_two_foci_zb08p9_E35p1;F3NCS_0390_ood_unseen_depth_range_two_foci_zb08p6_E39p9;F3NCS_0391_ood_unseen_depth_range_ellipse_zb11p5_E49p0;F3NCS_0392_ood_unseen_depth_range_two_foci_zb09p8_E39p6;F3NCS_0393_ood_unseen_depth_range_two_foci_zb13p5_E10p5;F3NCS_0394_ood_unseen_depth_range_cylinder_zb13p1_E17p7;F3NCS_0395_ood_unseen_depth_range_ellipse_zb11p9_E19p2;F3NCS_0396_ood_unseen_depth_range_ellipse_zb12p8_E35p8;F3NCS_0397_ood_unseen_depth_range_ellipse_zb11p0_E90p4;F3NCS_0398_ood_unseen_depth_range_two_foci_zb09p3_E06p2;F3NCS_0399_ood_unseen_depth_range_two_foci_zb12p6_E13p2;F3NCS_0400_ood_unseen_depth_range_ellipse_zb13p7_E19p7;F3NCS_0401_ood_unseen_depth_range_ellipse_zb09p5_E63p3;F3NCS_0402_ood_unseen_depth_range_cylinder_zb09p7_E17p8;F3NCS_0403_ood_unseen_depth_range_cylinder_zb13p3_E13p7;F3NCS_0404_ood_unseen_depth_range_two_foci_zb08p6_E25p9;F3NCS_0405_ood_unseen_depth_range_cylinder_zb09p6_E16p6;F3NCS_0406_ood_unseen_depth_range_two_foci_zb12p7_E08p4;F3NCS_0407_ood_unseen_depth_range_two_foci_zb10p5_E11p3;F3NCS_0408_ood_unseen_depth_range_ellipse_zb12p1_E31p3;F3NCS_0409_ood_unseen_depth_range_two_foci_zb08p9_E07p6;F3NCS_0410_ood_unseen_depth_range_ellipse_zb13p0_E23p5;F3NCS_0411_ood_unseen_depth_range_two_foci_zb14p0_E48p4;F3NCS_0412_ood_unseen_depth_range_ellipse_zb12p8_E74p8;F3NCS_0413_ood_unseen_depth_range_ellipse_zb12p0_E10p1;F3NCS_0414_ood_unseen_depth_range_cylinder_zb10p0_E74p1;F3NCS_0415_ood_unseen_depth_range_two_foci_zb11p6_E74p6;F3NCS_0416_ood_unseen_depth_range_two_foci_zb10p5_E76p3;F3NCS_0417_ood_unseen_depth_range_two_foci_zb13p3_E17p8;F3NCS_0418_ood_unseen_depth_range_ellipse_zb13p8_E28p3;F3NCS_0419_ood_unseen_depth_range_ellipse_zb09p0_E16p3;F3NCS_0420_ood_unseen_depth_range_cylinder_zb13p3_E28p6;F3NCS_0421_ood_unseen_depth_range_cylinder_zb11p0_E23p8;F3NCS_0422_ood_unseen_depth_range_ellipse_zb11p4_E23p6;F3NCS_0423_ood_unseen_depth_range_ellipse_zb09p3_E11p4;F3NCS_0424_ood_unseen_depth_range_ellipse_zb11p1_E21p4;F3NCS_0425_ood_unseen_depth_range_two_foci_zb13p1_E09p6;F3NCS_0426_ood_unseen_depth_range_cylinder_zb10p6_E06p2;F3NCS_0427_ood_unseen_depth_range_ellipse_zb13p9_E58p6;F3NCS_0428_ood_unseen_depth_range_ellipse_zb10p2_E73p0;F3NCS_0429_ood_unseen_depth_range_two_foci_zb09p5_E07p0;F3NCS_0430_ood_unseen_depth_range_two_foci_zb11p3_E33p1;F3NCS_0431_ood_unseen_depth_range_cylinder_zb08p8_E06p7;F3NCS_0432_ood_unseen_depth_range_cylinder_zb09p3_E08p3;F3NCS_0433_ood_unseen_depth_range_cylinder_zb12p9_E86p3;F3NCS_0434_ood_unseen_depth_range_ellipse_zb13p9_E71p4;F3NCS_0435_ood_unseen_depth_range_cylinder_zb10p5_E25p4;F3NCS_0436_ood_unseen_depth_range_ellipse_zb11p9_E84p1;F3NCS_0437_ood_unseen_depth_range_ellipse_zb10p1_E14p8;F3NCS_0438_ood_unseen_depth_range_ellipse_zb10p1_E24p0;F3NCS_0439_ood_unseen_depth_range_ellipse_zb10p5_E33p5;F3NCS_0440_ood_unseen_depth_range_two_foci_zb12p0_E12p1;F3NCS_0441_ood_unseen_depth_range_ellipse_zb12p4_E06p2;F3NCS_0442_ood_unseen_depth_range_ellipse_zb11p7_E13p1;F3NCS_0443_ood_unseen_depth_range_ellipse_zb11p2_E14p1;F3NCS_0444_ood_unseen_depth_range_ellipse_zb10p4_E07p3;F3NCS_0445_ood_unseen_depth_range_two_foci_zb13p3_E51p9;F3NCS_0446_ood_unseen_depth_range_cylinder_zb12p2_E10p8;F3NCS_0447_ood_unseen_depth_range_two_foci_zb11p7_E11p2,method2b_512_full_comsol_colab_cuda,fig3_true_ood,1,split_role/ood_split_family,ood_unseen_depth_range,230,38,64,0.0761850550770759,0.0038528442382812,0.01204305421561,0.0075759887695312,0.0228813514113426,0.0104942321777343,0.0291495900601148,0.0168724060058593,0.0342824645340442,0.721927127683396,0.8595000583305696,0.1224640825814213,12.212210868741602,0.011510531570495,0.1192259192466735,0.00916054751724,,
H:\My Drive\MN_simulation\outputs\rspi_joint_052026\method2b_512_five_seed_ood_full512_20260611\seed_5\posterior\rspi_posterior_metrics.csv,5,residual_likelihood_guided_diffusion,0.0813049748539924,0.1592543081890295,15.958176203724818,0.195018743048422,3.232174634933472,10.887011329379389,0.5307887195481311,64,F3NCS_0384_ood_unseen_depth_range_two_foci_zb11p3_E39p2;F3NCS_0385_ood_unseen_depth_range_cylinder_zb11p5_E77p5;F3NCS_0386_ood_unseen_depth_range_ellipse_zb09p6_E94p6;F3NCS_0387_ood_unseen_depth_range_ellipse_zb10p9_E15p1;F3NCS_0388_ood_unseen_depth_range_two_foci_zb12p8_E07p0;F3NCS_0389_ood_unseen_depth_range_two_foci_zb08p9_E35p1;F3NCS_0390_ood_unseen_depth_range_two_foci_zb08p6_E39p9;F3NCS_0391_ood_unseen_depth_range_ellipse_zb11p5_E49p0;F3NCS_0392_ood_unseen_depth_range_two_foci_zb09p8_E39p6;F3NCS_0393_ood_unseen_depth_range_two_foci_zb13p5_E10p5;F3NCS_0394_ood_unseen_depth_range_cylinder_zb13p1_E17p7;F3NCS_0395_ood_unseen_depth_range_ellipse_zb11p9_E19p2;F3NCS_0396_ood_unseen_depth_range_ellipse_zb12p8_E35p8;F3NCS_0397_ood_unseen_depth_range_ellipse_zb11p0_E90p4;F3NCS_0398_ood_unseen_depth_range_two_foci_zb09p3_E06p2;F3NCS_0399_ood_unseen_depth_range_two_foci_zb12p6_E13p2;F3NCS_0400_ood_unseen_depth_range_ellipse_zb13p7_E19p7;F3NCS_0401_ood_unseen_depth_range_ellipse_zb09p5_E63p3;F3NCS_0402_ood_unseen_depth_range_cylinder_zb09p7_E17p8;F3NCS_0403_ood_unseen_depth_range_cylinder_zb13p3_E13p7;F3NCS_0404_ood_unseen_depth_range_two_foci_zb08p6_E25p9;F3NCS_0405_ood_unseen_depth_range_cylinder_zb09p6_E16p6;F3NCS_0406_ood_unseen_depth_range_two_foci_zb12p7_E08p4;F3NCS_0407_ood_unseen_depth_range_two_foci_zb10p5_E11p3;F3NCS_0408_ood_unseen_depth_range_ellipse_zb12p1_E31p3;F3NCS_0409_ood_unseen_depth_range_two_foci_zb08p9_E07p6;F3NCS_0410_ood_unseen_depth_range_ellipse_zb13p0_E23p5;F3NCS_0411_ood_unseen_depth_range_two_foci_zb14p0_E48p4;F3NCS_0412_ood_unseen_depth_range_ellipse_zb12p8_E74p8;F3NCS_0413_ood_unseen_depth_range_ellipse_zb12p0_E10p1;F3NCS_0414_ood_unseen_depth_range_cylinder_zb10p0_E74p1;F3NCS_0415_ood_unseen_depth_range_two_foci_zb11p6_E74p6;F3NCS_0416_ood_unseen_depth_range_two_foci_zb10p5_E76p3;F3NCS_0417_ood_unseen_depth_range_two_foci_zb13p3_E17p8;F3NCS_0418_ood_unseen_depth_range_ellipse_zb13p8_E28p3;F3NCS_0419_ood_unseen_depth_range_ellipse_zb09p0_E16p3;F3NCS_0420_ood_unseen_depth_range_cylinder_zb13p3_E28p6;F3NCS_0421_ood_unseen_depth_range_cylinder_zb11p0_E23p8;F3NCS_0422_ood_unseen_depth_range_ellipse_zb11p4_E23p6;F3NCS_0423_ood_unseen_depth_range_ellipse_zb09p3_E11p4;F3NCS_0424_ood_unseen_depth_range_ellipse_zb11p1_E21p4;F3NCS_0425_ood_unseen_depth_range_two_foci_zb13p1_E09p6;F3NCS_0426_ood_unseen_depth_range_cylinder_zb10p6_E06p2;F3NCS_0427_ood_unseen_depth_range_ellipse_zb13p9_E58p6;F3NCS_0428_ood_unseen_depth_range_ellipse_zb10p2_E73p0;F3NCS_0429_ood_unseen_depth_range_two_foci_zb09p5_E07p0;F3NCS_0430_ood_unseen_depth_range_two_foci_zb11p3_E33p1;F3NCS_0431_ood_unseen_depth_range_cylinder_zb08p8_E06p7;F3NCS_0432_ood_unseen_depth_range_cylinder_zb09p3_E08p3;F3NCS_0433_ood_unseen_depth_range_cylinder_zb12p9_E86p3;F3NCS_0434_ood_unseen_depth_range_ellipse_zb13p9_E71p4;F3NCS_0435_ood_unseen_depth_range_cylinder_zb10p5_E25p4;F3NCS_0436_ood_unseen_depth_range_ellipse_zb11p9_E84p1;F3NCS_0437_ood_unseen_depth_range_ellipse_zb10p1_E14p8;F3NCS_0438_ood_unseen_depth_range_ellipse_zb10p1_E24p0;F3NCS_0439_ood_unseen_depth_range_ellipse_zb10p5_E33p5;F3NCS_0440_ood_unseen_depth_range_two_foci_zb12p0_E12p1;F3NCS_0441_ood_unseen_depth_range_ellipse_zb12p4_E06p2;F3NCS_0442_ood_unseen_depth_range_ellipse_zb11p7_E13p1;F3NCS_0443_ood_unseen_depth_range_ellipse_zb11p2_E14p1;F3NCS_0444_ood_unseen_depth_range_ellipse_zb10p4_E07p3;F3NCS_0445_ood_unseen_depth_range_two_foci_zb13p3_E51p9;F3NCS_0446_ood_unseen_depth_range_cylinder_zb12p2_E10p8;F3NCS_0447_ood_unseen_depth_range_two_foci_zb11p7_E11p2,method2b_512_full_comsol_colab_cuda,fig3_true_ood,1,split_role/ood_split_family,ood_unseen_depth_range,230,38,64,0.0762108266353607,0.0039443969726562,0.0120466677471995,0.0076446533203125,0.0228802375495433,0.0103874206542968,0.0291436221450567,0.0164070129394531,0.0342758558690547,0.7208824125085078,0.8591155119874796,0.1225419177653642,12.221307272859717,0.0114659203848622,0.1191980242729187,0.0091592967510223,,
H:\My Drive\MN_simulation\outputs\rspi_joint_052026\method2b_512_five_seed_ood_full512_20260611\seed_5\posterior\rspi_posterior_metrics.csv,5,explicit_residual_target_diffusion,0.0841980427503585,0.1600363037992646,15.915629752974104,0.2518940509762615,3.273712158203125,10.901022808838103,0.5417534470759199,64,F3NCS_0384_ood_unseen_depth_range_two_foci_zb11p3_E39p2;F3NCS_0385_ood_unseen_depth_range_cylinder_zb11p5_E77p5;F3NCS_0386_ood_unseen_depth_range_ellipse_zb09p6_E94p6;F3NCS_0387_ood_unseen_depth_range_ellipse_zb10p9_E15p1;F3NCS_0388_ood_unseen_depth_range_two_foci_zb12p8_E07p0;F3NCS_0389_ood_unseen_depth_range_two_foci_zb08p9_E35p1;F3NCS_0390_ood_unseen_depth_range_two_foci_zb08p6_E39p9;F3NCS_0391_ood_unseen_depth_range_ellipse_zb11p5_E49p0;F3NCS_0392_ood_unseen_depth_range_two_foci_zb09p8_E39p6;F3NCS_0393_ood_unseen_depth_range_two_foci_zb13p5_E10p5;F3NCS_0394_ood_unseen_depth_range_cylinder_zb13p1_E17p7;F3NCS_0395_ood_unseen_depth_range_ellipse_zb11p9_E19p2;F3NCS_0396_ood_unseen_depth_range_ellipse_zb12p8_E35p8;F3NCS_0397_ood_unseen_depth_range_ellipse_zb11p0_E90p4;F3NCS_0398_ood_unseen_depth_range_two_foci_zb09p3_E06p2;F3NCS_0399_ood_unseen_depth_range_two_foci_zb12p6_E13p2;F3NCS_0400_ood_unseen_depth_range_ellipse_zb13p7_E19p7;F3NCS_0401_ood_unseen_depth_range_ellipse_zb09p5_E63p3;F3NCS_0402_ood_unseen_depth_range_cylinder_zb09p7_E17p8;F3NCS_0403_ood_unseen_depth_range_cylinder_zb13p3_E13p7;F3NCS_0404_ood_unseen_depth_range_two_foci_zb08p6_E25p9;F3NCS_0405_ood_unseen_depth_range_cylinder_zb09p6_E16p6;F3NCS_0406_ood_unseen_depth_range_two_foci_zb12p7_E08p4;F3NCS_0407_ood_unseen_depth_range_two_foci_zb10p5_E11p3;F3NCS_0408_ood_unseen_depth_range_ellipse_zb12p1_E31p3;F3NCS_0409_ood_unseen_depth_range_two_foci_zb08p9_E07p6;F3NCS_0410_ood_unseen_depth_range_ellipse_zb13p0_E23p5;F3NCS_0411_ood_unseen_depth_range_two_foci_zb14p0_E48p4;F3NCS_0412_ood_unseen_depth_range_ellipse_zb12p8_E74p8;F3NCS_0413_ood_unseen_depth_range_ellipse_zb12p0_E10p1;F3NCS_0414_ood_unseen_depth_range_cylinder_zb10p0_E74p1;F3NCS_0415_ood_unseen_depth_range_two_foci_zb11p6_E74p6;F3NCS_0416_ood_unseen_depth_range_two_foci_zb10p5_E76p3;F3NCS_0417_ood_unseen_depth_range_two_foci_zb13p3_E17p8;F3NCS_0418_ood_unseen_depth_range_ellipse_zb13p8_E28p3;F3NCS_0419_ood_unseen_depth_range_ellipse_zb09p0_E16p3;F3NCS_0420_ood_unseen_depth_range_cylinder_zb13p3_E28p6;F3NCS_0421_ood_unseen_depth_range_cylinder_zb11p0_E23p8;F3NCS_0422_ood_unseen_depth_range_ellipse_zb11p4_E23p6;F3NCS_0423_ood_unseen_depth_range_ellipse_zb09p3_E11p4;F3NCS_0424_ood_unseen_depth_range_ellipse_zb11p1_E21p4;F3NCS_0425_ood_unseen_depth_range_two_foci_zb13p1_E09p6;F3NCS_0426_ood_unseen_depth_range_cylinder_zb10p6_E06p2;F3NCS_0427_ood_unseen_depth_range_ellipse_zb13p9_E58p6;F3NCS_0428_ood_unseen_depth_range_ellipse_zb10p2_E73p0;F3NCS_0429_ood_unseen_depth_range_two_foci_zb09p5_E07p0;F3NCS_0430_ood_unseen_depth_range_two_foci_zb11p3_E33p1;F3NCS_0431_ood_unseen_depth_range_cylinder_zb08p8_E06p7;F3NCS_0432_ood_unseen_depth_range_cylinder_zb09p3_E08p3;F3NCS_0433_ood_unseen_depth_range_cylinder_zb12p9_E86p3;F3NCS_0434_ood_unseen_depth_range_ellipse_zb13p9_E71p4;F3NCS_0435_ood_unseen_depth_range_cylinder_zb10p5_E25p4;F3NCS_0436_ood_unseen_depth_range_ellipse_zb11p9_E84p1;F3NCS_0437_ood_unseen_depth_range_ellipse_zb10p1_E14p8;F3NCS_0438_ood_unseen_depth_range_ellipse_zb10p1_E24p0;F3NCS_0439_ood_unseen_depth_range_ellipse_zb10p5_E33p5;F3NCS_0440_ood_unseen_depth_range_two_foci_zb12p0_E12p1;F3NCS_0441_ood_unseen_depth_range_ellipse_zb12p4_E06p2;F3NCS_0442_ood_unseen_depth_range_ellipse_zb11p7_E13p1;F3NCS_0443_ood_unseen_depth_range_ellipse_zb11p2_E14p1;F3NCS_0444_ood_unseen_depth_range_ellipse_zb10p4_E07p3;F3NCS_0445_ood_unseen_depth_range_two_foci_zb13p3_E51p9;F3NCS_0446_ood_unseen_depth_range_cylinder_zb12p2_E10p8;F3NCS_0447_ood_unseen_depth_range_two_foci_zb11p7_E11p2,method2b_512_full_comsol_colab_cuda,fig3_true_ood,1,split_role/ood_split_family,ood_unseen_depth_range,230,38,64,0.0595496967434883,0.6686897277832031,0.0455124899744987,0.7784690856933594,0.1083606481552124,0.8226165771484375,0.1623323410749435,0.8573493957519531,0.2174963355064392,0.7971995145868386,0.8041389631222899,0.084014791877836,1.6715191633456283,0.017747279628266,0.439353883266449,0.0620702356100082,,0.7227941155433655
H:\My Drive\MN_simulation\outputs\rspi_joint_052026\method2b_512_five_seed_ood_full512_20260611\seed_5\posterior\rspi_posterior_metrics.csv,5,train_mean_prior,0.1460379064083099,0.2254924993504597,12.937357993226668,0.0317656520346645,4.367835521697998,12.731186693471408,,32,F3NCS_0448_ood_unseen_layer_modulus_ellipse_zb07p4_E21p0;F3NCS_0449_ood_unseen_layer_modulus_ellipse_zb05p8_E54p9;F3NCS_0450_ood_unseen_layer_modulus_crescent_zb09p9_E11p6;F3NCS_0451_ood_unseen_layer_modulus_cylinder_zb09p3_E36p6;F3NCS_0452_ood_unseen_layer_modulus_two_foci_zb09p4_E11p5;F3NCS_0453_ood_unseen_layer_modulus_lobed_zb09p7_E21p6;F3NCS_0454_ood_unseen_layer_modulus_crescent_zb06p1_E76p6;F3NCS_0455_ood_unseen_layer_modulus_ellipse_zb06p0_E06p3;F3NCS_0456_ood_unseen_layer_modulus_ellipse_zb02p7_E65p7;F3NCS_0457_ood_unseen_layer_modulus_lobed_zb07p1_E19p6;F3NCS_0458_ood_unseen_layer_modulus_lobed_zb02p9_E06p6;F3NCS_0459_ood_unseen_layer_modulus_ellipse_zb09p5_E34p1;F3NCS_0460_ood_unseen_layer_modulus_two_foci_zb03p6_E86p4;F3NCS_0461_ood_unseen_layer_modulus_cylinder_zb08p2_E46p7;F3NCS_0462_ood_unseen_layer_modulus_two_foci_zb09p7_E30p7;F3NCS_0463_ood_unseen_layer_modulus_lobed_zb03p1_E09p1;F3NCS_0464_ood_unseen_layer_modulus_lobed_zb05p9_E29p2;F3NCS_0465_ood_unseen_layer_modulus_two_foci_zb03p6_E42p2;F3NCS_0466_ood_unseen_layer_modulus_two_foci_zb03p5_E33p5;F3NCS_0467_ood_unseen_layer_modulus_cylinder_zb03p5_E16p4;F3NCS_0468_ood_unseen_layer_modulus_lobed_zb04p2_E55p5;F3NCS_0469_ood_unseen_layer_modulus_ellipse_zb08p2_E21p5;F3NCS_0470_ood_unseen_layer_modulus_lobed_zb05p9_E43p7;F3NCS_0471_ood_unseen_layer_modulus_lobed_zb02p0_E78p3;F3NCS_0472_ood_unseen_layer_modulus_lobed_zb07p9_E07p2;F3NCS_0473_ood_unseen_layer_modulus_ellipse_zb05p9_E08p4;F3NCS_0474_ood_unseen_layer_modulus_cylinder_zb09p4_E22p6;F3NCS_0475_ood_unseen_layer_modulus_lobed_zb08p1_E22p1;F3NCS_0476_ood_unseen_layer_modulus_ellipse_zb05p7_E79p4;F3NCS_0477_ood_unseen_layer_modulus_ellipse_zb03p5_E10p4;F3NCS_0478_ood_unseen_layer_modulus_ellipse_zb07p1_E27p2;F3NCS_0479_ood_unseen_layer_modulus_cylinder_zb03p7_E09p1,method2b_512_full_comsol_colab_cuda,fig3_true_ood,2,split_role/ood_split_family,ood_unseen_layer_modulus,230,38,32,,,,,,,,,,,,,,,,,,
H:\My Drive\MN_simulation\outputs\rspi_joint_052026\method2b_512_five_seed_ood_full512_20260611\seed_5\posterior\rspi_posterior_metrics.csv,5,srcnn_bz_single_channel,0.1137607097625732,0.2015304425348049,13.913186829041248,0.1705735619179904,3.974709033966065,12.25204201630634,0.4114782003846494,32,F3NCS_0448_ood_unseen_layer_modulus_ellipse_zb07p4_E21p0;F3NCS_0449_ood_unseen_layer_modulus_ellipse_zb05p8_E54p9;F3NCS_0450_ood_unseen_layer_modulus_crescent_zb09p9_E11p6;F3NCS_0451_ood_unseen_layer_modulus_cylinder_zb09p3_E36p6;F3NCS_0452_ood_unseen_layer_modulus_two_foci_zb09p4_E11p5;F3NCS_0453_ood_unseen_layer_modulus_lobed_zb09p7_E21p6;F3NCS_0454_ood_unseen_layer_modulus_crescent_zb06p1_E76p6;F3NCS_0455_ood_unseen_layer_modulus_ellipse_zb06p0_E06p3;F3NCS_0456_ood_unseen_layer_modulus_ellipse_zb02p7_E65p7;F3NCS_0457_ood_unseen_layer_modulus_lobed_zb07p1_E19p6;F3NCS_0458_ood_unseen_layer_modulus_lobed_zb02p9_E06p6;F3NCS_0459_ood_unseen_layer_modulus_ellipse_zb09p5_E34p1;F3NCS_0460_ood_unseen_layer_modulus_two_foci_zb03p6_E86p4;F3NCS_0461_ood_unseen_layer_modulus_cylinder_zb08p2_E46p7;F3NCS_0462_ood_unseen_layer_modulus_two_foci_zb09p7_E30p7;F3NCS_0463_ood_unseen_layer_modulus_lobed_zb03p1_E09p1;F3NCS_0464_ood_unseen_layer_modulus_lobed_zb05p9_E29p2;F3NCS_0465_ood_unseen_layer_modulus_two_foci_zb03p6_E42p2;F3NCS_0466_ood_unseen_layer_modulus_two_foci_zb03p5_E33p5;F3NCS_0467_ood_unseen_layer_modulus_cylinder_zb03p5_E16p4;F3NCS_0468_ood_unseen_layer_modulus_lobed_zb04p2_E55p5;F3NCS_0469_ood_unseen_layer_modulus_ellipse_zb08p2_E21p5;F3NCS_0470_ood_unseen_layer_modulus_lobed_zb05p9_E43p7;F3NCS_0471_ood_unseen_layer_modulus_lobed_zb02p0_E78p3;F3NCS_0472_ood_unseen_layer_modulus_lobed_zb07p9_E07p2;F3NCS_0473_ood_unseen_layer_modulus_ellipse_zb05p9_E08p4;F3NCS_0474_ood_unseen_layer_modulus_cylinder_zb09p4_E22p6;F3NCS_0475_ood_unseen_layer_modulus_lobed_zb08p1_E22p1;F3NCS_0476_ood_unseen_layer_modulus_ellipse_zb05p7_E79p4;F3NCS_0477_ood_unseen_layer_modulus_ellipse_zb03p5_E10p4;F3NCS_0478_ood_unseen_layer_modulus_ellipse_zb07p1_E27p2;F3NCS_0479_ood_unseen_layer_modulus_cylinder_zb03p7_E09p1,method2b_512_full_comsol_colab_cuda,fig3_true_ood,2,split_role/ood_split_family,ood_unseen_layer_modulus,230,38,32,0.1137607097625732,0.0,0.0,0.0,0.0,0.0,0.0,0.0,0.0,,0.5,0.2003649947841182,20036499.478411824,0.0814846565521892,0.1459197998046875,0.0,,
H:\My Drive\MN_simulation\outputs\rspi_joint_052026\method2b_512_five_seed_ood_full512_20260611\seed_5\posterior\rspi_posterior_metrics.csv,5,unet_canonical_bxyz,0.0715071707963943,0.1499474237110832,16.48121983152317,0.3932843450456857,2.9431755542755127,9.702090197437805,0.546397872818958,32,F3NCS_0448_ood_unseen_layer_modulus_ellipse_zb07p4_E21p0;F3NCS_0449_ood_unseen_layer_modulus_ellipse_zb05p8_E54p9;F3NCS_0450_ood_unseen_layer_modulus_crescent_zb09p9_E11p6;F3NCS_0451_ood_unseen_layer_modulus_cylinder_zb09p3_E36p6;F3NCS_0452_ood_unseen_layer_modulus_two_foci_zb09p4_E11p5;F3NCS_0453_ood_unseen_layer_modulus_lobed_zb09p7_E21p6;F3NCS_0454_ood_unseen_layer_modulus_crescent_zb06p1_E76p6;F3NCS_0455_ood_unseen_layer_modulus_ellipse_zb06p0_E06p3;F3NCS_0456_ood_unseen_layer_modulus_ellipse_zb02p7_E65p7;F3NCS_0457_ood_unseen_layer_modulus_lobed_zb07p1_E19p6;F3NCS_0458_ood_unseen_layer_modulus_lobed_zb02p9_E06p6;F3NCS_0459_ood_unseen_layer_modulus_ellipse_zb09p5_E34p1;F3NCS_0460_ood_unseen_layer_modulus_two_foci_zb03p6_E86p4;F3NCS_0461_ood_unseen_layer_modulus_cylinder_zb08p2_E46p7;F3NCS_0462_ood_unseen_layer_modulus_two_foci_zb09p7_E30p7;F3NCS_0463_ood_unseen_layer_modulus_lobed_zb03p1_E09p1;F3NCS_0464_ood_unseen_layer_modulus_lobed_zb05p9_E29p2;F3NCS_0465_ood_unseen_layer_modulus_two_foci_zb03p6_E42p2;F3NCS_0466_ood_unseen_layer_modulus_two_foci_zb03p5_E33p5;F3NCS_0467_ood_unseen_layer_modulus_cylinder_zb03p5_E16p4;F3NCS_0468_ood_unseen_layer_modulus_lobed_zb04p2_E55p5;F3NCS_0469_ood_unseen_layer_modulus_ellipse_zb08p2_E21p5;F3NCS_0470_ood_unseen_layer_modulus_lobed_zb05p9_E43p7;F3NCS_0471_ood_unseen_layer_modulus_lobed_zb02p0_E78p3;F3NCS_0472_ood_unseen_layer_modulus_lobed_zb07p9_E07p2;F3NCS_0473_ood_unseen_layer_modulus_ellipse_zb05p9_E08p4;F3NCS_0474_ood_unseen_layer_modulus_cylinder_zb09p4_E22p6;F3NCS_0475_ood_unseen_layer_modulus_lobed_zb08p1_E22p1;F3NCS_0476_ood_unseen_layer_modulus_ellipse_zb05p7_E79p4;F3NCS_0477_ood_unseen_layer_modulus_ellipse_zb03p5_E10p4;F3NCS_0478_ood_unseen_layer_modulus_ellipse_zb07p1_E27p2;F3NCS_0479_ood_unseen_layer_modulus_cylinder_zb03p7_E09p1,method2b_512_full_comsol_colab_cuda,fig3_true_ood,2,split_role/ood_split_family,ood_unseen_layer_modulus,230,38,32,0.0715071707963943,0.0,0.0,0.0,0.0,0.0,0.0,0.0,0.0,,0.5,0.1478345002810158,14783450.028101588,0.0514936303867705,0.123260498046875,0.0,,
H:\My Drive\MN_simulation\outputs\rspi_joint_052026\method2b_512_five_seed_ood_full512_20260611\seed_5\posterior\rspi_posterior_metrics.csv,5,vanilla_diffusion,0.4723246693611145,0.4876838691905772,6.237232181069157,0.0470786888618022,14.193815231323242,15.941087984601694,0.2765835302668137,32,F3NCS_0448_ood_unseen_layer_modulus_ellipse_zb07p4_E21p0;F3NCS_0449_ood_unseen_layer_modulus_ellipse_zb05p8_E54p9;F3NCS_0450_ood_unseen_layer_modulus_crescent_zb09p9_E11p6;F3NCS_0451_ood_unseen_layer_modulus_cylinder_zb09p3_E36p6;F3NCS_0452_ood_unseen_layer_modulus_two_foci_zb09p4_E11p5;F3NCS_0453_ood_unseen_layer_modulus_lobed_zb09p7_E21p6;F3NCS_0454_ood_unseen_layer_modulus_crescent_zb06p1_E76p6;F3NCS_0455_ood_unseen_layer_modulus_ellipse_zb06p0_E06p3;F3NCS_0456_ood_unseen_layer_modulus_ellipse_zb02p7_E65p7;F3NCS_0457_ood_unseen_layer_modulus_lobed_zb07p1_E19p6;F3NCS_0458_ood_unseen_layer_modulus_lobed_zb02p9_E06p6;F3NCS_0459_ood_unseen_layer_modulus_ellipse_zb09p5_E34p1;F3NCS_0460_ood_unseen_layer_modulus_two_foci_zb03p6_E86p4;F3NCS_0461_ood_unseen_layer_modulus_cylinder_zb08p2_E46p7;F3NCS_0462_ood_unseen_layer_modulus_two_foci_zb09p7_E30p7;F3NCS_0463_ood_unseen_layer_modulus_lobed_zb03p1_E09p1;F3NCS_0464_ood_unseen_layer_modulus_lobed_zb05p9_E29p2;F3NCS_0465_ood_unseen_layer_modulus_two_foci_zb03p6_E42p2;F3NCS_0466_ood_unseen_layer_modulus_two_foci_zb03p5_E33p5;F3NCS_0467_ood_unseen_layer_modulus_cylinder_zb03p5_E16p4;F3NCS_0468_ood_unseen_layer_modulus_lobed_zb04p2_E55p5;F3NCS_0469_ood_unseen_layer_modulus_ellipse_zb08p2_E21p5;F3NCS_0470_ood_unseen_layer_modulus_lobed_zb05p9_E43p7;F3NCS_0471_ood_unseen_layer_modulus_lobed_zb02p0_E78p3;F3NCS_0472_ood_unseen_layer_modulus_lobed_zb07p9_E07p2;F3NCS_0473_ood_unseen_layer_modulus_ellipse_zb05p9_E08p4;F3NCS_0474_ood_unseen_layer_modulus_cylinder_zb09p4_E22p6;F3NCS_0475_ood_unseen_layer_modulus_lobed_zb08p1_E22p1;F3NCS_0476_ood_unseen_layer_modulus_ellipse_zb05p7_E79p4;F3NCS_0477_ood_unseen_layer_modulus_ellipse_zb03p5_E10p4;F3NCS_0478_ood_unseen_layer_modulus_ellipse_zb07p1_E27p2;F3NCS_0479_ood_unseen_layer_modulus_cylinder_zb03p7_E09p1,method2b_512_full_comsol_colab_cuda,fig3_true_ood,2,split_role/ood_split_family,ood_unseen_layer_modulus,230,38,32,,,,,,,,,,,,,,,,0.073845162987709,64.0,
H:\My Drive\MN_simulation\outputs\rspi_joint_052026\method2b_512_five_seed_ood_full512_20260611\seed_5\posterior\rspi_posterior_metrics.csv,5,prior_init_diffusion_unet,0.0738295093178749,0.1506206746984078,16.44230822656189,0.2580501378979534,2.969842433929444,9.735960021564589,0.5402907089748563,32,F3NCS_0448_ood_unseen_layer_modulus_ellipse_zb07p4_E21p0;F3NCS_0449_ood_unseen_layer_modulus_ellipse_zb05p8_E54p9;F3NCS_0450_ood_unseen_layer_modulus_crescent_zb09p9_E11p6;F3NCS_0451_ood_unseen_layer_modulus_cylinder_zb09p3_E36p6;F3NCS_0452_ood_unseen_layer_modulus_two_foci_zb09p4_E11p5;F3NCS_0453_ood_unseen_layer_modulus_lobed_zb09p7_E21p6;F3NCS_0454_ood_unseen_layer_modulus_crescent_zb06p1_E76p6;F3NCS_0455_ood_unseen_layer_modulus_ellipse_zb06p0_E06p3;F3NCS_0456_ood_unseen_layer_modulus_ellipse_zb02p7_E65p7;F3NCS_0457_ood_unseen_layer_modulus_lobed_zb07p1_E19p6;F3NCS_0458_ood_unseen_layer_modulus_lobed_zb02p9_E06p6;F3NCS_0459_ood_unseen_layer_modulus_ellipse_zb09p5_E34p1;F3NCS_0460_ood_unseen_layer_modulus_two_foci_zb03p6_E86p4;F3NCS_0461_ood_unseen_layer_modulus_cylinder_zb08p2_E46p7;F3NCS_0462_ood_unseen_layer_modulus_two_foci_zb09p7_E30p7;F3NCS_0463_ood_unseen_layer_modulus_lobed_zb03p1_E09p1;F3NCS_0464_ood_unseen_layer_modulus_lobed_zb05p9_E29p2;F3NCS_0465_ood_unseen_layer_modulus_two_foci_zb03p6_E42p2;F3NCS_0466_ood_unseen_layer_modulus_two_foci_zb03p5_E33p5;F3NCS_0467_ood_unseen_layer_modulus_cylinder_zb03p5_E16p4;F3NCS_0468_ood_unseen_layer_modulus_lobed_zb04p2_E55p5;F3NCS_0469_ood_unseen_layer_modulus_ellipse_zb08p2_E21p5;F3NCS_0470_ood_unseen_layer_modulus_lobed_zb05p9_E43p7;F3NCS_0471_ood_unseen_layer_modulus_lobed_zb02p0_E78p3;F3NCS_0472_ood_unseen_layer_modulus_lobed_zb07p9_E07p2;F3NCS_0473_ood_unseen_layer_modulus_ellipse_zb05p9_E08p4;F3NCS_0474_ood_unseen_layer_modulus_cylinder_zb09p4_E22p6;F3NCS_0475_ood_unseen_layer_modulus_lobed_zb08p1_E22p1;F3NCS_0476_ood_unseen_layer_modulus_ellipse_zb05p7_E79p4;F3NCS_0477_ood_unseen_layer_modulus_ellipse_zb03p5_E10p4;F3NCS_0478_ood_unseen_layer_modulus_ellipse_zb07p1_E27p2;F3NCS_0479_ood_unseen_layer_modulus_cylinder_zb03p7_E09p1,method2b_512_full_comsol_colab_cuda,fig3_true_ood,2,split_role/ood_split_family,ood_unseen_layer_modulus,230,38,32,0.0690144076943397,0.0102005004882812,0.0115371886640787,0.0227203369140625,0.021708320826292,0.0311660766601562,0.0274950582534074,0.049560546875,0.032184712588787,0.6514398288253077,0.8755052063565898,0.1074628886839094,10.828361508549545,0.0091020388500408,0.1318141222000122,0.0086554363369941,,
H:\My Drive\MN_simulation\outputs\rspi_joint_052026\method2b_512_five_seed_ood_full512_20260611\seed_5\posterior\rspi_posterior_metrics.csv,5,residual_likelihood_guided_diffusion,0.0738578587770462,0.1506156785640957,16.442596344983098,0.2572151403874159,2.97011137008667,9.73657436843826,0.539996423673646,32,F3NCS_0448_ood_unseen_layer_modulus_ellipse_zb07p4_E21p0;F3NCS_0449_ood_unseen_layer_modulus_ellipse_zb05p8_E54p9;F3NCS_0450_ood_unseen_layer_modulus_crescent_zb09p9_E11p6;F3NCS_0451_ood_unseen_layer_modulus_cylinder_zb09p3_E36p6;F3NCS_0452_ood_unseen_layer_modulus_two_foci_zb09p4_E11p5;F3NCS_0453_ood_unseen_layer_modulus_lobed_zb09p7_E21p6;F3NCS_0454_ood_unseen_layer_modulus_crescent_zb06p1_E76p6;F3NCS_0455_ood_unseen_layer_modulus_ellipse_zb06p0_E06p3;F3NCS_0456_ood_unseen_layer_modulus_ellipse_zb02p7_E65p7;F3NCS_0457_ood_unseen_layer_modulus_lobed_zb07p1_E19p6;F3NCS_0458_ood_unseen_layer_modulus_lobed_zb02p9_E06p6;F3NCS_0459_ood_unseen_layer_modulus_ellipse_zb09p5_E34p1;F3NCS_0460_ood_unseen_layer_modulus_two_foci_zb03p6_E86p4;F3NCS_0461_ood_unseen_layer_modulus_cylinder_zb08p2_E46p7;F3NCS_0462_ood_unseen_layer_modulus_two_foci_zb09p7_E30p7;F3NCS_0463_ood_unseen_layer_modulus_lobed_zb03p1_E09p1;F3NCS_0464_ood_unseen_layer_modulus_lobed_zb05p9_E29p2;F3NCS_0465_ood_unseen_layer_modulus_two_foci_zb03p6_E42p2;F3NCS_0466_ood_unseen_layer_modulus_two_foci_zb03p5_E33p5;F3NCS_0467_ood_unseen_layer_modulus_cylinder_zb03p5_E16p4;F3NCS_0468_ood_unseen_layer_modulus_lobed_zb04p2_E55p5;F3NCS_0469_ood_unseen_layer_modulus_ellipse_zb08p2_E21p5;F3NCS_0470_ood_unseen_layer_modulus_lobed_zb05p9_E43p7;F3NCS_0471_ood_unseen_layer_modulus_lobed_zb02p0_E78p3;F3NCS_0472_ood_unseen_layer_modulus_lobed_zb07p9_E07p2;F3NCS_0473_ood_unseen_layer_modulus_ellipse_zb05p9_E08p4;F3NCS_0474_ood_unseen_layer_modulus_cylinder_zb09p4_E22p6;F3NCS_0475_ood_unseen_layer_modulus_lobed_zb08p1_E22p1;F3NCS_0476_ood_unseen_layer_modulus_ellipse_zb05p7_E79p4;F3NCS_0477_ood_unseen_layer_modulus_ellipse_zb03p5_E10p4;F3NCS_0478_ood_unseen_layer_modulus_ellipse_zb07p1_E27p2;F3NCS_0479_ood_unseen_layer_modulus_cylinder_zb03p7_E09p1,method2b_512_full_comsol_colab_cuda,fig3_true_ood,2,split_role/ood_split_family,ood_unseen_layer_modulus,230,38,32,0.069053515791893,0.0098495483398437,0.0115080596879124,0.0225677490234375,0.0216598138213157,0.030792236328125,0.0274334419518709,0.048431396484375,0.0321072489023208,0.6468447868131748,0.8733582808741751,0.1081731858680848,10.999682345704176,0.0092901375197214,0.1316784620285034,0.0086340047419071,,
H:\My Drive\MN_simulation\outputs\rspi_joint_052026\method2b_512_five_seed_ood_full512_20260611\seed_5\posterior\rspi_posterior_metrics.csv,5,explicit_residual_target_diffusion,0.0712864026427269,0.1529909471610484,16.30668533323246,0.3858516858890652,2.984317779541016,10.021843513651037,0.5508509751078076,32,F3NCS_0448_ood_unseen_layer_modulus_ellipse_zb07p4_E21p0;F3NCS_0449_ood_unseen_layer_modulus_ellipse_zb05p8_E54p9;F3NCS_0450_ood_unseen_layer_modulus_crescent_zb09p9_E11p6;F3NCS_0451_ood_unseen_layer_modulus_cylinder_zb09p3_E36p6;F3NCS_0452_ood_unseen_layer_modulus_two_foci_zb09p4_E11p5;F3NCS_0453_ood_unseen_layer_modulus_lobed_zb09p7_E21p6;F3NCS_0454_ood_unseen_layer_modulus_crescent_zb06p1_E76p6;F3NCS_0455_ood_unseen_layer_modulus_ellipse_zb06p0_E06p3;F3NCS_0456_ood_unseen_layer_modulus_ellipse_zb02p7_E65p7;F3NCS_0457_ood_unseen_layer_modulus_lobed_zb07p1_E19p6;F3NCS_0458_ood_unseen_layer_modulus_lobed_zb02p9_E06p6;F3NCS_0459_ood_unseen_layer_modulus_ellipse_zb09p5_E34p1;F3NCS_0460_ood_unseen_layer_modulus_two_foci_zb03p6_E86p4;F3NCS_0461_ood_unseen_layer_modulus_cylinder_zb08p2_E46p7;F3NCS_0462_ood_unseen_layer_modulus_two_foci_zb09p7_E30p7;F3NCS_0463_ood_unseen_layer_modulus_lobed_zb03p1_E09p1;F3NCS_0464_ood_unseen_layer_modulus_lobed_zb05p9_E29p2;F3NCS_0465_ood_unseen_layer_modulus_two_foci_zb03p6_E42p2;F3NCS_0466_ood_unseen_layer_modulus_two_foci_zb03p5_E33p5;F3NCS_0467_ood_unseen_layer_modulus_cylinder_zb03p5_E16p4;F3NCS_0468_ood_unseen_layer_modulus_lobed_zb04p2_E55p5;F3NCS_0469_ood_unseen_layer_modulus_ellipse_zb08p2_E21p5;F3NCS_0470_ood_unseen_layer_modulus_lobed_zb05p9_E43p7;F3NCS_0471_ood_unseen_layer_modulus_lobed_zb02p0_E78p3;F3NCS_0472_ood_unseen_layer_modulus_lobed_zb07p9_E07p2;F3NCS_0473_ood_unseen_layer_modulus_ellipse_zb05p9_E08p4;F3NCS_0474_ood_unseen_layer_modulus_cylinder_zb09p4_E22p6;F3NCS_0475_ood_unseen_layer_modulus_lobed_zb08p1_E22p1;F3NCS_0476_ood_unseen_layer_modulus_ellipse_zb05p7_E79p4;F3NCS_0477_ood_unseen_layer_modulus_ellipse_zb03p5_E10p4;F3NCS_0478_ood_unseen_layer_modulus_ellipse_zb07p1_E27p2;F3NCS_0479_ood_unseen_layer_modulus_cylinder_zb03p7_E09p1,method2b_512_full_comsol_colab_cuda,fig3_true_ood,2,split_role/ood_split_family,ood_unseen_layer_modulus,230,38,32,0.0513400137424469,0.7369461059570312,0.0290496014058589,0.8192825317382812,0.0814000070095062,0.858642578125,0.1379756778478622,0.8904800415039062,0.1980475038290023,0.8574030484843953,0.8545876254541154,0.0728909650258349,1.699711856863204,0.0116659496186479,0.6298822164535522,0.0578187592327594,,0.7554484009742737
H:\My Drive\MN_simulation\outputs\rspi_joint_052026\method2b_512_five_seed_ood_full512_20260611\seed_5\posterior\rspi_posterior_metrics.csv,5,train_mean_prior,0.1387180089950561,0.2099162830506646,13.559077444190562,0.0306947253411635,3.739305257797241,10.71926353714697,,32,F3NCS_0480_ood_unseen_operator_noise_lobed_zb10p0_E66p7;F3NCS_0481_ood_unseen_operator_noise_ellipse_zb05p4_E11p5;F3NCS_0482_ood_unseen_operator_noise_lobed_zb01p7_E06p9;F3NCS_0483_ood_unseen_operator_noise_lobed_zb08p7_E31p8;F3NCS_0484_ood_unseen_operator_noise_cylinder_zb10p1_E08p6;F3NCS_0485_ood_unseen_operator_noise_two_foci_zb07p5_E25p6;F3NCS_0486_ood_unseen_operator_noise_cylinder_zb04p8_E14p8;F3NCS_0487_ood_unseen_operator_noise_two_foci_zb04p8_E08p4;F3NCS_0488_ood_unseen_operator_noise_ellipse_zb02p0_E51p8;F3NCS_0489_ood_unseen_operator_noise_two_foci_zb07p5_E23p2;F3NCS_0490_ood_unseen_operator_noise_crescent_zb05p7_E09p8;F3NCS_0491_ood_unseen_operator_noise_two_foci_zb01p9_E52p0;F3NCS_0492_ood_unseen_operator_noise_two_foci_zb05p8_E11p8;F3NCS_0493_ood_unseen_operator_noise_two_foci_zb02p7_E17p6;F3NCS_0494_ood_unseen_operator_noise_cylinder_zb03p5_E15p1;F3NCS_0495_ood_unseen_operator_noise_ellipse_zb11p4_E39p6;F3NCS_0496_ood_unseen_operator_noise_two_foci_zb05p4_E16p3;F3NCS_0497_ood_unseen_operator_noise_two_foci_zb06p2_E23p1;F3NCS_0498_ood_unseen_operator_noise_crescent_zb04p0_E08p5;F3NCS_0499_ood_unseen_operator_noise_lobed_zb01p5_E71p0;F3NCS_0500_ood_unseen_operator_noise_cylinder_zb02p3_E45p6;F3NCS_0501_ood_unseen_operator_noise_two_foci_zb09p3_E50p3;F3NCS_0502_ood_unseen_operator_noise_cylinder_zb11p5_E11p1;F3NCS_0503_ood_unseen_operator_noise_two_foci_zb07p9_E32p0;F3NCS_0504_ood_unseen_operator_noise_crescent_zb10p9_E39p6;F3NCS_0505_ood_unseen_operator_noise_lobed_zb06p3_E74p2;F3NCS_0506_ood_unseen_operator_noise_lobed_zb06p9_E36p9;F3NCS_0507_ood_unseen_operator_noise_ellipse_zb01p4_E08p8;F3NCS_0508_ood_unseen_operator_noise_two_foci_zb03p5_E13p6;F3NCS_0509_ood_unseen_operator_noise_crescent_zb11p1_E35p5;F3NCS_0510_ood_unseen_operator_noise_ellipse_zb02p7_E08p0;F3NCS_0511_ood_unseen_operator_noise_crescent_zb08p1_E09p7,method2b_512_full_comsol_colab_cuda,fig3_true_ood,3,split_role/ood_split_family,ood_unseen_operator_noise,230,38,32,,,,,,,,,,,,,,,,,,
H:\My Drive\MN_simulation\outputs\rspi_joint_052026\method2b_512_five_seed_ood_full512_20260611\seed_5\posterior\rspi_posterior_metrics.csv,5,srcnn_bz_single_channel,0.1137795895338058,0.1913774916395095,14.362182839185673,0.1449554881546646,3.4481773376464844,10.174879248650049,0.3717932785347146,32,F3NCS_0480_ood_unseen_operator_noise_lobed_zb10p0_E66p7;F3NCS_0481_ood_unseen_operator_noise_ellipse_zb05p4_E11p5;F3NCS_0482_ood_unseen_operator_noise_lobed_zb01p7_E06p9;F3NCS_0483_ood_unseen_operator_noise_lobed_zb08p7_E31p8;F3NCS_0484_ood_unseen_operator_noise_cylinder_zb10p1_E08p6;F3NCS_0485_ood_unseen_operator_noise_two_foci_zb07p5_E25p6;F3NCS_0486_ood_unseen_operator_noise_cylinder_zb04p8_E14p8;F3NCS_0487_ood_unseen_operator_noise_two_foci_zb04p8_E08p4;F3NCS_0488_ood_unseen_operator_noise_ellipse_zb02p0_E51p8;F3NCS_0489_ood_unseen_operator_noise_two_foci_zb07p5_E23p2;F3NCS_0490_ood_unseen_operator_noise_crescent_zb05p7_E09p8;F3NCS_0491_ood_unseen_operator_noise_two_foci_zb01p9_E52p0;F3NCS_0492_ood_unseen_operator_noise_two_foci_zb05p8_E11p8;F3NCS_0493_ood_unseen_operator_noise_two_foci_zb02p7_E17p6;F3NCS_0494_ood_unseen_operator_noise_cylinder_zb03p5_E15p1;F3NCS_0495_ood_unseen_operator_noise_ellipse_zb11p4_E39p6;F3NCS_0496_ood_unseen_operator_noise_two_foci_zb05p4_E16p3;F3NCS_0497_ood_unseen_operator_noise_two_foci_zb06p2_E23p1;F3NCS_0498_ood_unseen_operator_noise_crescent_zb04p0_E08p5;F3NCS_0499_ood_unseen_operator_noise_lobed_zb01p5_E71p0;F3NCS_0500_ood_unseen_operator_noise_cylinder_zb02p3_E45p6;F3NCS_0501_ood_unseen_operator_noise_two_foci_zb09p3_E50p3;F3NCS_0502_ood_unseen_operator_noise_cylinder_zb11p5_E11p1;F3NCS_0503_ood_unseen_operator_noise_two_foci_zb07p9_E32p0;F3NCS_0504_ood_unseen_operator_noise_crescent_zb10p9_E39p6;F3NCS_0505_ood_unseen_operator_noise_lobed_zb06p3_E74p2;F3NCS_0506_ood_unseen_operator_noise_lobed_zb06p9_E36p9;F3NCS_0507_ood_unseen_operator_noise_ellipse_zb01p4_E08p8;F3NCS_0508_ood_unseen_operator_noise_two_foci_zb03p5_E13p6;F3NCS_0509_ood_unseen_operator_noise_crescent_zb11p1_E35p5;F3NCS_0510_ood_unseen_operator_noise_ellipse_zb02p7_E08p0;F3NCS_0511_ood_unseen_operator_noise_crescent_zb08p1_E09p7,method2b_512_full_comsol_colab_cuda,fig3_true_ood,3,split_role/ood_split_family,ood_unseen_operator_noise,230,38,32,0.1137795746326446,0.0,0.0,0.0,0.0,0.0,0.0,0.0,0.0,,0.5,0.1884254640733001,18842546.40733001,0.0804594052327959,0.13458251953125,0.0,,
H:\My Drive\MN_simulation\outputs\rspi_joint_052026\method2b_512_five_seed_ood_full512_20260611\seed_5\posterior\rspi_posterior_metrics.csv,5,unet_canonical_bxyz,0.0702155381441116,0.1463759911431945,16.690603024172944,0.3853553961962461,2.5489041805267334,8.195689524513881,0.536695755480334,32,F3NCS_0480_ood_unseen_operator_noise_lobed_zb10p0_E66p7;F3NCS_0481_ood_unseen_operator_noise_ellipse_zb05p4_E11p5;F3NCS_0482_ood_unseen_operator_noise_lobed_zb01p7_E06p9;F3NCS_0483_ood_unseen_operator_noise_lobed_zb08p7_E31p8;F3NCS_0484_ood_unseen_operator_noise_cylinder_zb10p1_E08p6;F3NCS_0485_ood_unseen_operator_noise_two_foci_zb07p5_E25p6;F3NCS_0486_ood_unseen_operator_noise_cylinder_zb04p8_E14p8;F3NCS_0487_ood_unseen_operator_noise_two_foci_zb04p8_E08p4;F3NCS_0488_ood_unseen_operator_noise_ellipse_zb02p0_E51p8;F3NCS_0489_ood_unseen_operator_noise_two_foci_zb07p5_E23p2;F3NCS_0490_ood_unseen_operator_noise_crescent_zb05p7_E09p8;F3NCS_0491_ood_unseen_operator_noise_two_foci_zb01p9_E52p0;F3NCS_0492_ood_unseen_operator_noise_two_foci_zb05p8_E11p8;F3NCS_0493_ood_unseen_operator_noise_two_foci_zb02p7_E17p6;F3NCS_0494_ood_unseen_operator_noise_cylinder_zb03p5_E15p1;F3NCS_0495_ood_unseen_operator_noise_ellipse_zb11p4_E39p6;F3NCS_0496_ood_unseen_operator_noise_two_foci_zb05p4_E16p3;F3NCS_0497_ood_unseen_operator_noise_two_foci_zb06p2_E23p1;F3NCS_0498_ood_unseen_operator_noise_crescent_zb04p0_E08p5;F3NCS_0499_ood_unseen_operator_noise_lobed_zb01p5_E71p0;F3NCS_0500_ood_unseen_operator_noise_cylinder_zb02p3_E45p6;F3NCS_0501_ood_unseen_operator_noise_two_foci_zb09p3_E50p3;F3NCS_0502_ood_unseen_operator_noise_cylinder_zb11p5_E11p1;F3NCS_0503_ood_unseen_operator_noise_two_foci_zb07p9_E32p0;F3NCS_0504_ood_unseen_operator_noise_crescent_zb10p9_E39p6;F3NCS_0505_ood_unseen_operator_noise_lobed_zb06p3_E74p2;F3NCS_0506_ood_unseen_operator_noise_lobed_zb06p9_E36p9;F3NCS_0507_ood_unseen_operator_noise_ellipse_zb01p4_E08p8;F3NCS_0508_ood_unseen_operator_noise_two_foci_zb03p5_E13p6;F3NCS_0509_ood_unseen_operator_noise_crescent_zb11p1_E35p5;F3NCS_0510_ood_unseen_operator_noise_ellipse_zb02p7_E08p0;F3NCS_0511_ood_unseen_operator_noise_crescent_zb08p1_E09p7,method2b_512_full_comsol_colab_cuda,fig3_true_ood,3,split_role/ood_split_family,ood_unseen_operator_noise,230,38,32,0.0702155381441116,0.0,0.0,0.0,0.0,0.0,0.0,0.0,0.0,,0.5,0.1447612523075594,14476125.230755944,0.0539478494630533,0.1151809692382812,0.0,,
H:\My Drive\MN_simulation\outputs\rspi_joint_052026\method2b_512_five_seed_ood_full512_20260611\seed_5\posterior\rspi_posterior_metrics.csv,5,vanilla_diffusion,0.4407484829425812,0.454372497457253,6.851759274991328,0.0428491262136958,12.091346740722656,13.582507586197092,0.25231696861225,32,F3NCS_0480_ood_unseen_operator_noise_lobed_zb10p0_E66p7;F3NCS_0481_ood_unseen_operator_noise_ellipse_zb05p4_E11p5;F3NCS_0482_ood_unseen_operator_noise_lobed_zb01p7_E06p9;F3NCS_0483_ood_unseen_operator_noise_lobed_zb08p7_E31p8;F3NCS_0484_ood_unseen_operator_noise_cylinder_zb10p1_E08p6;F3NCS_0485_ood_unseen_operator_noise_two_foci_zb07p5_E25p6;F3NCS_0486_ood_unseen_operator_noise_cylinder_zb04p8_E14p8;F3NCS_0487_ood_unseen_operator_noise_two_foci_zb04p8_E08p4;F3NCS_0488_ood_unseen_operator_noise_ellipse_zb02p0_E51p8;F3NCS_0489_ood_unseen_operator_noise_two_foci_zb07p5_E23p2;F3NCS_0490_ood_unseen_operator_noise_crescent_zb05p7_E09p8;F3NCS_0491_ood_unseen_operator_noise_two_foci_zb01p9_E52p0;F3NCS_0492_ood_unseen_operator_noise_two_foci_zb05p8_E11p8;F3NCS_0493_ood_unseen_operator_noise_two_foci_zb02p7_E17p6;F3NCS_0494_ood_unseen_operator_noise_cylinder_zb03p5_E15p1;F3NCS_0495_ood_unseen_operator_noise_ellipse_zb11p4_E39p6;F3NCS_0496_ood_unseen_operator_noise_two_foci_zb05p4_E16p3;F3NCS_0497_ood_unseen_operator_noise_two_foci_zb06p2_E23p1;F3NCS_0498_ood_unseen_operator_noise_crescent_zb04p0_E08p5;F3NCS_0499_ood_unseen_operator_noise_lobed_zb01p5_E71p0;F3NCS_0500_ood_unseen_operator_noise_cylinder_zb02p3_E45p6;F3NCS_0501_ood_unseen_operator_noise_two_foci_zb09p3_E50p3;F3NCS_0502_ood_unseen_operator_noise_cylinder_zb11p5_E11p1;F3NCS_0503_ood_unseen_operator_noise_two_foci_zb07p9_E32p0;F3NCS_0504_ood_unseen_operator_noise_crescent_zb10p9_E39p6;F3NCS_0505_ood_unseen_operator_noise_lobed_zb06p3_E74p2;F3NCS_0506_ood_unseen_operator_noise_lobed_zb06p9_E36p9;F3NCS_0507_ood_unseen_operator_noise_ellipse_zb01p4_E08p8;F3NCS_0508_ood_unseen_operator_noise_two_foci_zb03p5_E13p6;F3NCS_0509_ood_unseen_operator_noise_crescent_zb11p1_E35p5;F3NCS_0510_ood_unseen_operator_noise_ellipse_zb02p7_E08p0;F3NCS_0511_ood_unseen_operator_noise_crescent_zb08p1_E09p7,method2b_512_full_comsol_colab_cuda,fig3_true_ood,3,split_role/ood_split_family,ood_unseen_operator_noise,230,38,32,,,,,,,,,,,,,,,,0.0862331613898277,64.0,
H:\My Drive\MN_simulation\outputs\rspi_joint_052026\method2b_512_five_seed_ood_full512_20260611\seed_5\posterior\rspi_posterior_metrics.csv,5,prior_init_diffusion_unet,0.0711280778050422,0.1470342868081876,16.651627613158553,0.2815445128362626,2.5597827434539795,8.235228289813923,0.5206510096841138,32,F3NCS_0480_ood_unseen_operator_noise_lobed_zb10p0_E66p7;F3NCS_0481_ood_unseen_operator_noise_ellipse_zb05p4_E11p5;F3NCS_0482_ood_unseen_operator_noise_lobed_zb01p7_E06p9;F3NCS_0483_ood_unseen_operator_noise_lobed_zb08p7_E31p8;F3NCS_0484_ood_unseen_operator_noise_cylinder_zb10p1_E08p6;F3NCS_0485_ood_unseen_operator_noise_two_foci_zb07p5_E25p6;F3NCS_0486_ood_unseen_operator_noise_cylinder_zb04p8_E14p8;F3NCS_0487_ood_unseen_operator_noise_two_foci_zb04p8_E08p4;F3NCS_0488_ood_unseen_operator_noise_ellipse_zb02p0_E51p8;F3NCS_0489_ood_unseen_operator_noise_two_foci_zb07p5_E23p2;F3NCS_0490_ood_unseen_operator_noise_crescent_zb05p7_E09p8;F3NCS_0491_ood_unseen_operator_noise_two_foci_zb01p9_E52p0;F3NCS_0492_ood_unseen_operator_noise_two_foci_zb05p8_E11p8;F3NCS_0493_ood_unseen_operator_noise_two_foci_zb02p7_E17p6;F3NCS_0494_ood_unseen_operator_noise_cylinder_zb03p5_E15p1;F3NCS_0495_ood_unseen_operator_noise_ellipse_zb11p4_E39p6;F3NCS_0496_ood_unseen_operator_noise_two_foci_zb05p4_E16p3;F3NCS_0497_ood_unseen_operator_noise_two_foci_zb06p2_E23p1;F3NCS_0498_ood_unseen_operator_noise_crescent_zb04p0_E08p5;F3NCS_0499_ood_unseen_operator_noise_lobed_zb01p5_E71p0;F3NCS_0500_ood_unseen_operator_noise_cylinder_zb02p3_E45p6;F3NCS_0501_ood_unseen_operator_noise_two_foci_zb09p3_E50p3;F3NCS_0502_ood_unseen_operator_noise_cylinder_zb11p5_E11p1;F3NCS_0503_ood_unseen_operator_noise_two_foci_zb07p9_E32p0;F3NCS_0504_ood_unseen_operator_noise_crescent_zb10p9_E39p6;F3NCS_0505_ood_unseen_operator_noise_lobed_zb06p3_E74p2;F3NCS_0506_ood_unseen_operator_noise_lobed_zb06p9_E36p9;F3NCS_0507_ood_unseen_operator_noise_ellipse_zb01p4_E08p8;F3NCS_0508_ood_unseen_operator_noise_two_foci_zb03p5_E13p6;F3NCS_0509_ood_unseen_operator_noise_crescent_zb11p1_E35p5;F3NCS_0510_ood_unseen_operator_noise_ellipse_zb02p7_E08p0;F3NCS_0511_ood_unseen_operator_noise_crescent_zb08p1_E09p7,method2b_512_full_comsol_colab_cuda,fig3_true_ood,3,split_role/ood_split_family,ood_unseen_operator_noise,230,38,32,0.0664535462856292,0.0045928955078125,0.0111255310475826,0.0132980346679687,0.0210894681513309,0.0242691040039062,0.0268152952194213,0.048126220703125,0.0314781032502651,0.6109065796078663,0.8332589270678122,0.1158931371214614,13.423955230037649,0.0127556153984022,0.1221901178359985,0.0084436563774943,,
H:\My Drive\MN_simulation\outputs\rspi_joint_052026\method2b_512_five_seed_ood_full512_20260611\seed_5\posterior\rspi_posterior_metrics.csv,5,residual_likelihood_guided_diffusion,0.071149356663227,0.1470169748294377,16.65265035957477,0.2808204975444823,2.5602927207946777,8.236182924600477,0.5206820210543407,32,F3NCS_0480_ood_unseen_operator_noise_lobed_zb10p0_E66p7;F3NCS_0481_ood_unseen_operator_noise_ellipse_zb05p4_E11p5;F3NCS_0482_ood_unseen_operator_noise_lobed_zb01p7_E06p9;F3NCS_0483_ood_unseen_operator_noise_lobed_zb08p7_E31p8;F3NCS_0484_ood_unseen_operator_noise_cylinder_zb10p1_E08p6;F3NCS_0485_ood_unseen_operator_noise_two_foci_zb07p5_E25p6;F3NCS_0486_ood_unseen_operator_noise_cylinder_zb04p8_E14p8;F3NCS_0487_ood_unseen_operator_noise_two_foci_zb04p8_E08p4;F3NCS_0488_ood_unseen_operator_noise_ellipse_zb02p0_E51p8;F3NCS_0489_ood_unseen_operator_noise_two_foci_zb07p5_E23p2;F3NCS_0490_ood_unseen_operator_noise_crescent_zb05p7_E09p8;F3NCS_0491_ood_unseen_operator_noise_two_foci_zb01p9_E52p0;F3NCS_0492_ood_unseen_operator_noise_two_foci_zb05p8_E11p8;F3NCS_0493_ood_unseen_operator_noise_two_foci_zb02p7_E17p6;F3NCS_0494_ood_unseen_operator_noise_cylinder_zb03p5_E15p1;F3NCS_0495_ood_unseen_operator_noise_ellipse_zb11p4_E39p6;F3NCS_0496_ood_unseen_operator_noise_two_foci_zb05p4_E16p3;F3NCS_0497_ood_unseen_operator_noise_two_foci_zb06p2_E23p1;F3NCS_0498_ood_unseen_operator_noise_crescent_zb04p0_E08p5;F3NCS_0499_ood_unseen_operator_noise_lobed_zb01p5_E71p0;F3NCS_0500_ood_unseen_operator_noise_cylinder_zb02p3_E45p6;F3NCS_0501_ood_unseen_operator_noise_two_foci_zb09p3_E50p3;F3NCS_0502_ood_unseen_operator_noise_cylinder_zb11p5_E11p1;F3NCS_0503_ood_unseen_operator_noise_two_foci_zb07p9_E32p0;F3NCS_0504_ood_unseen_operator_noise_crescent_zb10p9_E39p6;F3NCS_0505_ood_unseen_operator_noise_lobed_zb06p3_E74p2;F3NCS_0506_ood_unseen_operator_noise_lobed_zb06p9_E36p9;F3NCS_0507_ood_unseen_operator_noise_ellipse_zb01p4_E08p8;F3NCS_0508_ood_unseen_operator_noise_two_foci_zb03p5_E13p6;F3NCS_0509_ood_unseen_operator_noise_crescent_zb11p1_E35p5;F3NCS_0510_ood_unseen_operator_noise_ellipse_zb02p7_E08p0;F3NCS_0511_ood_unseen_operator_noise_crescent_zb08p1_E09p7,method2b_512_full_comsol_colab_cuda,fig3_true_ood,3,split_role/ood_split_family,ood_unseen_operator_noise,230,38,32,0.0664780661463737,0.0046920776367187,0.0111315343528985,0.0130081176757812,0.021069586277008,0.0244064331054687,0.0267881136387586,0.0479202270507812,0.0314353071153163,0.6057517158098963,0.8330736113670528,0.1159164882667563,13.435999953680646,0.0127675211861816,0.1220618486404419,0.0084350295364856,,
H:\My Drive\MN_simulation\outputs\rspi_joint_052026\method2b_512_five_seed_ood_full512_20260611\seed_5\posterior\rspi_posterior_metrics.csv,5,explicit_residual_target_diffusion,0.0856595784425735,0.1493003637005042,16.51878268636625,0.183076485292986,2.7175333499908447,8.191235338137105,0.5142620860302562,32,F3NCS_0480_ood_unseen_operator_noise_lobed_zb10p0_E66p7;F3NCS_0481_ood_unseen_operator_noise_ellipse_zb05p4_E11p5;F3NCS_0482_ood_unseen_operator_noise_lobed_zb01p7_E06p9;F3NCS_0483_ood_unseen_operator_noise_lobed_zb08p7_E31p8;F3NCS_0484_ood_unseen_operator_noise_cylinder_zb10p1_E08p6;F3NCS_0485_ood_unseen_operator_noise_two_foci_zb07p5_E25p6;F3NCS_0486_ood_unseen_operator_noise_cylinder_zb04p8_E14p8;F3NCS_0487_ood_unseen_operator_noise_two_foci_zb04p8_E08p4;F3NCS_0488_ood_unseen_operator_noise_ellipse_zb02p0_E51p8;F3NCS_0489_ood_unseen_operator_noise_two_foci_zb07p5_E23p2;F3NCS_0490_ood_unseen_operator_noise_crescent_zb05p7_E09p8;F3NCS_0491_ood_unseen_operator_noise_two_foci_zb01p9_E52p0;F3NCS_0492_ood_unseen_operator_noise_two_foci_zb05p8_E11p8;F3NCS_0493_ood_unseen_operator_noise_two_foci_zb02p7_E17p6;F3NCS_0494_ood_unseen_operator_noise_cylinder_zb03p5_E15p1;F3NCS_0495_ood_unseen_operator_noise_ellipse_zb11p4_E39p6;F3NCS_0496_ood_unseen_operator_noise_two_foci_zb05p4_E16p3;F3NCS_0497_ood_unseen_operator_noise_two_foci_zb06p2_E23p1;F3NCS_0498_ood_unseen_operator_noise_crescent_zb04p0_E08p5;F3NCS_0499_ood_unseen_operator_noise_lobed_zb01p5_E71p0;F3NCS_0500_ood_unseen_operator_noise_cylinder_zb02p3_E45p6;F3NCS_0501_ood_unseen_operator_noise_two_foci_zb09p3_E50p3;F3NCS_0502_ood_unseen_operator_noise_cylinder_zb11p5_E11p1;F3NCS_0503_ood_unseen_operator_noise_two_foci_zb07p9_E32p0;F3NCS_0504_ood_unseen_operator_noise_crescent_zb10p9_E39p6;F3NCS_0505_ood_unseen_operator_noise_lobed_zb06p3_E74p2;F3NCS_0506_ood_unseen_operator_noise_lobed_zb06p9_E36p9;F3NCS_0507_ood_unseen_operator_noise_ellipse_zb01p4_E08p8;F3NCS_0508_ood_unseen_operator_noise_two_foci_zb03p5_E13p6;F3NCS_0509_ood_unseen_operator_noise_crescent_zb11p1_E35p5;F3NCS_0510_ood_unseen_operator_noise_ellipse_zb02p7_E08p0;F3NCS_0511_ood_unseen_operator_noise_crescent_zb08p1_E09p7,method2b_512_full_comsol_colab_cuda,fig3_true_ood,3,split_role/ood_split_family,ood_unseen_operator_noise,230,38,32,0.0537417195737361,0.6652374267578125,0.0368700288236141,0.8001556396484375,0.1400254070758819,0.8512191772460938,0.2402122914791107,0.8884963989257812,0.3309267461299896,0.7367084736857322,0.7468170249842804,0.0481738748765843,0.6394641534162606,0.0212464718266731,0.4316368103027344,0.0928848013281822,,0.7659994959831238
H:\My Drive\MN_simulation\outputs\rspi_joint_052026\method2b_512_five_seed_ood_full512_20260611\seed_5\posterior\rspi_posterior_metrics.csv,5,train_mean_prior,0.1397266536951065,0.2192122225153258,13.182704695087711,0.0261623403639532,4.238651752471924,13.06372298214781,,64,F3NCS_0320_ood_unseen_shape_lobed_zb03p8_E09p9;F3NCS_0321_ood_unseen_shape_crescent_zb03p5_E06p5;F3NCS_0322_ood_unseen_shape_crescent_zb07p2_E76p5;F3NCS_0323_ood_unseen_shape_crescent_zb03p5_E10p3;F3NCS_0324_ood_unseen_shape_crescent_zb02p9_E59p3;F3NCS_0325_ood_unseen_shape_lobed_zb01p6_E06p9;F3NCS_0326_ood_unseen_shape_lobed_zb06p1_E42p4;F3NCS_0327_ood_unseen_shape_crescent_zb03p1_E14p7;F3NCS_0328_ood_unseen_shape_lobed_zb03p1_E29p3;F3NCS_0329_ood_unseen_shape_lobed_zb05p7_E08p7;F3NCS_0330_ood_unseen_shape_lobed_zb02p8_E92p0;F3NCS_0331_ood_unseen_shape_crescent_zb03p2_E14p3;F3NCS_0332_ood_unseen_shape_lobed_zb02p8_E45p3;F3NCS_0333_ood_unseen_shape_lobed_zb03p4_E06p5;F3NCS_0334_ood_unseen_shape_crescent_zb03p1_E53p0;F3NCS_0335_ood_unseen_shape_crescent_zb02p9_E84p2;F3NCS_0336_ood_unseen_shape_crescent_zb07p2_E64p1;F3NCS_0337_ood_unseen_shape_lobed_zb03p4_E11p4;F3NCS_0338_ood_unseen_shape_crescent_zb06p8_E10p9;F3NCS_0339_ood_unseen_shape_lobed_zb04p2_E91p6;F3NCS_0340_ood_unseen_shape_crescent_zb03p8_E70p0;F3NCS_0341_ood_unseen_shape_lobed_zb04p9_E61p6;F3NCS_0342_ood_unseen_shape_crescent_zb05p1_E22p7;F3NCS_0343_ood_unseen_shape_lobed_zb07p1_E87p4;F3NCS_0344_ood_unseen_shape_crescent_zb03p6_E61p5;F3NCS_0345_ood_unseen_shape_crescent_zb06p9_E18p0;F3NCS_0346_ood_unseen_shape_lobed_zb01p8_E15p9;F3NCS_0347_ood_unseen_shape_lobed_zb02p8_E62p6;F3NCS_0348_ood_unseen_shape_lobed_zb05p0_E06p3;F3NCS_0349_ood_unseen_shape_lobed_zb03p4_E28p4;F3NCS_0350_ood_unseen_shape_lobed_zb06p0_E06p6;F3NCS_0351_ood_unseen_shape_crescent_zb06p3_E52p9;F3NCS_0352_ood_unseen_shape_lobed_zb05p6_E54p3;F3NCS_0353_ood_unseen_shape_lobed_zb02p2_E51p7;F3NCS_0354_ood_unseen_shape_crescent_zb05p4_E08p7;F3NCS_0355_ood_unseen_shape_crescent_zb07p5_E72p1;F3NCS_0356_ood_unseen_shape_lobed_zb07p8_E66p7;F3NCS_0357_ood_unseen_shape_lobed_zb03p8_E28p5;F3NCS_0358_ood_unseen_shape_lobed_zb05p7_E57p3;F3NCS_0359_ood_unseen_shape_crescent_zb07p1_E07p1;F3NCS_0360_ood_unseen_shape_lobed_zb06p1_E32p9;F3NCS_0361_ood_unseen_shape_crescent_zb07p0_E50p0;F3NCS_0362_ood_unseen_shape_lobed_zb07p0_E43p7;F3NCS_0363_ood_unseen_shape_crescent_zb04p4_E39p7;F3NCS_0364_ood_unseen_shape_lobed_zb03p1_E17p5;F3NCS_0365_ood_unseen_shape_crescent_zb04p6_E10p8;F3NCS_0366_ood_unseen_shape_crescent_zb01p4_E56p2;F3NCS_0367_ood_unseen_shape_crescent_zb02p6_E36p5;F3NCS_0368_ood_unseen_shape_crescent_zb03p1_E21p0;F3NCS_0369_ood_unseen_shape_lobed_zb02p7_E27p1;F3NCS_0370_ood_unseen_shape_crescent_zb07p7_E18p8;F3NCS_0371_ood_unseen_shape_lobed_zb02p8_E27p5;F3NCS_0372_ood_unseen_shape_lobed_zb02p3_E06p5;F3NCS_0373_ood_unseen_shape_lobed_zb04p9_E07p7;F3NCS_0374_ood_unseen_shape_lobed_zb07p3_E27p3;F3NCS_0375_ood_unseen_shape_crescent_zb03p4_E11p6;F3NCS_0376_ood_unseen_shape_crescent_zb04p0_E26p7;F3NCS_0377_ood_unseen_shape_crescent_zb06p5_E40p4;F3NCS_0378_ood_unseen_shape_crescent_zb05p4_E79p9;F3NCS_0379_ood_unseen_shape_crescent_zb06p4_E88p5;F3NCS_0380_ood_unseen_shape_lobed_zb03p5_E55p6;F3NCS_0381_ood_unseen_shape_crescent_zb04p9_E14p7;F3NCS_0382_ood_unseen_shape_crescent_zb05p9_E48p6;F3NCS_0383_ood_unseen_shape_crescent_zb05p4_E08p3,method2b_512_full_comsol_colab_cuda,fig3_true_ood,4,split_role/ood_split_family,ood_unseen_shape,230,38,64,,,,,,,,,,,,,,,,,,
H:\My Drive\MN_simulation\outputs\rspi_joint_052026\method2b_512_five_seed_ood_full512_20260611\seed_5\posterior\rspi_posterior_metrics.csv,5,srcnn_bz_single_channel,0.1152892708778381,0.2091418501882536,13.591181085662322,0.1605486494954675,3.992122173309326,12.808553245971334,0.3126432185765094,64,F3NCS_0320_ood_unseen_shape_lobed_zb03p8_E09p9;F3NCS_0321_ood_unseen_shape_crescent_zb03p5_E06p5;F3NCS_0322_ood_unseen_shape_crescent_zb07p2_E76p5;F3NCS_0323_ood_unseen_shape_crescent_zb03p5_E10p3;F3NCS_0324_ood_unseen_shape_crescent_zb02p9_E59p3;F3NCS_0325_ood_unseen_shape_lobed_zb01p6_E06p9;F3NCS_0326_ood_unseen_shape_lobed_zb06p1_E42p4;F3NCS_0327_ood_unseen_shape_crescent_zb03p1_E14p7;F3NCS_0328_ood_unseen_shape_lobed_zb03p1_E29p3;F3NCS_0329_ood_unseen_shape_lobed_zb05p7_E08p7;F3NCS_0330_ood_unseen_shape_lobed_zb02p8_E92p0;F3NCS_0331_ood_unseen_shape_crescent_zb03p2_E14p3;F3NCS_0332_ood_unseen_shape_lobed_zb02p8_E45p3;F3NCS_0333_ood_unseen_shape_lobed_zb03p4_E06p5;F3NCS_0334_ood_unseen_shape_crescent_zb03p1_E53p0;F3NCS_0335_ood_unseen_shape_crescent_zb02p9_E84p2;F3NCS_0336_ood_unseen_shape_crescent_zb07p2_E64p1;F3NCS_0337_ood_unseen_shape_lobed_zb03p4_E11p4;F3NCS_0338_ood_unseen_shape_crescent_zb06p8_E10p9;F3NCS_0339_ood_unseen_shape_lobed_zb04p2_E91p6;F3NCS_0340_ood_unseen_shape_crescent_zb03p8_E70p0;F3NCS_0341_ood_unseen_shape_lobed_zb04p9_E61p6;F3NCS_0342_ood_unseen_shape_crescent_zb05p1_E22p7;F3NCS_0343_ood_unseen_shape_lobed_zb07p1_E87p4;F3NCS_0344_ood_unseen_shape_crescent_zb03p6_E61p5;F3NCS_0345_ood_unseen_shape_crescent_zb06p9_E18p0;F3NCS_0346_ood_unseen_shape_lobed_zb01p8_E15p9;F3NCS_0347_ood_unseen_shape_lobed_zb02p8_E62p6;F3NCS_0348_ood_unseen_shape_lobed_zb05p0_E06p3;F3NCS_0349_ood_unseen_shape_lobed_zb03p4_E28p4;F3NCS_0350_ood_unseen_shape_lobed_zb06p0_E06p6;F3NCS_0351_ood_unseen_shape_crescent_zb06p3_E52p9;F3NCS_0352_ood_unseen_shape_lobed_zb05p6_E54p3;F3NCS_0353_ood_unseen_shape_lobed_zb02p2_E51p7;F3NCS_0354_ood_unseen_shape_crescent_zb05p4_E08p7;F3NCS_0355_ood_unseen_shape_crescent_zb07p5_E72p1;F3NCS_0356_ood_unseen_shape_lobed_zb07p8_E66p7;F3NCS_0357_ood_unseen_shape_lobed_zb03p8_E28p5;F3NCS_0358_ood_unseen_shape_lobed_zb05p7_E57p3;F3NCS_0359_ood_unseen_shape_crescent_zb07p1_E07p1;F3NCS_0360_ood_unseen_shape_lobed_zb06p1_E32p9;F3NCS_0361_ood_unseen_shape_crescent_zb07p0_E50p0;F3NCS_0362_ood_unseen_shape_lobed_zb07p0_E43p7;F3NCS_0363_ood_unseen_shape_crescent_zb04p4_E39p7;F3NCS_0364_ood_unseen_shape_lobed_zb03p1_E17p5;F3NCS_0365_ood_unseen_shape_crescent_zb04p6_E10p8;F3NCS_0366_ood_unseen_shape_crescent_zb01p4_E56p2;F3NCS_0367_ood_unseen_shape_crescent_zb02p6_E36p5;F3NCS_0368_ood_unseen_shape_crescent_zb03p1_E21p0;F3NCS_0369_ood_unseen_shape_lobed_zb02p7_E27p1;F3NCS_0370_ood_unseen_shape_crescent_zb07p7_E18p8;F3NCS_0371_ood_unseen_shape_lobed_zb02p8_E27p5;F3NCS_0372_ood_unseen_shape_lobed_zb02p3_E06p5;F3NCS_0373_ood_unseen_shape_lobed_zb04p9_E07p7;F3NCS_0374_ood_unseen_shape_lobed_zb07p3_E27p3;F3NCS_0375_ood_unseen_shape_crescent_zb03p4_E11p6;F3NCS_0376_ood_unseen_shape_crescent_zb04p0_E26p7;F3NCS_0377_ood_unseen_shape_crescent_zb06p5_E40p4;F3NCS_0378_ood_unseen_shape_crescent_zb05p4_E79p9;F3NCS_0379_ood_unseen_shape_crescent_zb06p4_E88p5;F3NCS_0380_ood_unseen_shape_lobed_zb03p5_E55p6;F3NCS_0381_ood_unseen_shape_crescent_zb04p9_E14p7;F3NCS_0382_ood_unseen_shape_crescent_zb05p9_E48p6;F3NCS_0383_ood_unseen_shape_crescent_zb05p4_E08p3,method2b_512_full_comsol_colab_cuda,fig3_true_ood,4,split_role/ood_split_family,ood_unseen_shape,230,38,64,0.1152892708778381,0.0,0.0,0.0,0.0,0.0,0.0,0.0,0.0,,0.5,0.2061763244469483,20617632.44469483,0.0846228152404316,0.1259651184082031,0.0,,
H:\My Drive\MN_simulation\outputs\rspi_joint_052026\method2b_512_five_seed_ood_full512_20260611\seed_5\posterior\rspi_posterior_metrics.csv,5,unet_canonical_bxyz,0.0852847620844841,0.1808707009182229,14.852635568286798,0.397458229213953,3.46124529838562,11.405856692705342,0.4590457746059969,64,F3NCS_0320_ood_unseen_shape_lobed_zb03p8_E09p9;F3NCS_0321_ood_unseen_shape_crescent_zb03p5_E06p5;F3NCS_0322_ood_unseen_shape_crescent_zb07p2_E76p5;F3NCS_0323_ood_unseen_shape_crescent_zb03p5_E10p3;F3NCS_0324_ood_unseen_shape_crescent_zb02p9_E59p3;F3NCS_0325_ood_unseen_shape_lobed_zb01p6_E06p9;F3NCS_0326_ood_unseen_shape_lobed_zb06p1_E42p4;F3NCS_0327_ood_unseen_shape_crescent_zb03p1_E14p7;F3NCS_0328_ood_unseen_shape_lobed_zb03p1_E29p3;F3NCS_0329_ood_unseen_shape_lobed_zb05p7_E08p7;F3NCS_0330_ood_unseen_shape_lobed_zb02p8_E92p0;F3NCS_0331_ood_unseen_shape_crescent_zb03p2_E14p3;F3NCS_0332_ood_unseen_shape_lobed_zb02p8_E45p3;F3NCS_0333_ood_unseen_shape_lobed_zb03p4_E06p5;F3NCS_0334_ood_unseen_shape_crescent_zb03p1_E53p0;F3NCS_0335_ood_unseen_shape_crescent_zb02p9_E84p2;F3NCS_0336_ood_unseen_shape_crescent_zb07p2_E64p1;F3NCS_0337_ood_unseen_shape_lobed_zb03p4_E11p4;F3NCS_0338_ood_unseen_shape_crescent_zb06p8_E10p9;F3NCS_0339_ood_unseen_shape_lobed_zb04p2_E91p6;F3NCS_0340_ood_unseen_shape_crescent_zb03p8_E70p0;F3NCS_0341_ood_unseen_shape_lobed_zb04p9_E61p6;F3NCS_0342_ood_unseen_shape_crescent_zb05p1_E22p7;F3NCS_0343_ood_unseen_shape_lobed_zb07p1_E87p4;F3NCS_0344_ood_unseen_shape_crescent_zb03p6_E61p5;F3NCS_0345_ood_unseen_shape_crescent_zb06p9_E18p0;F3NCS_0346_ood_unseen_shape_lobed_zb01p8_E15p9;F3NCS_0347_ood_unseen_shape_lobed_zb02p8_E62p6;F3NCS_0348_ood_unseen_shape_lobed_zb05p0_E06p3;F3NCS_0349_ood_unseen_shape_lobed_zb03p4_E28p4;F3NCS_0350_ood_unseen_shape_lobed_zb06p0_E06p6;F3NCS_0351_ood_unseen_shape_crescent_zb06p3_E52p9;F3NCS_0352_ood_unseen_shape_lobed_zb05p6_E54p3;F3NCS_0353_ood_unseen_shape_lobed_zb02p2_E51p7;F3NCS_0354_ood_unseen_shape_crescent_zb05p4_E08p7;F3NCS_0355_ood_unseen_shape_crescent_zb07p5_E72p1;F3NCS_0356_ood_unseen_shape_lobed_zb07p8_E66p7;F3NCS_0357_ood_unseen_shape_lobed_zb03p8_E28p5;F3NCS_0358_ood_unseen_shape_lobed_zb05p7_E57p3;F3NCS_0359_ood_unseen_shape_crescent_zb07p1_E07p1;F3NCS_0360_ood_unseen_shape_lobed_zb06p1_E32p9;F3NCS_0361_ood_unseen_shape_crescent_zb07p0_E50p0;F3NCS_0362_ood_unseen_shape_lobed_zb07p0_E43p7;F3NCS_0363_ood_unseen_shape_crescent_zb04p4_E39p7;F3NCS_0364_ood_unseen_shape_lobed_zb03p1_E17p5;F3NCS_0365_ood_unseen_shape_crescent_zb04p6_E10p8;F3NCS_0366_ood_unseen_shape_crescent_zb01p4_E56p2;F3NCS_0367_ood_unseen_shape_crescent_zb02p6_E36p5;F3NCS_0368_ood_unseen_shape_crescent_zb03p1_E21p0;F3NCS_0369_ood_unseen_shape_lobed_zb02p7_E27p1;F3NCS_0370_ood_unseen_shape_crescent_zb07p7_E18p8;F3NCS_0371_ood_unseen_shape_lobed_zb02p8_E27p5;F3NCS_0372_ood_unseen_shape_lobed_zb02p3_E06p5;F3NCS_0373_ood_unseen_shape_lobed_zb04p9_E07p7;F3NCS_0374_ood_unseen_shape_lobed_zb07p3_E27p3;F3NCS_0375_ood_unseen_shape_crescent_zb03p4_E11p6;F3NCS_0376_ood_unseen_shape_crescent_zb04p0_E26p7;F3NCS_0377_ood_unseen_shape_crescent_zb06p5_E40p4;F3NCS_0378_ood_unseen_shape_crescent_zb05p4_E79p9;F3NCS_0379_ood_unseen_shape_crescent_zb06p4_E88p5;F3NCS_0380_ood_unseen_shape_lobed_zb03p5_E55p6;F3NCS_0381_ood_unseen_shape_crescent_zb04p9_E14p7;F3NCS_0382_ood_unseen_shape_crescent_zb05p9_E48p6;F3NCS_0383_ood_unseen_shape_crescent_zb05p4_E08p3,method2b_512_full_comsol_colab_cuda,fig3_true_ood,4,split_role/ood_split_family,ood_unseen_shape,230,38,64,0.0852847695350647,0.0,0.0,0.0,0.0,0.0,0.0,0.0,0.0,,0.5,0.1773586345015693,17735863.45015694,0.0678837531448171,0.0994415283203125,0.0,,
H:\My Drive\MN_simulation\outputs\rspi_joint_052026\method2b_512_five_seed_ood_full512_20260611\seed_5\posterior\rspi_posterior_metrics.csv,5,vanilla_diffusion,0.4466375112533569,0.4573886810429269,6.7942917408653445,0.0283500966979772,12.731578826904297,15.090477250972196,0.2839715179568719,64,F3NCS_0320_ood_unseen_shape_lobed_zb03p8_E09p9;F3NCS_0321_ood_unseen_shape_crescent_zb03p5_E06p5;F3NCS_0322_ood_unseen_shape_crescent_zb07p2_E76p5;F3NCS_0323_ood_unseen_shape_crescent_zb03p5_E10p3;F3NCS_0324_ood_unseen_shape_crescent_zb02p9_E59p3;F3NCS_0325_ood_unseen_shape_lobed_zb01p6_E06p9;F3NCS_0326_ood_unseen_shape_lobed_zb06p1_E42p4;F3NCS_0327_ood_unseen_shape_crescent_zb03p1_E14p7;F3NCS_0328_ood_unseen_shape_lobed_zb03p1_E29p3;F3NCS_0329_ood_unseen_shape_lobed_zb05p7_E08p7;F3NCS_0330_ood_unseen_shape_lobed_zb02p8_E92p0;F3NCS_0331_ood_unseen_shape_crescent_zb03p2_E14p3;F3NCS_0332_ood_unseen_shape_lobed_zb02p8_E45p3;F3NCS_0333_ood_unseen_shape_lobed_zb03p4_E06p5;F3NCS_0334_ood_unseen_shape_crescent_zb03p1_E53p0;F3NCS_0335_ood_unseen_shape_crescent_zb02p9_E84p2;F3NCS_0336_ood_unseen_shape_crescent_zb07p2_E64p1;F3NCS_0337_ood_unseen_shape_lobed_zb03p4_E11p4;F3NCS_0338_ood_unseen_shape_crescent_zb06p8_E10p9;F3NCS_0339_ood_unseen_shape_lobed_zb04p2_E91p6;F3NCS_0340_ood_unseen_shape_crescent_zb03p8_E70p0;F3NCS_0341_ood_unseen_shape_lobed_zb04p9_E61p6;F3NCS_0342_ood_unseen_shape_crescent_zb05p1_E22p7;F3NCS_0343_ood_unseen_shape_lobed_zb07p1_E87p4;F3NCS_0344_ood_unseen_shape_crescent_zb03p6_E61p5;F3NCS_0345_ood_unseen_shape_crescent_zb06p9_E18p0;F3NCS_0346_ood_unseen_shape_lobed_zb01p8_E15p9;F3NCS_0347_ood_unseen_shape_lobed_zb02p8_E62p6;F3NCS_0348_ood_unseen_shape_lobed_zb05p0_E06p3;F3NCS_0349_ood_unseen_shape_lobed_zb03p4_E28p4;F3NCS_0350_ood_unseen_shape_lobed_zb06p0_E06p6;F3NCS_0351_ood_unseen_shape_crescent_zb06p3_E52p9;F3NCS_0352_ood_unseen_shape_lobed_zb05p6_E54p3;F3NCS_0353_ood_unseen_shape_lobed_zb02p2_E51p7;F3NCS_0354_ood_unseen_shape_crescent_zb05p4_E08p7;F3NCS_0355_ood_unseen_shape_crescent_zb07p5_E72p1;F3NCS_0356_ood_unseen_shape_lobed_zb07p8_E66p7;F3NCS_0357_ood_unseen_shape_lobed_zb03p8_E28p5;F3NCS_0358_ood_unseen_shape_lobed_zb05p7_E57p3;F3NCS_0359_ood_unseen_shape_crescent_zb07p1_E07p1;F3NCS_0360_ood_unseen_shape_lobed_zb06p1_E32p9;F3NCS_0361_ood_unseen_shape_crescent_zb07p0_E50p0;F3NCS_0362_ood_unseen_shape_lobed_zb07p0_E43p7;F3NCS_0363_ood_unseen_shape_crescent_zb04p4_E39p7;F3NCS_0364_ood_unseen_shape_lobed_zb03p1_E17p5;F3NCS_0365_ood_unseen_shape_crescent_zb04p6_E10p8;F3NCS_0366_ood_unseen_shape_crescent_zb01p4_E56p2;F3NCS_0367_ood_unseen_shape_crescent_zb02p6_E36p5;F3NCS_0368_ood_unseen_shape_crescent_zb03p1_E21p0;F3NCS_0369_ood_unseen_shape_lobed_zb02p7_E27p1;F3NCS_0370_ood_unseen_shape_crescent_zb07p7_E18p8;F3NCS_0371_ood_unseen_shape_lobed_zb02p8_E27p5;F3NCS_0372_ood_unseen_shape_lobed_zb02p3_E06p5;F3NCS_0373_ood_unseen_shape_lobed_zb04p9_E07p7;F3NCS_0374_ood_unseen_shape_lobed_zb07p3_E27p3;F3NCS_0375_ood_unseen_shape_crescent_zb03p4_E11p6;F3NCS_0376_ood_unseen_shape_crescent_zb04p0_E26p7;F3NCS_0377_ood_unseen_shape_crescent_zb06p5_E40p4;F3NCS_0378_ood_unseen_shape_crescent_zb05p4_E79p9;F3NCS_0379_ood_unseen_shape_crescent_zb06p4_E88p5;F3NCS_0380_ood_unseen_shape_lobed_zb03p5_E55p6;F3NCS_0381_ood_unseen_shape_crescent_zb04p9_E14p7;F3NCS_0382_ood_unseen_shape_crescent_zb05p9_E48p6;F3NCS_0383_ood_unseen_shape_crescent_zb05p4_E08p3,method2b_512_full_comsol_colab_cuda,fig3_true_ood,4,split_role/ood_split_family,ood_unseen_shape,230,38,64,,,,,,,,,,,,,,,,0.1109025552868843,64.0,
H:\My Drive\MN_simulation\outputs\rspi_joint_052026\method2b_512_five_seed_ood_full512_20260611\seed_5\posterior\rspi_posterior_metrics.csv,5,prior_init_diffusion_unet,0.0882139354944229,0.1810722173868836,14.842963601247924,0.2365520200692117,3.4777965545654297,11.389953844681918,0.4452175106267202,64,F3NCS_0320_ood_unseen_shape_lobed_zb03p8_E09p9;F3NCS_0321_ood_unseen_shape_crescent_zb03p5_E06p5;F3NCS_0322_ood_unseen_shape_crescent_zb07p2_E76p5;F3NCS_0323_ood_unseen_shape_crescent_zb03p5_E10p3;F3NCS_0324_ood_unseen_shape_crescent_zb02p9_E59p3;F3NCS_0325_ood_unseen_shape_lobed_zb01p6_E06p9;F3NCS_0326_ood_unseen_shape_lobed_zb06p1_E42p4;F3NCS_0327_ood_unseen_shape_crescent_zb03p1_E14p7;F3NCS_0328_ood_unseen_shape_lobed_zb03p1_E29p3;F3NCS_0329_ood_unseen_shape_lobed_zb05p7_E08p7;F3NCS_0330_ood_unseen_shape_lobed_zb02p8_E92p0;F3NCS_0331_ood_unseen_shape_crescent_zb03p2_E14p3;F3NCS_0332_ood_unseen_shape_lobed_zb02p8_E45p3;F3NCS_0333_ood_unseen_shape_lobed_zb03p4_E06p5;F3NCS_0334_ood_unseen_shape_crescent_zb03p1_E53p0;F3NCS_0335_ood_unseen_shape_crescent_zb02p9_E84p2;F3NCS_0336_ood_unseen_shape_crescent_zb07p2_E64p1;F3NCS_0337_ood_unseen_shape_lobed_zb03p4_E11p4;F3NCS_0338_ood_unseen_shape_crescent_zb06p8_E10p9;F3NCS_0339_ood_unseen_shape_lobed_zb04p2_E91p6;F3NCS_0340_ood_unseen_shape_crescent_zb03p8_E70p0;F3NCS_0341_ood_unseen_shape_lobed_zb04p9_E61p6;F3NCS_0342_ood_unseen_shape_crescent_zb05p1_E22p7;F3NCS_0343_ood_unseen_shape_lobed_zb07p1_E87p4;F3NCS_0344_ood_unseen_shape_crescent_zb03p6_E61p5;F3NCS_0345_ood_unseen_shape_crescent_zb06p9_E18p0;F3NCS_0346_ood_unseen_shape_lobed_zb01p8_E15p9;F3NCS_0347_ood_unseen_shape_lobed_zb02p8_E62p6;F3NCS_0348_ood_unseen_shape_lobed_zb05p0_E06p3;F3NCS_0349_ood_unseen_shape_lobed_zb03p4_E28p4;F3NCS_0350_ood_unseen_shape_lobed_zb06p0_E06p6;F3NCS_0351_ood_unseen_shape_crescent_zb06p3_E52p9;F3NCS_0352_ood_unseen_shape_lobed_zb05p6_E54p3;F3NCS_0353_ood_unseen_shape_lobed_zb02p2_E51p7;F3NCS_0354_ood_unseen_shape_crescent_zb05p4_E08p7;F3NCS_0355_ood_unseen_shape_crescent_zb07p5_E72p1;F3NCS_0356_ood_unseen_shape_lobed_zb07p8_E66p7;F3NCS_0357_ood_unseen_shape_lobed_zb03p8_E28p5;F3NCS_0358_ood_unseen_shape_lobed_zb05p7_E57p3;F3NCS_0359_ood_unseen_shape_crescent_zb07p1_E07p1;F3NCS_0360_ood_unseen_shape_lobed_zb06p1_E32p9;F3NCS_0361_ood_unseen_shape_crescent_zb07p0_E50p0;F3NCS_0362_ood_unseen_shape_lobed_zb07p0_E43p7;F3NCS_0363_ood_unseen_shape_crescent_zb04p4_E39p7;F3NCS_0364_ood_unseen_shape_lobed_zb03p1_E17p5;F3NCS_0365_ood_unseen_shape_crescent_zb04p6_E10p8;F3NCS_0366_ood_unseen_shape_crescent_zb01p4_E56p2;F3NCS_0367_ood_unseen_shape_crescent_zb02p6_E36p5;F3NCS_0368_ood_unseen_shape_crescent_zb03p1_E21p0;F3NCS_0369_ood_unseen_shape_lobed_zb02p7_E27p1;F3NCS_0370_ood_unseen_shape_crescent_zb07p7_E18p8;F3NCS_0371_ood_unseen_shape_lobed_zb02p8_E27p5;F3NCS_0372_ood_unseen_shape_lobed_zb02p3_E06p5;F3NCS_0373_ood_unseen_shape_lobed_zb04p9_E07p7;F3NCS_0374_ood_unseen_shape_lobed_zb07p3_E27p3;F3NCS_0375_ood_unseen_shape_crescent_zb03p4_E11p6;F3NCS_0376_ood_unseen_shape_crescent_zb04p0_E26p7;F3NCS_0377_ood_unseen_shape_crescent_zb06p5_E40p4;F3NCS_0378_ood_unseen_shape_crescent_zb05p4_E79p9;F3NCS_0379_ood_unseen_shape_crescent_zb06p4_E88p5;F3NCS_0380_ood_unseen_shape_lobed_zb03p5_E55p6;F3NCS_0381_ood_unseen_shape_crescent_zb04p9_E14p7;F3NCS_0382_ood_unseen_shape_crescent_zb05p9_E48p6;F3NCS_0383_ood_unseen_shape_crescent_zb05p4_E08p3,method2b_512_full_comsol_colab_cuda,fig3_true_ood,4,split_role/ood_split_family,ood_unseen_shape,230,38,64,0.0832365304231643,0.0414810180664062,0.0119695486500859,0.0897712707519531,0.0224758125841617,0.1277236938476562,0.0283647663891315,0.17681884765625,0.0330688767135143,0.706332876803719,0.8118417134980416,0.1481689465439972,16.37675953663866,0.0174022901283607,0.1343609094619751,0.0089510427787899,,
H:\My Drive\MN_simulation\outputs\rspi_joint_052026\method2b_512_five_seed_ood_full512_20260611\seed_5\posterior\rspi_posterior_metrics.csv,5,residual_likelihood_guided_diffusion,0.0882224291563034,0.1810484122759771,14.844105588472711,0.2361247921362519,3.477341413497925,11.388963115005726,0.4450569323068858,64,F3NCS_0320_ood_unseen_shape_lobed_zb03p8_E09p9;F3NCS_0321_ood_unseen_shape_crescent_zb03p5_E06p5;F3NCS_0322_ood_unseen_shape_crescent_zb07p2_E76p5;F3NCS_0323_ood_unseen_shape_crescent_zb03p5_E10p3;F3NCS_0324_ood_unseen_shape_crescent_zb02p9_E59p3;F3NCS_0325_ood_unseen_shape_lobed_zb01p6_E06p9;F3NCS_0326_ood_unseen_shape_lobed_zb06p1_E42p4;F3NCS_0327_ood_unseen_shape_crescent_zb03p1_E14p7;F3NCS_0328_ood_unseen_shape_lobed_zb03p1_E29p3;F3NCS_0329_ood_unseen_shape_lobed_zb05p7_E08p7;F3NCS_0330_ood_unseen_shape_lobed_zb02p8_E92p0;F3NCS_0331_ood_unseen_shape_crescent_zb03p2_E14p3;F3NCS_0332_ood_unseen_shape_lobed_zb02p8_E45p3;F3NCS_0333_ood_unseen_shape_lobed_zb03p4_E06p5;F3NCS_0334_ood_unseen_shape_crescent_zb03p1_E53p0;F3NCS_0335_ood_unseen_shape_crescent_zb02p9_E84p2;F3NCS_0336_ood_unseen_shape_crescent_zb07p2_E64p1;F3NCS_0337_ood_unseen_shape_lobed_zb03p4_E11p4;F3NCS_0338_ood_unseen_shape_crescent_zb06p8_E10p9;F3NCS_0339_ood_unseen_shape_lobed_zb04p2_E91p6;F3NCS_0340_ood_unseen_shape_crescent_zb03p8_E70p0;F3NCS_0341_ood_unseen_shape_lobed_zb04p9_E61p6;F3NCS_0342_ood_unseen_shape_crescent_zb05p1_E22p7;F3NCS_0343_ood_unseen_shape_lobed_zb07p1_E87p4;F3NCS_0344_ood_unseen_shape_crescent_zb03p6_E61p5;F3NCS_0345_ood_unseen_shape_crescent_zb06p9_E18p0;F3NCS_0346_ood_unseen_shape_lobed_zb01p8_E15p9;F3NCS_0347_ood_unseen_shape_lobed_zb02p8_E62p6;F3NCS_0348_ood_unseen_shape_lobed_zb05p0_E06p3;F3NCS_0349_ood_unseen_shape_lobed_zb03p4_E28p4;F3NCS_0350_ood_unseen_shape_lobed_zb06p0_E06p6;F3NCS_0351_ood_unseen_shape_crescent_zb06p3_E52p9;F3NCS_0352_ood_unseen_shape_lobed_zb05p6_E54p3;F3NCS_0353_ood_unseen_shape_lobed_zb02p2_E51p7;F3NCS_0354_ood_unseen_shape_crescent_zb05p4_E08p7;F3NCS_0355_ood_unseen_shape_crescent_zb07p5_E72p1;F3NCS_0356_ood_unseen_shape_lobed_zb07p8_E66p7;F3NCS_0357_ood_unseen_shape_lobed_zb03p8_E28p5;F3NCS_0358_ood_unseen_shape_lobed_zb05p7_E57p3;F3NCS_0359_ood_unseen_shape_crescent_zb07p1_E07p1;F3NCS_0360_ood_unseen_shape_lobed_zb06p1_E32p9;F3NCS_0361_ood_unseen_shape_crescent_zb07p0_E50p0;F3NCS_0362_ood_unseen_shape_lobed_zb07p0_E43p7;F3NCS_0363_ood_unseen_shape_crescent_zb04p4_E39p7;F3NCS_0364_ood_unseen_shape_lobed_zb03p1_E17p5;F3NCS_0365_ood_unseen_shape_crescent_zb04p6_E10p8;F3NCS_0366_ood_unseen_shape_crescent_zb01p4_E56p2;F3NCS_0367_ood_unseen_shape_crescent_zb02p6_E36p5;F3NCS_0368_ood_unseen_shape_crescent_zb03p1_E21p0;F3NCS_0369_ood_unseen_shape_lobed_zb02p7_E27p1;F3NCS_0370_ood_unseen_shape_crescent_zb07p7_E18p8;F3NCS_0371_ood_unseen_shape_lobed_zb02p8_E27p5;F3NCS_0372_ood_unseen_shape_lobed_zb02p3_E06p5;F3NCS_0373_ood_unseen_shape_lobed_zb04p9_E07p7;F3NCS_0374_ood_unseen_shape_lobed_zb07p3_E27p3;F3NCS_0375_ood_unseen_shape_crescent_zb03p4_E11p6;F3NCS_0376_ood_unseen_shape_crescent_zb04p0_E26p7;F3NCS_0377_ood_unseen_shape_crescent_zb06p5_E40p4;F3NCS_0378_ood_unseen_shape_crescent_zb05p4_E79p9;F3NCS_0379_ood_unseen_shape_crescent_zb06p4_E88p5;F3NCS_0380_ood_unseen_shape_lobed_zb03p5_E55p6;F3NCS_0381_ood_unseen_shape_crescent_zb04p9_E14p7;F3NCS_0382_ood_unseen_shape_crescent_zb05p9_E48p6;F3NCS_0383_ood_unseen_shape_crescent_zb05p4_E08p3,method2b_512_full_comsol_colab_cuda,fig3_true_ood,4,split_role/ood_split_family,ood_unseen_shape,230,38,64,0.0832441002130508,0.0412254333496093,0.0119754001498222,0.0892066955566406,0.0224797911942005,0.1269111633300781,0.0283749680966138,0.17724609375,0.0330842584371566,0.7065168900867428,0.8108469136379923,0.1482648656651732,16.412339908861814,0.0175653606559532,0.1341265439987182,0.0089529175311326,,
H:\My Drive\MN_simulation\outputs\rspi_joint_052026\method2b_512_five_seed_ood_full512_20260611\seed_5\posterior\rspi_posterior_metrics.csv,5,explicit_residual_target_diffusion,0.1061406135559082,0.1837632431720527,14.714827060734128,0.1239177928073331,3.712523221969605,11.388900144824744,0.4640570565329409,64,F3NCS_0320_ood_unseen_shape_lobed_zb03p8_E09p9;F3NCS_0321_ood_unseen_shape_crescent_zb03p5_E06p5;F3NCS_0322_ood_unseen_shape_crescent_zb07p2_E76p5;F3NCS_0323_ood_unseen_shape_crescent_zb03p5_E10p3;F3NCS_0324_ood_unseen_shape_crescent_zb02p9_E59p3;F3NCS_0325_ood_unseen_shape_lobed_zb01p6_E06p9;F3NCS_0326_ood_unseen_shape_lobed_zb06p1_E42p4;F3NCS_0327_ood_unseen_shape_crescent_zb03p1_E14p7;F3NCS_0328_ood_unseen_shape_lobed_zb03p1_E29p3;F3NCS_0329_ood_unseen_shape_lobed_zb05p7_E08p7;F3NCS_0330_ood_unseen_shape_lobed_zb02p8_E92p0;F3NCS_0331_ood_unseen_shape_crescent_zb03p2_E14p3;F3NCS_0332_ood_unseen_shape_lobed_zb02p8_E45p3;F3NCS_0333_ood_unseen_shape_lobed_zb03p4_E06p5;F3NCS_0334_ood_unseen_shape_crescent_zb03p1_E53p0;F3NCS_0335_ood_unseen_shape_crescent_zb02p9_E84p2;F3NCS_0336_ood_unseen_shape_crescent_zb07p2_E64p1;F3NCS_0337_ood_unseen_shape_lobed_zb03p4_E11p4;F3NCS_0338_ood_unseen_shape_crescent_zb06p8_E10p9;F3NCS_0339_ood_unseen_shape_lobed_zb04p2_E91p6;F3NCS_0340_ood_unseen_shape_crescent_zb03p8_E70p0;F3NCS_0341_ood_unseen_shape_lobed_zb04p9_E61p6;F3NCS_0342_ood_unseen_shape_crescent_zb05p1_E22p7;F3NCS_0343_ood_unseen_shape_lobed_zb07p1_E87p4;F3NCS_0344_ood_unseen_shape_crescent_zb03p6_E61p5;F3NCS_0345_ood_unseen_shape_crescent_zb06p9_E18p0;F3NCS_0346_ood_unseen_shape_lobed_zb01p8_E15p9;F3NCS_0347_ood_unseen_shape_lobed_zb02p8_E62p6;F3NCS_0348_ood_unseen_shape_lobed_zb05p0_E06p3;F3NCS_0349_ood_unseen_shape_lobed_zb03p4_E28p4;F3NCS_0350_ood_unseen_shape_lobed_zb06p0_E06p6;F3NCS_0351_ood_unseen_shape_crescent_zb06p3_E52p9;F3NCS_0352_ood_unseen_shape_lobed_zb05p6_E54p3;F3NCS_0353_ood_unseen_shape_lobed_zb02p2_E51p7;F3NCS_0354_ood_unseen_shape_crescent_zb05p4_E08p7;F3NCS_0355_ood_unseen_shape_crescent_zb07p5_E72p1;F3NCS_0356_ood_unseen_shape_lobed_zb07p8_E66p7;F3NCS_0357_ood_unseen_shape_lobed_zb03p8_E28p5;F3NCS_0358_ood_unseen_shape_lobed_zb05p7_E57p3;F3NCS_0359_ood_unseen_shape_crescent_zb07p1_E07p1;F3NCS_0360_ood_unseen_shape_lobed_zb06p1_E32p9;F3NCS_0361_ood_unseen_shape_crescent_zb07p0_E50p0;F3NCS_0362_ood_unseen_shape_lobed_zb07p0_E43p7;F3NCS_0363_ood_unseen_shape_crescent_zb04p4_E39p7;F3NCS_0364_ood_unseen_shape_lobed_zb03p1_E17p5;F3NCS_0365_ood_unseen_shape_crescent_zb04p6_E10p8;F3NCS_0366_ood_unseen_shape_crescent_zb01p4_E56p2;F3NCS_0367_ood_unseen_shape_crescent_zb02p6_E36p5;F3NCS_0368_ood_unseen_shape_crescent_zb03p1_E21p0;F3NCS_0369_ood_unseen_shape_lobed_zb02p7_E27p1;F3NCS_0370_ood_unseen_shape_crescent_zb07p7_E18p8;F3NCS_0371_ood_unseen_shape_lobed_zb02p8_E27p5;F3NCS_0372_ood_unseen_shape_lobed_zb02p3_E06p5;F3NCS_0373_ood_unseen_shape_lobed_zb04p9_E07p7;F3NCS_0374_ood_unseen_shape_lobed_zb07p3_E27p3;F3NCS_0375_ood_unseen_shape_crescent_zb03p4_E11p6;F3NCS_0376_ood_unseen_shape_crescent_zb04p0_E26p7;F3NCS_0377_ood_unseen_shape_crescent_zb06p5_E40p4;F3NCS_0378_ood_unseen_shape_crescent_zb05p4_E79p9;F3NCS_0379_ood_unseen_shape_crescent_zb06p4_E88p5;F3NCS_0380_ood_unseen_shape_lobed_zb03p5_E55p6;F3NCS_0381_ood_unseen_shape_crescent_zb04p9_E14p7;F3NCS_0382_ood_unseen_shape_crescent_zb05p9_E48p6;F3NCS_0383_ood_unseen_shape_crescent_zb05p4_E08p3,method2b_512_full_comsol_colab_cuda,fig3_true_ood,4,split_role/ood_split_family,ood_unseen_shape,230,38,64,0.0745078027248382,0.3768730163574219,0.0595106109976768,0.7391891479492188,0.1410133242607116,0.8082160949707031,0.2064143568277359,0.8514137268066406,0.2730978727340698,0.7677309320198692,0.7984607292385337,0.0910146469230968,1.5531842624128818,0.0211358528457787,0.2895591855049133,0.0777226686477661,,0.7126821279525757
