model,mae_norm,rmse_norm,psnr_norm,ssim_norm,mae_kpa,rmse_kpa,spearman_pixel,n_eval_samples,eval_condition_ids,dataset,split_mode,fold,split_column,test_group,train_count,val_count,test_count,crps_norm,cov50,width50_norm,cov80,width80_norm,cov90,width90_norm,cov95,width95_norm,uncertainty_error_spearman,failure_auroc_top10_abs_error,uce,ence,ause_abs_error,pit_mean,posterior_std_norm_mean,n_posterior_samples,residual_scale
train_mean_prior,0.14408926665782928,0.21952253405825176,13.170417853325851,0.03326273390736718,4.060465335845947,11.480061371004567,,52,F3NCS_0009_iid_support_ellipse_zb07p3_E22p5;F3NCS_0010_iid_support_cylinder_zb06p1_E14p0;F3NCS_0019_iid_support_two_foci_zb05p4_E27p2;F3NCS_0021_iid_support_ellipse_zb05p6_E31p9;F3NCS_0023_iid_support_cylinder_zb05p0_E06p6;F3NCS_0027_iid_support_ellipse_zb02p3_E78p6;F3NCS_0035_iid_support_ellipse_zb02p8_E30p8;F3NCS_0037_iid_support_ellipse_zb08p0_E07p6;F3NCS_0044_iid_support_ellipse_zb07p2_E08p4;F3NCS_0079_iid_support_cylinder_zb04p3_E13p0;F3NCS_0081_iid_support_ellipse_zb05p9_E06p8;F3NCS_0089_iid_support_cylinder_zb05p4_E08p5;F3NCS_0091_iid_support_two_foci_zb03p9_E39p0;F3NCS_0097_iid_support_cylinder_zb06p3_E18p9;F3NCS_0100_iid_support_cylinder_zb03p6_E34p7;F3NCS_0104_iid_support_ellipse_zb03p3_E52p9;F3NCS_0111_iid_support_ellipse_zb03p7_E19p4;F3NCS_0125_iid_support_cylinder_zb06p4_E14p2;F3NCS_0128_iid_support_two_foci_zb02p9_E23p9;F3NCS_0131_iid_support_ellipse_zb05p4_E74p1;F3NCS_0132_iid_support_cylinder_zb07p9_E08p3;F3NCS_0139_iid_support_two_foci_zb03p2_E25p1;F3NCS_0141_iid_support_cylinder_zb01p5_E37p1;F3NCS_0142_iid_support_two_foci_zb05p0_E19p6;F3NCS_0146_iid_support_two_foci_zb04p1_E20p6;F3NCS_0149_iid_support_cylinder_zb03p2_E32p2;F3NCS_0155_iid_support_ellipse_zb06p3_E24p5;F3NCS_0158_iid_support_cylinder_zb05p7_E11p3;F3NCS_0161_iid_support_ellipse_zb01p6_E25p7;F3NCS_0162_iid_support_ellipse_zb03p2_E17p6;F3NCS_0163_iid_support_two_foci_zb06p0_E08p1;F3NCS_0165_iid_support_ellipse_zb04p1_E25p8;F3NCS_0179_iid_support_two_foci_zb03p8_E90p2;F3NCS_0183_iid_support_cylinder_zb06p6_E10p9;F3NCS_0184_iid_support_cylinder_zb03p7_E17p7;F3NCS_0188_iid_support_cylinder_zb02p6_E41p7;F3NCS_0198_iid_support_cylinder_zb05p9_E17p9;F3NCS_0199_iid_support_ellipse_zb06p2_E37p7;F3NCS_0202_iid_support_cylinder_zb03p7_E57p3;F3NCS_0220_iid_support_two_foci_zb02p4_E32p0;F3NCS_0223_iid_support_two_foci_zb05p1_E52p3;F3NCS_0239_iid_support_ellipse_zb02p9_E06p8;F3NCS_0262_iid_support_ellipse_zb05p7_E60p2;F3NCS_0272_iid_support_ellipse_zb02p7_E33p6;F3NCS_0278_iid_support_ellipse_zb02p1_E44p7;F3NCS_0284_iid_support_ellipse_zb03p7_E68p9;F3NCS_0288_iid_support_cylinder_zb03p9_E35p1;F3NCS_0296_iid_support_cylinder_zb06p2_E15p6;F3NCS_0300_iid_support_ellipse_zb07p6_E67p9;F3NCS_0306_iid_support_ellipse_zb04p6_E40p2;F3NCS_0315_iid_support_ellipse_zb08p0_E09p3;F3NCS_0316_iid_support_two_foci_zb02p8_E06p3,method2b_512_full_comsol_colab_cuda,fig3_true_ood,0,split_role/ood_split_family,iid_test,230,38,52,,,,,,,,,,,,,,,,,,
srcnn_bz_single_channel,0.12865367531776428,0.20585746728060195,13.72866749536622,0.10035395378676745,3.89912748336792,11.036156619479787,0.3260831717330646,52,F3NCS_0009_iid_support_ellipse_zb07p3_E22p5;F3NCS_0010_iid_support_cylinder_zb06p1_E14p0;F3NCS_0019_iid_support_two_foci_zb05p4_E27p2;F3NCS_0021_iid_support_ellipse_zb05p6_E31p9;F3NCS_0023_iid_support_cylinder_zb05p0_E06p6;F3NCS_0027_iid_support_ellipse_zb02p3_E78p6;F3NCS_0035_iid_support_ellipse_zb02p8_E30p8;F3NCS_0037_iid_support_ellipse_zb08p0_E07p6;F3NCS_0044_iid_support_ellipse_zb07p2_E08p4;F3NCS_0079_iid_support_cylinder_zb04p3_E13p0;F3NCS_0081_iid_support_ellipse_zb05p9_E06p8;F3NCS_0089_iid_support_cylinder_zb05p4_E08p5;F3NCS_0091_iid_support_two_foci_zb03p9_E39p0;F3NCS_0097_iid_support_cylinder_zb06p3_E18p9;F3NCS_0100_iid_support_cylinder_zb03p6_E34p7;F3NCS_0104_iid_support_ellipse_zb03p3_E52p9;F3NCS_0111_iid_support_ellipse_zb03p7_E19p4;F3NCS_0125_iid_support_cylinder_zb06p4_E14p2;F3NCS_0128_iid_support_two_foci_zb02p9_E23p9;F3NCS_0131_iid_support_ellipse_zb05p4_E74p1;F3NCS_0132_iid_support_cylinder_zb07p9_E08p3;F3NCS_0139_iid_support_two_foci_zb03p2_E25p1;F3NCS_0141_iid_support_cylinder_zb01p5_E37p1;F3NCS_0142_iid_support_two_foci_zb05p0_E19p6;F3NCS_0146_iid_support_two_foci_zb04p1_E20p6;F3NCS_0149_iid_support_cylinder_zb03p2_E32p2;F3NCS_0155_iid_support_ellipse_zb06p3_E24p5;F3NCS_0158_iid_support_cylinder_zb05p7_E11p3;F3NCS_0161_iid_support_ellipse_zb01p6_E25p7;F3NCS_0162_iid_support_ellipse_zb03p2_E17p6;F3NCS_0163_iid_support_two_foci_zb06p0_E08p1;F3NCS_0165_iid_support_ellipse_zb04p1_E25p8;F3NCS_0179_iid_support_two_foci_zb03p8_E90p2;F3NCS_0183_iid_support_cylinder_zb06p6_E10p9;F3NCS_0184_iid_support_cylinder_zb03p7_E17p7;F3NCS_0188_iid_support_cylinder_zb02p6_E41p7;F3NCS_0198_iid_support_cylinder_zb05p9_E17p9;F3NCS_0199_iid_support_ellipse_zb06p2_E37p7;F3NCS_0202_iid_support_cylinder_zb03p7_E57p3;F3NCS_0220_iid_support_two_foci_zb02p4_E32p0;F3NCS_0223_iid_support_two_foci_zb05p1_E52p3;F3NCS_0239_iid_support_ellipse_zb02p9_E06p8;F3NCS_0262_iid_support_ellipse_zb05p7_E60p2;F3NCS_0272_iid_support_ellipse_zb02p7_E33p6;F3NCS_0278_iid_support_ellipse_zb02p1_E44p7;F3NCS_0284_iid_support_ellipse_zb03p7_E68p9;F3NCS_0288_iid_support_cylinder_zb03p9_E35p1;F3NCS_0296_iid_support_cylinder_zb06p2_E15p6;F3NCS_0300_iid_support_ellipse_zb07p6_E67p9;F3NCS_0306_iid_support_ellipse_zb04p6_E40p2;F3NCS_0315_iid_support_ellipse_zb08p0_E09p3;F3NCS_0316_iid_support_two_foci_zb02p8_E06p3,method2b_512_full_comsol_colab_cuda,fig3_true_ood,0,split_role/ood_split_family,iid_test,230,38,52,0.12865367531776428,0.0,0.0,0.0,0.0,0.0,0.0,0.0,0.0,,0.5,0.204418347581196,20441834.758119598,0.09389988719656525,0.14121657609939575,0.0,,
unet_canonical_bxyz,0.08079663664102554,0.15773609478803194,16.041378311787682,0.3405571012542798,3.0146050453186035,9.098388327941143,0.555825319658768,52,F3NCS_0009_iid_support_ellipse_zb07p3_E22p5;F3NCS_0010_iid_support_cylinder_zb06p1_E14p0;F3NCS_0019_iid_support_two_foci_zb05p4_E27p2;F3NCS_0021_iid_support_ellipse_zb05p6_E31p9;F3NCS_0023_iid_support_cylinder_zb05p0_E06p6;F3NCS_0027_iid_support_ellipse_zb02p3_E78p6;F3NCS_0035_iid_support_ellipse_zb02p8_E30p8;F3NCS_0037_iid_support_ellipse_zb08p0_E07p6;F3NCS_0044_iid_support_ellipse_zb07p2_E08p4;F3NCS_0079_iid_support_cylinder_zb04p3_E13p0;F3NCS_0081_iid_support_ellipse_zb05p9_E06p8;F3NCS_0089_iid_support_cylinder_zb05p4_E08p5;F3NCS_0091_iid_support_two_foci_zb03p9_E39p0;F3NCS_0097_iid_support_cylinder_zb06p3_E18p9;F3NCS_0100_iid_support_cylinder_zb03p6_E34p7;F3NCS_0104_iid_support_ellipse_zb03p3_E52p9;F3NCS_0111_iid_support_ellipse_zb03p7_E19p4;F3NCS_0125_iid_support_cylinder_zb06p4_E14p2;F3NCS_0128_iid_support_two_foci_zb02p9_E23p9;F3NCS_0131_iid_support_ellipse_zb05p4_E74p1;F3NCS_0132_iid_support_cylinder_zb07p9_E08p3;F3NCS_0139_iid_support_two_foci_zb03p2_E25p1;F3NCS_0141_iid_support_cylinder_zb01p5_E37p1;F3NCS_0142_iid_support_two_foci_zb05p0_E19p6;F3NCS_0146_iid_support_two_foci_zb04p1_E20p6;F3NCS_0149_iid_support_cylinder_zb03p2_E32p2;F3NCS_0155_iid_support_ellipse_zb06p3_E24p5;F3NCS_0158_iid_support_cylinder_zb05p7_E11p3;F3NCS_0161_iid_support_ellipse_zb01p6_E25p7;F3NCS_0162_iid_support_ellipse_zb03p2_E17p6;F3NCS_0163_iid_support_two_foci_zb06p0_E08p1;F3NCS_0165_iid_support_ellipse_zb04p1_E25p8;F3NCS_0179_iid_support_two_foci_zb03p8_E90p2;F3NCS_0183_iid_support_cylinder_zb06p6_E10p9;F3NCS_0184_iid_support_cylinder_zb03p7_E17p7;F3NCS_0188_iid_support_cylinder_zb02p6_E41p7;F3NCS_0198_iid_support_cylinder_zb05p9_E17p9;F3NCS_0199_iid_support_ellipse_zb06p2_E37p7;F3NCS_0202_iid_support_cylinder_zb03p7_E57p3;F3NCS_0220_iid_support_two_foci_zb02p4_E32p0;F3NCS_0223_iid_support_two_foci_zb05p1_E52p3;F3NCS_0239_iid_support_ellipse_zb02p9_E06p8;F3NCS_0262_iid_support_ellipse_zb05p7_E60p2;F3NCS_0272_iid_support_ellipse_zb02p7_E33p6;F3NCS_0278_iid_support_ellipse_zb02p1_E44p7;F3NCS_0284_iid_support_ellipse_zb03p7_E68p9;F3NCS_0288_iid_support_cylinder_zb03p9_E35p1;F3NCS_0296_iid_support_cylinder_zb06p2_E15p6;F3NCS_0300_iid_support_ellipse_zb07p6_E67p9;F3NCS_0306_iid_support_ellipse_zb04p6_E40p2;F3NCS_0315_iid_support_ellipse_zb08p0_E09p3;F3NCS_0316_iid_support_two_foci_zb02p8_E06p3,method2b_512_full_comsol_colab_cuda,fig3_true_ood,0,split_role/ood_split_family,iid_test,230,38,52,0.08079663664102554,0.0,0.0,0.0,0.0,0.0,0.0,0.0,0.0,,0.5,0.15652697151354625,15652697.151354624,0.06689275188624015,0.09737455099821091,0.0,,
vanilla_diffusion,0.4334426522254944,0.44653704074818595,7.002850201339655,0.05419709264802245,11.927923202514648,13.708825625282936,0.2534696395039621,52,F3NCS_0009_iid_support_ellipse_zb07p3_E22p5;F3NCS_0010_iid_support_cylinder_zb06p1_E14p0;F3NCS_0019_iid_support_two_foci_zb05p4_E27p2;F3NCS_0021_iid_support_ellipse_zb05p6_E31p9;F3NCS_0023_iid_support_cylinder_zb05p0_E06p6;F3NCS_0027_iid_support_ellipse_zb02p3_E78p6;F3NCS_0035_iid_support_ellipse_zb02p8_E30p8;F3NCS_0037_iid_support_ellipse_zb08p0_E07p6;F3NCS_0044_iid_support_ellipse_zb07p2_E08p4;F3NCS_0079_iid_support_cylinder_zb04p3_E13p0;F3NCS_0081_iid_support_ellipse_zb05p9_E06p8;F3NCS_0089_iid_support_cylinder_zb05p4_E08p5;F3NCS_0091_iid_support_two_foci_zb03p9_E39p0;F3NCS_0097_iid_support_cylinder_zb06p3_E18p9;F3NCS_0100_iid_support_cylinder_zb03p6_E34p7;F3NCS_0104_iid_support_ellipse_zb03p3_E52p9;F3NCS_0111_iid_support_ellipse_zb03p7_E19p4;F3NCS_0125_iid_support_cylinder_zb06p4_E14p2;F3NCS_0128_iid_support_two_foci_zb02p9_E23p9;F3NCS_0131_iid_support_ellipse_zb05p4_E74p1;F3NCS_0132_iid_support_cylinder_zb07p9_E08p3;F3NCS_0139_iid_support_two_foci_zb03p2_E25p1;F3NCS_0141_iid_support_cylinder_zb01p5_E37p1;F3NCS_0142_iid_support_two_foci_zb05p0_E19p6;F3NCS_0146_iid_support_two_foci_zb04p1_E20p6;F3NCS_0149_iid_support_cylinder_zb03p2_E32p2;F3NCS_0155_iid_support_ellipse_zb06p3_E24p5;F3NCS_0158_iid_support_cylinder_zb05p7_E11p3;F3NCS_0161_iid_support_ellipse_zb01p6_E25p7;F3NCS_0162_iid_support_ellipse_zb03p2_E17p6;F3NCS_0163_iid_support_two_foci_zb06p0_E08p1;F3NCS_0165_iid_support_ellipse_zb04p1_E25p8;F3NCS_0179_iid_support_two_foci_zb03p8_E90p2;F3NCS_0183_iid_support_cylinder_zb06p6_E10p9;F3NCS_0184_iid_support_cylinder_zb03p7_E17p7;F3NCS_0188_iid_support_cylinder_zb02p6_E41p7;F3NCS_0198_iid_support_cylinder_zb05p9_E17p9;F3NCS_0199_iid_support_ellipse_zb06p2_E37p7;F3NCS_0202_iid_support_cylinder_zb03p7_E57p3;F3NCS_0220_iid_support_two_foci_zb02p4_E32p0;F3NCS_0223_iid_support_two_foci_zb05p1_E52p3;F3NCS_0239_iid_support_ellipse_zb02p9_E06p8;F3NCS_0262_iid_support_ellipse_zb05p7_E60p2;F3NCS_0272_iid_support_ellipse_zb02p7_E33p6;F3NCS_0278_iid_support_ellipse_zb02p1_E44p7;F3NCS_0284_iid_support_ellipse_zb03p7_E68p9;F3NCS_0288_iid_support_cylinder_zb03p9_E35p1;F3NCS_0296_iid_support_cylinder_zb06p2_E15p6;F3NCS_0300_iid_support_ellipse_zb07p6_E67p9;F3NCS_0306_iid_support_ellipse_zb04p6_E40p2;F3NCS_0315_iid_support_ellipse_zb08p0_E09p3;F3NCS_0316_iid_support_two_foci_zb02p8_E06p3,method2b_512_full_comsol_colab_cuda,fig3_true_ood,0,split_role/ood_split_family,iid_test,230,38,52,,,,,,,,,,,,,,,,0.08113711327314377,64.0,
prior_init_diffusion_unet,0.08264675736427307,0.15783153858162208,16.03612419700925,0.19985378447633523,3.0116801261901855,9.104031652734099,0.5468823377943481,52,F3NCS_0009_iid_support_ellipse_zb07p3_E22p5;F3NCS_0010_iid_support_cylinder_zb06p1_E14p0;F3NCS_0019_iid_support_two_foci_zb05p4_E27p2;F3NCS_0021_iid_support_ellipse_zb05p6_E31p9;F3NCS_0023_iid_support_cylinder_zb05p0_E06p6;F3NCS_0027_iid_support_ellipse_zb02p3_E78p6;F3NCS_0035_iid_support_ellipse_zb02p8_E30p8;F3NCS_0037_iid_support_ellipse_zb08p0_E07p6;F3NCS_0044_iid_support_ellipse_zb07p2_E08p4;F3NCS_0079_iid_support_cylinder_zb04p3_E13p0;F3NCS_0081_iid_support_ellipse_zb05p9_E06p8;F3NCS_0089_iid_support_cylinder_zb05p4_E08p5;F3NCS_0091_iid_support_two_foci_zb03p9_E39p0;F3NCS_0097_iid_support_cylinder_zb06p3_E18p9;F3NCS_0100_iid_support_cylinder_zb03p6_E34p7;F3NCS_0104_iid_support_ellipse_zb03p3_E52p9;F3NCS_0111_iid_support_ellipse_zb03p7_E19p4;F3NCS_0125_iid_support_cylinder_zb06p4_E14p2;F3NCS_0128_iid_support_two_foci_zb02p9_E23p9;F3NCS_0131_iid_support_ellipse_zb05p4_E74p1;F3NCS_0132_iid_support_cylinder_zb07p9_E08p3;F3NCS_0139_iid_support_two_foci_zb03p2_E25p1;F3NCS_0141_iid_support_cylinder_zb01p5_E37p1;F3NCS_0142_iid_support_two_foci_zb05p0_E19p6;F3NCS_0146_iid_support_two_foci_zb04p1_E20p6;F3NCS_0149_iid_support_cylinder_zb03p2_E32p2;F3NCS_0155_iid_support_ellipse_zb06p3_E24p5;F3NCS_0158_iid_support_cylinder_zb05p7_E11p3;F3NCS_0161_iid_support_ellipse_zb01p6_E25p7;F3NCS_0162_iid_support_ellipse_zb03p2_E17p6;F3NCS_0163_iid_support_two_foci_zb06p0_E08p1;F3NCS_0165_iid_support_ellipse_zb04p1_E25p8;F3NCS_0179_iid_support_two_foci_zb03p8_E90p2;F3NCS_0183_iid_support_cylinder_zb06p6_E10p9;F3NCS_0184_iid_support_cylinder_zb03p7_E17p7;F3NCS_0188_iid_support_cylinder_zb02p6_E41p7;F3NCS_0198_iid_support_cylinder_zb05p9_E17p9;F3NCS_0199_iid_support_ellipse_zb06p2_E37p7;F3NCS_0202_iid_support_cylinder_zb03p7_E57p3;F3NCS_0220_iid_support_two_foci_zb02p4_E32p0;F3NCS_0223_iid_support_two_foci_zb05p1_E52p3;F3NCS_0239_iid_support_ellipse_zb02p9_E06p8;F3NCS_0262_iid_support_ellipse_zb05p7_E60p2;F3NCS_0272_iid_support_ellipse_zb02p7_E33p6;F3NCS_0278_iid_support_ellipse_zb02p1_E44p7;F3NCS_0284_iid_support_ellipse_zb03p7_E68p9;F3NCS_0288_iid_support_cylinder_zb03p9_E35p1;F3NCS_0296_iid_support_cylinder_zb06p2_E15p6;F3NCS_0300_iid_support_ellipse_zb07p6_E67p9;F3NCS_0306_iid_support_ellipse_zb04p6_E40p2;F3NCS_0315_iid_support_ellipse_zb08p0_E09p3;F3NCS_0316_iid_support_two_foci_zb02p8_E06p3,method2b_512_full_comsol_colab_cuda,fig3_true_ood,0,split_role/ood_split_family,iid_test,230,38,52,0.0773313045501709,0.004310021176934242,0.012694074772298336,0.008408766239881516,0.02395142987370491,0.010789137333631516,0.030385902151465416,0.014394907280802727,0.03563481941819191,0.7179840925828777,0.8521064609561955,0.12167200370944667,12.061297078465325,0.012314056780471951,0.10023997724056244,0.009561670012772083,,
residual_likelihood_guided_diffusion,0.08263804018497467,0.15781603658131524,16.036977355243547,0.19983424002734515,3.0102620124816895,9.101603574209893,0.5470706738877157,52,F3NCS_0009_iid_support_ellipse_zb07p3_E22p5;F3NCS_0010_iid_support_cylinder_zb06p1_E14p0;F3NCS_0019_iid_support_two_foci_zb05p4_E27p2;F3NCS_0021_iid_support_ellipse_zb05p6_E31p9;F3NCS_0023_iid_support_cylinder_zb05p0_E06p6;F3NCS_0027_iid_support_ellipse_zb02p3_E78p6;F3NCS_0035_iid_support_ellipse_zb02p8_E30p8;F3NCS_0037_iid_support_ellipse_zb08p0_E07p6;F3NCS_0044_iid_support_ellipse_zb07p2_E08p4;F3NCS_0079_iid_support_cylinder_zb04p3_E13p0;F3NCS_0081_iid_support_ellipse_zb05p9_E06p8;F3NCS_0089_iid_support_cylinder_zb05p4_E08p5;F3NCS_0091_iid_support_two_foci_zb03p9_E39p0;F3NCS_0097_iid_support_cylinder_zb06p3_E18p9;F3NCS_0100_iid_support_cylinder_zb03p6_E34p7;F3NCS_0104_iid_support_ellipse_zb03p3_E52p9;F3NCS_0111_iid_support_ellipse_zb03p7_E19p4;F3NCS_0125_iid_support_cylinder_zb06p4_E14p2;F3NCS_0128_iid_support_two_foci_zb02p9_E23p9;F3NCS_0131_iid_support_ellipse_zb05p4_E74p1;F3NCS_0132_iid_support_cylinder_zb07p9_E08p3;F3NCS_0139_iid_support_two_foci_zb03p2_E25p1;F3NCS_0141_iid_support_cylinder_zb01p5_E37p1;F3NCS_0142_iid_support_two_foci_zb05p0_E19p6;F3NCS_0146_iid_support_two_foci_zb04p1_E20p6;F3NCS_0149_iid_support_cylinder_zb03p2_E32p2;F3NCS_0155_iid_support_ellipse_zb06p3_E24p5;F3NCS_0158_iid_support_cylinder_zb05p7_E11p3;F3NCS_0161_iid_support_ellipse_zb01p6_E25p7;F3NCS_0162_iid_support_ellipse_zb03p2_E17p6;F3NCS_0163_iid_support_two_foci_zb06p0_E08p1;F3NCS_0165_iid_support_ellipse_zb04p1_E25p8;F3NCS_0179_iid_support_two_foci_zb03p8_E90p2;F3NCS_0183_iid_support_cylinder_zb06p6_E10p9;F3NCS_0184_iid_support_cylinder_zb03p7_E17p7;F3NCS_0188_iid_support_cylinder_zb02p6_E41p7;F3NCS_0198_iid_support_cylinder_zb05p9_E17p9;F3NCS_0199_iid_support_ellipse_zb06p2_E37p7;F3NCS_0202_iid_support_cylinder_zb03p7_E57p3;F3NCS_0220_iid_support_two_foci_zb02p4_E32p0;F3NCS_0223_iid_support_two_foci_zb05p1_E52p3;F3NCS_0239_iid_support_ellipse_zb02p9_E06p8;F3NCS_0262_iid_support_ellipse_zb05p7_E60p2;F3NCS_0272_iid_support_ellipse_zb02p7_E33p6;F3NCS_0278_iid_support_ellipse_zb02p1_E44p7;F3NCS_0284_iid_support_ellipse_zb03p7_E68p9;F3NCS_0288_iid_support_cylinder_zb03p9_E35p1;F3NCS_0296_iid_support_cylinder_zb06p2_E15p6;F3NCS_0300_iid_support_ellipse_zb07p6_E67p9;F3NCS_0306_iid_support_ellipse_zb04p6_E40p2;F3NCS_0315_iid_support_ellipse_zb08p0_E09p3;F3NCS_0316_iid_support_two_foci_zb02p8_E06p3,method2b_512_full_comsol_colab_cuda,fig3_true_ood,0,split_role/ood_split_family,iid_test,230,38,52,0.07732152938842773,0.004413311369717121,0.012699290178716183,0.008432241156697273,0.023953752592206,0.010897123254835606,0.030392276123166084,0.014230581000447273,0.03565138205885887,0.7162916353141449,0.8522425546644221,0.12166548906746573,12.050361614082426,0.012258739752513707,0.10020916163921356,0.009562925435602665,,
explicit_residual_target_diffusion,0.0926109030842781,0.1600198804808933,15.916521166032155,0.16884153293302426,3.1470179557800293,9.175910958534052,0.5480053036402752,52,F3NCS_0009_iid_support_ellipse_zb07p3_E22p5;F3NCS_0010_iid_support_cylinder_zb06p1_E14p0;F3NCS_0019_iid_support_two_foci_zb05p4_E27p2;F3NCS_0021_iid_support_ellipse_zb05p6_E31p9;F3NCS_0023_iid_support_cylinder_zb05p0_E06p6;F3NCS_0027_iid_support_ellipse_zb02p3_E78p6;F3NCS_0035_iid_support_ellipse_zb02p8_E30p8;F3NCS_0037_iid_support_ellipse_zb08p0_E07p6;F3NCS_0044_iid_support_ellipse_zb07p2_E08p4;F3NCS_0079_iid_support_cylinder_zb04p3_E13p0;F3NCS_0081_iid_support_ellipse_zb05p9_E06p8;F3NCS_0089_iid_support_cylinder_zb05p4_E08p5;F3NCS_0091_iid_support_two_foci_zb03p9_E39p0;F3NCS_0097_iid_support_cylinder_zb06p3_E18p9;F3NCS_0100_iid_support_cylinder_zb03p6_E34p7;F3NCS_0104_iid_support_ellipse_zb03p3_E52p9;F3NCS_0111_iid_support_ellipse_zb03p7_E19p4;F3NCS_0125_iid_support_cylinder_zb06p4_E14p2;F3NCS_0128_iid_support_two_foci_zb02p9_E23p9;F3NCS_0131_iid_support_ellipse_zb05p4_E74p1;F3NCS_0132_iid_support_cylinder_zb07p9_E08p3;F3NCS_0139_iid_support_two_foci_zb03p2_E25p1;F3NCS_0141_iid_support_cylinder_zb01p5_E37p1;F3NCS_0142_iid_support_two_foci_zb05p0_E19p6;F3NCS_0146_iid_support_two_foci_zb04p1_E20p6;F3NCS_0149_iid_support_cylinder_zb03p2_E32p2;F3NCS_0155_iid_support_ellipse_zb06p3_E24p5;F3NCS_0158_iid_support_cylinder_zb05p7_E11p3;F3NCS_0161_iid_support_ellipse_zb01p6_E25p7;F3NCS_0162_iid_support_ellipse_zb03p2_E17p6;F3NCS_0163_iid_support_two_foci_zb06p0_E08p1;F3NCS_0165_iid_support_ellipse_zb04p1_E25p8;F3NCS_0179_iid_support_two_foci_zb03p8_E90p2;F3NCS_0183_iid_support_cylinder_zb06p6_E10p9;F3NCS_0184_iid_support_cylinder_zb03p7_E17p7;F3NCS_0188_iid_support_cylinder_zb02p6_E41p7;F3NCS_0198_iid_support_cylinder_zb05p9_E17p9;F3NCS_0199_iid_support_ellipse_zb06p2_E37p7;F3NCS_0202_iid_support_cylinder_zb03p7_E57p3;F3NCS_0220_iid_support_two_foci_zb02p4_E32p0;F3NCS_0223_iid_support_two_foci_zb05p1_E52p3;F3NCS_0239_iid_support_ellipse_zb02p9_E06p8;F3NCS_0262_iid_support_ellipse_zb05p7_E60p2;F3NCS_0272_iid_support_ellipse_zb02p7_E33p6;F3NCS_0278_iid_support_ellipse_zb02p1_E44p7;F3NCS_0284_iid_support_ellipse_zb03p7_E68p9;F3NCS_0288_iid_support_cylinder_zb03p9_E35p1;F3NCS_0296_iid_support_cylinder_zb06p2_E15p6;F3NCS_0300_iid_support_ellipse_zb07p6_E67p9;F3NCS_0306_iid_support_ellipse_zb04p6_E40p2;F3NCS_0315_iid_support_ellipse_zb08p0_E09p3;F3NCS_0316_iid_support_two_foci_zb02p8_E06p3,method2b_512_full_comsol_colab_cuda,fig3_true_ood,0,split_role/ood_split_family,iid_test,230,38,52,0.061840739101171494,0.6430711150169373,0.0517641082406044,0.7712026834487915,0.1350216567516327,0.8241389393806458,0.20970967411994934,0.8651827573776245,0.28242138028144836,0.7605353380764761,0.7898684683342283,0.07022787744311465,1.0477482956876096,0.019629739431291718,0.38449403643608093,0.07840326428413391,,0.7210809588432312
train_mean_prior,0.14388059079647064,0.22275564417982638,13.043425660066553,0.033096903935074806,4.35940408706665,13.246117364878684,,64,F3NCS_0384_ood_unseen_depth_range_two_foci_zb11p3_E39p2;F3NCS_0385_ood_unseen_depth_range_cylinder_zb11p5_E77p5;F3NCS_0386_ood_unseen_depth_range_ellipse_zb09p6_E94p6;F3NCS_0387_ood_unseen_depth_range_ellipse_zb10p9_E15p1;F3NCS_0388_ood_unseen_depth_range_two_foci_zb12p8_E07p0;F3NCS_0389_ood_unseen_depth_range_two_foci_zb08p9_E35p1;F3NCS_0390_ood_unseen_depth_range_two_foci_zb08p6_E39p9;F3NCS_0391_ood_unseen_depth_range_ellipse_zb11p5_E49p0;F3NCS_0392_ood_unseen_depth_range_two_foci_zb09p8_E39p6;F3NCS_0393_ood_unseen_depth_range_two_foci_zb13p5_E10p5;F3NCS_0394_ood_unseen_depth_range_cylinder_zb13p1_E17p7;F3NCS_0395_ood_unseen_depth_range_ellipse_zb11p9_E19p2;F3NCS_0396_ood_unseen_depth_range_ellipse_zb12p8_E35p8;F3NCS_0397_ood_unseen_depth_range_ellipse_zb11p0_E90p4;F3NCS_0398_ood_unseen_depth_range_two_foci_zb09p3_E06p2;F3NCS_0399_ood_unseen_depth_range_two_foci_zb12p6_E13p2;F3NCS_0400_ood_unseen_depth_range_ellipse_zb13p7_E19p7;F3NCS_0401_ood_unseen_depth_range_ellipse_zb09p5_E63p3;F3NCS_0402_ood_unseen_depth_range_cylinder_zb09p7_E17p8;F3NCS_0403_ood_unseen_depth_range_cylinder_zb13p3_E13p7;F3NCS_0404_ood_unseen_depth_range_two_foci_zb08p6_E25p9;F3NCS_0405_ood_unseen_depth_range_cylinder_zb09p6_E16p6;F3NCS_0406_ood_unseen_depth_range_two_foci_zb12p7_E08p4;F3NCS_0407_ood_unseen_depth_range_two_foci_zb10p5_E11p3;F3NCS_0408_ood_unseen_depth_range_ellipse_zb12p1_E31p3;F3NCS_0409_ood_unseen_depth_range_two_foci_zb08p9_E07p6;F3NCS_0410_ood_unseen_depth_range_ellipse_zb13p0_E23p5;F3NCS_0411_ood_unseen_depth_range_two_foci_zb14p0_E48p4;F3NCS_0412_ood_unseen_depth_range_ellipse_zb12p8_E74p8;F3NCS_0413_ood_unseen_depth_range_ellipse_zb12p0_E10p1;F3NCS_0414_ood_unseen_depth_range_cylinder_zb10p0_E74p1;F3NCS_0415_ood_unseen_depth_range_two_foci_zb11p6_E74p6;F3NCS_0416_ood_unseen_depth_range_two_foci_zb10p5_E76p3;F3NCS_0417_ood_unseen_depth_range_two_foci_zb13p3_E17p8;F3NCS_0418_ood_unseen_depth_range_ellipse_zb13p8_E28p3;F3NCS_0419_ood_unseen_depth_range_ellipse_zb09p0_E16p3;F3NCS_0420_ood_unseen_depth_range_cylinder_zb13p3_E28p6;F3NCS_0421_ood_unseen_depth_range_cylinder_zb11p0_E23p8;F3NCS_0422_ood_unseen_depth_range_ellipse_zb11p4_E23p6;F3NCS_0423_ood_unseen_depth_range_ellipse_zb09p3_E11p4;F3NCS_0424_ood_unseen_depth_range_ellipse_zb11p1_E21p4;F3NCS_0425_ood_unseen_depth_range_two_foci_zb13p1_E09p6;F3NCS_0426_ood_unseen_depth_range_cylinder_zb10p6_E06p2;F3NCS_0427_ood_unseen_depth_range_ellipse_zb13p9_E58p6;F3NCS_0428_ood_unseen_depth_range_ellipse_zb10p2_E73p0;F3NCS_0429_ood_unseen_depth_range_two_foci_zb09p5_E07p0;F3NCS_0430_ood_unseen_depth_range_two_foci_zb11p3_E33p1;F3NCS_0431_ood_unseen_depth_range_cylinder_zb08p8_E06p7;F3NCS_0432_ood_unseen_depth_range_cylinder_zb09p3_E08p3;F3NCS_0433_ood_unseen_depth_range_cylinder_zb12p9_E86p3;F3NCS_0434_ood_unseen_depth_range_ellipse_zb13p9_E71p4;F3NCS_0435_ood_unseen_depth_range_cylinder_zb10p5_E25p4;F3NCS_0436_ood_unseen_depth_range_ellipse_zb11p9_E84p1;F3NCS_0437_ood_unseen_depth_range_ellipse_zb10p1_E14p8;F3NCS_0438_ood_unseen_depth_range_ellipse_zb10p1_E24p0;F3NCS_0439_ood_unseen_depth_range_ellipse_zb10p5_E33p5;F3NCS_0440_ood_unseen_depth_range_two_foci_zb12p0_E12p1;F3NCS_0441_ood_unseen_depth_range_ellipse_zb12p4_E06p2;F3NCS_0442_ood_unseen_depth_range_ellipse_zb11p7_E13p1;F3NCS_0443_ood_unseen_depth_range_ellipse_zb11p2_E14p1;F3NCS_0444_ood_unseen_depth_range_ellipse_zb10p4_E07p3;F3NCS_0445_ood_unseen_depth_range_two_foci_zb13p3_E51p9;F3NCS_0446_ood_unseen_depth_range_cylinder_zb12p2_E10p8;F3NCS_0447_ood_unseen_depth_range_two_foci_zb11p7_E11p2,method2b_512_full_comsol_colab_cuda,fig3_true_ood,1,split_role/ood_split_family,ood_unseen_depth_range,230,38,64,,,,,,,,,,,,,,,,,,
srcnn_bz_single_channel,0.11550848186016083,0.21154484028552306,13.491951258495188,0.17941819713450968,4.049288272857666,12.989354983813007,0.3196841087151633,64,F3NCS_0384_ood_unseen_depth_range_two_foci_zb11p3_E39p2;F3NCS_0385_ood_unseen_depth_range_cylinder_zb11p5_E77p5;F3NCS_0386_ood_unseen_depth_range_ellipse_zb09p6_E94p6;F3NCS_0387_ood_unseen_depth_range_ellipse_zb10p9_E15p1;F3NCS_0388_ood_unseen_depth_range_two_foci_zb12p8_E07p0;F3NCS_0389_ood_unseen_depth_range_two_foci_zb08p9_E35p1;F3NCS_0390_ood_unseen_depth_range_two_foci_zb08p6_E39p9;F3NCS_0391_ood_unseen_depth_range_ellipse_zb11p5_E49p0;F3NCS_0392_ood_unseen_depth_range_two_foci_zb09p8_E39p6;F3NCS_0393_ood_unseen_depth_range_two_foci_zb13p5_E10p5;F3NCS_0394_ood_unseen_depth_range_cylinder_zb13p1_E17p7;F3NCS_0395_ood_unseen_depth_range_ellipse_zb11p9_E19p2;F3NCS_0396_ood_unseen_depth_range_ellipse_zb12p8_E35p8;F3NCS_0397_ood_unseen_depth_range_ellipse_zb11p0_E90p4;F3NCS_0398_ood_unseen_depth_range_two_foci_zb09p3_E06p2;F3NCS_0399_ood_unseen_depth_range_two_foci_zb12p6_E13p2;F3NCS_0400_ood_unseen_depth_range_ellipse_zb13p7_E19p7;F3NCS_0401_ood_unseen_depth_range_ellipse_zb09p5_E63p3;F3NCS_0402_ood_unseen_depth_range_cylinder_zb09p7_E17p8;F3NCS_0403_ood_unseen_depth_range_cylinder_zb13p3_E13p7;F3NCS_0404_ood_unseen_depth_range_two_foci_zb08p6_E25p9;F3NCS_0405_ood_unseen_depth_range_cylinder_zb09p6_E16p6;F3NCS_0406_ood_unseen_depth_range_two_foci_zb12p7_E08p4;F3NCS_0407_ood_unseen_depth_range_two_foci_zb10p5_E11p3;F3NCS_0408_ood_unseen_depth_range_ellipse_zb12p1_E31p3;F3NCS_0409_ood_unseen_depth_range_two_foci_zb08p9_E07p6;F3NCS_0410_ood_unseen_depth_range_ellipse_zb13p0_E23p5;F3NCS_0411_ood_unseen_depth_range_two_foci_zb14p0_E48p4;F3NCS_0412_ood_unseen_depth_range_ellipse_zb12p8_E74p8;F3NCS_0413_ood_unseen_depth_range_ellipse_zb12p0_E10p1;F3NCS_0414_ood_unseen_depth_range_cylinder_zb10p0_E74p1;F3NCS_0415_ood_unseen_depth_range_two_foci_zb11p6_E74p6;F3NCS_0416_ood_unseen_depth_range_two_foci_zb10p5_E76p3;F3NCS_0417_ood_unseen_depth_range_two_foci_zb13p3_E17p8;F3NCS_0418_ood_unseen_depth_range_ellipse_zb13p8_E28p3;F3NCS_0419_ood_unseen_depth_range_ellipse_zb09p0_E16p3;F3NCS_0420_ood_unseen_depth_range_cylinder_zb13p3_E28p6;F3NCS_0421_ood_unseen_depth_range_cylinder_zb11p0_E23p8;F3NCS_0422_ood_unseen_depth_range_ellipse_zb11p4_E23p6;F3NCS_0423_ood_unseen_depth_range_ellipse_zb09p3_E11p4;F3NCS_0424_ood_unseen_depth_range_ellipse_zb11p1_E21p4;F3NCS_0425_ood_unseen_depth_range_two_foci_zb13p1_E09p6;F3NCS_0426_ood_unseen_depth_range_cylinder_zb10p6_E06p2;F3NCS_0427_ood_unseen_depth_range_ellipse_zb13p9_E58p6;F3NCS_0428_ood_unseen_depth_range_ellipse_zb10p2_E73p0;F3NCS_0429_ood_unseen_depth_range_two_foci_zb09p5_E07p0;F3NCS_0430_ood_unseen_depth_range_two_foci_zb11p3_E33p1;F3NCS_0431_ood_unseen_depth_range_cylinder_zb08p8_E06p7;F3NCS_0432_ood_unseen_depth_range_cylinder_zb09p3_E08p3;F3NCS_0433_ood_unseen_depth_range_cylinder_zb12p9_E86p3;F3NCS_0434_ood_unseen_depth_range_ellipse_zb13p9_E71p4;F3NCS_0435_ood_unseen_depth_range_cylinder_zb10p5_E25p4;F3NCS_0436_ood_unseen_depth_range_ellipse_zb11p9_E84p1;F3NCS_0437_ood_unseen_depth_range_ellipse_zb10p1_E14p8;F3NCS_0438_ood_unseen_depth_range_ellipse_zb10p1_E24p0;F3NCS_0439_ood_unseen_depth_range_ellipse_zb10p5_E33p5;F3NCS_0440_ood_unseen_depth_range_two_foci_zb12p0_E12p1;F3NCS_0441_ood_unseen_depth_range_ellipse_zb12p4_E06p2;F3NCS_0442_ood_unseen_depth_range_ellipse_zb11p7_E13p1;F3NCS_0443_ood_unseen_depth_range_ellipse_zb11p2_E14p1;F3NCS_0444_ood_unseen_depth_range_ellipse_zb10p4_E07p3;F3NCS_0445_ood_unseen_depth_range_two_foci_zb13p3_E51p9;F3NCS_0446_ood_unseen_depth_range_cylinder_zb12p2_E10p8;F3NCS_0447_ood_unseen_depth_range_two_foci_zb11p7_E11p2,method2b_512_full_comsol_colab_cuda,fig3_true_ood,1,split_role/ood_split_family,ood_unseen_depth_range,230,38,64,0.11550847440958023,0.0,0.0,0.0,0.0,0.0,0.0,0.0,0.0,,0.5,0.20946973655810322,20946973.655810326,0.0806271900046933,0.14310455322265625,0.0,,
unet_canonical_bxyz,0.07198353856801987,0.15545522496803374,16.167893528169998,0.4162107612937689,3.091672658920288,10.85566096840884,0.5471940890857209,64,F3NCS_0384_ood_unseen_depth_range_two_foci_zb11p3_E39p2;F3NCS_0385_ood_unseen_depth_range_cylinder_zb11p5_E77p5;F3NCS_0386_ood_unseen_depth_range_ellipse_zb09p6_E94p6;F3NCS_0387_ood_unseen_depth_range_ellipse_zb10p9_E15p1;F3NCS_0388_ood_unseen_depth_range_two_foci_zb12p8_E07p0;F3NCS_0389_ood_unseen_depth_range_two_foci_zb08p9_E35p1;F3NCS_0390_ood_unseen_depth_range_two_foci_zb08p6_E39p9;F3NCS_0391_ood_unseen_depth_range_ellipse_zb11p5_E49p0;F3NCS_0392_ood_unseen_depth_range_two_foci_zb09p8_E39p6;F3NCS_0393_ood_unseen_depth_range_two_foci_zb13p5_E10p5;F3NCS_0394_ood_unseen_depth_range_cylinder_zb13p1_E17p7;F3NCS_0395_ood_unseen_depth_range_ellipse_zb11p9_E19p2;F3NCS_0396_ood_unseen_depth_range_ellipse_zb12p8_E35p8;F3NCS_0397_ood_unseen_depth_range_ellipse_zb11p0_E90p4;F3NCS_0398_ood_unseen_depth_range_two_foci_zb09p3_E06p2;F3NCS_0399_ood_unseen_depth_range_two_foci_zb12p6_E13p2;F3NCS_0400_ood_unseen_depth_range_ellipse_zb13p7_E19p7;F3NCS_0401_ood_unseen_depth_range_ellipse_zb09p5_E63p3;F3NCS_0402_ood_unseen_depth_range_cylinder_zb09p7_E17p8;F3NCS_0403_ood_unseen_depth_range_cylinder_zb13p3_E13p7;F3NCS_0404_ood_unseen_depth_range_two_foci_zb08p6_E25p9;F3NCS_0405_ood_unseen_depth_range_cylinder_zb09p6_E16p6;F3NCS_0406_ood_unseen_depth_range_two_foci_zb12p7_E08p4;F3NCS_0407_ood_unseen_depth_range_two_foci_zb10p5_E11p3;F3NCS_0408_ood_unseen_depth_range_ellipse_zb12p1_E31p3;F3NCS_0409_ood_unseen_depth_range_two_foci_zb08p9_E07p6;F3NCS_0410_ood_unseen_depth_range_ellipse_zb13p0_E23p5;F3NCS_0411_ood_unseen_depth_range_two_foci_zb14p0_E48p4;F3NCS_0412_ood_unseen_depth_range_ellipse_zb12p8_E74p8;F3NCS_0413_ood_unseen_depth_range_ellipse_zb12p0_E10p1;F3NCS_0414_ood_unseen_depth_range_cylinder_zb10p0_E74p1;F3NCS_0415_ood_unseen_depth_range_two_foci_zb11p6_E74p6;F3NCS_0416_ood_unseen_depth_range_two_foci_zb10p5_E76p3;F3NCS_0417_ood_unseen_depth_range_two_foci_zb13p3_E17p8;F3NCS_0418_ood_unseen_depth_range_ellipse_zb13p8_E28p3;F3NCS_0419_ood_unseen_depth_range_ellipse_zb09p0_E16p3;F3NCS_0420_ood_unseen_depth_range_cylinder_zb13p3_E28p6;F3NCS_0421_ood_unseen_depth_range_cylinder_zb11p0_E23p8;F3NCS_0422_ood_unseen_depth_range_ellipse_zb11p4_E23p6;F3NCS_0423_ood_unseen_depth_range_ellipse_zb09p3_E11p4;F3NCS_0424_ood_unseen_depth_range_ellipse_zb11p1_E21p4;F3NCS_0425_ood_unseen_depth_range_two_foci_zb13p1_E09p6;F3NCS_0426_ood_unseen_depth_range_cylinder_zb10p6_E06p2;F3NCS_0427_ood_unseen_depth_range_ellipse_zb13p9_E58p6;F3NCS_0428_ood_unseen_depth_range_ellipse_zb10p2_E73p0;F3NCS_0429_ood_unseen_depth_range_two_foci_zb09p5_E07p0;F3NCS_0430_ood_unseen_depth_range_two_foci_zb11p3_E33p1;F3NCS_0431_ood_unseen_depth_range_cylinder_zb08p8_E06p7;F3NCS_0432_ood_unseen_depth_range_cylinder_zb09p3_E08p3;F3NCS_0433_ood_unseen_depth_range_cylinder_zb12p9_E86p3;F3NCS_0434_ood_unseen_depth_range_ellipse_zb13p9_E71p4;F3NCS_0435_ood_unseen_depth_range_cylinder_zb10p5_E25p4;F3NCS_0436_ood_unseen_depth_range_ellipse_zb11p9_E84p1;F3NCS_0437_ood_unseen_depth_range_ellipse_zb10p1_E14p8;F3NCS_0438_ood_unseen_depth_range_ellipse_zb10p1_E24p0;F3NCS_0439_ood_unseen_depth_range_ellipse_zb10p5_E33p5;F3NCS_0440_ood_unseen_depth_range_two_foci_zb12p0_E12p1;F3NCS_0441_ood_unseen_depth_range_ellipse_zb12p4_E06p2;F3NCS_0442_ood_unseen_depth_range_ellipse_zb11p7_E13p1;F3NCS_0443_ood_unseen_depth_range_ellipse_zb11p2_E14p1;F3NCS_0444_ood_unseen_depth_range_ellipse_zb10p4_E07p3;F3NCS_0445_ood_unseen_depth_range_two_foci_zb13p3_E51p9;F3NCS_0446_ood_unseen_depth_range_cylinder_zb12p2_E10p8;F3NCS_0447_ood_unseen_depth_range_two_foci_zb11p7_E11p2,method2b_512_full_comsol_colab_cuda,fig3_true_ood,1,split_role/ood_split_family,ood_unseen_depth_range,230,38,64,0.07198353856801987,0.0,0.0,0.0,0.0,0.0,0.0,0.0,0.0,,0.5,0.1538923153187672,15389231.53187672,0.055248730461048466,0.11658859252929688,0.0,,
vanilla_diffusion,0.4175431430339813,0.43026604284580744,7.325258552976537,0.05019987162086181,11.556095123291016,14.572078583481632,0.25606156180758494,64,F3NCS_0384_ood_unseen_depth_range_two_foci_zb11p3_E39p2;F3NCS_0385_ood_unseen_depth_range_cylinder_zb11p5_E77p5;F3NCS_0386_ood_unseen_depth_range_ellipse_zb09p6_E94p6;F3NCS_0387_ood_unseen_depth_range_ellipse_zb10p9_E15p1;F3NCS_0388_ood_unseen_depth_range_two_foci_zb12p8_E07p0;F3NCS_0389_ood_unseen_depth_range_two_foci_zb08p9_E35p1;F3NCS_0390_ood_unseen_depth_range_two_foci_zb08p6_E39p9;F3NCS_0391_ood_unseen_depth_range_ellipse_zb11p5_E49p0;F3NCS_0392_ood_unseen_depth_range_two_foci_zb09p8_E39p6;F3NCS_0393_ood_unseen_depth_range_two_foci_zb13p5_E10p5;F3NCS_0394_ood_unseen_depth_range_cylinder_zb13p1_E17p7;F3NCS_0395_ood_unseen_depth_range_ellipse_zb11p9_E19p2;F3NCS_0396_ood_unseen_depth_range_ellipse_zb12p8_E35p8;F3NCS_0397_ood_unseen_depth_range_ellipse_zb11p0_E90p4;F3NCS_0398_ood_unseen_depth_range_two_foci_zb09p3_E06p2;F3NCS_0399_ood_unseen_depth_range_two_foci_zb12p6_E13p2;F3NCS_0400_ood_unseen_depth_range_ellipse_zb13p7_E19p7;F3NCS_0401_ood_unseen_depth_range_ellipse_zb09p5_E63p3;F3NCS_0402_ood_unseen_depth_range_cylinder_zb09p7_E17p8;F3NCS_0403_ood_unseen_depth_range_cylinder_zb13p3_E13p7;F3NCS_0404_ood_unseen_depth_range_two_foci_zb08p6_E25p9;F3NCS_0405_ood_unseen_depth_range_cylinder_zb09p6_E16p6;F3NCS_0406_ood_unseen_depth_range_two_foci_zb12p7_E08p4;F3NCS_0407_ood_unseen_depth_range_two_foci_zb10p5_E11p3;F3NCS_0408_ood_unseen_depth_range_ellipse_zb12p1_E31p3;F3NCS_0409_ood_unseen_depth_range_two_foci_zb08p9_E07p6;F3NCS_0410_ood_unseen_depth_range_ellipse_zb13p0_E23p5;F3NCS_0411_ood_unseen_depth_range_two_foci_zb14p0_E48p4;F3NCS_0412_ood_unseen_depth_range_ellipse_zb12p8_E74p8;F3NCS_0413_ood_unseen_depth_range_ellipse_zb12p0_E10p1;F3NCS_0414_ood_unseen_depth_range_cylinder_zb10p0_E74p1;F3NCS_0415_ood_unseen_depth_range_two_foci_zb11p6_E74p6;F3NCS_0416_ood_unseen_depth_range_two_foci_zb10p5_E76p3;F3NCS_0417_ood_unseen_depth_range_two_foci_zb13p3_E17p8;F3NCS_0418_ood_unseen_depth_range_ellipse_zb13p8_E28p3;F3NCS_0419_ood_unseen_depth_range_ellipse_zb09p0_E16p3;F3NCS_0420_ood_unseen_depth_range_cylinder_zb13p3_E28p6;F3NCS_0421_ood_unseen_depth_range_cylinder_zb11p0_E23p8;F3NCS_0422_ood_unseen_depth_range_ellipse_zb11p4_E23p6;F3NCS_0423_ood_unseen_depth_range_ellipse_zb09p3_E11p4;F3NCS_0424_ood_unseen_depth_range_ellipse_zb11p1_E21p4;F3NCS_0425_ood_unseen_depth_range_two_foci_zb13p1_E09p6;F3NCS_0426_ood_unseen_depth_range_cylinder_zb10p6_E06p2;F3NCS_0427_ood_unseen_depth_range_ellipse_zb13p9_E58p6;F3NCS_0428_ood_unseen_depth_range_ellipse_zb10p2_E73p0;F3NCS_0429_ood_unseen_depth_range_two_foci_zb09p5_E07p0;F3NCS_0430_ood_unseen_depth_range_two_foci_zb11p3_E33p1;F3NCS_0431_ood_unseen_depth_range_cylinder_zb08p8_E06p7;F3NCS_0432_ood_unseen_depth_range_cylinder_zb09p3_E08p3;F3NCS_0433_ood_unseen_depth_range_cylinder_zb12p9_E86p3;F3NCS_0434_ood_unseen_depth_range_ellipse_zb13p9_E71p4;F3NCS_0435_ood_unseen_depth_range_cylinder_zb10p5_E25p4;F3NCS_0436_ood_unseen_depth_range_ellipse_zb11p9_E84p1;F3NCS_0437_ood_unseen_depth_range_ellipse_zb10p1_E14p8;F3NCS_0438_ood_unseen_depth_range_ellipse_zb10p1_E24p0;F3NCS_0439_ood_unseen_depth_range_ellipse_zb10p5_E33p5;F3NCS_0440_ood_unseen_depth_range_two_foci_zb12p0_E12p1;F3NCS_0441_ood_unseen_depth_range_ellipse_zb12p4_E06p2;F3NCS_0442_ood_unseen_depth_range_ellipse_zb11p7_E13p1;F3NCS_0443_ood_unseen_depth_range_ellipse_zb11p2_E14p1;F3NCS_0444_ood_unseen_depth_range_ellipse_zb10p4_E07p3;F3NCS_0445_ood_unseen_depth_range_two_foci_zb13p3_E51p9;F3NCS_0446_ood_unseen_depth_range_cylinder_zb12p2_E10p8;F3NCS_0447_ood_unseen_depth_range_two_foci_zb11p7_E11p2,method2b_512_full_comsol_colab_cuda,fig3_true_ood,1,split_role/ood_split_family,ood_unseen_depth_range,230,38,64,,,,,,,,,,,,,,,,0.0894385501742363,64.0,
prior_init_diffusion_unet,0.0750965103507042,0.15641444612534794,16.114462777084363,0.23808788100723177,3.123859167098999,10.922980736901028,0.5278599992589338,64,F3NCS_0384_ood_unseen_depth_range_two_foci_zb11p3_E39p2;F3NCS_0385_ood_unseen_depth_range_cylinder_zb11p5_E77p5;F3NCS_0386_ood_unseen_depth_range_ellipse_zb09p6_E94p6;F3NCS_0387_ood_unseen_depth_range_ellipse_zb10p9_E15p1;F3NCS_0388_ood_unseen_depth_range_two_foci_zb12p8_E07p0;F3NCS_0389_ood_unseen_depth_range_two_foci_zb08p9_E35p1;F3NCS_0390_ood_unseen_depth_range_two_foci_zb08p6_E39p9;F3NCS_0391_ood_unseen_depth_range_ellipse_zb11p5_E49p0;F3NCS_0392_ood_unseen_depth_range_two_foci_zb09p8_E39p6;F3NCS_0393_ood_unseen_depth_range_two_foci_zb13p5_E10p5;F3NCS_0394_ood_unseen_depth_range_cylinder_zb13p1_E17p7;F3NCS_0395_ood_unseen_depth_range_ellipse_zb11p9_E19p2;F3NCS_0396_ood_unseen_depth_range_ellipse_zb12p8_E35p8;F3NCS_0397_ood_unseen_depth_range_ellipse_zb11p0_E90p4;F3NCS_0398_ood_unseen_depth_range_two_foci_zb09p3_E06p2;F3NCS_0399_ood_unseen_depth_range_two_foci_zb12p6_E13p2;F3NCS_0400_ood_unseen_depth_range_ellipse_zb13p7_E19p7;F3NCS_0401_ood_unseen_depth_range_ellipse_zb09p5_E63p3;F3NCS_0402_ood_unseen_depth_range_cylinder_zb09p7_E17p8;F3NCS_0403_ood_unseen_depth_range_cylinder_zb13p3_E13p7;F3NCS_0404_ood_unseen_depth_range_two_foci_zb08p6_E25p9;F3NCS_0405_ood_unseen_depth_range_cylinder_zb09p6_E16p6;F3NCS_0406_ood_unseen_depth_range_two_foci_zb12p7_E08p4;F3NCS_0407_ood_unseen_depth_range_two_foci_zb10p5_E11p3;F3NCS_0408_ood_unseen_depth_range_ellipse_zb12p1_E31p3;F3NCS_0409_ood_unseen_depth_range_two_foci_zb08p9_E07p6;F3NCS_0410_ood_unseen_depth_range_ellipse_zb13p0_E23p5;F3NCS_0411_ood_unseen_depth_range_two_foci_zb14p0_E48p4;F3NCS_0412_ood_unseen_depth_range_ellipse_zb12p8_E74p8;F3NCS_0413_ood_unseen_depth_range_ellipse_zb12p0_E10p1;F3NCS_0414_ood_unseen_depth_range_cylinder_zb10p0_E74p1;F3NCS_0415_ood_unseen_depth_range_two_foci_zb11p6_E74p6;F3NCS_0416_ood_unseen_depth_range_two_foci_zb10p5_E76p3;F3NCS_0417_ood_unseen_depth_range_two_foci_zb13p3_E17p8;F3NCS_0418_ood_unseen_depth_range_ellipse_zb13p8_E28p3;F3NCS_0419_ood_unseen_depth_range_ellipse_zb09p0_E16p3;F3NCS_0420_ood_unseen_depth_range_cylinder_zb13p3_E28p6;F3NCS_0421_ood_unseen_depth_range_cylinder_zb11p0_E23p8;F3NCS_0422_ood_unseen_depth_range_ellipse_zb11p4_E23p6;F3NCS_0423_ood_unseen_depth_range_ellipse_zb09p3_E11p4;F3NCS_0424_ood_unseen_depth_range_ellipse_zb11p1_E21p4;F3NCS_0425_ood_unseen_depth_range_two_foci_zb13p1_E09p6;F3NCS_0426_ood_unseen_depth_range_cylinder_zb10p6_E06p2;F3NCS_0427_ood_unseen_depth_range_ellipse_zb13p9_E58p6;F3NCS_0428_ood_unseen_depth_range_ellipse_zb10p2_E73p0;F3NCS_0429_ood_unseen_depth_range_two_foci_zb09p5_E07p0;F3NCS_0430_ood_unseen_depth_range_two_foci_zb11p3_E33p1;F3NCS_0431_ood_unseen_depth_range_cylinder_zb08p8_E06p7;F3NCS_0432_ood_unseen_depth_range_cylinder_zb09p3_E08p3;F3NCS_0433_ood_unseen_depth_range_cylinder_zb12p9_E86p3;F3NCS_0434_ood_unseen_depth_range_ellipse_zb13p9_E71p4;F3NCS_0435_ood_unseen_depth_range_cylinder_zb10p5_E25p4;F3NCS_0436_ood_unseen_depth_range_ellipse_zb11p9_E84p1;F3NCS_0437_ood_unseen_depth_range_ellipse_zb10p1_E14p8;F3NCS_0438_ood_unseen_depth_range_ellipse_zb10p1_E24p0;F3NCS_0439_ood_unseen_depth_range_ellipse_zb10p5_E33p5;F3NCS_0440_ood_unseen_depth_range_two_foci_zb12p0_E12p1;F3NCS_0441_ood_unseen_depth_range_ellipse_zb12p4_E06p2;F3NCS_0442_ood_unseen_depth_range_ellipse_zb11p7_E13p1;F3NCS_0443_ood_unseen_depth_range_ellipse_zb11p2_E14p1;F3NCS_0444_ood_unseen_depth_range_ellipse_zb10p4_E07p3;F3NCS_0445_ood_unseen_depth_range_two_foci_zb13p3_E51p9;F3NCS_0446_ood_unseen_depth_range_cylinder_zb12p2_E10p8;F3NCS_0447_ood_unseen_depth_range_two_foci_zb11p7_E11p2,method2b_512_full_comsol_colab_cuda,fig3_true_ood,1,split_role/ood_split_family,ood_unseen_depth_range,230,38,64,0.06974354386329651,0.009868621826171875,0.012840688228607178,0.028903961181640625,0.024223238229751587,0.05030059814453125,0.030671630054712296,0.099456787109375,0.035814303904771805,0.6552066465189936,0.8545488710378086,0.12317493655566976,12.002197690929211,0.013037059283198978,0.13260620832443237,0.009617820382118225,,
residual_likelihood_guided_diffusion,0.07509314268827438,0.1564037162926139,16.115058638541246,0.23798994882963598,3.1235790252685547,10.922111454097264,0.5277842344082793,64,F3NCS_0384_ood_unseen_depth_range_two_foci_zb11p3_E39p2;F3NCS_0385_ood_unseen_depth_range_cylinder_zb11p5_E77p5;F3NCS_0386_ood_unseen_depth_range_ellipse_zb09p6_E94p6;F3NCS_0387_ood_unseen_depth_range_ellipse_zb10p9_E15p1;F3NCS_0388_ood_unseen_depth_range_two_foci_zb12p8_E07p0;F3NCS_0389_ood_unseen_depth_range_two_foci_zb08p9_E35p1;F3NCS_0390_ood_unseen_depth_range_two_foci_zb08p6_E39p9;F3NCS_0391_ood_unseen_depth_range_ellipse_zb11p5_E49p0;F3NCS_0392_ood_unseen_depth_range_two_foci_zb09p8_E39p6;F3NCS_0393_ood_unseen_depth_range_two_foci_zb13p5_E10p5;F3NCS_0394_ood_unseen_depth_range_cylinder_zb13p1_E17p7;F3NCS_0395_ood_unseen_depth_range_ellipse_zb11p9_E19p2;F3NCS_0396_ood_unseen_depth_range_ellipse_zb12p8_E35p8;F3NCS_0397_ood_unseen_depth_range_ellipse_zb11p0_E90p4;F3NCS_0398_ood_unseen_depth_range_two_foci_zb09p3_E06p2;F3NCS_0399_ood_unseen_depth_range_two_foci_zb12p6_E13p2;F3NCS_0400_ood_unseen_depth_range_ellipse_zb13p7_E19p7;F3NCS_0401_ood_unseen_depth_range_ellipse_zb09p5_E63p3;F3NCS_0402_ood_unseen_depth_range_cylinder_zb09p7_E17p8;F3NCS_0403_ood_unseen_depth_range_cylinder_zb13p3_E13p7;F3NCS_0404_ood_unseen_depth_range_two_foci_zb08p6_E25p9;F3NCS_0405_ood_unseen_depth_range_cylinder_zb09p6_E16p6;F3NCS_0406_ood_unseen_depth_range_two_foci_zb12p7_E08p4;F3NCS_0407_ood_unseen_depth_range_two_foci_zb10p5_E11p3;F3NCS_0408_ood_unseen_depth_range_ellipse_zb12p1_E31p3;F3NCS_0409_ood_unseen_depth_range_two_foci_zb08p9_E07p6;F3NCS_0410_ood_unseen_depth_range_ellipse_zb13p0_E23p5;F3NCS_0411_ood_unseen_depth_range_two_foci_zb14p0_E48p4;F3NCS_0412_ood_unseen_depth_range_ellipse_zb12p8_E74p8;F3NCS_0413_ood_unseen_depth_range_ellipse_zb12p0_E10p1;F3NCS_0414_ood_unseen_depth_range_cylinder_zb10p0_E74p1;F3NCS_0415_ood_unseen_depth_range_two_foci_zb11p6_E74p6;F3NCS_0416_ood_unseen_depth_range_two_foci_zb10p5_E76p3;F3NCS_0417_ood_unseen_depth_range_two_foci_zb13p3_E17p8;F3NCS_0418_ood_unseen_depth_range_ellipse_zb13p8_E28p3;F3NCS_0419_ood_unseen_depth_range_ellipse_zb09p0_E16p3;F3NCS_0420_ood_unseen_depth_range_cylinder_zb13p3_E28p6;F3NCS_0421_ood_unseen_depth_range_cylinder_zb11p0_E23p8;F3NCS_0422_ood_unseen_depth_range_ellipse_zb11p4_E23p6;F3NCS_0423_ood_unseen_depth_range_ellipse_zb09p3_E11p4;F3NCS_0424_ood_unseen_depth_range_ellipse_zb11p1_E21p4;F3NCS_0425_ood_unseen_depth_range_two_foci_zb13p1_E09p6;F3NCS_0426_ood_unseen_depth_range_cylinder_zb10p6_E06p2;F3NCS_0427_ood_unseen_depth_range_ellipse_zb13p9_E58p6;F3NCS_0428_ood_unseen_depth_range_ellipse_zb10p2_E73p0;F3NCS_0429_ood_unseen_depth_range_two_foci_zb09p5_E07p0;F3NCS_0430_ood_unseen_depth_range_two_foci_zb11p3_E33p1;F3NCS_0431_ood_unseen_depth_range_cylinder_zb08p8_E06p7;F3NCS_0432_ood_unseen_depth_range_cylinder_zb09p3_E08p3;F3NCS_0433_ood_unseen_depth_range_cylinder_zb12p9_E86p3;F3NCS_0434_ood_unseen_depth_range_ellipse_zb13p9_E71p4;F3NCS_0435_ood_unseen_depth_range_cylinder_zb10p5_E25p4;F3NCS_0436_ood_unseen_depth_range_ellipse_zb11p9_E84p1;F3NCS_0437_ood_unseen_depth_range_ellipse_zb10p1_E14p8;F3NCS_0438_ood_unseen_depth_range_ellipse_zb10p1_E24p0;F3NCS_0439_ood_unseen_depth_range_ellipse_zb10p5_E33p5;F3NCS_0440_ood_unseen_depth_range_two_foci_zb12p0_E12p1;F3NCS_0441_ood_unseen_depth_range_ellipse_zb12p4_E06p2;F3NCS_0442_ood_unseen_depth_range_ellipse_zb11p7_E13p1;F3NCS_0443_ood_unseen_depth_range_ellipse_zb11p2_E14p1;F3NCS_0444_ood_unseen_depth_range_ellipse_zb10p4_E07p3;F3NCS_0445_ood_unseen_depth_range_two_foci_zb13p3_E51p9;F3NCS_0446_ood_unseen_depth_range_cylinder_zb12p2_E10p8;F3NCS_0447_ood_unseen_depth_range_two_foci_zb11p7_E11p2,method2b_512_full_comsol_colab_cuda,fig3_true_ood,1,split_role/ood_split_family,ood_unseen_depth_range,230,38,64,0.06974152475595474,0.009613037109375,0.012831452302634716,0.028919219970703125,0.024215301498770714,0.049892425537109375,0.030668767169117928,0.09885025024414062,0.03581231087446213,0.6550375375966554,0.8549294308031409,0.12314531126365476,11.996172156750838,0.013022300019818875,0.13255691528320312,0.009615647606551647,,
explicit_residual_target_diffusion,0.07773644477128983,0.15576418811909473,16.150647684234094,0.2536249274853617,3.148681402206421,10.947721925425641,0.5471890727959857,64,F3NCS_0384_ood_unseen_depth_range_two_foci_zb11p3_E39p2;F3NCS_0385_ood_unseen_depth_range_cylinder_zb11p5_E77p5;F3NCS_0386_ood_unseen_depth_range_ellipse_zb09p6_E94p6;F3NCS_0387_ood_unseen_depth_range_ellipse_zb10p9_E15p1;F3NCS_0388_ood_unseen_depth_range_two_foci_zb12p8_E07p0;F3NCS_0389_ood_unseen_depth_range_two_foci_zb08p9_E35p1;F3NCS_0390_ood_unseen_depth_range_two_foci_zb08p6_E39p9;F3NCS_0391_ood_unseen_depth_range_ellipse_zb11p5_E49p0;F3NCS_0392_ood_unseen_depth_range_two_foci_zb09p8_E39p6;F3NCS_0393_ood_unseen_depth_range_two_foci_zb13p5_E10p5;F3NCS_0394_ood_unseen_depth_range_cylinder_zb13p1_E17p7;F3NCS_0395_ood_unseen_depth_range_ellipse_zb11p9_E19p2;F3NCS_0396_ood_unseen_depth_range_ellipse_zb12p8_E35p8;F3NCS_0397_ood_unseen_depth_range_ellipse_zb11p0_E90p4;F3NCS_0398_ood_unseen_depth_range_two_foci_zb09p3_E06p2;F3NCS_0399_ood_unseen_depth_range_two_foci_zb12p6_E13p2;F3NCS_0400_ood_unseen_depth_range_ellipse_zb13p7_E19p7;F3NCS_0401_ood_unseen_depth_range_ellipse_zb09p5_E63p3;F3NCS_0402_ood_unseen_depth_range_cylinder_zb09p7_E17p8;F3NCS_0403_ood_unseen_depth_range_cylinder_zb13p3_E13p7;F3NCS_0404_ood_unseen_depth_range_two_foci_zb08p6_E25p9;F3NCS_0405_ood_unseen_depth_range_cylinder_zb09p6_E16p6;F3NCS_0406_ood_unseen_depth_range_two_foci_zb12p7_E08p4;F3NCS_0407_ood_unseen_depth_range_two_foci_zb10p5_E11p3;F3NCS_0408_ood_unseen_depth_range_ellipse_zb12p1_E31p3;F3NCS_0409_ood_unseen_depth_range_two_foci_zb08p9_E07p6;F3NCS_0410_ood_unseen_depth_range_ellipse_zb13p0_E23p5;F3NCS_0411_ood_unseen_depth_range_two_foci_zb14p0_E48p4;F3NCS_0412_ood_unseen_depth_range_ellipse_zb12p8_E74p8;F3NCS_0413_ood_unseen_depth_range_ellipse_zb12p0_E10p1;F3NCS_0414_ood_unseen_depth_range_cylinder_zb10p0_E74p1;F3NCS_0415_ood_unseen_depth_range_two_foci_zb11p6_E74p6;F3NCS_0416_ood_unseen_depth_range_two_foci_zb10p5_E76p3;F3NCS_0417_ood_unseen_depth_range_two_foci_zb13p3_E17p8;F3NCS_0418_ood_unseen_depth_range_ellipse_zb13p8_E28p3;F3NCS_0419_ood_unseen_depth_range_ellipse_zb09p0_E16p3;F3NCS_0420_ood_unseen_depth_range_cylinder_zb13p3_E28p6;F3NCS_0421_ood_unseen_depth_range_cylinder_zb11p0_E23p8;F3NCS_0422_ood_unseen_depth_range_ellipse_zb11p4_E23p6;F3NCS_0423_ood_unseen_depth_range_ellipse_zb09p3_E11p4;F3NCS_0424_ood_unseen_depth_range_ellipse_zb11p1_E21p4;F3NCS_0425_ood_unseen_depth_range_two_foci_zb13p1_E09p6;F3NCS_0426_ood_unseen_depth_range_cylinder_zb10p6_E06p2;F3NCS_0427_ood_unseen_depth_range_ellipse_zb13p9_E58p6;F3NCS_0428_ood_unseen_depth_range_ellipse_zb10p2_E73p0;F3NCS_0429_ood_unseen_depth_range_two_foci_zb09p5_E07p0;F3NCS_0430_ood_unseen_depth_range_two_foci_zb11p3_E33p1;F3NCS_0431_ood_unseen_depth_range_cylinder_zb08p8_E06p7;F3NCS_0432_ood_unseen_depth_range_cylinder_zb09p3_E08p3;F3NCS_0433_ood_unseen_depth_range_cylinder_zb12p9_E86p3;F3NCS_0434_ood_unseen_depth_range_ellipse_zb13p9_E71p4;F3NCS_0435_ood_unseen_depth_range_cylinder_zb10p5_E25p4;F3NCS_0436_ood_unseen_depth_range_ellipse_zb11p9_E84p1;F3NCS_0437_ood_unseen_depth_range_ellipse_zb10p1_E14p8;F3NCS_0438_ood_unseen_depth_range_ellipse_zb10p1_E24p0;F3NCS_0439_ood_unseen_depth_range_ellipse_zb10p5_E33p5;F3NCS_0440_ood_unseen_depth_range_two_foci_zb12p0_E12p1;F3NCS_0441_ood_unseen_depth_range_ellipse_zb12p4_E06p2;F3NCS_0442_ood_unseen_depth_range_ellipse_zb11p7_E13p1;F3NCS_0443_ood_unseen_depth_range_ellipse_zb11p2_E14p1;F3NCS_0444_ood_unseen_depth_range_ellipse_zb10p4_E07p3;F3NCS_0445_ood_unseen_depth_range_two_foci_zb13p3_E51p9;F3NCS_0446_ood_unseen_depth_range_cylinder_zb12p2_E10p8;F3NCS_0447_ood_unseen_depth_range_two_foci_zb11p7_E11p2,method2b_512_full_comsol_colab_cuda,fig3_true_ood,1,split_role/ood_split_family,ood_unseen_depth_range,230,38,64,0.058454785495996475,0.5428428649902344,0.03335416689515114,0.7388725280761719,0.08183597028255463,0.7991905212402344,0.12787997722625732,0.8450508117675781,0.17617760598659515,0.7501471352925954,0.790777852413302,0.09466519187626712,2.4902232196917926,0.0191603829659094,0.3678995370864868,0.0492565743625164,,0.735798180103302
train_mean_prior,0.14603790640830994,0.22549249935045979,12.937357993226668,0.03176565203466453,4.367835521697998,12.731186693471408,,32,F3NCS_0448_ood_unseen_layer_modulus_ellipse_zb07p4_E21p0;F3NCS_0449_ood_unseen_layer_modulus_ellipse_zb05p8_E54p9;F3NCS_0450_ood_unseen_layer_modulus_crescent_zb09p9_E11p6;F3NCS_0451_ood_unseen_layer_modulus_cylinder_zb09p3_E36p6;F3NCS_0452_ood_unseen_layer_modulus_two_foci_zb09p4_E11p5;F3NCS_0453_ood_unseen_layer_modulus_lobed_zb09p7_E21p6;F3NCS_0454_ood_unseen_layer_modulus_crescent_zb06p1_E76p6;F3NCS_0455_ood_unseen_layer_modulus_ellipse_zb06p0_E06p3;F3NCS_0456_ood_unseen_layer_modulus_ellipse_zb02p7_E65p7;F3NCS_0457_ood_unseen_layer_modulus_lobed_zb07p1_E19p6;F3NCS_0458_ood_unseen_layer_modulus_lobed_zb02p9_E06p6;F3NCS_0459_ood_unseen_layer_modulus_ellipse_zb09p5_E34p1;F3NCS_0460_ood_unseen_layer_modulus_two_foci_zb03p6_E86p4;F3NCS_0461_ood_unseen_layer_modulus_cylinder_zb08p2_E46p7;F3NCS_0462_ood_unseen_layer_modulus_two_foci_zb09p7_E30p7;F3NCS_0463_ood_unseen_layer_modulus_lobed_zb03p1_E09p1;F3NCS_0464_ood_unseen_layer_modulus_lobed_zb05p9_E29p2;F3NCS_0465_ood_unseen_layer_modulus_two_foci_zb03p6_E42p2;F3NCS_0466_ood_unseen_layer_modulus_two_foci_zb03p5_E33p5;F3NCS_0467_ood_unseen_layer_modulus_cylinder_zb03p5_E16p4;F3NCS_0468_ood_unseen_layer_modulus_lobed_zb04p2_E55p5;F3NCS_0469_ood_unseen_layer_modulus_ellipse_zb08p2_E21p5;F3NCS_0470_ood_unseen_layer_modulus_lobed_zb05p9_E43p7;F3NCS_0471_ood_unseen_layer_modulus_lobed_zb02p0_E78p3;F3NCS_0472_ood_unseen_layer_modulus_lobed_zb07p9_E07p2;F3NCS_0473_ood_unseen_layer_modulus_ellipse_zb05p9_E08p4;F3NCS_0474_ood_unseen_layer_modulus_cylinder_zb09p4_E22p6;F3NCS_0475_ood_unseen_layer_modulus_lobed_zb08p1_E22p1;F3NCS_0476_ood_unseen_layer_modulus_ellipse_zb05p7_E79p4;F3NCS_0477_ood_unseen_layer_modulus_ellipse_zb03p5_E10p4;F3NCS_0478_ood_unseen_layer_modulus_ellipse_zb07p1_E27p2;F3NCS_0479_ood_unseen_layer_modulus_cylinder_zb03p7_E09p1,method2b_512_full_comsol_colab_cuda,fig3_true_ood,2,split_role/ood_split_family,ood_unseen_layer_modulus,230,38,32,,,,,,,,,,,,,,,,,,
srcnn_bz_single_channel,0.11706380546092987,0.20274684625094264,13.860917851235309,0.1788005749695003,4.029504299163818,12.246533584605368,0.40669045896649136,32,F3NCS_0448_ood_unseen_layer_modulus_ellipse_zb07p4_E21p0;F3NCS_0449_ood_unseen_layer_modulus_ellipse_zb05p8_E54p9;F3NCS_0450_ood_unseen_layer_modulus_crescent_zb09p9_E11p6;F3NCS_0451_ood_unseen_layer_modulus_cylinder_zb09p3_E36p6;F3NCS_0452_ood_unseen_layer_modulus_two_foci_zb09p4_E11p5;F3NCS_0453_ood_unseen_layer_modulus_lobed_zb09p7_E21p6;F3NCS_0454_ood_unseen_layer_modulus_crescent_zb06p1_E76p6;F3NCS_0455_ood_unseen_layer_modulus_ellipse_zb06p0_E06p3;F3NCS_0456_ood_unseen_layer_modulus_ellipse_zb02p7_E65p7;F3NCS_0457_ood_unseen_layer_modulus_lobed_zb07p1_E19p6;F3NCS_0458_ood_unseen_layer_modulus_lobed_zb02p9_E06p6;F3NCS_0459_ood_unseen_layer_modulus_ellipse_zb09p5_E34p1;F3NCS_0460_ood_unseen_layer_modulus_two_foci_zb03p6_E86p4;F3NCS_0461_ood_unseen_layer_modulus_cylinder_zb08p2_E46p7;F3NCS_0462_ood_unseen_layer_modulus_two_foci_zb09p7_E30p7;F3NCS_0463_ood_unseen_layer_modulus_lobed_zb03p1_E09p1;F3NCS_0464_ood_unseen_layer_modulus_lobed_zb05p9_E29p2;F3NCS_0465_ood_unseen_layer_modulus_two_foci_zb03p6_E42p2;F3NCS_0466_ood_unseen_layer_modulus_two_foci_zb03p5_E33p5;F3NCS_0467_ood_unseen_layer_modulus_cylinder_zb03p5_E16p4;F3NCS_0468_ood_unseen_layer_modulus_lobed_zb04p2_E55p5;F3NCS_0469_ood_unseen_layer_modulus_ellipse_zb08p2_E21p5;F3NCS_0470_ood_unseen_layer_modulus_lobed_zb05p9_E43p7;F3NCS_0471_ood_unseen_layer_modulus_lobed_zb02p0_E78p3;F3NCS_0472_ood_unseen_layer_modulus_lobed_zb07p9_E07p2;F3NCS_0473_ood_unseen_layer_modulus_ellipse_zb05p9_E08p4;F3NCS_0474_ood_unseen_layer_modulus_cylinder_zb09p4_E22p6;F3NCS_0475_ood_unseen_layer_modulus_lobed_zb08p1_E22p1;F3NCS_0476_ood_unseen_layer_modulus_ellipse_zb05p7_E79p4;F3NCS_0477_ood_unseen_layer_modulus_ellipse_zb03p5_E10p4;F3NCS_0478_ood_unseen_layer_modulus_ellipse_zb07p1_E27p2;F3NCS_0479_ood_unseen_layer_modulus_cylinder_zb03p7_E09p1,method2b_512_full_comsol_colab_cuda,fig3_true_ood,2,split_role/ood_split_family,ood_unseen_layer_modulus,230,38,32,0.11706380546092987,0.0,0.0,0.0,0.0,0.0,0.0,0.0,0.0,,0.5,0.20160130935070225,20160130.935070228,0.08417977400335945,0.1447296142578125,0.0,,
unet_canonical_bxyz,0.07108718156814575,0.14980514307462608,16.489465525709978,0.44493492040783167,2.95050048828125,9.737192594208006,0.5599413655907731,32,F3NCS_0448_ood_unseen_layer_modulus_ellipse_zb07p4_E21p0;F3NCS_0449_ood_unseen_layer_modulus_ellipse_zb05p8_E54p9;F3NCS_0450_ood_unseen_layer_modulus_crescent_zb09p9_E11p6;F3NCS_0451_ood_unseen_layer_modulus_cylinder_zb09p3_E36p6;F3NCS_0452_ood_unseen_layer_modulus_two_foci_zb09p4_E11p5;F3NCS_0453_ood_unseen_layer_modulus_lobed_zb09p7_E21p6;F3NCS_0454_ood_unseen_layer_modulus_crescent_zb06p1_E76p6;F3NCS_0455_ood_unseen_layer_modulus_ellipse_zb06p0_E06p3;F3NCS_0456_ood_unseen_layer_modulus_ellipse_zb02p7_E65p7;F3NCS_0457_ood_unseen_layer_modulus_lobed_zb07p1_E19p6;F3NCS_0458_ood_unseen_layer_modulus_lobed_zb02p9_E06p6;F3NCS_0459_ood_unseen_layer_modulus_ellipse_zb09p5_E34p1;F3NCS_0460_ood_unseen_layer_modulus_two_foci_zb03p6_E86p4;F3NCS_0461_ood_unseen_layer_modulus_cylinder_zb08p2_E46p7;F3NCS_0462_ood_unseen_layer_modulus_two_foci_zb09p7_E30p7;F3NCS_0463_ood_unseen_layer_modulus_lobed_zb03p1_E09p1;F3NCS_0464_ood_unseen_layer_modulus_lobed_zb05p9_E29p2;F3NCS_0465_ood_unseen_layer_modulus_two_foci_zb03p6_E42p2;F3NCS_0466_ood_unseen_layer_modulus_two_foci_zb03p5_E33p5;F3NCS_0467_ood_unseen_layer_modulus_cylinder_zb03p5_E16p4;F3NCS_0468_ood_unseen_layer_modulus_lobed_zb04p2_E55p5;F3NCS_0469_ood_unseen_layer_modulus_ellipse_zb08p2_E21p5;F3NCS_0470_ood_unseen_layer_modulus_lobed_zb05p9_E43p7;F3NCS_0471_ood_unseen_layer_modulus_lobed_zb02p0_E78p3;F3NCS_0472_ood_unseen_layer_modulus_lobed_zb07p9_E07p2;F3NCS_0473_ood_unseen_layer_modulus_ellipse_zb05p9_E08p4;F3NCS_0474_ood_unseen_layer_modulus_cylinder_zb09p4_E22p6;F3NCS_0475_ood_unseen_layer_modulus_lobed_zb08p1_E22p1;F3NCS_0476_ood_unseen_layer_modulus_ellipse_zb05p7_E79p4;F3NCS_0477_ood_unseen_layer_modulus_ellipse_zb03p5_E10p4;F3NCS_0478_ood_unseen_layer_modulus_ellipse_zb07p1_E27p2;F3NCS_0479_ood_unseen_layer_modulus_cylinder_zb03p7_E09p1,method2b_512_full_comsol_colab_cuda,fig3_true_ood,2,split_role/ood_split_family,ood_unseen_layer_modulus,230,38,32,0.07108718156814575,0.0,0.0,0.0,0.0,0.0,0.0,0.0,0.0,,0.5,0.14764473551679458,14764473.551679453,0.05233534827292266,0.11682891845703125,0.0,,
vanilla_diffusion,0.4471827447414398,0.46055334861547687,6.734401113148712,0.04851042680093087,12.852787971496582,14.95795498991987,0.33722376070141297,32,F3NCS_0448_ood_unseen_layer_modulus_ellipse_zb07p4_E21p0;F3NCS_0449_ood_unseen_layer_modulus_ellipse_zb05p8_E54p9;F3NCS_0450_ood_unseen_layer_modulus_crescent_zb09p9_E11p6;F3NCS_0451_ood_unseen_layer_modulus_cylinder_zb09p3_E36p6;F3NCS_0452_ood_unseen_layer_modulus_two_foci_zb09p4_E11p5;F3NCS_0453_ood_unseen_layer_modulus_lobed_zb09p7_E21p6;F3NCS_0454_ood_unseen_layer_modulus_crescent_zb06p1_E76p6;F3NCS_0455_ood_unseen_layer_modulus_ellipse_zb06p0_E06p3;F3NCS_0456_ood_unseen_layer_modulus_ellipse_zb02p7_E65p7;F3NCS_0457_ood_unseen_layer_modulus_lobed_zb07p1_E19p6;F3NCS_0458_ood_unseen_layer_modulus_lobed_zb02p9_E06p6;F3NCS_0459_ood_unseen_layer_modulus_ellipse_zb09p5_E34p1;F3NCS_0460_ood_unseen_layer_modulus_two_foci_zb03p6_E86p4;F3NCS_0461_ood_unseen_layer_modulus_cylinder_zb08p2_E46p7;F3NCS_0462_ood_unseen_layer_modulus_two_foci_zb09p7_E30p7;F3NCS_0463_ood_unseen_layer_modulus_lobed_zb03p1_E09p1;F3NCS_0464_ood_unseen_layer_modulus_lobed_zb05p9_E29p2;F3NCS_0465_ood_unseen_layer_modulus_two_foci_zb03p6_E42p2;F3NCS_0466_ood_unseen_layer_modulus_two_foci_zb03p5_E33p5;F3NCS_0467_ood_unseen_layer_modulus_cylinder_zb03p5_E16p4;F3NCS_0468_ood_unseen_layer_modulus_lobed_zb04p2_E55p5;F3NCS_0469_ood_unseen_layer_modulus_ellipse_zb08p2_E21p5;F3NCS_0470_ood_unseen_layer_modulus_lobed_zb05p9_E43p7;F3NCS_0471_ood_unseen_layer_modulus_lobed_zb02p0_E78p3;F3NCS_0472_ood_unseen_layer_modulus_lobed_zb07p9_E07p2;F3NCS_0473_ood_unseen_layer_modulus_ellipse_zb05p9_E08p4;F3NCS_0474_ood_unseen_layer_modulus_cylinder_zb09p4_E22p6;F3NCS_0475_ood_unseen_layer_modulus_lobed_zb08p1_E22p1;F3NCS_0476_ood_unseen_layer_modulus_ellipse_zb05p7_E79p4;F3NCS_0477_ood_unseen_layer_modulus_ellipse_zb03p5_E10p4;F3NCS_0478_ood_unseen_layer_modulus_ellipse_zb07p1_E27p2;F3NCS_0479_ood_unseen_layer_modulus_cylinder_zb03p7_E09p1,method2b_512_full_comsol_colab_cuda,fig3_true_ood,2,split_role/ood_split_family,ood_unseen_layer_modulus,230,38,32,,,,,,,,,,,,,,,,0.07819972932338715,64.0,
prior_init_diffusion_unet,0.07314246147871017,0.1504972624775324,16.449427994986088,0.2754556213039905,2.9740147590637207,9.79001563471324,0.552183244324822,32,F3NCS_0448_ood_unseen_layer_modulus_ellipse_zb07p4_E21p0;F3NCS_0449_ood_unseen_layer_modulus_ellipse_zb05p8_E54p9;F3NCS_0450_ood_unseen_layer_modulus_crescent_zb09p9_E11p6;F3NCS_0451_ood_unseen_layer_modulus_cylinder_zb09p3_E36p6;F3NCS_0452_ood_unseen_layer_modulus_two_foci_zb09p4_E11p5;F3NCS_0453_ood_unseen_layer_modulus_lobed_zb09p7_E21p6;F3NCS_0454_ood_unseen_layer_modulus_crescent_zb06p1_E76p6;F3NCS_0455_ood_unseen_layer_modulus_ellipse_zb06p0_E06p3;F3NCS_0456_ood_unseen_layer_modulus_ellipse_zb02p7_E65p7;F3NCS_0457_ood_unseen_layer_modulus_lobed_zb07p1_E19p6;F3NCS_0458_ood_unseen_layer_modulus_lobed_zb02p9_E06p6;F3NCS_0459_ood_unseen_layer_modulus_ellipse_zb09p5_E34p1;F3NCS_0460_ood_unseen_layer_modulus_two_foci_zb03p6_E86p4;F3NCS_0461_ood_unseen_layer_modulus_cylinder_zb08p2_E46p7;F3NCS_0462_ood_unseen_layer_modulus_two_foci_zb09p7_E30p7;F3NCS_0463_ood_unseen_layer_modulus_lobed_zb03p1_E09p1;F3NCS_0464_ood_unseen_layer_modulus_lobed_zb05p9_E29p2;F3NCS_0465_ood_unseen_layer_modulus_two_foci_zb03p6_E42p2;F3NCS_0466_ood_unseen_layer_modulus_two_foci_zb03p5_E33p5;F3NCS_0467_ood_unseen_layer_modulus_cylinder_zb03p5_E16p4;F3NCS_0468_ood_unseen_layer_modulus_lobed_zb04p2_E55p5;F3NCS_0469_ood_unseen_layer_modulus_ellipse_zb08p2_E21p5;F3NCS_0470_ood_unseen_layer_modulus_lobed_zb05p9_E43p7;F3NCS_0471_ood_unseen_layer_modulus_lobed_zb02p0_E78p3;F3NCS_0472_ood_unseen_layer_modulus_lobed_zb07p9_E07p2;F3NCS_0473_ood_unseen_layer_modulus_ellipse_zb05p9_E08p4;F3NCS_0474_ood_unseen_layer_modulus_cylinder_zb09p4_E22p6;F3NCS_0475_ood_unseen_layer_modulus_lobed_zb08p1_E22p1;F3NCS_0476_ood_unseen_layer_modulus_ellipse_zb05p7_E79p4;F3NCS_0477_ood_unseen_layer_modulus_ellipse_zb03p5_E10p4;F3NCS_0478_ood_unseen_layer_modulus_ellipse_zb07p1_E27p2;F3NCS_0479_ood_unseen_layer_modulus_cylinder_zb03p7_E09p1,method2b_512_full_comsol_colab_cuda,fig3_true_ood,2,split_role/ood_split_family,ood_unseen_layer_modulus,230,38,32,0.06836803257465363,0.0035858154296875,0.011431329883635044,0.008331298828125,0.02154589630663395,0.01690673828125,0.02729525789618492,0.0482025146484375,0.0319104939699173,0.6283234659367863,0.8674813599043943,0.1127731897668287,12.076582404294014,0.010786512806606282,0.12419784069061279,0.00857030414044857,,
residual_likelihood_guided_diffusion,0.07318385690450668,0.15046889881471304,16.451065146781836,0.2745115540456027,2.974217176437378,9.78831816428908,0.5523297781415849,32,F3NCS_0448_ood_unseen_layer_modulus_ellipse_zb07p4_E21p0;F3NCS_0449_ood_unseen_layer_modulus_ellipse_zb05p8_E54p9;F3NCS_0450_ood_unseen_layer_modulus_crescent_zb09p9_E11p6;F3NCS_0451_ood_unseen_layer_modulus_cylinder_zb09p3_E36p6;F3NCS_0452_ood_unseen_layer_modulus_two_foci_zb09p4_E11p5;F3NCS_0453_ood_unseen_layer_modulus_lobed_zb09p7_E21p6;F3NCS_0454_ood_unseen_layer_modulus_crescent_zb06p1_E76p6;F3NCS_0455_ood_unseen_layer_modulus_ellipse_zb06p0_E06p3;F3NCS_0456_ood_unseen_layer_modulus_ellipse_zb02p7_E65p7;F3NCS_0457_ood_unseen_layer_modulus_lobed_zb07p1_E19p6;F3NCS_0458_ood_unseen_layer_modulus_lobed_zb02p9_E06p6;F3NCS_0459_ood_unseen_layer_modulus_ellipse_zb09p5_E34p1;F3NCS_0460_ood_unseen_layer_modulus_two_foci_zb03p6_E86p4;F3NCS_0461_ood_unseen_layer_modulus_cylinder_zb08p2_E46p7;F3NCS_0462_ood_unseen_layer_modulus_two_foci_zb09p7_E30p7;F3NCS_0463_ood_unseen_layer_modulus_lobed_zb03p1_E09p1;F3NCS_0464_ood_unseen_layer_modulus_lobed_zb05p9_E29p2;F3NCS_0465_ood_unseen_layer_modulus_two_foci_zb03p6_E42p2;F3NCS_0466_ood_unseen_layer_modulus_two_foci_zb03p5_E33p5;F3NCS_0467_ood_unseen_layer_modulus_cylinder_zb03p5_E16p4;F3NCS_0468_ood_unseen_layer_modulus_lobed_zb04p2_E55p5;F3NCS_0469_ood_unseen_layer_modulus_ellipse_zb08p2_E21p5;F3NCS_0470_ood_unseen_layer_modulus_lobed_zb05p9_E43p7;F3NCS_0471_ood_unseen_layer_modulus_lobed_zb02p0_E78p3;F3NCS_0472_ood_unseen_layer_modulus_lobed_zb07p9_E07p2;F3NCS_0473_ood_unseen_layer_modulus_ellipse_zb05p9_E08p4;F3NCS_0474_ood_unseen_layer_modulus_cylinder_zb09p4_E22p6;F3NCS_0475_ood_unseen_layer_modulus_lobed_zb08p1_E22p1;F3NCS_0476_ood_unseen_layer_modulus_ellipse_zb05p7_E79p4;F3NCS_0477_ood_unseen_layer_modulus_ellipse_zb03p5_E10p4;F3NCS_0478_ood_unseen_layer_modulus_ellipse_zb07p1_E27p2;F3NCS_0479_ood_unseen_layer_modulus_cylinder_zb03p7_E09p1,method2b_512_full_comsol_colab_cuda,fig3_true_ood,2,split_role/ood_split_family,ood_unseen_layer_modulus,230,38,32,0.0684024840593338,0.0037078857421875,0.011441828683018684,0.008087158203125,0.021581150591373444,0.016510009765625,0.027327343821525574,0.047088623046875,0.03194807469844818,0.6287672459961501,0.8663610810178021,0.11254206137452623,12.006655136008204,0.010792201846948322,0.12406635284423828,0.008582508191466331,,
explicit_residual_target_diffusion,0.07849785685539246,0.1525314959262459,16.332809409012768,0.27979155257344246,3.068305492401123,10.002403351942043,0.551898300923122,32,F3NCS_0448_ood_unseen_layer_modulus_ellipse_zb07p4_E21p0;F3NCS_0449_ood_unseen_layer_modulus_ellipse_zb05p8_E54p9;F3NCS_0450_ood_unseen_layer_modulus_crescent_zb09p9_E11p6;F3NCS_0451_ood_unseen_layer_modulus_cylinder_zb09p3_E36p6;F3NCS_0452_ood_unseen_layer_modulus_two_foci_zb09p4_E11p5;F3NCS_0453_ood_unseen_layer_modulus_lobed_zb09p7_E21p6;F3NCS_0454_ood_unseen_layer_modulus_crescent_zb06p1_E76p6;F3NCS_0455_ood_unseen_layer_modulus_ellipse_zb06p0_E06p3;F3NCS_0456_ood_unseen_layer_modulus_ellipse_zb02p7_E65p7;F3NCS_0457_ood_unseen_layer_modulus_lobed_zb07p1_E19p6;F3NCS_0458_ood_unseen_layer_modulus_lobed_zb02p9_E06p6;F3NCS_0459_ood_unseen_layer_modulus_ellipse_zb09p5_E34p1;F3NCS_0460_ood_unseen_layer_modulus_two_foci_zb03p6_E86p4;F3NCS_0461_ood_unseen_layer_modulus_cylinder_zb08p2_E46p7;F3NCS_0462_ood_unseen_layer_modulus_two_foci_zb09p7_E30p7;F3NCS_0463_ood_unseen_layer_modulus_lobed_zb03p1_E09p1;F3NCS_0464_ood_unseen_layer_modulus_lobed_zb05p9_E29p2;F3NCS_0465_ood_unseen_layer_modulus_two_foci_zb03p6_E42p2;F3NCS_0466_ood_unseen_layer_modulus_two_foci_zb03p5_E33p5;F3NCS_0467_ood_unseen_layer_modulus_cylinder_zb03p5_E16p4;F3NCS_0468_ood_unseen_layer_modulus_lobed_zb04p2_E55p5;F3NCS_0469_ood_unseen_layer_modulus_ellipse_zb08p2_E21p5;F3NCS_0470_ood_unseen_layer_modulus_lobed_zb05p9_E43p7;F3NCS_0471_ood_unseen_layer_modulus_lobed_zb02p0_E78p3;F3NCS_0472_ood_unseen_layer_modulus_lobed_zb07p9_E07p2;F3NCS_0473_ood_unseen_layer_modulus_ellipse_zb05p9_E08p4;F3NCS_0474_ood_unseen_layer_modulus_cylinder_zb09p4_E22p6;F3NCS_0475_ood_unseen_layer_modulus_lobed_zb08p1_E22p1;F3NCS_0476_ood_unseen_layer_modulus_ellipse_zb05p7_E79p4;F3NCS_0477_ood_unseen_layer_modulus_ellipse_zb03p5_E10p4;F3NCS_0478_ood_unseen_layer_modulus_ellipse_zb07p1_E27p2;F3NCS_0479_ood_unseen_layer_modulus_cylinder_zb03p7_E09p1,method2b_512_full_comsol_colab_cuda,fig3_true_ood,2,split_role/ood_split_family,ood_unseen_layer_modulus,230,38,32,0.0513492226600647,0.758575439453125,0.0384170226752758,0.83477783203125,0.12134048342704773,0.872894287109375,0.19841349124908447,0.8998031616210938,0.2708454728126526,0.8532416386073994,0.8407806067319152,0.05669685058165902,0.8702488017911891,0.012579661027695362,0.6005688905715942,0.0771188884973526,,0.7356266975402832
train_mean_prior,0.13871800899505615,0.20991628305066462,13.559077444190562,0.030694725341163576,3.739305257797241,10.71926353714697,,32,F3NCS_0480_ood_unseen_operator_noise_lobed_zb10p0_E66p7;F3NCS_0481_ood_unseen_operator_noise_ellipse_zb05p4_E11p5;F3NCS_0482_ood_unseen_operator_noise_lobed_zb01p7_E06p9;F3NCS_0483_ood_unseen_operator_noise_lobed_zb08p7_E31p8;F3NCS_0484_ood_unseen_operator_noise_cylinder_zb10p1_E08p6;F3NCS_0485_ood_unseen_operator_noise_two_foci_zb07p5_E25p6;F3NCS_0486_ood_unseen_operator_noise_cylinder_zb04p8_E14p8;F3NCS_0487_ood_unseen_operator_noise_two_foci_zb04p8_E08p4;F3NCS_0488_ood_unseen_operator_noise_ellipse_zb02p0_E51p8;F3NCS_0489_ood_unseen_operator_noise_two_foci_zb07p5_E23p2;F3NCS_0490_ood_unseen_operator_noise_crescent_zb05p7_E09p8;F3NCS_0491_ood_unseen_operator_noise_two_foci_zb01p9_E52p0;F3NCS_0492_ood_unseen_operator_noise_two_foci_zb05p8_E11p8;F3NCS_0493_ood_unseen_operator_noise_two_foci_zb02p7_E17p6;F3NCS_0494_ood_unseen_operator_noise_cylinder_zb03p5_E15p1;F3NCS_0495_ood_unseen_operator_noise_ellipse_zb11p4_E39p6;F3NCS_0496_ood_unseen_operator_noise_two_foci_zb05p4_E16p3;F3NCS_0497_ood_unseen_operator_noise_two_foci_zb06p2_E23p1;F3NCS_0498_ood_unseen_operator_noise_crescent_zb04p0_E08p5;F3NCS_0499_ood_unseen_operator_noise_lobed_zb01p5_E71p0;F3NCS_0500_ood_unseen_operator_noise_cylinder_zb02p3_E45p6;F3NCS_0501_ood_unseen_operator_noise_two_foci_zb09p3_E50p3;F3NCS_0502_ood_unseen_operator_noise_cylinder_zb11p5_E11p1;F3NCS_0503_ood_unseen_operator_noise_two_foci_zb07p9_E32p0;F3NCS_0504_ood_unseen_operator_noise_crescent_zb10p9_E39p6;F3NCS_0505_ood_unseen_operator_noise_lobed_zb06p3_E74p2;F3NCS_0506_ood_unseen_operator_noise_lobed_zb06p9_E36p9;F3NCS_0507_ood_unseen_operator_noise_ellipse_zb01p4_E08p8;F3NCS_0508_ood_unseen_operator_noise_two_foci_zb03p5_E13p6;F3NCS_0509_ood_unseen_operator_noise_crescent_zb11p1_E35p5;F3NCS_0510_ood_unseen_operator_noise_ellipse_zb02p7_E08p0;F3NCS_0511_ood_unseen_operator_noise_crescent_zb08p1_E09p7,method2b_512_full_comsol_colab_cuda,fig3_true_ood,3,split_role/ood_split_family,ood_unseen_operator_noise,230,38,32,,,,,,,,,,,,,,,,,,
srcnn_bz_single_channel,0.11031408607959747,0.19081747234499366,14.387637226223479,0.17323408229276538,3.401754856109619,10.259431918890044,0.37379613868794903,32,F3NCS_0480_ood_unseen_operator_noise_lobed_zb10p0_E66p7;F3NCS_0481_ood_unseen_operator_noise_ellipse_zb05p4_E11p5;F3NCS_0482_ood_unseen_operator_noise_lobed_zb01p7_E06p9;F3NCS_0483_ood_unseen_operator_noise_lobed_zb08p7_E31p8;F3NCS_0484_ood_unseen_operator_noise_cylinder_zb10p1_E08p6;F3NCS_0485_ood_unseen_operator_noise_two_foci_zb07p5_E25p6;F3NCS_0486_ood_unseen_operator_noise_cylinder_zb04p8_E14p8;F3NCS_0487_ood_unseen_operator_noise_two_foci_zb04p8_E08p4;F3NCS_0488_ood_unseen_operator_noise_ellipse_zb02p0_E51p8;F3NCS_0489_ood_unseen_operator_noise_two_foci_zb07p5_E23p2;F3NCS_0490_ood_unseen_operator_noise_crescent_zb05p7_E09p8;F3NCS_0491_ood_unseen_operator_noise_two_foci_zb01p9_E52p0;F3NCS_0492_ood_unseen_operator_noise_two_foci_zb05p8_E11p8;F3NCS_0493_ood_unseen_operator_noise_two_foci_zb02p7_E17p6;F3NCS_0494_ood_unseen_operator_noise_cylinder_zb03p5_E15p1;F3NCS_0495_ood_unseen_operator_noise_ellipse_zb11p4_E39p6;F3NCS_0496_ood_unseen_operator_noise_two_foci_zb05p4_E16p3;F3NCS_0497_ood_unseen_operator_noise_two_foci_zb06p2_E23p1;F3NCS_0498_ood_unseen_operator_noise_crescent_zb04p0_E08p5;F3NCS_0499_ood_unseen_operator_noise_lobed_zb01p5_E71p0;F3NCS_0500_ood_unseen_operator_noise_cylinder_zb02p3_E45p6;F3NCS_0501_ood_unseen_operator_noise_two_foci_zb09p3_E50p3;F3NCS_0502_ood_unseen_operator_noise_cylinder_zb11p5_E11p1;F3NCS_0503_ood_unseen_operator_noise_two_foci_zb07p9_E32p0;F3NCS_0504_ood_unseen_operator_noise_crescent_zb10p9_E39p6;F3NCS_0505_ood_unseen_operator_noise_lobed_zb06p3_E74p2;F3NCS_0506_ood_unseen_operator_noise_lobed_zb06p9_E36p9;F3NCS_0507_ood_unseen_operator_noise_ellipse_zb01p4_E08p8;F3NCS_0508_ood_unseen_operator_noise_two_foci_zb03p5_E13p6;F3NCS_0509_ood_unseen_operator_noise_crescent_zb11p1_E35p5;F3NCS_0510_ood_unseen_operator_noise_ellipse_zb02p7_E08p0;F3NCS_0511_ood_unseen_operator_noise_crescent_zb08p1_E09p7,method2b_512_full_comsol_colab_cuda,fig3_true_ood,3,split_role/ood_split_family,ood_unseen_operator_noise,230,38,32,0.11031407862901688,0.0,0.0,0.0,0.0,0.0,0.0,0.0,0.0,,0.5,0.18763813574319088,18763813.574319087,0.08027609503325656,0.13835906982421875,0.0,,
unet_canonical_bxyz,0.07312318682670593,0.15086111562585042,16.428453699555252,0.4343214789405465,2.6353774070739746,7.900798139211776,0.5147407646620432,32,F3NCS_0480_ood_unseen_operator_noise_lobed_zb10p0_E66p7;F3NCS_0481_ood_unseen_operator_noise_ellipse_zb05p4_E11p5;F3NCS_0482_ood_unseen_operator_noise_lobed_zb01p7_E06p9;F3NCS_0483_ood_unseen_operator_noise_lobed_zb08p7_E31p8;F3NCS_0484_ood_unseen_operator_noise_cylinder_zb10p1_E08p6;F3NCS_0485_ood_unseen_operator_noise_two_foci_zb07p5_E25p6;F3NCS_0486_ood_unseen_operator_noise_cylinder_zb04p8_E14p8;F3NCS_0487_ood_unseen_operator_noise_two_foci_zb04p8_E08p4;F3NCS_0488_ood_unseen_operator_noise_ellipse_zb02p0_E51p8;F3NCS_0489_ood_unseen_operator_noise_two_foci_zb07p5_E23p2;F3NCS_0490_ood_unseen_operator_noise_crescent_zb05p7_E09p8;F3NCS_0491_ood_unseen_operator_noise_two_foci_zb01p9_E52p0;F3NCS_0492_ood_unseen_operator_noise_two_foci_zb05p8_E11p8;F3NCS_0493_ood_unseen_operator_noise_two_foci_zb02p7_E17p6;F3NCS_0494_ood_unseen_operator_noise_cylinder_zb03p5_E15p1;F3NCS_0495_ood_unseen_operator_noise_ellipse_zb11p4_E39p6;F3NCS_0496_ood_unseen_operator_noise_two_foci_zb05p4_E16p3;F3NCS_0497_ood_unseen_operator_noise_two_foci_zb06p2_E23p1;F3NCS_0498_ood_unseen_operator_noise_crescent_zb04p0_E08p5;F3NCS_0499_ood_unseen_operator_noise_lobed_zb01p5_E71p0;F3NCS_0500_ood_unseen_operator_noise_cylinder_zb02p3_E45p6;F3NCS_0501_ood_unseen_operator_noise_two_foci_zb09p3_E50p3;F3NCS_0502_ood_unseen_operator_noise_cylinder_zb11p5_E11p1;F3NCS_0503_ood_unseen_operator_noise_two_foci_zb07p9_E32p0;F3NCS_0504_ood_unseen_operator_noise_crescent_zb10p9_E39p6;F3NCS_0505_ood_unseen_operator_noise_lobed_zb06p3_E74p2;F3NCS_0506_ood_unseen_operator_noise_lobed_zb06p9_E36p9;F3NCS_0507_ood_unseen_operator_noise_ellipse_zb01p4_E08p8;F3NCS_0508_ood_unseen_operator_noise_two_foci_zb03p5_E13p6;F3NCS_0509_ood_unseen_operator_noise_crescent_zb11p1_E35p5;F3NCS_0510_ood_unseen_operator_noise_ellipse_zb02p7_E08p0;F3NCS_0511_ood_unseen_operator_noise_crescent_zb08p1_E09p7,method2b_512_full_comsol_colab_cuda,fig3_true_ood,3,split_role/ood_split_family,ood_unseen_operator_noise,230,38,32,0.07312317937612534,0.0,0.0,0.0,0.0,0.0,0.0,0.0,0.0,,0.5,0.14962035326967735,14962035.326967733,0.06104441982142495,0.10263824462890625,0.0,,
vanilla_diffusion,0.46673187613487244,0.4814952027506729,6.34816070990793,0.04267316387267783,13.415611267089844,14.608092356796199,0.22175062091814104,32,F3NCS_0480_ood_unseen_operator_noise_lobed_zb10p0_E66p7;F3NCS_0481_ood_unseen_operator_noise_ellipse_zb05p4_E11p5;F3NCS_0482_ood_unseen_operator_noise_lobed_zb01p7_E06p9;F3NCS_0483_ood_unseen_operator_noise_lobed_zb08p7_E31p8;F3NCS_0484_ood_unseen_operator_noise_cylinder_zb10p1_E08p6;F3NCS_0485_ood_unseen_operator_noise_two_foci_zb07p5_E25p6;F3NCS_0486_ood_unseen_operator_noise_cylinder_zb04p8_E14p8;F3NCS_0487_ood_unseen_operator_noise_two_foci_zb04p8_E08p4;F3NCS_0488_ood_unseen_operator_noise_ellipse_zb02p0_E51p8;F3NCS_0489_ood_unseen_operator_noise_two_foci_zb07p5_E23p2;F3NCS_0490_ood_unseen_operator_noise_crescent_zb05p7_E09p8;F3NCS_0491_ood_unseen_operator_noise_two_foci_zb01p9_E52p0;F3NCS_0492_ood_unseen_operator_noise_two_foci_zb05p8_E11p8;F3NCS_0493_ood_unseen_operator_noise_two_foci_zb02p7_E17p6;F3NCS_0494_ood_unseen_operator_noise_cylinder_zb03p5_E15p1;F3NCS_0495_ood_unseen_operator_noise_ellipse_zb11p4_E39p6;F3NCS_0496_ood_unseen_operator_noise_two_foci_zb05p4_E16p3;F3NCS_0497_ood_unseen_operator_noise_two_foci_zb06p2_E23p1;F3NCS_0498_ood_unseen_operator_noise_crescent_zb04p0_E08p5;F3NCS_0499_ood_unseen_operator_noise_lobed_zb01p5_E71p0;F3NCS_0500_ood_unseen_operator_noise_cylinder_zb02p3_E45p6;F3NCS_0501_ood_unseen_operator_noise_two_foci_zb09p3_E50p3;F3NCS_0502_ood_unseen_operator_noise_cylinder_zb11p5_E11p1;F3NCS_0503_ood_unseen_operator_noise_two_foci_zb07p9_E32p0;F3NCS_0504_ood_unseen_operator_noise_crescent_zb10p9_E39p6;F3NCS_0505_ood_unseen_operator_noise_lobed_zb06p3_E74p2;F3NCS_0506_ood_unseen_operator_noise_lobed_zb06p9_E36p9;F3NCS_0507_ood_unseen_operator_noise_ellipse_zb01p4_E08p8;F3NCS_0508_ood_unseen_operator_noise_two_foci_zb03p5_E13p6;F3NCS_0509_ood_unseen_operator_noise_crescent_zb11p1_E35p5;F3NCS_0510_ood_unseen_operator_noise_ellipse_zb02p7_E08p0;F3NCS_0511_ood_unseen_operator_noise_crescent_zb08p1_E09p7,method2b_512_full_comsol_colab_cuda,fig3_true_ood,3,split_role/ood_split_family,ood_unseen_operator_noise,230,38,32,,,,,,,,,,,,,,,,0.09618070721626282,64.0,
prior_init_diffusion_unet,0.0756477564573288,0.15079340935138674,16.432352790660985,0.2575319577008486,2.6532034873962402,7.919351570866047,0.513326871496105,32,F3NCS_0480_ood_unseen_operator_noise_lobed_zb10p0_E66p7;F3NCS_0481_ood_unseen_operator_noise_ellipse_zb05p4_E11p5;F3NCS_0482_ood_unseen_operator_noise_lobed_zb01p7_E06p9;F3NCS_0483_ood_unseen_operator_noise_lobed_zb08p7_E31p8;F3NCS_0484_ood_unseen_operator_noise_cylinder_zb10p1_E08p6;F3NCS_0485_ood_unseen_operator_noise_two_foci_zb07p5_E25p6;F3NCS_0486_ood_unseen_operator_noise_cylinder_zb04p8_E14p8;F3NCS_0487_ood_unseen_operator_noise_two_foci_zb04p8_E08p4;F3NCS_0488_ood_unseen_operator_noise_ellipse_zb02p0_E51p8;F3NCS_0489_ood_unseen_operator_noise_two_foci_zb07p5_E23p2;F3NCS_0490_ood_unseen_operator_noise_crescent_zb05p7_E09p8;F3NCS_0491_ood_unseen_operator_noise_two_foci_zb01p9_E52p0;F3NCS_0492_ood_unseen_operator_noise_two_foci_zb05p8_E11p8;F3NCS_0493_ood_unseen_operator_noise_two_foci_zb02p7_E17p6;F3NCS_0494_ood_unseen_operator_noise_cylinder_zb03p5_E15p1;F3NCS_0495_ood_unseen_operator_noise_ellipse_zb11p4_E39p6;F3NCS_0496_ood_unseen_operator_noise_two_foci_zb05p4_E16p3;F3NCS_0497_ood_unseen_operator_noise_two_foci_zb06p2_E23p1;F3NCS_0498_ood_unseen_operator_noise_crescent_zb04p0_E08p5;F3NCS_0499_ood_unseen_operator_noise_lobed_zb01p5_E71p0;F3NCS_0500_ood_unseen_operator_noise_cylinder_zb02p3_E45p6;F3NCS_0501_ood_unseen_operator_noise_two_foci_zb09p3_E50p3;F3NCS_0502_ood_unseen_operator_noise_cylinder_zb11p5_E11p1;F3NCS_0503_ood_unseen_operator_noise_two_foci_zb07p9_E32p0;F3NCS_0504_ood_unseen_operator_noise_crescent_zb10p9_E39p6;F3NCS_0505_ood_unseen_operator_noise_lobed_zb06p3_E74p2;F3NCS_0506_ood_unseen_operator_noise_lobed_zb06p9_E36p9;F3NCS_0507_ood_unseen_operator_noise_ellipse_zb01p4_E08p8;F3NCS_0508_ood_unseen_operator_noise_two_foci_zb03p5_E13p6;F3NCS_0509_ood_unseen_operator_noise_crescent_zb11p1_E35p5;F3NCS_0510_ood_unseen_operator_noise_ellipse_zb02p7_E08p0;F3NCS_0511_ood_unseen_operator_noise_crescent_zb08p1_E09p7,method2b_512_full_comsol_colab_cuda,fig3_true_ood,3,split_role/ood_split_family,ood_unseen_operator_noise,230,38,32,0.0704563707113266,0.00644683837890625,0.01250709593296051,0.02325439453125,0.023566707968711853,0.0600128173828125,0.029762884601950645,0.14130401611328125,0.03458481281995773,0.6208126191477176,0.8161396540145323,0.12277001903810922,12.750797460001161,0.016088364505401367,0.11972343921661377,0.009315934032201767,,
residual_likelihood_guided_diffusion,0.07564322650432587,0.15078457102305373,16.432861904386147,0.2575689391233027,2.652691125869751,7.919238131320866,0.5131802008449748,32,F3NCS_0480_ood_unseen_operator_noise_lobed_zb10p0_E66p7;F3NCS_0481_ood_unseen_operator_noise_ellipse_zb05p4_E11p5;F3NCS_0482_ood_unseen_operator_noise_lobed_zb01p7_E06p9;F3NCS_0483_ood_unseen_operator_noise_lobed_zb08p7_E31p8;F3NCS_0484_ood_unseen_operator_noise_cylinder_zb10p1_E08p6;F3NCS_0485_ood_unseen_operator_noise_two_foci_zb07p5_E25p6;F3NCS_0486_ood_unseen_operator_noise_cylinder_zb04p8_E14p8;F3NCS_0487_ood_unseen_operator_noise_two_foci_zb04p8_E08p4;F3NCS_0488_ood_unseen_operator_noise_ellipse_zb02p0_E51p8;F3NCS_0489_ood_unseen_operator_noise_two_foci_zb07p5_E23p2;F3NCS_0490_ood_unseen_operator_noise_crescent_zb05p7_E09p8;F3NCS_0491_ood_unseen_operator_noise_two_foci_zb01p9_E52p0;F3NCS_0492_ood_unseen_operator_noise_two_foci_zb05p8_E11p8;F3NCS_0493_ood_unseen_operator_noise_two_foci_zb02p7_E17p6;F3NCS_0494_ood_unseen_operator_noise_cylinder_zb03p5_E15p1;F3NCS_0495_ood_unseen_operator_noise_ellipse_zb11p4_E39p6;F3NCS_0496_ood_unseen_operator_noise_two_foci_zb05p4_E16p3;F3NCS_0497_ood_unseen_operator_noise_two_foci_zb06p2_E23p1;F3NCS_0498_ood_unseen_operator_noise_crescent_zb04p0_E08p5;F3NCS_0499_ood_unseen_operator_noise_lobed_zb01p5_E71p0;F3NCS_0500_ood_unseen_operator_noise_cylinder_zb02p3_E45p6;F3NCS_0501_ood_unseen_operator_noise_two_foci_zb09p3_E50p3;F3NCS_0502_ood_unseen_operator_noise_cylinder_zb11p5_E11p1;F3NCS_0503_ood_unseen_operator_noise_two_foci_zb07p9_E32p0;F3NCS_0504_ood_unseen_operator_noise_crescent_zb10p9_E39p6;F3NCS_0505_ood_unseen_operator_noise_lobed_zb06p3_E74p2;F3NCS_0506_ood_unseen_operator_noise_lobed_zb06p9_E36p9;F3NCS_0507_ood_unseen_operator_noise_ellipse_zb01p4_E08p8;F3NCS_0508_ood_unseen_operator_noise_two_foci_zb03p5_E13p6;F3NCS_0509_ood_unseen_operator_noise_crescent_zb11p1_E35p5;F3NCS_0510_ood_unseen_operator_noise_ellipse_zb02p7_E08p0;F3NCS_0511_ood_unseen_operator_noise_crescent_zb08p1_E09p7,method2b_512_full_comsol_colab_cuda,fig3_true_ood,3,split_role/ood_split_family,ood_unseen_operator_noise,230,38,32,0.07045095413923264,0.00653076171875,0.01250479556620121,0.02281951904296875,0.023544399067759514,0.05945587158203125,0.02974894270300865,0.14168548583984375,0.034601204097270966,0.6211176364438794,0.8158798064774255,0.12273580576685596,12.760330436710028,0.01624154466081663,0.1198279857635498,0.009317059069871902,,
explicit_residual_target_diffusion,0.11234401166439056,0.16268992741386257,15.77278669221463,0.09674290445400402,3.1535043716430664,7.862662930157408,0.5087211016591984,32,F3NCS_0480_ood_unseen_operator_noise_lobed_zb10p0_E66p7;F3NCS_0481_ood_unseen_operator_noise_ellipse_zb05p4_E11p5;F3NCS_0482_ood_unseen_operator_noise_lobed_zb01p7_E06p9;F3NCS_0483_ood_unseen_operator_noise_lobed_zb08p7_E31p8;F3NCS_0484_ood_unseen_operator_noise_cylinder_zb10p1_E08p6;F3NCS_0485_ood_unseen_operator_noise_two_foci_zb07p5_E25p6;F3NCS_0486_ood_unseen_operator_noise_cylinder_zb04p8_E14p8;F3NCS_0487_ood_unseen_operator_noise_two_foci_zb04p8_E08p4;F3NCS_0488_ood_unseen_operator_noise_ellipse_zb02p0_E51p8;F3NCS_0489_ood_unseen_operator_noise_two_foci_zb07p5_E23p2;F3NCS_0490_ood_unseen_operator_noise_crescent_zb05p7_E09p8;F3NCS_0491_ood_unseen_operator_noise_two_foci_zb01p9_E52p0;F3NCS_0492_ood_unseen_operator_noise_two_foci_zb05p8_E11p8;F3NCS_0493_ood_unseen_operator_noise_two_foci_zb02p7_E17p6;F3NCS_0494_ood_unseen_operator_noise_cylinder_zb03p5_E15p1;F3NCS_0495_ood_unseen_operator_noise_ellipse_zb11p4_E39p6;F3NCS_0496_ood_unseen_operator_noise_two_foci_zb05p4_E16p3;F3NCS_0497_ood_unseen_operator_noise_two_foci_zb06p2_E23p1;F3NCS_0498_ood_unseen_operator_noise_crescent_zb04p0_E08p5;F3NCS_0499_ood_unseen_operator_noise_lobed_zb01p5_E71p0;F3NCS_0500_ood_unseen_operator_noise_cylinder_zb02p3_E45p6;F3NCS_0501_ood_unseen_operator_noise_two_foci_zb09p3_E50p3;F3NCS_0502_ood_unseen_operator_noise_cylinder_zb11p5_E11p1;F3NCS_0503_ood_unseen_operator_noise_two_foci_zb07p9_E32p0;F3NCS_0504_ood_unseen_operator_noise_crescent_zb10p9_E39p6;F3NCS_0505_ood_unseen_operator_noise_lobed_zb06p3_E74p2;F3NCS_0506_ood_unseen_operator_noise_lobed_zb06p9_E36p9;F3NCS_0507_ood_unseen_operator_noise_ellipse_zb01p4_E08p8;F3NCS_0508_ood_unseen_operator_noise_two_foci_zb03p5_E13p6;F3NCS_0509_ood_unseen_operator_noise_crescent_zb11p1_E35p5;F3NCS_0510_ood_unseen_operator_noise_ellipse_zb02p7_E08p0;F3NCS_0511_ood_unseen_operator_noise_crescent_zb08p1_E09p7,method2b_512_full_comsol_colab_cuda,fig3_true_ood,3,split_role/ood_split_family,ood_unseen_operator_noise,230,38,32,0.07489150762557983,0.11544036865234375,0.06507767736911774,0.5157470703125,0.16749587655067444,0.7252197265625,0.25466179847717285,0.8437042236328125,0.33643996715545654,0.6923483306926767,0.7583312910451042,0.06412200864018106,0.8220039107771545,0.02125927002811022,0.21142470836639404,0.09006711840629578,,0.7306778430938721
train_mean_prior,0.1397266536951065,0.21921222251532582,13.182704695087713,0.026162340363953263,4.238651752471924,13.06372298214781,,64,F3NCS_0320_ood_unseen_shape_lobed_zb03p8_E09p9;F3NCS_0321_ood_unseen_shape_crescent_zb03p5_E06p5;F3NCS_0322_ood_unseen_shape_crescent_zb07p2_E76p5;F3NCS_0323_ood_unseen_shape_crescent_zb03p5_E10p3;F3NCS_0324_ood_unseen_shape_crescent_zb02p9_E59p3;F3NCS_0325_ood_unseen_shape_lobed_zb01p6_E06p9;F3NCS_0326_ood_unseen_shape_lobed_zb06p1_E42p4;F3NCS_0327_ood_unseen_shape_crescent_zb03p1_E14p7;F3NCS_0328_ood_unseen_shape_lobed_zb03p1_E29p3;F3NCS_0329_ood_unseen_shape_lobed_zb05p7_E08p7;F3NCS_0330_ood_unseen_shape_lobed_zb02p8_E92p0;F3NCS_0331_ood_unseen_shape_crescent_zb03p2_E14p3;F3NCS_0332_ood_unseen_shape_lobed_zb02p8_E45p3;F3NCS_0333_ood_unseen_shape_lobed_zb03p4_E06p5;F3NCS_0334_ood_unseen_shape_crescent_zb03p1_E53p0;F3NCS_0335_ood_unseen_shape_crescent_zb02p9_E84p2;F3NCS_0336_ood_unseen_shape_crescent_zb07p2_E64p1;F3NCS_0337_ood_unseen_shape_lobed_zb03p4_E11p4;F3NCS_0338_ood_unseen_shape_crescent_zb06p8_E10p9;F3NCS_0339_ood_unseen_shape_lobed_zb04p2_E91p6;F3NCS_0340_ood_unseen_shape_crescent_zb03p8_E70p0;F3NCS_0341_ood_unseen_shape_lobed_zb04p9_E61p6;F3NCS_0342_ood_unseen_shape_crescent_zb05p1_E22p7;F3NCS_0343_ood_unseen_shape_lobed_zb07p1_E87p4;F3NCS_0344_ood_unseen_shape_crescent_zb03p6_E61p5;F3NCS_0345_ood_unseen_shape_crescent_zb06p9_E18p0;F3NCS_0346_ood_unseen_shape_lobed_zb01p8_E15p9;F3NCS_0347_ood_unseen_shape_lobed_zb02p8_E62p6;F3NCS_0348_ood_unseen_shape_lobed_zb05p0_E06p3;F3NCS_0349_ood_unseen_shape_lobed_zb03p4_E28p4;F3NCS_0350_ood_unseen_shape_lobed_zb06p0_E06p6;F3NCS_0351_ood_unseen_shape_crescent_zb06p3_E52p9;F3NCS_0352_ood_unseen_shape_lobed_zb05p6_E54p3;F3NCS_0353_ood_unseen_shape_lobed_zb02p2_E51p7;F3NCS_0354_ood_unseen_shape_crescent_zb05p4_E08p7;F3NCS_0355_ood_unseen_shape_crescent_zb07p5_E72p1;F3NCS_0356_ood_unseen_shape_lobed_zb07p8_E66p7;F3NCS_0357_ood_unseen_shape_lobed_zb03p8_E28p5;F3NCS_0358_ood_unseen_shape_lobed_zb05p7_E57p3;F3NCS_0359_ood_unseen_shape_crescent_zb07p1_E07p1;F3NCS_0360_ood_unseen_shape_lobed_zb06p1_E32p9;F3NCS_0361_ood_unseen_shape_crescent_zb07p0_E50p0;F3NCS_0362_ood_unseen_shape_lobed_zb07p0_E43p7;F3NCS_0363_ood_unseen_shape_crescent_zb04p4_E39p7;F3NCS_0364_ood_unseen_shape_lobed_zb03p1_E17p5;F3NCS_0365_ood_unseen_shape_crescent_zb04p6_E10p8;F3NCS_0366_ood_unseen_shape_crescent_zb01p4_E56p2;F3NCS_0367_ood_unseen_shape_crescent_zb02p6_E36p5;F3NCS_0368_ood_unseen_shape_crescent_zb03p1_E21p0;F3NCS_0369_ood_unseen_shape_lobed_zb02p7_E27p1;F3NCS_0370_ood_unseen_shape_crescent_zb07p7_E18p8;F3NCS_0371_ood_unseen_shape_lobed_zb02p8_E27p5;F3NCS_0372_ood_unseen_shape_lobed_zb02p3_E06p5;F3NCS_0373_ood_unseen_shape_lobed_zb04p9_E07p7;F3NCS_0374_ood_unseen_shape_lobed_zb07p3_E27p3;F3NCS_0375_ood_unseen_shape_crescent_zb03p4_E11p6;F3NCS_0376_ood_unseen_shape_crescent_zb04p0_E26p7;F3NCS_0377_ood_unseen_shape_crescent_zb06p5_E40p4;F3NCS_0378_ood_unseen_shape_crescent_zb05p4_E79p9;F3NCS_0379_ood_unseen_shape_crescent_zb06p4_E88p5;F3NCS_0380_ood_unseen_shape_lobed_zb03p5_E55p6;F3NCS_0381_ood_unseen_shape_crescent_zb04p9_E14p7;F3NCS_0382_ood_unseen_shape_crescent_zb05p9_E48p6;F3NCS_0383_ood_unseen_shape_crescent_zb05p4_E08p3,method2b_512_full_comsol_colab_cuda,fig3_true_ood,4,split_role/ood_split_family,ood_unseen_shape,230,38,64,,,,,,,,,,,,,,,,,,
srcnn_bz_single_channel,0.12072160840034485,0.21044876735842416,13.537072273206546,0.148249302059412,4.081739902496338,12.745946501601193,0.3108694974992098,64,F3NCS_0320_ood_unseen_shape_lobed_zb03p8_E09p9;F3NCS_0321_ood_unseen_shape_crescent_zb03p5_E06p5;F3NCS_0322_ood_unseen_shape_crescent_zb07p2_E76p5;F3NCS_0323_ood_unseen_shape_crescent_zb03p5_E10p3;F3NCS_0324_ood_unseen_shape_crescent_zb02p9_E59p3;F3NCS_0325_ood_unseen_shape_lobed_zb01p6_E06p9;F3NCS_0326_ood_unseen_shape_lobed_zb06p1_E42p4;F3NCS_0327_ood_unseen_shape_crescent_zb03p1_E14p7;F3NCS_0328_ood_unseen_shape_lobed_zb03p1_E29p3;F3NCS_0329_ood_unseen_shape_lobed_zb05p7_E08p7;F3NCS_0330_ood_unseen_shape_lobed_zb02p8_E92p0;F3NCS_0331_ood_unseen_shape_crescent_zb03p2_E14p3;F3NCS_0332_ood_unseen_shape_lobed_zb02p8_E45p3;F3NCS_0333_ood_unseen_shape_lobed_zb03p4_E06p5;F3NCS_0334_ood_unseen_shape_crescent_zb03p1_E53p0;F3NCS_0335_ood_unseen_shape_crescent_zb02p9_E84p2;F3NCS_0336_ood_unseen_shape_crescent_zb07p2_E64p1;F3NCS_0337_ood_unseen_shape_lobed_zb03p4_E11p4;F3NCS_0338_ood_unseen_shape_crescent_zb06p8_E10p9;F3NCS_0339_ood_unseen_shape_lobed_zb04p2_E91p6;F3NCS_0340_ood_unseen_shape_crescent_zb03p8_E70p0;F3NCS_0341_ood_unseen_shape_lobed_zb04p9_E61p6;F3NCS_0342_ood_unseen_shape_crescent_zb05p1_E22p7;F3NCS_0343_ood_unseen_shape_lobed_zb07p1_E87p4;F3NCS_0344_ood_unseen_shape_crescent_zb03p6_E61p5;F3NCS_0345_ood_unseen_shape_crescent_zb06p9_E18p0;F3NCS_0346_ood_unseen_shape_lobed_zb01p8_E15p9;F3NCS_0347_ood_unseen_shape_lobed_zb02p8_E62p6;F3NCS_0348_ood_unseen_shape_lobed_zb05p0_E06p3;F3NCS_0349_ood_unseen_shape_lobed_zb03p4_E28p4;F3NCS_0350_ood_unseen_shape_lobed_zb06p0_E06p6;F3NCS_0351_ood_unseen_shape_crescent_zb06p3_E52p9;F3NCS_0352_ood_unseen_shape_lobed_zb05p6_E54p3;F3NCS_0353_ood_unseen_shape_lobed_zb02p2_E51p7;F3NCS_0354_ood_unseen_shape_crescent_zb05p4_E08p7;F3NCS_0355_ood_unseen_shape_crescent_zb07p5_E72p1;F3NCS_0356_ood_unseen_shape_lobed_zb07p8_E66p7;F3NCS_0357_ood_unseen_shape_lobed_zb03p8_E28p5;F3NCS_0358_ood_unseen_shape_lobed_zb05p7_E57p3;F3NCS_0359_ood_unseen_shape_crescent_zb07p1_E07p1;F3NCS_0360_ood_unseen_shape_lobed_zb06p1_E32p9;F3NCS_0361_ood_unseen_shape_crescent_zb07p0_E50p0;F3NCS_0362_ood_unseen_shape_lobed_zb07p0_E43p7;F3NCS_0363_ood_unseen_shape_crescent_zb04p4_E39p7;F3NCS_0364_ood_unseen_shape_lobed_zb03p1_E17p5;F3NCS_0365_ood_unseen_shape_crescent_zb04p6_E10p8;F3NCS_0366_ood_unseen_shape_crescent_zb01p4_E56p2;F3NCS_0367_ood_unseen_shape_crescent_zb02p6_E36p5;F3NCS_0368_ood_unseen_shape_crescent_zb03p1_E21p0;F3NCS_0369_ood_unseen_shape_lobed_zb02p7_E27p1;F3NCS_0370_ood_unseen_shape_crescent_zb07p7_E18p8;F3NCS_0371_ood_unseen_shape_lobed_zb02p8_E27p5;F3NCS_0372_ood_unseen_shape_lobed_zb02p3_E06p5;F3NCS_0373_ood_unseen_shape_lobed_zb04p9_E07p7;F3NCS_0374_ood_unseen_shape_lobed_zb07p3_E27p3;F3NCS_0375_ood_unseen_shape_crescent_zb03p4_E11p6;F3NCS_0376_ood_unseen_shape_crescent_zb04p0_E26p7;F3NCS_0377_ood_unseen_shape_crescent_zb06p5_E40p4;F3NCS_0378_ood_unseen_shape_crescent_zb05p4_E79p9;F3NCS_0379_ood_unseen_shape_crescent_zb06p4_E88p5;F3NCS_0380_ood_unseen_shape_lobed_zb03p5_E55p6;F3NCS_0381_ood_unseen_shape_crescent_zb04p9_E14p7;F3NCS_0382_ood_unseen_shape_crescent_zb05p9_E48p6;F3NCS_0383_ood_unseen_shape_crescent_zb05p4_E08p3,method2b_512_full_comsol_colab_cuda,fig3_true_ood,4,split_role/ood_split_family,ood_unseen_shape,230,38,64,0.12072162330150604,0.0,0.0,0.0,0.0,0.0,0.0,0.0,0.0,,0.5,0.2076731746465833,20767317.46465833,0.08706103349162767,0.12371444702148438,0.0,,
unet_canonical_bxyz,0.08803021907806396,0.179269730002824,14.929860712108079,0.3388574298005551,3.447742462158203,11.515406364528973,0.4594256529644026,64,F3NCS_0320_ood_unseen_shape_lobed_zb03p8_E09p9;F3NCS_0321_ood_unseen_shape_crescent_zb03p5_E06p5;F3NCS_0322_ood_unseen_shape_crescent_zb07p2_E76p5;F3NCS_0323_ood_unseen_shape_crescent_zb03p5_E10p3;F3NCS_0324_ood_unseen_shape_crescent_zb02p9_E59p3;F3NCS_0325_ood_unseen_shape_lobed_zb01p6_E06p9;F3NCS_0326_ood_unseen_shape_lobed_zb06p1_E42p4;F3NCS_0327_ood_unseen_shape_crescent_zb03p1_E14p7;F3NCS_0328_ood_unseen_shape_lobed_zb03p1_E29p3;F3NCS_0329_ood_unseen_shape_lobed_zb05p7_E08p7;F3NCS_0330_ood_unseen_shape_lobed_zb02p8_E92p0;F3NCS_0331_ood_unseen_shape_crescent_zb03p2_E14p3;F3NCS_0332_ood_unseen_shape_lobed_zb02p8_E45p3;F3NCS_0333_ood_unseen_shape_lobed_zb03p4_E06p5;F3NCS_0334_ood_unseen_shape_crescent_zb03p1_E53p0;F3NCS_0335_ood_unseen_shape_crescent_zb02p9_E84p2;F3NCS_0336_ood_unseen_shape_crescent_zb07p2_E64p1;F3NCS_0337_ood_unseen_shape_lobed_zb03p4_E11p4;F3NCS_0338_ood_unseen_shape_crescent_zb06p8_E10p9;F3NCS_0339_ood_unseen_shape_lobed_zb04p2_E91p6;F3NCS_0340_ood_unseen_shape_crescent_zb03p8_E70p0;F3NCS_0341_ood_unseen_shape_lobed_zb04p9_E61p6;F3NCS_0342_ood_unseen_shape_crescent_zb05p1_E22p7;F3NCS_0343_ood_unseen_shape_lobed_zb07p1_E87p4;F3NCS_0344_ood_unseen_shape_crescent_zb03p6_E61p5;F3NCS_0345_ood_unseen_shape_crescent_zb06p9_E18p0;F3NCS_0346_ood_unseen_shape_lobed_zb01p8_E15p9;F3NCS_0347_ood_unseen_shape_lobed_zb02p8_E62p6;F3NCS_0348_ood_unseen_shape_lobed_zb05p0_E06p3;F3NCS_0349_ood_unseen_shape_lobed_zb03p4_E28p4;F3NCS_0350_ood_unseen_shape_lobed_zb06p0_E06p6;F3NCS_0351_ood_unseen_shape_crescent_zb06p3_E52p9;F3NCS_0352_ood_unseen_shape_lobed_zb05p6_E54p3;F3NCS_0353_ood_unseen_shape_lobed_zb02p2_E51p7;F3NCS_0354_ood_unseen_shape_crescent_zb05p4_E08p7;F3NCS_0355_ood_unseen_shape_crescent_zb07p5_E72p1;F3NCS_0356_ood_unseen_shape_lobed_zb07p8_E66p7;F3NCS_0357_ood_unseen_shape_lobed_zb03p8_E28p5;F3NCS_0358_ood_unseen_shape_lobed_zb05p7_E57p3;F3NCS_0359_ood_unseen_shape_crescent_zb07p1_E07p1;F3NCS_0360_ood_unseen_shape_lobed_zb06p1_E32p9;F3NCS_0361_ood_unseen_shape_crescent_zb07p0_E50p0;F3NCS_0362_ood_unseen_shape_lobed_zb07p0_E43p7;F3NCS_0363_ood_unseen_shape_crescent_zb04p4_E39p7;F3NCS_0364_ood_unseen_shape_lobed_zb03p1_E17p5;F3NCS_0365_ood_unseen_shape_crescent_zb04p6_E10p8;F3NCS_0366_ood_unseen_shape_crescent_zb01p4_E56p2;F3NCS_0367_ood_unseen_shape_crescent_zb02p6_E36p5;F3NCS_0368_ood_unseen_shape_crescent_zb03p1_E21p0;F3NCS_0369_ood_unseen_shape_lobed_zb02p7_E27p1;F3NCS_0370_ood_unseen_shape_crescent_zb07p7_E18p8;F3NCS_0371_ood_unseen_shape_lobed_zb02p8_E27p5;F3NCS_0372_ood_unseen_shape_lobed_zb02p3_E06p5;F3NCS_0373_ood_unseen_shape_lobed_zb04p9_E07p7;F3NCS_0374_ood_unseen_shape_lobed_zb07p3_E27p3;F3NCS_0375_ood_unseen_shape_crescent_zb03p4_E11p6;F3NCS_0376_ood_unseen_shape_crescent_zb04p0_E26p7;F3NCS_0377_ood_unseen_shape_crescent_zb06p5_E40p4;F3NCS_0378_ood_unseen_shape_crescent_zb05p4_E79p9;F3NCS_0379_ood_unseen_shape_crescent_zb06p4_E88p5;F3NCS_0380_ood_unseen_shape_lobed_zb03p5_E55p6;F3NCS_0381_ood_unseen_shape_crescent_zb04p9_E14p7;F3NCS_0382_ood_unseen_shape_crescent_zb05p9_E48p6;F3NCS_0383_ood_unseen_shape_crescent_zb05p4_E08p3,method2b_512_full_comsol_colab_cuda,fig3_true_ood,4,split_role/ood_split_family,ood_unseen_shape,230,38,64,0.08803021907806396,0.0,0.0,0.0,0.0,0.0,0.0,0.0,0.0,,0.5,0.1762499769979718,17624997.69979718,0.06876630959475813,0.10796356201171875,0.0,,
vanilla_diffusion,0.438427209854126,0.4483991028300318,6.96670530050455,0.0285289065723191,12.308246612548828,14.862325958952598,0.23942178439137424,64,F3NCS_0320_ood_unseen_shape_lobed_zb03p8_E09p9;F3NCS_0321_ood_unseen_shape_crescent_zb03p5_E06p5;F3NCS_0322_ood_unseen_shape_crescent_zb07p2_E76p5;F3NCS_0323_ood_unseen_shape_crescent_zb03p5_E10p3;F3NCS_0324_ood_unseen_shape_crescent_zb02p9_E59p3;F3NCS_0325_ood_unseen_shape_lobed_zb01p6_E06p9;F3NCS_0326_ood_unseen_shape_lobed_zb06p1_E42p4;F3NCS_0327_ood_unseen_shape_crescent_zb03p1_E14p7;F3NCS_0328_ood_unseen_shape_lobed_zb03p1_E29p3;F3NCS_0329_ood_unseen_shape_lobed_zb05p7_E08p7;F3NCS_0330_ood_unseen_shape_lobed_zb02p8_E92p0;F3NCS_0331_ood_unseen_shape_crescent_zb03p2_E14p3;F3NCS_0332_ood_unseen_shape_lobed_zb02p8_E45p3;F3NCS_0333_ood_unseen_shape_lobed_zb03p4_E06p5;F3NCS_0334_ood_unseen_shape_crescent_zb03p1_E53p0;F3NCS_0335_ood_unseen_shape_crescent_zb02p9_E84p2;F3NCS_0336_ood_unseen_shape_crescent_zb07p2_E64p1;F3NCS_0337_ood_unseen_shape_lobed_zb03p4_E11p4;F3NCS_0338_ood_unseen_shape_crescent_zb06p8_E10p9;F3NCS_0339_ood_unseen_shape_lobed_zb04p2_E91p6;F3NCS_0340_ood_unseen_shape_crescent_zb03p8_E70p0;F3NCS_0341_ood_unseen_shape_lobed_zb04p9_E61p6;F3NCS_0342_ood_unseen_shape_crescent_zb05p1_E22p7;F3NCS_0343_ood_unseen_shape_lobed_zb07p1_E87p4;F3NCS_0344_ood_unseen_shape_crescent_zb03p6_E61p5;F3NCS_0345_ood_unseen_shape_crescent_zb06p9_E18p0;F3NCS_0346_ood_unseen_shape_lobed_zb01p8_E15p9;F3NCS_0347_ood_unseen_shape_lobed_zb02p8_E62p6;F3NCS_0348_ood_unseen_shape_lobed_zb05p0_E06p3;F3NCS_0349_ood_unseen_shape_lobed_zb03p4_E28p4;F3NCS_0350_ood_unseen_shape_lobed_zb06p0_E06p6;F3NCS_0351_ood_unseen_shape_crescent_zb06p3_E52p9;F3NCS_0352_ood_unseen_shape_lobed_zb05p6_E54p3;F3NCS_0353_ood_unseen_shape_lobed_zb02p2_E51p7;F3NCS_0354_ood_unseen_shape_crescent_zb05p4_E08p7;F3NCS_0355_ood_unseen_shape_crescent_zb07p5_E72p1;F3NCS_0356_ood_unseen_shape_lobed_zb07p8_E66p7;F3NCS_0357_ood_unseen_shape_lobed_zb03p8_E28p5;F3NCS_0358_ood_unseen_shape_lobed_zb05p7_E57p3;F3NCS_0359_ood_unseen_shape_crescent_zb07p1_E07p1;F3NCS_0360_ood_unseen_shape_lobed_zb06p1_E32p9;F3NCS_0361_ood_unseen_shape_crescent_zb07p0_E50p0;F3NCS_0362_ood_unseen_shape_lobed_zb07p0_E43p7;F3NCS_0363_ood_unseen_shape_crescent_zb04p4_E39p7;F3NCS_0364_ood_unseen_shape_lobed_zb03p1_E17p5;F3NCS_0365_ood_unseen_shape_crescent_zb04p6_E10p8;F3NCS_0366_ood_unseen_shape_crescent_zb01p4_E56p2;F3NCS_0367_ood_unseen_shape_crescent_zb02p6_E36p5;F3NCS_0368_ood_unseen_shape_crescent_zb03p1_E21p0;F3NCS_0369_ood_unseen_shape_lobed_zb02p7_E27p1;F3NCS_0370_ood_unseen_shape_crescent_zb07p7_E18p8;F3NCS_0371_ood_unseen_shape_lobed_zb02p8_E27p5;F3NCS_0372_ood_unseen_shape_lobed_zb02p3_E06p5;F3NCS_0373_ood_unseen_shape_lobed_zb04p9_E07p7;F3NCS_0374_ood_unseen_shape_lobed_zb07p3_E27p3;F3NCS_0375_ood_unseen_shape_crescent_zb03p4_E11p6;F3NCS_0376_ood_unseen_shape_crescent_zb04p0_E26p7;F3NCS_0377_ood_unseen_shape_crescent_zb06p5_E40p4;F3NCS_0378_ood_unseen_shape_crescent_zb05p4_E79p9;F3NCS_0379_ood_unseen_shape_crescent_zb06p4_E88p5;F3NCS_0380_ood_unseen_shape_lobed_zb03p5_E55p6;F3NCS_0381_ood_unseen_shape_crescent_zb04p9_E14p7;F3NCS_0382_ood_unseen_shape_crescent_zb05p9_E48p6;F3NCS_0383_ood_unseen_shape_crescent_zb05p4_E08p3,method2b_512_full_comsol_colab_cuda,fig3_true_ood,4,split_role/ood_split_family,ood_unseen_shape,230,38,64,,,,,,,,,,,,,,,,0.09395433962345123,64.0,
prior_init_diffusion_unet,0.09033223986625671,0.17955018062401878,14.916283072916311,0.17981170257553458,3.4654455184936523,11.539317712563614,0.4562424610079222,64,F3NCS_0320_ood_unseen_shape_lobed_zb03p8_E09p9;F3NCS_0321_ood_unseen_shape_crescent_zb03p5_E06p5;F3NCS_0322_ood_unseen_shape_crescent_zb07p2_E76p5;F3NCS_0323_ood_unseen_shape_crescent_zb03p5_E10p3;F3NCS_0324_ood_unseen_shape_crescent_zb02p9_E59p3;F3NCS_0325_ood_unseen_shape_lobed_zb01p6_E06p9;F3NCS_0326_ood_unseen_shape_lobed_zb06p1_E42p4;F3NCS_0327_ood_unseen_shape_crescent_zb03p1_E14p7;F3NCS_0328_ood_unseen_shape_lobed_zb03p1_E29p3;F3NCS_0329_ood_unseen_shape_lobed_zb05p7_E08p7;F3NCS_0330_ood_unseen_shape_lobed_zb02p8_E92p0;F3NCS_0331_ood_unseen_shape_crescent_zb03p2_E14p3;F3NCS_0332_ood_unseen_shape_lobed_zb02p8_E45p3;F3NCS_0333_ood_unseen_shape_lobed_zb03p4_E06p5;F3NCS_0334_ood_unseen_shape_crescent_zb03p1_E53p0;F3NCS_0335_ood_unseen_shape_crescent_zb02p9_E84p2;F3NCS_0336_ood_unseen_shape_crescent_zb07p2_E64p1;F3NCS_0337_ood_unseen_shape_lobed_zb03p4_E11p4;F3NCS_0338_ood_unseen_shape_crescent_zb06p8_E10p9;F3NCS_0339_ood_unseen_shape_lobed_zb04p2_E91p6;F3NCS_0340_ood_unseen_shape_crescent_zb03p8_E70p0;F3NCS_0341_ood_unseen_shape_lobed_zb04p9_E61p6;F3NCS_0342_ood_unseen_shape_crescent_zb05p1_E22p7;F3NCS_0343_ood_unseen_shape_lobed_zb07p1_E87p4;F3NCS_0344_ood_unseen_shape_crescent_zb03p6_E61p5;F3NCS_0345_ood_unseen_shape_crescent_zb06p9_E18p0;F3NCS_0346_ood_unseen_shape_lobed_zb01p8_E15p9;F3NCS_0347_ood_unseen_shape_lobed_zb02p8_E62p6;F3NCS_0348_ood_unseen_shape_lobed_zb05p0_E06p3;F3NCS_0349_ood_unseen_shape_lobed_zb03p4_E28p4;F3NCS_0350_ood_unseen_shape_lobed_zb06p0_E06p6;F3NCS_0351_ood_unseen_shape_crescent_zb06p3_E52p9;F3NCS_0352_ood_unseen_shape_lobed_zb05p6_E54p3;F3NCS_0353_ood_unseen_shape_lobed_zb02p2_E51p7;F3NCS_0354_ood_unseen_shape_crescent_zb05p4_E08p7;F3NCS_0355_ood_unseen_shape_crescent_zb07p5_E72p1;F3NCS_0356_ood_unseen_shape_lobed_zb07p8_E66p7;F3NCS_0357_ood_unseen_shape_lobed_zb03p8_E28p5;F3NCS_0358_ood_unseen_shape_lobed_zb05p7_E57p3;F3NCS_0359_ood_unseen_shape_crescent_zb07p1_E07p1;F3NCS_0360_ood_unseen_shape_lobed_zb06p1_E32p9;F3NCS_0361_ood_unseen_shape_crescent_zb07p0_E50p0;F3NCS_0362_ood_unseen_shape_lobed_zb07p0_E43p7;F3NCS_0363_ood_unseen_shape_crescent_zb04p4_E39p7;F3NCS_0364_ood_unseen_shape_lobed_zb03p1_E17p5;F3NCS_0365_ood_unseen_shape_crescent_zb04p6_E10p8;F3NCS_0366_ood_unseen_shape_crescent_zb01p4_E56p2;F3NCS_0367_ood_unseen_shape_crescent_zb02p6_E36p5;F3NCS_0368_ood_unseen_shape_crescent_zb03p1_E21p0;F3NCS_0369_ood_unseen_shape_lobed_zb02p7_E27p1;F3NCS_0370_ood_unseen_shape_crescent_zb07p7_E18p8;F3NCS_0371_ood_unseen_shape_lobed_zb02p8_E27p5;F3NCS_0372_ood_unseen_shape_lobed_zb02p3_E06p5;F3NCS_0373_ood_unseen_shape_lobed_zb04p9_E07p7;F3NCS_0374_ood_unseen_shape_lobed_zb07p3_E27p3;F3NCS_0375_ood_unseen_shape_crescent_zb03p4_E11p6;F3NCS_0376_ood_unseen_shape_crescent_zb04p0_E26p7;F3NCS_0377_ood_unseen_shape_crescent_zb06p5_E40p4;F3NCS_0378_ood_unseen_shape_crescent_zb05p4_E79p9;F3NCS_0379_ood_unseen_shape_crescent_zb06p4_E88p5;F3NCS_0380_ood_unseen_shape_lobed_zb03p5_E55p6;F3NCS_0381_ood_unseen_shape_crescent_zb04p9_E14p7;F3NCS_0382_ood_unseen_shape_crescent_zb05p9_E48p6;F3NCS_0383_ood_unseen_shape_crescent_zb05p4_E08p3,method2b_512_full_comsol_colab_cuda,fig3_true_ood,4,split_role/ood_split_family,ood_unseen_shape,230,38,64,0.08524195104837418,0.003185272216796875,0.012025415897369385,0.005908966064453125,0.02282077446579933,0.00795745849609375,0.029070165008306503,0.012714385986328125,0.034181997179985046,0.7134040142340412,0.8123972267339854,0.14869877905666717,15.73802626527431,0.01682242357595646,0.11116397380828857,0.009138088673353195,,
residual_likelihood_guided_diffusion,0.09028089046478271,0.1795438938983916,14.916587203832762,0.18019670981448144,3.4645209312438965,11.539736883644705,0.4556619454176185,64,F3NCS_0320_ood_unseen_shape_lobed_zb03p8_E09p9;F3NCS_0321_ood_unseen_shape_crescent_zb03p5_E06p5;F3NCS_0322_ood_unseen_shape_crescent_zb07p2_E76p5;F3NCS_0323_ood_unseen_shape_crescent_zb03p5_E10p3;F3NCS_0324_ood_unseen_shape_crescent_zb02p9_E59p3;F3NCS_0325_ood_unseen_shape_lobed_zb01p6_E06p9;F3NCS_0326_ood_unseen_shape_lobed_zb06p1_E42p4;F3NCS_0327_ood_unseen_shape_crescent_zb03p1_E14p7;F3NCS_0328_ood_unseen_shape_lobed_zb03p1_E29p3;F3NCS_0329_ood_unseen_shape_lobed_zb05p7_E08p7;F3NCS_0330_ood_unseen_shape_lobed_zb02p8_E92p0;F3NCS_0331_ood_unseen_shape_crescent_zb03p2_E14p3;F3NCS_0332_ood_unseen_shape_lobed_zb02p8_E45p3;F3NCS_0333_ood_unseen_shape_lobed_zb03p4_E06p5;F3NCS_0334_ood_unseen_shape_crescent_zb03p1_E53p0;F3NCS_0335_ood_unseen_shape_crescent_zb02p9_E84p2;F3NCS_0336_ood_unseen_shape_crescent_zb07p2_E64p1;F3NCS_0337_ood_unseen_shape_lobed_zb03p4_E11p4;F3NCS_0338_ood_unseen_shape_crescent_zb06p8_E10p9;F3NCS_0339_ood_unseen_shape_lobed_zb04p2_E91p6;F3NCS_0340_ood_unseen_shape_crescent_zb03p8_E70p0;F3NCS_0341_ood_unseen_shape_lobed_zb04p9_E61p6;F3NCS_0342_ood_unseen_shape_crescent_zb05p1_E22p7;F3NCS_0343_ood_unseen_shape_lobed_zb07p1_E87p4;F3NCS_0344_ood_unseen_shape_crescent_zb03p6_E61p5;F3NCS_0345_ood_unseen_shape_crescent_zb06p9_E18p0;F3NCS_0346_ood_unseen_shape_lobed_zb01p8_E15p9;F3NCS_0347_ood_unseen_shape_lobed_zb02p8_E62p6;F3NCS_0348_ood_unseen_shape_lobed_zb05p0_E06p3;F3NCS_0349_ood_unseen_shape_lobed_zb03p4_E28p4;F3NCS_0350_ood_unseen_shape_lobed_zb06p0_E06p6;F3NCS_0351_ood_unseen_shape_crescent_zb06p3_E52p9;F3NCS_0352_ood_unseen_shape_lobed_zb05p6_E54p3;F3NCS_0353_ood_unseen_shape_lobed_zb02p2_E51p7;F3NCS_0354_ood_unseen_shape_crescent_zb05p4_E08p7;F3NCS_0355_ood_unseen_shape_crescent_zb07p5_E72p1;F3NCS_0356_ood_unseen_shape_lobed_zb07p8_E66p7;F3NCS_0357_ood_unseen_shape_lobed_zb03p8_E28p5;F3NCS_0358_ood_unseen_shape_lobed_zb05p7_E57p3;F3NCS_0359_ood_unseen_shape_crescent_zb07p1_E07p1;F3NCS_0360_ood_unseen_shape_lobed_zb06p1_E32p9;F3NCS_0361_ood_unseen_shape_crescent_zb07p0_E50p0;F3NCS_0362_ood_unseen_shape_lobed_zb07p0_E43p7;F3NCS_0363_ood_unseen_shape_crescent_zb04p4_E39p7;F3NCS_0364_ood_unseen_shape_lobed_zb03p1_E17p5;F3NCS_0365_ood_unseen_shape_crescent_zb04p6_E10p8;F3NCS_0366_ood_unseen_shape_crescent_zb01p4_E56p2;F3NCS_0367_ood_unseen_shape_crescent_zb02p6_E36p5;F3NCS_0368_ood_unseen_shape_crescent_zb03p1_E21p0;F3NCS_0369_ood_unseen_shape_lobed_zb02p7_E27p1;F3NCS_0370_ood_unseen_shape_crescent_zb07p7_E18p8;F3NCS_0371_ood_unseen_shape_lobed_zb02p8_E27p5;F3NCS_0372_ood_unseen_shape_lobed_zb02p3_E06p5;F3NCS_0373_ood_unseen_shape_lobed_zb04p9_E07p7;F3NCS_0374_ood_unseen_shape_lobed_zb07p3_E27p3;F3NCS_0375_ood_unseen_shape_crescent_zb03p4_E11p6;F3NCS_0376_ood_unseen_shape_crescent_zb04p0_E26p7;F3NCS_0377_ood_unseen_shape_crescent_zb06p5_E40p4;F3NCS_0378_ood_unseen_shape_crescent_zb05p4_E79p9;F3NCS_0379_ood_unseen_shape_crescent_zb06p4_E88p5;F3NCS_0380_ood_unseen_shape_lobed_zb03p5_E55p6;F3NCS_0381_ood_unseen_shape_crescent_zb04p9_E14p7;F3NCS_0382_ood_unseen_shape_crescent_zb05p9_E48p6;F3NCS_0383_ood_unseen_shape_crescent_zb05p4_E08p3,method2b_512_full_comsol_colab_cuda,fig3_true_ood,4,split_role/ood_split_family,ood_unseen_shape,230,38,64,0.08518534898757935,0.003192901611328125,0.012037985026836395,0.006061553955078125,0.022851895540952682,0.00791168212890625,0.029098141938447952,0.012569427490234375,0.03421856462955475,0.7134515232804156,0.8120202574998425,0.14858941262995515,15.712774351514549,0.016986697210182276,0.11116617918014526,0.009147373959422112,,
explicit_residual_target_diffusion,0.09420493245124817,0.179256388512494,14.930507151553813,0.21992537705227733,3.5026705265045166,11.540984389501224,0.4681324440750316,64,F3NCS_0320_ood_unseen_shape_lobed_zb03p8_E09p9;F3NCS_0321_ood_unseen_shape_crescent_zb03p5_E06p5;F3NCS_0322_ood_unseen_shape_crescent_zb07p2_E76p5;F3NCS_0323_ood_unseen_shape_crescent_zb03p5_E10p3;F3NCS_0324_ood_unseen_shape_crescent_zb02p9_E59p3;F3NCS_0325_ood_unseen_shape_lobed_zb01p6_E06p9;F3NCS_0326_ood_unseen_shape_lobed_zb06p1_E42p4;F3NCS_0327_ood_unseen_shape_crescent_zb03p1_E14p7;F3NCS_0328_ood_unseen_shape_lobed_zb03p1_E29p3;F3NCS_0329_ood_unseen_shape_lobed_zb05p7_E08p7;F3NCS_0330_ood_unseen_shape_lobed_zb02p8_E92p0;F3NCS_0331_ood_unseen_shape_crescent_zb03p2_E14p3;F3NCS_0332_ood_unseen_shape_lobed_zb02p8_E45p3;F3NCS_0333_ood_unseen_shape_lobed_zb03p4_E06p5;F3NCS_0334_ood_unseen_shape_crescent_zb03p1_E53p0;F3NCS_0335_ood_unseen_shape_crescent_zb02p9_E84p2;F3NCS_0336_ood_unseen_shape_crescent_zb07p2_E64p1;F3NCS_0337_ood_unseen_shape_lobed_zb03p4_E11p4;F3NCS_0338_ood_unseen_shape_crescent_zb06p8_E10p9;F3NCS_0339_ood_unseen_shape_lobed_zb04p2_E91p6;F3NCS_0340_ood_unseen_shape_crescent_zb03p8_E70p0;F3NCS_0341_ood_unseen_shape_lobed_zb04p9_E61p6;F3NCS_0342_ood_unseen_shape_crescent_zb05p1_E22p7;F3NCS_0343_ood_unseen_shape_lobed_zb07p1_E87p4;F3NCS_0344_ood_unseen_shape_crescent_zb03p6_E61p5;F3NCS_0345_ood_unseen_shape_crescent_zb06p9_E18p0;F3NCS_0346_ood_unseen_shape_lobed_zb01p8_E15p9;F3NCS_0347_ood_unseen_shape_lobed_zb02p8_E62p6;F3NCS_0348_ood_unseen_shape_lobed_zb05p0_E06p3;F3NCS_0349_ood_unseen_shape_lobed_zb03p4_E28p4;F3NCS_0350_ood_unseen_shape_lobed_zb06p0_E06p6;F3NCS_0351_ood_unseen_shape_crescent_zb06p3_E52p9;F3NCS_0352_ood_unseen_shape_lobed_zb05p6_E54p3;F3NCS_0353_ood_unseen_shape_lobed_zb02p2_E51p7;F3NCS_0354_ood_unseen_shape_crescent_zb05p4_E08p7;F3NCS_0355_ood_unseen_shape_crescent_zb07p5_E72p1;F3NCS_0356_ood_unseen_shape_lobed_zb07p8_E66p7;F3NCS_0357_ood_unseen_shape_lobed_zb03p8_E28p5;F3NCS_0358_ood_unseen_shape_lobed_zb05p7_E57p3;F3NCS_0359_ood_unseen_shape_crescent_zb07p1_E07p1;F3NCS_0360_ood_unseen_shape_lobed_zb06p1_E32p9;F3NCS_0361_ood_unseen_shape_crescent_zb07p0_E50p0;F3NCS_0362_ood_unseen_shape_lobed_zb07p0_E43p7;F3NCS_0363_ood_unseen_shape_crescent_zb04p4_E39p7;F3NCS_0364_ood_unseen_shape_lobed_zb03p1_E17p5;F3NCS_0365_ood_unseen_shape_crescent_zb04p6_E10p8;F3NCS_0366_ood_unseen_shape_crescent_zb01p4_E56p2;F3NCS_0367_ood_unseen_shape_crescent_zb02p6_E36p5;F3NCS_0368_ood_unseen_shape_crescent_zb03p1_E21p0;F3NCS_0369_ood_unseen_shape_lobed_zb02p7_E27p1;F3NCS_0370_ood_unseen_shape_crescent_zb07p7_E18p8;F3NCS_0371_ood_unseen_shape_lobed_zb02p8_E27p5;F3NCS_0372_ood_unseen_shape_lobed_zb02p3_E06p5;F3NCS_0373_ood_unseen_shape_lobed_zb04p9_E07p7;F3NCS_0374_ood_unseen_shape_lobed_zb07p3_E27p3;F3NCS_0375_ood_unseen_shape_crescent_zb03p4_E11p6;F3NCS_0376_ood_unseen_shape_crescent_zb04p0_E26p7;F3NCS_0377_ood_unseen_shape_crescent_zb06p5_E40p4;F3NCS_0378_ood_unseen_shape_crescent_zb05p4_E79p9;F3NCS_0379_ood_unseen_shape_crescent_zb06p4_E88p5;F3NCS_0380_ood_unseen_shape_lobed_zb03p5_E55p6;F3NCS_0381_ood_unseen_shape_crescent_zb04p9_E14p7;F3NCS_0382_ood_unseen_shape_crescent_zb05p9_E48p6;F3NCS_0383_ood_unseen_shape_crescent_zb05p4_E08p3,method2b_512_full_comsol_colab_cuda,fig3_true_ood,4,split_role/ood_split_family,ood_unseen_shape,230,38,64,0.06889428198337555,0.6388053894042969,0.046252090483903885,0.7526054382324219,0.10830710828304291,0.79388427734375,0.16135716438293457,0.8298187255859375,0.21706557273864746,0.8055015337204032,0.812620777923789,0.09998493269035968,2.015578802703824,0.01889637186340346,0.4054657220840454,0.06182754412293434,,0.7211633324623108
