ours_model,baseline_model,metric,n_pairs,baseline_minus_ours_mean,baseline_minus_ours_median,bootstrap95_low,bootstrap95_high,paired_t_p,wilcoxon_p,direction_good_for_ours,paired_t_p_fdr,wilcoxon_p_fdr
likelihood_guided_diffusion,explicit_residual_likelihood_guided_diffusion,mae_kpa,25,-9.661450023651122,-9.349345922470095,-10.04110833454132,-9.309330818891524,4.64647020750334e-26,5.960464477539063e-08,False,2.1185055735360054e-25,9.769907339216921e-08
likelihood_guided_diffusion,explicit_residual_likelihood_guided_diffusion,rmse_kpa,25,-4.838616649178039,-4.6099604375456025,-5.236682260444327,-4.473835301819581,2.1737024988442585e-18,5.960464477539063e-08,False,5.112080298049411e-18,9.769907339216921e-08
likelihood_guided_diffusion,explicit_residual_likelihood_guided_diffusion,mae_norm,25,-0.3607988503575325,-0.35705334693193436,-0.36930153203755617,-0.3529522923529148,2.4041636364574355e-31,5.960464477539063e-08,False,4.513046051162339e-30,9.769907339216921e-08
likelihood_guided_diffusion,explicit_residual_likelihood_guided_diffusion,rmse_norm,25,-0.3000173272451275,-0.299590025993713,-0.30811567538583773,-0.2922572344451011,1.40792162185887e-29,5.960464477539063e-08,False,1.3160342291069314e-28,9.769907339216921e-08
likelihood_guided_diffusion,explicit_residual_likelihood_guided_diffusion,crps_norm,25,-0.34795606791973116,-0.3463743180036545,-0.3558369593471289,-0.3404255562387407,1.5943148129510307e-31,5.960464477539063e-08,False,4.32386208189431e-30,9.769907339216921e-08
likelihood_guided_diffusion,explicit_residual_likelihood_guided_diffusion,uce,25,-0.2958441228332995,-0.303077649347963,-0.3059107284582743,-0.2854981030567993,8.372195731318691e-27,5.960464477539063e-08,False,4.239537412880528e-26,9.769907339216921e-08
likelihood_guided_diffusion,explicit_residual_likelihood_guided_diffusion,ence,25,-3.1981666973631517,-3.2976769006559,-3.5879220315453373,-2.7843252632431192,8.404376496961388e-14,5.960464477539063e-08,False,1.4751044294076773e-13,9.769907339216921e-08
likelihood_guided_diffusion,explicit_residual_likelihood_guided_diffusion,ause_abs_error,25,-0.06920841210989201,-0.0683810092540954,-0.07324235490793694,-0.06482665071620244,3.050279817255144e-21,5.960464477539063e-08,False,8.761975905545852e-21,9.769907339216921e-08
likelihood_guided_diffusion,explicit_residual_likelihood_guided_diffusion,width90_norm,25,-0.07033121764659882,-0.08524014055728912,-0.08682576206326485,-0.052734480589628235,4.731909224316977e-08,1.1324882507324219e-06,False,7.256407186774746e-08,1.7233516858971638e-06
likelihood_guided_diffusion,explicit_residual_likelihood_guided_diffusion_calibrated90,mae_kpa,25,-9.661449995040893,-9.349345922470095,-10.03603542661667,-9.313278672456743,4.6464699110685135e-26,5.960464477539063e-08,False,2.1185055735360054e-25,9.769907339216921e-08
likelihood_guided_diffusion,explicit_residual_likelihood_guided_diffusion_calibrated90,rmse_kpa,25,-4.838616689475408,-4.6099604375456025,-5.229029112905472,-4.471702744828872,2.1737080931201698e-18,5.960464477539063e-08,False,5.112080298049411e-18,9.769907339216921e-08
likelihood_guided_diffusion,explicit_residual_likelihood_guided_diffusion_calibrated90,mae_norm,25,-0.3607988503575325,-0.35705334693193436,-0.3692171226367354,-0.3531750707924366,2.4041659022843403e-31,5.960464477539063e-08,False,4.513046051162339e-30,9.769907339216921e-08
likelihood_guided_diffusion,explicit_residual_likelihood_guided_diffusion_calibrated90,rmse_norm,25,-0.3000173268360476,-0.299590025993713,-0.3082898086248555,-0.29228341684373754,1.4079236324317374e-29,5.960464477539063e-08,False,1.3160342291069314e-28,9.769907339216921e-08
likelihood_guided_diffusion,explicit_residual_likelihood_guided_diffusion_calibrated90,crps_norm,25,-0.34824716821312907,-0.3471370711922645,-0.3560760926194489,-0.34080466451868413,1.5987389210365516e-31,5.960464477539063e-08,False,4.32386208189431e-30,9.769907339216921e-08
likelihood_guided_diffusion,explicit_residual_likelihood_guided_diffusion_calibrated90,uce,25,-0.3414726531817238,-0.3401444004113536,-0.34967564413530305,-0.33358470500565424,9.115848084795188e-31,5.960464477539063e-08,False,1.2053176912118082e-29,9.769907339216921e-08
likelihood_guided_diffusion,explicit_residual_likelihood_guided_diffusion_calibrated90,ence,25,-4.472912480052734,-4.458207941716161,-4.708213727531301,-4.237043146583354,1.6081933831100207e-22,5.960464477539063e-08,False,5.421388458642846e-22,9.769907339216921e-08
likelihood_guided_diffusion,explicit_residual_likelihood_guided_diffusion_calibrated90,ause_abs_error,25,-0.0692084115023957,-0.068381009938437,-0.07323571270922859,-0.0649697661857431,3.050279643424357e-21,5.960464477539063e-08,False,8.761975905545852e-21,9.769907339216921e-08
likelihood_guided_diffusion,explicit_residual_likelihood_guided_diffusion_calibrated90,width90_norm,25,0.06852162063121797,0.048155650496482905,0.04247131854295732,0.09983724930882452,0.00010854990707916222,1.233816146850586e-05,True,0.0001581081877897222,1.8261706651146734e-05
likelihood_guided_diffusion,explicit_residual_target_diffusion,mae_kpa,25,-9.65772068977356,-9.334872961044313,-10.02538169836998,-9.31576629948616,4.939363297456187e-26,5.960464477539063e-08,False,2.1689482011038876e-25,9.769907339216921e-08
likelihood_guided_diffusion,explicit_residual_target_diffusion,rmse_kpa,25,-4.843769148962022,-4.622174463155952,-5.235757733166292,-4.469653359481594,2.5126864304988137e-18,5.960464477539063e-08,False,5.794764464369614e-18,9.769907339216921e-08
likelihood_guided_diffusion,explicit_residual_target_diffusion,mae_norm,25,-0.36065336167812345,-0.35628582537174225,-0.36910332694649695,-0.35292049741744996,2.5788834578070506e-31,5.960464477539063e-08,False,4.513046051162339e-30,9.769907339216921e-08
likelihood_guided_diffusion,explicit_residual_target_diffusion,rmse_norm,25,-0.2999055538478918,-0.2989736272906526,-0.3080443851735245,-0.2920511515472894,1.4819208966414186e-29,5.960464477539063e-08,False,1.3160342291069314e-28,9.769907339216921e-08
likelihood_guided_diffusion,explicit_residual_target_diffusion,crps_norm,25,-0.3478931125998497,-0.3478800244629383,-0.35563071043044325,-0.34033008905127643,1.7567556061914682e-31,5.960464477539063e-08,False,4.355289940349681e-30,9.769907339216921e-08
likelihood_guided_diffusion,explicit_residual_target_diffusion,uce,25,-0.29652210093266246,-0.3026160505509095,-0.30650943861794533,-0.2861227804247582,7.777629032089354e-27,5.960464477539063e-08,False,3.997668911251348e-26,9.769907339216921e-08
likelihood_guided_diffusion,explicit_residual_target_diffusion,ence,25,-3.193808146174312,-3.369320193515186,-3.5730029250417763,-2.8030305872639083,3.681866896518182e-14,5.960464477539063e-08,False,6.55901438152191e-14,9.769907339216921e-08
likelihood_guided_diffusion,explicit_residual_target_diffusion,ause_abs_error,25,-0.0695854793797071,-0.06743533427271259,-0.07383236320191994,-0.06531040962150703,5.175213482901068e-21,5.960464477539063e-08,False,1.4255860137150826e-20,9.769907339216921e-08
likelihood_guided_diffusion,explicit_residual_target_diffusion,width90_norm,25,-0.0698676535487175,-0.08382114768028262,-0.08651717898994686,-0.05212665852159262,4.280809769497224e-08,5.960464477539062e-07,False,6.590121119924576e-08,9.223605628441462e-07
likelihood_guided_diffusion,explicit_residual_target_diffusion_calibrated90,mae_kpa,25,-9.657720642089844,-9.334872961044313,-10.033169049263,-9.309081179141998,4.939369432765995e-26,5.960464477539063e-08,False,2.1689482011038876e-25,9.769907339216921e-08
likelihood_guided_diffusion,explicit_residual_target_diffusion_calibrated90,rmse_kpa,25,-4.843769142169316,-4.622174463155952,-5.2344317183141085,-4.466108812699766,2.5126877845501855e-18,5.960464477539063e-08,False,5.794764464369614e-18,9.769907339216921e-08
likelihood_guided_diffusion,explicit_residual_target_diffusion_calibrated90,mae_norm,25,-0.3606533607840538,-0.35628582537174225,-0.3690723220780492,-0.35291170752048495,2.578880454924272e-31,5.960464477539063e-08,False,4.513046051162339e-30,9.769907339216921e-08
likelihood_guided_diffusion,explicit_residual_target_diffusion_calibrated90,rmse_norm,25,-0.29990555357667636,-0.2989736272906526,-0.3082971739326834,-0.2921413233053275,1.481920729561586e-29,5.960464477539063e-08,False,1.3160342291069314e-28,9.769907339216921e-08
likelihood_guided_diffusion,explicit_residual_target_diffusion_calibrated90,crps_norm,25,-0.3481930963695049,-0.3468304798007011,-0.35605587746575473,-0.34079803140461445,1.7170146980638174e-31,5.960464477539063e-08,False,4.355289940349681e-30,9.769907339216921e-08
likelihood_guided_diffusion,explicit_residual_target_diffusion_calibrated90,uce,25,-0.3419760784445243,-0.3427441091189013,-0.35073139862758296,-0.333502910219655,2.629016962111357e-30,5.960464477539063e-08,False,3.2252888504252726e-29,9.769907339216921e-08
likelihood_guided_diffusion,explicit_residual_target_diffusion_calibrated90,ence,25,-4.461690834591888,-4.482915875327113,-4.701042604926572,-4.22565625480948,2.7735969956907752e-22,5.960464477539063e-08,False,9.271293328292198e-22,9.769907339216921e-08
likelihood_guided_diffusion,explicit_residual_target_diffusion_calibrated90,ause_abs_error,25,-0.06958547860008309,-0.0674353342891593,-0.07386420014700583,-0.06534058083494676,5.175232352969829e-21,5.960464477539063e-08,False,1.4255860137150826e-20,9.769907339216921e-08
likelihood_guided_diffusion,explicit_residual_target_diffusion_calibrated90,width90_norm,25,0.07096636772155764,0.05605950951576233,0.04400791634619236,0.10116324746608735,6.995406427404435e-05,1.0073184967041016e-05,True,0.00010328205519368832,1.4965156193231971e-05
likelihood_guided_diffusion,likelihood_guided_diffusion_calibrated90,mae_kpa,25,-1.5258789076710855e-07,0.0,-3.433227542615214e-07,0.0,0.10343122227385514,0.10880943004054569,False,0.12432641869281576,0.13039599370417862
likelihood_guided_diffusion,likelihood_guided_diffusion_calibrated90,rmse_kpa,25,-2.0006273047101787e-08,0.0,-1.274765956633672e-07,8.746084017197113e-08,0.7286574242630065,1.0,False,0.7520401863599113,1.0
likelihood_guided_diffusion,likelihood_guided_diffusion_calibrated90,mae_norm,25,-5.960464477539063e-09,0.0,-1.3113021850585938e-08,2.220446049250313e-18,0.09609990720094873,0.13113050286965086,False,0.11574786393636538,0.15651484294371565
likelihood_guided_diffusion,likelihood_guided_diffusion_calibrated90,rmse_norm,25,1.993115883447416e-09,0.0,-1.976924721702744e-09,6.630257452233667e-09,0.37620663313830205,0.5001842570707944,True,0.4129943666370659,0.5276766541792954
likelihood_guided_diffusion,likelihood_guided_diffusion_calibrated90,crps_norm,25,-0.17955123424530028,-0.17653566598892217,-0.18377440631389616,-0.17548892560601234,4.277419896616808e-31,5.960464477539063e-08,False,6.525807278171797e-30,9.769907339216921e-08
likelihood_guided_diffusion,likelihood_guided_diffusion_calibrated90,uce,25,-0.045490682297266105,-0.044426141392084784,-0.07297593927022143,-0.019443548880400188,0.003280632725678068,0.0030878782272338867,False,0.004220489668710163,0.003872049621083588
likelihood_guided_diffusion,likelihood_guided_diffusion_calibrated90,ence,25,-4.792948259533709,-4.980877912255478,-5.023341788018917,-4.555712943661005,2.940756609705106e-23,5.960464477539063e-08,False,1.0202624972446287e-22,9.769907339216921e-08
likelihood_guided_diffusion,likelihood_guided_diffusion_calibrated90,ause_abs_error,25,9.080396878857754e-11,4.51641085641441e-11,-1.948951617036787e-10,3.516915972057165e-10,0.5292504035050525,0.325391948223114,True,0.5633345082030523,0.36020131942837735
likelihood_guided_diffusion,likelihood_guided_diffusion_calibrated90,width90_norm,25,1.9900483906269073,1.9445976614952087,1.9361170395761729,2.045668377071619,2.4325425724449245e-29,5.960464477539063e-08,True,1.904424777111487e-28,9.769907339216921e-08
likelihood_guided_diffusion,prior_init_diffusion_unet,mae_kpa,25,-9.780025749206542,-9.499361276626585,-10.153701099634171,-9.415646164655685,6.775226461470924e-26,5.960464477539063e-08,False,2.681216117175437e-25,9.769907339216921e-08
likelihood_guided_diffusion,prior_init_diffusion_unet,rmse_kpa,25,-4.902010690644371,-4.653989555744976,-5.315538616411591,-4.517707149125604,3.2791436645142413e-18,5.960464477539063e-08,False,7.2375192521684e-18,9.769907339216921e-08
likelihood_guided_diffusion,prior_init_diffusion_unet,mae_norm,25,-0.3697048658132553,-0.3665588572621345,-0.3776909112110734,-0.3623026088550687,2.8816918771928687e-32,5.960464477539063e-08,False,1.19468610898863e-30,9.769907339216921e-08
likelihood_guided_diffusion,prior_init_diffusion_unet,rmse_norm,25,-0.3025134862776451,-0.30169298347174667,-0.31091269751642164,-0.2944367421359752,4.4265296836109894e-29,5.960464477539063e-08,False,2.990779269861899e-28,9.769907339216921e-08
likelihood_guided_diffusion,prior_init_diffusion_unet,crps_norm,25,-0.33496713370084763,-0.33380776643753063,-0.3428191200494766,-0.32738891000300646,5.109033442791979e-31,5.960464477539063e-08,False,7.32499975532826e-30,9.769907339216921e-08
likelihood_guided_diffusion,prior_init_diffusion_unet,uce,25,-0.24900175989597326,-0.2495001410807171,-0.25887808951324814,-0.23896135121779122,2.0225151482916017e-25,5.960464477539063e-08,False,7.66494594416244e-25,9.769907339216921e-08
likelihood_guided_diffusion,prior_init_diffusion_unet,ence,25,8.59469633391173,8.317827175962163,7.770069037214893,9.465303331466318,3.079835243442108e-16,5.960464477539063e-08,True,6.128769129926603e-16,9.769907339216921e-08
likelihood_guided_diffusion,prior_init_diffusion_unet,ause_abs_error,25,-0.07468235971684706,-0.07531584853390111,-0.07896775670650691,-0.07021998117955408,1.6993588589529547e-21,5.960464477539063e-08,False,5.3782941630727274e-21,9.769907339216921e-08
likelihood_guided_diffusion,prior_init_diffusion_unet,width90_norm,25,-0.2226442987471819,-0.2215534579008818,-0.23102272637933494,-0.21509078200720252,1.4085352052315815e-26,5.960464477539063e-08,False,6.73155379207061e-26,9.769907339216921e-08
likelihood_guided_diffusion,prior_init_diffusion_unet_calibrated90,mae_kpa,25,-9.780025701522828,-9.499361515045164,-10.158686834096908,-9.413926764965057,6.775232345100995e-26,5.960464477539063e-08,False,2.681216117175437e-25,9.769907339216921e-08
likelihood_guided_diffusion,prior_init_diffusion_unet_calibrated90,rmse_kpa,25,-4.90201071128034,-4.653989555744976,-5.3045395819249554,-4.515129333736708,3.2791477588728686e-18,5.960464477539063e-08,False,7.2375192521684e-18,9.769907339216921e-08
likelihood_guided_diffusion,prior_init_diffusion_unet_calibrated90,mae_norm,25,-0.36970486521720886,-0.3665588572621345,-0.37755296501517294,-0.36235198186337947,2.881688136020429e-32,5.960464477539063e-08,False,1.19468610898863e-30,9.769907339216921e-08
likelihood_guided_diffusion,prior_init_diffusion_unet_calibrated90,rmse_norm,25,-0.3025134861568077,-0.30169298347174667,-0.3109077706594831,-0.2941993086659297,4.426528248112506e-29,5.960464477539063e-08,False,2.990779269861899e-28,9.769907339216921e-08
likelihood_guided_diffusion,prior_init_diffusion_unet_calibrated90,crps_norm,25,-0.34269924849271777,-0.341016709804535,-0.35034619241952897,-0.33535723987221716,1.2736216188375956e-31,5.960464477539063e-08,False,4.125889924661366e-30,9.769907339216921e-08
likelihood_guided_diffusion,prior_init_diffusion_unet_calibrated90,uce,25,-0.34487174696961864,-0.3464912483429817,-0.3534547410178882,-0.33597385792859963,4.631115699446902e-30,5.960464477539063e-08,False,5.186753010696889e-29,9.769907339216921e-08
likelihood_guided_diffusion,prior_init_diffusion_unet_calibrated90,ence,25,-4.926489896651678,-5.144558090065102,-5.144491971907714,-4.6953913224851425,3.8594806409120134e-24,5.960464477539063e-08,False,1.3833680610497878e-23,9.769907339216921e-08
likelihood_guided_diffusion,prior_init_diffusion_unet_calibrated90,ause_abs_error,25,-0.07468235946448987,-0.07531584837363281,-0.07890061970807964,-0.07021116996171611,1.699358390099678e-21,5.960464477539063e-08,False,5.3782941630727274e-21,9.769907339216921e-08
likelihood_guided_diffusion,prior_init_diffusion_unet_calibrated90,width90_norm,25,0.10031419038772584,0.10078285634517667,0.09221125487983227,0.10806066533923146,1.8339989247856665e-18,5.960464477539063e-08,True,4.4539973887651905e-18,9.769907339216921e-08
likelihood_guided_diffusion,residual_likelihood_guided_diffusion,mae_kpa,25,-9.780031871795654,-9.499289989471434,-10.166132299184799,-9.421654668807983,6.781899590502576e-26,5.960464477539063e-08,False,2.681216117175437e-25,9.769907339216921e-08
likelihood_guided_diffusion,residual_likelihood_guided_diffusion,rmse_kpa,25,-4.90260501100204,-4.654913421360948,-5.304273037090144,-4.514435328910893,3.308577217850492e-18,5.960464477539063e-08,False,7.2375192521684e-18,9.769907339216921e-08
likelihood_guided_diffusion,residual_likelihood_guided_diffusion,mae_norm,25,-0.3696977111697197,-0.3665598332881927,-0.37750774017721417,-0.3623752889484167,2.8647266764594065e-32,5.960464477539063e-08,False,1.19468610898863e-30,9.769907339216921e-08
likelihood_guided_diffusion,residual_likelihood_guided_diffusion,rmse_norm,25,-0.30251160537489385,-0.3016872473797967,-0.31110733322445083,-0.29419851884871845,4.4166398868115776e-29,5.960464477539063e-08,False,2.990779269861899e-28,9.769907339216921e-08
likelihood_guided_diffusion,residual_likelihood_guided_diffusion,crps_norm,25,-0.3349603083729744,-0.33380194008350383,-0.3428263763785362,-0.3274154480174184,5.080392839554618e-31,5.960464477539063e-08,False,7.32499975532826e-30,9.769907339216921e-08
likelihood_guided_diffusion,residual_likelihood_guided_diffusion,uce,25,-0.24898798548178985,-0.2493766446378176,-0.25914977164087866,-0.239216809541705,2.1220536154216623e-25,5.960464477539063e-08,False,7.966068777134947e-25,9.769907339216921e-08
likelihood_guided_diffusion,residual_likelihood_guided_diffusion,ence,25,8.583941737768846,8.346958747770906,7.772811009438063,9.448213161442085,3.0520074266847266e-16,5.960464477539063e-08,True,6.093773217709438e-16,9.769907339216921e-08
likelihood_guided_diffusion,residual_likelihood_guided_diffusion,ause_abs_error,25,-0.07472785252070135,-0.0756352341858659,-0.07893535275085924,-0.07033467658140027,1.762496519047069e-21,5.960464477539063e-08,False,5.461937956809806e-21,9.769907339216921e-08
likelihood_guided_diffusion,residual_likelihood_guided_diffusion,width90_norm,25,-0.2226452200114727,-0.2215375155210495,-0.23083426661603154,-0.2149776837900281,1.397385575561587e-26,5.960464477539063e-08,False,6.73155379207061e-26,9.769907339216921e-08
likelihood_guided_diffusion,residual_likelihood_guided_diffusion_calibrated90,mae_kpa,25,-9.780031890869141,-9.499289989471434,-10.166209582805633,-9.421250121831894,6.781899395480651e-26,5.960464477539063e-08,False,2.681216117175437e-25,9.769907339216921e-08
likelihood_guided_diffusion,residual_likelihood_guided_diffusion_calibrated90,rmse_kpa,25,-4.902604953994589,-4.654913001972606,-5.29893201611204,-4.520445966453923,3.3085802295626973e-18,5.960464477539063e-08,False,7.2375192521684e-18,9.769907339216921e-08
likelihood_guided_diffusion,residual_likelihood_guided_diffusion_calibrated90,mae_norm,25,-0.36969771087169645,-0.3665598332881927,-0.37761134389787915,-0.36222831905633207,2.864726286222957e-32,5.960464477539063e-08,False,1.19468610898863e-30,9.769907339216921e-08
likelihood_guided_diffusion,residual_likelihood_guided_diffusion_calibrated90,rmse_norm,25,-0.3025116053814637,-0.3016872473797967,-0.31108641588034147,-0.2943587850844592,4.416634580112675e-29,5.960464477539063e-08,False,2.990779269861899e-28,9.769907339216921e-08
likelihood_guided_diffusion,residual_likelihood_guided_diffusion_calibrated90,crps_norm,25,-0.34269371718168257,-0.3410024717450142,-0.3501672440469265,-0.3354824609570205,1.3175110683792597e-31,5.960464477539063e-08,False,4.125889924661366e-30,9.769907339216921e-08
likelihood_guided_diffusion,residual_likelihood_guided_diffusion_calibrated90,uce,25,-0.34502896325471993,-0.3465663992123947,-0.353838747514934,-0.33634363638303244,4.701454287063047e-30,5.960464477539063e-08,False,5.186753010696889e-29,9.769907339216921e-08
likelihood_guided_diffusion,residual_likelihood_guided_diffusion_calibrated90,ence,25,-4.929022336505617,-5.151065003460962,-5.144859417841437,-4.70455767659086,3.894205469339784e-24,5.960464477539063e-08,False,1.387456439674953e-23,9.769907339216921e-08
likelihood_guided_diffusion,residual_likelihood_guided_diffusion_calibrated90,ause_abs_error,25,-0.07472785557064136,-0.0756352340358187,-0.07898834112853981,-0.07028039702234523,1.7625063462595514e-21,5.960464477539063e-08,False,5.461937956809806e-21,9.769907339216921e-08
likelihood_guided_diffusion,residual_likelihood_guided_diffusion_calibrated90,width90_norm,25,0.10033653378486633,0.09958362579345709,0.0925098199248314,0.10785323363542557,1.0038716856141498e-18,5.960464477539063e-08,True,2.4835910725173354e-18,9.769907339216921e-08
likelihood_guided_diffusion,srcnn_bz_single_channel,mae_kpa,25,-8.937707233428956,-8.623165130615236,-9.338734749555588,-8.575308512210846,1.1545088519666404e-24,5.960464477539063e-08,False,4.279954934081938e-24,9.769907339216921e-08
likelihood_guided_diffusion,srcnn_bz_single_channel,rmse_kpa,25,-2.963223665091208,-2.750400102636542,-3.2913266654999496,-2.657095713332371,1.9001182597575887e-15,5.960464477539063e-08,False,3.5552527187288215e-15,9.769907339216921e-08
likelihood_guided_diffusion,srcnn_bz_single_channel,mae_norm,25,-0.3310952240228653,-0.32632984220981603,-0.3399226952642202,-0.32286940088123084,4.7073052534055794e-30,5.960464477539063e-08,False,5.186753010696889e-29,9.769907339216921e-08
likelihood_guided_diffusion,srcnn_bz_single_channel,rmse_norm,25,-0.25779182990045263,-0.2516193564699712,-0.26667067371625597,-0.2493369718843044,4.2584203602517494e-27,5.960464477539063e-08,False,2.212890929563136e-26,9.769907339216921e-08
likelihood_guided_diffusion,srcnn_bz_single_channel,crps_norm,25,-0.29141337096691133,-0.2835921794176102,-0.3001828685775399,-0.28328661440312863,1.1284543319870858e-28,5.960464477539063e-08,False,7.338036366473399e-28,9.769907339216921e-08
likelihood_guided_diffusion,srcnn_bz_single_channel,uce,25,-0.17429714602934557,-0.17054001472757158,-0.18431993239803998,-0.16478888765193325,6.565682903430676e-22,5.960464477539063e-08,False,2.1824476690174594e-21,9.769907339216921e-08
likelihood_guided_diffusion,srcnn_bz_single_channel,ause_abs_error,25,-0.0038974485130580244,-0.003642789215806297,-0.008436314049424295,0.0007124487581754403,0.11898496304207593,0.16449612379074097,False,0.14273397784281286,0.1940043481773853
likelihood_guided_diffusion,srcnn_bz_single_channel,width90_norm,25,-0.2502652394771576,-0.2486400306224823,-0.2584651207923889,-0.24261749976873398,9.055873167222985e-28,5.960464477539063e-08,False,5.059384539434437e-27,9.769907339216921e-08
likelihood_guided_diffusion,train_mean_prior,mae_kpa,25,-8.661409311294555,-8.33203721046448,-9.038467835903168,-8.305797745466231,1.2083320569701497e-24,5.960464477539063e-08,False,4.4517496835742356e-24,9.769907339216921e-08
likelihood_guided_diffusion,train_mean_prior,rmse_kpa,25,-2.560033130017266,-2.270710979462695,-2.8777348388865196,-2.2666234239139023,2.5007120367521678e-14,5.960464477539063e-08,False,4.468239224827447e-14,9.769907339216921e-08
likelihood_guided_diffusion,train_mean_prior,mae_norm,25,-0.3059658032655716,-0.30139142274856573,-0.31383200879395007,-0.29844006527960304,3.0171594312998766e-30,5.960464477539063e-08,False,3.6266865891382357e-29,9.769907339216921e-08
likelihood_guided_diffusion,train_mean_prior,rmse_norm,25,-0.24241777897140981,-0.2365737129607298,-0.2508001790677598,-0.2346456520200401,3.23736744136797e-27,5.960464477539063e-08,False,1.6971221388669096e-26,9.769907339216921e-08
likelihood_guided_diffusion,unet_canonical_bxyz,mae_kpa,25,-9.797576131820678,-9.514539718627928,-10.180008260726929,-9.433089391231537,6.76043654111646e-26,5.960464477539063e-08,False,2.681216117175437e-25,9.769907339216921e-08
likelihood_guided_diffusion,unet_canonical_bxyz,rmse_kpa,25,-4.932458073483658,-4.679853409446439,-5.3294630576232045,-4.547829422546232,2.5745259038157006e-18,5.960464477539063e-08,False,5.891703510655161e-18,9.769907339216921e-08
likelihood_guided_diffusion,unet_canonical_bxyz,mae_norm,25,-0.3720382848381996,-0.3694131448864937,-0.3797225262224674,-0.3645722963064909,2.373610792921814e-32,5.960464477539063e-08,False,1.19468610898863e-30,9.769907339216921e-08
likelihood_guided_diffusion,unet_canonical_bxyz,rmse_norm,25,-0.3029920301472002,-0.30251818530672003,-0.3113213400574813,-0.2947357482735584,3.985015032110659e-29,5.960464477539063e-08,False,2.990779269861899e-28,9.769907339216921e-08
likelihood_guided_diffusion,unet_canonical_bxyz,crps_norm,25,-0.33235642939805987,-0.3316368907690048,-0.340316165395081,-0.32484548936784263,6.144950330273459e-31,5.960464477539063e-08,False,8.502896387238855e-30,9.769907339216921e-08
likelihood_guided_diffusion,unet_canonical_bxyz,uce,25,-0.21946280441025515,-0.22190352348340978,-0.2291169609658268,-0.2098104247888205,2.3271528939559978e-24,5.960464477539063e-08,False,8.391854375174659e-24,9.769907339216921e-08
likelihood_guided_diffusion,unet_canonical_bxyz,ause_abs_error,25,-0.029287914578730753,-0.028368712712892694,-0.03447699928220039,-0.023799085835161573,1.7570321008520987e-10,5.960464477539063e-08,False,2.961571173632099e-10,9.769907339216921e-08
likelihood_guided_diffusion,unet_canonical_bxyz,width90_norm,25,-0.2502652394771576,-0.2486400306224823,-0.258343621045351,-0.24257947808504107,9.055873167222985e-28,5.960464477539063e-08,False,5.059384539434437e-27,9.769907339216921e-08
likelihood_guided_diffusion,vanilla_diffusion,mae_kpa,25,-0.009962081909180114,-0.006253242492675781,-0.03068869686126737,0.010580222129820915,0.36233735012203905,0.457846462726593,False,0.39999222715154575,0.4864618666470051
likelihood_guided_diffusion,vanilla_diffusion,rmse_kpa,25,-0.005283433958257291,-0.0002661170306694771,-0.023516187110862508,0.01284168031898279,0.5866718099802705,0.7309892177581787,False,0.6145628294263085,0.74603530800363
likelihood_guided_diffusion,vanilla_diffusion,mae_norm,25,-0.00020665407180786577,-0.0001138448715209961,-0.0006112802922725723,0.00018717542290687283,0.32669103217281503,0.39571136236190796,False,0.36604453827344374,0.424613634996096
likelihood_guided_diffusion,vanilla_diffusion,rmse_norm,25,-0.00015366002931798127,-5.712628703968825e-07,-0.0005824521729450558,0.00026387374484046424,0.4899518612000969,0.5782062411308289,False,0.5233776614255973,0.6014557927846909
likelihood_guided_diffusion,vanilla_diffusion,crps_norm,25,-0.00028006196022033246,-0.0002537965774536688,-0.0007610763609409375,0.00017097130417824882,0.2625158804738075,0.4418373703956604,False,0.3068702335597553,0.4711348304398171
likelihood_guided_diffusion,vanilla_diffusion,uce,25,-0.0002105348458976386,8.583151955088297e-05,-0.0007500191837243901,0.00033678733165393984,0.4665508513256881,0.6528410911560059,False,0.5006271533611981,0.6732070177431949
likelihood_guided_diffusion,vanilla_diffusion,ence,25,-0.00822572390367732,-0.010015727605815705,-0.03924360089611008,0.023320331231628928,0.6223224068535126,0.5782062411308289,False,0.649047908988326,0.6014557927846909
likelihood_guided_diffusion,vanilla_diffusion,ause_abs_error,25,0.0003175724407892405,0.00044883839660860014,-0.0004723896724605684,0.001150964866252695,0.4562241787159234,0.4418373703956604,True,0.4935526827129817,0.4711348304398171
likelihood_guided_diffusion,vanilla_diffusion,width90_norm,25,0.0003850883245468051,0.00026440620422360506,-0.0006523863375187072,0.001397289305925368,0.47770478505453,0.5782062411308289,True,0.5121339587521537,0.6014557927846909
likelihood_guided_diffusion,vanilla_diffusion_calibrated90,mae_kpa,25,-0.009962081909180114,-0.006253242492675781,-0.031200882911682486,0.010361960411071274,0.36233746203875694,0.457846462726593,False,0.39999222715154575,0.4864618666470051
likelihood_guided_diffusion,vanilla_diffusion_calibrated90,rmse_kpa,25,-0.005283391863554953,-0.0002661170306694771,-0.023954287451584882,0.01305586071531264,0.5866744103729703,0.7309892177581787,False,0.6145628294263085,0.74603530800363
likelihood_guided_diffusion,vanilla_diffusion_calibrated90,mae_norm,25,-0.00020665526390076128,-0.0001138448715209961,-0.0006093817055225548,0.0001715126037597658,0.32668851999487547,0.39571136236190796,False,0.36604453827344374,0.424613634996096
likelihood_guided_diffusion,vanilla_diffusion_calibrated90,rmse_norm,25,-0.00015366014251593895,-5.885738783573125e-07,-0.0005746271280245146,0.0002632425276036483,0.48995080814263303,0.5782062411308289,False,0.5233776614255973,0.6014557927846909
likelihood_guided_diffusion,vanilla_diffusion_calibrated90,crps_norm,25,-0.17902875423431397,-0.17688459157943728,-0.18334577605128288,-0.17490061619877814,6.752586341894296e-31,5.960464477539063e-08,False,9.236296260751969e-30,9.769907339216921e-08
likelihood_guided_diffusion,vanilla_diffusion_calibrated90,uce,25,-0.04805962708312436,-0.04388038285820839,-0.07445375052249846,-0.02208138364937172,0.002018778067245899,0.0030878782272338867,False,0.0027023013498567155,0.003872049621083588
likelihood_guided_diffusion,vanilla_diffusion_calibrated90,ence,25,-4.793521906182171,-4.994990329826279,-5.0225248440321355,-4.554828015025037,3.08707606495492e-23,5.960464477539063e-08,False,1.0679129410745218e-22,9.769907339216921e-08
likelihood_guided_diffusion,vanilla_diffusion_calibrated90,ause_abs_error,25,0.0003175717442960291,0.0004488382409194025,-0.0004849013801827822,0.001121769776900377,0.45622505578386746,0.4418373703956604,True,0.4935526827129817,0.4711348304398171
likelihood_guided_diffusion,vanilla_diffusion_calibrated90,width90_norm,25,1.9815762865543365,2.0118103772401814,1.931305488049984,2.031721235513687,4.6815524970719194e-30,5.960464477539063e-08,True,5.186753010696889e-29,9.769907339216921e-08
likelihood_guided_diffusion_calibrated90,explicit_residual_likelihood_guided_diffusion,mae_kpa,25,-9.661449871063233,-9.349345922470095,-10.030780966758728,-9.314659806251527,4.6464475150197354e-26,5.960464477539063e-08,False,2.1185055735360054e-25,9.769907339216921e-08
likelihood_guided_diffusion_calibrated90,explicit_residual_likelihood_guided_diffusion,rmse_kpa,25,-4.838616629171767,-4.609960965447639,-5.236646862996254,-4.468117144846209,2.1736996985883674e-18,5.960464477539063e-08,False,5.112080298049411e-18,9.769907339216921e-08
likelihood_guided_diffusion_calibrated90,explicit_residual_likelihood_guided_diffusion,mae_norm,25,-0.360798844397068,-0.35705334693193436,-0.36914895159006117,-0.35308470181375745,2.4041508513102913e-31,5.960464477539063e-08,False,4.513046051162339e-30,9.769907339216921e-08
likelihood_guided_diffusion_calibrated90,explicit_residual_likelihood_guided_diffusion,rmse_norm,25,-0.3000173292382434,-0.299590025993713,-0.3082266990096723,-0.2922448038545203,1.407917673106414e-29,5.960464477539063e-08,False,1.3160342291069314e-28,9.769907339216921e-08
likelihood_guided_diffusion_calibrated90,explicit_residual_likelihood_guided_diffusion,crps_norm,25,-0.16840483367443085,-0.1662884056568145,-0.17381460390985012,-0.16332305878400807,5.334247092533952e-28,5.960464477539063e-08,False,3.081434000056021e-27,9.769907339216921e-08
likelihood_guided_diffusion_calibrated90,explicit_residual_likelihood_guided_diffusion,uce,25,-0.25035344053603337,-0.2523123718955802,-0.27232363757405115,-0.2287549874454383,2.5175746818080526e-17,5.960464477539063e-08,False,5.3690212748236243e-17,9.769907339216921e-08
likelihood_guided_diffusion_calibrated90,explicit_residual_likelihood_guided_diffusion,ence,25,1.5947815621705579,1.5067170332163244,1.2650645875338535,1.9742815080852663,7.245454907332237e-09,5.960464477539063e-08,True,1.1329949198062237e-08,9.769907339216921e-08
likelihood_guided_diffusion_calibrated90,explicit_residual_likelihood_guided_diffusion,ause_abs_error,25,-0.069208412200696,-0.0683810092992595,-0.07328218150703276,-0.06484015590040798,3.0502823502299694e-21,5.960464477539063e-08,False,8.761975905545852e-21,9.769907339216921e-08
likelihood_guided_diffusion_calibrated90,explicit_residual_likelihood_guided_diffusion,width90_norm,25,-2.060379608273506,-2.0609808042645454,-2.121740823239088,-2.000530996158719,1.2429558798672098e-28,5.960464477539063e-08,False,7.826018502867618e-28,9.769907339216921e-08
likelihood_guided_diffusion_calibrated90,explicit_residual_likelihood_guided_diffusion_calibrated90,mae_kpa,25,-9.661449842453003,-9.349345922470095,-10.024161341428757,-9.31473251414299,4.6464472185867257e-26,5.960464477539063e-08,False,2.1185055735360054e-25,9.769907339216921e-08
likelihood_guided_diffusion_calibrated90,explicit_residual_likelihood_guided_diffusion_calibrated90,rmse_kpa,25,-4.838616669469135,-4.609960965447639,-5.229302062835325,-4.463607649516385,2.1737052928578654e-18,5.960464477539063e-08,False,5.112080298049411e-18,9.769907339216921e-08
likelihood_guided_diffusion_calibrated90,explicit_residual_likelihood_guided_diffusion_calibrated90,mae_norm,25,-0.360798844397068,-0.35705334693193436,-0.36926023496687416,-0.3529742374271154,2.404153117126223e-31,5.960464477539063e-08,False,4.513046051162339e-30,9.769907339216921e-08
likelihood_guided_diffusion_calibrated90,explicit_residual_likelihood_guided_diffusion_calibrated90,rmse_norm,25,-0.3000173288291635,-0.299590025993713,-0.3082187374568837,-0.29226734709185365,1.4079196836741562e-29,5.960464477539063e-08,False,1.3160342291069314e-28,9.769907339216921e-08
likelihood_guided_diffusion_calibrated90,explicit_residual_likelihood_guided_diffusion_calibrated90,crps_norm,25,-0.16869593396782875,-0.1688021533191204,-0.17370926927402616,-0.16384711661934853,1.4902791842713192e-28,5.960464477539063e-08,False,8.956728430721566e-28,9.769907339216921e-08
likelihood_guided_diffusion_calibrated90,explicit_residual_likelihood_guided_diffusion_calibrated90,uce,25,-0.29598197088445777,-0.2985872982724636,-0.3180345939462008,-0.2747272757029845,3.2892561662446544e-19,5.960464477539063e-08,False,8.399602656289998e-19,9.769907339216921e-08
likelihood_guided_diffusion_calibrated90,explicit_residual_likelihood_guided_diffusion_calibrated90,ence,25,0.32003577948097606,0.27559950864433475,0.16414429323326737,0.4892955799321201,0.0011178415970564638,0.0006313323974609375,True,0.0015686692222844243,0.000808703501591513
likelihood_guided_diffusion_calibrated90,explicit_residual_likelihood_guided_diffusion_calibrated90,ause_abs_error,25,-0.06920841159319968,-0.06838100998360111,-0.07318238717556441,-0.06499112629431283,3.050282176399387e-21,5.960464477539063e-08,False,8.761975905545852e-21,9.769907339216921e-08
likelihood_guided_diffusion_calibrated90,explicit_residual_likelihood_guided_diffusion_calibrated90,width90_norm,25,-1.9215267699956895,-1.8871828317642212,-1.9830913252979518,-1.863310337498784,8.045475155507821e-28,5.960464477539063e-08,False,4.537495466850382e-27,9.769907339216921e-08
likelihood_guided_diffusion_calibrated90,explicit_residual_target_diffusion,mae_kpa,25,-9.65772053718567,-9.334872961044313,-10.034309395790102,-9.311624256849289,4.939339146364897e-26,5.960464477539063e-08,False,2.1689482011038876e-25,9.769907339216921e-08
likelihood_guided_diffusion_calibrated90,explicit_residual_target_diffusion,rmse_kpa,25,-4.843769128955749,-4.622174463155952,-5.248224703491333,-4.4727806518097575,2.5126831710140375e-18,5.960464477539063e-08,False,5.794764464369614e-18,9.769907339216921e-08
likelihood_guided_diffusion_calibrated90,explicit_residual_target_diffusion,mae_norm,25,-0.360653355717659,-0.35628582537174225,-0.36914783444255594,-0.35283796018362046,2.5788694756891445e-31,5.960464477539063e-08,False,4.513046051162339e-30,9.769907339216921e-08
likelihood_guided_diffusion_calibrated90,explicit_residual_target_diffusion,rmse_norm,25,-0.2999055558410077,-0.2989736272906526,-0.30824069368934576,-0.2921507875549832,1.48191672192229e-29,5.960464477539063e-08,False,1.3160342291069314e-28,9.769907339216921e-08
likelihood_guided_diffusion_calibrated90,explicit_residual_target_diffusion,crps_norm,25,-0.16834187835454942,-0.1658211648464203,-0.17375746400281789,-0.16319096557050944,6.1184776677657485e-28,5.960464477539063e-08,False,3.5004752041544426e-27,9.769907339216921e-08
likelihood_guided_diffusion_calibrated90,explicit_residual_target_diffusion,uce,25,-0.2510314186353963,-0.2528103820787586,-0.27303467731920905,-0.22878646427772736,2.7066220913180276e-17,5.960464477539063e-08,False,5.746042528144395e-17,9.769907339216921e-08
likelihood_guided_diffusion_calibrated90,explicit_residual_target_diffusion,ence,25,1.5991401133593979,1.5059357808133904,1.2742089325635135,1.9588055119168903,5.607749130490878e-09,5.960464477539063e-08,True,8.80372224971523e-09,9.769907339216921e-08
likelihood_guided_diffusion_calibrated90,explicit_residual_target_diffusion,ause_abs_error,25,-0.06958547947051107,-0.06743533455161821,-0.07387151855596713,-0.06525142659292521,5.1752177511326365e-21,5.960464477539063e-08,False,1.4255860137150826e-20,9.769907339216921e-08
likelihood_guided_diffusion_calibrated90,explicit_residual_target_diffusion,width90_norm,25,-2.059916044175625,-2.0577095597982407,-2.120932938940823,-2.001381382085383,1.283214726926019e-28,5.960464477539063e-08,False,7.994898036868915e-28,9.769907339216921e-08
likelihood_guided_diffusion_calibrated90,explicit_residual_target_diffusion_calibrated90,mae_kpa,25,-9.657720489501953,-9.334872961044313,-10.030676288843155,-9.309929626703262,4.9393452816461705e-26,5.960464477539063e-08,False,2.1689482011038876e-25,9.769907339216921e-08
likelihood_guided_diffusion_calibrated90,explicit_residual_target_diffusion_calibrated90,rmse_kpa,25,-4.843769122163043,-4.622174463155952,-5.244207566419818,-4.462774351686193,2.5126845250632053e-18,5.960464477539063e-08,False,5.794764464369614e-18,9.769907339216921e-08
likelihood_guided_diffusion_calibrated90,explicit_residual_target_diffusion_calibrated90,mae_norm,25,-0.36065335482358934,-0.35628582537174225,-0.3690260864570737,-0.3528680229410529,2.5788664728241723e-31,5.960464477539063e-08,False,4.513046051162339e-30,9.769907339216921e-08
likelihood_guided_diffusion_calibrated90,explicit_residual_target_diffusion_calibrated90,rmse_norm,25,-0.29990555556979226,-0.2989736272906526,-0.30792307074580655,-0.29201898819449673,1.4819165548429358e-29,5.960464477539063e-08,False,1.3160342291069314e-28,9.769907339216921e-08
likelihood_guided_diffusion_calibrated90,explicit_residual_target_diffusion_calibrated90,crps_norm,25,-0.16864186212420462,-0.1685957349836826,-0.17377823108434678,-0.1636777159795165,1.6722844764818149e-28,5.960464477539063e-08,False,9.851576866402771e-28,9.769907339216921e-08
likelihood_guided_diffusion_calibrated90,explicit_residual_target_diffusion_calibrated90,uce,25,-0.2964853961472583,-0.29616568254169073,-0.3184957477122246,-0.27515390166674725,3.4260635812349896e-19,5.960464477539063e-08,False,8.711571926644524e-19,9.769907339216921e-08
likelihood_guided_diffusion_calibrated90,explicit_residual_target_diffusion_calibrated90,ence,25,0.3312574249418222,0.2573575655506546,0.16303221228817946,0.5223477750837351,0.0018931288876589114,0.0006313323974609375,True,0.0025398234231275136,0.000808703501591513
likelihood_guided_diffusion_calibrated90,explicit_residual_target_diffusion_calibrated90,ause_abs_error,25,-0.06958547869088708,-0.0674353345680649,-0.07371747765434614,-0.0652846872428991,5.175236621217778e-21,5.960464477539063e-08,False,1.4255860137150826e-20,9.769907339216921e-08
likelihood_guided_diffusion_calibrated90,explicit_residual_target_diffusion_calibrated90,width90_norm,25,-1.9190820229053498,-1.8815483748912811,-1.9832854498773813,-1.859491232931614,1.4505949871490256e-27,5.960464477539063e-08,False,7.846400157760638e-27,9.769907339216921e-08
likelihood_guided_diffusion_calibrated90,likelihood_guided_diffusion,mae_kpa,25,1.5258789076710855e-07,0.0,0.0,3.433227542615214e-07,0.10343122227385514,0.10880943004054569,True,0.12432641869281576,0.13039599370417862
likelihood_guided_diffusion_calibrated90,likelihood_guided_diffusion,rmse_kpa,25,2.0006273047101787e-08,0.0,-8.672363264849992e-08,1.26695595852766e-07,0.7286574242630065,1.0,True,0.7520401863599113,1.0
likelihood_guided_diffusion_calibrated90,likelihood_guided_diffusion,mae_norm,25,5.960464477539063e-09,0.0,-2.220446049250313e-18,1.3113021852806383e-08,0.09609990720094873,0.13113050286965086,True,0.11574786393636538,0.15651484294371565
likelihood_guided_diffusion_calibrated90,likelihood_guided_diffusion,rmse_norm,25,-1.993115883447416e-09,0.0,-6.655723128468071e-09,1.976924721702744e-09,0.37620663313830205,0.5001842570707944,False,0.4129943666370659,0.5276766541792954
likelihood_guided_diffusion_calibrated90,likelihood_guided_diffusion,crps_norm,25,0.17955123424530028,0.17653566598892217,0.17548668265342712,0.1837378697693348,4.277419896616808e-31,5.960464477539063e-08,True,6.525807278171797e-30,9.769907339216921e-08
likelihood_guided_diffusion_calibrated90,likelihood_guided_diffusion,uce,25,0.045490682297266105,0.044426141392084784,0.0191627883740591,0.07207659200529053,0.003280632725678068,0.0030878782272338867,True,0.004220489668710163,0.003872049621083588
likelihood_guided_diffusion_calibrated90,likelihood_guided_diffusion,ence,25,4.792948259533709,4.980877912255478,4.55742235908575,5.027400295292744,2.940756609705106e-23,5.960464477539063e-08,True,1.0202624972446287e-22,9.769907339216921e-08
likelihood_guided_diffusion_calibrated90,likelihood_guided_diffusion,ause_abs_error,25,-9.080396878857754e-11,-4.51641085641441e-11,-3.5394725780846236e-10,2.0293295902029658e-10,0.5292504035050525,0.325391948223114,False,0.5633345082030523,0.36020131942837735
likelihood_guided_diffusion_calibrated90,likelihood_guided_diffusion,width90_norm,25,-1.9900483906269073,-1.9445976614952087,-2.0470029633641245,-1.9378576543927193,2.4325425724449245e-29,5.960464477539063e-08,False,1.904424777111487e-28,9.769907339216921e-08
likelihood_guided_diffusion_calibrated90,prior_init_diffusion_unet,mae_kpa,25,-9.780025596618652,-9.499361276626585,-10.158690479516983,-9.429199095964432,6.775196647554234e-26,5.960464477539063e-08,False,2.681216117175437e-25,9.769907339216921e-08
likelihood_guided_diffusion_calibrated90,prior_init_diffusion_unet,rmse_kpa,25,-4.902010670638098,-4.653989555744976,-5.31583235354081,-4.5051848416377025,3.2791394043969817e-18,5.960464477539063e-08,False,7.2375192521684e-18,9.769907339216921e-08
likelihood_guided_diffusion_calibrated90,prior_init_diffusion_unet,mae_norm,25,-0.36970485985279083,-0.3665588572621345,-0.3775593957677484,-0.36239702022820713,2.881683889789288e-32,5.960464477539063e-08,False,1.19468610898863e-30,9.769907339216921e-08
likelihood_guided_diffusion_calibrated90,prior_init_diffusion_unet,rmse_norm,25,-0.302513488270761,-0.30169298347174667,-0.3109788928025291,-0.29416082765558477,4.4265173508675905e-29,5.960464477539063e-08,False,2.990779269861899e-28,9.769907339216921e-08
likelihood_guided_diffusion_calibrated90,prior_init_diffusion_unet,crps_norm,25,-0.15541589945554735,-0.1567770466208458,-0.160485966488719,-0.15046714179217816,1.4344781676513576e-27,5.960464477539063e-08,False,7.830408346353741e-27,9.769907339216921e-08
likelihood_guided_diffusion_calibrated90,prior_init_diffusion_unet,uce,25,-0.20351107759870715,-0.20329509587087272,-0.22526511489309228,-0.18194583819720853,2.130818863369638e-15,5.960464477539063e-08,False,3.961991324077921e-15,9.769907339216921e-08
likelihood_guided_diffusion_calibrated90,prior_init_diffusion_unet,ence,25,13.387644593445438,12.726618014418486,12.64412144941755,14.221050393707898,2.518687934449867e-21,5.960464477539063e-08,True,7.511876295727674e-21,9.769907339216921e-08
likelihood_guided_diffusion_calibrated90,prior_init_diffusion_unet,ause_abs_error,25,-0.07468235980765103,-0.0753158487928583,-0.07893038028221765,-0.07017570517095724,1.699360172533904e-21,5.960464477539063e-08,False,5.3782941630727274e-21,9.769907339216921e-08
likelihood_guided_diffusion_calibrated90,prior_init_diffusion_unet,width90_norm,25,-2.212692689374089,-2.1647090427577496,-2.273704071475193,-2.155142733708024,2.2098847239423278e-29,5.960464477539063e-08,False,1.75317521432758e-28,9.769907339216921e-08
likelihood_guided_diffusion_calibrated90,prior_init_diffusion_unet_calibrated90,mae_kpa,25,-9.780025548934937,-9.499361515045164,-10.172190289974212,-9.415928545475007,6.775202531160826e-26,5.960464477539063e-08,False,2.681216117175437e-25,9.769907339216921e-08
likelihood_guided_diffusion_calibrated90,prior_init_diffusion_unet_calibrated90,rmse_kpa,25,-4.902010691274067,-4.653989555744976,-5.308610854960123,-4.51087283810145,3.2791434987508704e-18,5.960464477539063e-08,False,7.2375192521684e-18,9.769907339216921e-08
likelihood_guided_diffusion_calibrated90,prior_init_diffusion_unet_calibrated90,mae_norm,25,-0.3697048592567444,-0.3665588572621345,-0.37747917930036784,-0.3621766263321042,2.881680148632087e-32,5.960464477539063e-08,False,1.19468610898863e-30,9.769907339216921e-08
likelihood_guided_diffusion_calibrated90,prior_init_diffusion_unet_calibrated90,rmse_norm,25,-0.30251348814992357,-0.30169298347174667,-0.31112287591528465,-0.29426734845439323,4.4265159153738064e-29,5.960464477539063e-08,False,2.990779269861899e-28,9.769907339216921e-08
likelihood_guided_diffusion_calibrated90,prior_init_diffusion_unet_calibrated90,crps_norm,25,-0.16314801424741746,-0.16228842735290527,-0.16792046359553933,-0.15848485596477985,1.1456715436179818e-28,5.960464477539063e-08,False,7.369454794083234e-28,9.769907339216921e-08
likelihood_guided_diffusion_calibrated90,prior_init_diffusion_unet_calibrated90,uce,25,-0.29938106467235265,-0.3033248252449044,-0.32156026201958465,-0.2765631140775898,7.783378400850993e-19,5.960464477539063e-08,False,1.945844600212748e-18,9.769907339216921e-08
likelihood_guided_diffusion_calibrated90,prior_init_diffusion_unet_calibrated90,ence,25,-0.13354163711796896,-0.1510300173115362,-0.17633155381384344,-0.08140819259040902,2.026211319681019e-05,0.00021690130233764648,False,3.021543196015555e-05,0.00027934258634393865
likelihood_guided_diffusion_calibrated90,prior_init_diffusion_unet_calibrated90,ause_abs_error,25,-0.07468235955529383,-0.07531584863259,-0.07888173386980199,-0.07023978251195634,1.6993597036802818e-21,5.960464477539063e-08,False,5.3782941630727274e-21,9.769907339216921e-08
likelihood_guided_diffusion_calibrated90,prior_init_diffusion_unet_calibrated90,width90_norm,25,-1.8897342002391815,-1.8502950072288513,-1.945278200685978,-1.8352462970912458,1.3906458652282206e-28,5.960464477539063e-08,False,8.511652624410066e-28,9.769907339216921e-08
likelihood_guided_diffusion_calibrated90,residual_likelihood_guided_diffusion,mae_kpa,25,-9.780031719207763,-9.499289989471434,-10.161904608726502,-9.414482768297196,6.781869770031977e-26,5.960464477539063e-08,False,2.681216117175437e-25,9.769907339216921e-08
likelihood_guided_diffusion_calibrated90,residual_likelihood_guided_diffusion,rmse_kpa,25,-4.9026049909957665,-4.654913421360948,-5.306470240040383,-4.513180406449888,3.308572928782836e-18,5.960464477539063e-08,False,7.2375192521684e-18,9.769907339216921e-08
likelihood_guided_diffusion_calibrated90,residual_likelihood_guided_diffusion,mae_norm,25,-0.3696977052092552,-0.3665598332881927,-0.37758391548693176,-0.36211018484085794,2.864718706870143e-32,5.960464477539063e-08,False,1.19468610898863e-30,9.769907339216921e-08
likelihood_guided_diffusion_calibrated90,residual_likelihood_guided_diffusion,rmse_norm,25,-0.30251160736800975,-0.3016872473797967,-0.31120664636545853,-0.29426385762735696,4.4166275792524667e-29,5.960464477539063e-08,False,2.990779269861899e-28,9.769907339216921e-08
likelihood_guided_diffusion_calibrated90,residual_likelihood_guided_diffusion,crps_norm,25,-0.15540907412767413,-0.1567502319812775,-0.16043516726791862,-0.15039107498526577,1.4198420256405688e-27,5.960464477539063e-08,False,7.822277826445726e-27,9.769907339216921e-08
likelihood_guided_diffusion_calibrated90,residual_likelihood_guided_diffusion,uce,25,-0.20349730318452378,-0.2034912192068988,-0.22530791772946435,-0.1812200881161759,2.124405455036737e-15,5.960464477539063e-08,False,3.961991324077921e-15,9.769907339216921e-08
likelihood_guided_diffusion_calibrated90,residual_likelihood_guided_diffusion,ence,25,13.376889997302555,12.742079734893679,12.626386314678308,14.217848437997857,2.4851987479124095e-21,5.960464477539063e-08,True,7.449336297268936e-21,9.769907339216921e-08
likelihood_guided_diffusion_calibrated90,residual_likelihood_guided_diffusion,ause_abs_error,25,-0.07472785261150533,-0.07563523444482309,-0.07904116514916507,-0.07029095590203524,1.762497883212699e-21,5.960464477539063e-08,False,5.461937956809806e-21,9.769907339216921e-08
likelihood_guided_diffusion_calibrated90,residual_likelihood_guided_diffusion,width90_norm,25,-2.21269361063838,-2.1647635605186224,-2.273847613416612,-2.154836962832138,2.2085940343633343e-29,5.960464477539063e-08,False,1.75317521432758e-28,9.769907339216921e-08
likelihood_guided_diffusion_calibrated90,residual_likelihood_guided_diffusion_calibrated90,mae_kpa,25,-9.78003173828125,-9.499289989471434,-10.153299760103225,-9.418885355234147,6.781869575011476e-26,5.960464477539063e-08,False,2.681216117175437e-25,9.769907339216921e-08
likelihood_guided_diffusion_calibrated90,residual_likelihood_guided_diffusion_calibrated90,rmse_kpa,25,-4.902604933988316,-4.654913001972606,-5.3090590452239645,-4.509133578339451,3.308575940491964e-18,5.960464477539063e-08,False,7.2375192521684e-18,9.769907339216921e-08
likelihood_guided_diffusion_calibrated90,residual_likelihood_guided_diffusion_calibrated90,mae_norm,25,-0.369697704911232,-0.3665598332881927,-0.37746297262609,-0.36229006040841344,2.8647183166359346e-32,5.960464477539063e-08,False,1.19468610898863e-30,9.769907339216921e-08
likelihood_guided_diffusion_calibrated90,residual_likelihood_guided_diffusion_calibrated90,rmse_norm,25,-0.3025116073745796,-0.3016872473797967,-0.31117301298335576,-0.2942340903286106,4.4166222725730694e-29,5.960464477539063e-08,False,2.990779269861899e-28,9.769907339216921e-08
likelihood_guided_diffusion_calibrated90,residual_likelihood_guided_diffusion_calibrated90,crps_norm,25,-0.16314248293638234,-0.16236106306314468,-0.16791686680167914,-0.15849776830524212,1.19319716197917e-28,5.960464477539063e-08,False,7.593072848958354e-28,9.769907339216921e-08
likelihood_guided_diffusion_calibrated90,residual_likelihood_guided_diffusion_calibrated90,uce,25,-0.2995382809574538,-0.3038848409384022,-0.321674053181867,-0.2765298873322716,7.548993340452641e-19,5.960464477539063e-08,False,1.8952114082570975e-18,9.769907339216921e-08
likelihood_guided_diffusion_calibrated90,residual_likelihood_guided_diffusion_calibrated90,ence,25,-0.13607407697190718,-0.16044596472306732,-0.17966283974943711,-0.08353847448704822,1.5948621215422816e-05,0.00018787384033203125,False,2.3842787997931094e-05,0.00024248359001639608
likelihood_guided_diffusion_calibrated90,residual_likelihood_guided_diffusion_calibrated90,ause_abs_error,25,-0.07472785566144532,-0.0756352342947759,-0.07894707193484375,-0.07027028096221503,1.7625077104327443e-21,5.960464477539063e-08,False,5.461937956809806e-21,9.769907339216921e-08
likelihood_guided_diffusion_calibrated90,residual_likelihood_guided_diffusion_calibrated90,width90_norm,25,-1.889711856842041,-1.8504199385643005,-1.9471642094254493,-1.8356750169992446,1.4019192557851875e-28,5.960464477539063e-08,False,8.511652624410066e-28,9.769907339216921e-08
likelihood_guided_diffusion_calibrated90,srcnn_bz_single_channel,mae_kpa,25,-8.937707080841065,-8.623165130615236,-9.336375914812088,-8.565958013296127,1.1545042160897006e-24,5.960464477539063e-08,False,4.279954934081938e-24,9.769907339216921e-08
likelihood_guided_diffusion_calibrated90,srcnn_bz_single_channel,rmse_kpa,25,-2.963223645084935,-2.750400102636542,-3.2818803561540757,-2.6550490249216128,1.9001163005362567e-15,5.960464477539063e-08,False,3.5552527187288215e-15,9.769907339216921e-08
likelihood_guided_diffusion_calibrated90,srcnn_bz_single_channel,mae_norm,25,-0.33109521806240083,-0.32632984220981603,-0.3396744708418846,-0.3229681131690741,4.7072924719912375e-30,5.960464477539063e-08,False,5.186753010696889e-29,9.769907339216921e-08
likelihood_guided_diffusion_calibrated90,srcnn_bz_single_channel,rmse_norm,25,-0.2577918318935685,-0.2516193564699712,-0.2666061970388553,-0.24917887893822194,4.258412750923777e-27,5.960464477539063e-08,False,2.212890929563136e-26,9.769907339216921e-08
likelihood_guided_diffusion_calibrated90,srcnn_bz_single_channel,crps_norm,25,-0.11186213672161106,-0.11107954382896422,-0.11734831258654596,-0.10664331386983399,1.0903288704513426e-23,5.960464477539063e-08,False,3.827408129312973e-23,9.769907339216921e-08
likelihood_guided_diffusion_calibrated90,srcnn_bz_single_channel,uce,25,-0.12880646373207946,-0.1376387678798535,-0.1507125166348909,-0.10661644401708001,4.1815396511408675e-11,5.960464477539063e-08,False,7.149471529967862e-11,9.769907339216921e-08
likelihood_guided_diffusion_calibrated90,srcnn_bz_single_channel,ause_abs_error,25,-0.0038974486038619934,-0.003642789211789288,-0.00851639519333763,0.0007447633297115121,0.11898496262760805,0.16449612379074097,False,0.14273397784281286,0.1940043481773853
likelihood_guided_diffusion_calibrated90,srcnn_bz_single_channel,width90_norm,25,-2.240313630104065,-2.1897785663604736,-2.302527214884758,-2.1823737899065017,1.6494619345457198e-29,5.960464477539063e-08,False,1.4020426443638618e-28,9.769907339216921e-08
likelihood_guided_diffusion_calibrated90,train_mean_prior,mae_kpa,25,-8.661409158706665,-8.33203721046448,-9.047745822429656,-8.298266924142837,1.2083268647170037e-24,5.960464477539063e-08,False,4.4517496835742356e-24,9.769907339216921e-08
likelihood_guided_diffusion_calibrated90,train_mean_prior,rmse_kpa,25,-2.560033110010993,-2.270710979462695,-2.880025715440999,-2.262861765556139,2.5007091636383867e-14,5.960464477539063e-08,False,4.468239224827447e-14,9.769907339216921e-08
likelihood_guided_diffusion_calibrated90,train_mean_prior,mae_norm,25,-0.3059657973051071,-0.30139142274856573,-0.3137236621379852,-0.298608717367053,3.017152008522707e-30,5.960464477539063e-08,False,3.6266865891382357e-29,9.769907339216921e-08
likelihood_guided_diffusion_calibrated90,train_mean_prior,rmse_norm,25,-0.2424177809645257,-0.2365737129607298,-0.25059801069010046,-0.23449128629779714,3.237361318826189e-27,5.960464477539063e-08,False,1.6971221388669096e-26,9.769907339216921e-08
likelihood_guided_diffusion_calibrated90,unet_canonical_bxyz,mae_kpa,25,-9.797575979232787,-9.514539718627928,-10.171497574567795,-9.43819774889946,6.760407005148826e-26,5.960464477539063e-08,False,2.681216117175437e-25,9.769907339216921e-08
likelihood_guided_diffusion_calibrated90,unet_canonical_bxyz,rmse_kpa,25,-4.932458053477385,-4.679853409446439,-5.324799660469518,-4.554767842135797,2.5745225045298164e-18,5.960464477539063e-08,False,5.891703510655161e-18,9.769907339216921e-08
likelihood_guided_diffusion_calibrated90,unet_canonical_bxyz,mae_norm,25,-0.37203827887773516,-0.3694131448864937,-0.37992095663398506,-0.36476633793115615,2.3736043215097912e-32,5.960464477539063e-08,False,1.19468610898863e-30,9.769907339216921e-08
likelihood_guided_diffusion_calibrated90,unet_canonical_bxyz,rmse_norm,25,-0.30299203214031606,-0.30251818530672003,-0.3114891512392877,-0.2946531221455918,3.9850038832027975e-29,5.960464477539063e-08,False,2.990779269861899e-28,9.769907339216921e-08
likelihood_guided_diffusion_calibrated90,unet_canonical_bxyz,crps_norm,25,-0.1528051951527596,-0.1539968177676201,-0.15782496560364961,-0.14762957054376605,2.5058234931651155e-27,5.960464477539063e-08,False,1.3312187307439675e-26,9.769907339216921e-08
likelihood_guided_diffusion_calibrated90,unet_canonical_bxyz,uce,25,-0.17397212211298904,-0.17739154248216027,-0.1955774221937778,-0.15208227095704296,8.292534847771625e-14,5.960464477539063e-08,False,1.4597805427290287e-13,9.769907339216921e-08
likelihood_guided_diffusion_calibrated90,unet_canonical_bxyz,ause_abs_error,25,-0.02928791466953472,-0.028368712584807998,-0.034511784131477145,-0.023883552941244467,1.7570329820035814e-10,5.960464477539063e-08,False,2.961571173632099e-10,9.769907339216921e-08
likelihood_guided_diffusion_calibrated90,unet_canonical_bxyz,width90_norm,25,-2.240313630104065,-2.1897785663604736,-2.3009843879938128,-2.1827580111026763,1.6494619345457198e-29,5.960464477539063e-08,False,1.4020426443638618e-28,9.769907339216921e-08
likelihood_guided_diffusion_calibrated90,vanilla_diffusion,mae_kpa,25,-0.009961929321289347,-0.006253242492675781,-0.031051526069641403,0.010112643241881674,0.3623457879805601,0.457846462726593,False,0.39999222715154575,0.4864618666470051
likelihood_guided_diffusion_calibrated90,vanilla_diffusion,rmse_kpa,25,-0.005283413951984244,-0.0002661170306694771,-0.024419871478806695,0.013120487381104565,0.5866725039945909,0.7309892177581787,False,0.6145628294263085,0.74603530800363
likelihood_guided_diffusion_calibrated90,vanilla_diffusion,mae_norm,25,-0.00020664811134338824,-0.0001138150691986084,-0.0006145198643207636,0.00017851924896239348,0.3267064671940623,0.39571136236190796,False,0.36604453827344374,0.424613634996096
likelihood_guided_diffusion_calibrated90,vanilla_diffusion,rmse_norm,25,-0.00015366202243386474,-5.712628703968825e-07,-0.0005727100615298715,0.00025473976557871287,0.4899445099549522,0.5782062411308289,False,0.5233776614255973,0.6014557927846909
likelihood_guided_diffusion_calibrated90,vanilla_diffusion,crps_norm,25,0.17927117228507997,0.1762818694114685,0.17503826424479482,0.1834976941347122,4.977604264028308e-31,5.960464477539063e-08,True,7.32499975532826e-30,9.769907339216921e-08
likelihood_guided_diffusion_calibrated90,vanilla_diffusion,uce,25,0.04528014745136847,0.04437430273994608,0.019617805721277935,0.072388545643696,0.0033550191037746008,0.003419220447540283,True,0.004311525630120707,0.0042120831600133924
likelihood_guided_diffusion_calibrated90,vanilla_diffusion,ence,25,4.784722535630032,4.943583887002697,4.546054190179741,5.017710637812397,3.7305945792076183e-23,5.960464477539063e-08,True,1.286784796886106e-22,9.769907339216921e-08
likelihood_guided_diffusion_calibrated90,vanilla_diffusion,ause_abs_error,25,0.00031757234998527174,0.0004488384006256091,-0.0004779475338320445,0.0011389981011626308,0.4562242918262182,0.4418373703956604,True,0.4935526827129817,0.4711348304398171
likelihood_guided_diffusion_calibrated90,vanilla_diffusion,width90_norm,25,-1.9896633023023604,-1.941089317202568,-2.045399136856198,-1.9365862975120545,2.5682860026988175e-29,5.960464477539063e-08,False,1.9975557798768582e-28,9.769907339216921e-08
likelihood_guided_diffusion_calibrated90,vanilla_diffusion_calibrated90,mae_kpa,25,-0.009961929321289347,-0.006253242492675781,-0.031209372520447268,0.010187123298644596,0.3623458998902238,0.457846462726593,False,0.39999222715154575,0.4864618666470051
likelihood_guided_diffusion_calibrated90,vanilla_diffusion_calibrated90,rmse_kpa,25,-0.005283371857281906,-0.0002661170306694771,-0.024078823471434967,0.013112096574269266,0.586675104393518,0.7309892177581787,False,0.6145628294263085,0.74603530800363
likelihood_guided_diffusion_calibrated90,vanilla_diffusion_calibrated90,mae_norm,25,-0.00020664930343628374,-0.0001138150691986084,-0.0006094348728656706,0.00018335998058319517,0.3267039549386973,0.39571136236190796,False,0.36604453827344374,0.424613634996096
likelihood_guided_diffusion_calibrated90,vanilla_diffusion_calibrated90,rmse_norm,25,-0.00015366213563182242,-5.885738783573125e-07,-0.0005853159356878298,0.0002590054979792217,0.4899434568864403,0.5782062411308289,False,0.5233776614255973,0.6014557927846909
likelihood_guided_diffusion_calibrated90,vanilla_diffusion_calibrated90,crps_norm,25,0.0005224800109863192,0.0007161200046539029,-0.00035262766480445335,0.001322556018829345,0.24539400601651695,0.09031611680984497,True,0.28770331739867505,0.10867156623227049
likelihood_guided_diffusion_calibrated90,vanilla_diffusion_calibrated90,uce,25,-0.0025689447858582605,-0.0016835748681922058,-0.012866699045467915,0.007097255511929617,0.6262349835439337,0.8119303584098816,False,0.6514157608542667,0.8265159337106579
likelihood_guided_diffusion_calibrated90,vanilla_diffusion_calibrated90,ence,25,-0.0005736466484614766,-0.0006560935488585939,-0.0059010236377773535,0.004595822825081222,0.8375568772960152,0.8739878535270691,False,0.8547964699676314,0.8889278168352241
likelihood_guided_diffusion_calibrated90,vanilla_diffusion_calibrated90,ause_abs_error,25,0.00031757165349206027,0.00044883824493641145,-0.000468823090592406,0.0011461593009306742,0.45622516889435283,0.4418373703956604,True,0.4935526827129817,0.4711348304398171
likelihood_guided_diffusion_calibrated90,vanilla_diffusion_calibrated90,width90_norm,25,-0.008472104072570721,-0.008102893829346147,-0.04323897278308867,0.024094288229942362,0.6305363113807411,0.6528410911560059,False,0.6553172144481064,0.6732070177431949
prior_init_diffusion_unet,explicit_residual_likelihood_guided_diffusion,mae_kpa,25,0.11857572555541994,0.08583498001098633,0.060661484003067,0.19355105328559882,0.002366505896917266,3.814697265625e-05,True,0.0031377453234608128,5.05511107582823e-05
prior_init_diffusion_unet,explicit_residual_likelihood_guided_diffusion,rmse_kpa,25,0.06339404146633065,0.047043475427095416,0.028314584077990944,0.10219095591978981,0.002983181163758074,0.003419220447540283,True,0.003846143575113908,0.0042120831600133924
prior_init_diffusion_unet,explicit_residual_likelihood_guided_diffusion,mae_norm,25,0.008906015455722808,0.0064761638641357006,0.0047002592757344275,0.013856139868497841,0.0011476064821019775,4.5418739318847656e-05,True,0.0015898186919779554,5.887614356146919e-05
prior_init_diffusion_unet,explicit_residual_likelihood_guided_diffusion,rmse_norm,25,0.0024961590325176196,0.0015811694717155211,0.0010973242204725406,0.0044008921633095326,0.009486889589635736,2.664327621459961e-05,True,0.011659879396526124,3.6781320992312685e-05
prior_init_diffusion_unet,explicit_residual_likelihood_guided_diffusion,crps_norm,25,-0.012988934218883523,-0.015369005501270301,-0.015488321177661423,-0.009667463604360837,1.2210818073896919e-08,8.165836334228516e-06,False,1.887126429602251e-08,1.220772014790444e-05
prior_init_diffusion_unet,explicit_residual_likelihood_guided_diffusion,uce,25,-0.04684236293732622,-0.045197649298326883,-0.0521786797496969,-0.041973759369614755,3.8971664427534386e-15,5.960464477539063e-08,False,7.201285818131353e-15,9.769907339216921e-08
prior_init_diffusion_unet,explicit_residual_likelihood_guided_diffusion,ence,25,-11.79286303127488,-11.20329436661519,-12.68390211631509,-11.003377920428546,2.446789513729308e-19,5.960464477539063e-08,False,6.329738089864949e-19,9.769907339216921e-08
prior_init_diffusion_unet,explicit_residual_likelihood_guided_diffusion,ause_abs_error,25,0.005473947606955041,0.005266716174678299,0.00441373861850314,0.006529013374063125,8.128042326419917e-10,1.1920928955078125e-07,True,1.3322845997214342e-09,1.9118470965691334e-07
prior_init_diffusion_unet,explicit_residual_likelihood_guided_diffusion,width90_norm,25,0.1523130811005831,0.1546917408704758,0.13670864950492978,0.16847788176499306,1.6777906151388609e-15,5.960464477539063e-08,True,3.1691600508178484e-15,9.769907339216921e-08
prior_init_diffusion_unet,explicit_residual_likelihood_guided_diffusion_calibrated90,mae_kpa,25,0.11857575416564943,0.08583521842956543,0.05936904621124266,0.19170073223114015,0.002366498811821825,3.814697265625e-05,True,0.0031377453234608128,5.05511107582823e-05
prior_init_diffusion_unet,explicit_residual_likelihood_guided_diffusion_calibrated90,rmse_kpa,25,0.06339400116896271,0.047043892356924744,0.02868473308906632,0.1012854390848547,0.002983185310781628,0.003419220447540283,True,0.003846143575113908,0.0042120831600133924
prior_init_diffusion_unet,explicit_residual_likelihood_guided_diffusion_calibrated90,mae_norm,25,0.008906015455722805,0.0064761638641357006,0.004811653487384329,0.013874882832169528,0.001147607569256416,4.5418739318847656e-05,True,0.0015898186919779554,5.887614356146919e-05
prior_init_diffusion_unet,explicit_residual_likelihood_guided_diffusion_calibrated90,rmse_norm,25,0.0024961594415974964,0.0015811694717155211,0.0010864006520575646,0.004424692653538695,0.009486877310242904,2.664327621459961e-05,True,0.011659879396526124,3.6781320992312685e-05
prior_init_diffusion_unet,explicit_residual_likelihood_guided_diffusion_calibrated90,crps_norm,25,-0.013280034512281418,-0.014705795794725404,-0.0149825197905302,-0.011155625984072695,2.017440325746881e-12,1.7881393432617188e-07,False,3.49454728913943e-12,2.807237227548081e-07
prior_init_diffusion_unet,explicit_residual_likelihood_guided_diffusion_calibrated90,uce,25,-0.09247089328575059,-0.0914357563777039,-0.09815224906417704,-0.0871035939974473,2.8561589635201025e-21,5.960464477539063e-08,False,8.392170781701041e-21,9.769907339216921e-08
prior_init_diffusion_unet,explicit_residual_likelihood_guided_diffusion_calibrated90,ence,25,-13.067608813964464,-12.278928199718727,-13.893808783327682,-12.341989853858683,2.609669213214788e-21,5.960464477539063e-08,False,7.744404897071317e-21,9.769907339216921e-08
prior_init_diffusion_unet,explicit_residual_likelihood_guided_diffusion_calibrated90,ause_abs_error,25,0.005473948214451356,0.005266716177909499,0.004358760886333125,0.0065425649476940064,8.128042600049142e-10,1.1920928955078125e-07,True,1.3322845997214342e-09,1.9118470965691334e-07
prior_init_diffusion_unet,explicit_residual_likelihood_guided_diffusion_calibrated90,width90_norm,25,0.29116591937839986,0.2795978561043739,0.26362462139315906,0.32266370895132424,5.470758534639127e-16,5.960464477539063e-08,True,1.0518062425036352e-15,9.769907339216921e-08
prior_init_diffusion_unet,explicit_residual_target_diffusion,mae_kpa,25,0.12230505943298339,0.09027385711669966,0.06568669748306277,0.19422510457038872,0.0013824862430759205,1.5079975128173828e-05,True,0.0018759014055948111,2.1884354149422996e-05
prior_init_diffusion_unet,explicit_residual_target_diffusion,rmse_kpa,25,0.0582415416823482,0.02621836613123385,0.024004822988793775,0.09575372045064305,0.004966459835042039,0.0041751861572265625,True,0.006273977923248436,0.005101100130492412
prior_init_diffusion_unet,explicit_residual_target_diffusion,mae_norm,25,0.009051504135131828,0.006286248564720098,0.004970610760152323,0.014103252612054354,0.0008195583981963759,2.664327621459961e-05,True,0.0011722060577015647,3.6781320992312685e-05
prior_init_diffusion_unet,explicit_residual_target_diffusion,rmse_norm,25,0.0026079324297533014,0.001412557550092508,0.0012254826404160138,0.004433892213619954,0.005374678129686524,3.814697265625e-05,True,0.006732495388436063,5.05511107582823e-05
prior_init_diffusion_unet,explicit_residual_target_diffusion,crps_norm,25,-0.012925978899002084,-0.015185773372650195,-0.015429669730365282,-0.009828608162701128,8.629239167566517e-09,2.562999725341797e-06,False,1.340573708799498e-08,3.860721105261694e-06
prior_init_diffusion_unet,explicit_residual_target_diffusion,uce,25,-0.0475203410366892,-0.048001766455056605,-0.05285436753338327,-0.04273764551587993,1.6940985066484252e-15,5.960464477539063e-08,False,3.1898373780247245e-15,9.769907339216921e-08
prior_init_diffusion_unet,explicit_residual_target_diffusion,ence,25,-11.78850448008604,-11.04475934943213,-12.666121977687068,-11.005687176764292,1.364805208833328e-19,5.960464477539063e-08,False,3.5773528601578423e-19,9.769907339216921e-08
prior_init_diffusion_unet,explicit_residual_target_diffusion,ause_abs_error,25,0.0050968803371399685,0.004355050931444501,0.0040497337519331345,0.0061633448809621065,2.032199652918215e-09,5.960464477539063e-08,True,3.2417148392065212e-09,9.769907339216921e-08
prior_init_diffusion_unet,explicit_residual_target_diffusion,width90_norm,25,0.1527766451984644,0.1550621613860131,0.1371205997634679,0.16880795760452746,1.1954675486698384e-15,5.960464477539063e-08,True,2.272534158014549e-15,9.769907339216921e-08
prior_init_diffusion_unet,explicit_residual_target_diffusion_calibrated90,mae_kpa,25,0.1223051071166992,0.09027385711669966,0.06508606624603269,0.19340779304504385,0.0013824803853580586,1.5079975128173828e-05,True,0.0018759014055948111,2.1884354149422996e-05
prior_init_diffusion_unet,explicit_residual_target_diffusion_calibrated90,rmse_kpa,25,0.05824154847505412,0.02621836613123385,0.02400639075996983,0.09586336802268162,0.004966459376141682,0.0041751861572265625,True,0.006273977923248436,0.005101100130492412
prior_init_diffusion_unet,explicit_residual_target_diffusion_calibrated90,mae_norm,25,0.0090515050292015,0.006286248564720098,0.004989866666495776,0.014087067097425455,0.0008195574009769828,2.664327621459961e-05,True,0.0011722060577015647,3.6781320992312685e-05
prior_init_diffusion_unet,explicit_residual_target_diffusion_calibrated90,rmse_norm,25,0.002607932700968771,0.001412563483008722,0.0012270679941915334,0.00449940066905361,0.005374663358725294,3.814697265625e-05,True,0.006732495388436063,5.05511107582823e-05
prior_init_diffusion_unet,explicit_residual_target_diffusion_calibrated90,crps_norm,25,-0.013225962668657302,-0.014513809233903906,-0.014897393502295023,-0.011154812879860407,1.4891204650992053e-12,1.7881393432617188e-07,False,2.594514426746785e-12,2.807237227548081e-07
prior_init_diffusion_unet,explicit_residual_target_diffusion_calibrated90,uce,25,-0.09297431854855115,-0.09287058667081799,-0.09852592874927144,-0.08772068494242,2.1843686158484116e-21,5.960464477539063e-08,False,6.648078396060384e-21,9.769907339216921e-08
prior_init_diffusion_unet,explicit_residual_target_diffusion_calibrated90,ence,25,-13.056387168503617,-12.326072554705279,-13.861426740679306,-12.33282758294576,2.069707489260473e-21,5.960464477539063e-08,False,6.380704435803013e-21,9.769907339216921e-08
prior_init_diffusion_unet,explicit_residual_target_diffusion_calibrated90,ause_abs_error,25,0.0050968811167639684,0.0043550509176941005,0.0040719200480637124,0.006151309740171776,2.0321795678438204e-09,5.960464477539063e-08,True,3.2417148392065212e-09,9.769907339216921e-08
prior_init_diffusion_unet,explicit_residual_target_diffusion_calibrated90,width90_norm,25,0.2936106664687395,0.2831606678664685,0.26559474119916565,0.32444784677401184,3.308039763949977e-16,5.960464477539063e-08,True,6.508236662630833e-16,9.769907339216921e-08
prior_init_diffusion_unet,likelihood_guided_diffusion,mae_kpa,25,9.780025749206542,9.499361276626585,9.427766918897628,10.159082440853119,6.775226461470924e-26,5.960464477539063e-08,True,2.681216117175437e-25,9.769907339216921e-08
prior_init_diffusion_unet,likelihood_guided_diffusion,rmse_kpa,25,4.902010690644371,4.653989555744976,4.516455249330126,5.307370593247171,3.2791436645142413e-18,5.960464477539063e-08,True,7.2375192521684e-18,9.769907339216921e-08
prior_init_diffusion_unet,likelihood_guided_diffusion,mae_norm,25,0.3697048658132553,0.3665588572621345,0.3623985889106989,0.3775604264214635,2.8816918771928687e-32,5.960464477539063e-08,True,1.19468610898863e-30,9.769907339216921e-08
prior_init_diffusion_unet,likelihood_guided_diffusion,rmse_norm,25,0.3025134862776451,0.30169298347174667,0.2941479101123186,0.31115736106352326,4.4265296836109894e-29,5.960464477539063e-08,True,2.990779269861899e-28,9.769907339216921e-08
prior_init_diffusion_unet,likelihood_guided_diffusion,crps_norm,25,0.33496713370084763,0.33380776643753063,0.32745155873894694,0.34297387528419493,5.109033442791979e-31,5.960464477539063e-08,True,7.32499975532826e-30,9.769907339216921e-08
prior_init_diffusion_unet,likelihood_guided_diffusion,uce,25,0.24900175989597326,0.2495001410807171,0.23894077023187046,0.25902144901046303,2.0225151482916017e-25,5.960464477539063e-08,True,7.66494594416244e-25,9.769907339216921e-08
prior_init_diffusion_unet,likelihood_guided_diffusion,ence,25,-8.59469633391173,-8.317827175962163,-9.462887035743423,-7.770270460132335,3.079835243442108e-16,5.960464477539063e-08,False,6.128769129926603e-16,9.769907339216921e-08
prior_init_diffusion_unet,likelihood_guided_diffusion,ause_abs_error,25,0.07468235971684706,0.07531584853390111,0.07034490687010977,0.07894717434827275,1.6993588589529547e-21,5.960464477539063e-08,True,5.3782941630727274e-21,9.769907339216921e-08
prior_init_diffusion_unet,likelihood_guided_diffusion,width90_norm,25,0.2226442987471819,0.2215534579008818,0.2149149355776608,0.23093094050884247,1.4085352052315815e-26,5.960464477539063e-08,True,6.73155379207061e-26,9.769907339216921e-08
prior_init_diffusion_unet,likelihood_guided_diffusion_calibrated90,mae_kpa,25,9.780025596618652,9.499361276626585,9.418525070905686,10.15868438053131,6.775196647554234e-26,5.960464477539063e-08,True,2.681216117175437e-25,9.769907339216921e-08
prior_init_diffusion_unet,likelihood_guided_diffusion_calibrated90,rmse_kpa,25,4.902010670638098,4.653989555744976,4.523384584241637,5.309125092836199,3.2791394043969817e-18,5.960464477539063e-08,True,7.2375192521684e-18,9.769907339216921e-08
prior_init_diffusion_unet,likelihood_guided_diffusion_calibrated90,mae_norm,25,0.36970485985279083,0.3665588572621345,0.36227322793751954,0.3774184229001403,2.881683889789288e-32,5.960464477539063e-08,True,1.19468610898863e-30,9.769907339216921e-08
prior_init_diffusion_unet,likelihood_guided_diffusion_calibrated90,rmse_norm,25,0.302513488270761,0.30169298347174667,0.29424263842421233,0.31116727763002944,4.4265173508675905e-29,5.960464477539063e-08,True,2.990779269861899e-28,9.769907339216921e-08
prior_init_diffusion_unet,likelihood_guided_diffusion_calibrated90,crps_norm,25,0.15541589945554735,0.1567770466208458,0.15045136623084548,0.1605144543424249,1.4344781676513576e-27,5.960464477539063e-08,True,7.830408346353741e-27,9.769907339216921e-08
prior_init_diffusion_unet,likelihood_guided_diffusion_calibrated90,uce,25,0.20351107759870715,0.20329509587087272,0.18202679521197118,0.22536242448094532,2.130818863369638e-15,5.960464477539063e-08,True,3.961991324077921e-15,9.769907339216921e-08
prior_init_diffusion_unet,likelihood_guided_diffusion_calibrated90,ence,25,-13.387644593445438,-12.726618014418486,-14.22321373144379,-12.632241652720495,2.518687934449867e-21,5.960464477539063e-08,False,7.511876295727674e-21,9.769907339216921e-08
prior_init_diffusion_unet,likelihood_guided_diffusion_calibrated90,ause_abs_error,25,0.07468235980765103,0.0753158487928583,0.07019673871136432,0.07891654743028757,1.699360172533904e-21,5.960464477539063e-08,True,5.3782941630727274e-21,9.769907339216921e-08
prior_init_diffusion_unet,likelihood_guided_diffusion_calibrated90,width90_norm,25,2.212692689374089,2.1647090427577496,2.1538161436636,2.274144050464034,2.2098847239423278e-29,5.960464477539063e-08,True,1.75317521432758e-28,9.769907339216921e-08
prior_init_diffusion_unet,prior_init_diffusion_unet_calibrated90,mae_kpa,25,4.768371580254893e-08,0.0,-9.536743199589636e-09,1.0490417489350534e-07,0.13442239650943705,0.35616071278322725,True,0.16060507213476916,0.3899091519889976
prior_init_diffusion_unet,prior_init_diffusion_unet_calibrated90,rmse_kpa,25,-2.063596937773582e-08,0.0,-9.390541919174211e-08,5.6271158896947784e-08,0.5973592831249794,0.7150006546880893,False,0.624655137889917,0.7334920509300226
prior_init_diffusion_unet,prior_init_diffusion_unet_calibrated90,mae_norm,25,5.960464477539063e-10,0.0,-5.960464477539063e-10,1.7881393432617187e-09,0.327286881279785,0.31731050786291415,True,0.36604453827344374,0.3525672309587935
prior_init_diffusion_unet,prior_init_diffusion_unet_calibrated90,rmse_norm,25,1.2083746003810348e-10,0.0,-1.4168457697083526e-09,1.7337331542632836e-09,0.8831080558925835,0.49896229860376107,True,0.8982039200958755,0.5273225003006001
prior_init_diffusion_unet,prior_init_diffusion_unet_calibrated90,crps_norm,25,-0.0077321147918701085,-0.0077418833971023004,-0.008505898382514704,-0.006986091949045645,4.0209624692420214e-16,5.960464477539063e-08,False,7.844172685898369e-16,9.769907339216921e-08
prior_init_diffusion_unet,prior_init_diffusion_unet_calibrated90,uce,25,-0.09586998707364551,-0.09485731754042581,-0.09924031186175057,-0.09246485417246522,1.304756864871992e-26,5.960464477539063e-08,False,6.34787187286413e-26,9.769907339216921e-08
prior_init_diffusion_unet,prior_init_diffusion_unet_calibrated90,ence,25,-13.521186230563409,-12.977283731947702,-14.304648864612478,-12.788381320901724,8.909294666117753e-22,5.960464477539063e-08,False,2.896737883245936e-21,9.769907339216921e-08
prior_init_diffusion_unet,prior_init_diffusion_unet_calibrated90,ause_abs_error,25,2.5235720006733243e-10,1.0631859975740454e-10,-3.838219734923764e-11,6.313629240875527e-10,0.1703701218008628,0.004604637622833252,True,0.20153125739863492,0.005614261036036444
prior_init_diffusion_unet,prior_init_diffusion_unet_calibrated90,width90_norm,25,0.3229584891349077,0.3241430371999741,0.3145821694079787,0.3313989708274603,1.0756394498317571e-29,5.960464477539063e-08,True,1.0847550383896534e-28,9.769907339216921e-08
prior_init_diffusion_unet,residual_likelihood_guided_diffusion,mae_kpa,25,-6.122589111399179e-06,0.0001647472381591797,-0.00031406927108769845,0.00027584099769585265,0.9684342838211285,0.5782062411308289,False,0.9717005040026501,0.6014557927846909
prior_init_diffusion_unet,residual_likelihood_guided_diffusion,rmse_kpa,25,-0.0005943203576688205,-0.0006854614035542994,-0.001347320349566889,0.0001274051906482877,0.14389179984779904,0.20993918180465698,False,0.17062932651877524,0.23998811368639944
prior_init_diffusion_unet,residual_likelihood_guided_diffusion,mae_norm,25,7.1546435356095725e-06,1.6368925571400017e-05,-5.363054573549991e-06,1.9305601716035026e-05,0.27531518430640584,0.312333345413208,True,0.31568086894462544,0.347686324641457
prior_init_diffusion_unet,residual_likelihood_guided_diffusion,rmse_norm,25,1.8809027512700637e-06,-3.22978323630263e-06,-9.994793495658404e-06,1.4806871510708944e-05,0.7707899318138441,0.936802864074707,True,0.7873463591419028,0.9447418713973741
prior_init_diffusion_unet,residual_likelihood_guided_diffusion,crps_norm,25,6.825327873209441e-06,1.2375414371504356e-05,-5.539335310468393e-06,1.894106715914928e-05,0.30729572456455717,0.312333345413208,True,0.34563507772384033,0.347686324641457
prior_init_diffusion_unet,residual_likelihood_guided_diffusion,uce,25,1.3774414183376216e-05,2.0683335289803373e-05,-0.00012038515744438131,0.00014850338356629683,0.8474798642265223,0.7309892177581787,True,0.8634426698883233,0.74603530800363
prior_init_diffusion_unet,residual_likelihood_guided_diffusion,ence,25,-0.010754596142882066,-0.01381810618229018,-0.04197925165245467,0.019424789061032843,0.5102823116194639,0.5964998602867126,False,0.5441182355082097,0.6172476815140766
prior_init_diffusion_unet,residual_likelihood_guided_diffusion,ause_abs_error,25,-4.5492803854288165e-05,-5.6243693034800646e-05,-0.0001219815053583614,3.601359684502428e-05,0.2873980445387157,0.19081425666809082,False,0.32448166318887256,0.22024147956840745
prior_init_diffusion_unet,residual_likelihood_guided_diffusion,width90_norm,25,-9.212642908042191e-07,1.1408701539098592e-05,-1.7223637551048956e-05,1.6347404569403197e-05,0.9173503477528316,0.7111607789993286,False,0.9298525671429895,0.7308128903360976
prior_init_diffusion_unet,residual_likelihood_guided_diffusion_calibrated90,mae_kpa,25,-6.141662597745068e-06,0.0001647472381591797,-0.00031301879882815963,0.0002708280086516623,0.9683356216769464,0.5782062411308289,False,0.9717005040026501,0.6014557927846909
prior_init_diffusion_unet,residual_likelihood_guided_diffusion_calibrated90,rmse_kpa,25,-0.0005942633502186822,-0.0006854614035542994,-0.001363467756277215,0.00017268170655637831,0.14394536567183694,0.20993918180465698,False,0.17062932651877524,0.23998811368639944
prior_init_diffusion_unet,residual_likelihood_guided_diffusion_calibrated90,mae_norm,25,7.15494155883345e-06,1.6361474990803093e-05,-5.467377603062983e-06,1.9460812211031267e-05,0.2752775260801151,0.312333345413208,True,0.31568086894462544,0.347686324641457
prior_init_diffusion_unet,residual_likelihood_guided_diffusion_calibrated90,rmse_norm,25,1.8808961814198445e-06,-3.22978323630263e-06,-1.0029894231755876e-05,1.4432304017460481e-05,0.7707864788721918,0.936802864074707,True,0.7873463591419028,0.9447418713973741
prior_init_diffusion_unet,residual_likelihood_guided_diffusion_calibrated90,crps_norm,25,-0.007726583480834984,-0.0075667276978493014,-0.00849320408701899,-0.006978214077651516,3.314165584830911e-16,5.960464477539063e-08,False,6.508236662630833e-16,9.769907339216921e-08
prior_init_diffusion_unet,residual_likelihood_guided_diffusion_calibrated90,uce,25,-0.09602720335874665,-0.09541733323392361,-0.09929456723774045,-0.09260383715075803,1.0197125904974118e-26,5.960464477539063e-08,False,5.1200758763372157e-26,9.769907339216921e-08
prior_init_diffusion_unet,residual_likelihood_guided_diffusion_calibrated90,ence,25,-13.523718670417345,-12.975285697397707,-14.318142664764128,-12.804611037670176,8.698260788929118e-22,5.960464477539063e-08,False,2.8593730217750415e-21,9.769907339216921e-08
prior_init_diffusion_unet,residual_likelihood_guided_diffusion_calibrated90,ause_abs_error,25,-4.549585379429191e-05,-5.6243832116300435e-05,-0.00012417796806685135,3.665404738113638e-05,0.2873658643348397,0.19081425666809082,False,0.32448166318887256,0.22024147956840745
prior_init_diffusion_unet,residual_likelihood_guided_diffusion_calibrated90,width90_norm,25,0.32298083253204823,0.32448901981115347,0.31451104982011024,0.33120511002093556,9.901471789142087e-30,5.960464477539063e-08,True,1.0335746867613231e-28,9.769907339216921e-08
prior_init_diffusion_unet,srcnn_bz_single_channel,mae_kpa,25,0.8423185157775879,0.9138846397399902,0.7749058842658997,0.9069126365184784,2.0985935943382897e-18,5.960464477539063e-08,True,5.014755408158826e-18,9.769907339216921e-08
prior_init_diffusion_unet,srcnn_bz_single_channel,rmse_kpa,25,1.938787025553163,1.9940357550293761,1.7645785498985544,2.1136360801869882,4.274123473910109e-17,5.960464477539063e-08,True,8.861022501123169e-17,9.769907339216921e-08
prior_init_diffusion_unet,srcnn_bz_single_channel,mae_norm,25,0.03860964179039002,0.04041100293397901,0.03606122307479381,0.04102955355495214,2.0902623234966708e-20,5.960464477539063e-08,True,5.602282269715219e-20,9.769907339216921e-08
prior_init_diffusion_unet,srcnn_bz_single_channel,rmse_norm,25,0.04472165637719249,0.04865891084100582,0.04104609089319597,0.048174799543723404,2.548978301070345e-18,5.960464477539063e-08,True,5.855794223380533e-18,9.769907339216921e-08
prior_init_diffusion_unet,srcnn_bz_single_channel,crps_norm,25,0.04355376273393631,0.045672826468944605,0.0409546496644616,0.04598545236140488,1.5221340940087252e-21,5.960464477539063e-08,True,4.9221184018216936e-21,9.769907339216921e-08
prior_init_diffusion_unet,srcnn_bz_single_channel,uce,25,0.07470461386662768,0.08043212872332009,0.06970106939366598,0.07944998372204479,2.4893527001477467e-20,5.960464477539063e-08,True,6.641994872591522e-20,9.769907339216921e-08
prior_init_diffusion_unet,srcnn_bz_single_channel,ause_abs_error,25,0.07078491120378905,0.0681841563792994,0.06826586534852108,0.07341001297078086,1.964500751489276e-26,5.960464477539063e-08,True,9.240146414879621e-26,9.769907339216921e-08
prior_init_diffusion_unet,srcnn_bz_single_channel,width90_norm,25,-0.027620940729975646,-0.0276849269866943,-0.028192785227671213,-0.027069842344149903,2.203148721288013e-32,5.960464477539063e-08,False,1.19468610898863e-30,9.769907339216921e-08
prior_init_diffusion_unet,train_mean_prior,mae_kpa,25,1.1186164379119874,1.1794986724853516,1.0421581995487212,1.1934039261341094,6.193788524593872e-20,5.960464477539063e-08,True,1.630677682057971e-19,9.769907339216921e-08
prior_init_diffusion_unet,train_mean_prior,rmse_kpa,25,2.3419775606271043,2.3832785762822812,2.1434950256908216,2.5394053906572807,1.5767373112931368e-17,5.960464477539063e-08,True,3.3868652622203883e-17,9.769907339216921e-08
prior_init_diffusion_unet,train_mean_prior,mae_norm,25,0.06373906254768372,0.06620292365551,0.060832670934498304,0.06636080668121574,1.879996226768617e-24,5.960464477539063e-08,True,6.820718017849555e-24,9.769907339216921e-08
prior_init_diffusion_unet,train_mean_prior,rmse_norm,25,0.06009570730623533,0.0632939831867804,0.055445103624237324,0.06446997108532851,6.584766931896502e-19,5.960464477539063e-08,True,1.660149407524924e-18,9.769907339216921e-08
prior_init_diffusion_unet,unet_canonical_bxyz,mae_kpa,25,-0.01755038261413569,-0.01677513122558638,-0.0210953679084778,-0.01391008448600761,1.3409257994752095e-09,1.1920928955078125e-07,False,2.185892741610273e-09,1.9118470965691334e-07
prior_init_diffusion_unet,unet_canonical_bxyz,rmse_kpa,25,-0.030447382839287336,-0.027407905173678415,-0.039318979288209537,-0.022070856007063055,4.22675378260989e-07,8.344650268554688e-07,False,6.432033111832791e-07,1.2813075896232359e-06
prior_init_diffusion_unet,unet_canonical_bxyz,mae_norm,25,-0.0023334190249443155,-0.002424143254756997,-0.002590568564832205,-0.0020728290379047466,6.551050646573726e-15,5.960464477539063e-08,False,1.1875571685502855e-14,9.769907339216921e-08
prior_init_diffusion_unet,unet_canonical_bxyz,rmse_norm,25,-0.00047854386955505925,-0.0004975724478661903,-0.0006057434622184036,-0.00034788605834028193,2.81641685763356e-07,1.4901161193847656e-06,False,4.307990322712906e-07,2.2560282214603957e-06
prior_init_diffusion_unet,unet_canonical_bxyz,crps_norm,25,0.0026107043027877672,0.002572722733020699,0.0023504981249570676,0.002873269639909261,5.234770762044986e-16,5.960464477539063e-08,True,1.0129068628997617e-15,9.769907339216921e-08
prior_init_diffusion_unet,unet_canonical_bxyz,uce,25,0.0295389554857181,0.029263971949680598,0.02802227521945618,0.03108182313696746,1.5500951369430166e-22,5.960464477539063e-08,True,5.270323465606256e-22,9.769907339216921e-08
prior_init_diffusion_unet,unet_canonical_bxyz,ause_abs_error,25,0.0453944451381163,0.0441495344621036,0.04367746376829002,0.04713764391317132,8.733535952360452e-26,5.960464477539063e-08,True,3.341772912562104e-25,9.769907339216921e-08
prior_init_diffusion_unet,unet_canonical_bxyz,width90_norm,25,-0.027620940729975646,-0.0276849269866943,-0.028196742249652698,-0.027078517643734756,2.203148721288013e-32,5.960464477539063e-08,False,1.19468610898863e-30,9.769907339216921e-08
prior_init_diffusion_unet,vanilla_diffusion,mae_kpa,25,9.770063667297363,9.480791330337524,9.405486272096633,10.14978741645813,7.183227320941847e-26,5.960464477539063e-08,True,2.7683346769595765e-25,9.769907339216921e-08
prior_init_diffusion_unet,vanilla_diffusion,rmse_kpa,25,4.8967272566861135,4.6593209854151425,4.5129386728203515,5.301470470039325,2.6992190457645045e-18,5.960464477539063e-08,True,6.129913217000137e-18,9.769907339216921e-08
prior_init_diffusion_unet,vanilla_diffusion,mae_norm,25,0.3694982117414474,0.3671823218464851,0.36202174171060325,0.3773482109233737,3.21260130148203e-32,5.960464477539063e-08,True,1.19468610898863e-30,9.769907339216921e-08
prior_init_diffusion_unet,vanilla_diffusion,rmse_norm,25,0.30235982624832713,0.30230807611978283,0.29430513764771743,0.3110808263475035,4.548992081413211e-29,5.960464477539063e-08,True,2.990779269861899e-28,9.769907339216921e-08
prior_init_diffusion_unet,vanilla_diffusion,crps_norm,25,0.3346870717406273,0.33431681990623485,0.326926031164825,0.34242399406433105,5.592817551822144e-31,5.960464477539063e-08,True,7.829944572551001e-30,9.769907339216921e-08
prior_init_diffusion_unet,vanilla_diffusion,uce,25,0.2487912250500756,0.2486196554005908,0.2390504365684035,0.2587557906346767,1.9699408636231837e-25,5.960464477539063e-08,True,7.513556499075604e-25,9.769907339216921e-08
prior_init_diffusion_unet,vanilla_diffusion,ence,25,-8.602922057815405,-8.336530283610019,-9.476673540443025,-7.791202402010916,3.1125266473018166e-16,5.960464477539063e-08,False,6.173177850481936e-16,9.769907339216921e-08
prior_init_diffusion_unet,vanilla_diffusion,ause_abs_error,25,0.0749999321576363,0.0760312770785543,0.07044049058512392,0.0795132073321401,3.744272027788802e-21,5.960464477539063e-08,True,1.060878055423368e-20,9.769907339216921e-08
prior_init_diffusion_unet,vanilla_diffusion,width90_norm,25,0.2230293870717287,0.22290914505720139,0.21548644566535952,0.23115104435570538,1.046698986600357e-26,5.960464477539063e-08,True,5.211597464662865e-26,9.769907339216921e-08
prior_init_diffusion_unet,vanilla_diffusion_calibrated90,mae_kpa,25,9.770063667297363,9.480791330337524,9.409831842422486,10.15212059521675,7.18321006017809e-26,5.960464477539063e-08,True,2.7683346769595765e-25,9.769907339216921e-08
prior_init_diffusion_unet,vanilla_diffusion_calibrated90,rmse_kpa,25,4.896727298780816,4.659321512096067,4.511386931601068,5.297362743053501,2.699218838264167e-18,5.960464477539063e-08,True,6.129913217000137e-18,9.769907339216921e-08
prior_init_diffusion_unet,vanilla_diffusion_calibrated90,mae_norm,25,0.36949821054935456,0.3671823218464851,0.36215717776864764,0.3770475990921259,3.212598717341389e-32,5.960464477539063e-08,True,1.19468610898863e-30,9.769907339216921e-08
prior_init_diffusion_unet,vanilla_diffusion_calibrated90,rmse_norm,25,0.3023598261351292,0.30230807611978283,0.29411847405242475,0.31087795756036846,4.549000402058855e-29,5.960464477539063e-08,True,2.990779269861899e-28,9.769907339216921e-08
prior_init_diffusion_unet,vanilla_diffusion_calibrated90,crps_norm,25,0.15593837946653366,0.15589435398578638,0.15105004931986332,0.1610297197625041,1.4975031830682514e-27,5.960464477539063e-08,True,8.027156702032519e-27,9.769907339216921e-08
prior_init_diffusion_unet,vanilla_diffusion_calibrated90,uce,25,0.20094213281284887,0.20051382971920123,0.17979989369775595,0.2213835044841602,7.427872806680721e-16,5.960464477539063e-08,True,1.421088205779752e-15,9.769907339216921e-08
prior_init_diffusion_unet,vanilla_diffusion_calibrated90,ence,25,-13.388218240093899,-12.717723536397807,-14.218725967878871,-12.630559948290376,2.4381191595720402e-21,5.960464477539063e-08,False,7.345219746558805e-21,9.769907339216921e-08
prior_init_diffusion_unet,vanilla_diffusion_calibrated90,ause_abs_error,25,0.07499993146114309,0.0760312717346754,0.07035770488865253,0.07946984436328665,3.744275489729534e-21,5.960464477539063e-08,True,1.060878055423368e-20,9.769907339216921e-08
prior_init_diffusion_unet,vanilla_diffusion_calibrated90,width90_norm,25,2.2042205853015187,2.231354665011168,2.146162878278643,2.261175813190639,6.649649371322981e-30,5.960464477539063e-08,True,7.193711592613043e-29,9.769907339216921e-08
prior_init_diffusion_unet_calibrated90,explicit_residual_likelihood_guided_diffusion,mae_kpa,25,0.11857567787170414,0.08583498001098633,0.05970695328712466,0.19343506360054016,0.002366515421671823,3.814697265625e-05,True,0.0031377453234608128,5.05511107582823e-05
prior_init_diffusion_unet_calibrated90,explicit_residual_likelihood_guided_diffusion,rmse_kpa,25,0.06339406210230003,0.04704389451173263,0.02862273985953919,0.10255277999231265,0.0029831754559977333,0.003419220447540283,True,0.003846143575113908,0.0042120831600133924
prior_init_diffusion_unet_calibrated90,explicit_residual_likelihood_guided_diffusion,mae_norm,25,0.008906014859676362,0.0064761638641357006,0.004638054259121416,0.01387563622742891,0.0011476075316759096,4.5418739318847656e-05,True,0.0015898186919779554,5.887614356146919e-05
prior_init_diffusion_unet_calibrated90,explicit_residual_likelihood_guided_diffusion,rmse_norm,25,0.00249615891168016,0.0015811694717155211,0.0010831910918304925,0.004418257851033443,0.00948689531912816,2.664327621459961e-05,True,0.011659879396526124,3.6781320992312685e-05
prior_init_diffusion_unet_calibrated90,explicit_residual_likelihood_guided_diffusion,crps_norm,25,-0.005256819427013416,-0.0065622143447399,-0.007617944598197972,-0.00236816194280984,0.0010725941745746439,0.0012963414192199707,False,0.0015087317585624424,0.0016516555555372218
prior_init_diffusion_unet_calibrated90,explicit_residual_likelihood_guided_diffusion,uce,25,0.04902762413631927,0.04783955938817129,0.0435979311240834,0.05442578446878506,4.506412113255891e-15,5.960464477539063e-08,True,8.275664220331035e-15,9.769907339216921e-08
prior_init_diffusion_unet_calibrated90,explicit_residual_likelihood_guided_diffusion,ence,25,1.7283231992885268,1.5677345049450424,1.3900150958188824,2.112697917254746,3.050782470499101e-09,5.960464477539063e-08,True,4.802157592452288e-09,9.769907339216921e-08
prior_init_diffusion_unet_calibrated90,explicit_residual_likelihood_guided_diffusion,ause_abs_error,25,0.005473947354597841,0.005266716139328699,0.0043691523409899015,0.006544925697051155,8.128055351542469e-10,1.1920928955078125e-07,True,1.3322845997214342e-09,1.9118470965691334e-07
prior_init_diffusion_unet_calibrated90,explicit_residual_likelihood_guided_diffusion,width90_norm,25,-0.17064540803432465,-0.18463751673698423,-0.18623171735554933,-0.15430625514686108,9.507579571465317e-17,5.960464477539063e-08,False,1.9307200836252092e-16,9.769907339216921e-08
prior_init_diffusion_unet_calibrated90,explicit_residual_likelihood_guided_diffusion_calibrated90,mae_kpa,25,0.11857570648193363,0.08583521842956543,0.059899699687957816,0.19310455513000482,0.0023665083365483623,3.814697265625e-05,True,0.0031377453234608128,5.05511107582823e-05
prior_init_diffusion_unet_calibrated90,explicit_residual_likelihood_guided_diffusion_calibrated90,rmse_kpa,25,0.06339402180493209,0.04704431144156196,0.02834067781562288,0.10150828932885754,0.002983179603014421,0.003419220447540283,True,0.003846143575113908,0.0042120831600133924
prior_init_diffusion_unet_calibrated90,explicit_residual_likelihood_guided_diffusion_calibrated90,mae_norm,25,0.008906014859676356,0.0064761638641357006,0.004763635747134677,0.014051458977162819,0.0011476086188311459,4.5418739318847656e-05,True,0.0015898186919779554,5.887614356146919e-05
prior_init_diffusion_unet_calibrated90,explicit_residual_likelihood_guided_diffusion_calibrated90,rmse_norm,25,0.002496159320760036,0.0015811694717155211,0.001077989250194927,0.004422250671920688,0.009486883039729268,2.664327621459961e-05,True,0.011659879396526124,3.6781320992312685e-05
prior_init_diffusion_unet_calibrated90,explicit_residual_likelihood_guided_diffusion_calibrated90,crps_norm,25,-0.005547919720411307,-0.005292631685733802,-0.007169112697243706,-0.0037024180963635333,1.5810174739332016e-06,4.5418739318847656e-05,False,2.3875771497214593e-06,5.887614356146919e-05
prior_init_diffusion_unet_calibrated90,explicit_residual_likelihood_guided_diffusion_calibrated90,uce,25,0.0033990937878948958,0.007271816585742705,-0.0023118968034293746,0.009053983034494749,0.264311455441021,0.20993918180465698,True,0.3083633646811912,0.23998811368639944
prior_init_diffusion_unet_calibrated90,explicit_residual_likelihood_guided_diffusion_calibrated90,ence,25,0.45357741659894507,0.41339490048491817,0.2824495319778708,0.6298408475549556,4.537050912398594e-05,1.8298625946044922e-05,True,6.732033149319609e-05,2.642641368421536e-05
prior_init_diffusion_unet_calibrated90,explicit_residual_likelihood_guided_diffusion_calibrated90,ause_abs_error,25,0.005473947962094154,0.005266716142559899,0.004391679170265145,0.006560096239646769,8.128055625191271e-10,1.1920928955078125e-07,True,1.3322845997214342e-09,1.9118470965691334e-07
prior_init_diffusion_unet_calibrated90,explicit_residual_likelihood_guided_diffusion_calibrated90,width90_norm,25,-0.03179256975650785,-0.04910966753959656,-0.05763368883728979,-0.0038916893303394266,0.03166178768982146,0.018744707107543945,False,0.03860402392508969,0.02271507276779765
prior_init_diffusion_unet_calibrated90,explicit_residual_target_diffusion,mae_kpa,25,0.1223050117492676,0.09027385711669966,0.0659492659568787,0.1946975169181824,0.001382492044291302,1.5079975128173828e-05,True,0.0018759014055948111,2.1884354149422996e-05
prior_init_diffusion_unet_calibrated90,explicit_residual_target_diffusion,rmse_kpa,25,0.05824156231831758,0.026218711487357993,0.024016342201238206,0.09472565874911895,0.004966444017715798,0.0041751861572265625,True,0.006273977923248436,0.005101100130492412
prior_init_diffusion_unet_calibrated90,explicit_residual_target_diffusion,mae_norm,25,0.009051503539085381,0.006286248564720098,0.005003030121326437,0.013938856050372109,0.000819559193283783,2.664327621459961e-05,True,0.0011722060577015647,3.6781320992312685e-05
prior_init_diffusion_unet_calibrated90,explicit_residual_target_diffusion,rmse_norm,25,0.002607932308915841,0.001412557550092508,0.0012132358034129354,0.0044245298220132135,0.005374681192448958,3.814697265625e-05,True,0.006732495388436063,5.05511107582823e-05
prior_init_diffusion_unet_calibrated90,explicit_residual_target_diffusion,crps_norm,25,-0.0051938641071319755,-0.006550565361976596,-0.007526745598763244,-0.0023579033948481188,0.0009513831462122977,0.0014527440071105957,False,0.0013445913824140549,0.001843033441856726
prior_init_diffusion_unet_calibrated90,explicit_residual_target_diffusion,uce,25,0.048349646036956295,0.04763303024150589,0.042733493004874716,0.053650335445737544,8.912402964981694e-15,5.960464477539063e-08,True,1.6020784785994284e-14,9.769907339216921e-08
prior_init_diffusion_unet_calibrated90,explicit_residual_target_diffusion,ence,25,1.7326817504773668,1.6130505290491388,1.396465479018059,2.1097704468143217,2.2332668253700404e-09,5.960464477539063e-08,True,3.543450029587131e-09,9.769907339216921e-08
prior_init_diffusion_unet_calibrated90,explicit_residual_target_diffusion,ause_abs_error,25,0.005096880084782767,0.004355050902258701,0.004058552374401926,0.006150769102879005,2.0322010672672815e-09,5.960464477539063e-08,True,3.2417148392065212e-09,9.769907339216921e-08
prior_init_diffusion_unet_calibrated90,explicit_residual_target_diffusion,width90_norm,25,-0.17018184393644334,-0.1854102611541748,-0.18570453622937202,-0.153612367130816,7.046631107121327e-17,5.960464477539063e-08,False,1.4457743133576515e-16,9.769907339216921e-08
prior_init_diffusion_unet_calibrated90,explicit_residual_target_diffusion_calibrated90,mae_kpa,25,0.12230505943298339,0.09027385711669966,0.06476686215400708,0.1928163945674895,0.0013824861865513833,1.5079975128173828e-05,True,0.0018759014055948111,2.1884354149422996e-05
prior_init_diffusion_unet_calibrated90,explicit_residual_target_diffusion_calibrated90,rmse_kpa,25,0.058241569111023496,0.026218711487357993,0.023508684148248422,0.09535863094909623,0.004966443558818144,0.0041751861572265625,True,0.006273977923248436,0.005101100130492412
prior_init_diffusion_unet_calibrated90,explicit_residual_target_diffusion_calibrated90,mae_norm,25,0.009051504433155052,0.006286248564720098,0.004996824041008944,0.014129211448132988,0.0008195581960632745,2.664327621459961e-05,True,0.0011722060577015647,3.6781320992312685e-05
prior_init_diffusion_unet_calibrated90,explicit_residual_target_diffusion_calibrated90,rmse_norm,25,0.0026079325801313114,0.001412563483008722,0.0012232480353101046,0.004416702590782525,0.005374666421481529,3.814697265625e-05,True,0.006732495388436063,5.05511107582823e-05
prior_init_diffusion_unet_calibrated90,explicit_residual_target_diffusion_calibrated90,crps_norm,25,-0.005493847876787197,-0.005577359348535607,-0.007084336947649734,-0.0038008587174117644,1.4611360460342313e-06,2.664327621459961e-05,False,2.212152537888976e-06,3.6781320992312685e-05
prior_init_diffusion_unet_calibrated90,explicit_residual_target_diffusion_calibrated90,uce,25,0.0028956685250943557,0.004506356713793999,-0.0031834703626158613,0.008872973481335658,0.36349558831036627,0.19081425666809082,True,0.40051828711975546,0.22024147956840745
prior_init_diffusion_unet_calibrated90,explicit_residual_target_diffusion_calibrated90,ence,25,0.4647990620597912,0.3982331587930659,0.28363730943188864,0.6687237565428933,9.514110203376662e-05,2.2113323211669922e-05,True,0.00013925942364106063,3.147709883000862e-05
prior_init_diffusion_unet_calibrated90,explicit_residual_target_diffusion_calibrated90,ause_abs_error,25,0.005096880864406767,0.004355050888508301,0.004065472814234454,0.006160465688328241,2.0321809821796872e-09,5.960464477539063e-08,True,3.2417148392065212e-09,9.769907339216921e-08
prior_init_diffusion_unet_calibrated90,explicit_residual_target_diffusion_calibrated90,width90_norm,25,-0.029347822666168186,-0.04140418767929083,-0.05424566975235935,-0.001699869886040691,0.04326214939516241,0.036682069301605225,False,0.05253260997984007,0.044271462950213204
prior_init_diffusion_unet_calibrated90,likelihood_guided_diffusion,mae_kpa,25,9.780025701522828,9.499361515045164,9.412446643352508,10.162428694725037,6.775232345100995e-26,5.960464477539063e-08,True,2.681216117175437e-25,9.769907339216921e-08
prior_init_diffusion_unet_calibrated90,likelihood_guided_diffusion,rmse_kpa,25,4.90201071128034,4.653989555744976,4.523437701420653,5.296885091109393,3.2791477588728686e-18,5.960464477539063e-08,True,7.2375192521684e-18,9.769907339216921e-08
prior_init_diffusion_unet_calibrated90,likelihood_guided_diffusion,mae_norm,25,0.36970486521720886,0.3665588572621345,0.3622413479089737,0.37748122388124467,2.881688136020429e-32,5.960464477539063e-08,True,1.19468610898863e-30,9.769907339216921e-08
prior_init_diffusion_unet_calibrated90,likelihood_guided_diffusion,rmse_norm,25,0.3025134861568077,0.30169298347174667,0.2942103191954676,0.31106633338174344,4.426528248112506e-29,5.960464477539063e-08,True,2.990779269861899e-28,9.769907339216921e-08
prior_init_diffusion_unet_calibrated90,likelihood_guided_diffusion,crps_norm,25,0.34269924849271777,0.341016709804535,0.33543052013218405,0.3502610446847975,1.2736216188375956e-31,5.960464477539063e-08,True,4.125889924661366e-30,9.769907339216921e-08
prior_init_diffusion_unet_calibrated90,likelihood_guided_diffusion,uce,25,0.34487174696961864,0.3464912483429817,0.3360004838076359,0.3538049421559018,4.631115699446902e-30,5.960464477539063e-08,True,5.186753010696889e-29,9.769907339216921e-08
prior_init_diffusion_unet_calibrated90,likelihood_guided_diffusion,ence,25,4.926489896651678,5.144558090065102,4.701115275821822,5.143376684871956,3.8594806409120134e-24,5.960464477539063e-08,True,1.3833680610497878e-23,9.769907339216921e-08
prior_init_diffusion_unet_calibrated90,likelihood_guided_diffusion,ause_abs_error,25,0.07468235946448987,0.07531584837363281,0.07017914871665681,0.07888941849137289,1.699358390099678e-21,5.960464477539063e-08,True,5.3782941630727274e-21,9.769907339216921e-08
prior_init_diffusion_unet_calibrated90,likelihood_guided_diffusion,width90_norm,25,-0.10031419038772584,-0.10078285634517667,-0.1079490238726139,-0.09231124015152452,1.8339989247856665e-18,5.960464477539063e-08,False,4.4539973887651905e-18,9.769907339216921e-08
prior_init_diffusion_unet_calibrated90,likelihood_guided_diffusion_calibrated90,mae_kpa,25,9.780025548934937,9.499361515045164,9.415257135868073,10.151953318834305,6.775202531160826e-26,5.960464477539063e-08,True,2.681216117175437e-25,9.769907339216921e-08
prior_init_diffusion_unet_calibrated90,likelihood_guided_diffusion_calibrated90,rmse_kpa,25,4.902010691274067,4.653989555744976,4.511990244566972,5.299524474793975,3.2791434987508704e-18,5.960464477539063e-08,True,7.2375192521684e-18,9.769907339216921e-08
prior_init_diffusion_unet_calibrated90,likelihood_guided_diffusion_calibrated90,mae_norm,25,0.3697048592567444,0.3665588572621345,0.3621665951684117,0.3772860025689006,2.881680148632087e-32,5.960464477539063e-08,True,1.19468610898863e-30,9.769907339216921e-08
prior_init_diffusion_unet_calibrated90,likelihood_guided_diffusion_calibrated90,rmse_norm,25,0.30251348814992357,0.30169298347174667,0.29424767415889935,0.31109052890403194,4.4265159153738064e-29,5.960464477539063e-08,True,2.990779269861899e-28,9.769907339216921e-08
prior_init_diffusion_unet_calibrated90,likelihood_guided_diffusion_calibrated90,crps_norm,25,0.16314801424741746,0.16228842735290527,0.1585954224951565,0.16793736419454217,1.1456715436179818e-28,5.960464477539063e-08,True,7.369454794083234e-28,9.769907339216921e-08
prior_init_diffusion_unet_calibrated90,likelihood_guided_diffusion_calibrated90,uce,25,0.29938106467235265,0.3033248252449044,0.2762128102692408,0.32154861919485217,7.783378400850993e-19,5.960464477539063e-08,True,1.945844600212748e-18,9.769907339216921e-08
prior_init_diffusion_unet_calibrated90,likelihood_guided_diffusion_calibrated90,ence,25,0.13354163711796896,0.1510300173115362,0.0814705414887928,0.17763806978038776,2.026211319681019e-05,0.00021690130233764648,True,3.021543196015555e-05,0.00027934258634393865
prior_init_diffusion_unet_calibrated90,likelihood_guided_diffusion_calibrated90,ause_abs_error,25,0.07468235955529383,0.07531584863259,0.07020216256877679,0.07890903427948831,1.6993597036802818e-21,5.960464477539063e-08,True,5.3782941630727274e-21,9.769907339216921e-08
prior_init_diffusion_unet_calibrated90,likelihood_guided_diffusion_calibrated90,width90_norm,25,1.8897342002391815,1.8502950072288513,1.835122146755457,1.9472754942476749,1.3906458652282206e-28,5.960464477539063e-08,True,8.511652624410066e-28,9.769907339216921e-08
prior_init_diffusion_unet_calibrated90,prior_init_diffusion_unet,mae_kpa,25,-4.768371580254893e-08,0.0,-1.0490417489350534e-07,9.536743199589636e-09,0.13442239650943705,0.35616071278322725,False,0.16060507213476916,0.3899091519889976
prior_init_diffusion_unet_calibrated90,prior_init_diffusion_unet,rmse_kpa,25,2.063596937773582e-08,0.0,-6.257514151286614e-08,9.416429008979321e-08,0.5973592831249794,0.7150006546880893,True,0.624655137889917,0.7334920509300226
prior_init_diffusion_unet_calibrated90,prior_init_diffusion_unet,mae_norm,25,-5.960464477539063e-10,0.0,-1.7881393432617187e-09,5.960464477539063e-10,0.327286881279785,0.31731050786291415,False,0.36604453827344374,0.3525672309587935
prior_init_diffusion_unet_calibrated90,prior_init_diffusion_unet,rmse_norm,25,-1.2083746003810348e-10,0.0,-1.7738324398774985e-09,1.4317561609078488e-09,0.8831080558925835,0.49896229860376107,False,0.8982039200958755,0.5273225003006001
prior_init_diffusion_unet_calibrated90,prior_init_diffusion_unet,crps_norm,25,0.0077321147918701085,0.0077418833971023004,0.006960025746375322,0.008519629891961812,4.0209624692420214e-16,5.960464477539063e-08,True,7.844172685898369e-16,9.769907339216921e-08
prior_init_diffusion_unet_calibrated90,prior_init_diffusion_unet,uce,25,0.09586998707364551,0.09485731754042581,0.09244723456834746,0.09927044501794807,1.304756864871992e-26,5.960464477539063e-08,True,6.34787187286413e-26,9.769907339216921e-08
prior_init_diffusion_unet_calibrated90,prior_init_diffusion_unet,ence,25,13.521186230563409,12.977283731947702,12.784468949291599,14.311150405714443,8.909294666117753e-22,5.960464477539063e-08,True,2.896737883245936e-21,9.769907339216921e-08
prior_init_diffusion_unet_calibrated90,prior_init_diffusion_unet,ause_abs_error,25,-2.5235720006733243e-10,-1.0631859975740454e-10,-6.250795669109772e-10,3.6847015110960634e-11,0.1703701218008628,0.004604637622833252,False,0.20153125739863492,0.005614261036036444
prior_init_diffusion_unet_calibrated90,prior_init_diffusion_unet,width90_norm,25,-0.3229584891349077,-0.3241430371999741,-0.3316450864560902,-0.31451273851655426,1.0756394498317571e-29,5.960464477539063e-08,False,1.0847550383896534e-28,9.769907339216921e-08
prior_init_diffusion_unet_calibrated90,residual_likelihood_guided_diffusion,mae_kpa,25,-6.170272827201728e-06,0.0001647472381591797,-0.0003159456253053348,0.000274173259735019,0.968189187516906,0.5782062411308289,False,0.9717005040026501,0.6014557927846909
prior_init_diffusion_unet_calibrated90,residual_likelihood_guided_diffusion,rmse_kpa,25,-0.0005942997216994428,-0.0006854614035542994,-0.0013592452817674286,0.00014949993518943033,0.14390596450531173,0.20993918180465698,False,0.17062932651877524,0.23998811368639944
prior_init_diffusion_unet_calibrated90,residual_likelihood_guided_diffusion,mae_norm,25,7.154047489161819e-06,1.6368925571400017e-05,-5.309328436861549e-06,1.9135825335982113e-05,0.275358606692875,0.312333345413208,True,0.31568086894462544,0.347686324641457
prior_init_diffusion_unet_calibrated90,residual_likelihood_guided_diffusion,rmse_norm,25,1.8807819138100256e-06,-3.223942819291503e-06,-1.0150042488795752e-05,1.4394330963845236e-05,0.7708054692439636,0.936802864074707,True,0.7873463591419028,0.9447418713973741
prior_init_diffusion_unet_calibrated90,residual_likelihood_guided_diffusion,crps_norm,25,0.007738940119743317,0.007774829864501898,0.006977191869169437,0.0085013673789799,3.7352928496550135e-16,5.960464477539063e-08,True,7.310852781397148e-16,9.769907339216921e-08
prior_init_diffusion_unet_calibrated90,residual_likelihood_guided_diffusion,uce,25,0.09588376148782887,0.09485019864091909,0.0924459433216611,0.09930784137690385,1.3069147973543797e-26,5.960464477539063e-08,True,6.34787187286413e-26,9.769907339216921e-08
prior_init_diffusion_unet_calibrated90,residual_likelihood_guided_diffusion,ence,25,13.510431634420527,12.992745452422895,12.7682688373188,14.292765234961651,8.761949643815908e-22,5.960464477539063e-08,True,2.864483537401355e-21,9.769907339216921e-08
prior_init_diffusion_unet_calibrated90,residual_likelihood_guided_diffusion,ause_abs_error,25,-4.5493056211488236e-05,-5.624383571770086e-05,-0.00012486801388858842,3.797711203397783e-05,0.2873950458043865,0.19081425666809082,False,0.32448166318887256,0.22024147956840745
prior_init_diffusion_unet_calibrated90,residual_likelihood_guided_diffusion,width90_norm,25,-0.3229594103991985,-0.3241703286767006,-0.33153007421270014,-0.3142940934747458,1.0722262372709387e-29,5.960464477539063e-08,False,1.0847550383896534e-28,9.769907339216921e-08
prior_init_diffusion_unet_calibrated90,residual_likelihood_guided_diffusion_calibrated90,mae_kpa,25,-6.189346313547617e-06,0.0001647472381591797,-0.00032236623764041677,0.00027402544021594075,0.9680905256630385,0.5964998602867126,False,0.9717005040026501,0.6172476815140766
prior_init_diffusion_unet_calibrated90,residual_likelihood_guided_diffusion_calibrated90,rmse_kpa,25,-0.0005942427142493045,-0.0006854614035542994,-0.001358947361286006,0.00017223845500282617,0.14395953262592465,0.20993918180465698,False,0.17062932651877524,0.23998811368639944
prior_init_diffusion_unet_calibrated90,residual_likelihood_guided_diffusion_calibrated90,mae_norm,25,7.154345512385696e-06,1.6368925571400017e-05,-5.428999662401067e-06,1.9314095377931578e-05,0.27532094328738876,0.30021941369280036,True,0.31568086894462544,0.33672111432085994
prior_init_diffusion_unet_calibrated90,residual_likelihood_guided_diffusion_calibrated90,rmse_norm,25,1.8807753439598064e-06,-3.223942819291503e-06,-1.0325112452704953e-05,1.4248094138260829e-05,0.7708020156226124,0.936802864074707,True,0.7873463591419028,0.9447418713973741
prior_init_diffusion_unet_calibrated90,residual_likelihood_guided_diffusion_calibrated90,crps_norm,25,5.531311035124053e-06,3.088265657430478e-05,-3.0124597251448267e-05,3.742224350569199e-05,0.7561570930631957,0.507703959941864,True,0.7777242357348338,0.5346616923281576
prior_init_diffusion_unet_calibrated90,residual_likelihood_guided_diffusion_calibrated90,uce,25,-0.00015721628510115645,-7.515086941300292e-05,-0.00044929182864106364,0.0001255915492855963,0.30021951732417057,0.325391948223114,False,0.3383155545603816,0.36020131942837735
prior_init_diffusion_unet_calibrated90,residual_likelihood_guided_diffusion_calibrated90,ence,25,-0.0025324398539382075,-0.0007830290171184084,-0.006110665544515424,0.0008526176429135286,0.1743595337277637,0.19081425666809082,False,0.2058411162063877,0.22024147956840745
prior_init_diffusion_unet_calibrated90,residual_likelihood_guided_diffusion_calibrated90,ause_abs_error,25,-4.549610615149198e-05,-5.624397479920065e-05,-0.00012452505267629115,3.8050836617482184e-05,0.2873628658041184,0.19081425666809082,False,0.32448166318887256,0.22024147956840745
prior_init_diffusion_unet_calibrated90,residual_likelihood_guided_diffusion_calibrated90,width90_norm,25,2.2343397140525133e-05,1.4960765838678558e-05,-0.0006547388136386691,0.0006795791983604697,0.9491407591576982,0.7509929537773132,True,0.9588094256346867,0.7651383690025708
prior_init_diffusion_unet_calibrated90,srcnn_bz_single_channel,mae_kpa,25,0.8423184680938721,0.9138844013214111,0.7732932980060577,0.9075737752914429,2.0986119271118447e-18,5.960464477539063e-08,True,5.014755408158826e-18,9.769907339216921e-08
prior_init_diffusion_unet_calibrated90,srcnn_bz_single_channel,rmse_kpa,25,1.9387870461891321,1.9940357550293761,1.7663454820344455,2.114961205443285,4.274140265247646e-17,5.960464477539063e-08,True,8.861022501123169e-17,9.769907339216921e-08
prior_init_diffusion_unet_calibrated90,srcnn_bz_single_channel,mae_norm,25,0.03860964119434357,0.04041100293397901,0.03600527523458006,0.04103500279039144,2.0902633006332413e-20,5.960464477539063e-08,True,5.602282269715219e-20,9.769907339216921e-08
prior_init_diffusion_unet_calibrated90,srcnn_bz_single_channel,rmse_norm,25,0.04472165625635504,0.04865891691196142,0.04104642271610022,0.048180453220457164,2.548992779589173e-18,5.960464477539063e-08,True,5.855794223380533e-18,9.769907339216921e-08
prior_init_diffusion_unet_calibrated90,srcnn_bz_single_channel,crps_norm,25,0.051285877525806406,0.0529680401086807,0.0487701486982405,0.053735039174556715,2.2300854759868885e-23,5.960464477539063e-08,True,7.782409725584743e-23,9.769907339216921e-08
prior_init_diffusion_unet_calibrated90,srcnn_bz_single_channel,uce,25,0.17057460094027316,0.1693860496639781,0.16693646867072037,0.17405690824498,5.053055429078249e-32,5.960464477539063e-08,True,1.7685694001773873e-30,9.769907339216921e-08
prior_init_diffusion_unet_calibrated90,srcnn_bz_single_channel,ause_abs_error,25,0.07078491095143184,0.068184156359587,0.06833353214661304,0.07344658177946559,1.9645017167769279e-26,5.960464477539063e-08,True,9.240146414879621e-26,9.769907339216921e-08
prior_init_diffusion_unet_calibrated90,srcnn_bz_single_channel,width90_norm,25,-0.35057942986488344,-0.3520208597183227,-0.3592279340028763,-0.34205580556392673,2.1965636250481876e-30,5.960464477539063e-08,False,2.7807560785184503e-29,9.769907339216921e-08
prior_init_diffusion_unet_calibrated90,train_mean_prior,mae_kpa,25,1.1186163902282715,1.1794986724853516,1.0419784426689147,1.1918677723407745,6.193834557060528e-20,5.960464477539063e-08,True,1.630677682057971e-19,9.769907339216921e-08
prior_init_diffusion_unet_calibrated90,train_mean_prior,rmse_kpa,25,2.3419775812630736,2.3832785762822812,2.1363586019639675,2.5400645442699306,1.5767423153530212e-17,5.960464477539063e-08,True,3.3868652622203883e-17,9.769907339216921e-08
prior_init_diffusion_unet_calibrated90,train_mean_prior,mae_norm,25,0.06373906195163727,0.06620292365551,0.060804948672652265,0.06639764767885209,1.8799941297998343e-24,5.960464477539063e-08,True,6.820718017849555e-24,9.769907339216921e-08
prior_init_diffusion_unet_calibrated90,train_mean_prior,rmse_norm,25,0.06009570718539786,0.0632939890271974,0.05538140809010954,0.06428926176810565,6.584794288670287e-19,5.960464477539063e-08,True,1.660149407524924e-18,9.769907339216921e-08
prior_init_diffusion_unet_calibrated90,unet_canonical_bxyz,mae_kpa,25,-0.017550430297851492,-0.01677513122558638,-0.02105216026306149,-0.014010414123535037,1.3407718037194578e-09,1.1920928955078125e-07,False,2.185892741610273e-09,1.9118470965691334e-07
prior_init_diffusion_unet_calibrated90,unet_canonical_bxyz,rmse_kpa,25,-0.03044736220331796,-0.027407905173678415,-0.03918832771425035,-0.02215952576919844,4.2267646163472625e-07,8.344650268554688e-07,False,6.432033111832791e-07,1.2813075896232359e-06
prior_init_diffusion_unet_calibrated90,unet_canonical_bxyz,mae_norm,25,-0.0023334196209907634,-0.002424143254756997,-0.002587720558047296,-0.002059785433113596,6.551028376008967e-15,5.960464477539063e-08,False,1.1875571685502855e-14,9.769907339216921e-08
prior_init_diffusion_unet_calibrated90,unet_canonical_bxyz,rmse_norm,25,-0.00047854399039251925,-0.0004975785395268939,-0.0006105235510688416,-0.00034712547099928704,2.816484429471127e-07,1.4901161193847656e-06,False,4.307990322712906e-07,2.2560282214603957e-06
prior_init_diffusion_unet_calibrated90,unet_canonical_bxyz,crps_norm,25,0.010342819094657875,0.009725227952003493,0.009522580556571455,0.011231929648667541,5.261983662756509e-18,5.960464477539063e-08,True,1.1468425931648803e-17,9.769907339216921e-08
prior_init_diffusion_unet_calibrated90,unet_canonical_bxyz,uce,25,0.1254089425593636,0.1260903151660275,0.12306853610041525,0.127665103679204,3.627926701664083e-33,5.960464477539063e-08,True,1.19468610898863e-30,9.769907339216921e-08
prior_init_diffusion_unet_calibrated90,unet_canonical_bxyz,ause_abs_error,25,0.04539444488575911,0.0441495343488095,0.04368559265286443,0.04714651831504886,8.733540973166507e-26,5.960464477539063e-08,True,3.341772912562104e-25,9.769907339216921e-08
prior_init_diffusion_unet_calibrated90,unet_canonical_bxyz,width90_norm,25,-0.35057942986488344,-0.3520208597183227,-0.3592385664880276,-0.34198905992507933,2.1965636250481876e-30,5.960464477539063e-08,False,2.7807560785184503e-29,9.769907339216921e-08
prior_init_diffusion_unet_calibrated90,vanilla_diffusion,mae_kpa,25,9.770063619613648,9.480791330337524,9.402338160037996,10.147098312377931,7.183233566219293e-26,5.960464477539063e-08,True,2.7683346769595765e-25,9.769907339216921e-08
prior_init_diffusion_unet_calibrated90,vanilla_diffusion,rmse_kpa,25,4.896727277322083,4.6593209854151425,4.518729102846538,5.2967316420132216,2.6992222905109848e-18,5.960464477539063e-08,True,6.129913217000137e-18,9.769907339216921e-08
prior_init_diffusion_unet_calibrated90,vanilla_diffusion,mae_norm,25,0.369498211145401,0.3671823218464851,0.36187056958675384,0.3774479790180922,3.2125972631261915e-32,5.960464477539063e-08,True,1.19468610898863e-30,9.769907339216921e-08
prior_init_diffusion_unet_calibrated90,vanilla_diffusion,rmse_norm,25,0.3023598261274897,0.30230807611978283,0.29407246778391577,0.3110391632522822,4.548990427233311e-29,5.960464477539063e-08,True,2.990779269861899e-28,9.769907339216921e-08
prior_init_diffusion_unet_calibrated90,vanilla_diffusion,crps_norm,25,0.3424191865324974,0.34152576327323925,0.3350564832910895,0.3501534426696598,1.3900230665441806e-31,5.960464477539063e-08,True,4.241352433814295e-30,9.769907339216921e-08
prior_init_diffusion_unet_calibrated90,vanilla_diffusion,uce,25,0.3446612121237211,0.3467836158286572,0.3359852020913184,0.3534298592354175,4.3155440510165365e-30,5.960464477539063e-08,True,5.135497420709678e-29,9.769907339216921e-08
prior_init_diffusion_unet_calibrated90,vanilla_diffusion,ence,25,4.918264172748001,5.051771359219089,4.692423436457625,5.134619214161547,3.996535775090585e-24,5.960464477539063e-08,True,1.4196649469724765e-23,9.769907339216921e-08
prior_init_diffusion_unet_calibrated90,vanilla_diffusion,ause_abs_error,25,0.0749999319052791,0.0760312768439508,0.07043741237854814,0.07941252943417784,3.744271390845264e-21,5.960464477539063e-08,True,1.060878055423368e-20,9.769907339216921e-08
prior_init_diffusion_unet_calibrated90,vanilla_diffusion,width90_norm,25,-0.099929102063179,-0.10077854990959162,-0.10755456003546714,-0.09207090345025062,1.4840244629957638e-18,5.960464477539063e-08,False,3.64873783257223e-18,9.769907339216921e-08
prior_init_diffusion_unet_calibrated90,vanilla_diffusion_calibrated90,mae_kpa,25,9.770063619613648,9.480791330337524,9.407371375799178,10.158017454624176,7.183216305443341e-26,5.960464477539063e-08,True,2.7683346769595765e-25,9.769907339216921e-08
prior_init_diffusion_unet_calibrated90,vanilla_diffusion_calibrated90,rmse_kpa,25,4.896727319416786,4.659321512096067,4.518343331253789,5.3050464043184435,2.6992220830107198e-18,5.960464477539063e-08,True,6.129913217000137e-18,9.769907339216921e-08
prior_init_diffusion_unet_calibrated90,vanilla_diffusion_calibrated90,mae_norm,25,0.3694982099533081,0.3671823218464851,0.36201419063657525,0.37711812945455314,3.212594678990128e-32,5.960464477539063e-08,True,1.19468610898863e-30,9.769907339216921e-08
prior_init_diffusion_unet_calibrated90,vanilla_diffusion_calibrated90,rmse_norm,25,0.30235982601429173,0.30230807611978283,0.29386297987555027,0.3109187519217283,4.548998747876739e-29,5.960464477539063e-08,True,2.990779269861899e-28,9.769907339216921e-08
prior_init_diffusion_unet_calibrated90,vanilla_diffusion_calibrated90,crps_norm,25,0.16367049425840377,0.1630275994539261,0.15894218578562141,0.16851816084608434,1.523102595709061e-28,5.960464477539063e-08,True,9.108000446702425e-28,9.769907339216921e-08
prior_init_diffusion_unet_calibrated90,vanilla_diffusion_calibrated90,uce,25,0.2968121198864944,0.3038454539774828,0.27476592567540775,0.3179989172722879,3.0317591111771424e-19,5.960464477539063e-08,True,7.775416685993102e-19,9.769907339216921e-08
prior_init_diffusion_unet_calibrated90,vanilla_diffusion_calibrated90,ence,25,0.13296799046950752,0.1475325165327614,0.08075436513077595,0.17464399697941896,1.5089079370242489e-05,0.000102996826171875,True,2.261461517706368e-05,0.0001333691220288697
prior_init_diffusion_unet_calibrated90,vanilla_diffusion_calibrated90,ause_abs_error,25,0.0749999312087859,0.07603127150007191,0.0703470782838969,0.07939950693681756,3.744274852785423e-21,5.960464477539063e-08,True,1.060878055423368e-20,9.769907339216921e-08
prior_init_diffusion_unet_calibrated90,vanilla_diffusion_calibrated90,width90_norm,25,1.8812620961666107,1.909382402896881,1.8291146942079068,1.9319392837882043,2.8693757026293966e-29,5.960464477539063e-08,True,2.2107273870311222e-28,9.769907339216921e-08
residual_likelihood_guided_diffusion,explicit_residual_likelihood_guided_diffusion,mae_kpa,25,0.11858184814453133,0.08586359024047852,0.06030437254905709,0.19312939000129706,0.002386268502295828,3.814697265625e-05,True,0.0031377453234608128,5.05511107582823e-05
residual_likelihood_guided_diffusion,explicit_residual_likelihood_guided_diffusion,rmse_kpa,25,0.06398836182399947,0.04771429201986521,0.0291290540315442,0.10182791763529943,0.002728551813461562,0.0030878782272338867,True,0.0035486404412632885,0.003872049621083588
residual_likelihood_guided_diffusion,explicit_residual_likelihood_guided_diffusion,mae_norm,25,0.0088988608121872,0.006441518664359991,0.004769088178873067,0.01376034933328629,0.0011612694766099923,4.5418739318847656e-05,True,0.0015939007893110658,5.887614356146919e-05
residual_likelihood_guided_diffusion,explicit_residual_likelihood_guided_diffusion,rmse_norm,25,0.0024942781297663495,0.001513772827083315,0.0010906389649772746,0.004396532346239175,0.009543458806558772,2.2113323211669922e-05,True,0.011659879396526124,3.147709883000862e-05
residual_likelihood_guided_diffusion,explicit_residual_likelihood_guided_diffusion,crps_norm,25,-0.012995759546756736,-0.0153869315981865,-0.015517503242939708,-0.00968206912279129,1.2131827502108116e-08,8.165836334228516e-06,False,1.879801396811023e-08,1.220772014790444e-05
residual_likelihood_guided_diffusion,explicit_residual_likelihood_guided_diffusion,uce,25,-0.0468561373515096,-0.04514931436249331,-0.05221747000014626,-0.041880009510045536,4.074188513378589e-15,5.960464477539063e-08,False,7.505084103592137e-15,9.769907339216921e-08
residual_likelihood_guided_diffusion,explicit_residual_likelihood_guided_diffusion,ence,25,-11.782108435131997,-11.167010097439313,-12.66282968962541,-10.998874307728697,2.4795201551604494e-19,5.960464477539063e-08,False,6.386642823898127e-19,9.769907339216921e-08
residual_likelihood_guided_diffusion,explicit_residual_likelihood_guided_diffusion,ause_abs_error,25,0.005519440410809329,0.0054465646646419015,0.004399013364041445,0.006583391408629264,7.494698435405327e-10,1.7881393432617188e-07,True,1.2421635473092417e-09,2.807237227548081e-07
residual_likelihood_guided_diffusion,explicit_residual_likelihood_guided_diffusion,width90_norm,25,0.1523140023648739,0.1546926014125348,0.13634683936648076,0.1687170851770788,1.676771062843689e-15,5.960464477539063e-08,True,3.1691600508178484e-15,9.769907339216921e-08
residual_likelihood_guided_diffusion,explicit_residual_likelihood_guided_diffusion_calibrated90,mae_kpa,25,0.11858187675476083,0.08586382865905762,0.05952874517440805,0.19244350385665912,0.002386261365671756,3.814697265625e-05,True,0.0031377453234608128,5.05511107582823e-05
residual_likelihood_guided_diffusion,explicit_residual_likelihood_guided_diffusion_calibrated90,rmse_kpa,25,0.06398832152663153,0.04771429201986521,0.028217849056077837,0.10148477213441696,0.0027285554844167117,0.0030878782272338867,True,0.0035486404412632885,0.003872049621083588
residual_likelihood_guided_diffusion,explicit_residual_likelihood_guided_diffusion_calibrated90,mae_norm,25,0.008898860812187194,0.006441518664359991,0.0047343348860740654,0.014002024993300426,0.0011612705750694908,4.5418739318847656e-05,True,0.0015939007893110658,5.887614356146919e-05
residual_likelihood_guided_diffusion,explicit_residual_likelihood_guided_diffusion_calibrated90,rmse_norm,25,0.0024942785388462263,0.001513772827083315,0.0010755101890508282,0.004420177493363684,0.009543446424529244,2.2113323211669922e-05,True,0.011659879396526124,3.147709883000862e-05
residual_likelihood_guided_diffusion,explicit_residual_likelihood_guided_diffusion_calibrated90,crps_norm,25,-0.013286859840154623,-0.014753367751836693,-0.014979406848549818,-0.011170799162238827,1.9876522152601648e-12,1.7881393432617188e-07,False,3.4530016586271477e-12,2.807237227548081e-07
residual_likelihood_guided_diffusion,explicit_residual_likelihood_guided_diffusion_calibrated90,uce,25,-0.09248466769993398,-0.0914993816999117,-0.09811421124663082,-0.08710944298259907,3.0556470594970825e-21,5.960464477539063e-08,False,8.761975905545852e-21,9.769907339216921e-08
residual_likelihood_guided_diffusion,explicit_residual_likelihood_guided_diffusion_calibrated90,ence,25,-13.05685421782158,-12.230588897870016,-13.86872072051666,-12.32003325027846,2.6490472946251397e-21,5.960464477539063e-08,False,7.82224883524545e-21,9.769907339216921e-08
residual_likelihood_guided_diffusion,explicit_residual_likelihood_guided_diffusion_calibrated90,ause_abs_error,25,0.005519441018305645,0.0054465646073351,0.004412415144039318,0.00659967945828248,7.494690857586883e-10,1.7881393432617188e-07,True,1.2421635473092417e-09,2.807237227548081e-07
residual_likelihood_guided_diffusion,explicit_residual_likelihood_guided_diffusion_calibrated90,width90_norm,25,0.29116684064269066,0.2794639877974987,0.26343028951622544,0.32209607951901853,5.479998910523141e-16,5.960464477539063e-08,True,1.0518062425036352e-15,9.769907339216921e-08
residual_likelihood_guided_diffusion,explicit_residual_target_diffusion,mae_kpa,25,0.1223111820220948,0.09030246734619185,0.06538258671760562,0.19190495538711552,0.0013962747408885156,1.5079975128173828e-05,True,0.0018774767702342751,2.1884354149422996e-05
residual_likelihood_guided_diffusion,explicit_residual_target_diffusion,rmse_kpa,25,0.05883586204001702,0.026148259061772094,0.023987896492217893,0.09677234909215406,0.004547654144991412,0.003419220447540283,True,0.0057941637522670114,0.0042120831600133924
residual_likelihood_guided_diffusion,explicit_residual_target_diffusion,mae_norm,25,0.009044349491596217,0.006251603364944389,0.004947501182556157,0.013901960872113693,0.0008295092154769858,2.664327621459961e-05,True,0.0011751380552590632,3.6781320992312685e-05
residual_likelihood_guided_diffusion,explicit_residual_target_diffusion,rmse_norm,25,0.0026060515270020313,0.001345160905460302,0.0011971128878036639,0.0044411974832046525,0.00542446613803219,3.1948089599609375e-05,True,0.0067381191610506085,4.3499115129902924e-05
residual_likelihood_guided_diffusion,explicit_residual_target_diffusion,crps_norm,25,-0.012932804226875294,-0.015176847577095094,-0.015424798976629956,-0.009775039676576835,8.563623897683875e-09,2.562999725341797e-06,False,1.3338628845868864e-08,3.860721105261694e-06
residual_likelihood_guided_diffusion,explicit_residual_target_diffusion,uce,25,-0.04753411545087256,-0.04802244979034641,-0.052728587752390144,-0.04264583116570138,1.821367695533988e-15,5.960464477539063e-08,False,3.4186554537625327e-15,9.769907339216921e-08
residual_likelihood_guided_diffusion,explicit_residual_target_diffusion,ence,25,-11.777749883943159,-11.002638787051616,-12.649317025433044,-10.974816542165398,1.4361817617668292e-19,5.960464477539063e-08,False,3.7479304747862426e-19,9.769907339216921e-08
residual_likelihood_guided_diffusion,explicit_residual_target_diffusion,ause_abs_error,25,0.005142373140994257,0.004520304268443302,0.0040852795495084325,0.006205072931674868,1.7412350429807198e-09,5.960464477539063e-08,True,2.8076825218794805e-09,9.769907339216921e-08
residual_likelihood_guided_diffusion,explicit_residual_target_diffusion,width90_norm,25,0.1527775664627552,0.15511785633862019,0.13742468657903373,0.16934211214818062,1.1949023886230576e-15,5.960464477539063e-08,True,2.272534158014549e-15,9.769907339216921e-08
residual_likelihood_guided_diffusion,explicit_residual_target_diffusion_calibrated90,mae_kpa,25,0.1223112297058106,0.09030246734619185,0.066379359483719,0.19299917435646063,0.0013962688420911472,1.5079975128173828e-05,True,0.0018774767702342751,2.1884354149422996e-05
residual_likelihood_guided_diffusion,explicit_residual_target_diffusion_calibrated90,rmse_kpa,25,0.05883586883272294,0.026148259061772094,0.023758647075109243,0.09610323531163827,0.004547653444895793,0.003419220447540283,True,0.0057941637522670114,0.0042120831600133924
residual_likelihood_guided_diffusion,explicit_residual_target_diffusion_calibrated90,mae_norm,25,0.00904435038566589,0.006251603364944389,0.00487797467410564,0.01386100874841213,0.000829508208875,2.664327621459961e-05,True,0.0011751380552590632,3.6781320992312685e-05
residual_likelihood_guided_diffusion,explicit_residual_target_diffusion_calibrated90,rmse_norm,25,0.0026060517982175015,0.0013451668383765158,0.0012311689540817022,0.004484217653753697,0.005424451190880178,3.1948089599609375e-05,True,0.0067381191610506085,4.3499115129902924e-05
residual_likelihood_guided_diffusion,explicit_residual_target_diffusion_calibrated90,crps_norm,25,-0.013232787996530514,-0.014561381191015195,-0.014926474809646586,-0.011181083206087334,1.4660312960821173e-12,1.7881393432617188e-07,False,2.561787433682408e-12,2.807237227548081e-07
residual_likelihood_guided_diffusion,explicit_residual_target_diffusion_calibrated90,uce,25,-0.09298809296273453,-0.0926744633347919,-0.09866948183312488,-0.08771437550363578,2.3997557662459687e-21,5.960464477539063e-08,False,7.261698746299406e-21,9.769907339216921e-08
residual_likelihood_guided_diffusion,explicit_residual_target_diffusion_calibrated90,ence,25,-13.045632572360732,-12.315581993614332,-13.857561355076859,-12.324580591421416,2.1489729626441693e-21,5.960464477539063e-08,False,6.573978985980878e-21,9.769907339216921e-08
residual_likelihood_guided_diffusion,explicit_residual_target_diffusion_calibrated90,ause_abs_error,25,0.0051423739206182565,0.0045203042546929015,0.004096400910307738,0.006210925900440106,1.7412175979160921e-09,5.960464477539063e-08,True,2.8076825218794805e-09,9.769907339216921e-08
residual_likelihood_guided_diffusion,explicit_residual_target_diffusion_calibrated90,width90_norm,25,0.2936115877330303,0.2832151856273413,0.26586922373063865,0.3243603849541396,3.314278502146458e-16,5.960464477539063e-08,True,6.508236662630833e-16,9.769907339216921e-08
residual_likelihood_guided_diffusion,likelihood_guided_diffusion,mae_kpa,25,9.780031871795654,9.499289989471434,9.433201347112655,10.162181524991988,6.781899590502576e-26,5.960464477539063e-08,True,2.681216117175437e-25,9.769907339216921e-08
residual_likelihood_guided_diffusion,likelihood_guided_diffusion,rmse_kpa,25,4.90260501100204,4.654913421360948,4.515317239140965,5.307848192178017,3.308577217850492e-18,5.960464477539063e-08,True,7.2375192521684e-18,9.769907339216921e-08
residual_likelihood_guided_diffusion,likelihood_guided_diffusion,mae_norm,25,0.3696977111697197,0.3665598332881927,0.3622968159839511,0.37730352563410996,2.8647266764594065e-32,5.960464477539063e-08,True,1.19468610898863e-30,9.769907339216921e-08
residual_likelihood_guided_diffusion,likelihood_guided_diffusion,rmse_norm,25,0.30251160537489385,0.3016872473797967,0.2941070018471597,0.3109117495172151,4.4166398868115776e-29,5.960464477539063e-08,True,2.990779269861899e-28,9.769907339216921e-08
residual_likelihood_guided_diffusion,likelihood_guided_diffusion,crps_norm,25,0.3349603083729744,0.33380194008350383,0.32727808380872014,0.3428654733970761,5.080392839554618e-31,5.960464477539063e-08,True,7.32499975532826e-30,9.769907339216921e-08
residual_likelihood_guided_diffusion,likelihood_guided_diffusion,uce,25,0.24898798548178985,0.2493766446378176,0.23893880558439698,0.259083827292665,2.1220536154216623e-25,5.960464477539063e-08,True,7.966068777134947e-25,9.769907339216921e-08
residual_likelihood_guided_diffusion,likelihood_guided_diffusion,ence,25,-8.583941737768846,-8.346958747770906,-9.448775732985055,-7.7706948019266,3.0520074266847266e-16,5.960464477539063e-08,False,6.093773217709438e-16,9.769907339216921e-08
residual_likelihood_guided_diffusion,likelihood_guided_diffusion,ause_abs_error,25,0.07472785252070135,0.0756352341858659,0.0702776609415553,0.07898997400481929,1.762496519047069e-21,5.960464477539063e-08,True,5.461937956809806e-21,9.769907339216921e-08
residual_likelihood_guided_diffusion,likelihood_guided_diffusion,width90_norm,25,0.2226452200114727,0.2215375155210495,0.21513213104754686,0.2309740711208433,1.397385575561587e-26,5.960464477539063e-08,True,6.73155379207061e-26,9.769907339216921e-08
residual_likelihood_guided_diffusion,likelihood_guided_diffusion_calibrated90,mae_kpa,25,9.780031719207763,9.499289989471434,9.411837959289551,10.163968933343888,6.781869770031977e-26,5.960464477539063e-08,True,2.681216117175437e-25,9.769907339216921e-08
residual_likelihood_guided_diffusion,likelihood_guided_diffusion_calibrated90,rmse_kpa,25,4.9026049909957665,4.654913421360948,4.5116480677553294,5.308752831766233,3.308572928782836e-18,5.960464477539063e-08,True,7.2375192521684e-18,9.769907339216921e-08
residual_likelihood_guided_diffusion,likelihood_guided_diffusion_calibrated90,mae_norm,25,0.3696977052092552,0.3665598332881927,0.3622572044506669,0.3774044005572796,2.864718706870143e-32,5.960464477539063e-08,True,1.19468610898863e-30,9.769907339216921e-08
residual_likelihood_guided_diffusion,likelihood_guided_diffusion_calibrated90,rmse_norm,25,0.30251160736800975,0.3016872473797967,0.29433242716794,0.31086745102563934,4.4166275792524667e-29,5.960464477539063e-08,True,2.990779269861899e-28,9.769907339216921e-08
residual_likelihood_guided_diffusion,likelihood_guided_diffusion_calibrated90,crps_norm,25,0.15540907412767413,0.1567502319812775,0.1504329207465053,0.16038040063530207,1.4198420256405688e-27,5.960464477539063e-08,True,7.822277826445726e-27,9.769907339216921e-08
residual_likelihood_guided_diffusion,likelihood_guided_diffusion_calibrated90,uce,25,0.20349730318452378,0.2034912192068988,0.181875101507825,0.22474727853789245,2.124405455036737e-15,5.960464477539063e-08,True,3.961991324077921e-15,9.769907339216921e-08
residual_likelihood_guided_diffusion,likelihood_guided_diffusion_calibrated90,ence,25,-13.376889997302555,-12.742079734893679,-14.196445881080441,-12.62188241249467,2.4851987479124095e-21,5.960464477539063e-08,False,7.449336297268936e-21,9.769907339216921e-08
residual_likelihood_guided_diffusion,likelihood_guided_diffusion_calibrated90,ause_abs_error,25,0.07472785261150533,0.07563523444482309,0.07023624830677812,0.07891789237828606,1.762497883212699e-21,5.960464477539063e-08,True,5.461937956809806e-21,9.769907339216921e-08
residual_likelihood_guided_diffusion,likelihood_guided_diffusion_calibrated90,width90_norm,25,2.21269361063838,2.1647635605186224,2.156316896509379,2.274393285509199,2.2085940343633343e-29,5.960464477539063e-08,True,1.75317521432758e-28,9.769907339216921e-08
residual_likelihood_guided_diffusion,prior_init_diffusion_unet,mae_kpa,25,6.122589111399179e-06,-0.0001647472381591797,-0.00028094863891596185,0.00030825734138497534,0.9684342838211285,0.5782062411308289,True,0.9717005040026501,0.6014557927846909
residual_likelihood_guided_diffusion,prior_init_diffusion_unet,rmse_kpa,25,0.0005943203576688205,0.0006854614035542994,-0.00015681553853121955,0.0013774595981354957,0.14389179984779904,0.20993918180465698,True,0.17062932651877524,0.23998811368639944
residual_likelihood_guided_diffusion,prior_init_diffusion_unet,mae_norm,25,-7.1546435356095725e-06,-1.6368925571400017e-05,-1.9251570105548828e-05,5.51968812942429e-06,0.27531518430640584,0.312333345413208,False,0.31568086894462544,0.347686324641457
residual_likelihood_guided_diffusion,prior_init_diffusion_unet,rmse_norm,25,-1.8809027512700637e-06,3.22978323630263e-06,-1.469849641943899e-05,1.0268785970009261e-05,0.7707899318138441,0.936802864074707,False,0.7873463591419028,0.9447418713973741
residual_likelihood_guided_diffusion,prior_init_diffusion_unet,crps_norm,25,-6.825327873209441e-06,-1.2375414371504356e-05,-1.9310645759077443e-05,5.595758557335739e-06,0.30729572456455717,0.312333345413208,False,0.34563507772384033,0.347686324641457
residual_likelihood_guided_diffusion,prior_init_diffusion_unet,uce,25,-1.3774414183376216e-05,-2.0683335289803373e-05,-0.0001481766496906366,0.00012117314633574258,0.8474798642265223,0.7309892177581787,False,0.8634426698883233,0.74603530800363
residual_likelihood_guided_diffusion,prior_init_diffusion_unet,ence,25,0.010754596142882066,0.01381810618229018,-0.019312406285043014,0.04158795748976909,0.5102823116194639,0.5964998602867126,True,0.5441182355082097,0.6172476815140766
residual_likelihood_guided_diffusion,prior_init_diffusion_unet,ause_abs_error,25,4.5492803854288165e-05,5.6243693034800646e-05,-3.547319468849519e-05,0.0001221316774634766,0.2873980445387157,0.19081425666809082,True,0.32448166318887256,0.22024147956840745
residual_likelihood_guided_diffusion,prior_init_diffusion_unet,width90_norm,25,9.212642908042191e-07,-1.1408701539098592e-05,-1.7058340832589418e-05,1.75191480666271e-05,0.9173503477528316,0.7111607789993286,True,0.9298525671429895,0.7308128903360976
residual_likelihood_guided_diffusion,prior_init_diffusion_unet_calibrated90,mae_kpa,25,6.170272827201728e-06,-0.0001647472381591797,-0.00027510118484495296,0.0003129627704620729,0.968189187516906,0.5782062411308289,True,0.9717005040026501,0.6014557927846909
residual_likelihood_guided_diffusion,prior_init_diffusion_unet_calibrated90,rmse_kpa,25,0.0005942997216994428,0.0006854614035542994,-0.00015574639139189373,0.0013599630369020696,0.14390596450531173,0.20993918180465698,True,0.17062932651877524,0.23998811368639944
residual_likelihood_guided_diffusion,prior_init_diffusion_unet_calibrated90,mae_norm,25,-7.154047489161819e-06,-1.6368925571400017e-05,-1.9379511475565408e-05,4.9396380782177175e-06,0.275358606692875,0.312333345413208,False,0.31568086894462544,0.347686324641457
residual_likelihood_guided_diffusion,prior_init_diffusion_unet_calibrated90,rmse_norm,25,-1.8807819138100256e-06,3.223942819291503e-06,-1.4875690230332056e-05,9.94690123981437e-06,0.7708054692439636,0.936802864074707,False,0.7873463591419028,0.9447418713973741
residual_likelihood_guided_diffusion,prior_init_diffusion_unet_calibrated90,crps_norm,25,-0.007738940119743317,-0.007774829864501898,-0.008516711801290487,-0.0069676252640783415,3.7352928496550135e-16,5.960464477539063e-08,False,7.310852781397148e-16,9.769907339216921e-08
residual_likelihood_guided_diffusion,prior_init_diffusion_unet_calibrated90,uce,25,-0.09588376148782887,-0.09485019864091909,-0.09922433992929656,-0.09240573664982858,1.3069147973543797e-26,5.960464477539063e-08,False,6.34787187286413e-26,9.769907339216921e-08
residual_likelihood_guided_diffusion,prior_init_diffusion_unet_calibrated90,ence,25,-13.510431634420527,-12.992745452422895,-14.322410406686155,-12.777266465301762,8.761949643815908e-22,5.960464477539063e-08,False,2.864483537401355e-21,9.769907339216921e-08
residual_likelihood_guided_diffusion,prior_init_diffusion_unet_calibrated90,ause_abs_error,25,4.5493056211488236e-05,5.624383571770086e-05,-3.540146378783924e-05,0.00012368505478395586,0.2873950458043865,0.19081425666809082,True,0.32448166318887256,0.22024147956840745
residual_likelihood_guided_diffusion,prior_init_diffusion_unet_calibrated90,width90_norm,25,0.3229594103991985,0.3241703286767006,0.31468477009795603,0.33156907224096355,1.0722262372709387e-29,5.960464477539063e-08,True,1.0847550383896534e-28,9.769907339216921e-08
residual_likelihood_guided_diffusion,residual_likelihood_guided_diffusion_calibrated90,mae_kpa,25,-1.907348634588857e-08,0.0,-6.67572021484375e-08,2.8610229438896795e-08,0.425400449704349,0.2216236024593935,False,0.4618855247702329,0.25237520280064907
residual_likelihood_guided_diffusion,residual_likelihood_guided_diffusion_calibrated90,rmse_kpa,25,5.7007450138257807e-08,0.0,-2.951016159613573e-08,1.5382148089848602e-07,0.2533133676175745,0.11585149752593006,True,0.29640403880522487,0.13855606236769527
residual_likelihood_guided_diffusion,residual_likelihood_guided_diffusion_calibrated90,mae_norm,25,2.9802322387695313e-10,0.0,-1.4901161210501001e-09,2.086162567138672e-09,0.7462587086408342,0.6662276454096188,True,0.7688726089026777,0.6858225761569605
residual_likelihood_guided_diffusion,residual_likelihood_guided_diffusion_calibrated90,rmse_norm,25,-6.569850219406703e-12,0.0,-2.039470695408552e-09,1.9783380222904154e-09,0.9950484026722375,1.0,False,0.9967235683333018,1.0
residual_likelihood_guided_diffusion,residual_likelihood_guided_diffusion_calibrated90,crps_norm,25,-0.007733408808708193,-0.007623426616191892,-0.008486089322715992,-0.006975578401237727,3.047876556415164e-16,5.960464477539063e-08,False,6.093773217709438e-16,9.769907339216921e-08
residual_likelihood_guided_diffusion,residual_likelihood_guided_diffusion_calibrated90,uce,25,-0.09604097777293003,-0.0954102143344169,-0.09942029343201883,-0.09256535711781082,1.0612656364062397e-26,5.960464477539063e-08,False,5.240274304246578e-26,9.769907339216921e-08
residual_likelihood_guided_diffusion,residual_likelihood_guided_diffusion_calibrated90,ence,25,-13.512964074274464,-12.9907474178729,-14.301810496309217,-12.772549544494906,8.561977386907575e-22,5.960464477539063e-08,False,2.8302091917833377e-21,9.769907339216921e-08
residual_likelihood_guided_diffusion,residual_likelihood_guided_diffusion_calibrated90,ause_abs_error,25,-3.0499400037464763e-09,-1.3254299914555734e-10,-7.364312874217141e-09,-1.3584889307742548e-10,0.12849180214877082,0.013554692268371582,False,0.15382821384007772,0.016492928220206732
residual_likelihood_guided_diffusion,residual_likelihood_guided_diffusion_calibrated90,width90_norm,25,0.32298175379633903,0.32454471476376057,0.3142903337012976,0.33144706149958075,9.861273425111655e-30,5.960464477539063e-08,True,1.0335746867613231e-28,9.769907339216921e-08
residual_likelihood_guided_diffusion,srcnn_bz_single_channel,mae_kpa,25,0.8423246383666992,0.9135150909423828,0.7740560538768768,0.9075294053554535,2.0533272386206047e-18,5.960464477539063e-08,True,4.926329463626047e-18,9.769907339216921e-08
residual_likelihood_guided_diffusion,srcnn_bz_single_channel,rmse_kpa,25,1.9393813459108322,1.9949596206453482,1.7660766456954329,2.1121118330437803,4.2270262473941937e-17,5.960464477539063e-08,True,8.794016802514938e-17,9.769907339216921e-08
residual_likelihood_guided_diffusion,srcnn_bz_single_channel,mae_norm,25,0.0386024871468544,0.04039463400840761,0.03599910971522331,0.04102606748789549,2.0865847999916502e-20,5.960464477539063e-08,True,5.602282269715219e-20,9.769907339216921e-08
residual_likelihood_guided_diffusion,srcnn_bz_single_channel,rmse_norm,25,0.04471977547444124,0.04864801993338641,0.04098883073001287,0.04817495926496479,2.467795544700679e-18,5.960464477539063e-08,True,5.780863595185417e-18,9.769907339216921e-08
residual_likelihood_guided_diffusion,srcnn_bz_single_channel,crps_norm,25,0.0435469374060631,0.0456585213541985,0.0409020558744669,0.045925084926188006,1.5166774814063614e-21,5.960464477539063e-08,True,4.917837065050599e-21,9.769907339216921e-08
residual_likelihood_guided_diffusion,srcnn_bz_single_channel,uce,25,0.07469083945244429,0.0802707408858457,0.06974914155852219,0.07946541740338674,2.4428740694448427e-20,5.960464477539063e-08,True,6.53262953402104e-20,9.769907339216921e-08
residual_likelihood_guided_diffusion,srcnn_bz_single_channel,ause_abs_error,25,0.07083040400764333,0.06830061576098499,0.06848296375049541,0.0735092967734748,1.6792071920809587e-26,5.960464477539063e-08,True,7.96124676738998e-26,9.769907339216921e-08
residual_likelihood_guided_diffusion,srcnn_bz_single_channel,width90_norm,25,-0.027620019465684847,-0.0276840664446353,-0.02818956505693491,-0.027077773520722947,2.0871616211221556e-32,5.960464477539063e-08,False,1.19468610898863e-30,9.769907339216921e-08
residual_likelihood_guided_diffusion,train_mean_prior,mae_kpa,25,1.1186225605010987,1.1790113449096684,1.0415201857089997,1.1918792068958282,6.160405653277753e-20,5.960464477539063e-08,True,1.62908505053345e-19,9.769907339216921e-08
residual_likelihood_guided_diffusion,train_mean_prior,rmse_kpa,25,2.342571880984773,2.3842024418982533,2.1383961740069046,2.542818108045939,1.5766354322760258e-17,5.960464477539063e-08,True,3.3868652622203883e-17,9.769907339216921e-08
residual_likelihood_guided_diffusion,train_mean_prior,mae_norm,25,0.06373190790414811,0.06616503000259401,0.06077637527137997,0.06639800693094729,1.8525555931978225e-24,5.960464477539063e-08,True,6.762396183758923e-24,9.769907339216921e-08
residual_likelihood_guided_diffusion,train_mean_prior,rmse_norm,25,0.06009382640348405,0.0632972129700167,0.05531735666280137,0.06439361286182028,6.480476083289191e-19,5.960464477539063e-08,True,1.6408027594582388e-18,9.769907339216921e-08
residual_likelihood_guided_diffusion,unet_canonical_bxyz,mae_kpa,25,-0.01754426002502429,-0.01615500450134233,-0.021036683797836266,-0.013981763839721537,1.1539055905611597e-09,1.1920928955078125e-07,False,1.8861918307249727e-09,1.9118470965691334e-07
residual_likelihood_guided_diffusion,unet_canonical_bxyz,rmse_kpa,25,-0.029853062481618516,-0.024939988085490583,-0.03891464010522433,-0.02134746251031433,7.324660138719344e-07,1.1324882507324219e-06,False,1.1117787710556146e-06,1.7233516858971638e-06
residual_likelihood_guided_diffusion,unet_canonical_bxyz,mae_norm,25,-0.002340573668479925,-0.002425931394100203,-0.0025983559936285125,-0.0020758855193853346,6.566492579042755e-15,5.960464477539063e-08,False,1.1875571685502855e-14,9.769907339216921e-08
residual_likelihood_guided_diffusion,unet_canonical_bxyz,rmse_norm,25,-0.0004804247723063293,-0.0004656210445331821,-0.0006112046600065623,-0.0003502572450278621,3.0453304261714075e-07,1.4901161193847656e-06,False,4.646081034799968e-07,2.2560282214603957e-06
residual_likelihood_guided_diffusion,unet_canonical_bxyz,crps_norm,25,0.002603878974914558,0.002573236823081901,0.002341167964041234,0.0028673753365874408,5.4548845727122925e-16,5.960464477539063e-08,True,1.0518062425036352e-15,9.769907339216921e-08
residual_likelihood_guided_diffusion,unet_canonical_bxyz,uce,25,0.029525181071534724,0.028807257954592394,0.027973590117429035,0.03112151610510278,1.6226094434406553e-22,5.960464477539063e-08,True,5.454534569758135e-22,9.769907339216921e-08
residual_likelihood_guided_diffusion,unet_canonical_bxyz,ause_abs_error,25,0.0454399379419706,0.044480001052032404,0.04376540524152775,0.04720690704545,6.645722115861287e-26,5.960464477539063e-08,True,2.681216117175437e-25,9.769907339216921e-08
residual_likelihood_guided_diffusion,unet_canonical_bxyz,width90_norm,25,-0.027620019465684847,-0.0276840664446353,-0.028195592982694456,-0.027078313728794413,2.0871616211221556e-32,5.960464477539063e-08,False,1.19468610898863e-30,9.769907339216921e-08
residual_likelihood_guided_diffusion,vanilla_diffusion,mae_kpa,25,9.770069789886474,9.48030400276184,9.400443398714065,10.151478692293168,7.188364813821752e-26,5.960464477539063e-08,True,2.7683346769595765e-25,9.769907339216921e-08
residual_likelihood_guided_diffusion,vanilla_diffusion,rmse_kpa,25,4.897321577043782,4.663471783411243,4.512425657048476,5.294940248059764,2.7243160008885325e-18,5.960464477539063e-08,True,6.140035907463718e-18,9.769907339216921e-08
residual_likelihood_guided_diffusion,vanilla_diffusion,mae_norm,25,0.36949105709791186,0.3671832978725433,0.3621106450483203,0.37733732049912216,3.193320156560994e-32,5.960464477539063e-08,True,1.19468610898863e-30,9.769907339216921e-08
residual_likelihood_guided_diffusion,vanilla_diffusion,rmse_norm,25,0.3023579453455759,0.3023029150477309,0.2941094422080713,0.3108774906091964,4.5374316385086275e-29,5.960464477539063e-08,True,2.990779269861899e-28,9.769907339216921e-08
residual_likelihood_guided_diffusion,vanilla_diffusion,crps_norm,25,0.33468024641275407,0.33431099355220806,0.32701624254882344,0.3428070904240012,5.56117570599246e-31,5.960464477539063e-08,True,7.829944572551001e-30,9.769907339216921e-08
residual_likelihood_guided_diffusion,vanilla_diffusion,uce,25,0.24877745063589224,0.2483348825865571,0.23905499728135238,0.2587566973563134,2.0650792566763193e-25,5.960464477539063e-08,True,7.801410525221651e-25,9.769907339216921e-08
residual_likelihood_guided_diffusion,vanilla_diffusion,ence,25,-8.592167461672524,-8.409876496730698,-9.465967363496658,-7.768707669116395,3.104623827429562e-16,5.960464477539063e-08,False,6.167783563674755e-16,9.769907339216921e-08
residual_likelihood_guided_diffusion,vanilla_diffusion,ause_abs_error,25,0.0750454249614906,0.0760196913827382,0.0704828237951859,0.07946139726801851,3.842394454376413e-21,5.960464477539063e-08,True,1.0784140917428036e-20,9.769907339216921e-08
residual_likelihood_guided_diffusion,vanilla_diffusion,width90_norm,25,0.22303030833601953,0.2228969614952803,0.21537472687847914,0.23124186074361205,1.0401728735726618e-26,5.960464477539063e-08,True,5.200864367863308e-26,9.769907339216921e-08
residual_likelihood_guided_diffusion,vanilla_diffusion_calibrated90,mae_kpa,25,9.770069789886474,9.48030400276184,9.402120111703871,10.15232883453369,7.188347532865474e-26,5.960464477539063e-08,True,2.7683346769595765e-25,9.769907339216921e-08
residual_likelihood_guided_diffusion,vanilla_diffusion_calibrated90,rmse_kpa,25,4.897321619138484,4.663472310092168,4.518853527350262,5.295318753271209,2.724315785917775e-18,5.960464477539063e-08,True,6.140035907463718e-18,9.769907339216921e-08
residual_likelihood_guided_diffusion,vanilla_diffusion_calibrated90,mae_norm,25,0.36949105590581893,0.3671832978725433,0.36215550995618107,0.3772062292098999,3.193317589793663e-32,5.960464477539063e-08,True,1.19468610898863e-30,9.769907339216921e-08
residual_likelihood_guided_diffusion,vanilla_diffusion_calibrated90,rmse_norm,25,0.3023579452323779,0.3023029150477309,0.2940037434751597,0.31080784067198347,4.5374399521141393e-29,5.960464477539063e-08,True,2.990779269861899e-28,9.769907339216921e-08
residual_likelihood_guided_diffusion,vanilla_diffusion_calibrated90,crps_norm,25,0.15593155413866047,0.1558783203363418,0.15098914594948293,0.1609855508506298,1.4795835888254646e-27,5.960464477539063e-08,True,7.96698855521404e-27,9.769907339216921e-08
residual_likelihood_guided_diffusion,vanilla_diffusion_calibrated90,uce,25,0.20092835839866552,0.20068990933838812,0.1803464169415367,0.22091063455085103,7.337074447698863e-16,5.960464477539063e-08,True,1.4059772291081558e-15,9.769907339216921e-08
residual_likelihood_guided_diffusion,vanilla_diffusion_calibrated90,ence,25,-13.37746364395102,-12.733185256873,-14.215268084447274,-12.613746623891116,2.4042935344890474e-21,5.960464477539063e-08,False,7.261698746299406e-21,9.769907339216921e-08
residual_likelihood_guided_diffusion,vanilla_diffusion_calibrated90,ause_abs_error,25,0.07504542426499737,0.0760196914800554,0.07051849870900383,0.07957577895464239,3.8423980388947825e-21,5.960464477539063e-08,True,1.0784140917428036e-20,9.769907339216921e-08
residual_likelihood_guided_diffusion,vanilla_diffusion_calibrated90,width90_norm,25,2.2042215065658093,2.231409182772041,2.1477921072430908,2.2607057554628702,6.648345191220204e-30,5.960464477539063e-08,True,7.193711592613043e-29,9.769907339216921e-08
residual_likelihood_guided_diffusion_calibrated90,explicit_residual_likelihood_guided_diffusion,mae_kpa,25,0.11858186721801768,0.08586359024047852,0.05945300412178053,0.19385273313522353,0.0023862644171511434,3.814697265625e-05,True,0.0031377453234608128,5.05511107582823e-05
residual_likelihood_guided_diffusion_calibrated90,explicit_residual_likelihood_guided_diffusion,rmse_kpa,25,0.06398830481654932,0.04771362219329056,0.028724678456664307,0.10229827071313549,0.002728572802722887,0.0030878782272338867,True,0.0035486404412632885,0.003872049621083588
residual_likelihood_guided_diffusion_calibrated90,explicit_residual_likelihood_guided_diffusion,mae_norm,25,0.008898860514163975,0.006441518664359991,0.004793115623295321,0.013969567731022838,0.001161269382990151,4.5418739318847656e-05,True,0.0015939007893110658,5.887614356146919e-05
residual_likelihood_guided_diffusion_calibrated90,explicit_residual_likelihood_guided_diffusion,rmse_norm,25,0.0024942781363362,0.001513772827083315,0.0010973923395027109,0.004416726901990359,0.009543464312786928,2.2113323211669922e-05,True,0.011659879396526124,3.147709883000862e-05
residual_likelihood_guided_diffusion_calibrated90,explicit_residual_likelihood_guided_diffusion,crps_norm,25,-0.0052623507380485405,-0.006595026701688704,-0.007677264261990763,-0.002290154099464407,0.0011238608816629564,0.0012963414192199707,False,0.0015716515339536357,0.0016516555555372218
residual_likelihood_guided_diffusion_calibrated90,explicit_residual_likelihood_guided_diffusion,uce,25,0.04918484042142042,0.047465274926335,0.043671925665477916,0.05446860695727916,3.749880478130541e-15,5.960464477539063e-08,True,6.9507130357871396e-15,9.769907339216921e-08
residual_likelihood_guided_diffusion_calibrated90,explicit_residual_likelihood_guided_diffusion,ence,25,1.730855639142465,1.5815555915777564,1.3925760934931448,2.119497891917486,2.892036227105798e-09,5.960464477539063e-08,True,4.564354257633819e-09,9.769907339216921e-08
residual_likelihood_guided_diffusion_calibrated90,explicit_residual_likelihood_guided_diffusion,ause_abs_error,25,0.005519443460749332,0.005446564940146,0.004424544238091806,0.006583873617245699,7.494734680403661e-10,1.7881393432617188e-07,True,1.2421635473092417e-09,2.807237227548081e-07
residual_likelihood_guided_diffusion_calibrated90,explicit_residual_likelihood_guided_diffusion,width90_norm,25,-0.17066775143146515,-0.1838946342468262,-0.18571938282251357,-0.1537117214277387,1.1345366096552345e-16,5.960464477539063e-08,False,2.2960859957308317e-16,9.769907339216921e-08
residual_likelihood_guided_diffusion_calibrated90,explicit_residual_likelihood_guided_diffusion_calibrated90,mae_kpa,25,0.11858189582824717,0.08586382865905762,0.059936912059784096,0.19209230041503927,0.002386257280537681,3.814697265625e-05,True,0.0031377453234608128,5.05511107582823e-05
residual_likelihood_guided_diffusion_calibrated90,explicit_residual_likelihood_guided_diffusion_calibrated90,rmse_kpa,25,0.0639882645191814,0.04771362219329056,0.02900023285431219,0.10173705779359432,0.0027285764737444615,0.0030878782272338867,True,0.0035486404412632885,0.003872049621083588
residual_likelihood_guided_diffusion_calibrated90,explicit_residual_likelihood_guided_diffusion_calibrated90,mae_norm,25,0.008898860514163972,0.006441518664359991,0.00475439495593311,0.014099012032151213,0.0011612704814494966,4.5418739318847656e-05,True,0.0015939007893110658,5.887614356146919e-05
residual_likelihood_guided_diffusion_calibrated90,explicit_residual_likelihood_guided_diffusion_calibrated90,rmse_norm,25,0.0024942785454160764,0.001513772827083315,0.0010867700326380018,0.004405613429199424,0.009543451930772096,2.2113323211669922e-05,True,0.011659879396526124,3.147709883000862e-05
residual_likelihood_guided_diffusion_calibrated90,explicit_residual_likelihood_guided_diffusion_calibrated90,crps_norm,25,-0.005553451031446432,-0.005396928638219806,-0.007121332276612486,-0.0037356572113931073,1.7601379308538112e-06,4.5418739318847656e-05,False,2.644651689035398e-06,5.887614356146919e-05
residual_likelihood_guided_diffusion_calibrated90,explicit_residual_likelihood_guided_diffusion_calibrated90,uce,25,0.003556310072996052,0.008164042674501298,-0.0021662319533194943,0.009093036890965377,0.23650205117725834,0.21998637914657593,True,0.2775517168648298,0.25099117083837524
residual_likelihood_guided_diffusion_calibrated90,explicit_residual_likelihood_guided_diffusion_calibrated90,ence,25,0.4561098564528833,0.41371571716519145,0.2881010865555115,0.6403649062041699,4.039005640899517e-05,1.0073184967041016e-05,True,6.0080208908380314e-05,1.4965156193231971e-05
residual_likelihood_guided_diffusion_calibrated90,explicit_residual_likelihood_guided_diffusion_calibrated90,ause_abs_error,25,0.005519444068245647,0.0054465648828391985,0.004415772107033586,0.006587725097138237,7.494727102504936e-10,1.7881393432617188e-07,True,1.2421635473092417e-09,2.807237227548081e-07
residual_likelihood_guided_diffusion_calibrated90,explicit_residual_likelihood_guided_diffusion_calibrated90,width90_norm,25,-0.03181491315364838,-0.04928755760192871,-0.05764127050340177,-0.004085633978247639,0.032592593068020606,0.017312347888946533,False,0.039657654142070065,0.02102213672229222
residual_likelihood_guided_diffusion_calibrated90,explicit_residual_target_diffusion,mae_kpa,25,0.12231120109558115,0.09030246734619185,0.06555460309982315,0.19573819661140449,0.0013962724054754326,1.5079975128173828e-05,True,0.0018774767702342751,2.1884354149422996e-05
residual_likelihood_guided_diffusion_calibrated90,explicit_residual_target_diffusion,rmse_kpa,25,0.058835805032566885,0.026148259061772094,0.023989747898231106,0.09733863648024992,0.004547688188754108,0.003419220447540283,True,0.0057941637522670114,0.0042120831600133924
residual_likelihood_guided_diffusion_calibrated90,explicit_residual_target_diffusion,mae_norm,25,0.009044349193572993,0.006251603364944389,0.004993652813136588,0.013901690982282154,0.0008295091519255767,2.664327621459961e-05,True,0.0011751380552590632,3.6781320992312685e-05
residual_likelihood_guided_diffusion_calibrated90,explicit_residual_target_diffusion,rmse_norm,25,0.0026060515335718814,0.001345160905460302,0.0012279702846308674,0.004435126528680038,0.005424469038896204,3.1948089599609375e-05,True,0.0067381191610506085,4.3499115129902924e-05
residual_likelihood_guided_diffusion_calibrated90,explicit_residual_target_diffusion,crps_norm,25,-0.005199395418167099,-0.006564319133758503,-0.0076194355785846445,-0.0023345641419291467,0.0009957990877866216,0.0014527440071105957,False,0.0014040295195095732,0.001843033441856726
residual_likelihood_guided_diffusion_calibrated90,explicit_residual_target_diffusion,uce,25,0.048506862322057455,0.048254369394539504,0.042821765854043965,0.05382170803117147,7.2515739011482e-15,5.960464477539063e-08,True,1.3074807488433875e-14,9.769907339216921e-08
residual_likelihood_guided_diffusion_calibrated90,explicit_residual_target_diffusion,ence,25,1.7352141903313052,1.6077740861633318,1.3952809583699106,2.1136435414828987,2.1281867785945693e-09,5.960464477539063e-08,True,3.3857516932186327e-09,9.769907339216921e-08
residual_likelihood_guided_diffusion_calibrated90,explicit_residual_target_diffusion,ause_abs_error,25,0.00514237619093426,0.004520304295794902,0.004105064751217776,0.006223693155218231,1.7412088190373902e-09,5.960464477539063e-08,True,2.8076825218794805e-09,9.769907339216921e-08
residual_likelihood_guided_diffusion_calibrated90,explicit_residual_target_diffusion,width90_norm,25,-0.17020418733358383,-0.18466737866401678,-0.18531341878324747,-0.1535422242507339,8.31488584800812e-17,5.960464477539063e-08,False,1.6943003697139833e-16,9.769907339216921e-08
residual_likelihood_guided_diffusion_calibrated90,explicit_residual_target_diffusion_calibrated90,mae_kpa,25,0.12231124877929694,0.09030246734619185,0.0647761809825898,0.19448681378364552,0.0013962665066858846,1.5079975128173828e-05,True,0.0018774767702342751,2.1884354149422996e-05
residual_likelihood_guided_diffusion_calibrated90,explicit_residual_target_diffusion_calibrated90,rmse_kpa,25,0.058835811825272796,0.026148259061772094,0.024592517559871015,0.09775161602054543,0.004547687488540202,0.003419220447540283,True,0.0057941637522670114,0.0042120831600133924
residual_likelihood_guided_diffusion_calibrated90,explicit_residual_target_diffusion_calibrated90,mae_norm,25,0.009044350087642665,0.006251603364944389,0.004881257213652138,0.013930660516023633,0.0008295081453235017,2.664327621459961e-05,True,0.0011751380552590632,3.6781320992312685e-05
residual_likelihood_guided_diffusion_calibrated90,explicit_residual_target_diffusion_calibrated90,rmse_norm,25,0.0026060518047873516,0.0013451668383765158,0.0012044738341613602,0.004469624270392041,0.005424454091746136,3.1948089599609375e-05,True,0.0067381191610506085,4.3499115129902924e-05
residual_likelihood_guided_diffusion_calibrated90,explicit_residual_target_diffusion_calibrated90,crps_norm,25,-0.00549937918782232,-0.0056186579167843,-0.00706725843250749,-0.0037366960011422402,1.6186258846672643e-06,3.1948089599609375e-05,False,2.438183294625373e-06,4.3499115129902924e-05
residual_likelihood_guided_diffusion_calibrated90,explicit_residual_target_diffusion_calibrated90,uce,25,0.003052884810195513,0.005385332264313498,-0.0030113009412650526,0.008753607669725544,0.3332438445895762,0.17295855283737183,True,0.37200766891331677,0.20198300086013
residual_likelihood_guided_diffusion_calibrated90,explicit_residual_target_diffusion_calibrated90,ence,25,0.4673315019137294,0.3985539754733392,0.28544493333283655,0.6631983419569067,8.711606793430301e-05,2.2113323211669922e-05,True,0.0001278275226163016,3.147709883000862e-05
residual_likelihood_guided_diffusion_calibrated90,explicit_residual_target_diffusion_calibrated90,ause_abs_error,25,0.00514237697055826,0.004520304282044502,0.004106999325544097,0.006201876754478723,1.7411913742190307e-09,5.960464477539063e-08,True,2.8076825218794805e-09,9.769907339216921e-08
residual_likelihood_guided_diffusion_calibrated90,explicit_residual_target_diffusion_calibrated90,width90_norm,25,-0.029370166063308716,-0.043362706899643,-0.05480836442112923,-0.0021637532711029192,0.044387063966545764,0.034173786640167236,False,0.053788804603044256,0.04132805498150306
residual_likelihood_guided_diffusion_calibrated90,likelihood_guided_diffusion,mae_kpa,25,9.780031890869141,9.499289989471434,9.42981988286972,10.163147391796112,6.781899395480651e-26,5.960464477539063e-08,True,2.681216117175437e-25,9.769907339216921e-08
residual_likelihood_guided_diffusion_calibrated90,likelihood_guided_diffusion,rmse_kpa,25,4.902604953994589,4.654913001972606,4.524559842686447,5.308497236870229,3.3085802295626973e-18,5.960464477539063e-08,True,7.2375192521684e-18,9.769907339216921e-08
residual_likelihood_guided_diffusion_calibrated90,likelihood_guided_diffusion,mae_norm,25,0.36969771087169645,0.3665598332881927,0.36220721318572763,0.37750677625834944,2.864726286222957e-32,5.960464477539063e-08,True,1.19468610898863e-30,9.769907339216921e-08
residual_likelihood_guided_diffusion_calibrated90,likelihood_guided_diffusion,rmse_norm,25,0.3025116053814637,0.3016872473797967,0.29421256339512064,0.3111014603913796,4.416634580112675e-29,5.960464477539063e-08,True,2.990779269861899e-28,9.769907339216921e-08
residual_likelihood_guided_diffusion_calibrated90,likelihood_guided_diffusion,crps_norm,25,0.34269371718168257,0.3410024717450142,0.33521234449371695,0.350548985555768,1.3175110683792597e-31,5.960464477539063e-08,True,4.125889924661366e-30,9.769907339216921e-08
residual_likelihood_guided_diffusion_calibrated90,likelihood_guided_diffusion,uce,25,0.34502896325471993,0.3465663992123947,0.33633265819510477,0.35391182957419204,4.701454287063047e-30,5.960464477539063e-08,True,5.186753010696889e-29,9.769907339216921e-08
residual_likelihood_guided_diffusion_calibrated90,likelihood_guided_diffusion,ence,25,4.929022336505617,5.151065003460962,4.700178735339592,5.144784347374534,3.894205469339784e-24,5.960464477539063e-08,True,1.387456439674953e-23,9.769907339216921e-08
residual_likelihood_guided_diffusion_calibrated90,likelihood_guided_diffusion,ause_abs_error,25,0.07472785557064136,0.0756352340358187,0.07025652791935193,0.0789275642336138,1.7625063462595514e-21,5.960464477539063e-08,True,5.461937956809806e-21,9.769907339216921e-08
residual_likelihood_guided_diffusion_calibrated90,likelihood_guided_diffusion,width90_norm,25,-0.10033653378486633,-0.09958362579345709,-0.1078526846468449,-0.09276857014000417,1.0038716856141498e-18,5.960464477539063e-08,False,2.4835910725173354e-18,9.769907339216921e-08
residual_likelihood_guided_diffusion_calibrated90,likelihood_guided_diffusion_calibrated90,mae_kpa,25,9.78003173828125,9.499289989471434,9.418456577301026,10.162633038282394,6.781869575011476e-26,5.960464477539063e-08,True,2.681216117175437e-25,9.769907339216921e-08
residual_likelihood_guided_diffusion_calibrated90,likelihood_guided_diffusion_calibrated90,rmse_kpa,25,4.902604933988316,4.654913001972606,4.521832809477261,5.306558190583093,3.308575940491964e-18,5.960464477539063e-08,True,7.2375192521684e-18,9.769907339216921e-08
residual_likelihood_guided_diffusion_calibrated90,likelihood_guided_diffusion_calibrated90,mae_norm,25,0.369697704911232,0.3665598332881927,0.36213082340359687,0.3771772605702281,2.8647183166359346e-32,5.960464477539063e-08,True,1.19468610898863e-30,9.769907339216921e-08
residual_likelihood_guided_diffusion_calibrated90,likelihood_guided_diffusion_calibrated90,rmse_norm,25,0.3025116073745796,0.3016872473797967,0.2941903226539798,0.31095071257419293,4.4166222725730694e-29,5.960464477539063e-08,True,2.990779269861899e-28,9.769907339216921e-08
residual_likelihood_guided_diffusion_calibrated90,likelihood_guided_diffusion_calibrated90,crps_norm,25,0.16314248293638234,0.16236106306314468,0.15852356575429444,0.16786783013492826,1.19319716197917e-28,5.960464477539063e-08,True,7.593072848958354e-28,9.769907339216921e-08
residual_likelihood_guided_diffusion_calibrated90,likelihood_guided_diffusion_calibrated90,uce,25,0.2995382809574538,0.3038848409384022,0.27671052624437886,0.3228018371568457,7.548993340452641e-19,5.960464477539063e-08,True,1.8952114082570975e-18,9.769907339216921e-08
residual_likelihood_guided_diffusion_calibrated90,likelihood_guided_diffusion_calibrated90,ence,25,0.13607407697190718,0.16044596472306732,0.08202437860467585,0.17876228238037908,1.5948621215422816e-05,0.00018787384033203125,True,2.3842787997931094e-05,0.00024248359001639608
residual_likelihood_guided_diffusion_calibrated90,likelihood_guided_diffusion_calibrated90,ause_abs_error,25,0.07472785566144532,0.0756352342947759,0.07021386868719316,0.07896136489607948,1.7625077104327443e-21,5.960464477539063e-08,True,5.461937956809806e-21,9.769907339216921e-08
residual_likelihood_guided_diffusion_calibrated90,likelihood_guided_diffusion_calibrated90,width90_norm,25,1.889711856842041,1.8504199385643005,1.8360177195370198,1.9472443766593934,1.4019192557851875e-28,5.960464477539063e-08,True,8.511652624410066e-28,9.769907339216921e-08
residual_likelihood_guided_diffusion_calibrated90,prior_init_diffusion_unet,mae_kpa,25,6.141662597745068e-06,-0.0001647472381591797,-0.0002735464572904904,0.00031551432609561614,0.9683356216769464,0.5782062411308289,True,0.9717005040026501,0.6014557927846909
residual_likelihood_guided_diffusion_calibrated90,prior_init_diffusion_unet,rmse_kpa,25,0.0005942633502186822,0.0006854614035542994,-0.00017385063737756742,0.0013396620825623217,0.14394536567183694,0.20993918180465698,True,0.17062932651877524,0.23998811368639944
residual_likelihood_guided_diffusion_calibrated90,prior_init_diffusion_unet,mae_norm,25,-7.15494155883345e-06,-1.6361474990803093e-05,-1.909564435482719e-05,5.509845912463072e-06,0.2752775260801151,0.312333345413208,False,0.31568086894462544,0.347686324641457
residual_likelihood_guided_diffusion_calibrated90,prior_init_diffusion_unet,rmse_norm,25,-1.8808961814198445e-06,3.22978323630263e-06,-1.4596361801313156e-05,1.0219961163439924e-05,0.7707864788721918,0.936802864074707,False,0.7873463591419028,0.9447418713973741
residual_likelihood_guided_diffusion_calibrated90,prior_init_diffusion_unet,crps_norm,25,0.007726583480834984,0.0075667276978493014,0.006969876799732477,0.008503969851881284,3.314165584830911e-16,5.960464477539063e-08,True,6.508236662630833e-16,9.769907339216921e-08
residual_likelihood_guided_diffusion_calibrated90,prior_init_diffusion_unet,uce,25,0.09602720335874665,0.09541733323392361,0.09265868124574295,0.09924814670345034,1.0197125904974118e-26,5.960464477539063e-08,True,5.1200758763372157e-26,9.769907339216921e-08
residual_likelihood_guided_diffusion_calibrated90,prior_init_diffusion_unet,ence,25,13.523718670417345,12.975285697397707,12.79413020810939,14.315670504370841,8.698260788929118e-22,5.960464477539063e-08,True,2.8593730217750415e-21,9.769907339216921e-08
residual_likelihood_guided_diffusion_calibrated90,prior_init_diffusion_unet,ause_abs_error,25,4.549585379429191e-05,5.6243832116300435e-05,-3.613542052214761e-05,0.00012470273819582722,0.2873658643348397,0.19081425666809082,True,0.32448166318887256,0.22024147956840745
residual_likelihood_guided_diffusion_calibrated90,prior_init_diffusion_unet,width90_norm,25,-0.32298083253204823,-0.32448901981115347,-0.33148132283426823,-0.3148146957606077,9.901471789142087e-30,5.960464477539063e-08,False,1.0335746867613231e-28,9.769907339216921e-08
residual_likelihood_guided_diffusion_calibrated90,prior_init_diffusion_unet_calibrated90,mae_kpa,25,6.189346313547617e-06,-0.0001647472381591797,-0.00027860665321339525,0.00031193113327031546,0.9680905256630385,0.5964998602867126,True,0.9717005040026501,0.6172476815140766
residual_likelihood_guided_diffusion_calibrated90,prior_init_diffusion_unet_calibrated90,rmse_kpa,25,0.0005942427142493045,0.0006854614035542994,-0.0001566320292433101,0.0013666987034253548,0.14395953262592465,0.20993918180465698,True,0.17062932651877524,0.23998811368639944
residual_likelihood_guided_diffusion_calibrated90,prior_init_diffusion_unet_calibrated90,mae_norm,25,-7.154345512385696e-06,-1.6368925571400017e-05,-1.9243881106380906e-05,5.254432559023798e-06,0.27532094328738876,0.30021941369280036,False,0.31568086894462544,0.33672111432085994
residual_likelihood_guided_diffusion_calibrated90,prior_init_diffusion_unet_calibrated90,rmse_norm,25,-1.8807753439598064e-06,3.223942819291503e-06,-1.4377335274324137e-05,1.0131598304008998e-05,0.7708020156226124,0.936802864074707,False,0.7873463591419028,0.9447418713973741
residual_likelihood_guided_diffusion_calibrated90,prior_init_diffusion_unet_calibrated90,crps_norm,25,-5.531311035124053e-06,-3.088265657430478e-05,-3.752923011774882e-05,2.959946170452439e-05,0.7561570930631957,0.507703959941864,False,0.7777242357348338,0.5346616923281576
residual_likelihood_guided_diffusion_calibrated90,prior_init_diffusion_unet_calibrated90,uce,25,0.00015721628510115645,7.515086941300292e-05,-0.00013099234578629838,0.0004453355376557342,0.30021951732417057,0.325391948223114,True,0.3383155545603816,0.36020131942837735
residual_likelihood_guided_diffusion_calibrated90,prior_init_diffusion_unet_calibrated90,ence,25,0.0025324398539382075,0.0007830290171184084,-0.0009413635051449249,0.006020605685819673,0.1743595337277637,0.19081425666809082,True,0.2058411162063877,0.22024147956840745
residual_likelihood_guided_diffusion_calibrated90,prior_init_diffusion_unet_calibrated90,ause_abs_error,25,4.549610615149198e-05,5.624397479920065e-05,-3.661331856351207e-05,0.00012179204074712287,0.2873628658041184,0.19081425666809082,True,0.32448166318887256,0.22024147956840745
residual_likelihood_guided_diffusion_calibrated90,prior_init_diffusion_unet_calibrated90,width90_norm,25,-2.2343397140525133e-05,-1.4960765838678558e-05,-0.0006780095398426408,0.0006571158766746318,0.9491407591576982,0.7509929537773132,False,0.9588094256346867,0.7651383690025708
residual_likelihood_guided_diffusion_calibrated90,residual_likelihood_guided_diffusion,mae_kpa,25,1.907348634588857e-08,0.0,-2.8610229438896795e-08,6.67572021484375e-08,0.425400449704349,0.2216236024593935,True,0.4618855247702329,0.25237520280064907
residual_likelihood_guided_diffusion_calibrated90,residual_likelihood_guided_diffusion,rmse_kpa,25,-5.7007450138257807e-08,0.0,-1.5583076046965517e-07,3.0104445514211874e-08,0.2533133676175745,0.11585149752593006,False,0.29640403880522487,0.13855606236769527
residual_likelihood_guided_diffusion_calibrated90,residual_likelihood_guided_diffusion,mae_norm,25,-2.9802322387695313e-10,0.0,-2.086162567138672e-09,1.4901161210501001e-09,0.7462587086408342,0.6662276454096188,False,0.7688726089026777,0.6858225761569605
residual_likelihood_guided_diffusion_calibrated90,residual_likelihood_guided_diffusion,rmse_norm,25,6.569850219406703e-12,0.0,-2.0317175613848715e-09,2.0286842177807954e-09,0.9950484026722375,1.0,True,0.9967235683333018,1.0
residual_likelihood_guided_diffusion_calibrated90,residual_likelihood_guided_diffusion,crps_norm,25,0.007733408808708193,0.007623426616191892,0.006975915946066382,0.008492964040488004,3.047876556415164e-16,5.960464477539063e-08,True,6.093773217709438e-16,9.769907339216921e-08
residual_likelihood_guided_diffusion_calibrated90,residual_likelihood_guided_diffusion,uce,25,0.09604097777293003,0.0954102143344169,0.09263839183563698,0.09936874714497773,1.0612656364062397e-26,5.960464477539063e-08,True,5.240274304246578e-26,9.769907339216921e-08
residual_likelihood_guided_diffusion_calibrated90,residual_likelihood_guided_diffusion,ence,25,13.512964074274464,12.9907474178729,12.78161451774073,14.312652948064605,8.561977386907575e-22,5.960464477539063e-08,True,2.8302091917833377e-21,9.769907339216921e-08
residual_likelihood_guided_diffusion_calibrated90,residual_likelihood_guided_diffusion,ause_abs_error,25,3.0499400037464763e-09,1.3254299914555734e-10,1.2482129744390005e-10,7.243547730857724e-09,0.12849180214877082,0.013554692268371582,True,0.15382821384007772,0.016492928220206732
residual_likelihood_guided_diffusion_calibrated90,residual_likelihood_guided_diffusion,width90_norm,25,-0.32298175379633903,-0.32454471476376057,-0.3314084619581699,-0.31449681343138214,9.861273425111655e-30,5.960464477539063e-08,False,1.0335746867613231e-28,9.769907339216921e-08
residual_likelihood_guided_diffusion_calibrated90,srcnn_bz_single_channel,mae_kpa,25,0.8423246574401856,0.9135150909423828,0.7744448611736298,0.90667298579216,2.05331592331612e-18,5.960464477539063e-08,True,4.926329463626047e-18,9.769907339216921e-08
residual_likelihood_guided_diffusion_calibrated90,srcnn_bz_single_channel,rmse_kpa,25,1.939381288903382,1.9949592012570054,1.7654352011251175,2.1140950323356136,4.227040009276088e-17,5.960464477539063e-08,True,8.794016802514938e-17,9.769907339216921e-08
residual_likelihood_guided_diffusion_calibrated90,srcnn_bz_single_channel,mae_norm,25,0.03860248684883118,0.04039463400840761,0.03604065111279487,0.04100892511755229,2.0865832822664064e-20,5.960464477539063e-08,True,5.602282269715219e-20,9.769907339216921e-08
residual_likelihood_guided_diffusion_calibrated90,srcnn_bz_single_channel,rmse_norm,25,0.044719775481011075,0.048648026003911105,0.041084660088586064,0.04822787839234401,2.4677972322304134e-18,5.960464477539063e-08,True,5.780863595185417e-18,9.769907339216921e-08
residual_likelihood_guided_diffusion_calibrated90,srcnn_bz_single_channel,crps_norm,25,0.05128034621477129,0.0530390664935112,0.048793150916695616,0.053753759182989615,2.121126527657621e-23,5.960464477539063e-08,True,7.423942846801673e-23,9.769907339216921e-08
residual_likelihood_guided_diffusion_calibrated90,srcnn_bz_single_channel,uce,25,0.1707318172253743,0.1700911643949093,0.1671137124088978,0.17424037662257744,4.557261376268634e-32,5.960464477539063e-08,True,1.6433760720483862e-30,9.769907339216921e-08
residual_likelihood_guided_diffusion_calibrated90,srcnn_bz_single_channel,ause_abs_error,25,0.07083040705758334,0.06830061595446729,0.06838608826024953,0.07351856451809893,1.679220956819231e-26,5.960464477539063e-08,True,7.96124676738998e-26,9.769907339216921e-08
residual_likelihood_guided_diffusion_calibrated90,srcnn_bz_single_channel,width90_norm,25,-0.3506017732620239,-0.3510229289531708,-0.35937616008520124,-0.34209288978576663,2.0616803878775495e-30,5.960464477539063e-08,False,2.6667387625807436e-29,9.769907339216921e-08
residual_likelihood_guided_diffusion_calibrated90,train_mean_prior,mae_kpa,25,1.118622579574585,1.1790113449096684,1.0399377071857452,1.1926840188503265,6.160382488878604e-20,5.960464477539063e-08,True,1.62908505053345e-19,9.769907339216921e-08
residual_likelihood_guided_diffusion_calibrated90,train_mean_prior,rmse_kpa,25,2.3425718239773228,2.3842020225099105,2.1399188816842267,2.5445183579209623,1.5766401986124767e-17,5.960464477539063e-08,True,3.3868652622203883e-17,9.769907339216921e-08
residual_likelihood_guided_diffusion_calibrated90,train_mean_prior,mae_norm,25,0.06373190760612488,0.06616503000259401,0.060896077826619155,0.06638591145724056,1.852553539842774e-24,5.960464477539063e-08,True,6.762396183758923e-24,9.769907339216921e-08
residual_likelihood_guided_diffusion_calibrated90,train_mean_prior,rmse_norm,25,0.0600938264100539,0.0632972129700167,0.05534103007033802,0.06438587128455109,6.4804814869359015e-19,5.960464477539063e-08,True,1.6408027594582388e-18,9.769907339216921e-08
residual_likelihood_guided_diffusion_calibrated90,unet_canonical_bxyz,mae_kpa,25,-0.017544240951537945,-0.01615500450134233,-0.021027731657028075,-0.014023771524429266,1.1538495917102688e-09,1.1920928955078125e-07,False,1.8861918307249727e-09,1.9118470965691334e-07
residual_likelihood_guided_diffusion_calibrated90,unet_canonical_bxyz,rmse_kpa,25,-0.029853119489068655,-0.024940407473833304,-0.038730603820665996,-0.021586534642164996,7.323932474191983e-07,1.1324882507324219e-06,False,1.1117787710556146e-06,1.7233516858971638e-06
residual_likelihood_guided_diffusion_calibrated90,unet_canonical_bxyz,mae_norm,25,-0.0023405739665031487,-0.002425931394100203,-0.0026026110574603216,-0.002077095702290532,6.566336483561647e-15,5.960464477539063e-08,False,1.1875571685502855e-14,9.769907339216921e-08
residual_likelihood_guided_diffusion_calibrated90,unet_canonical_bxyz,rmse_norm,25,-0.0004804247657364791,-0.0004656210445331821,-0.0006111835225675195,-0.0003455401401795663,3.0452468040074623e-07,1.4901161193847656e-06,False,4.646081034799968e-07,2.2560282214603957e-06
residual_likelihood_guided_diffusion_calibrated90,unet_canonical_bxyz,crps_norm,25,0.01033728778362275,0.009661518037319197,0.00954872186854483,0.011196577098220589,4.502345784010355e-18,5.960464477539063e-08,True,9.830810060499675e-18,9.769907339216921e-08
residual_likelihood_guided_diffusion_calibrated90,unet_canonical_bxyz,uce,25,0.12556615884446476,0.1264932984562419,0.12322435186109063,0.12787575365560452,3.592403236067123e-33,5.960464477539063e-08,True,1.19468610898863e-30,9.769907339216921e-08
residual_likelihood_guided_diffusion_calibrated90,unet_canonical_bxyz,ause_abs_error,25,0.04543994099191059,0.044480000788039806,0.04376135833794691,0.04719044876603388,6.645669074554191e-26,5.960464477539063e-08,True,2.681216117175437e-25,9.769907339216921e-08
residual_likelihood_guided_diffusion_calibrated90,unet_canonical_bxyz,width90_norm,25,-0.3506017732620239,-0.3510229289531708,-0.3592632847726345,-0.3420213060081005,2.0616803878775495e-30,5.960464477539063e-08,False,2.6667387625807436e-29,9.769907339216921e-08
residual_likelihood_guided_diffusion_calibrated90,vanilla_diffusion,mae_kpa,25,9.770069808959962,9.48030400276184,9.405796760559081,10.144313680887223,7.188364833449656e-26,5.960464477539063e-08,True,2.7683346769595765e-25,9.769907339216921e-08
residual_likelihood_guided_diffusion_calibrated90,vanilla_diffusion,rmse_kpa,25,4.897321520036332,4.663472171781228,4.508216382867118,5.292339470645398,2.724318453059532e-18,5.960464477539063e-08,True,6.140035907463718e-18,9.769907339216921e-08
residual_likelihood_guided_diffusion_calibrated90,vanilla_diffusion,mae_norm,25,0.3694910567998886,0.3671832978725433,0.3620905019491911,0.37727985117584467,3.19332001418597e-32,5.960464477539063e-08,True,1.19468610898863e-30,9.769907339216921e-08
residual_likelihood_guided_diffusion_calibrated90,vanilla_diffusion,rmse_norm,25,0.3023579453521457,0.3023029150477309,0.2940353590735043,0.31085224352782725,4.5374259634015465e-29,5.960464477539063e-08,True,2.990779269861899e-28,9.769907339216921e-08
residual_likelihood_guided_diffusion_calibrated90,vanilla_diffusion,crps_norm,25,0.3424136552214623,0.3415115252137184,0.3350747011601925,0.3501766070127487,1.4340905469424985e-31,5.960464477539063e-08,True,4.2664193771539335e-30,9.769907339216921e-08
residual_likelihood_guided_diffusion_calibrated90,vanilla_diffusion,uce,25,0.3448184284088222,0.3468587666980702,0.3361750857935449,0.35360398490139217,4.382248916463793e-30,5.960464477539063e-08,True,5.163243772863281e-29,9.769907339216921e-08
residual_likelihood_guided_diffusion_calibrated90,vanilla_diffusion,ence,25,4.920796612601939,5.055698967965262,4.694451111135538,5.144025343422511,4.030066761713049e-24,5.960464477539063e-08,True,1.427315311440038e-23,9.769907339216921e-08
residual_likelihood_guided_diffusion_calibrated90,vanilla_diffusion,ause_abs_error,25,0.07504542801143059,0.0760196918086237,0.07034578822559195,0.07946079748539048,3.842413011254582e-21,5.960464477539063e-08,True,1.0784140917428036e-20,9.769907339216921e-08
residual_likelihood_guided_diffusion_calibrated90,vanilla_diffusion,width90_norm,25,-0.09995144546031953,-0.10045024752616882,-0.10742715886235239,-0.09232256449759008,8.581402657462927e-19,5.960464477539063e-08,False,2.1408530738743988e-18,9.769907339216921e-08
residual_likelihood_guided_diffusion_calibrated90,vanilla_diffusion_calibrated90,mae_kpa,25,9.770069808959962,9.48030400276184,9.407184480905533,10.148264350891113,7.188347552491678e-26,5.960464477539063e-08,True,2.7683346769595765e-25,9.769907339216921e-08
residual_likelihood_guided_diffusion_calibrated90,vanilla_diffusion_calibrated90,rmse_kpa,25,4.897321562131035,4.663472698462153,4.51255764617857,5.304844554818489,2.724318238089217e-18,5.960464477539063e-08,True,6.140035907463718e-18,9.769907339216921e-08
residual_likelihood_guided_diffusion_calibrated90,vanilla_diffusion_calibrated90,mae_norm,25,0.3694910556077957,0.3671832978725433,0.3620303231552243,0.37722075401991606,3.1933174474204615e-32,5.960464477539063e-08,True,1.19468610898863e-30,9.769907339216921e-08
residual_likelihood_guided_diffusion_calibrated90,vanilla_diffusion_calibrated90,rmse_norm,25,0.3023579452389478,0.3023029150477309,0.2941805315393873,0.31084182019712936,4.537434276998926e-29,5.960464477539063e-08,True,2.990779269861899e-28,9.769907339216921e-08
residual_likelihood_guided_diffusion_calibrated90,vanilla_diffusion_calibrated90,crps_norm,25,0.16366496294736863,0.16307024657726288,0.15897669672593479,0.16850301404297352,1.5684925952991343e-28,5.960464477539063e-08,True,9.33253094202985e-28,9.769907339216921e-08
residual_likelihood_guided_diffusion_calibrated90,vanilla_diffusion_calibrated90,uce,25,0.29696933617159554,0.303534223044418,0.2747884153620082,0.31806068167717017,2.903709403767576e-19,5.960464477539063e-08,True,7.463097603635887e-19,9.769907339216921e-08
residual_likelihood_guided_diffusion_calibrated90,vanilla_diffusion_calibrated90,ence,25,0.13550043032344572,0.1514786392485703,0.08336914531546509,0.17708777242932408,1.1604255968538103e-05,0.00012022256851196289,True,1.7413700633745703e-05,0.0001555052788361259
residual_likelihood_guided_diffusion_calibrated90,vanilla_diffusion_calibrated90,ause_abs_error,25,0.07504542731493738,0.0760196919059409,0.07043732243343144,0.0794964016886468,3.842416595789485e-21,5.960464477539063e-08,True,1.0784140917428036e-20,9.769907339216921e-08
residual_likelihood_guided_diffusion_calibrated90,vanilla_diffusion_calibrated90,width90_norm,25,1.8812397527694702,1.911025196313858,1.8286858065128326,1.9317387464940547,2.8795188654607055e-29,5.960464477539063e-08,True,2.2107273870311222e-28,9.769907339216921e-08
explicit_residual_target_diffusion,explicit_residual_likelihood_guided_diffusion,mae_kpa,25,-0.003729333877563459,-0.0072078704833984375,-0.009669106483459507,0.003074229717254636,0.2709542785837587,0.15633821487426758,False,0.3130480090336552,0.18474923108279884
explicit_residual_target_diffusion,explicit_residual_likelihood_guided_diffusion,rmse_kpa,25,0.00515249978398245,0.004975119608667811,-0.005474080064155544,0.01583545100310732,0.35925390802218093,0.39571136236190796,True,0.39806176436001495,0.424613634996096
explicit_residual_target_diffusion,explicit_residual_likelihood_guided_diffusion,mae_norm,25,-0.00014548867940901878,-0.00022675096988680754,-0.00044767577946184655,0.00018631955981254338,0.3792644058879118,0.17295855283737183,False,0.41330118354303846,0.20198300086013
explicit_residual_target_diffusion,explicit_residual_likelihood_guided_diffusion,rmse_norm,25,-0.00011177339723568158,-4.976167633949369e-05,-0.00039418934717096177,0.0001847032521791899,0.4628478362324351,0.3525196313858032,False,0.49710398533768074,0.386634434423139
explicit_residual_target_diffusion,explicit_residual_likelihood_guided_diffusion,crps_norm,25,-6.295531988144032e-05,-0.00014144554734230042,-0.00025832217559218495,0.00015852604433894962,0.5684693952115902,0.2996123433113098,False,0.6007802666978618,0.33667487114302047
explicit_residual_target_diffusion,explicit_residual_likelihood_guided_diffusion,uce,25,0.0006779780993629725,0.0008520162456941982,-0.0002870077673121906,0.001594151653836486,0.1830925551918334,0.15633821487426758,True,0.2157229115626552,0.18474923108279884
explicit_residual_target_diffusion,explicit_residual_likelihood_guided_diffusion,ence,25,-0.00435855118884013,-0.0050504978307377435,-0.09918055389125247,0.08408121623150647,0.9271077593321033,1.0,False,0.9381447564670093,1.0
explicit_residual_target_diffusion,explicit_residual_likelihood_guided_diffusion,ause_abs_error,25,0.00037706726981507244,0.0003040658269407026,-0.000271563474408164,0.0010591800939509812,0.2828400465570155,0.3665854334831238,True,0.32177883375832295,0.3976633234684752
explicit_residual_target_diffusion,explicit_residual_likelihood_guided_diffusion,width90_norm,25,-0.0004635640978813116,-0.0005145370960235041,-0.001466298662126066,0.0006245492398738803,0.3936665875032429,0.33878785371780396,False,0.42821137031888395,0.3743338402267286
explicit_residual_target_diffusion,explicit_residual_likelihood_guided_diffusion_calibrated90,mae_kpa,25,-0.0037293052673339666,-0.0072078704833984375,-0.009744894742965733,0.003190388441085746,0.27095752042408816,0.15633821487426758,False,0.3130480090336552,0.18474923108279884
explicit_residual_target_diffusion,explicit_residual_likelihood_guided_diffusion_calibrated90,rmse_kpa,25,0.005152459486614518,0.00497632938919601,-0.005344202963463985,0.015651363074047374,0.3592584924059639,0.39571136236190796,True,0.39806176436001495,0.424613634996096
explicit_residual_target_diffusion,explicit_residual_likelihood_guided_diffusion_calibrated90,mae_norm,25,-0.00014548867940902322,-0.00022675096988680754,-0.000441101215779762,0.00018167687207460106,0.37926461548655294,0.17295855283737183,False,0.41330118354303846,0.20198300086013
explicit_residual_target_diffusion,explicit_residual_likelihood_guided_diffusion_calibrated90,rmse_norm,25,-0.00011177298815580494,-4.976167633949369e-05,-0.00039747205134290145,0.00017496369672947485,0.46284976113794135,0.3525196313858032,False,0.49710398533768074,0.386634434423139
explicit_residual_target_diffusion,explicit_residual_likelihood_guided_diffusion_calibrated90,crps_norm,25,-0.0003540556132793321,0.00031502172350880014,-0.001565215226262796,0.0006845640353858666,0.5552415427695234,0.42614197731018066,False,0.5888925453616158,0.45644370206941043
explicit_residual_target_diffusion,explicit_residual_likelihood_guided_diffusion_calibrated90,uce,25,-0.044950552249061394,-0.0397835920034222,-0.05022715921719523,-0.03986840863835933,1.2173060259670463e-14,5.960464477539063e-08,False,2.1816177272602185e-14,9.769907339216921e-08
explicit_residual_target_diffusion,explicit_residual_likelihood_guided_diffusion_calibrated90,ence,25,-1.2791043338784218,-1.171273145788367,-1.5062799478687086,-1.068684945539218,6.542114865055899e-11,5.960464477539063e-08,False,1.1153462305754325e-10,9.769907339216921e-08
explicit_residual_target_diffusion,explicit_residual_likelihood_guided_diffusion_calibrated90,ause_abs_error,25,0.00037706787731138795,0.0003040658649256997,-0.00027791424817694745,0.0010577759177071173,0.2828393030209167,0.3665854334831238,True,0.32177883375832295,0.3976633234684752
explicit_residual_target_diffusion,explicit_residual_likelihood_guided_diffusion_calibrated90,width90_norm,25,0.13838927417993546,0.14547528326511389,0.11837806979566816,0.16030760998278856,4.05233175614254e-12,5.960464477539063e-08,True,6.938524877423918e-12,9.769907339216921e-08
explicit_residual_target_diffusion,explicit_residual_target_diffusion_calibrated90,mae_kpa,25,4.768371580254893e-08,0.0,9.5367431640625e-09,9.536743160509786e-08,0.05693984989376227,0.05878172135535886,True,0.06886018432274096,0.07079984657173789
explicit_residual_target_diffusion,explicit_residual_target_diffusion_calibrated90,rmse_kpa,25,6.792705917746389e-09,0.0,-9.163208289919566e-08,1.0521749473468844e-07,0.8948256786213399,1.0,True,0.9085687351189372,1.0
explicit_residual_target_diffusion,explicit_residual_target_diffusion_calibrated90,mae_norm,25,8.940696721859708e-10,0.0,0.0,1.7881393465923879e-09,0.08298526075330065,0.10247043485974937,True,0.10015462504708698,0.1230472426671057
explicit_residual_target_diffusion,explicit_residual_target_diffusion_calibrated90,rmse_norm,25,2.7121547008235323e-10,0.0,-6.784254991121231e-10,1.2342925283792548e-09,0.6143688018009505,0.22491588401596185,True,0.6413148018799396,0.25563505442119827
explicit_residual_target_diffusion,explicit_residual_target_diffusion_calibrated90,crps_norm,25,-0.0002999837696552199,0.0006027072668075978,-0.0015640851967036735,0.0007374793961644315,0.6234642439250766,0.2751842737197876,False,0.6491010063611908,0.3098101094858536
explicit_residual_target_diffusion,explicit_residual_target_diffusion_calibrated90,uce,25,-0.045453977511861934,-0.04312667352771189,-0.05063260900751653,-0.040474787684119266,5.786488340275169e-15,5.960464477539063e-08,False,1.0528931383681119e-14,9.769907339216921e-08
explicit_residual_target_diffusion,explicit_residual_target_diffusion_calibrated90,ence,25,-1.2678826884175758,-1.087141182204891,-1.5065236397207307,-1.0572778808961767,1.296948474039814e-10,5.960464477539063e-08,False,2.1922850626525263e-10,9.769907339216921e-08
explicit_residual_target_diffusion,explicit_residual_target_diffusion_calibrated90,ause_abs_error,25,7.796240002189148e-10,-6.8231011118857765e-12,-2.1777271223474838e-10,2.5625531576076167e-09,0.37264413482259606,0.9578450322151184,True,0.40983966768843744,0.9643279089136979
explicit_residual_target_diffusion,explicit_residual_target_diffusion_calibrated90,width90_norm,25,0.14083402127027514,0.1469054892659188,0.12060873957723381,0.1620319520831108,2.5064082962758764e-12,5.960464477539063e-08,True,4.316390553644418e-12,9.769907339216921e-08
explicit_residual_target_diffusion,likelihood_guided_diffusion,mae_kpa,25,9.65772068977356,9.334872961044313,9.305588016986848,10.02985517859459,4.939363297456187e-26,5.960464477539063e-08,True,2.1689482011038876e-25,9.769907339216921e-08
explicit_residual_target_diffusion,likelihood_guided_diffusion,rmse_kpa,25,4.843769148962022,4.622174463155952,4.476322227012687,5.232377492635289,2.5126864304988137e-18,5.960464477539063e-08,True,5.794764464369614e-18,9.769907339216921e-08
explicit_residual_target_diffusion,likelihood_guided_diffusion,mae_norm,25,0.36065336167812345,0.35628582537174225,0.3530162573754787,0.36901076985150577,2.5788834578070506e-31,5.960464477539063e-08,True,4.513046051162339e-30,9.769907339216921e-08
explicit_residual_target_diffusion,likelihood_guided_diffusion,rmse_norm,25,0.2999055538478918,0.2989736272906526,0.29211227517463845,0.308108126670994,1.4819208966414186e-29,5.960464477539063e-08,True,1.3160342291069314e-28,9.769907339216921e-08
explicit_residual_target_diffusion,likelihood_guided_diffusion,crps_norm,25,0.3478931125998497,0.3478800244629383,0.3403635973706841,0.35589064603298903,1.7567556061914682e-31,5.960464477539063e-08,True,4.355289940349681e-30,9.769907339216921e-08
explicit_residual_target_diffusion,likelihood_guided_diffusion,uce,25,0.29652210093266246,0.3026160505509095,0.2858391035137806,0.306422798825678,7.777629032089354e-27,5.960464477539063e-08,True,3.997668911251348e-26,9.769907339216921e-08
explicit_residual_target_diffusion,likelihood_guided_diffusion,ence,25,3.193808146174312,3.369320193515186,2.7917036010017715,3.571020463132975,3.681866896518182e-14,5.960464477539063e-08,True,6.55901438152191e-14,9.769907339216921e-08
explicit_residual_target_diffusion,likelihood_guided_diffusion,ause_abs_error,25,0.0695854793797071,0.06743533427271259,0.0653221939276827,0.0738592558942728,5.175213482901068e-21,5.960464477539063e-08,True,1.4255860137150826e-20,9.769907339216921e-08
explicit_residual_target_diffusion,likelihood_guided_diffusion,width90_norm,25,0.0698676535487175,0.08382114768028262,0.05221165032684805,0.08661313331127167,4.280809769497224e-08,5.960464477539062e-07,True,6.590121119924576e-08,9.223605628441462e-07
explicit_residual_target_diffusion,likelihood_guided_diffusion_calibrated90,mae_kpa,25,9.65772053718567,9.334872961044313,9.303877794981002,10.028466964960097,4.939339146364897e-26,5.960464477539063e-08,True,2.1689482011038876e-25,9.769907339216921e-08
explicit_residual_target_diffusion,likelihood_guided_diffusion_calibrated90,rmse_kpa,25,4.843769128955749,4.622174463155952,4.469912341323324,5.2331115062732865,2.5126831710140375e-18,5.960464477539063e-08,True,5.794764464369614e-18,9.769907339216921e-08
explicit_residual_target_diffusion,likelihood_guided_diffusion_calibrated90,mae_norm,25,0.360653355717659,0.35628582537174225,0.3530716035440564,0.3691596672981977,2.5788694756891445e-31,5.960464477539063e-08,True,4.513046051162339e-30,9.769907339216921e-08
explicit_residual_target_diffusion,likelihood_guided_diffusion_calibrated90,rmse_norm,25,0.2999055558410077,0.2989736272906526,0.29205876045731016,0.30817366913114835,1.48191672192229e-29,5.960464477539063e-08,True,1.3160342291069314e-28,9.769907339216921e-08
explicit_residual_target_diffusion,likelihood_guided_diffusion_calibrated90,crps_norm,25,0.16834187835454942,0.1658211648464203,0.1632776613086462,0.173688056729734,6.1184776677657485e-28,5.960464477539063e-08,True,3.5004752041544426e-27,9.769907339216921e-08
explicit_residual_target_diffusion,likelihood_guided_diffusion_calibrated90,uce,25,0.2510314186353963,0.2528103820787586,0.22833302805850872,0.2730137786258879,2.7066220913180276e-17,5.960464477539063e-08,True,5.746042528144395e-17,9.769907339216921e-08
explicit_residual_target_diffusion,likelihood_guided_diffusion_calibrated90,ence,25,-1.5991401133593979,-1.5059357808133904,-1.96993782946962,-1.2722380128483681,5.607749130490878e-09,5.960464477539063e-08,False,8.80372224971523e-09,9.769907339216921e-08
explicit_residual_target_diffusion,likelihood_guided_diffusion_calibrated90,ause_abs_error,25,0.06958547947051107,0.06743533455161821,0.06536373972230496,0.07387959914504318,5.1752177511326365e-21,5.960464477539063e-08,True,1.4255860137150826e-20,9.769907339216921e-08
explicit_residual_target_diffusion,likelihood_guided_diffusion_calibrated90,width90_norm,25,2.059916044175625,2.0577095597982407,2.0007317994311453,2.1214068883359434,1.283214726926019e-28,5.960464477539063e-08,True,7.994898036868915e-28,9.769907339216921e-08
explicit_residual_target_diffusion,prior_init_diffusion_unet,mae_kpa,25,-0.12230505943298339,-0.09027385711669966,-0.19564021849632257,-0.06502176022529613,0.0013824862430759205,1.5079975128173828e-05,False,0.0018759014055948111,2.1884354149422996e-05
explicit_residual_target_diffusion,prior_init_diffusion_unet,rmse_kpa,25,-0.0582415416823482,-0.02621836613123385,-0.09601910231630251,-0.024023091704222156,0.004966459835042039,0.0041751861572265625,False,0.006273977923248436,0.005101100130492412
explicit_residual_target_diffusion,prior_init_diffusion_unet,mae_norm,25,-0.009051504135131828,-0.006286248564720098,-0.013908598162233833,-0.005019998960196957,0.0008195583981963759,2.664327621459961e-05,False,0.0011722060577015647,3.6781320992312685e-05
explicit_residual_target_diffusion,prior_init_diffusion_unet,rmse_norm,25,-0.0026079324297533014,-0.001412557550092508,-0.004385055832788262,-0.0012059532583167639,0.005374678129686524,3.814697265625e-05,False,0.006732495388436063,5.05511107582823e-05
explicit_residual_target_diffusion,prior_init_diffusion_unet,crps_norm,25,0.012925978899002084,0.015185773372650195,0.009805799126625072,0.015413044210523374,8.629239167566517e-09,2.562999725341797e-06,True,1.340573708799498e-08,3.860721105261694e-06
explicit_residual_target_diffusion,prior_init_diffusion_unet,uce,25,0.0475203410366892,0.048001766455056605,0.04261420768059943,0.052791622457275644,1.6940985066484252e-15,5.960464477539063e-08,True,3.1898373780247245e-15,9.769907339216921e-08
explicit_residual_target_diffusion,prior_init_diffusion_unet,ence,25,11.78850448008604,11.04475934943213,10.999249229255959,12.663168922370781,1.364805208833328e-19,5.960464477539063e-08,True,3.5773528601578423e-19,9.769907339216921e-08
explicit_residual_target_diffusion,prior_init_diffusion_unet,ause_abs_error,25,-0.0050968803371399685,-0.004355050931444501,-0.006143408414619799,-0.00406629438636436,2.032199652918215e-09,5.960464477539063e-08,False,3.2417148392065212e-09,9.769907339216921e-08
explicit_residual_target_diffusion,prior_init_diffusion_unet,width90_norm,25,-0.1527766451984644,-0.1550621613860131,-0.16921929239295422,-0.13761357360892,1.1954675486698384e-15,5.960464477539063e-08,False,2.272534158014549e-15,9.769907339216921e-08
explicit_residual_target_diffusion,prior_init_diffusion_unet_calibrated90,mae_kpa,25,-0.1223050117492676,-0.09027385711669966,-0.19375197911262507,-0.06467582440376284,0.001382492044291302,1.5079975128173828e-05,False,0.0018759014055948111,2.1884354149422996e-05
explicit_residual_target_diffusion,prior_init_diffusion_unet_calibrated90,rmse_kpa,25,-0.05824156231831758,-0.026218711487357993,-0.09565976901145849,-0.023339452095968348,0.004966444017715798,0.0041751861572265625,False,0.006273977923248436,0.005101100130492412
explicit_residual_target_diffusion,prior_init_diffusion_unet_calibrated90,mae_norm,25,-0.009051503539085381,-0.006286248564720098,-0.013941771909594534,-0.005024852275848382,0.000819559193283783,2.664327621459961e-05,False,0.0011722060577015647,3.6781320992312685e-05
explicit_residual_target_diffusion,prior_init_diffusion_unet_calibrated90,rmse_norm,25,-0.002607932308915841,-0.001412557550092508,-0.004431454801261368,-0.0012221148207432662,0.005374681192448958,3.814697265625e-05,False,0.006732495388436063,5.05511107582823e-05
explicit_residual_target_diffusion,prior_init_diffusion_unet_calibrated90,crps_norm,25,0.0051938641071319755,0.006550565361976596,0.002399520792067061,0.00757563589513304,0.0009513831462122977,0.0014527440071105957,True,0.0013445913824140549,0.001843033441856726
explicit_residual_target_diffusion,prior_init_diffusion_unet_calibrated90,uce,25,-0.048349646036956295,-0.04763303024150589,-0.05384482005143904,-0.04263456652278579,8.912402964981694e-15,5.960464477539063e-08,False,1.6020784785994284e-14,9.769907339216921e-08
explicit_residual_target_diffusion,prior_init_diffusion_unet_calibrated90,ence,25,-1.7326817504773668,-1.6130505290491388,-2.1062801558794013,-1.3936601936022017,2.2332668253700404e-09,5.960464477539063e-08,False,3.543450029587131e-09,9.769907339216921e-08
explicit_residual_target_diffusion,prior_init_diffusion_unet_calibrated90,ause_abs_error,25,-0.005096880084782767,-0.004355050902258701,-0.006171085416120861,-0.004049491498990114,2.0322010672672815e-09,5.960464477539063e-08,False,3.2417148392065212e-09,9.769907339216921e-08
explicit_residual_target_diffusion,prior_init_diffusion_unet_calibrated90,width90_norm,25,0.17018184393644334,0.1854102611541748,0.15409337692707778,0.18499547983705997,7.046631107121327e-17,5.960464477539063e-08,True,1.4457743133576515e-16,9.769907339216921e-08
explicit_residual_target_diffusion,residual_likelihood_guided_diffusion,mae_kpa,25,-0.1223111820220948,-0.09030246734619185,-0.1937721564769746,-0.06444079208374034,0.0013962747408885156,1.5079975128173828e-05,False,0.0018774767702342751,2.1884354149422996e-05
explicit_residual_target_diffusion,residual_likelihood_guided_diffusion,rmse_kpa,25,-0.05883586204001702,-0.026148259061772094,-0.09671297336880529,-0.023788505823505297,0.004547654144991412,0.003419220447540283,False,0.0057941637522670114,0.0042120831600133924
explicit_residual_target_diffusion,residual_likelihood_guided_diffusion,mae_norm,25,-0.009044349491596217,-0.006251603364944389,-0.013917216002941105,-0.004925833515822882,0.0008295092154769858,2.664327621459961e-05,False,0.0011751380552590632,3.6781320992312685e-05
explicit_residual_target_diffusion,residual_likelihood_guided_diffusion,rmse_norm,25,-0.0026060515270020313,-0.001345160905460302,-0.004434466110953045,-0.0012105252946876127,0.00542446613803219,3.1948089599609375e-05,False,0.0067381191610506085,4.3499115129902924e-05
explicit_residual_target_diffusion,residual_likelihood_guided_diffusion,crps_norm,25,0.012932804226875294,0.015176847577095094,0.00968571464344859,0.015398711398243895,8.563623897683875e-09,2.562999725341797e-06,True,1.3338628845868864e-08,3.860721105261694e-06
explicit_residual_target_diffusion,residual_likelihood_guided_diffusion,uce,25,0.04753411545087256,0.04802244979034641,0.04276071134109919,0.05280744936900732,1.821367695533988e-15,5.960464477539063e-08,True,3.4186554537625327e-15,9.769907339216921e-08
explicit_residual_target_diffusion,residual_likelihood_guided_diffusion,ence,25,11.777749883943159,11.002638787051616,10.97912089552235,12.63056532745713,1.4361817617668292e-19,5.960464477539063e-08,True,3.7479304747862426e-19,9.769907339216921e-08
explicit_residual_target_diffusion,residual_likelihood_guided_diffusion,ause_abs_error,25,-0.005142373140994257,-0.004520304268443302,-0.00619914247097578,-0.00410911788514588,1.7412350429807198e-09,5.960464477539063e-08,False,2.8076825218794805e-09,9.769907339216921e-08
explicit_residual_target_diffusion,residual_likelihood_guided_diffusion,width90_norm,25,-0.1527775664627552,-0.15511785633862019,-0.1688430865947157,-0.13738501088880004,1.1949023886230576e-15,5.960464477539063e-08,False,2.272534158014549e-15,9.769907339216921e-08
explicit_residual_target_diffusion,residual_likelihood_guided_diffusion_calibrated90,mae_kpa,25,-0.12231120109558115,-0.09030246734619185,-0.1945969371795655,-0.06466419744491579,0.0013962724054754326,1.5079975128173828e-05,False,0.0018774767702342751,2.1884354149422996e-05
explicit_residual_target_diffusion,residual_likelihood_guided_diffusion_calibrated90,rmse_kpa,25,-0.058835805032566885,-0.026148259061772094,-0.0955141874984922,-0.02243492181463706,0.004547688188754108,0.003419220447540283,False,0.0057941637522670114,0.0042120831600133924
explicit_residual_target_diffusion,residual_likelihood_guided_diffusion_calibrated90,mae_norm,25,-0.009044349193572993,-0.006251603364944389,-0.01391431872546673,-0.004981672801077366,0.0008295091519255767,2.664327621459961e-05,False,0.0011751380552590632,3.6781320992312685e-05
explicit_residual_target_diffusion,residual_likelihood_guided_diffusion_calibrated90,rmse_norm,25,-0.0026060515335718814,-0.001345160905460302,-0.004480860101287346,-0.0012068860382627323,0.005424469038896204,3.1948089599609375e-05,False,0.0067381191610506085,4.3499115129902924e-05
explicit_residual_target_diffusion,residual_likelihood_guided_diffusion_calibrated90,crps_norm,25,0.005199395418167099,0.006564319133758503,0.0023316486254334307,0.0075396029464900255,0.0009957990877866216,0.0014527440071105957,True,0.0014040295195095732,0.001843033441856726
explicit_residual_target_diffusion,residual_likelihood_guided_diffusion_calibrated90,uce,25,-0.048506862322057455,-0.048254369394539504,-0.053718172049751454,-0.042836592315009886,7.2515739011482e-15,5.960464477539063e-08,False,1.3074807488433875e-14,9.769907339216921e-08
explicit_residual_target_diffusion,residual_likelihood_guided_diffusion_calibrated90,ence,25,-1.7352141903313052,-1.6077740861633318,-2.112218702149763,-1.3955384833755013,2.1281867785945693e-09,5.960464477539063e-08,False,3.3857516932186327e-09,9.769907339216921e-08
explicit_residual_target_diffusion,residual_likelihood_guided_diffusion_calibrated90,ause_abs_error,25,-0.00514237619093426,-0.004520304295794902,-0.006214208835695591,-0.00412858800152253,1.7412088190373902e-09,5.960464477539063e-08,False,2.8076825218794805e-09,9.769907339216921e-08
explicit_residual_target_diffusion,residual_likelihood_guided_diffusion_calibrated90,width90_norm,25,0.17020418733358383,0.18466737866401678,0.15390072531998159,0.18499306313693525,8.31488584800812e-17,5.960464477539063e-08,True,1.6943003697139833e-16,9.769907339216921e-08
explicit_residual_target_diffusion,srcnn_bz_single_channel,mae_kpa,25,0.7200134563446045,0.7988936901092529,0.6297560641765595,0.804179484128952,4.4852176316817936e-14,5.960464477539063e-08,True,7.930771146658743e-14,9.769907339216921e-08
explicit_residual_target_diffusion,srcnn_bz_single_channel,rmse_kpa,25,1.8805454838708147,1.945701858846883,1.7097100637292106,2.046525333044743,4.506712856148341e-17,5.960464477539063e-08,True,9.310786875397455e-17,9.769907339216921e-08
explicit_residual_target_diffusion,srcnn_bz_single_channel,mae_norm,25,0.029558137655258186,0.03387335687875741,0.024020482935011404,0.034546369150280955,1.1247454824921012e-10,2.980232238769531e-07,True,1.9120689559346634e-10,4.654168456871053e-07
explicit_residual_target_diffusion,srcnn_bz_single_channel,rmse_norm,25,0.042113723947439195,0.04571166151793299,0.03817202067928014,0.04579049399923092,4.1226308498778566e-17,5.960464477539063e-08,True,8.606895984832718e-17,9.769907339216921e-08
explicit_residual_target_diffusion,srcnn_bz_single_channel,crps_norm,25,0.056479741632938396,0.0598071701824665,0.052424613215029225,0.060097643338143825,5.85977161461615e-20,5.960464477539063e-08,True,1.559983942146134e-19,9.769907339216921e-08
explicit_residual_target_diffusion,srcnn_bz_single_channel,uce,25,0.12222495490331689,0.1231788488081566,0.11733648531072352,0.12723333737106934,3.8229628363380692e-25,5.960464477539063e-08,True,1.4261209326778377e-24,9.769907339216921e-08
explicit_residual_target_diffusion,srcnn_bz_single_channel,ause_abs_error,25,0.06568803086664907,0.0641361922634206,0.06329672474009553,0.06829774807697028,5.804392070467693e-26,5.960464477539063e-08,True,2.493583699612449e-25,9.769907339216921e-08
explicit_residual_target_diffusion,srcnn_bz_single_channel,width90_norm,25,-0.18039758592844005,-0.1815960705280304,-0.19693730440735813,-0.16501793044805527,2.728682951178565e-17,5.960464477539063e-08,False,5.757327503373213e-17,9.769907339216921e-08
explicit_residual_target_diffusion,train_mean_prior,mae_kpa,25,0.9963113784790039,1.069333791732788,0.8987994973659515,1.0890934000015258,1.7077155830455123e-16,5.960464477539063e-08,True,3.432739094297567e-16,9.769907339216921e-08
explicit_residual_target_diffusion,train_mean_prior,rmse_kpa,25,2.2837360189447566,2.334059903204693,2.0863186765514854,2.481054367932077,1.6719390512536987e-17,5.960464477539063e-08,True,3.578444633580326e-17,9.769907339216921e-08
explicit_residual_target_diffusion,train_mean_prior,mae_norm,25,0.05468755841255188,0.05894163250923161,0.04894568268209697,0.059912155248224734,4.4192656816384424e-16,5.960464477539063e-08,True,8.593017742219482e-16,9.769907339216921e-08
explicit_residual_target_diffusion,train_mean_prior,rmse_norm,25,0.05748777487648202,0.0602772667447915,0.052814272370900535,0.06181143098036502,1.3003871275185387e-18,5.960464477539063e-08,True,3.203852343161617e-18,9.769907339216921e-08
explicit_residual_target_diffusion,unet_canonical_bxyz,mae_kpa,25,-0.13985544204711908,-0.11377310752868608,-0.20909078598022454,-0.08307958722114553,0.0003633312910895767,4.172325134277344e-07,False,0.0005259905552270028,6.473359725932254e-07
explicit_residual_target_diffusion,unet_canonical_bxyz,rmse_kpa,25,-0.08868892452163553,-0.06402634756234171,-0.12751551834004882,-0.05270911544473175,0.00012445740482564297,3.1948089599609375e-05,False,0.0001806150143201404,4.3499115129902924e-05
explicit_residual_target_diffusion,unet_canonical_bxyz,mae_norm,25,-0.011384923160076143,-0.008543506264686501,-0.016379348851740357,-0.007283839151263247,7.323104764097412e-05,1.1920928955078125e-07,False,0.00010771934078214983,1.9118470965691334e-07
explicit_residual_target_diffusion,unet_canonical_bxyz,rmse_norm,25,-0.0030864762993083605,-0.0021071610082604997,-0.004909475094845421,-0.0016837282686599385,0.0013804175606549598,3.2782554626464844e-06,False,0.0018759014055948111,4.925661616855197e-06
explicit_residual_target_diffusion,unet_canonical_bxyz,crps_norm,25,0.015536683201789851,0.017927289009094197,0.012307231899350872,0.01808202124387025,3.766170951468474e-10,4.172325134277344e-07,True,6.32121781699222e-10,6.473359725932254e-07
explicit_residual_target_diffusion,unet_canonical_bxyz,uce,25,0.0770592965224073,0.0789629525625266,0.07264132977542778,0.08174481575011877,2.1154543729388545e-21,5.960464477539063e-08,True,6.504885539527744e-21,9.769907339216921e-08
explicit_residual_target_diffusion,unet_canonical_bxyz,ause_abs_error,25,0.04029756480097634,0.039154206919196,0.038434384880621245,0.0421560607463565,5.769122856582304e-24,5.960464477539063e-08,True,2.03114088737661e-23,9.769907339216921e-08
explicit_residual_target_diffusion,unet_canonical_bxyz,width90_norm,25,-0.18039758592844005,-0.1815960705280304,-0.1966528907865286,-0.16452563276886933,2.728682951178565e-17,5.960464477539063e-08,False,5.757327503373213e-17,9.769907339216921e-08
explicit_residual_target_diffusion,vanilla_diffusion,mae_kpa,25,9.64775860786438,9.304128408432007,9.29607770204544,10.028650676488876,5.949320094406471e-26,5.960464477539063e-08,True,2.519466082758845e-25,9.769907339216921e-08
explicit_residual_target_diffusion,vanilla_diffusion,rmse_kpa,25,4.838485715003766,4.64258764111106,4.470883370979208,5.227074886463337,1.9655617584688316e-18,5.960464477539063e-08,True,4.734857614531406e-18,9.769907339216921e-08
explicit_residual_target_diffusion,vanilla_diffusion,mae_norm,25,0.3604467076063156,0.3543674498796463,0.3525024493858218,0.3689255103394389,3.855345375854922e-31,5.960464477539063e-08,True,6.0366592069307335e-30,9.769907339216921e-08
explicit_residual_target_diffusion,vanilla_diffusion,rmse_norm,25,0.2997518938185738,0.2983648649929347,0.2919178202457307,0.30808536127769,1.720815073128728e-29,5.960464477539063e-08,True,1.422065202444069e-28,9.769907339216921e-08
explicit_residual_target_diffusion,vanilla_diffusion,crps_norm,25,0.3476130506396294,0.3448922261595726,0.340036403182894,0.3556276051513851,2.5351732251440983e-31,5.960464477539063e-08,True,4.513046051162339e-30,9.769907339216921e-08
explicit_residual_target_diffusion,vanilla_diffusion,uce,25,0.2963115660867648,0.3036163741315233,0.2859719017780396,0.30634334489108894,7.793774684120275e-27,5.960464477539063e-08,True,3.997668911251348e-26,9.769907339216921e-08
explicit_residual_target_diffusion,vanilla_diffusion,ence,25,3.185582422270634,3.3725778831203197,2.788796555127324,3.552352461060671,3.707900327302811e-14,5.960464477539063e-08,True,6.595517772033402e-14,9.769907339216921e-08
explicit_residual_target_diffusion,vanilla_diffusion,ause_abs_error,25,0.06990305182049633,0.07023351889920461,0.0654550614351574,0.07439376784095737,1.2660923294705427e-20,5.960464477539063e-08,True,3.424218549517857e-20,9.769907339216921e-08
explicit_residual_target_diffusion,vanilla_diffusion,width90_norm,25,0.07025274187326432,0.08286762237548831,0.05270361360907555,0.08698353052139284,3.905584466061385e-08,8.344650268554688e-07,True,6.02807459742289e-08,1.2813075896232359e-06
explicit_residual_target_diffusion,vanilla_diffusion_calibrated90,mae_kpa,25,9.64775860786438,9.304128408432007,9.295527308225632,10.02997657585144,5.949305504035282e-26,5.960464477539063e-08,True,2.519466082758845e-25,9.769907339216921e-08
explicit_residual_target_diffusion,vanilla_diffusion_calibrated90,rmse_kpa,25,4.838485757098469,4.642588167791985,4.469310406050669,5.219512794462686,1.9655614523956784e-18,5.960464477539063e-08,True,4.734857614531406e-18,9.769907339216921e-08
explicit_residual_target_diffusion,vanilla_diffusion_calibrated90,mae_norm,25,0.3604467064142227,0.3543674498796463,0.35256088662892576,0.3690040544718504,3.8553368796071847e-31,5.960464477539063e-08,True,6.0366592069307335e-30,9.769907339216921e-08
explicit_residual_target_diffusion,vanilla_diffusion_calibrated90,rmse_norm,25,0.29975189370537586,0.2983648649929347,0.2918670608426626,0.30798170293213567,1.7208183962348397e-29,5.960464477539063e-08,True,1.422065202444069e-28,9.769907339216921e-08
explicit_residual_target_diffusion,vanilla_diffusion_calibrated90,crps_norm,25,0.16886435836553573,0.16898357868194588,0.1634188448302448,0.17446007493510843,2.553307610364227e-27,5.960464477539063e-08,True,1.35041602503708e-26,9.769907339216921e-08
explicit_residual_target_diffusion,vanilla_diffusion_calibrated90,uce,25,0.24846247384953807,0.24935110566030239,0.22715328195198933,0.2698159444354685,1.4539261499224433e-17,5.960464477539063e-08,True,3.145767488014014e-17,9.769907339216921e-08
explicit_residual_target_diffusion,vanilla_diffusion_calibrated90,ence,25,-1.5997137600078595,-1.502886973037636,-1.9637376184470332,-1.2684372940915296,5.6857272920098625e-09,5.960464477539063e-08,False,8.914381393269745e-09,9.769907339216921e-08
explicit_residual_target_diffusion,vanilla_diffusion_calibrated90,ause_abs_error,25,0.06990305112400313,0.0702335189965218,0.0655384267164518,0.07443659330042686,1.2660933689381186e-20,5.960464477539063e-08,True,3.424218549517857e-20,9.769907339216921e-08
explicit_residual_target_diffusion,vanilla_diffusion_calibrated90,width90_norm,25,2.051443940103054,2.0788078010082245,1.9965464960411192,2.1056882190406325,2.059824863569828e-29,5.960464477539063e-08,True,1.6904769569986864e-28,9.769907339216921e-08
explicit_residual_target_diffusion_calibrated90,explicit_residual_likelihood_guided_diffusion,mae_kpa,25,-0.0037293815612792613,-0.0072078704833984375,-0.009767419099807755,0.002912463665008596,0.27094779473281033,0.15633821487426758,False,0.3130480090336552,0.18474923108279884
explicit_residual_target_diffusion_calibrated90,explicit_residual_likelihood_guided_diffusion,rmse_kpa,25,0.005152492991276531,0.004975119608667811,-0.005414811164461976,0.015647064868641935,0.3592545205892375,0.39571136236190796,True,0.39806176436001495,0.424613634996096
explicit_residual_target_diffusion_calibrated90,explicit_residual_likelihood_guided_diffusion,mae_norm,25,-0.00014548957347869097,-0.00022675842046740446,-0.00044193565100430137,0.00017295981198549505,0.3792615074973876,0.17295855283737183,False,0.41330118354303846,0.20198300086013
explicit_residual_target_diffusion_calibrated90,explicit_residual_likelihood_guided_diffusion,rmse_norm,25,-0.00011177366845115166,-4.976167633949369e-05,-0.00039494333999563096,0.00018495542218778435,0.46284676960923155,0.3525196313858032,False,0.49710398533768074,0.386634434423139
explicit_residual_target_diffusion_calibrated90,explicit_residual_likelihood_guided_diffusion,crps_norm,25,0.00023702844977377958,-0.0006156787276268005,-0.0008489231429994202,0.0016022209785878537,0.7154580592402564,0.23036134243011475,True,0.7397003392666421,0.2613250691056592
explicit_residual_target_diffusion_calibrated90,explicit_residual_likelihood_guided_diffusion,uce,25,0.046131955611224906,0.04599980895556499,0.04100901645633306,0.051254001709287414,5.605443571412289e-15,5.960464477539063e-08,True,1.0230794248436539e-14,9.769907339216921e-08
explicit_residual_target_diffusion_calibrated90,explicit_residual_likelihood_guided_diffusion,ence,25,1.2635241372287356,1.100638795615609,1.01066021121579,1.5355888737166086,2.3915405279746572e-09,5.960464477539063e-08,True,3.784485675917343e-09,9.769907339216921e-08
explicit_residual_target_diffusion_calibrated90,explicit_residual_likelihood_guided_diffusion,ause_abs_error,25,0.00037706649019107226,0.00030406586666279975,-0.00026141300186823387,0.0010664728580365007,0.2828408908497528,0.3665854334831238,True,0.32177883375832295,0.3976633234684752
explicit_residual_target_diffusion_calibrated90,explicit_residual_likelihood_guided_diffusion,width90_norm,25,-0.14129758536815643,-0.1465522721409798,-0.16204178866744046,-0.12093526802212003,2.322232926042721e-12,5.960464477539063e-08,False,4.010823195922842e-12,9.769907339216921e-08
explicit_residual_target_diffusion_calibrated90,explicit_residual_likelihood_guided_diffusion_calibrated90,mae_kpa,25,-0.0037293529510497693,-0.0072078704833984375,-0.009752188205718975,0.0030313045978547005,0.27095103651746877,0.15633821487426758,False,0.3130480090336552,0.18474923108279884
explicit_residual_target_diffusion_calibrated90,explicit_residual_likelihood_guided_diffusion_calibrated90,rmse_kpa,25,0.0051524526939086,0.00497632938919601,-0.0052920479860981105,0.015563004182812482,0.3592591049770219,0.39571136236190796,True,0.39806176436001495,0.424613634996096
explicit_residual_target_diffusion_calibrated90,explicit_residual_likelihood_guided_diffusion_calibrated90,mae_norm,25,-0.0001454895734786954,-0.00022675842046740446,-0.0004380096867680367,0.00018378137797116667,0.37926171709793616,0.17295855283737183,False,0.41330118354303846,0.20198300086013
explicit_residual_target_diffusion_calibrated90,explicit_residual_likelihood_guided_diffusion_calibrated90,rmse_norm,25,-0.00011177325937127503,-4.976167633949369e-05,-0.0003958998794002611,0.00018235965046348035,0.46284869451047467,0.3525196313858032,False,0.49710398533768074,0.386634434423139
explicit_residual_target_diffusion_calibrated90,explicit_residual_likelihood_guided_diffusion_calibrated90,crps_norm,25,-5.4071843624112216e-05,-0.0001919865608214985,-0.00021547117829323191,0.00011454507708549964,0.538368424031131,0.3665854334831238,False,0.5720164505330767,0.3976633234684752
explicit_residual_target_diffusion_calibrated90,explicit_residual_likelihood_guided_diffusion_calibrated90,uce,25,0.0005034252628005397,0.0009869548375487022,-0.0012138366364271363,0.0022798995267565756,0.5832150530098382,0.5601714849472046,True,0.6130970963619324,0.5888728507837221
explicit_residual_target_diffusion_calibrated90,explicit_residual_likelihood_guided_diffusion_calibrated90,ence,25,-0.011221645460846112,0.015161741691852249,-0.0667672409997814,0.0401403207815983,0.6884210043213047,0.9158032536506653,False,0.7129860706199762,0.9298684913347198
explicit_residual_target_diffusion_calibrated90,explicit_residual_likelihood_guided_diffusion_calibrated90,ause_abs_error,25,0.0003770670976873877,0.00030406590464779684,-0.00026974772711251194,0.001052197786780856,0.2828401473119133,0.3665854334831238,True,0.32177883375832295,0.3976633234684752
explicit_residual_target_diffusion_calibrated90,explicit_residual_likelihood_guided_diffusion_calibrated90,width90_norm,25,-0.002444747090339661,-0.0028111934661865234,-0.006156717285513869,0.0010949203073978412,0.2165085268697216,0.2634761333465576,False,0.25459006618079916,0.29719108879848677
explicit_residual_target_diffusion_calibrated90,explicit_residual_target_diffusion,mae_kpa,25,-4.768371580254893e-08,0.0,-9.536743160509786e-08,-9.5367431640625e-09,0.05693984989376227,0.05878172135535886,False,0.06886018432274096,0.07079984657173789
explicit_residual_target_diffusion_calibrated90,explicit_residual_target_diffusion,rmse_kpa,25,-6.792705917746389e-09,0.0,-1.0598582143472868e-07,9.163208289919566e-08,0.8948256786213399,1.0,False,0.9085687351189372,1.0
explicit_residual_target_diffusion_calibrated90,explicit_residual_target_diffusion,mae_norm,25,-8.940696721859708e-10,0.0,-1.7881393460372763e-09,0.0,0.08298526075330065,0.10247043485974937,False,0.10015462504708698,0.1230472426671057
explicit_residual_target_diffusion_calibrated90,explicit_residual_target_diffusion,rmse_norm,25,-2.7121547008235323e-10,0.0,-1.426960320988213e-09,6.784254991121231e-10,0.6143688018009505,0.22491588401596185,False,0.6413148018799396,0.25563505442119827
explicit_residual_target_diffusion_calibrated90,explicit_residual_target_diffusion,crps_norm,25,0.0002999837696552199,-0.0006027072668075978,-0.000752502720803029,0.001562942925840601,0.6234642439250766,0.2751842737197876,True,0.6491010063611908,0.3098101094858536
explicit_residual_target_diffusion_calibrated90,explicit_residual_target_diffusion,uce,25,0.045453977511861934,0.04312667352771189,0.04054544228611228,0.05068825373012227,5.786488340275169e-15,5.960464477539063e-08,True,1.0528931383681119e-14,9.769907339216921e-08
explicit_residual_target_diffusion_calibrated90,explicit_residual_target_diffusion,ence,25,1.2678826884175758,1.087141182204891,1.0502836177398382,1.5079486355585563,1.296948474039814e-10,5.960464477539063e-08,True,2.1922850626525263e-10,9.769907339216921e-08
explicit_residual_target_diffusion_calibrated90,explicit_residual_target_diffusion,ause_abs_error,25,-7.796240002189148e-10,6.8231011118857765e-12,-2.560337023539694e-09,2.1946613162557306e-10,0.37264413482259606,0.9578450322151184,False,0.40983966768843744,0.9643279089136979
explicit_residual_target_diffusion_calibrated90,explicit_residual_target_diffusion,width90_norm,25,-0.14083402127027514,-0.1469054892659188,-0.1625251100584865,-0.12080320194363597,2.5064082962758764e-12,5.960464477539063e-08,False,4.316390553644418e-12,9.769907339216921e-08
explicit_residual_target_diffusion_calibrated90,likelihood_guided_diffusion,mae_kpa,25,9.657720642089844,9.334872961044313,9.305480704069137,10.039681780815124,4.939369432765995e-26,5.960464477539063e-08,True,2.1689482011038876e-25,9.769907339216921e-08
explicit_residual_target_diffusion_calibrated90,likelihood_guided_diffusion,rmse_kpa,25,4.843769142169316,4.622174463155952,4.467312236550704,5.238377148661434,2.5126877845501855e-18,5.960464477539063e-08,True,5.794764464369614e-18,9.769907339216921e-08
explicit_residual_target_diffusion_calibrated90,likelihood_guided_diffusion,mae_norm,25,0.3606533607840538,0.35628582537174225,0.3529100866019726,0.3690485240668058,2.578880454924272e-31,5.960464477539063e-08,True,4.513046051162339e-30,9.769907339216921e-08
explicit_residual_target_diffusion_calibrated90,likelihood_guided_diffusion,rmse_norm,25,0.29990555357667636,0.2989736272906526,0.29204954042150943,0.30791936739671505,1.481920729561586e-29,5.960464477539063e-08,True,1.3160342291069314e-28,9.769907339216921e-08
explicit_residual_target_diffusion_calibrated90,likelihood_guided_diffusion,crps_norm,25,0.3481930963695049,0.3468304798007011,0.3406209295205772,0.3559877614416182,1.7170146980638174e-31,5.960464477539063e-08,True,4.355289940349681e-30,9.769907339216921e-08
explicit_residual_target_diffusion_calibrated90,likelihood_guided_diffusion,uce,25,0.3419760784445243,0.3427441091189013,0.3336509066805974,0.3506197177473441,2.629016962111357e-30,5.960464477539063e-08,True,3.2252888504252726e-29,9.769907339216921e-08
explicit_residual_target_diffusion_calibrated90,likelihood_guided_diffusion,ence,25,4.461690834591888,4.482915875327113,4.224121269065389,4.700442087637807,2.7735969956907752e-22,5.960464477539063e-08,True,9.271293328292198e-22,9.769907339216921e-08
explicit_residual_target_diffusion_calibrated90,likelihood_guided_diffusion,ause_abs_error,25,0.06958547860008309,0.0674353342891593,0.06532111876955048,0.07377834159661872,5.175232352969829e-21,5.960464477539063e-08,True,1.4255860137150826e-20,9.769907339216921e-08
explicit_residual_target_diffusion_calibrated90,likelihood_guided_diffusion,width90_norm,25,-0.07096636772155764,-0.05605950951576233,-0.10185847301781178,-0.04475522892177106,6.995406427404435e-05,1.0073184967041016e-05,False,0.00010328205519368832,1.4965156193231971e-05
explicit_residual_target_diffusion_calibrated90,likelihood_guided_diffusion_calibrated90,mae_kpa,25,9.657720489501953,9.334872961044313,9.310096721410751,10.024484155654907,4.9393452816461705e-26,5.960464477539063e-08,True,2.1689482011038876e-25,9.769907339216921e-08
explicit_residual_target_diffusion_calibrated90,likelihood_guided_diffusion_calibrated90,rmse_kpa,25,4.843769122163043,4.622174463155952,4.475658460239482,5.23461687394409,2.5126845250632053e-18,5.960464477539063e-08,True,5.794764464369614e-18,9.769907339216921e-08
explicit_residual_target_diffusion_calibrated90,likelihood_guided_diffusion_calibrated90,mae_norm,25,0.36065335482358934,0.35628582537174225,0.3528961099162698,0.3692461613342166,2.5788664728241723e-31,5.960464477539063e-08,True,4.513046051162339e-30,9.769907339216921e-08
explicit_residual_target_diffusion_calibrated90,likelihood_guided_diffusion_calibrated90,rmse_norm,25,0.29990555556979226,0.2989736272906526,0.29214064835461623,0.30801205291300787,1.4819165548429358e-29,5.960464477539063e-08,True,1.3160342291069314e-28,9.769907339216921e-08
explicit_residual_target_diffusion_calibrated90,likelihood_guided_diffusion_calibrated90,crps_norm,25,0.16864186212420462,0.1685957349836826,0.1637595946639776,0.17369895752891898,1.6722844764818149e-28,5.960464477539063e-08,True,9.851576866402771e-28,9.769907339216921e-08
explicit_residual_target_diffusion_calibrated90,likelihood_guided_diffusion_calibrated90,uce,25,0.2964853961472583,0.29616568254169073,0.27460970646311644,0.31817880333970766,3.4260635812349896e-19,5.960464477539063e-08,True,8.711571926644524e-19,9.769907339216921e-08
explicit_residual_target_diffusion_calibrated90,likelihood_guided_diffusion_calibrated90,ence,25,-0.3312574249418222,-0.2573575655506546,-0.5231024307345701,-0.16262692661165612,0.0018931288876589114,0.0006313323974609375,False,0.0025398234231275136,0.000808703501591513
explicit_residual_target_diffusion_calibrated90,likelihood_guided_diffusion_calibrated90,ause_abs_error,25,0.06958547869088708,0.0674353345680649,0.06528385993359408,0.0738212894751766,5.175236621217778e-21,5.960464477539063e-08,True,1.4255860137150826e-20,9.769907339216921e-08
explicit_residual_target_diffusion_calibrated90,likelihood_guided_diffusion_calibrated90,width90_norm,25,1.9190820229053498,1.8815483748912811,1.8595152147859335,1.9834347466230393,1.4505949871490256e-27,5.960464477539063e-08,True,7.846400157760638e-27,9.769907339216921e-08
explicit_residual_target_diffusion_calibrated90,prior_init_diffusion_unet,mae_kpa,25,-0.1223051071166992,-0.09027385711669966,-0.19381963276863104,-0.06530739784240716,0.0013824803853580586,1.5079975128173828e-05,False,0.0018759014055948111,2.1884354149422996e-05
explicit_residual_target_diffusion_calibrated90,prior_init_diffusion_unet,rmse_kpa,25,-0.05824154847505412,-0.02621836613123385,-0.0950894901714449,-0.0234337898073106,0.004966459376141682,0.0041751861572265625,False,0.006273977923248436,0.005101100130492412
explicit_residual_target_diffusion_calibrated90,prior_init_diffusion_unet,mae_norm,25,-0.0090515050292015,-0.006286248564720098,-0.014025314114987844,-0.004908537648618213,0.0008195574009769828,2.664327621459961e-05,False,0.0011722060577015647,3.6781320992312685e-05
explicit_residual_target_diffusion_calibrated90,prior_init_diffusion_unet,rmse_norm,25,-0.002607932700968771,-0.001412563483008722,-0.004406873503626116,-0.001228714876199971,0.005374663358725294,3.814697265625e-05,False,0.006732495388436063,5.05511107582823e-05
explicit_residual_target_diffusion_calibrated90,prior_init_diffusion_unet,crps_norm,25,0.013225962668657302,0.014513809233903906,0.011164107307791701,0.014927325714379549,1.4891204650992053e-12,1.7881393432617188e-07,True,2.594514426746785e-12,2.807237227548081e-07
explicit_residual_target_diffusion_calibrated90,prior_init_diffusion_unet,uce,25,0.09297431854855115,0.09287058667081799,0.08752310147887246,0.09855808430219327,2.1843686158484116e-21,5.960464477539063e-08,True,6.648078396060384e-21,9.769907339216921e-08
explicit_residual_target_diffusion_calibrated90,prior_init_diffusion_unet,ence,25,13.056387168503617,12.326072554705279,12.327847133122187,13.864745528097753,2.069707489260473e-21,5.960464477539063e-08,True,6.380704435803013e-21,9.769907339216921e-08
explicit_residual_target_diffusion_calibrated90,prior_init_diffusion_unet,ause_abs_error,25,-0.0050968811167639684,-0.0043550509176941005,-0.006163696415491385,-0.004043569661092109,2.0321795678438204e-09,5.960464477539063e-08,False,3.2417148392065212e-09,9.769907339216921e-08
explicit_residual_target_diffusion_calibrated90,prior_init_diffusion_unet,width90_norm,25,-0.2936106664687395,-0.2831606678664685,-0.32418596787378196,-0.26610674360208214,3.308039763949977e-16,5.960464477539063e-08,False,6.508236662630833e-16,9.769907339216921e-08
explicit_residual_target_diffusion_calibrated90,prior_init_diffusion_unet_calibrated90,mae_kpa,25,-0.12230505943298339,-0.09027385711669966,-0.19306885218620293,-0.06669185686111448,0.0013824861865513833,1.5079975128173828e-05,False,0.0018759014055948111,2.1884354149422996e-05
explicit_residual_target_diffusion_calibrated90,prior_init_diffusion_unet_calibrated90,rmse_kpa,25,-0.058241569111023496,-0.026218711487357993,-0.09566402049969615,-0.023269018784859343,0.004966443558818144,0.0041751861572265625,False,0.006273977923248436,0.005101100130492412
explicit_residual_target_diffusion_calibrated90,prior_init_diffusion_unet_calibrated90,mae_norm,25,-0.009051504433155052,-0.006286248564720098,-0.01401681664586066,-0.004942958481609829,0.0008195581960632745,2.664327621459961e-05,False,0.0011722060577015647,3.6781320992312685e-05
explicit_residual_target_diffusion_calibrated90,prior_init_diffusion_unet_calibrated90,rmse_norm,25,-0.0026079325801313114,-0.001412563483008722,-0.004467681789914599,-0.0012387637641763753,0.005374666421481529,3.814697265625e-05,False,0.006732495388436063,5.05511107582823e-05
explicit_residual_target_diffusion_calibrated90,prior_init_diffusion_unet_calibrated90,crps_norm,25,0.005493847876787197,0.005577359348535607,0.0037569298222661115,0.007061277996748694,1.4611360460342313e-06,2.664327621459961e-05,True,2.212152537888976e-06,3.6781320992312685e-05
explicit_residual_target_diffusion_calibrated90,prior_init_diffusion_unet_calibrated90,uce,25,-0.0028956685250943557,-0.004506356713793999,-0.00871674344163531,0.0033091291849521483,0.36349558831036627,0.19081425666809082,False,0.40051828711975546,0.22024147956840745
explicit_residual_target_diffusion_calibrated90,prior_init_diffusion_unet_calibrated90,ence,25,-0.4647990620597912,-0.3982331587930659,-0.6623434271898448,-0.28513979715848803,9.514110203376662e-05,2.2113323211669922e-05,False,0.00013925942364106063,3.147709883000862e-05
explicit_residual_target_diffusion_calibrated90,prior_init_diffusion_unet_calibrated90,ause_abs_error,25,-0.005096880864406767,-0.004355050888508301,-0.0061217504827376845,-0.004059816834691533,2.0321809821796872e-09,5.960464477539063e-08,False,3.2417148392065212e-09,9.769907339216921e-08
explicit_residual_target_diffusion_calibrated90,prior_init_diffusion_unet_calibrated90,width90_norm,25,0.029347822666168186,0.04140418767929083,0.002660050645470599,0.05453588998317716,0.04326214939516241,0.036682069301605225,True,0.05253260997984007,0.044271462950213204
explicit_residual_target_diffusion_calibrated90,residual_likelihood_guided_diffusion,mae_kpa,25,-0.1223112297058106,-0.09030246734619185,-0.19285653257369997,-0.06469358754158032,0.0013962688420911472,1.5079975128173828e-05,False,0.0018774767702342751,2.1884354149422996e-05
explicit_residual_target_diffusion_calibrated90,residual_likelihood_guided_diffusion,rmse_kpa,25,-0.05883586883272294,-0.026148259061772094,-0.09639187030924518,-0.025024097107637932,0.004547653444895793,0.003419220447540283,False,0.0057941637522670114,0.0042120831600133924
explicit_residual_target_diffusion_calibrated90,residual_likelihood_guided_diffusion,mae_norm,25,-0.00904435038566589,-0.006251603364944389,-0.014094939000904553,-0.004895887456834316,0.000829508208875,2.664327621459961e-05,False,0.0011751380552590632,3.6781320992312685e-05
explicit_residual_target_diffusion_calibrated90,residual_likelihood_guided_diffusion,rmse_norm,25,-0.0026060517982175015,-0.0013451668383765158,-0.004467123544188743,-0.0012304667291293066,0.005424451190880178,3.1948089599609375e-05,False,0.0067381191610506085,4.3499115129902924e-05
explicit_residual_target_diffusion_calibrated90,residual_likelihood_guided_diffusion,crps_norm,25,0.013232787996530514,0.014561381191015195,0.011169569972902511,0.014933588214218608,1.4660312960821173e-12,1.7881393432617188e-07,True,2.561787433682408e-12,2.807237227548081e-07
explicit_residual_target_diffusion_calibrated90,residual_likelihood_guided_diffusion,uce,25,0.09298809296273453,0.0926744633347919,0.08758530146951758,0.0985316400965786,2.3997557662459687e-21,5.960464477539063e-08,True,7.261698746299406e-21,9.769907339216921e-08
explicit_residual_target_diffusion_calibrated90,residual_likelihood_guided_diffusion,ence,25,13.045632572360732,12.315581993614332,12.32105311243173,13.850520988314207,2.1489729626441693e-21,5.960464477539063e-08,True,6.573978985980878e-21,9.769907339216921e-08
explicit_residual_target_diffusion_calibrated90,residual_likelihood_guided_diffusion,ause_abs_error,25,-0.0051423739206182565,-0.0045203042546929015,-0.006173217825041767,-0.0040902702933122955,1.7412175979160921e-09,5.960464477539063e-08,False,2.8076825218794805e-09,9.769907339216921e-08
explicit_residual_target_diffusion_calibrated90,residual_likelihood_guided_diffusion,width90_norm,25,-0.2936115877330303,-0.2832151856273413,-0.3249088895842433,-0.26616994831152263,3.314278502146458e-16,5.960464477539063e-08,False,6.508236662630833e-16,9.769907339216921e-08
explicit_residual_target_diffusion_calibrated90,residual_likelihood_guided_diffusion_calibrated90,mae_kpa,25,-0.12231124877929694,-0.09030246734619185,-0.19270029973983777,-0.06478939723968513,0.0013962665066858846,1.5079975128173828e-05,False,0.0018774767702342751,2.1884354149422996e-05
explicit_residual_target_diffusion_calibrated90,residual_likelihood_guided_diffusion_calibrated90,rmse_kpa,25,-0.058835811825272796,-0.026148259061772094,-0.09611872254485147,-0.02379800148920058,0.004547687488540202,0.003419220447540283,False,0.0057941637522670114,0.0042120831600133924
explicit_residual_target_diffusion_calibrated90,residual_likelihood_guided_diffusion_calibrated90,mae_norm,25,-0.009044350087642665,-0.006251603364944389,-0.014083681203424936,-0.004924116216599939,0.0008295081453235017,2.664327621459961e-05,False,0.0011751380552590632,3.6781320992312685e-05
explicit_residual_target_diffusion_calibrated90,residual_likelihood_guided_diffusion_calibrated90,rmse_norm,25,-0.0026060518047873516,-0.0013451668383765158,-0.004455831821501582,-0.0012340018683539187,0.005424454091746136,3.1948089599609375e-05,False,0.0067381191610506085,4.3499115129902924e-05
explicit_residual_target_diffusion_calibrated90,residual_likelihood_guided_diffusion_calibrated90,crps_norm,25,0.00549937918782232,0.0056186579167843,0.003718038424849494,0.007042167164385287,1.6186258846672643e-06,3.1948089599609375e-05,True,2.438183294625373e-06,4.3499115129902924e-05
explicit_residual_target_diffusion_calibrated90,residual_likelihood_guided_diffusion_calibrated90,uce,25,-0.003052884810195513,-0.005385332264313498,-0.008813864069652379,0.0029218496567918304,0.3332438445895762,0.17295855283737183,False,0.37200766891331677,0.20198300086013
explicit_residual_target_diffusion_calibrated90,residual_likelihood_guided_diffusion_calibrated90,ence,25,-0.4673315019137294,-0.3985539754733392,-0.6726263175764287,-0.28568670067647356,8.711606793430301e-05,2.2113323211669922e-05,False,0.0001278275226163016,3.147709883000862e-05
explicit_residual_target_diffusion_calibrated90,residual_likelihood_guided_diffusion_calibrated90,ause_abs_error,25,-0.00514237697055826,-0.004520304282044502,-0.006191941498714864,-0.00409200865500181,1.7411913742190307e-09,5.960464477539063e-08,False,2.8076825218794805e-09,9.769907339216921e-08
explicit_residual_target_diffusion_calibrated90,residual_likelihood_guided_diffusion_calibrated90,width90_norm,25,0.029370166063308716,0.043362706899643,0.0014439893364906304,0.054967795401811605,0.044387063966545764,0.034173786640167236,True,0.053788804603044256,0.04132805498150306
explicit_residual_target_diffusion_calibrated90,srcnn_bz_single_channel,mae_kpa,25,0.7200134086608887,0.7988936901092529,0.6283159022331238,0.804834997177124,4.485214813929633e-14,5.960464477539063e-08,True,7.930771146658743e-14,9.769907339216921e-08
explicit_residual_target_diffusion_calibrated90,srcnn_bz_single_channel,rmse_kpa,25,1.8805454770781092,1.945701858846883,1.7088270166384245,2.050141123896277,4.506733815318432e-17,5.960464477539063e-08,True,9.310786875397455e-17,9.769907339216921e-08
explicit_residual_target_diffusion_calibrated90,srcnn_bz_single_channel,mae_norm,25,0.029558136761188507,0.03387335687875741,0.023966188840568066,0.03450990396738053,1.1247464446674491e-10,2.980232238769531e-07,True,1.9120689559346634e-10,4.654168456871053e-07
explicit_residual_target_diffusion_calibrated90,srcnn_bz_single_channel,rmse_norm,25,0.042113723676223735,0.04571166151793299,0.038244469694781,0.04580433525748768,4.12262356704728e-17,5.960464477539063e-08,True,8.606895984832718e-17,9.769907339216921e-08
explicit_residual_target_diffusion_calibrated90,srcnn_bz_single_channel,crps_norm,25,0.056779725402593614,0.0587576255202293,0.053736467596143485,0.059592766862362624,8.393810497072182e-23,5.960464477539063e-08,True,2.862072920205128e-22,9.769907339216921e-08
explicit_residual_target_diffusion_calibrated90,srcnn_bz_single_channel,uce,25,0.16767893241517878,0.1668334744181399,0.16233849470957135,0.17284224591654956,7.541949666966533e-28,5.960464477539063e-08,True,4.2942201453063036e-27,9.769907339216921e-08
explicit_residual_target_diffusion_calibrated90,srcnn_bz_single_channel,ause_abs_error,25,0.06568803008702508,0.0641361922853607,0.06329917980023234,0.06825819855795684,5.804392309181918e-26,5.960464477539063e-08,True,2.493583699612449e-25,9.769907339216921e-08
explicit_residual_target_diffusion_calibrated90,srcnn_bz_single_channel,width90_norm,25,-0.3212316071987152,-0.3082301914691925,-0.3524603169262409,-0.2940804556310177,4.757109046939502e-17,5.960464477539063e-08,False,9.794048037816622e-17,9.769907339216921e-08
explicit_residual_target_diffusion_calibrated90,train_mean_prior,mae_kpa,25,0.9963113307952881,1.069333791732788,0.8972161135673523,1.089247045278549,1.7077148470739395e-16,5.960464477539063e-08,True,3.432739094297567e-16,9.769907339216921e-08
explicit_residual_target_diffusion_calibrated90,train_mean_prior,rmse_kpa,25,2.2837360121520502,2.334059903204693,2.085690305332494,2.477539009962106,1.6719455598913122e-17,5.960464477539063e-08,True,3.578444633580326e-17,9.769907339216921e-08
explicit_residual_target_diffusion_calibrated90,train_mean_prior,mae_norm,25,0.054687557518482206,0.05894163250923161,0.049073871724307536,0.060043875202536574,4.419266267427162e-16,5.960464477539063e-08,True,8.593017742219482e-16,9.769907339216921e-08
explicit_residual_target_diffusion_calibrated90,train_mean_prior,rmse_norm,25,0.05748777460526656,0.0602772724767702,0.05290836030116414,0.06172675571234482,1.3003854890701068e-18,5.960464477539063e-08,True,3.203852343161617e-18,9.769907339216921e-08
explicit_residual_target_diffusion_calibrated90,unet_canonical_bxyz,mae_kpa,25,-0.1398554897308349,-0.11377334594726518,-0.21199244976043702,-0.08297662448883056,0.00036332969835115904,4.172325134277344e-07,False,0.0005259905552270028,6.473359725932254e-07
explicit_residual_target_diffusion_calibrated90,unet_canonical_bxyz,rmse_kpa,25,-0.08868893131434145,-0.06402634756234171,-0.12698356007690434,-0.05271847560094535,0.00012445700099900412,3.1948089599609375e-05,False,0.0001806150143201404,4.3499115129902924e-05
explicit_residual_target_diffusion_calibrated90,unet_canonical_bxyz,mae_norm,25,-0.011384924054145816,-0.008543506264686501,-0.01631403553485869,-0.007345703125000009,7.323095324746432e-05,1.1920928955078125e-07,False,0.00010771934078214983,1.9118470965691334e-07
explicit_residual_target_diffusion_calibrated90,unet_canonical_bxyz,rmse_norm,25,-0.0030864765705238308,-0.0021071610082604997,-0.0048887915187448856,-0.0017018885493642996,0.0013804132561037131,3.2782554626464844e-06,False,0.0018759014055948111,4.925661616855197e-06
explicit_residual_target_diffusion_calibrated90,unet_canonical_bxyz,crps_norm,25,0.01583666697144507,0.016985673457384096,0.013717054817825546,0.01762573437392711,5.425569218716816e-14,1.1920928955078125e-07,True,9.57926909536055e-14,1.9118470965691334e-07
explicit_residual_target_diffusion_calibrated90,unet_canonical_bxyz,uce,25,0.12251327403426923,0.12158395845223349,0.11740657234373343,0.12785117159240703,1.4901178849430345e-24,5.960464477539063e-08,True,5.472963836673492e-24,9.769907339216921e-08
explicit_residual_target_diffusion_calibrated90,unet_canonical_bxyz,ause_abs_error,25,0.040297564021352344,0.039154206894193605,0.03843603470074508,0.042152726009179874,5.769082983028465e-24,5.960464477539063e-08,True,2.03114088737661e-23,9.769907339216921e-08
explicit_residual_target_diffusion_calibrated90,unet_canonical_bxyz,width90_norm,25,-0.3212316071987152,-0.3082301914691925,-0.35281451351940635,-0.293783802703023,4.757109046939502e-17,5.960464477539063e-08,False,9.794048037816622e-17,9.769907339216921e-08
explicit_residual_target_diffusion_calibrated90,vanilla_diffusion,mae_kpa,25,9.647758560180664,9.304128408432007,9.29996861243248,10.020082725048065,5.949327472733072e-26,5.960464477539063e-08,True,2.519466082758845e-25,9.769907339216921e-08
explicit_residual_target_diffusion_calibrated90,vanilla_diffusion,rmse_kpa,25,4.83848570821106,4.64258764111106,4.466637562325859,5.229767498738269,1.965562740822281e-18,5.960464477539063e-08,True,4.734857614531406e-18,9.769907339216921e-08
explicit_residual_target_diffusion_calibrated90,vanilla_diffusion,mae_norm,25,0.36044670671224593,0.3543674498796463,0.3527712390124798,0.3688250518292189,3.8553409529548473e-31,5.960464477539063e-08,True,6.0366592069307335e-30,9.769907339216921e-08
explicit_residual_target_diffusion_calibrated90,vanilla_diffusion,rmse_norm,25,0.2997518935473584,0.2983648649929347,0.2920230411252216,0.3077680932640695,1.7208148265928278e-29,5.960464477539063e-08,True,1.422065202444069e-28,9.769907339216921e-08
explicit_residual_target_diffusion_calibrated90,vanilla_diffusion,crps_norm,25,0.3479130344092846,0.3466733619570732,0.34022726147621873,0.3558212781101465,2.2580649490428826e-31,5.960464477539063e-08,True,4.513046051162339e-30,9.769907339216921e-08
explicit_residual_target_diffusion_calibrated90,vanilla_diffusion,uce,25,0.3417655435986267,0.34290567115808457,0.3335032887891607,0.3504296333666522,2.5243703914772383e-30,5.960464477539063e-08,True,3.1621060693241195e-29,9.769907339216921e-08
explicit_residual_target_diffusion_calibrated90,vanilla_diffusion,ence,25,4.45346511068821,4.458692692449422,4.206956971305047,4.692193169032861,3.102768811441313e-22,5.960464477539063e-08,True,1.0342562704804377e-21,9.769907339216921e-08
explicit_residual_target_diffusion_calibrated90,vanilla_diffusion,ause_abs_error,25,0.06990305104087233,0.0702335188276729,0.06556373643063601,0.07428736110680656,1.266096575477177e-20,5.960464477539063e-08,True,3.424218549517857e-20,9.769907339216921e-08
explicit_residual_target_diffusion_calibrated90,vanilla_diffusion,width90_norm,25,-0.07058127939701082,-0.055795103311538724,-0.10012711790204049,-0.04353565661609176,7.1801982193283e-05,1.233816146850586e-05,False,0.00010587900719951272,1.8261706651146734e-05
explicit_residual_target_diffusion_calibrated90,vanilla_diffusion_calibrated90,mae_kpa,25,9.647758560180664,9.304128408432007,9.29406817483902,10.024775521278382,5.949312882343661e-26,5.960464477539063e-08,True,2.519466082758845e-25,9.769907339216921e-08
explicit_residual_target_diffusion_calibrated90,vanilla_diffusion_calibrated90,rmse_kpa,25,4.838485750305762,4.642588167791985,4.458873183927888,5.22107259026056,1.965562434748988e-18,5.960464477539063e-08,True,4.734857614531406e-18,9.769907339216921e-08
explicit_residual_target_diffusion_calibrated90,vanilla_diffusion_calibrated90,mae_norm,25,0.36044670552015307,0.3543674498796463,0.3523716157376766,0.36901944611221554,3.8553324567157506e-31,5.960464477539063e-08,True,6.0366592069307335e-30,9.769907339216921e-08
explicit_residual_target_diffusion_calibrated90,vanilla_diffusion_calibrated90,rmse_norm,25,0.2997518934341604,0.2983648649929347,0.29194284478726434,0.30791454327053713,1.7208181496989156e-29,5.960464477539063e-08,True,1.422065202444069e-28,9.769907339216921e-08
explicit_residual_target_diffusion_calibrated90,vanilla_diffusion_calibrated90,crps_norm,25,0.16916434213519096,0.1673289947211743,0.16410520575940613,0.17451272319257258,4.697558878743587e-28,5.960464477539063e-08,True,2.740242679267092e-27,9.769907339216921e-08
explicit_residual_target_diffusion_calibrated90,vanilla_diffusion_calibrated90,uce,25,0.29391645136140004,0.3019608742726006,0.27285849075322466,0.3150571146274092,2.174041992414934e-19,5.960464477539063e-08,True,5.648711727016968e-19,9.769907339216921e-08
explicit_residual_target_diffusion_calibrated90,vanilla_diffusion_calibrated90,ence,25,-0.3318310715902837,-0.2726893285836895,-0.5268371840191958,-0.15936070705889754,0.001932728126147069,0.0007149577140808105,False,0.0025900298086880768,0.0009148383653292092
explicit_residual_target_diffusion_calibrated90,vanilla_diffusion_calibrated90,ause_abs_error,25,0.06990305034437912,0.07023351892499011,0.06549257520123537,0.07434218182231575,1.2660976149477793e-20,5.960464477539063e-08,True,3.424218549517857e-20,9.769907339216921e-08
explicit_residual_target_diffusion_calibrated90,vanilla_diffusion_calibrated90,width90_norm,25,1.910609918832779,1.9481939971446995,1.8547523056566715,1.9656304756999017,1.3399101898517843e-28,5.960464477539063e-08,True,8.304651697518871e-28,9.769907339216921e-08
explicit_residual_likelihood_guided_diffusion,explicit_residual_likelihood_guided_diffusion_calibrated90,mae_kpa,25,2.86102294921875e-08,0.0,-9.5367431640625e-09,7.62939453125e-08,0.2652487734787708,0.25683925795785656,True,0.3088513115848701,0.2902551918042254
explicit_residual_likelihood_guided_diffusion,explicit_residual_likelihood_guided_diffusion_calibrated90,rmse_kpa,25,-4.0297367931430014e-08,0.0,-1.7113387438882912e-07,1.0439865629230374e-07,0.5779056335518777,0.49896229860376107,False,0.6089171980055393,0.5273225003006001
explicit_residual_likelihood_guided_diffusion,explicit_residual_likelihood_guided_diffusion_calibrated90,mae_norm,25,-4.440892098500626e-18,0.0,-1.4901161204949887e-09,1.4901161105029815e-09,0.9999999952935054,0.5897737906589078,False,0.9999999952935054,0.6124178105445901
explicit_residual_likelihood_guided_diffusion,explicit_residual_likelihood_guided_diffusion_calibrated90,rmse_norm,25,4.090798766398507e-10,0.0,-8.040441423773359e-10,1.8618942687620432e-09,0.5782154905430752,0.4652088184521418,True,0.6089171980055393,0.4934032922977261
explicit_residual_likelihood_guided_diffusion,explicit_residual_likelihood_guided_diffusion_calibrated90,crps_norm,25,-0.0002911002933978918,0.00042708590626720083,-0.0015796695724129505,0.0007582956179976509,0.6428064483329221,0.25210392475128174,False,0.6669046848440953,0.2854459281199099
explicit_residual_likelihood_guided_diffusion,explicit_residual_likelihood_guided_diffusion_calibrated90,uce,25,-0.04562853034842437,-0.0426567274312753,-0.050895542664245313,-0.040528814072975816,4.96526831603072e-15,5.960464477539063e-08,False,9.090260455502396e-15,9.769907339216921e-08
explicit_residual_likelihood_guided_diffusion,explicit_residual_likelihood_guided_diffusion_calibrated90,ence,25,-1.2747457826895816,-1.0041008342077427,-1.5257600444932715,-1.0428477146865645,3.6446787758389415e-10,5.960464477539063e-08,False,6.125943140181272e-10,9.769907339216921e-08
explicit_residual_likelihood_guided_diffusion,explicit_residual_likelihood_guided_diffusion_calibrated90,ause_abs_error,25,6.074963154745206e-10,-2.1732997346202154e-12,-9.862281895207936e-10,2.861229910874896e-09,0.5610793073284088,0.6338268518447876,True,0.5940252453032087,0.6547343348049455
explicit_residual_likelihood_guided_diffusion,explicit_residual_likelihood_guided_diffusion_calibrated90,width90_norm,25,0.1388528382778168,0.14477691054344183,0.1185341824889183,0.1609622340425849,3.5498694150937676e-12,5.960464477539063e-08,True,6.095735359251924e-12,9.769907339216921e-08
explicit_residual_likelihood_guided_diffusion,explicit_residual_target_diffusion,mae_kpa,25,0.003729333877563459,0.0072078704833984375,-0.0028673017024994775,0.009758300781249982,0.2709542785837587,0.15633821487426758,True,0.3130480090336552,0.18474923108279884
explicit_residual_likelihood_guided_diffusion,explicit_residual_target_diffusion,rmse_kpa,25,-0.00515249978398245,-0.004975119608667811,-0.015770847208032644,0.00551590571235003,0.35925390802218093,0.39571136236190796,False,0.39806176436001495,0.424613634996096
explicit_residual_likelihood_guided_diffusion,explicit_residual_target_diffusion,mae_norm,25,0.00014548867940901878,0.00022675096988680754,-0.00018276292085647654,0.0004400877952575589,0.3792644058879118,0.17295855283737183,True,0.41330118354303846,0.20198300086013
explicit_residual_likelihood_guided_diffusion,explicit_residual_target_diffusion,rmse_norm,25,0.00011177339723568158,4.976167633949369e-05,-0.0001825201734037002,0.0003984419578717743,0.4628478362324351,0.3525196313858032,True,0.49710398533768074,0.386634434423139
explicit_residual_likelihood_guided_diffusion,explicit_residual_target_diffusion,crps_norm,25,6.295531988144032e-05,0.00014144554734230042,-0.0001561245582997827,0.0002582034505903768,0.5684693952115902,0.2996123433113098,True,0.6007802666978618,0.33667487114302047
explicit_residual_likelihood_guided_diffusion,explicit_residual_target_diffusion,uce,25,-0.0006779780993629725,-0.0008520162456941982,-0.0016168213480919752,0.0002879554174248322,0.1830925551918334,0.15633821487426758,False,0.2157229115626552,0.18474923108279884
explicit_residual_likelihood_guided_diffusion,explicit_residual_target_diffusion,ence,25,0.00435855118884013,0.0050504978307377435,-0.08463679709279076,0.09571409820179014,0.9271077593321033,1.0,True,0.9381447564670093,1.0
explicit_residual_likelihood_guided_diffusion,explicit_residual_target_diffusion,ause_abs_error,25,-0.00037706726981507244,-0.0003040658269407026,-0.0010661900235637244,0.0002576119192717355,0.2828400465570155,0.3665854334831238,False,0.32177883375832295,0.3976633234684752
explicit_residual_likelihood_guided_diffusion,explicit_residual_target_diffusion,width90_norm,25,0.0004635640978813116,0.0005145370960235041,-0.0005635400563478449,0.0014840867817401881,0.3936665875032429,0.33878785371780396,True,0.42821137031888395,0.3743338402267286
explicit_residual_likelihood_guided_diffusion,explicit_residual_target_diffusion_calibrated90,mae_kpa,25,0.0037293815612792613,0.0072078704833984375,-0.0027962319850922514,0.009629843473434395,0.27094779473281033,0.15633821487426758,True,0.3130480090336552,0.18474923108279884
explicit_residual_likelihood_guided_diffusion,explicit_residual_target_diffusion_calibrated90,rmse_kpa,25,-0.005152492991276531,-0.004975119608667811,-0.01576191585198358,0.005516129213260393,0.3592545205892375,0.39571136236190796,False,0.39806176436001495,0.424613634996096
explicit_residual_likelihood_guided_diffusion,explicit_residual_target_diffusion_calibrated90,mae_norm,25,0.00014548957347869097,0.00022675842046740446,-0.00018517178297042128,0.00044499465078113725,0.3792615074973876,0.17295855283737183,True,0.41330118354303846,0.20198300086013
explicit_residual_likelihood_guided_diffusion,explicit_residual_target_diffusion_calibrated90,rmse_norm,25,0.00011177366845115166,4.976167633949369e-05,-0.00017294536598090195,0.0003897944390844646,0.46284676960923155,0.3525196313858032,True,0.49710398533768074,0.386634434423139
explicit_residual_likelihood_guided_diffusion,explicit_residual_target_diffusion_calibrated90,crps_norm,25,-0.00023702844977377958,0.0006156787276268005,-0.0015932656377553812,0.0008467557802796372,0.7154580592402564,0.23036134243011475,False,0.7397003392666421,0.2613250691056592
explicit_residual_likelihood_guided_diffusion,explicit_residual_target_diffusion_calibrated90,uce,25,-0.046131955611224906,-0.04599980895556499,-0.051307252317640335,-0.041046265522555976,5.605443571412289e-15,5.960464477539063e-08,False,1.0230794248436539e-14,9.769907339216921e-08
explicit_residual_likelihood_guided_diffusion,explicit_residual_target_diffusion_calibrated90,ence,25,-1.2635241372287356,-1.100638795615609,-1.5425868775730902,-1.0149105460844965,2.3915405279746572e-09,5.960464477539063e-08,False,3.784485675917343e-09,9.769907339216921e-08
explicit_residual_likelihood_guided_diffusion,explicit_residual_target_diffusion_calibrated90,ause_abs_error,25,-0.00037706649019107226,-0.00030406586666279975,-0.0010454489728012688,0.00027000570640885803,0.2828408908497528,0.3665854334831238,False,0.32177883375832295,0.3976633234684752
explicit_residual_likelihood_guided_diffusion,explicit_residual_target_diffusion_calibrated90,width90_norm,25,0.14129758536815643,0.1465522721409798,0.12128070656955241,0.16294031628966332,2.322232926042721e-12,5.960464477539063e-08,True,4.010823195922842e-12,9.769907339216921e-08
explicit_residual_likelihood_guided_diffusion,likelihood_guided_diffusion,mae_kpa,25,9.661450023651122,9.349345922470095,9.323391582727432,10.036027590513228,4.64647020750334e-26,5.960464477539063e-08,True,2.1185055735360054e-25,9.769907339216921e-08
explicit_residual_likelihood_guided_diffusion,likelihood_guided_diffusion,rmse_kpa,25,4.838616649178039,4.6099604375456025,4.460452562632562,5.2241337317822,2.1737024988442585e-18,5.960464477539063e-08,True,5.112080298049411e-18,9.769907339216921e-08
explicit_residual_likelihood_guided_diffusion,likelihood_guided_diffusion,mae_norm,25,0.3607988503575325,0.35705334693193436,0.3531092696934938,0.36931011725962165,2.4041636364574355e-31,5.960464477539063e-08,True,4.513046051162339e-30,9.769907339216921e-08
explicit_residual_likelihood_guided_diffusion,likelihood_guided_diffusion,rmse_norm,25,0.3000173272451275,0.299590025993713,0.29201695195668403,0.3080701950847724,1.40792162185887e-29,5.960464477539063e-08,True,1.3160342291069314e-28,9.769907339216921e-08
explicit_residual_likelihood_guided_diffusion,likelihood_guided_diffusion,crps_norm,25,0.34795606791973116,0.3463743180036545,0.34053022423014045,0.3557054261006415,1.5943148129510307e-31,5.960464477539063e-08,True,4.32386208189431e-30,9.769907339216921e-08
explicit_residual_likelihood_guided_diffusion,likelihood_guided_diffusion,uce,25,0.2958441228332995,0.303077649347963,0.28544533073728257,0.3059414210109428,8.372195731318691e-27,5.960464477539063e-08,True,4.239537412880528e-26,9.769907339216921e-08
explicit_residual_likelihood_guided_diffusion,likelihood_guided_diffusion,ence,25,3.1981666973631517,3.2976769006559,2.781878731845347,3.5910406566361592,8.404376496961388e-14,5.960464477539063e-08,True,1.4751044294076773e-13,9.769907339216921e-08
explicit_residual_likelihood_guided_diffusion,likelihood_guided_diffusion,ause_abs_error,25,0.06920841210989201,0.0683810092540954,0.06505676058360037,0.07323049718808186,3.050279817255144e-21,5.960464477539063e-08,True,8.761975905545852e-21,9.769907339216921e-08
explicit_residual_likelihood_guided_diffusion,likelihood_guided_diffusion,width90_norm,25,0.07033121764659882,0.08524014055728912,0.05286817190796139,0.08717658168822526,4.731909224316977e-08,1.1324882507324219e-06,True,7.256407186774746e-08,1.7233516858971638e-06
explicit_residual_likelihood_guided_diffusion,likelihood_guided_diffusion_calibrated90,mae_kpa,25,9.661449871063233,9.349345922470095,9.311239426136018,10.037489732027055,4.6464475150197354e-26,5.960464477539063e-08,True,2.1185055735360054e-25,9.769907339216921e-08
explicit_residual_likelihood_guided_diffusion,likelihood_guided_diffusion_calibrated90,rmse_kpa,25,4.838616629171767,4.609960965447639,4.462214357792822,5.226261603008347,2.1736996985883674e-18,5.960464477539063e-08,True,5.112080298049411e-18,9.769907339216921e-08
explicit_residual_likelihood_guided_diffusion,likelihood_guided_diffusion_calibrated90,mae_norm,25,0.360798844397068,0.35705334693193436,0.3529860935583711,0.36923423942923544,2.4041508513102913e-31,5.960464477539063e-08,True,4.513046051162339e-30,9.769907339216921e-08
explicit_residual_likelihood_guided_diffusion,likelihood_guided_diffusion_calibrated90,rmse_norm,25,0.3000173292382434,0.299590025993713,0.29216838351164826,0.30829167584857003,1.407917673106414e-29,5.960464477539063e-08,True,1.3160342291069314e-28,9.769907339216921e-08
explicit_residual_likelihood_guided_diffusion,likelihood_guided_diffusion_calibrated90,crps_norm,25,0.16840483367443085,0.1662884056568145,0.16318771003931765,0.17379299015179284,5.334247092533952e-28,5.960464477539063e-08,True,3.081434000056021e-27,9.769907339216921e-08
explicit_residual_likelihood_guided_diffusion,likelihood_guided_diffusion_calibrated90,uce,25,0.25035344053603337,0.2523123718955802,0.2282095157891787,0.2712302368563503,2.5175746818080526e-17,5.960464477539063e-08,True,5.3690212748236243e-17,9.769907339216921e-08
explicit_residual_likelihood_guided_diffusion,likelihood_guided_diffusion_calibrated90,ence,25,-1.5947815621705579,-1.5067170332163244,-1.9620121906263996,-1.2622298695502745,7.245454907332237e-09,5.960464477539063e-08,False,1.1329949198062237e-08,9.769907339216921e-08
explicit_residual_likelihood_guided_diffusion,likelihood_guided_diffusion_calibrated90,ause_abs_error,25,0.069208412200696,0.0683810092992595,0.06494948173088204,0.0732174811891576,3.0502823502299694e-21,5.960464477539063e-08,True,8.761975905545852e-21,9.769907339216921e-08
explicit_residual_likelihood_guided_diffusion,likelihood_guided_diffusion_calibrated90,width90_norm,25,2.060379608273506,2.0609808042645454,2.0023084488213065,2.1207876661270855,1.2429558798672098e-28,5.960464477539063e-08,True,7.826018502867618e-28,9.769907339216921e-08
explicit_residual_likelihood_guided_diffusion,prior_init_diffusion_unet,mae_kpa,25,-0.11857572555541994,-0.08583498001098633,-0.1919480924606324,-0.060406932115554896,0.002366505896917266,3.814697265625e-05,False,0.0031377453234608128,5.05511107582823e-05
explicit_residual_likelihood_guided_diffusion,prior_init_diffusion_unet,rmse_kpa,25,-0.06339404146633065,-0.047043475427095416,-0.10198527944036204,-0.02919863945576436,0.002983181163758074,0.003419220447540283,False,0.003846143575113908,0.0042120831600133924
explicit_residual_likelihood_guided_diffusion,prior_init_diffusion_unet,mae_norm,25,-0.008906015455722808,-0.0064761638641357006,-0.013981489405035977,-0.004767038352787496,0.0011476064821019775,4.5418739318847656e-05,False,0.0015898186919779554,5.887614356146919e-05
explicit_residual_likelihood_guided_diffusion,prior_init_diffusion_unet,rmse_norm,25,-0.0024961590325176196,-0.0015811694717155211,-0.004453609953720286,-0.0010934889306825784,0.009486889589635736,2.664327621459961e-05,False,0.011659879396526124,3.6781320992312685e-05
explicit_residual_likelihood_guided_diffusion,prior_init_diffusion_unet,crps_norm,25,0.012988934218883523,0.015369005501270301,0.009651113886386155,0.015468965057283656,1.2210818073896919e-08,8.165836334228516e-06,True,1.887126429602251e-08,1.220772014790444e-05
explicit_residual_likelihood_guided_diffusion,prior_init_diffusion_unet,uce,25,0.04684236293732622,0.045197649298326883,0.04188194089528691,0.052097016448076884,3.8971664427534386e-15,5.960464477539063e-08,True,7.201285818131353e-15,9.769907339216921e-08
explicit_residual_likelihood_guided_diffusion,prior_init_diffusion_unet,ence,25,11.79286303127488,11.20329436661519,10.992073186030268,12.669363474020738,2.446789513729308e-19,5.960464477539063e-08,True,6.329738089864949e-19,9.769907339216921e-08
explicit_residual_likelihood_guided_diffusion,prior_init_diffusion_unet,ause_abs_error,25,-0.005473947606955041,-0.005266716174678299,-0.006531554436067831,-0.004369331553939168,8.128042326419917e-10,1.1920928955078125e-07,False,1.3322845997214342e-09,1.9118470965691334e-07
explicit_residual_likelihood_guided_diffusion,prior_init_diffusion_unet,width90_norm,25,-0.1523130811005831,-0.1546917408704758,-0.16893479720689356,-0.13632602189294998,1.6777906151388609e-15,5.960464477539063e-08,False,3.1691600508178484e-15,9.769907339216921e-08
explicit_residual_likelihood_guided_diffusion,prior_init_diffusion_unet_calibrated90,mae_kpa,25,-0.11857567787170414,-0.08583498001098633,-0.1923572256565094,-0.061086127996444764,0.002366515421671823,3.814697265625e-05,False,0.0031377453234608128,5.05511107582823e-05
explicit_residual_likelihood_guided_diffusion,prior_init_diffusion_unet_calibrated90,rmse_kpa,25,-0.06339406210230003,-0.04704389451173263,-0.10199653029046432,-0.02829679255016238,0.0029831754559977333,0.003419220447540283,False,0.003846143575113908,0.0042120831600133924
explicit_residual_likelihood_guided_diffusion,prior_init_diffusion_unet_calibrated90,mae_norm,25,-0.008906014859676362,-0.0064761638641357006,-0.014140665709972387,-0.00481021194905041,0.0011476075316759096,4.5418739318847656e-05,False,0.0015898186919779554,5.887614356146919e-05
explicit_residual_likelihood_guided_diffusion,prior_init_diffusion_unet_calibrated90,rmse_norm,25,-0.00249615891168016,-0.0015811694717155211,-0.004436667276044967,-0.0010850708566441658,0.00948689531912816,2.664327621459961e-05,False,0.011659879396526124,3.6781320992312685e-05
explicit_residual_likelihood_guided_diffusion,prior_init_diffusion_unet_calibrated90,crps_norm,25,0.005256819427013416,0.0065622143447399,0.002329571794718507,0.00763360491395001,0.0010725941745746439,0.0012963414192199707,True,0.0015087317585624424,0.0016516555555372218
explicit_residual_likelihood_guided_diffusion,prior_init_diffusion_unet_calibrated90,uce,25,-0.04902762413631927,-0.04783955938817129,-0.0544325959342289,-0.0435824171385423,4.506412113255891e-15,5.960464477539063e-08,False,8.275664220331035e-15,9.769907339216921e-08
explicit_residual_likelihood_guided_diffusion,prior_init_diffusion_unet_calibrated90,ence,25,-1.7283231992885268,-1.5677345049450424,-2.1096799174682195,-1.3799195114746556,3.050782470499101e-09,5.960464477539063e-08,False,4.802157592452288e-09,9.769907339216921e-08
explicit_residual_likelihood_guided_diffusion,prior_init_diffusion_unet_calibrated90,ause_abs_error,25,-0.005473947354597841,-0.005266716139328699,-0.00652924136583897,-0.004362210109360562,8.128055351542469e-10,1.1920928955078125e-07,False,1.3322845997214342e-09,1.9118470965691334e-07
explicit_residual_likelihood_guided_diffusion,prior_init_diffusion_unet_calibrated90,width90_norm,25,0.17064540803432465,0.18463751673698423,0.1542319465205073,0.1858048281893134,9.507579571465317e-17,5.960464477539063e-08,True,1.9307200836252092e-16,9.769907339216921e-08
explicit_residual_likelihood_guided_diffusion,residual_likelihood_guided_diffusion,mae_kpa,25,-0.11858184814453133,-0.08586359024047852,-0.19339008188247694,-0.06093216776847847,0.002386268502295828,3.814697265625e-05,False,0.0031377453234608128,5.05511107582823e-05
explicit_residual_likelihood_guided_diffusion,residual_likelihood_guided_diffusion,rmse_kpa,25,-0.06398836182399947,-0.04771429201986521,-0.10134426345371232,-0.028594199509097612,0.002728551813461562,0.0030878782272338867,False,0.0035486404412632885,0.003872049621083588
explicit_residual_likelihood_guided_diffusion,residual_likelihood_guided_diffusion,mae_norm,25,-0.0088988608121872,-0.006441518664359991,-0.01393464456498625,-0.004768184050917633,0.0011612694766099923,4.5418739318847656e-05,False,0.0015939007893110658,5.887614356146919e-05
explicit_residual_likelihood_guided_diffusion,residual_likelihood_guided_diffusion,rmse_norm,25,-0.0024942781297663495,-0.001513772827083315,-0.004389480051494033,-0.0010848213942606646,0.009543458806558772,2.2113323211669922e-05,False,0.011659879396526124,3.147709883000862e-05
explicit_residual_likelihood_guided_diffusion,residual_likelihood_guided_diffusion,crps_norm,25,0.012995759546756736,0.0153869315981865,0.009689961362630123,0.01552431215345859,1.2131827502108116e-08,8.165836334228516e-06,True,1.879801396811023e-08,1.220772014790444e-05
explicit_residual_likelihood_guided_diffusion,residual_likelihood_guided_diffusion,uce,25,0.0468561373515096,0.04514931436249331,0.041779169099713166,0.05207292174181323,4.074188513378589e-15,5.960464477539063e-08,True,7.505084103592137e-15,9.769907339216921e-08
explicit_residual_likelihood_guided_diffusion,residual_likelihood_guided_diffusion,ence,25,11.782108435131997,11.167010097439313,10.944856366214134,12.687773769302213,2.4795201551604494e-19,5.960464477539063e-08,True,6.386642823898127e-19,9.769907339216921e-08
explicit_residual_likelihood_guided_diffusion,residual_likelihood_guided_diffusion,ause_abs_error,25,-0.005519440410809329,-0.0054465646646419015,-0.006612876719445037,-0.004414273119156844,7.494698435405327e-10,1.7881393432617188e-07,False,1.2421635473092417e-09,2.807237227548081e-07
explicit_residual_likelihood_guided_diffusion,residual_likelihood_guided_diffusion,width90_norm,25,-0.1523140023648739,-0.1546926014125348,-0.1687050019260496,-0.1367950760889799,1.676771062843689e-15,5.960464477539063e-08,False,3.1691600508178484e-15,9.769907339216921e-08
explicit_residual_likelihood_guided_diffusion,residual_likelihood_guided_diffusion_calibrated90,mae_kpa,25,-0.11858186721801768,-0.08586359024047852,-0.19205175089836135,-0.061078131675720286,0.0023862644171511434,3.814697265625e-05,False,0.0031377453234608128,5.05511107582823e-05
explicit_residual_likelihood_guided_diffusion,residual_likelihood_guided_diffusion_calibrated90,rmse_kpa,25,-0.06398830481654932,-0.04771362219329056,-0.10155800787345867,-0.02883102398816028,0.002728572802722887,0.0030878782272338867,False,0.0035486404412632885,0.003872049621083588
explicit_residual_likelihood_guided_diffusion,residual_likelihood_guided_diffusion_calibrated90,mae_norm,25,-0.008898860514163975,-0.006441518664359991,-0.014158668600022791,-0.004795900247991105,0.001161269382990151,4.5418739318847656e-05,False,0.0015939007893110658,5.887614356146919e-05
explicit_residual_likelihood_guided_diffusion,residual_likelihood_guided_diffusion_calibrated90,rmse_norm,25,-0.0024942781363362,-0.001513772827083315,-0.00442628288353735,-0.0010966943172010723,0.009543464312786928,2.2113323211669922e-05,False,0.011659879396526124,3.147709883000862e-05
explicit_residual_likelihood_guided_diffusion,residual_likelihood_guided_diffusion_calibrated90,crps_norm,25,0.0052623507380485405,0.006595026701688704,0.0022026532217860146,0.0076888142153620515,0.0011238608816629564,0.0012963414192199707,True,0.0015716515339536357,0.0016516555555372218
explicit_residual_likelihood_guided_diffusion,residual_likelihood_guided_diffusion_calibrated90,uce,25,-0.04918484042142042,-0.047465274926335,-0.054615666300211654,-0.043636428201669,3.749880478130541e-15,5.960464477539063e-08,False,6.9507130357871396e-15,9.769907339216921e-08
explicit_residual_likelihood_guided_diffusion,residual_likelihood_guided_diffusion_calibrated90,ence,25,-1.730855639142465,-1.5815555915777564,-2.127806037101816,-1.3915182605628338,2.892036227105798e-09,5.960464477539063e-08,False,4.564354257633819e-09,9.769907339216921e-08
explicit_residual_likelihood_guided_diffusion,residual_likelihood_guided_diffusion_calibrated90,ause_abs_error,25,-0.005519443460749332,-0.005446564940146,-0.0065641000005495454,-0.004421577211337337,7.494734680403661e-10,1.7881393432617188e-07,False,1.2421635473092417e-09,2.807237227548081e-07
explicit_residual_likelihood_guided_diffusion,residual_likelihood_guided_diffusion_calibrated90,width90_norm,25,0.17066775143146515,0.1838946342468262,0.15383422600477933,0.18609567612409592,1.1345366096552345e-16,5.960464477539063e-08,True,2.2960859957308317e-16,9.769907339216921e-08
explicit_residual_likelihood_guided_diffusion,srcnn_bz_single_channel,mae_kpa,25,0.7237427902221679,0.8137552738189702,0.6325824198722839,0.8071831271648406,3.74346665542537e-14,5.960464477539063e-08,True,6.638934903064368e-14,9.769907339216921e-08
explicit_residual_likelihood_guided_diffusion,srcnn_bz_single_channel,rmse_kpa,25,1.8753929840868324,1.9287733484428493,1.7116397311786915,2.042406290548264,2.846898813450554e-17,5.960464477539063e-08,True,5.985542608934866e-17,9.769907339216921e-08
explicit_residual_likelihood_guided_diffusion,srcnn_bz_single_channel,mae_norm,25,0.029703626334667207,0.033972613513469696,0.024218313321471206,0.03453176019340754,1.1857380990272198e-10,2.980232238769531e-07,True,2.0100128986911677e-10,4.654168456871053e-07
explicit_residual_likelihood_guided_diffusion,srcnn_bz_single_channel,rmse_norm,25,0.04222549734467487,0.04564887841690879,0.03829928976795576,0.045917412264756784,2.713676380706982e-17,5.960464477539063e-08,True,5.746042528144395e-17,9.769907339216921e-08
explicit_residual_likelihood_guided_diffusion,srcnn_bz_single_channel,crps_norm,25,0.056542696952819826,0.060038156807422596,0.052508730195462705,0.06014791606739164,6.046716185204645e-20,5.960464477539063e-08,True,1.606158986694984e-19,9.769907339216921e-08
explicit_residual_likelihood_guided_diffusion,srcnn_bz_single_channel,uce,25,0.12154697680395389,0.1223093696060165,0.11668714254094006,0.12651234558698218,2.705016063592229e-25,5.960464477539063e-08,True,1.0122544388914316e-24,9.769907339216921e-08
explicit_residual_likelihood_guided_diffusion,srcnn_bz_single_channel,ause_abs_error,25,0.065310963596834,0.06377486884161561,0.06297126995635131,0.06789664547501287,4.7575471857134916e-26,5.960464477539063e-08,True,2.152654430037664e-25,9.769907339216921e-08
explicit_residual_likelihood_guided_diffusion,srcnn_bz_single_channel,width90_norm,25,-0.17993402183055873,-0.1814320683479309,-0.19640445082634686,-0.16421398701518772,3.8039909196568947e-17,5.960464477539063e-08,False,7.969628863365677e-17,9.769907339216921e-08
explicit_residual_likelihood_guided_diffusion,train_mean_prior,mae_kpa,25,1.0000407123565673,1.0749378204345703,0.9014000000953674,1.0914131841659545,1.6427109736719835e-16,5.960464477539063e-08,True,3.3132645062197635e-16,9.769907339216921e-08
explicit_residual_likelihood_guided_diffusion,train_mean_prior,rmse_kpa,25,2.2785835191607737,2.3244145569772936,2.078262694775039,2.4716621568700203,1.1633946621619467e-17,5.960464477539063e-08,True,2.526351194262419e-17,9.769907339216921e-08
explicit_residual_likelihood_guided_diffusion,train_mean_prior,mae_norm,25,0.0548330470919609,0.05945668369531629,0.04920374374091623,0.06011575850844381,4.76523187655264e-16,5.960464477539063e-08,True,9.23555140774093e-16,9.769907339216921e-08
explicit_residual_likelihood_guided_diffusion,train_mean_prior,rmse_norm,25,0.057599548273717695,0.06012231214971009,0.05303681948831388,0.061863515308611935,9.62025616895802e-19,5.960464477539063e-08,True,2.3900017985087233e-18,9.769907339216921e-08
explicit_residual_likelihood_guided_diffusion,unet_canonical_bxyz,mae_kpa,25,-0.13612610816955562,-0.10613965988159135,-0.210053176164627,-0.07772989869117738,0.0006476468070282622,8.344650268554688e-07,False,0.0009353151703442137,1.2813075896232359e-06
explicit_residual_likelihood_guided_diffusion,unet_canonical_bxyz,rmse_kpa,25,-0.09384142430561798,-0.08150690809567251,-0.13228509380047365,-0.05764994996919481,6.371279454110485e-05,1.8298625946044922e-05,False,9.430143982199296e-05,2.642641368421536e-05
explicit_residual_likelihood_guided_diffusion,unet_canonical_bxyz,mae_norm,25,-0.011239434480667125,-0.008733421564102103,-0.01624454052001239,-0.007102943226695085,0.00010679200541046064,4.172325134277344e-07,False,0.00015592961421373195,6.473359725932254e-07
explicit_residual_likelihood_guided_diffusion,unet_canonical_bxyz,rmse_norm,25,-0.0029747029020726788,-0.001987652727460404,-0.004838659558622197,-0.001571788146739746,0.0025880213050224745,1.1324882507324219e-06,False,0.003395529606369068,1.7233516858971638e-06
explicit_residual_likelihood_guided_diffusion,unet_canonical_bxyz,crps_norm,25,0.015599638521671294,0.0179556533694267,0.012254695642739514,0.01813599044084549,5.308678931851636e-10,8.344650268554688e-07,True,8.897644970286547e-10,1.2813075896232359e-06
explicit_residual_likelihood_guided_diffusion,unet_canonical_bxyz,uce,25,0.07638131842304433,0.07660305152270469,0.07187450897629463,0.0810275821556281,3.290662984903887e-21,5.960464477539063e-08,True,9.413194596239484e-21,9.769907339216921e-08
explicit_residual_likelihood_guided_diffusion,unet_canonical_bxyz,ause_abs_error,25,0.03992049753116127,0.038544184908251705,0.0378673567103361,0.04193594244710597,6.248305426858159e-23,5.960464477539063e-08,True,2.142790621890839e-22,9.769907339216921e-08
explicit_residual_likelihood_guided_diffusion,unet_canonical_bxyz,width90_norm,25,-0.17993402183055873,-0.1814320683479309,-0.19637761862576003,-0.16447644997388122,3.8039909196568947e-17,5.960464477539063e-08,False,7.969628863365677e-17,9.769907339216921e-08
explicit_residual_likelihood_guided_diffusion,vanilla_diffusion,mae_kpa,25,9.651487941741943,9.318601369857788,9.307861183166505,10.035638312339783,5.619935966108292e-26,5.960464477539063e-08,True,2.431899563515952e-25,9.769907339216921e-08
explicit_residual_likelihood_guided_diffusion,vanilla_diffusion,rmse_kpa,25,4.833333215219783,4.643468184959694,4.466341789775214,5.220353646306368,1.6940361967167696e-18,5.960464477539063e-08,True,4.130960028760818e-18,9.769907339216921e-08
explicit_residual_likelihood_guided_diffusion,vanilla_diffusion,mae_norm,25,0.36059219628572464,0.3551349714398384,0.3525959378257394,0.36913903442025187,3.6155636458647324e-31,5.960464477539063e-08,True,5.9757288577073146e-30,9.769907339216921e-08
explicit_residual_likelihood_guided_diffusion,vanilla_diffusion,rmse_norm,25,0.29986366721580954,0.2997551697977554,0.2920095428234783,0.30805345003804463,1.6390727259381153e-29,5.960464477539063e-08,True,1.4020426443638618e-28,9.769907339216921e-08
explicit_residual_likelihood_guided_diffusion,vanilla_diffusion,crps_norm,25,0.3476760059595108,0.34467075765132915,0.3401687279082835,0.3557356931231916,2.3148273929899975e-31,5.960464477539063e-08,True,4.513046051162339e-30,9.769907339216921e-08
explicit_residual_likelihood_guided_diffusion,vanilla_diffusion,uce,25,0.2956335879874018,0.3032885844646874,0.2852132103340313,0.3057089614588254,8.328937640026949e-27,5.960464477539063e-08,True,4.239537412880528e-26,9.769907339216921e-08
explicit_residual_likelihood_guided_diffusion,vanilla_diffusion,ence,25,3.189940973459474,3.2719702331890916,2.7670921065453826,3.5745142061477644,8.497224301959164e-14,5.960464477539063e-08,True,1.4892042591062453e-13,9.769907339216921e-08
explicit_residual_likelihood_guided_diffusion,vanilla_diffusion,ause_abs_error,25,0.06952598455068128,0.0692645523688884,0.06512528984856689,0.07381775894640445,7.918086800265228e-21,5.960464477539063e-08,True,2.1611315474164138e-20,9.769907339216921e-08
explicit_residual_likelihood_guided_diffusion,vanilla_diffusion,width90_norm,25,0.07071630597114563,0.08428661525249481,0.05319300648570063,0.08759241528064013,4.479907225935004e-08,1.1324882507324219e-06,True,6.88771266002927e-08,1.7233516858971638e-06
explicit_residual_likelihood_guided_diffusion,vanilla_diffusion_calibrated90,mae_kpa,25,9.651487941741943,9.318601369857788,9.304077639102935,10.02641901254654,5.619921963359485e-26,5.960464477539063e-08,True,2.431899563515952e-25,9.769907339216921e-08
explicit_residual_likelihood_guided_diffusion,vanilla_diffusion_calibrated90,rmse_kpa,25,4.833333257314486,4.643468711640619,4.4683802914229656,5.221980519322855,1.694035997355669e-18,5.960464477539063e-08,True,4.130960028760818e-18,9.769907339216921e-08
explicit_residual_likelihood_guided_diffusion,vanilla_diffusion_calibrated90,mae_norm,25,0.3605921950936317,0.3551349714398384,0.35260734155774115,0.3690112973675132,3.615555937064882e-31,5.960464477539063e-08,True,5.9757288577073146e-30,9.769907339216921e-08
explicit_residual_likelihood_guided_diffusion,vanilla_diffusion_calibrated90,rmse_norm,25,0.2998636671026116,0.2997551697977554,0.29196069665955926,0.3079065216978913,1.6390759760866397e-29,5.960464477539063e-08,True,1.4020426443638618e-28,9.769907339216921e-08
explicit_residual_likelihood_guided_diffusion,vanilla_diffusion_calibrated90,crps_norm,25,0.16892731368541716,0.1694508194923401,0.16352353024855254,0.17453998079150915,2.3031122231962948e-27,5.960464477539063e-08,True,1.2290150428715655e-26,9.769907339216921e-08
explicit_residual_likelihood_guided_diffusion,vanilla_diffusion_calibrated90,uce,25,0.24778449575017508,0.25124646714947046,0.22655772196655816,0.26884861411107874,1.2283075380009409e-17,5.960464477539063e-08,True,2.6624516761769025e-17,9.769907339216921e-08
explicit_residual_likelihood_guided_diffusion,vanilla_diffusion_calibrated90,ence,25,-1.5953552088190193,-1.5073731267651829,-1.9673409088693345,-1.2553392843028017,7.259424604366064e-09,5.960464477539063e-08,False,1.1336896691857763e-08,9.769907339216921e-08
explicit_residual_likelihood_guided_diffusion,vanilla_diffusion_calibrated90,ause_abs_error,25,0.06952598385418804,0.0692645525082291,0.06522121399414729,0.07386292497798586,7.918095417424844e-21,5.960464477539063e-08,True,2.1611315474164138e-20,9.769907339216921e-08
explicit_residual_likelihood_guided_diffusion,vanilla_diffusion_calibrated90,width90_norm,25,2.051907504200935,2.078971803188324,1.9963506620079279,2.105936771854758,2.208029414964594e-29,5.960464477539063e-08,True,1.75317521432758e-28,9.769907339216921e-08
explicit_residual_likelihood_guided_diffusion_calibrated90,explicit_residual_likelihood_guided_diffusion,mae_kpa,25,-2.86102294921875e-08,0.0,-8.58306884765625e-08,9.5367431640625e-09,0.2652487734787708,0.25683925795785656,False,0.3088513115848701,0.2902551918042254
explicit_residual_likelihood_guided_diffusion_calibrated90,explicit_residual_likelihood_guided_diffusion,rmse_kpa,25,4.0297367931430014e-08,0.0,-1.0136535657956357e-07,1.7019306002730149e-07,0.5779056335518777,0.49896229860376107,True,0.6089171980055393,0.5273225003006001
explicit_residual_likelihood_guided_diffusion_calibrated90,explicit_residual_likelihood_guided_diffusion,mae_norm,25,4.440892098500626e-18,0.0,-1.4901161116132045e-09,1.4901161204949887e-09,0.9999999952935054,0.5897737906589078,True,0.9999999952935054,0.6124178105445901
explicit_residual_likelihood_guided_diffusion_calibrated90,explicit_residual_likelihood_guided_diffusion,rmse_norm,25,-4.090798766398507e-10,0.0,-1.9370858561629235e-09,8.251557415128729e-10,0.5782154905430752,0.4652088184521418,False,0.6089171980055393,0.4934032922977261
explicit_residual_likelihood_guided_diffusion_calibrated90,explicit_residual_likelihood_guided_diffusion,crps_norm,25,0.0002911002933978918,-0.00042708590626720083,-0.0007698187194764702,0.001580942023545495,0.6428064483329221,0.25210392475128174,True,0.6669046848440953,0.2854459281199099
explicit_residual_likelihood_guided_diffusion_calibrated90,explicit_residual_likelihood_guided_diffusion,uce,25,0.04562853034842437,0.0426567274312753,0.04066854712755692,0.050741441320692644,4.96526831603072e-15,5.960464477539063e-08,True,9.090260455502396e-15,9.769907339216921e-08
explicit_residual_likelihood_guided_diffusion_calibrated90,explicit_residual_likelihood_guided_diffusion,ence,25,1.2747457826895816,1.0041008342077427,1.0441688895211105,1.5249215167234518,3.6446787758389415e-10,5.960464477539063e-08,True,6.125943140181272e-10,9.769907339216921e-08
explicit_residual_likelihood_guided_diffusion_calibrated90,explicit_residual_likelihood_guided_diffusion,ause_abs_error,25,-6.074963154745206e-10,2.1732997346202154e-12,-2.8788768290134713e-09,9.806467182842115e-10,0.5610793073284088,0.6338268518447876,False,0.5940252453032087,0.6547343348049455
explicit_residual_likelihood_guided_diffusion_calibrated90,explicit_residual_likelihood_guided_diffusion,width90_norm,25,-0.1388528382778168,-0.14477691054344183,-0.16050480660796165,-0.11866581601649526,3.5498694150937676e-12,5.960464477539063e-08,False,6.095735359251924e-12,9.769907339216921e-08
explicit_residual_likelihood_guided_diffusion_calibrated90,explicit_residual_target_diffusion,mae_kpa,25,0.0037293052673339666,0.0072078704833984375,-0.002860777139663627,0.00983821988105777,0.27095752042408816,0.15633821487426758,True,0.3130480090336552,0.18474923108279884
explicit_residual_likelihood_guided_diffusion_calibrated90,explicit_residual_target_diffusion,rmse_kpa,25,-0.005152459486614518,-0.00497632938919601,-0.01570537836380141,0.00566318017446639,0.3592584924059639,0.39571136236190796,False,0.39806176436001495,0.424613634996096
explicit_residual_likelihood_guided_diffusion_calibrated90,explicit_residual_target_diffusion,mae_norm,25,0.00014548867940902322,0.00022675096988680754,-0.00018095214664934098,0.00043592667579648155,0.37926461548655294,0.17295855283737183,True,0.41330118354303846,0.20198300086013
explicit_residual_likelihood_guided_diffusion_calibrated90,explicit_residual_target_diffusion,rmse_norm,25,0.00011177298815580494,4.976167633949369e-05,-0.00018441998993271264,0.0003922207333655191,0.46284976113794135,0.3525196313858032,True,0.49710398533768074,0.386634434423139
explicit_residual_likelihood_guided_diffusion_calibrated90,explicit_residual_target_diffusion,crps_norm,25,0.0003540556132793321,-0.00031502172350880014,-0.000667171977460394,0.0015890423394739582,0.5552415427695234,0.42614197731018066,True,0.5888925453616158,0.45644370206941043
explicit_residual_likelihood_guided_diffusion_calibrated90,explicit_residual_target_diffusion,uce,25,0.044950552249061394,0.0397835920034222,0.03983341882604415,0.0503460739482179,1.2173060259670463e-14,5.960464477539063e-08,True,2.1816177272602185e-14,9.769907339216921e-08
explicit_residual_likelihood_guided_diffusion_calibrated90,explicit_residual_target_diffusion,ence,25,1.2791043338784218,1.171273145788367,1.070218126668757,1.514236816436779,6.542114865055899e-11,5.960464477539063e-08,True,1.1153462305754325e-10,9.769907339216921e-08
explicit_residual_likelihood_guided_diffusion_calibrated90,explicit_residual_target_diffusion,ause_abs_error,25,-0.00037706787731138795,-0.0003040658649256997,-0.0010627171055693915,0.00025378421071639714,0.2828393030209167,0.3665854334831238,False,0.32177883375832295,0.3976633234684752
explicit_residual_likelihood_guided_diffusion_calibrated90,explicit_residual_target_diffusion,width90_norm,25,-0.13838927417993546,-0.14547528326511389,-0.1597825549244881,-0.1182362906262279,4.05233175614254e-12,5.960464477539063e-08,False,6.938524877423918e-12,9.769907339216921e-08
explicit_residual_likelihood_guided_diffusion_calibrated90,explicit_residual_target_diffusion_calibrated90,mae_kpa,25,0.0037293529510497693,0.0072078704833984375,-0.0030795581340790855,0.009775481939315723,0.27095103651746877,0.15633821487426758,True,0.3130480090336552,0.18474923108279884
explicit_residual_likelihood_guided_diffusion_calibrated90,explicit_residual_target_diffusion_calibrated90,rmse_kpa,25,-0.0051524526939086,-0.00497632938919601,-0.015843966489243994,0.005342272876921317,0.3592591049770219,0.39571136236190796,False,0.39806176436001495,0.424613634996096
explicit_residual_likelihood_guided_diffusion_calibrated90,explicit_residual_target_diffusion_calibrated90,mae_norm,25,0.0001454895734786954,0.00022675842046740446,-0.00018203095346688543,0.00043971895426510294,0.37926171709793616,0.17295855283737183,True,0.41330118354303846,0.20198300086013
explicit_residual_likelihood_guided_diffusion_calibrated90,explicit_residual_target_diffusion_calibrated90,rmse_norm,25,0.00011177325937127503,4.976167633949369e-05,-0.00018785662982560898,0.0003905740690283703,0.46284869451047467,0.3525196313858032,True,0.49710398533768074,0.386634434423139
explicit_residual_likelihood_guided_diffusion_calibrated90,explicit_residual_target_diffusion_calibrated90,crps_norm,25,5.4071843624112216e-05,0.0001919865608214985,-0.0001131827384233503,0.00021589275822043758,0.538368424031131,0.3665854334831238,True,0.5720164505330767,0.3976633234684752
explicit_residual_likelihood_guided_diffusion_calibrated90,explicit_residual_target_diffusion_calibrated90,uce,25,-0.0005034252628005397,-0.0009869548375487022,-0.0022524422145372993,0.0012298933945803774,0.5832150530098382,0.5601714849472046,False,0.6130970963619324,0.5888728507837221
explicit_residual_likelihood_guided_diffusion_calibrated90,explicit_residual_target_diffusion_calibrated90,ence,25,0.011221645460846112,-0.015161741691852249,-0.04070286861844594,0.0657124164729604,0.6884210043213047,0.9158032536506653,True,0.7129860706199762,0.9298684913347198
explicit_residual_likelihood_guided_diffusion_calibrated90,explicit_residual_target_diffusion_calibrated90,ause_abs_error,25,-0.0003770670976873877,-0.00030406590464779684,-0.001054428226938822,0.00028158665919537115,0.2828401473119133,0.3665854334831238,False,0.32177883375832295,0.3976633234684752
explicit_residual_likelihood_guided_diffusion_calibrated90,explicit_residual_target_diffusion_calibrated90,width90_norm,25,0.002444747090339661,0.0028111934661865234,-0.0011173376441001826,0.006204669401049619,0.2165085268697216,0.2634761333465576,True,0.25459006618079916,0.29719108879848677
explicit_residual_likelihood_guided_diffusion_calibrated90,likelihood_guided_diffusion,mae_kpa,25,9.661449995040893,9.349345922470095,9.318008715391159,10.031424771785737,4.6464699110685135e-26,5.960464477539063e-08,True,2.1185055735360054e-25,9.769907339216921e-08
explicit_residual_likelihood_guided_diffusion_calibrated90,likelihood_guided_diffusion,rmse_kpa,25,4.838616689475408,4.6099604375456025,4.464351861233871,5.231943403870172,2.1737080931201698e-18,5.960464477539063e-08,True,5.112080298049411e-18,9.769907339216921e-08
explicit_residual_likelihood_guided_diffusion_calibrated90,likelihood_guided_diffusion,mae_norm,25,0.3607988503575325,0.35705334693193436,0.35297213998436927,0.36939233502745633,2.4041659022843403e-31,5.960464477539063e-08,True,4.513046051162339e-30,9.769907339216921e-08
explicit_residual_likelihood_guided_diffusion_calibrated90,likelihood_guided_diffusion,rmse_norm,25,0.3000173268360476,0.299590025993713,0.2920259561575392,0.30801979077387015,1.4079236324317374e-29,5.960464477539063e-08,True,1.3160342291069314e-28,9.769907339216921e-08
explicit_residual_likelihood_guided_diffusion_calibrated90,likelihood_guided_diffusion,crps_norm,25,0.34824716821312907,0.3471370711922645,0.34072697807103397,0.35597593668475747,1.5987389210365516e-31,5.960464477539063e-08,True,4.32386208189431e-30,9.769907339216921e-08
explicit_residual_likelihood_guided_diffusion_calibrated90,likelihood_guided_diffusion,uce,25,0.3414726531817238,0.3401444004113536,0.33355873744348075,0.3497086711775405,9.115848084795188e-31,5.960464477539063e-08,True,1.2053176912118082e-29,9.769907339216921e-08
explicit_residual_likelihood_guided_diffusion_calibrated90,likelihood_guided_diffusion,ence,25,4.472912480052734,4.458207941716161,4.235117215047637,4.71015119130721,1.6081933831100207e-22,5.960464477539063e-08,True,5.421388458642846e-22,9.769907339216921e-08
explicit_residual_likelihood_guided_diffusion_calibrated90,likelihood_guided_diffusion,ause_abs_error,25,0.0692084115023957,0.068381009938437,0.06499104239594372,0.07322407364838562,3.050279643424357e-21,5.960464477539063e-08,True,8.761975905545852e-21,9.769907339216921e-08
explicit_residual_likelihood_guided_diffusion_calibrated90,likelihood_guided_diffusion,width90_norm,25,-0.06852162063121797,-0.048155650496482905,-0.09904243169724941,-0.04194042736291886,0.00010854990707916222,1.233816146850586e-05,False,0.0001581081877897222,1.8261706651146734e-05
explicit_residual_likelihood_guided_diffusion_calibrated90,likelihood_guided_diffusion_calibrated90,mae_kpa,25,9.661449842453003,9.349345922470095,9.314415747165679,10.029781008720398,4.6464472185867257e-26,5.960464477539063e-08,True,2.1185055735360054e-25,9.769907339216921e-08
explicit_residual_likelihood_guided_diffusion_calibrated90,likelihood_guided_diffusion_calibrated90,rmse_kpa,25,4.838616669469135,4.609960965447639,4.465198163168899,5.219390530554242,2.1737052928578654e-18,5.960464477539063e-08,True,5.112080298049411e-18,9.769907339216921e-08
explicit_residual_likelihood_guided_diffusion_calibrated90,likelihood_guided_diffusion_calibrated90,mae_norm,25,0.360798844397068,0.35705334693193436,0.3531841573119163,0.36915884747356176,2.404153117126223e-31,5.960464477539063e-08,True,4.513046051162339e-30,9.769907339216921e-08
explicit_residual_likelihood_guided_diffusion_calibrated90,likelihood_guided_diffusion_calibrated90,rmse_norm,25,0.3000173288291635,0.299590025993713,0.2920239151664849,0.30804296851060764,1.4079196836741562e-29,5.960464477539063e-08,True,1.3160342291069314e-28,9.769907339216921e-08
explicit_residual_likelihood_guided_diffusion_calibrated90,likelihood_guided_diffusion_calibrated90,crps_norm,25,0.16869593396782875,0.1688021533191204,0.16384488116949797,0.17368108206242322,1.4902791842713192e-28,5.960464477539063e-08,True,8.956728430721566e-28,9.769907339216921e-08
explicit_residual_likelihood_guided_diffusion_calibrated90,likelihood_guided_diffusion_calibrated90,uce,25,0.29598197088445777,0.2985872982724636,0.27418904698743185,0.31738378891169405,3.2892561662446544e-19,5.960464477539063e-08,True,8.399602656289998e-19,9.769907339216921e-08
explicit_residual_likelihood_guided_diffusion_calibrated90,likelihood_guided_diffusion_calibrated90,ence,25,-0.32003577948097606,-0.27559950864433475,-0.4950865641113341,-0.16307876403849678,0.0011178415970564638,0.0006313323974609375,False,0.0015686692222844243,0.000808703501591513
explicit_residual_likelihood_guided_diffusion_calibrated90,likelihood_guided_diffusion_calibrated90,ause_abs_error,25,0.06920841159319968,0.06838100998360111,0.064997118846771,0.07328675168851034,3.050282176399387e-21,5.960464477539063e-08,True,8.761975905545852e-21,9.769907339216921e-08
explicit_residual_likelihood_guided_diffusion_calibrated90,likelihood_guided_diffusion_calibrated90,width90_norm,25,1.9215267699956895,1.8871828317642212,1.8630634916424753,1.9859587681293487,8.045475155507821e-28,5.960464477539063e-08,True,4.537495466850382e-27,9.769907339216921e-08
explicit_residual_likelihood_guided_diffusion_calibrated90,prior_init_diffusion_unet,mae_kpa,25,-0.11857575416564943,-0.08583521842956543,-0.19297966933250432,-0.059892399549484235,0.002366498811821825,3.814697265625e-05,False,0.0031377453234608128,5.05511107582823e-05
explicit_residual_likelihood_guided_diffusion_calibrated90,prior_init_diffusion_unet,rmse_kpa,25,-0.06339400116896271,-0.047043892356924744,-0.101534666651295,-0.028167724124949448,0.002983185310781628,0.003419220447540283,False,0.003846143575113908,0.0042120831600133924
explicit_residual_likelihood_guided_diffusion_calibrated90,prior_init_diffusion_unet,mae_norm,25,-0.008906015455722805,-0.0064761638641357006,-0.014018319182097906,-0.004837001293897625,0.001147607569256416,4.5418739318847656e-05,False,0.0015898186919779554,5.887614356146919e-05
explicit_residual_likelihood_guided_diffusion_calibrated90,prior_init_diffusion_unet,rmse_norm,25,-0.0024961594415974964,-0.0015811694717155211,-0.0043941365276450196,-0.0010877198435932758,0.009486877310242904,2.664327621459961e-05,False,0.011659879396526124,3.6781320992312685e-05
explicit_residual_likelihood_guided_diffusion_calibrated90,prior_init_diffusion_unet,crps_norm,25,0.013280034512281418,0.014705795794725404,0.011121968809515223,0.014970285363495348,2.017440325746881e-12,1.7881393432617188e-07,True,3.49454728913943e-12,2.807237227548081e-07
explicit_residual_likelihood_guided_diffusion_calibrated90,prior_init_diffusion_unet,uce,25,0.09247089328575059,0.0914357563777039,0.08710140714163968,0.09819961425402678,2.8561589635201025e-21,5.960464477539063e-08,True,8.392170781701041e-21,9.769907339216921e-08
explicit_residual_likelihood_guided_diffusion_calibrated90,prior_init_diffusion_unet,ence,25,13.067608813964464,12.278928199718727,12.328849031293045,13.895253211007757,2.609669213214788e-21,5.960464477539063e-08,True,7.744404897071317e-21,9.769907339216921e-08
explicit_residual_likelihood_guided_diffusion_calibrated90,prior_init_diffusion_unet,ause_abs_error,25,-0.005473948214451356,-0.005266716177909499,-0.006529977417357108,-0.004361821270441654,8.128042600049142e-10,1.1920928955078125e-07,False,1.3322845997214342e-09,1.9118470965691334e-07
explicit_residual_likelihood_guided_diffusion_calibrated90,prior_init_diffusion_unet,width90_norm,25,-0.29116591937839986,-0.2795978561043739,-0.3230712541658431,-0.26397934992052624,5.470758534639127e-16,5.960464477539063e-08,False,1.0518062425036352e-15,9.769907339216921e-08
explicit_residual_likelihood_guided_diffusion_calibrated90,prior_init_diffusion_unet_calibrated90,mae_kpa,25,-0.11857570648193363,-0.08583521842956543,-0.19231316566467285,-0.060494493246078536,0.0023665083365483623,3.814697265625e-05,False,0.0031377453234608128,5.05511107582823e-05
explicit_residual_likelihood_guided_diffusion_calibrated90,prior_init_diffusion_unet_calibrated90,rmse_kpa,25,-0.06339402180493209,-0.04704431144156196,-0.10053853438998382,-0.02855431062584287,0.002983179603014421,0.003419220447540283,False,0.003846143575113908,0.0042120831600133924
explicit_residual_likelihood_guided_diffusion_calibrated90,prior_init_diffusion_unet_calibrated90,mae_norm,25,-0.008906014859676356,-0.0064761638641357006,-0.013973050720989701,-0.004750352434813951,0.0011476086188311459,4.5418739318847656e-05,False,0.0015898186919779554,5.887614356146919e-05
explicit_residual_likelihood_guided_diffusion_calibrated90,prior_init_diffusion_unet_calibrated90,rmse_norm,25,-0.002496159320760036,-0.0015811694717155211,-0.00444087047209052,-0.0011002654955262394,0.009486883039729268,2.664327621459961e-05,False,0.011659879396526124,3.6781320992312685e-05
explicit_residual_likelihood_guided_diffusion_calibrated90,prior_init_diffusion_unet_calibrated90,crps_norm,25,0.005547919720411307,0.005292631685733802,0.0037532991357147687,0.007149251725524674,1.5810174739332016e-06,4.5418739318847656e-05,True,2.3875771497214593e-06,5.887614356146919e-05
explicit_residual_likelihood_guided_diffusion_calibrated90,prior_init_diffusion_unet_calibrated90,uce,25,-0.0033990937878948958,-0.007271816585742705,-0.008921795321741458,0.002559257161251462,0.264311455441021,0.20993918180465698,False,0.3083633646811912,0.23998811368639944
explicit_residual_likelihood_guided_diffusion_calibrated90,prior_init_diffusion_unet_calibrated90,ence,25,-0.45357741659894507,-0.41339490048491817,-0.6349054885864679,-0.2882690207561399,4.537050912398594e-05,1.8298625946044922e-05,False,6.732033149319609e-05,2.642641368421536e-05
explicit_residual_likelihood_guided_diffusion_calibrated90,prior_init_diffusion_unet_calibrated90,ause_abs_error,25,-0.005473947962094154,-0.005266716142559899,-0.006543553232845883,-0.004384761249260518,8.128055625191271e-10,1.1920928955078125e-07,False,1.3322845997214342e-09,1.9118470965691334e-07
explicit_residual_likelihood_guided_diffusion_calibrated90,prior_init_diffusion_unet_calibrated90,width90_norm,25,0.03179256975650785,0.04910966753959656,0.004361030057072616,0.057209760531783074,0.03166178768982146,0.018744707107543945,True,0.03860402392508969,0.02271507276779765
explicit_residual_likelihood_guided_diffusion_calibrated90,residual_likelihood_guided_diffusion,mae_kpa,25,-0.11858187675476083,-0.08586382865905762,-0.19282030820846563,-0.06055008459091196,0.002386261365671756,3.814697265625e-05,False,0.0031377453234608128,5.05511107582823e-05
explicit_residual_likelihood_guided_diffusion_calibrated90,residual_likelihood_guided_diffusion,rmse_kpa,25,-0.06398832152663153,-0.04771429201986521,-0.10131083248843592,-0.02862275886204659,0.0027285554844167117,0.0030878782272338867,False,0.0035486404412632885,0.003872049621083588
explicit_residual_likelihood_guided_diffusion_calibrated90,residual_likelihood_guided_diffusion,mae_norm,25,-0.008898860812187194,-0.006441518664359991,-0.013896137781441227,-0.004698037572205073,0.0011612705750694908,4.5418739318847656e-05,False,0.0015939007893110658,5.887614356146919e-05
explicit_residual_likelihood_guided_diffusion_calibrated90,residual_likelihood_guided_diffusion,rmse_norm,25,-0.0024942785388462263,-0.001513772827083315,-0.004444083506103004,-0.0010951958742423716,0.009543446424529244,2.2113323211669922e-05,False,0.011659879396526124,3.147709883000862e-05
explicit_residual_likelihood_guided_diffusion_calibrated90,residual_likelihood_guided_diffusion,crps_norm,25,0.013286859840154623,0.014753367751836693,0.01117507092654704,0.01500380925089118,1.9876522152601648e-12,1.7881393432617188e-07,True,3.4530016586271477e-12,2.807237227548081e-07
explicit_residual_likelihood_guided_diffusion_calibrated90,residual_likelihood_guided_diffusion,uce,25,0.09248466769993398,0.0914993816999117,0.08702127153633364,0.09809488624205155,3.0556470594970825e-21,5.960464477539063e-08,True,8.761975905545852e-21,9.769907339216921e-08
explicit_residual_likelihood_guided_diffusion_calibrated90,residual_likelihood_guided_diffusion,ence,25,13.05685421782158,12.230588897870016,12.333160655154241,13.869617398110782,2.6490472946251397e-21,5.960464477539063e-08,True,7.82224883524545e-21,9.769907339216921e-08
explicit_residual_likelihood_guided_diffusion_calibrated90,residual_likelihood_guided_diffusion,ause_abs_error,25,-0.005519441018305645,-0.0054465646073351,-0.006573508657738033,-0.004415680962323581,7.494690857586883e-10,1.7881393432617188e-07,False,1.2421635473092417e-09,2.807237227548081e-07
explicit_residual_likelihood_guided_diffusion_calibrated90,residual_likelihood_guided_diffusion,width90_norm,25,-0.29116684064269066,-0.2794639877974987,-0.32318644058331847,-0.2637905753739178,5.479998910523141e-16,5.960464477539063e-08,False,1.0518062425036352e-15,9.769907339216921e-08
explicit_residual_likelihood_guided_diffusion_calibrated90,residual_likelihood_guided_diffusion_calibrated90,mae_kpa,25,-0.11858189582824717,-0.08586382865905762,-0.1921693439483644,-0.06038583445549039,0.002386257280537681,3.814697265625e-05,False,0.0031377453234608128,5.05511107582823e-05
explicit_residual_likelihood_guided_diffusion_calibrated90,residual_likelihood_guided_diffusion_calibrated90,rmse_kpa,25,-0.0639882645191814,-0.04771362219329056,-0.103853244816274,-0.028398862014029774,0.0027285764737444615,0.0030878782272338867,False,0.0035486404412632885,0.003872049621083588
explicit_residual_likelihood_guided_diffusion_calibrated90,residual_likelihood_guided_diffusion_calibrated90,mae_norm,25,-0.008898860514163972,-0.006441518664359991,-0.013960944533348072,-0.004695335075259206,0.0011612704814494966,4.5418739318847656e-05,False,0.0015939007893110658,5.887614356146919e-05
explicit_residual_likelihood_guided_diffusion_calibrated90,residual_likelihood_guided_diffusion_calibrated90,rmse_norm,25,-0.0024942785454160764,-0.001513772827083315,-0.0044020615441338045,-0.0011005328549542383,0.009543451930772096,2.2113323211669922e-05,False,0.011659879396526124,3.147709883000862e-05
explicit_residual_likelihood_guided_diffusion_calibrated90,residual_likelihood_guided_diffusion_calibrated90,crps_norm,25,0.005553451031446432,0.005396928638219806,0.0037707075700163573,0.007135724361985894,1.7601379308538112e-06,4.5418739318847656e-05,True,2.644651689035398e-06,5.887614356146919e-05
explicit_residual_likelihood_guided_diffusion_calibrated90,residual_likelihood_guided_diffusion_calibrated90,uce,25,-0.003556310072996052,-0.008164042674501298,-0.009038956498006321,0.00220309386679502,0.23650205117725834,0.21998637914657593,False,0.2775517168648298,0.25099117083837524
explicit_residual_likelihood_guided_diffusion_calibrated90,residual_likelihood_guided_diffusion_calibrated90,ence,25,-0.4561098564528833,-0.41371571716519145,-0.6371817836465616,-0.290852359999788,4.039005640899517e-05,1.0073184967041016e-05,False,6.0080208908380314e-05,1.4965156193231971e-05
explicit_residual_likelihood_guided_diffusion_calibrated90,residual_likelihood_guided_diffusion_calibrated90,ause_abs_error,25,-0.005519444068245647,-0.0054465648828391985,-0.006617876768267709,-0.004408839500257121,7.494727102504936e-10,1.7881393432617188e-07,False,1.2421635473092417e-09,2.807237227548081e-07
explicit_residual_likelihood_guided_diffusion_calibrated90,residual_likelihood_guided_diffusion_calibrated90,width90_norm,25,0.03181491315364838,0.04928755760192871,0.0036273212730884453,0.057691243261098875,0.032592593068020606,0.017312347888946533,True,0.039657654142070065,0.02102213672229222
explicit_residual_likelihood_guided_diffusion_calibrated90,srcnn_bz_single_channel,mae_kpa,25,0.7237427616119385,0.8137552738189702,0.631533965587616,0.8074193122386932,3.743459736430173e-14,5.960464477539063e-08,True,6.638934903064368e-14,9.769907339216921e-08
explicit_residual_likelihood_guided_diffusion_calibrated90,srcnn_bz_single_channel,rmse_kpa,25,1.8753930243842,1.9287733484428493,1.7068995939054386,2.0413138678711347,2.846905140048012e-17,5.960464477539063e-08,True,5.985542608934866e-17,9.769907339216921e-08
explicit_residual_likelihood_guided_diffusion_calibrated90,srcnn_bz_single_channel,mae_norm,25,0.02970362633466721,0.033972613513469696,0.024059832543134686,0.034727013625204556,1.1857387015808402e-10,2.980232238769531e-07,True,2.0100128986911677e-10,4.654168456871053e-07
explicit_residual_likelihood_guided_diffusion_calibrated90,srcnn_bz_single_channel,rmse_norm,25,0.042225496935595005,0.04564887841690879,0.03844885498007111,0.045822822430877486,2.7136772275774368e-17,5.960464477539063e-08,True,5.746042528144395e-17,9.769907339216921e-08
explicit_residual_likelihood_guided_diffusion_calibrated90,srcnn_bz_single_channel,crps_norm,25,0.056833797246217725,0.0590642169117927,0.05387324314936994,0.05960328618809581,7.680260158108565e-23,5.960464477539063e-08,True,2.626295858663561e-22,9.769907339216921e-08
explicit_residual_likelihood_guided_diffusion_calibrated90,srcnn_bz_single_channel,uce,25,0.16717550715237828,0.1669814295964848,0.1619651142231149,0.17259956152455275,9.705017190166907e-28,5.960464477539063e-08,True,5.396715166494682e-27,9.769907339216921e-08
explicit_residual_likelihood_guided_diffusion_calibrated90,srcnn_bz_single_channel,ause_abs_error,25,0.06531096298933767,0.06377487697642781,0.06295850992784507,0.06786844459909533,4.7575105774512455e-26,5.960464477539063e-08,True,2.152654430037664e-25,9.769907339216921e-08
explicit_residual_likelihood_guided_diffusion_calibrated90,srcnn_bz_single_channel,width90_norm,25,-0.31878686010837554,-0.307523101568222,-0.3499431958198547,-0.29118733750283715,7.808833031844537e-17,5.960464477539063e-08,False,1.5966514274733674e-16,9.769907339216921e-08
explicit_residual_likelihood_guided_diffusion_calibrated90,train_mean_prior,mae_kpa,25,1.0000406837463378,1.0749378204345703,0.9021298985481262,1.0924829022884368,1.642707514608457e-16,5.960464477539063e-08,True,3.3132645062197635e-16,9.769907339216921e-08
explicit_residual_likelihood_guided_diffusion_calibrated90,train_mean_prior,rmse_kpa,25,2.278583559458142,2.3244145569772936,2.0831625272049843,2.467907945564752,1.1633953398788283e-17,5.960464477539063e-08,True,2.526351194262419e-17,9.769907339216921e-08
explicit_residual_likelihood_guided_diffusion_calibrated90,train_mean_prior,mae_norm,25,0.05483304709196091,0.059456691145896884,0.04930380562692881,0.060101773858070376,4.765234087691539e-16,5.960464477539063e-08,True,9.23555140774093e-16,9.769907339216921e-08
explicit_residual_likelihood_guided_diffusion_calibrated90,train_mean_prior,rmse_norm,25,0.05759954786463783,0.06012231214971009,0.05294226804589855,0.06186151140478991,9.620259340215786e-19,5.960464477539063e-08,True,2.3900017985087233e-18,9.769907339216921e-08
explicit_residual_likelihood_guided_diffusion_calibrated90,unet_canonical_bxyz,mae_kpa,25,-0.13612613677978513,-0.10613965988159135,-0.21195745229721083,-0.0775438296794891,0.0006476446624595754,8.344650268554688e-07,False,0.0009353151703442137,1.2813075896232359e-06
explicit_residual_likelihood_guided_diffusion_calibrated90,unet_canonical_bxyz,rmse_kpa,25,-0.09384138400825005,-0.08150690809567251,-0.1327827153324136,-0.05818489505067773,6.371290556040532e-05,1.8298625946044922e-05,False,9.430143982199296e-05,2.642641368421536e-05
explicit_residual_likelihood_guided_diffusion_calibrated90,unet_canonical_bxyz,mae_norm,25,-0.01123943448066712,-0.008733421564102103,-0.016379757978022092,-0.007062548063695443,0.0001067921307430181,4.172325134277344e-07,False,0.00015592961421373195,6.473359725932254e-07
explicit_residual_likelihood_guided_diffusion_calibrated90,unet_canonical_bxyz,rmse_norm,25,-0.0029747033111525555,-0.001987652727460404,-0.004926695937777184,-0.001589672876413287,0.002588017914574631,1.1324882507324219e-06,False,0.003395529606369068,1.7233516858971638e-06
explicit_residual_likelihood_guided_diffusion_calibrated90,unet_canonical_bxyz,crps_norm,25,0.01589073881506918,0.017075635492801694,0.01368685061484573,0.017649771258234963,6.910698826991376e-14,1.1920928955078125e-07,True,1.218330608017739e-13,1.9118470965691334e-07
explicit_residual_likelihood_guided_diffusion_calibrated90,unet_canonical_bxyz,uce,25,0.12200984877146871,0.11736494592448998,0.11679228027801088,0.12741725410434165,1.9073017700427534e-24,5.960464477539063e-08,True,6.898751083133364e-24,9.769907339216921e-08
explicit_residual_likelihood_guided_diffusion_calibrated90,unet_canonical_bxyz,ause_abs_error,25,0.03992049692366494,0.0385441849655585,0.03789564955567385,0.04191394709713522,6.248280290781755e-23,5.960464477539063e-08,True,2.142790621890839e-22,9.769907339216921e-08
explicit_residual_likelihood_guided_diffusion_calibrated90,unet_canonical_bxyz,width90_norm,25,-0.31878686010837554,-0.307523101568222,-0.3510660520792007,-0.2908898780196905,7.808833031844537e-17,5.960464477539063e-08,False,1.5966514274733674e-16,9.769907339216921e-08
explicit_residual_likelihood_guided_diffusion_calibrated90,vanilla_diffusion,mae_kpa,25,9.651487913131714,9.318601369857788,9.310234887361526,10.029885002374648,5.61993587905968e-26,5.960464477539063e-08,True,2.431899563515952e-25,9.769907339216921e-08
explicit_residual_likelihood_guided_diffusion_calibrated90,vanilla_diffusion,rmse_kpa,25,4.83333325551715,4.643468184959694,4.46499025085345,5.227683755556653,1.6940407512901504e-18,5.960464477539063e-08,True,4.130960028760818e-18,9.769907339216921e-08
explicit_residual_likelihood_guided_diffusion_calibrated90,vanilla_diffusion,mae_norm,25,0.36059219628572464,0.3551349714398384,0.35265715106576684,0.3693266433551907,3.6155670399573668e-31,5.960464477539063e-08,True,5.9757288577073146e-30,9.769907339216921e-08
explicit_residual_likelihood_guided_diffusion_calibrated90,vanilla_diffusion,rmse_norm,25,0.29986366680672966,0.2997551697977554,0.29192198439766576,0.3082628534737184,1.6390750155782434e-29,5.960464477539063e-08,True,1.4020426443638618e-28,9.769907339216921e-08
explicit_residual_likelihood_guided_diffusion_calibrated90,vanilla_diffusion,crps_norm,25,0.3479671062529087,0.3469799533486366,0.34036718094721435,0.35591804137825966,2.1070610908243025e-31,5.960464477539063e-08,True,4.513046051162339e-30,9.769907339216921e-08
explicit_residual_likelihood_guided_diffusion_calibrated90,vanilla_diffusion,uce,25,0.34126211833582615,0.3419965592559198,0.33320660828583,0.34937834007395363,8.173960003267285e-31,5.960464477539063e-08,True,1.1053423186236442e-29,9.769907339216921e-08
explicit_residual_likelihood_guided_diffusion_calibrated90,vanilla_diffusion,ence,25,4.464686756149056,4.439504834068305,4.227734104974992,4.702844283230284,1.596114738254727e-22,5.960464477539063e-08,True,5.411329169581553e-22,9.769907339216921e-08
explicit_residual_likelihood_guided_diffusion_calibrated90,vanilla_diffusion,ause_abs_error,25,0.06952598394318495,0.06926455305323001,0.0651948572929475,0.07389191226975668,7.918082415504888e-21,5.960464477539063e-08,True,2.1611315474164138e-20,9.769907339216921e-08
explicit_residual_likelihood_guided_diffusion_calibrated90,vanilla_diffusion,width90_norm,25,-0.06813653230667116,-0.04501104354858401,-0.09909632126986982,-0.04217368108034137,0.00011262990776372393,1.0073184967041016e-05,False,0.00016385035481519738,1.4965156193231971e-05
explicit_residual_likelihood_guided_diffusion_calibrated90,vanilla_diffusion_calibrated90,mae_kpa,25,9.651487913131714,9.318601369857788,9.30619935631752,10.023081179857254,5.619921876310997e-26,5.960464477539063e-08,True,2.431899563515952e-25,9.769907339216921e-08
explicit_residual_likelihood_guided_diffusion_calibrated90,vanilla_diffusion_calibrated90,rmse_kpa,25,4.833333297611853,4.643468711640619,4.471675211263797,5.224423996797935,1.6940405519284274e-18,5.960464477539063e-08,True,4.130960028760818e-18,9.769907339216921e-08
explicit_residual_likelihood_guided_diffusion_calibrated90,vanilla_diffusion_calibrated90,mae_norm,25,0.3605921950936317,0.3551349714398384,0.3526274091750383,0.36892876255512236,3.6155593311491708e-31,5.960464477539063e-08,True,5.9757288577073146e-30,9.769907339216921e-08
explicit_residual_likelihood_guided_diffusion_calibrated90,vanilla_diffusion_calibrated90,rmse_norm,25,0.29986366669353165,0.2997551697977554,0.2919377606459297,0.30796772457203675,1.6390782657309507e-29,5.960464477539063e-08,True,1.4020426443638618e-28,9.769907339216921e-08
explicit_residual_likelihood_guided_diffusion_calibrated90,vanilla_diffusion_calibrated90,crps_norm,25,0.16921841397881507,0.16752098128199577,0.16410695527493954,0.17458987553045152,4.1827482072848675e-28,5.960464477539063e-08,True,2.45195584564975e-27,9.769907339216921e-08
explicit_residual_likelihood_guided_diffusion_calibrated90,vanilla_diffusion_calibrated90,uce,25,0.29341302609859954,0.3060940029808336,0.27222148762107307,0.31471913746948044,1.892845489297419e-19,5.960464477539063e-08,True,4.928853681102688e-19,9.769907339216921e-08
explicit_residual_likelihood_guided_diffusion_calibrated90,vanilla_diffusion_calibrated90,ence,25,-0.3206094261294376,-0.25432511793685475,-0.4934816983676026,-0.16213590990870577,0.0011239289541130622,0.0004894733428955078,False,0.0015716515339536357,0.0006297008411304371
explicit_residual_likelihood_guided_diffusion_calibrated90,vanilla_diffusion_calibrated90,ause_abs_error,25,0.06952598324669174,0.0692645531925707,0.06524996087064745,0.07389157017952366,7.91809103265549e-21,5.960464477539063e-08,True,2.1611315474164138e-20,9.769907339216921e-08
explicit_residual_likelihood_guided_diffusion_calibrated90,vanilla_diffusion_calibrated90,width90_norm,25,1.9130546659231187,1.9601371884346013,1.8573765422701836,1.96828436742723,8.32215761235178e-29,5.960464477539063e-08,True,5.441410746537702e-28,9.769907339216921e-08
