decoupled_id,geometry_id,source_geometry_type,area_frac,perimeter_norm,equivalent_diameter_norm,aspect_ratio,eccentricity,solidity,compactness,extent,convexity,major_axis_norm,minor_axis_norm,boundary_curvature_mean,boundary_curvature_std,fractal_dimension,asymmetry_score,number_of_components,E_bg,contrast,E_lesion,z_top,z_bottom,thickness,heterogeneity
decoupled_0000,midas_lesion_259,clinical_mask,0.755859375,2.75,0.9810148044289672,1.0,0.0,1.0,1.2559879720446798,0.8054110301768991,1.0,0.9811673238788051,0.9811673238788051,3.1630946806341935,0.008801874241551873,1.9085559336533833,0.0,1.0,7.643920183548332,1.7428860044615144,13.322481507127279,4.593853620668136,7.595287724910579,3.001434104242443,0.24362485479220297
decoupled_0001,isic2018_lesion_ISIC_0035553,clinical_mask,0.755859375,2.75,0.9810148044289672,1.0,0.0,1.0,1.2559879720446798,0.8054110301768991,1.0,0.9811673238788051,0.9811673238788051,3.1630946806341935,0.008801874241551873,1.9085559336533833,0.0,1.0,6.364974689823196,6.7453661462008325,42.93408479415853,4.292808518359831,7.522961357641411,3.2301528392815806,0.28004103913827644
decoupled_0002,isic2018_lesion_ISIC_0035078,clinical_mask,0.755859375,2.75,0.9810148044289672,1.0,0.0,1.0,1.2559879720446798,0.8054110301768991,1.0,0.9811673238788051,0.9811673238788051,3.1630946806341935,0.008801874241551873,1.9085559336533833,0.0,1.0,9.87835988039409,3.4318062458735756,33.90061713652339,2.7553465325596447,3.960027604410388,1.2046810718507435,0.051112761800804714
decoupled_0003,midas_lesion_415,clinical_mask,0.755859375,2.75,0.9810148044289672,1.0,0.0,1.0,1.2559879720446798,0.8054110301768991,1.0,0.9811673238788051,0.9811673238788051,3.1630946806341935,0.008801874241551873,1.9085559336533833,0.0,1.0,3.432682429227773,5.481439811239977,18.81604212691307,0.5367209191657132,5.126533484347538,4.589812565181825,0.2634918613755684
decoupled_0004,isic2018_lesion_ISIC_0035210,clinical_mask,0.755859375,2.75,0.9810148044289672,1.0,0.0,1.0,1.2559879720446798,0.8054110301768991,1.0,0.9811673238788051,0.9811673238788051,3.1630946806341935,0.008801874241551873,1.9085559336533833,0.0,1.0,8.620693419852984,1.5400763651057525,13.276526186738263,0.3104582363130794,1.2637700126979248,0.9533117763848453,0.2094083451860803
decoupled_0005,isic2018_lesion_ISIC_0035626,clinical_mask,0.755859375,2.75,0.9810148044289672,1.0,0.0,1.0,1.2559879720446798,0.8054110301768991,1.0,0.9811673238788051,0.9811673238788051,3.1630946806341935,0.008801874241551873,1.9085559336533833,0.0,1.0,6.33782099389787,3.1446106984387607,19.92997970220102,7.623873640973193,11.864266720023526,4.240393079050333,0.24984708766636882
decoupled_0006,isic2018_lesion_ISIC_0034579,clinical_mask,0.755859375,2.75,0.9810148044289672,1.0,0.0,1.0,1.2559879720446798,0.8054110301768991,1.0,0.9811673238788051,0.9811673238788051,3.1630946806341935,0.008801874241551873,1.9085559336533833,0.0,1.0,3.931598730508316,2.7355448571457903,10.755064687602943,4.051747869200817,8.334237091430252,4.282489222229435,0.28703061259609697
decoupled_0007,isic2018_lesion_ISIC_0034898,clinical_mask,0.755859375,2.75,0.9810148044289672,1.0,0.0,1.0,1.2559879720446798,0.8054110301768991,1.0,0.9811673238788051,0.9811673238788051,3.1630946806341935,0.008801874241551873,1.9085559336533833,0.0,1.0,4.670049887078244,1.2237540111930596,5.7149922817836964,6.1687946328972165,8.33673920464918,2.1679445717519643,0.20948098680322316
decoupled_0008,ph2_lesion_IMD057,clinical_mask,0.755859375,2.75,0.9810148044289672,1.0,0.0,1.0,1.2559879720446798,0.8054110301768991,1.0,0.9811673238788051,0.9811673238788051,3.1630946806341935,0.008801874241551873,1.9085559336533833,0.0,1.0,3.119805083909773,3.4131561608411154,10.648381942770074,5.882381594188358,9.9303561488626,4.0479745546742425,0.16785673009618862
decoupled_0009,midas_lesion_647,clinical_mask,0.755859375,2.75,0.9810148044289672,1.0,0.0,1.0,1.2559879720446798,0.8054110301768991,1.0,0.9811673238788051,0.9811673238788051,3.1630946806341935,0.008801874241551873,1.9085559336533833,0.0,1.0,3.3777869423765146,1.7305631588935617,5.845473641068526,6.177608105943132,7.236503384648284,1.058895278705152,0.19881561728692052
decoupled_0010,isic2018_lesion_ISIC_0035421,clinical_mask,0.755859375,2.75,0.9810148044289672,1.0,0.0,1.0,1.2559879720446798,0.8054110301768991,1.0,0.9811673238788051,0.9811673238788051,3.1630946806341935,0.008801874241551873,1.9085559336533833,0.0,1.0,9.52659955324537,4.1566045891203744,39.59830742173182,0.46814196103730693,1.983191461565949,1.515049500528642,0.34950374226528613
decoupled_0011,midas_lesion_69,clinical_mask,0.755859375,2.75,0.9810148044289672,1.0,0.0,1.0,1.2559879720446798,0.8054110301768991,1.0,0.9811673238788051,0.9811673238788051,3.1630946806341935,0.008801874241551873,1.9085559336533833,0.0,1.0,5.320651389988208,1.5007334724311943,7.984879636092863,1.171111967572351,5.539068042540992,4.3679560749686415,0.057164876472646384
decoupled_0012,squamous_cell_carcinoma_BCN_0000004833,clinical_mask,0.164306640625,2.015625,0.45738573688555156,1.8852126082925396,0.8477198850396415,0.7619317176720326,0.5082126929549741,0.4817897091722595,1.3124535661218424,0.702400355573212,0.37258415973007136,4.972584571971463,0.32249627842615697,1.80638791826563,0.43843400447427294,1.0,5.465207243437302,1.1296832983553238,6.173953344961658,1.2951006762457147,4.286315288381136,2.9912146121354213,0.2902207972900254
decoupled_0013,midas_lesion_357,clinical_mask,0.755859375,2.75,0.9810148044289672,1.0,0.0,1.0,1.2559879720446798,0.8054110301768991,1.0,0.9811673238788051,0.9811673238788051,3.1630946806341935,0.008801874241551873,1.9085559336533833,0.0,1.0,4.800704968752378,1.5361584783766813,7.3746436399340265,1.9061259810698852,4.810901889182029,2.9047759081121436,0.3106501857660482
decoupled_0014,isic2018_lesion_ISIC_0035553,clinical_mask,0.755859375,2.75,0.9810148044289672,1.0,0.0,1.0,1.2559879720446798,0.8054110301768991,1.0,0.9811673238788051,0.9811673238788051,3.1630946806341935,0.008801874241551873,1.9085559336533833,0.0,1.0,3.331569544278797,1.3259045343167866,4.417343165150967,4.531193336004465,7.985401507394009,3.454208171389544,0.10667166975746653
decoupled_0015,isic2018_lesion_ISIC_0035001,clinical_mask,0.755859375,2.75,0.9810148044289672,1.0,0.0,1.0,1.2559879720446798,0.8054110301768991,1.0,0.9811673238788051,0.9811673238788051,3.1630946806341935,0.008801874241551873,1.9085559336533833,0.0,1.0,6.472071671989589,3.6622557064964387,23.70238141359782,1.6060874630502506,5.0403793592865,3.434291896236249,0.062461947322298324
decoupled_0016,isic2018_lesion_ISIC_0034669,clinical_mask,0.755859375,2.75,0.9810148044289672,1.0,0.0,1.0,1.2559879720446798,0.8054110301768991,1.0,0.9811673238788051,0.9811673238788051,3.1630946806341935,0.008801874241551873,1.9085559336533833,0.0,1.0,8.376796612001353,1.168319180769353,9.786772155204913,3.6977218754070225,4.454611431465699,0.7568895560586761,0.3396664590551998
decoupled_0017,ph2_lesion_IMD433,clinical_mask,0.755859375,2.75,0.9810148044289672,1.0,0.0,1.0,1.2559879720446798,0.8054110301768991,1.0,0.9811673238788051,0.9811673238788051,3.1630946806341935,0.008801874241551873,1.9085559336533833,0.0,1.0,9.929715443316985,3.3982198363535248,33.74335598882571,6.61592005473445,9.065195629646722,2.4492755749122717,0.14695450766343557
decoupled_0018,isic2018_lesion_ISIC_0034970,clinical_mask,0.755859375,2.75,0.9810148044289672,1.0,0.0,1.0,1.2559879720446798,0.8054110301768991,1.0,0.9811673238788051,0.9811673238788051,3.1630946806341935,0.008801874241551873,1.9085559336533833,0.0,1.0,9.59542959881818,7.825806656131186,75.09197682286951,0.5730718373627157,2.5525476900937654,1.9794758527310496,0.0068179524289282804
decoupled_0019,isic2018_lesion_ISIC_0035376,clinical_mask,0.755859375,2.75,0.9810148044289672,1.0,0.0,1.0,1.2559879720446798,0.8054110301768991,1.0,0.9811673238788051,0.9811673238788051,3.1630946806341935,0.008801874241551873,1.9085559336533833,0.0,1.0,7.538951834927553,7.194973484094533,54.24255855016957,1.1339464722336923,2.4503924163012276,1.3164459440675353,0.24390333462911087
decoupled_0020,ph2_lesion_IMD430,clinical_mask,0.755859375,2.75,0.9810148044289672,1.0,0.0,1.0,1.2559879720446798,0.8054110301768991,1.0,0.9811673238788051,0.9811673238788051,3.1630946806341935,0.008801874241551873,1.9085559336533833,0.0,1.0,8.21835458697541,1.7542678930592683,14.417195585707326,4.246719545695085,4.886221674757515,0.6395021290624294,0.08817135464852602
decoupled_0021,ph2_lesion_IMD370,clinical_mask,0.755859375,2.75,0.9810148044289672,1.0,0.0,1.0,1.2559879720446798,0.8054110301768991,1.0,0.9811673238788051,0.9811673238788051,3.1630946806341935,0.008801874241551873,1.9085559336533833,0.0,1.0,3.163465968649489,1.4287289765016036,4.5197354955862385,2.8849260421383374,5.218307496717159,2.333381454578822,0.3236394384662662
decoupled_0022,midas_lesion_277,clinical_mask,0.755859375,2.75,0.9810148044289672,1.0,0.0,1.0,1.2559879720446798,0.8054110301768991,1.0,0.9811673238788051,0.9811673238788051,3.1630946806341935,0.008801874241551873,1.9085559336533833,0.0,1.0,3.638412087997632,1.3564760688315545,4.9354189259162355,7.209164911095905,9.034194420838716,1.8250295097428113,0.2548852799082701
decoupled_0023,midas_lesion_275,clinical_mask,0.755859375,2.75,0.9810148044289672,1.0,0.0,1.0,1.2559879720446798,0.8054110301768991,1.0,0.9811673238788051,0.9811673238788051,3.1630946806341935,0.008801874241551873,1.9085559336533833,0.0,1.0,8.055589057204298,1.245761204408757,10.035340326124828,1.9993523824832242,6.897322773986952,4.897970391503728,0.04991592181725548
decoupled_0024,isic2018_lesion_ISIC_0035421,clinical_mask,0.755859375,2.75,0.9810148044289672,1.0,0.0,1.0,1.2559879720446798,0.8054110301768991,1.0,0.9811673238788051,0.9811673238788051,3.1630946806341935,0.008801874241551873,1.9085559336533833,0.0,1.0,3.4802188618262897,3.2507481665192537,11.313315084167535,6.183389938586279,11.351690219964112,5.168300281377833,0.014847123548389584
decoupled_0025,isic2018_lesion_ISIC_0035128,clinical_mask,0.755859375,2.75,0.9810148044289672,1.0,0.0,1.0,1.2559879720446798,0.8054110301768991,1.0,0.9811673238788051,0.9811673238788051,3.1630946806341935,0.008801874241551873,1.9085559336533833,0.0,1.0,9.743500169461626,1.1345332873693466,11.054325277743084,6.456929368721856,7.7909414696991,1.3340121009772439,0.2500768052115313
decoupled_0026,isic2018_lesion_ISIC_0035119,clinical_mask,0.755859375,2.75,0.9810148044289672,1.0,0.0,1.0,1.2559879720446798,0.8054110301768991,1.0,0.9811673238788051,0.9811673238788051,3.1630946806341935,0.008801874241551873,1.9085559336533833,0.0,1.0,7.254889805084013,8.836189427851554,64.10558059591138,6.651777421401853,7.359375672102978,0.7075982507011247,0.1844220122908351
decoupled_0027,midas_lesion_259,clinical_mask,0.755859375,2.75,0.9810148044289672,1.0,0.0,1.0,1.2559879720446798,0.8054110301768991,1.0,0.9811673238788051,0.9811673238788051,3.1630946806341935,0.008801874241551873,1.9085559336533833,0.0,1.0,4.482790969478123,2.6345192112643137,11.809998929172293,4.4396956521442155,7.852277418064314,3.4125817659200983,0.23419518999889613
decoupled_0028,isic2018_lesion_ISIC_0035691,clinical_mask,0.755859375,2.75,0.9810148044289672,1.0,0.0,1.0,1.2559879720446798,0.8054110301768991,1.0,0.9811673238788051,0.9811673238788051,3.1630946806341935,0.008801874241551873,1.9085559336533833,0.0,1.0,7.425781851242319,1.8534258865907793,13.763136311268514,3.9987069493680885,6.912549710959647,2.9138427615915585,0.1822818688245589
decoupled_0029,midas_lesion_277,clinical_mask,0.755859375,2.75,0.9810148044289672,1.0,0.0,1.0,1.2559879720446798,0.8054110301768991,1.0,0.9811673238788051,0.9811673238788051,3.1630946806341935,0.008801874241551873,1.9085559336533833,0.0,1.0,5.20715938673051,1.6245376679290564,8.459226566654078,5.405242123648724,6.390585218658047,0.9853430950093234,0.29919860302847634
decoupled_0030,isic2018_lesion_ISIC_0035210,clinical_mask,0.755859375,2.75,0.9810148044289672,1.0,0.0,1.0,1.2559879720446798,0.8054110301768991,1.0,0.9811673238788051,0.9811673238788051,3.1630946806341935,0.008801874241551873,1.9085559336533833,0.0,1.0,3.083648210381325,2.9431879682196183,9.075756311016274,0.8178542755418454,2.1425898762418285,1.324735600699983,0.20599342284488673
decoupled_0031,midas_lesion_140,clinical_mask,0.755859375,2.75,0.9810148044289672,1.0,0.0,1.0,1.2559879720446798,0.8054110301768991,1.0,0.9811673238788051,0.9811673238788051,3.1630946806341935,0.008801874241551873,1.9085559336533833,0.0,1.0,5.528401716372016,7.482127673605542,41.364207472875435,7.335833324447979,11.044603216538325,3.7087698920903467,0.14953570407583847
decoupled_0032,isic2018_lesion_ISIC_0034748,clinical_mask,0.755859375,2.75,0.9810148044289672,1.0,0.0,1.0,1.2559879720446798,0.8054110301768991,1.0,0.9811673238788051,0.9811673238788051,3.1630946806341935,0.008801874241551873,1.9085559336533833,0.0,1.0,8.31017139569244,2.729370447218388,22.681536218722528,1.983357248202663,5.927741837769246,3.9443845895665834,0.32418609746593646
decoupled_0033,isic2018_lesion_ISIC_0035691,clinical_mask,0.755859375,2.75,0.9810148044289672,1.0,0.0,1.0,1.2559879720446798,0.8054110301768991,1.0,0.9811673238788051,0.9811673238788051,3.1630946806341935,0.008801874241551873,1.9085559336533833,0.0,1.0,8.960412935768863,2.7026253838041785,24.21663944957625,7.710637692387888,11.126623833058192,3.415986140670304,0.07785132562423856
decoupled_0034,isic2018_lesion_ISIC_0035287,clinical_mask,0.755859375,2.75,0.9810148044289672,1.0,0.0,1.0,1.2559879720446798,0.8054110301768991,1.0,0.9811673238788051,0.9811673238788051,3.1630946806341935,0.008801874241551873,1.9085559336533833,0.0,1.0,3.4013661056278313,1.4305775159585357,4.865917874254621,4.739789044621249,6.0094877105892905,1.2696986659680416,0.12557616744969913
decoupled_0035,isic2018_lesion_ISIC_0034906,clinical_mask,0.755859375,2.75,0.9810148044289672,1.0,0.0,1.0,1.2559879720446798,0.8054110301768991,1.0,0.9811673238788051,0.9811673238788051,3.1630946806341935,0.008801874241551873,1.9085559336533833,0.0,1.0,5.763703728682846,1.3530457844259494,7.798555032774451,1.5903551201251998,5.656053707241471,4.065698587116271,0.13383723664785435
decoupled_0036,isic2018_lesion_ISIC_0034970,clinical_mask,0.755859375,2.75,0.9810148044289672,1.0,0.0,1.0,1.2559879720446798,0.8054110301768991,1.0,0.9811673238788051,0.9811673238788051,3.1630946806341935,0.008801874241551873,1.9085559336533833,0.0,1.0,9.102898411812886,1.9232389192742798,17.507048503798572,4.954582135576051,8.838731497313297,3.8841493617372462,0.16822733649888857
decoupled_0037,isic2018_lesion_ISIC_0034748,clinical_mask,0.755859375,2.75,0.9810148044289672,1.0,0.0,1.0,1.2559879720446798,0.8054110301768991,1.0,0.9811673238788051,0.9811673238788051,3.1630946806341935,0.008801874241551873,1.9085559336533833,0.0,1.0,8.474526772934452,3.5425887260169624,30.0217630041265,1.1291658187948825,2.8396313840706195,1.710465565275737,0.22244656881370736
decoupled_0038,isic2018_lesion_ISIC_0034970,clinical_mask,0.755859375,2.75,0.9810148044289672,1.0,0.0,1.0,1.2559879720446798,0.8054110301768991,1.0,0.9811673238788051,0.9811673238788051,3.1630946806341935,0.008801874241551873,1.9085559336533833,0.0,1.0,9.377580256986118,4.4051266882895455,41.30942906162668,1.3770629102812422,4.712002537549185,3.334939627267943,0.28426233336127804
decoupled_0039,ph2_lesion_IMD057,clinical_mask,0.755859375,2.75,0.9810148044289672,1.0,0.0,1.0,1.2559879720446798,0.8054110301768991,1.0,0.9811673238788051,0.9811673238788051,3.1630946806341935,0.008801874241551873,1.9085559336533833,0.0,1.0,9.213056496772905,10.702029519587114,98.59840259408747,6.9536386441700095,8.70160420302322,1.7479655588532097,0.14171015690448885
decoupled_0040,midas_lesion_415,clinical_mask,0.755859375,2.75,0.9810148044289672,1.0,0.0,1.0,1.2559879720446798,0.8054110301768991,1.0,0.9811673238788051,0.9811673238788051,3.1630946806341935,0.008801874241551873,1.9085559336533833,0.0,1.0,4.574875652457289,1.527963802359512,6.990244397250592,7.19786844747968,12.66425196821467,5.46638352073499,0.10271249809525106
decoupled_0041,isic2018_lesion_ISIC_0035128,clinical_mask,0.755859375,2.75,0.9810148044289672,1.0,0.0,1.0,1.2559879720446798,0.8054110301768991,1.0,0.9811673238788051,0.9811673238788051,3.1630946806341935,0.008801874241551873,1.9085559336533833,0.0,1.0,3.0233277567854815,1.2512779212081027,3.7830232706412934,7.076431229107798,11.065311486819908,3.9888802577121103,0.1891349909362984
decoupled_0042,benign_nevi_BCN_0000002637,clinical_mask,0.15252685546875,1.30859375,0.4406849487070295,1.417669542590093,0.7088263668179722,0.9852158486102898,1.1192999836144735,0.7212121212121212,1.0150060024009604,0.5266806701684116,0.3715115930375157,3.3506702010670235,0.12587200220725414,1.7585747731755839,0.284992784992785,1.0,7.7991141041672964,5.32700416123168,41.545913286819875,4.834475267105995,9.293461597146997,4.458986330041002,0.22003777183623802
decoupled_0043,isic2018_lesion_ISIC_0035643,clinical_mask,0.755859375,2.75,0.9810148044289672,1.0,0.0,1.0,1.2559879720446798,0.8054110301768991,1.0,0.9811673238788051,0.9811673238788051,3.1630946806341935,0.008801874241551873,1.9085559336533833,0.0,1.0,7.5566604961730235,1.3533280061392154,10.226640282356813,6.4745671099377144,9.938542873120799,3.4639757631830843,0.20391682435430808
decoupled_0044,ph2_lesion_IMD078,clinical_mask,0.755859375,2.75,0.9810148044289672,1.0,0.0,1.0,1.2559879720446798,0.8054110301768991,1.0,0.9811673238788051,0.9811673238788051,3.1630946806341935,0.008801874241551873,1.9085559336533833,0.0,1.0,4.874849968984025,1.849536173414373,9.016211357603888,6.147183563480025,6.776452810917338,0.6292692474373123,0.1166999762806979
decoupled_0045,midas_lesion_626,clinical_mask,0.755859375,2.75,0.9810148044289672,1.0,0.0,1.0,1.2559879720446798,0.8054110301768991,1.0,0.9811673238788051,0.9811673238788051,3.1630946806341935,0.008801874241551873,1.9085559336533833,0.0,1.0,4.222299402013379,2.138238972475158,9.02828513484356,4.124226204748102,9.040965685852683,4.916739481104581,0.34092667765736545
decoupled_0046,isic2018_lesion_ISIC_0035643,clinical_mask,0.755859375,2.75,0.9810148044289672,1.0,0.0,1.0,1.2559879720446798,0.8054110301768991,1.0,0.9811673238788051,0.9811673238788051,3.1630946806341935,0.008801874241551873,1.9085559336533833,0.0,1.0,8.202478586133656,1.6306385234611898,13.375277570415014,7.357690984775217,11.771164723084082,4.413473738308865,0.27749655810565094
decoupled_0047,isic2018_lesion_ISIC_0035368,clinical_mask,0.755859375,2.75,0.9810148044289672,1.0,0.0,1.0,1.2559879720446798,0.8054110301768991,1.0,0.9811673238788051,0.9811673238788051,3.1630946806341935,0.008801874241551873,1.9085559336533833,0.0,1.0,3.5466169691470775,3.39918511919498,12.055607625009147,6.418915443389663,9.843804717088375,3.424889273698712,0.29973648238476475
decoupled_0048,midas_lesion_218,clinical_mask,0.755859375,2.75,0.9810148044289672,1.0,0.0,1.0,1.2559879720446798,0.8054110301768991,1.0,0.9811673238788051,0.9811673238788051,3.1630946806341935,0.008801874241551873,1.9085559336533833,0.0,1.0,6.0170685061102525,6.2271732428782425,37.46932800181512,2.406348893542734,2.97129804431209,0.564949150769356,0.11270901617410113
decoupled_0049,isic2018_lesion_ISIC_0034982,clinical_mask,0.755859375,2.75,0.9810148044289672,1.0,0.0,1.0,1.2559879720446798,0.8054110301768991,1.0,0.9811673238788051,0.9811673238788051,3.1630946806341935,0.008801874241551873,1.9085559336533833,0.0,1.0,5.915985264413322,2.7457487137628833,16.243808930403052,6.9045969898290585,11.85819904948302,4.953602059653961,0.14964007929609957
decoupled_0050,midas_lesion_138,clinical_mask,0.755859375,2.75,0.9810148044289672,1.0,0.0,1.0,1.2559879720446798,0.8054110301768991,1.0,0.9811673238788051,0.9811673238788051,3.1630946806341935,0.008801874241551873,1.9085559336533833,0.0,1.0,3.834905657495062,7.7486303595879775,29.715266403821932,6.425233804228799,11.577282547662726,5.1520487434339275,0.12305755506244997
decoupled_0051,midas_lesion_140,clinical_mask,0.755859375,2.75,0.9810148044289672,1.0,0.0,1.0,1.2559879720446798,0.8054110301768991,1.0,0.9811673238788051,0.9811673238788051,3.1630946806341935,0.008801874241551873,1.9085559336533833,0.0,1.0,9.002687586711282,1.6323948435944766,14.6959407950395,3.041765649899548,8.199360975292384,5.157595325392837,0.2943671502283698
decoupled_0052,midas_lesion_626,clinical_mask,0.755859375,2.75,0.9810148044289672,1.0,0.0,1.0,1.2559879720446798,0.8054110301768991,1.0,0.9811673238788051,0.9811673238788051,3.1630946806341935,0.008801874241551873,1.9085559336533833,0.0,1.0,3.4651334332094494,2.693315889022975,9.332698933247741,6.701112083655244,7.999717396724323,1.2986053130690793,0.17842908884916886
decoupled_0053,isic2018_lesion_ISIC_0035643,clinical_mask,0.755859375,2.75,0.9810148044289672,1.0,0.0,1.0,1.2559879720446798,0.8054110301768991,1.0,0.9811673238788051,0.9811673238788051,3.1630946806341935,0.008801874241551873,1.9085559336533833,0.0,1.0,3.455898898753601,3.8745812191892557,13.390160968527532,2.922329905951551,3.9980228853956215,1.0756929794440704,0.29606480076691066
decoupled_0054,midas_lesion_619,clinical_mask,0.755859375,2.75,0.9810148044289672,1.0,0.0,1.0,1.2559879720446798,0.8054110301768991,1.0,0.9811673238788051,0.9811673238788051,3.1630946806341935,0.008801874241551873,1.9085559336533833,0.0,1.0,6.562239126660849,11.549935278626682,75.79343719580449,4.308963439137487,7.203236424248939,2.894272985111452,0.26021683045683675
decoupled_0055,isic2018_lesion_ISIC_0034579,clinical_mask,0.755859375,2.75,0.9810148044289672,1.0,0.0,1.0,1.2559879720446798,0.8054110301768991,1.0,0.9811673238788051,0.9811673238788051,3.1630946806341935,0.008801874241551873,1.9085559336533833,0.0,1.0,8.995713143889187,2.979268676962408,26.800646396528084,1.4550818143474404,3.9554032449479335,2.500321430600493,0.23957325183884923
decoupled_0056,ph2_lesion_IMD278,clinical_mask,0.755859375,2.75,0.9810148044289672,1.0,0.0,1.0,1.2559879720446798,0.8054110301768991,1.0,0.9811673238788051,0.9811673238788051,3.1630946806341935,0.008801874241551873,1.9085559336533833,0.0,1.0,4.293045391502385,5.817863036404637,24.976350096829,6.195162947620655,9.660900364247558,3.4657374166269035,0.20058901835859588
decoupled_0057,ph2_lesion_IMD398,clinical_mask,0.755859375,2.75,0.9810148044289672,1.0,0.0,1.0,1.2559879720446798,0.8054110301768991,1.0,0.9811673238788051,0.9811673238788051,3.1630946806341935,0.008801874241551873,1.9085559336533833,0.0,1.0,3.8985526096445775,1.664478244409147,6.489056003437905,4.187905404603209,5.741287533221525,1.553382128618316,0.08318874265371726
decoupled_0058,isic2018_lesion_ISIC_0035029,clinical_mask,0.755859375,2.75,0.9810148044289672,1.0,0.0,1.0,1.2559879720446798,0.8054110301768991,1.0,0.9811673238788051,0.9811673238788051,3.1630946806341935,0.008801874241551873,1.9085559336533833,0.0,1.0,7.982240402871995,1.3441471409411196,10.729305615825083,3.3059616417732576,7.225185080260719,3.919223438487461,0.05925336029044015
decoupled_0059,isic2018_lesion_ISIC_0035443,clinical_mask,0.755859375,2.75,0.9810148044289672,1.0,0.0,1.0,1.2559879720446798,0.8054110301768991,1.0,0.9811673238788051,0.9811673238788051,3.1630946806341935,0.008801874241551873,1.9085559336533833,0.0,1.0,7.606959480050773,7.298401941917922,55.51864784129351,3.6810772323255794,4.493343055721001,0.8122658233954212,0.08584955147753898
decoupled_0060,midas_lesion_805,clinical_mask,0.755859375,2.75,0.9810148044289672,1.0,0.0,1.0,1.2559879720446798,0.8054110301768991,1.0,0.9811673238788051,0.9811673238788051,3.1630946806341935,0.008801874241551873,1.9085559336533833,0.0,1.0,5.1660294559884745,5.269232311086238,27.22100932951773,2.5041609501099655,7.0723652901197225,4.568204340009757,0.1863501079334086
decoupled_0061,midas_lesion_289,clinical_mask,0.755859375,2.75,0.9810148044289672,1.0,0.0,1.0,1.2559879720446798,0.8054110301768991,1.0,0.9811673238788051,0.9811673238788051,3.1630946806341935,0.008801874241551873,1.9085559336533833,0.0,1.0,8.162893951683772,9.458292422174221,77.2070380062224,5.972219332127263,11.010320732346669,5.038101400219405,0.0608518341616091
decoupled_0062,isic2018_lesion_ISIC_0035643,clinical_mask,0.755859375,2.75,0.9810148044289672,1.0,0.0,1.0,1.2559879720446798,0.8054110301768991,1.0,0.9811673238788051,0.9811673238788051,3.1630946806341935,0.008801874241551873,1.9085559336533833,0.0,1.0,7.608719495459929,7.262368907359606,55.25732788864905,4.70957428772503,9.724449846879736,5.014875559154706,0.0011319728847502596
decoupled_0063,isic2018_lesion_ISIC_0034579,clinical_mask,0.755859375,2.75,0.9810148044289672,1.0,0.0,1.0,1.2559879720446798,0.8054110301768991,1.0,0.9811673238788051,0.9811673238788051,3.1630946806341935,0.008801874241551873,1.9085559336533833,0.0,1.0,8.235812333111266,1.6414424788759856,13.51861221161957,5.94153012248,8.172220103722664,2.230689981242664,0.2840060932723974
decoupled_0064,ph2_lesion_IMD278,clinical_mask,0.755859375,2.75,0.9810148044289672,1.0,0.0,1.0,1.2559879720446798,0.8054110301768991,1.0,0.9811673238788051,0.9811673238788051,3.1630946806341935,0.008801874241551873,1.9085559336533833,0.0,1.0,8.380953698601616,2.397673111984524,20.09478733592434,3.913782510773117,5.684796738458029,1.7710142276849123,0.24362177127002138
decoupled_0065,isic2018_lesion_ISIC_0034669,clinical_mask,0.755859375,2.75,0.9810148044289672,1.0,0.0,1.0,1.2559879720446798,0.8054110301768991,1.0,0.9811673238788051,0.9811673238788051,3.1630946806341935,0.008801874241551873,1.9085559336533833,0.0,1.0,4.268782080184929,1.4302517289892651,6.105432950862886,5.73207328920376,9.996794074682125,4.264720785478365,0.15782343162806498
decoupled_0066,isic2018_lesion_ISIC_0036062,clinical_mask,0.755859375,2.75,0.9810148044289672,1.0,0.0,1.0,1.2559879720446798,0.8054110301768991,1.0,0.9811673238788051,0.9811673238788051,3.1630946806341935,0.008801874241551873,1.9085559336533833,0.0,1.0,3.436382442387565,1.8335591923362682,6.300810615622676,6.737161831533508,7.902757191055608,1.1655953595220998,0.11504415456510492
decoupled_0067,isic2018_lesion_ISIC_0034669,clinical_mask,0.755859375,2.75,0.9810148044289672,1.0,0.0,1.0,1.2559879720446798,0.8054110301768991,1.0,0.9811673238788051,0.9811673238788051,3.1630946806341935,0.008801874241551873,1.9085559336533833,0.0,1.0,4.26855494920904,2.4463459967446455,10.442362311882079,5.495857340630528,7.04867327520031,1.5528159345697814,0.16488013656693615
decoupled_0068,midas_lesion_626,clinical_mask,0.755859375,2.75,0.9810148044289672,1.0,0.0,1.0,1.2559879720446798,0.8054110301768991,1.0,0.9811673238788051,0.9811673238788051,3.1630946806341935,0.008801874241551873,1.9085559336533833,0.0,1.0,5.299482747016471,1.2744776629435541,6.7540723862272385,5.858682633941637,6.674507918884645,0.8158252849430081,0.015648358591214023
decoupled_0069,midas_lesion_218,clinical_mask,0.755859375,2.75,0.9810148044289672,1.0,0.0,1.0,1.2559879720446798,0.8054110301768991,1.0,0.9811673238788051,0.9811673238788051,3.1630946806341935,0.008801874241551873,1.9085559336533833,0.0,1.0,7.441659491683519,3.897683382653665,29.005232540101773,3.4769405776518765,6.565145615413516,3.0882050377616395,0.21471683061785357
decoupled_0070,ph2_lesion_IMD256,clinical_mask,0.755859375,2.75,0.9810148044289672,1.0,0.0,1.0,1.2559879720446798,0.8054110301768991,1.0,0.9811673238788051,0.9811673238788051,3.1630946806341935,0.008801874241551873,1.9085559336533833,0.0,1.0,4.967286534237273,1.3456866500904718,6.6844111762972656,4.743995643081754,9.129091597169385,4.385095954087631,0.18707789988433574
decoupled_0071,isic2018_lesion_ISIC_0035626,clinical_mask,0.755859375,2.75,0.9810148044289672,1.0,0.0,1.0,1.2559879720446798,0.8054110301768991,1.0,0.9811673238788051,0.9811673238788051,3.1630946806341935,0.008801874241551873,1.9085559336533833,0.0,1.0,9.900470153144171,1.3784449286403326,13.64725287375656,5.4990693483652215,10.523961054375254,5.024891706010033,0.07628738698260334
decoupled_0072,midas_lesion_143,clinical_mask,0.755859375,2.75,0.9810148044289672,1.0,0.0,1.0,1.2559879720446798,0.8054110301768991,1.0,0.9811673238788051,0.9811673238788051,3.1630946806341935,0.008801874241551873,1.9085559336533833,0.0,1.0,8.640018581639394,1.2456102778932268,10.762095946478489,7.649781470852832,13.146546445525495,5.496764974672662,0.15427567962719183
decoupled_0073,midas_lesion_140,clinical_mask,0.755859375,2.75,0.9810148044289672,1.0,0.0,1.0,1.2559879720446798,0.8054110301768991,1.0,0.9811673238788051,0.9811673238788051,3.1630946806341935,0.008801874241551873,1.9085559336533833,0.0,1.0,7.29971237782811,4.3776663065080195,31.955704923617652,6.2165047124058965,6.721852004786711,0.5053472923808142,0.23737243991083512
decoupled_0074,ph2_lesion_IMD278,clinical_mask,0.755859375,2.75,0.9810148044289672,1.0,0.0,1.0,1.2559879720446798,0.8054110301768991,1.0,0.9811673238788051,0.9811673238788051,3.1630946806341935,0.008801874241551873,1.9085559336533833,0.0,1.0,6.454747870697203,1.6477392529209678,10.635741434255817,5.056057504330015,10.220049967842302,5.163992463512287,0.2022648820681353
decoupled_0075,midas_lesion_259,clinical_mask,0.755859375,2.75,0.9810148044289672,1.0,0.0,1.0,1.2559879720446798,0.8054110301768991,1.0,0.9811673238788051,0.9811673238788051,3.1630946806341935,0.008801874241551873,1.9085559336533833,0.0,1.0,6.685970068480824,6.446629699898772,43.10197321610271,5.0192033285339495,7.188118834830242,2.168915506296292,0.3457522248971916
decoupled_0076,midas_lesion_626,clinical_mask,0.755859375,2.75,0.9810148044289672,1.0,0.0,1.0,1.2559879720446798,0.8054110301768991,1.0,0.9811673238788051,0.9811673238788051,3.1630946806341935,0.008801874241551873,1.9085559336533833,0.0,1.0,3.2997725004960663,11.368836671216922,37.514574610312835,7.937629817393881,8.60715371575704,0.6695238983631588,0.19092344962342667
decoupled_0077,isic2018_lesion_ISIC_0035643,clinical_mask,0.755859375,2.75,0.9810148044289672,1.0,0.0,1.0,1.2559879720446798,0.8054110301768991,1.0,0.9811673238788051,0.9811673238788051,3.1630946806341935,0.008801874241551873,1.9085559336533833,0.0,1.0,7.4541654188687545,1.4397035058682586,10.731788086867281,0.5402605242403058,4.145244153885028,3.6049836296447224,0.1741036700127205
decoupled_0078,midas_lesion_259,clinical_mask,0.755859375,2.75,0.9810148044289672,1.0,0.0,1.0,1.2559879720446798,0.8054110301768991,1.0,0.9811673238788051,0.9811673238788051,3.1630946806341935,0.008801874241551873,1.9085559336533833,0.0,1.0,8.904534530997312,1.800029840216527,16.02842786903364,3.820137267553297,7.606074136754856,3.7859368692015587,0.04972013110977681
decoupled_0079,isic2018_lesion_ISIC_0036062,clinical_mask,0.755859375,2.75,0.9810148044289672,1.0,0.0,1.0,1.2559879720446798,0.8054110301768991,1.0,0.9811673238788051,0.9811673238788051,3.1630946806341935,0.008801874241551873,1.9085559336533833,0.0,1.0,3.8691815912994816,1.3746289471763309,5.318689017282047,7.577515693054035,11.081317552776277,3.503801859722242,0.08607108650514951
decoupled_0080,isic2018_lesion_ISIC_0036062,clinical_mask,0.755859375,2.75,0.9810148044289672,1.0,0.0,1.0,1.2559879720446798,0.8054110301768991,1.0,0.9811673238788051,0.9811673238788051,3.1630946806341935,0.008801874241551873,1.9085559336533833,0.0,1.0,7.568568210361883,2.8583568891662736,21.633669085212745,4.047999890203326,5.100260862482533,1.052260972279207,0.07571190024464408
decoupled_0081,midas_lesion_140,clinical_mask,0.755859375,2.75,0.9810148044289672,1.0,0.0,1.0,1.2559879720446798,0.8054110301768991,1.0,0.9811673238788051,0.9811673238788051,3.1630946806341935,0.008801874241551873,1.9085559336533833,0.0,1.0,7.354994961162518,1.1926391285243865,8.77185478078212,1.6489762486424635,3.4142782431196146,1.765301994477151,0.2762657458996025
decoupled_0082,isic2018_lesion_ISIC_0035210,clinical_mask,0.755859375,2.75,0.9810148044289672,1.0,0.0,1.0,1.2559879720446798,0.8054110301768991,1.0,0.9811673238788051,0.9811673238788051,3.1630946806341935,0.008801874241551873,1.9085559336533833,0.0,1.0,5.268901644056108,9.075333356887617,47.817038844462395,1.4373711738269135,6.884664065759405,5.447292891932491,0.04162751390696923
decoupled_0083,ph2_lesion_IMD437,clinical_mask,0.755859375,2.75,0.9810148044289672,1.0,0.0,1.0,1.2559879720446798,0.8054110301768991,1.0,0.9811673238788051,0.9811673238788051,3.1630946806341935,0.008801874241551873,1.9085559336533833,0.0,1.0,9.818563044927407,1.6466023098128524,16.16726858882058,4.649225232708395,7.364949564684105,2.71572433197571,0.06019344901212161
decoupled_0084,isic2018_lesion_ISIC_0035317,clinical_mask,0.755859375,2.75,0.9810148044289672,1.0,0.0,1.0,1.2559879720446798,0.8054110301768991,1.0,0.9811673238788051,0.9811673238788051,3.1630946806341935,0.008801874241551873,1.9085559336533833,0.0,1.0,6.05915032532458,3.4658060918683202,20.999840109055846,4.698272085257946,5.266718525604244,0.5684464403462979,0.19310357776682022
decoupled_0085,ph2_lesion_IMD256,clinical_mask,0.755859375,2.75,0.9810148044289672,1.0,0.0,1.0,1.2559879720446798,0.8054110301768991,1.0,0.9811673238788051,0.9811673238788051,3.1630946806341935,0.008801874241551873,1.9085559336533833,0.0,1.0,5.3585927917818275,1.2029885891433985,6.446325982379605,4.028929282102903,5.435907610525311,1.406978328422408,0.13042693451866852
decoupled_0086,isic2018_lesion_ISIC_0035642,clinical_mask,0.755859375,2.75,0.9810148044289672,1.0,0.0,1.0,1.2559879720446798,0.8054110301768991,1.0,0.9811673238788051,0.9811673238788051,3.1630946806341935,0.008801874241551873,1.9085559336533833,0.0,1.0,9.735708427969707,3.0042428326544273,29.248432265541293,3.051153240312433,5.3781589920574735,2.3270057517450407,0.16115071201555312
decoupled_0087,midas_lesion_415,clinical_mask,0.755859375,2.75,0.9810148044289672,1.0,0.0,1.0,1.2559879720446798,0.8054110301768991,1.0,0.9811673238788051,0.9811673238788051,3.1630946806341935,0.008801874241551873,1.9085559336533833,0.0,1.0,5.237611210039123,1.2109580456302191,6.342527434679904,3.9188975376928923,8.609949762667842,4.69105222497495,0.0893814080151763
decoupled_0088,ph2_lesion_IMD031,clinical_mask,0.755859375,2.75,0.9810148044289672,1.0,0.0,1.0,1.2559879720446798,0.8054110301768991,1.0,0.9811673238788051,0.9811673238788051,3.1630946806341935,0.008801874241551873,1.9085559336533833,0.0,1.0,4.178719182361728,2.6257299116608763,10.972187949558268,1.2000802046184087,5.928695732832043,4.728615528213634,0.11560968343880137
decoupled_0089,isic2018_lesion_ISIC_0035128,clinical_mask,0.755859375,2.75,0.9810148044289672,1.0,0.0,1.0,1.2559879720446798,0.8054110301768991,1.0,0.9811673238788051,0.9811673238788051,3.1630946806341935,0.008801874241551873,1.9085559336533833,0.0,1.0,6.416313855886669,7.573693416006261,48.59519400535861,2.1698925469573735,7.330992527891377,5.1610999809340035,0.2640304779917157
decoupled_0090,midas_lesion_259,clinical_mask,0.755859375,2.75,0.9810148044289672,1.0,0.0,1.0,1.2559879720446798,0.8054110301768991,1.0,0.9811673238788051,0.9811673238788051,3.1630946806341935,0.008801874241551873,1.9085559336533833,0.0,1.0,6.780722589803247,7.0120361583756985,47.546671979615276,5.042285751314533,5.864501181747393,0.8222154304328599,0.2847490866587384
decoupled_0091,isic2018_lesion_ISIC_0035842,clinical_mask,0.755859375,2.75,0.9810148044289672,1.0,0.0,1.0,1.2559879720446798,0.8054110301768991,1.0,0.9811673238788051,0.9811673238788051,3.1630946806341935,0.008801874241551873,1.9085559336533833,0.0,1.0,9.085432567996968,7.842922877841457,71.25634694262928,5.88000526658042,9.698864541553707,3.8188592749732875,0.30653532262911126
decoupled_0092,midas_lesion_76,clinical_mask,0.755859375,2.75,0.9810148044289672,1.0,0.0,1.0,1.2559879720446798,0.8054110301768991,1.0,0.9811673238788051,0.9811673238788051,3.1630946806341935,0.008801874241551873,1.9085559336533833,0.0,1.0,8.345996886696387,3.20386744008998,26.739467680378894,1.5152053076942273,2.839483112686201,1.3242778049919735,0.11465409839041739
decoupled_0093,midas_lesion_178,clinical_mask,0.755859375,2.75,0.9810148044289672,1.0,0.0,1.0,1.2559879720446798,0.8054110301768991,1.0,0.9811673238788051,0.9811673238788051,3.1630946806341935,0.008801874241551873,1.9085559336533833,0.0,1.0,9.4434578979382,3.2055146015491705,30.27114218095574,3.7899366563327264,7.851893156507591,4.061956500174865,0.033056729841248675
decoupled_0094,isic2018_lesion_ISIC_0035630,clinical_mask,0.755859375,2.75,0.9810148044289672,1.0,0.0,1.0,1.2559879720446798,0.8054110301768991,1.0,0.9811673238788051,0.9811673238788051,3.1630946806341935,0.008801874241551873,1.9085559336533833,0.0,1.0,7.953351388838622,3.820598132762192,30.386559465398424,1.1861526539172869,3.68367691107497,2.497524257157683,0.22226386059071165
decoupled_0095,isic2018_lesion_ISIC_0036062,clinical_mask,0.755859375,2.75,0.9810148044289672,1.0,0.0,1.0,1.2559879720446798,0.8054110301768991,1.0,0.9811673238788051,0.9811673238788051,3.1630946806341935,0.008801874241551873,1.9085559336533833,0.0,1.0,3.141543502140029,1.1824597484366757,3.714748739243372,5.692144365714,10.091589883796118,4.399445518082118,0.10765039050456285
decoupled_0096,isic2018_lesion_ISIC_0036062,clinical_mask,0.755859375,2.75,0.9810148044289672,1.0,0.0,1.0,1.2559879720446798,0.8054110301768991,1.0,0.9811673238788051,0.9811673238788051,3.1630946806341935,0.008801874241551873,1.9085559336533833,0.0,1.0,5.094109867779905,7.858620447948485,40.03267597103132,5.191186675618917,7.259405844971111,2.0682191693521936,0.17535349530112349
decoupled_0097,isic2018_lesion_ISIC_0036062,clinical_mask,0.755859375,2.75,0.9810148044289672,1.0,0.0,1.0,1.2559879720446798,0.8054110301768991,1.0,0.9811673238788051,0.9811673238788051,3.1630946806341935,0.008801874241551873,1.9085559336533833,0.0,1.0,5.583215008642848,1.3962128453477332,7.7953565134054,4.084337121406915,7.214425906216434,3.1300887848095185,0.21815933731764686
decoupled_0098,isic2018_lesion_ISIC_0035553,clinical_mask,0.755859375,2.75,0.9810148044289672,1.0,0.0,1.0,1.2559879720446798,0.8054110301768991,1.0,0.9811673238788051,0.9811673238788051,3.1630946806341935,0.008801874241551873,1.9085559336533833,0.0,1.0,9.57873500470404,7.613583628394775,72.92850001254662,2.1161783943494905,6.610253742871468,4.494075348521977,0.0268914323092678
decoupled_0099,isic2018_lesion_ISIC_0034579,clinical_mask,0.755859375,2.75,0.9810148044289672,1.0,0.0,1.0,1.2559879720446798,0.8054110301768991,1.0,0.9811673238788051,0.9811673238788051,3.1630946806341935,0.008801874241551873,1.9085559336533833,0.0,1.0,3.0573470362962647,7.6797123387530455,23.479545758494478,1.1587604873110413,2.893908164372802,1.7351476770617609,0.34471517283199127
decoupled_0100,isic2018_lesion_ISIC_0035626,clinical_mask,0.755859375,2.75,0.9810148044289672,1.0,0.0,1.0,1.2559879720446798,0.8054110301768991,1.0,0.9811673238788051,0.9811673238788051,3.1630946806341935,0.008801874241551873,1.9085559336533833,0.0,1.0,8.00357396259486,3.935951937787671,31.501682447302187,4.918730466839858,6.835645112592145,1.9169146457522865,0.02195685569067757
decoupled_0101,isic2018_lesion_ISIC_0035626,clinical_mask,0.755859375,2.75,0.9810148044289672,1.0,0.0,1.0,1.2559879720446798,0.8054110301768991,1.0,0.9811673238788051,0.9811673238788051,3.1630946806341935,0.008801874241551873,1.9085559336533833,0.0,1.0,6.824792431142347,1.534061036126577,10.46964814826705,6.77750100958712,11.949716945664107,5.172215936076987,0.15881213892617932
decoupled_0102,isic2018_lesion_ISIC_0035368,clinical_mask,0.755859375,2.75,0.9810148044289672,1.0,0.0,1.0,1.2559879720446798,0.8054110301768991,1.0,0.9811673238788051,0.9811673238788051,3.1630946806341935,0.008801874241551873,1.9085559336533833,0.0,1.0,6.922095396444604,8.736272976803857,60.473314954817376,6.479703715002978,10.21009037548128,3.7303866604783025,0.31588128862065723
decoupled_0103,midas_lesion_805,clinical_mask,0.755859375,2.75,0.9810148044289672,1.0,0.0,1.0,1.2559879720446798,0.8054110301768991,1.0,0.9811673238788051,0.9811673238788051,3.1630946806341935,0.008801874241551873,1.9085559336533833,0.0,1.0,8.867219339026754,1.7234490110243348,15.282200400381514,7.67396267939072,12.528506973544033,4.854544294153313,0.20340390752911716
decoupled_0104,midas_lesion_415,clinical_mask,0.755859375,2.75,0.9810148044289672,1.0,0.0,1.0,1.2559879720446798,0.8054110301768991,1.0,0.9811673238788051,0.9811673238788051,3.1630946806341935,0.008801874241551873,1.9085559336533833,0.0,1.0,6.043370765862468,1.2326331597931641,7.449259202926688,1.8049519333926993,4.162725973459814,2.357774040067115,0.3247215130649757
decoupled_0105,isic2018_lesion_ISIC_0035553,clinical_mask,0.755859375,2.75,0.9810148044289672,1.0,0.0,1.0,1.2559879720446798,0.8054110301768991,1.0,0.9811673238788051,0.9811673238788051,3.1630946806341935,0.008801874241551873,1.9085559336533833,0.0,1.0,4.0205438719907125,9.569368523618946,38.47406597645696,3.210976080187979,7.245849693501027,4.034873613313048,0.019854982434618283
decoupled_0106,midas_lesion_805,clinical_mask,0.755859375,2.75,0.9810148044289672,1.0,0.0,1.0,1.2559879720446798,0.8054110301768991,1.0,0.9811673238788051,0.9811673238788051,3.1630946806341935,0.008801874241551873,1.9085559336533833,0.0,1.0,6.551340309047789,6.096091117287354,39.937567464312814,0.6927834456555177,6.074568172108679,5.38178472645316,0.1951089775928758
decoupled_0107,midas_lesion_647,clinical_mask,0.755859375,2.75,0.9810148044289672,1.0,0.0,1.0,1.2559879720446798,0.8054110301768991,1.0,0.9811673238788051,0.9811673238788051,3.1630946806341935,0.008801874241551873,1.9085559336533833,0.0,1.0,9.001597135765886,3.5049786493657065,31.550405771050926,4.890555215564466,9.5427478403355,4.6521926247710335,0.3130302781211428
decoupled_0108,isic2018_lesion_ISIC_0035842,clinical_mask,0.755859375,2.75,0.9810148044289672,1.0,0.0,1.0,1.2559879720446798,0.8054110301768991,1.0,0.9811673238788051,0.9811673238788051,3.1630946806341935,0.008801874241551873,1.9085559336533833,0.0,1.0,3.500243442109598,9.921281329379768,34.726899910485926,7.93063991065658,10.182143237421023,2.2515033267644435,0.11369042710386552
decoupled_0109,isic2018_lesion_ISIC_0034870,clinical_mask,0.755859375,2.75,0.9810148044289672,1.0,0.0,1.0,1.2559879720446798,0.8054110301768991,1.0,0.9811673238788051,0.9811673238788051,3.1630946806341935,0.008801874241551873,1.9085559336533833,0.0,1.0,4.049114227457674,3.589481142475434,14.534219163188306,5.352821126119752,7.879164582370594,2.5263434562508422,0.10383261248877293
decoupled_0110,isic2018_lesion_ISIC_0034733,clinical_mask,0.755859375,2.75,0.9810148044289672,1.0,0.0,1.0,1.2559879720446798,0.8054110301768991,1.0,0.9811673238788051,0.9811673238788051,3.1630946806341935,0.008801874241551873,1.9085559336533833,0.0,1.0,8.23474020671971,1.1277015330699434,9.28632915555052,6.2957052647092775,8.165469571668194,1.869764306958916,0.07604863306184863
decoupled_0111,isic2018_lesion_ISIC_0035330,clinical_mask,0.755859375,2.75,0.9810148044289672,1.0,0.0,1.0,1.2559879720446798,0.8054110301768991,1.0,0.9811673238788051,0.9811673238788051,3.1630946806341935,0.008801874241551873,1.9085559336533833,0.0,1.0,8.435409907888765,4.142617427353261,34.944676091288365,7.590400094083069,11.937034266117287,4.346634172034218,0.14539685950046743
decoupled_0112,isic2018_lesion_ISIC_0035128,clinical_mask,0.755859375,2.75,0.9810148044289672,1.0,0.0,1.0,1.2559879720446798,0.8054110301768991,1.0,0.9811673238788051,0.9811673238788051,3.1630946806341935,0.008801874241551873,1.9085559336533833,0.0,1.0,9.571673285526753,9.69632659809629,92.81007026674075,3.872250904436886,9.132385275256201,5.260134370819316,0.23793390011793003
decoupled_0113,midas_lesion_234,clinical_mask,0.755859375,2.75,0.9810148044289672,1.0,0.0,1.0,1.2559879720446798,0.8054110301768991,1.0,0.9811673238788051,0.9811673238788051,3.1630946806341935,0.008801874241551873,1.9085559336533833,0.0,1.0,3.9085104074989774,1.3851423854962601,5.413843429580093,5.939832313690613,8.384542813438737,2.4447104997481235,0.051515828205739196
decoupled_0114,isic2018_lesion_ISIC_0035330,clinical_mask,0.755859375,2.75,0.9810148044289672,1.0,0.0,1.0,1.2559879720446798,0.8054110301768991,1.0,0.9811673238788051,0.9811673238788051,3.1630946806341935,0.008801874241551873,1.9085559336533833,0.0,1.0,7.257483106382446,10.443998136377374,75.79714003784854,6.399906622195903,9.647446694822813,3.2475400726269097,0.20161324548846488
decoupled_0115,ph2_lesion_IMD433,clinical_mask,0.755859375,2.75,0.9810148044289672,1.0,0.0,1.0,1.2559879720446798,0.8054110301768991,1.0,0.9811673238788051,0.9811673238788051,3.1630946806341935,0.008801874241551873,1.9085559336533833,0.0,1.0,5.4592066440480025,2.7564456798177326,15.048006569218378,2.4542815889967318,3.460936067007847,1.0066544780111153,0.008671468306593953
decoupled_0116,midas_lesion_259,clinical_mask,0.755859375,2.75,0.9810148044289672,1.0,0.0,1.0,1.2559879720446798,0.8054110301768991,1.0,0.9811673238788051,0.9811673238788051,3.1630946806341935,0.008801874241551873,1.9085559336533833,0.0,1.0,3.353842972541774,8.747277064715925,29.336993712373342,2.8008078474613205,5.472030472488484,2.6712226250271636,0.3041421072432572
decoupled_0117,isic2018_lesion_ISIC_0035630,clinical_mask,0.755859375,2.75,0.9810148044289672,1.0,0.0,1.0,1.2559879720446798,0.8054110301768991,1.0,0.9811673238788051,0.9811673238788051,3.1630946806341935,0.008801874241551873,1.9085559336533833,0.0,1.0,6.932906385287055,2.5367396458110654,17.586978488254356,5.529326035598187,8.794729290639603,3.2654032550414165,0.015865316151713126
decoupled_0118,midas_lesion_143,clinical_mask,0.755859375,2.75,0.9810148044289672,1.0,0.0,1.0,1.2559879720446798,0.8054110301768991,1.0,0.9811673238788051,0.9811673238788051,3.1630946806341935,0.008801874241551873,1.9085559336533833,0.0,1.0,7.160537997580574,1.2443148367114418,8.909963669225547,4.08379473945958,9.324907407753809,5.241112668294229,0.3266809718214953
decoupled_0119,isic2018_lesion_ISIC_0035001,clinical_mask,0.755859375,2.75,0.9810148044289672,1.0,0.0,1.0,1.2559879720446798,0.8054110301768991,1.0,0.9811673238788051,0.9811673238788051,3.1630946806341935,0.008801874241551873,1.9085559336533833,0.0,1.0,3.2667556467409486,5.404067650062185,17.653768511210732,3.4852071451942774,4.218549315485006,0.7333421702907281,0.028729043621250876
decoupled_0120,ph2_lesion_IMD398,clinical_mask,0.755859375,2.75,0.9810148044289672,1.0,0.0,1.0,1.2559879720446798,0.8054110301768991,1.0,0.9811673238788051,0.9811673238788051,3.1630946806341935,0.008801874241551873,1.9085559336533833,0.0,1.0,3.8677744675416488,1.3981724929920671,5.407815869613772,1.4573734765323407,3.9146986627173432,2.4573251861850025,0.12717857816483827
decoupled_0121,midas_lesion_442,clinical_mask,0.755859375,2.75,0.9810148044289672,1.0,0.0,1.0,1.2559879720446798,0.8054110301768991,1.0,0.9811673238788051,0.9811673238788051,3.1630946806341935,0.008801874241551873,1.9085559336533833,0.0,1.0,5.88041341140215,1.3438423031572189,7.902348302295263,5.060248268760239,9.577776109169884,4.517527840409645,0.1085975957977161
decoupled_0122,midas_lesion_626,clinical_mask,0.755859375,2.75,0.9810148044289672,1.0,0.0,1.0,1.2559879720446798,0.8054110301768991,1.0,0.9811673238788051,0.9811673238788051,3.1630946806341935,0.008801874241551873,1.9085559336533833,0.0,1.0,5.060162756830027,2.1465534987102615,10.861910069716856,2.19317832769664,6.549019438185746,4.355841110489106,0.048331009391754914
decoupled_0123,ph2_lesion_IMD430,clinical_mask,0.755859375,2.75,0.9810148044289672,1.0,0.0,1.0,1.2559879720446798,0.8054110301768991,1.0,0.9811673238788051,0.9811673238788051,3.1630946806341935,0.008801874241551873,1.9085559336533833,0.0,1.0,4.904515499281766,1.7250368121657913,8.460469782098732,5.379412825962598,10.196737695414022,4.817324869451424,0.18892927503157667
decoupled_0124,isic2018_lesion_ISIC_0034748,clinical_mask,0.755859375,2.75,0.9810148044289672,1.0,0.0,1.0,1.2559879720446798,0.8054110301768991,1.0,0.9811673238788051,0.9811673238788051,3.1630946806341935,0.008801874241551873,1.9085559336533833,0.0,1.0,9.119225264666003,5.097158887217715,46.482140102332636,5.5846343841112045,7.013898589374349,1.4292642052631441,0.14461531911926342
decoupled_0125,melanoma_BCN_0000018489,clinical_mask,0.0595855712890625,1.00390625,0.275439114253714,1.3180420505522392,0.6514388593266779,0.8058192323565829,0.7429586708212474,0.5223381487426432,1.2409731113956464,0.3570778055381461,0.27091533641778426,4.1126580779429185,0.2534256500244032,1.6452713136997572,0.4147940074906367,1.0,4.65938158945449,3.0291591325686382,14.114008293818246,2.987923075840771,6.278061399071367,3.2901383232305963,0.31497372475704394
decoupled_0126,isic2018_lesion_ISIC_0035117,clinical_mask,0.755859375,2.75,0.9810148044289672,1.0,0.0,1.0,1.2559879720446798,0.8054110301768991,1.0,0.9811673238788051,0.9811673238788051,3.1630946806341935,0.008801874241551873,1.9085559336533833,0.0,1.0,4.984708419361329,2.3863240034978683,11.895129351559858,5.611238646701403,10.05962755635567,4.448388909654267,0.3343152094338957
decoupled_0127,isic2018_lesion_ISIC_0035643,clinical_mask,0.755859375,2.75,0.9810148044289672,1.0,0.0,1.0,1.2559879720446798,0.8054110301768991,1.0,0.9811673238788051,0.9811673238788051,3.1630946806341935,0.008801874241551873,1.9085559336533833,0.0,1.0,7.261167443662769,1.5615857036759557,11.338935272021066,5.177758014433715,7.43811382855726,2.2603558141235442,0.08793071262827921
decoupled_0128,isic2018_lesion_ISIC_0034669,clinical_mask,0.755859375,2.75,0.9810148044289672,1.0,0.0,1.0,1.2559879720446798,0.8054110301768991,1.0,0.9811673238788051,0.9811673238788051,3.1630946806341935,0.008801874241551873,1.9085559336533833,0.0,1.0,4.726139111051399,2.253250657033461,10.649176057208102,7.318854401768164,8.303963847261493,0.9851094454933289,0.13292246609331748
decoupled_0129,isic2018_lesion_ISIC_0035443,clinical_mask,0.755859375,2.75,0.9810148044289672,1.0,0.0,1.0,1.2559879720446798,0.8054110301768991,1.0,0.9811673238788051,0.9811673238788051,3.1630946806341935,0.008801874241551873,1.9085559336533833,0.0,1.0,8.4649899018093,2.675928859771948,22.651710775929615,6.67948088345803,11.992236467847155,5.312755584389125,0.32065872899395154
decoupled_0130,midas_lesion_140,clinical_mask,0.755859375,2.75,0.9810148044289672,1.0,0.0,1.0,1.2559879720446798,0.8054110301768991,1.0,0.9811673238788051,0.9811673238788051,3.1630946806341935,0.008801874241551873,1.9085559336533833,0.0,1.0,6.9787867727307535,1.1100299937289089,7.7466626375697105,6.742941403751666,9.289088507834627,2.5461471040829613,0.20468934563552107
decoupled_0131,midas_lesion_226,clinical_mask,0.755859375,2.75,0.9810148044289672,1.0,0.0,1.0,1.2559879720446798,0.8054110301768991,1.0,0.9811673238788051,0.9811673238788051,3.1630946806341935,0.008801874241551873,1.9085559336533833,0.0,1.0,8.664957511132236,1.5513823119469863,13.442661816542733,4.590029873010083,5.415828736142904,0.825798863132821,0.1379221468819381
decoupled_0132,isic2018_lesion_ISIC_0035317,clinical_mask,0.755859375,2.75,0.9810148044289672,1.0,0.0,1.0,1.2559879720446798,0.8054110301768991,1.0,0.9811673238788051,0.9811673238788051,3.1630946806341935,0.008801874241551873,1.9085559336533833,0.0,1.0,3.2886943680585796,1.2130984939792229,3.989510185049815,1.7710571022939217,6.61828642471983,4.847229322425909,0.06671649173017259
decoupled_0133,isic2018_lesion_ISIC_0034579,clinical_mask,0.755859375,2.75,0.9810148044289672,1.0,0.0,1.0,1.2559879720446798,0.8054110301768991,1.0,0.9811673238788051,0.9811673238788051,3.1630946806341935,0.008801874241551873,1.9085559336533833,0.0,1.0,7.17806554689209,5.340890847117061,38.33726457940228,1.4037569130314056,2.0490254120779037,0.6452684990464981,0.3372637388829553
decoupled_0134,melanoma_BCN_0000018489,clinical_mask,0.0595855712890625,1.00390625,0.275439114253714,1.3180420505522392,0.6514388593266779,0.8058192323565829,0.7429586708212474,0.5223381487426432,1.2409731113956464,0.3570778055381461,0.27091533641778426,4.1126580779429185,0.2534256500244032,1.6452713136997572,0.4147940074906367,1.0,5.603533579034055,1.4665061229933043,8.217616304052026,5.815546320333802,7.569301999151319,1.7537556788175177,0.17720287232096676
decoupled_0135,midas_lesion_289,clinical_mask,0.755859375,2.75,0.9810148044289672,1.0,0.0,1.0,1.2559879720446798,0.8054110301768991,1.0,0.9811673238788051,0.9811673238788051,3.1630946806341935,0.008801874241551873,1.9085559336533833,0.0,1.0,7.636122531286076,3.248228068746931,24.803867542514297,1.5746912635088044,4.060884841367308,2.4861935778585034,0.2335634796200105
decoupled_0136,isic2018_lesion_ISIC_0034585,clinical_mask,0.755859375,2.75,0.9810148044289672,1.0,0.0,1.0,1.2559879720446798,0.8054110301768991,1.0,0.9811673238788051,0.9811673238788051,3.1630946806341935,0.008801874241551873,1.9085559336533833,0.0,1.0,9.43245026012126,1.8969190869638906,17.892594935261535,4.407078270314738,6.503485308374906,2.0964070380601676,0.25421047440291034
decoupled_0137,midas_lesion_277,clinical_mask,0.755859375,2.75,0.9810148044289672,1.0,0.0,1.0,1.2559879720446798,0.8054110301768991,1.0,0.9811673238788051,0.9811673238788051,3.1630946806341935,0.008801874241551873,1.9085559336533833,0.0,1.0,9.943931033453918,1.2808841551290482,12.737023700447144,1.9408278124534633,7.3300711407811585,5.389243328327695,0.12156849074874188
decoupled_0138,midas_lesion_226,clinical_mask,0.755859375,2.75,0.9810148044289672,1.0,0.0,1.0,1.2559879720446798,0.8054110301768991,1.0,0.9811673238788051,0.9811673238788051,3.1630946806341935,0.008801874241551873,1.9085559336533833,0.0,1.0,4.950792536881037,2.462162897029998,12.189657695201507,1.3592843001244668,4.993088499332719,3.6338041992082526,0.18606443404273518
decoupled_0139,midas_lesion_259,clinical_mask,0.755859375,2.75,0.9810148044289672,1.0,0.0,1.0,1.2559879720446798,0.8054110301768991,1.0,0.9811673238788051,0.9811673238788051,3.1630946806341935,0.008801874241551873,1.9085559336533833,0.0,1.0,5.588532229165629,2.0155424558288444,11.263923973651139,5.211145604467444,10.294722068283383,5.083576463815938,0.28811958275539346
decoupled_0140,midas_lesion_218,clinical_mask,0.755859375,2.75,0.9810148044289672,1.0,0.0,1.0,1.2559879720446798,0.8054110301768991,1.0,0.9811673238788051,0.9811673238788051,3.1630946806341935,0.008801874241551873,1.9085559336533833,0.0,1.0,7.515238719158477,4.229469588379699,31.78547361209438,5.402193755451429,7.457097892574835,2.0549041371234056,0.22529358199750574
decoupled_0141,isic2018_lesion_ISIC_0034870,clinical_mask,0.755859375,2.75,0.9810148044289672,1.0,0.0,1.0,1.2559879720446798,0.8054110301768991,1.0,0.9811673238788051,0.9811673238788051,3.1630946806341935,0.008801874241551873,1.9085559336533833,0.0,1.0,9.740051176268686,5.449765089195547,53.08099086740711,2.931190574361445,6.917850853544266,3.986660279182821,0.14110665021631008
decoupled_0142,isic2018_lesion_ISIC_0035691,clinical_mask,0.755859375,2.75,0.9810148044289672,1.0,0.0,1.0,1.2559879720446798,0.8054110301768991,1.0,0.9811673238788051,0.9811673238788051,3.1630946806341935,0.008801874241551873,1.9085559336533833,0.0,1.0,8.837007984626384,1.5010186893357564,13.264514142733509,1.0262910638142995,3.595355461058192,2.569064397243893,0.07901164083699284
decoupled_0143,ph2_lesion_IMD312,clinical_mask,0.755859375,2.75,0.9810148044289672,1.0,0.0,1.0,1.2559879720446798,0.8054110301768991,1.0,0.9811673238788051,0.9811673238788051,3.1630946806341935,0.008801874241551873,1.9085559336533833,0.0,1.0,9.073259210180694,1.2016833705210268,10.903184709300886,3.0205174773857606,8.441709748201493,5.421192270815732,0.10575820413318994
decoupled_0144,midas_lesion_619,clinical_mask,0.755859375,2.75,0.9810148044289672,1.0,0.0,1.0,1.2559879720446798,0.8054110301768991,1.0,0.9811673238788051,0.9811673238788051,3.1630946806341935,0.008801874241551873,1.9085559336533833,0.0,1.0,9.106177640911413,6.458808959362234,58.81506173266269,1.6127254769413844,5.219119617266723,3.606394140325339,0.2926732869918317
decoupled_0145,midas_lesion_357,clinical_mask,0.755859375,2.75,0.9810148044289672,1.0,0.0,1.0,1.2559879720446798,0.8054110301768991,1.0,0.9811673238788051,0.9811673238788051,3.1630946806341935,0.008801874241551873,1.9085559336533833,0.0,1.0,9.72499031343861,5.161677051776359,50.197259329623456,3.643809689346249,8.17302487738726,4.529215188041011,0.06386156183499024
decoupled_0146,midas_lesion_755,clinical_mask,0.755859375,2.75,0.9810148044289672,1.0,0.0,1.0,1.2559879720446798,0.8054110301768991,1.0,0.9811673238788051,0.9811673238788051,3.1630946806341935,0.008801874241551873,1.9085559336533833,0.0,1.0,9.571415145771695,1.5802523749459625,15.125251515699476,1.485125616713324,4.2552984642996465,2.7701728475863225,0.34702074338869343
decoupled_0147,midas_lesion_76,clinical_mask,0.755859375,2.75,0.9810148044289672,1.0,0.0,1.0,1.2559879720446798,0.8054110301768991,1.0,0.9811673238788051,0.9811673238788051,3.1630946806341935,0.008801874241551873,1.9085559336533833,0.0,1.0,6.028935123585764,3.6927380980997,22.263278421836578,4.962883713752303,7.6272767076161045,2.6643929938638014,0.34935958045129734
decoupled_0148,isic2018_lesion_ISIC_0035642,clinical_mask,0.755859375,2.75,0.9810148044289672,1.0,0.0,1.0,1.2559879720446798,0.8054110301768991,1.0,0.9811673238788051,0.9811673238788051,3.1630946806341935,0.008801874241551873,1.9085559336533833,0.0,1.0,4.635658121082648,1.7039614661487281,7.898982808564248,7.262416291905426,9.818500766547809,2.5560844746423825,0.07075600690925551
decoupled_0149,isic2018_lesion_ISIC_0034753,clinical_mask,0.755859375,2.75,0.9810148044289672,1.0,0.0,1.0,1.2559879720446798,0.8054110301768991,1.0,0.9811673238788051,0.9811673238788051,3.1630946806341935,0.008801874241551873,1.9085559336533833,0.0,1.0,4.190819168955052,2.432047944133785,10.19227314409359,7.945085291707961,10.12396703874986,2.1788817470419,0.21955946805690374
decoupled_0150,ph2_lesion_IMD331,clinical_mask,0.755859375,2.75,0.9810148044289672,1.0,0.0,1.0,1.2559879720446798,0.8054110301768991,1.0,0.9811673238788051,0.9811673238788051,3.1630946806341935,0.008801874241551873,1.9085559336533833,0.0,1.0,7.385182545686392,1.7950862192587271,13.257039414471729,3.8210083144001983,8.685346637159467,4.864338322759269,0.21664121999171507
decoupled_0151,ph2_lesion_IMD433,clinical_mask,0.755859375,2.75,0.9810148044289672,1.0,0.0,1.0,1.2559879720446798,0.8054110301768991,1.0,0.9811673238788051,0.9811673238788051,3.1630946806341935,0.008801874241551873,1.9085559336533833,0.0,1.0,9.904826579914817,1.802343039358939,17.851895242366876,4.503919040996274,6.709489708192289,2.2055706671960156,0.13314199518497602
decoupled_0152,melanoma_BCN_0000018489,clinical_mask,0.0595855712890625,1.00390625,0.275439114253714,1.3180420505522392,0.6514388593266779,0.8058192323565829,0.7429586708212474,0.5223381487426432,1.2409731113956464,0.3570778055381461,0.27091533641778426,4.1126580779429185,0.2534256500244032,1.6452713136997572,0.4147940074906367,1.0,5.22646469754058,1.1619838228147532,6.073067429054556,6.975010519011739,9.829977680405733,2.8549671613939944,0.2685342875722403
decoupled_0153,isic2018_lesion_ISIC_0035443,clinical_mask,0.755859375,2.75,0.9810148044289672,1.0,0.0,1.0,1.2559879720446798,0.8054110301768991,1.0,0.9811673238788051,0.9811673238788051,3.1630946806341935,0.008801874241551873,1.9085559336533833,0.0,1.0,3.47669019156401,4.762091394073452,16.556316441106553,2.9739429780191107,7.463989242839144,4.490046264820034,0.21705366511033436
decoupled_0154,ph2_lesion_IMD430,clinical_mask,0.755859375,2.75,0.9810148044289672,1.0,0.0,1.0,1.2559879720446798,0.8054110301768991,1.0,0.9811673238788051,0.9811673238788051,3.1630946806341935,0.008801874241551873,1.9085559336533833,0.0,1.0,4.810372979883661,5.6226498182493625,27.047042761054513,3.3560857041184935,7.846358894539658,4.490273190421164,0.15095926001606974
decoupled_0155,isic2018_lesion_ISIC_0035553,clinical_mask,0.755859375,2.75,0.9810148044289672,1.0,0.0,1.0,1.2559879720446798,0.8054110301768991,1.0,0.9811673238788051,0.9811673238788051,3.1630946806341935,0.008801874241551873,1.9085559336533833,0.0,1.0,7.880417369589908,6.462925343187993,50.930549132821476,1.3017354733471778,6.785651568364925,5.483916095017747,0.07051547734288777
decoupled_0156,midas_lesion_805,clinical_mask,0.755859375,2.75,0.9810148044289672,1.0,0.0,1.0,1.2559879720446798,0.8054110301768991,1.0,0.9811673238788051,0.9811673238788051,3.1630946806341935,0.008801874241551873,1.9085559336533833,0.0,1.0,9.80158180001039,10.393971644346855,101.8773632990542,1.4681387032961426,3.6890224198457657,2.220883716549623,0.0036772672955559245
decoupled_0157,isic2018_lesion_ISIC_0034669,clinical_mask,0.755859375,2.75,0.9810148044289672,1.0,0.0,1.0,1.2559879720446798,0.8054110301768991,1.0,0.9811673238788051,0.9811673238788051,3.1630946806341935,0.008801874241551873,1.9085559336533833,0.0,1.0,5.362001528070741,2.1352679443511895,11.449309980451549,3.9400549956095348,9.379855831391275,5.439800835781741,0.11584983101908364
decoupled_0158,midas_lesion_755,clinical_mask,0.755859375,2.75,0.9810148044289672,1.0,0.0,1.0,1.2559879720446798,0.8054110301768991,1.0,0.9811673238788051,0.9811673238788051,3.1630946806341935,0.008801874241551873,1.9085559336533833,0.0,1.0,3.3488342743462436,6.877190074256065,23.030569831862497,7.543989350172062,10.871825202907065,3.327835852735003,0.014607315694591665
decoupled_0159,midas_lesion_138,clinical_mask,0.755859375,2.75,0.9810148044289672,1.0,0.0,1.0,1.2559879720446798,0.8054110301768991,1.0,0.9811673238788051,0.9811673238788051,3.1630946806341935,0.008801874241551873,1.9085559336533833,0.0,1.0,3.8361606760774696,10.834890495617831,41.56438084889465,3.027380223956122,3.785363984457077,0.757983760500955,0.06722984210669775
decoupled_0160,midas_lesion_275,clinical_mask,0.755859375,2.75,0.9810148044289672,1.0,0.0,1.0,1.2559879720446798,0.8054110301768991,1.0,0.9811673238788051,0.9811673238788051,3.1630946806341935,0.008801874241551873,1.9085559336533833,0.0,1.0,9.668260415759956,11.521191844976174,111.38988305715957,2.907232310014414,7.393860508149375,4.4866281981349605,0.07806258534334598
decoupled_0161,isic2018_lesion_ISIC_0035630,clinical_mask,0.755859375,2.75,0.9810148044289672,1.0,0.0,1.0,1.2559879720446798,0.8054110301768991,1.0,0.9811673238788051,0.9811673238788051,3.1630946806341935,0.008801874241551873,1.9085559336533833,0.0,1.0,4.4920196340310365,2.306349384892908,10.360166719874348,0.541342636379546,1.9479652767088864,1.4066226403293403,0.03079436001659003
decoupled_0162,isic2018_lesion_ISIC_0034982,clinical_mask,0.755859375,2.75,0.9810148044289672,1.0,0.0,1.0,1.2559879720446798,0.8054110301768991,1.0,0.9811673238788051,0.9811673238788051,3.1630946806341935,0.008801874241551873,1.9085559336533833,0.0,1.0,3.6863126212973145,3.1519734372404797,11.619159463693459,0.2511822326087075,1.6739776633677488,1.4227954307590414,0.3067628387993173
decoupled_0163,isic2018_lesion_ISIC_0035882,clinical_mask,0.755859375,2.75,0.9810148044289672,1.0,0.0,1.0,1.2559879720446798,0.8054110301768991,1.0,0.9811673238788051,0.9811673238788051,3.1630946806341935,0.008801874241551873,1.9085559336533833,0.0,1.0,9.38972723359361,2.5658873515494465,24.09298234317722,2.8286763406108917,6.701779619456998,3.873103278846106,0.22046442019090026
decoupled_0164,isic2018_lesion_ISIC_0035008,clinical_mask,0.755859375,2.75,0.9810148044289672,1.0,0.0,1.0,1.2559879720446798,0.8054110301768991,1.0,0.9811673238788051,0.9811673238788051,3.1630946806341935,0.008801874241551873,1.9085559336533833,0.0,1.0,8.658569038182655,6.906571486502749,59.80102603302786,3.1758360925669424,6.624525153814451,3.4486890612475087,0.007678549173002713
decoupled_0165,isic2018_lesion_ISIC_0035842,clinical_mask,0.755859375,2.75,0.9810148044289672,1.0,0.0,1.0,1.2559879720446798,0.8054110301768991,1.0,0.9811673238788051,0.9811673238788051,3.1630946806341935,0.008801874241551873,1.9085559336533833,0.0,1.0,5.370517095560465,4.2847184814347665,23.011153854209287,3.371231228775782,4.435363975212715,1.0641327464369326,0.08060231287348166
decoupled_0166,ph2_lesion_IMD278,clinical_mask,0.755859375,2.75,0.9810148044289672,1.0,0.0,1.0,1.2559879720446798,0.8054110301768991,1.0,0.9811673238788051,0.9811673238788051,3.1630946806341935,0.008801874241551873,1.9085559336533833,0.0,1.0,6.430039509496574,3.716175729002944,23.89515676172116,2.3593206057976643,7.8215159842612465,5.462195378463582,0.14721211466135228
decoupled_0167,isic2018_lesion_ISIC_0034982,clinical_mask,0.755859375,2.75,0.9810148044289672,1.0,0.0,1.0,1.2559879720446798,0.8054110301768991,1.0,0.9811673238788051,0.9811673238788051,3.1630946806341935,0.008801874241551873,1.9085559336533833,0.0,1.0,8.254947705979204,1.7462632716724336,14.415311988528094,6.2333871516098265,11.058844820615132,4.8254576690053055,0.02053208692229953
decoupled_0168,isic2018_lesion_ISIC_0034579,clinical_mask,0.755859375,2.75,0.9810148044289672,1.0,0.0,1.0,1.2559879720446798,0.8054110301768991,1.0,0.9811673238788051,0.9811673238788051,3.1630946806341935,0.008801874241551873,1.9085559336533833,0.0,1.0,8.134983865272925,1.222321365503391,9.943564586548456,4.558106575079599,6.805878214332516,2.2477716392529175,0.27914473113054905
decoupled_0169,isic2018_lesion_ISIC_0034748,clinical_mask,0.755859375,2.75,0.9810148044289672,1.0,0.0,1.0,1.2559879720446798,0.8054110301768991,1.0,0.9811673238788051,0.9811673238788051,3.1630946806341935,0.008801874241551873,1.9085559336533833,0.0,1.0,9.167076749018436,8.220457600426013,75.3575657351572,0.2926827256720659,4.4044783223943105,4.111795596722245,0.23459381629950038
decoupled_0170,midas_lesion_140,clinical_mask,0.755859375,2.75,0.9810148044289672,1.0,0.0,1.0,1.2559879720446798,0.8054110301768991,1.0,0.9811673238788051,0.9811673238788051,3.1630946806341935,0.008801874241551873,1.9085559336533833,0.0,1.0,3.433436504915637,3.363049974711031,11.546818551028464,0.9677394942854534,5.076112327082946,4.108372832797492,0.10585596271856032
decoupled_0171,isic2018_lesion_ISIC_0034982,clinical_mask,0.755859375,2.75,0.9810148044289672,1.0,0.0,1.0,1.2559879720446798,0.8054110301768991,1.0,0.9811673238788051,0.9811673238788051,3.1630946806341935,0.008801874241551873,1.9085559336533833,0.0,1.0,6.839985268983522,1.7119420015700861,11.709658072093555,6.944066458320178,8.79341114025127,1.8493446819310915,0.2701301097972816
decoupled_0172,ph2_lesion_IMD433,clinical_mask,0.755859375,2.75,0.9810148044289672,1.0,0.0,1.0,1.2559879720446798,0.8054110301768991,1.0,0.9811673238788051,0.9811673238788051,3.1630946806341935,0.008801874241551873,1.9085559336533833,0.0,1.0,6.806470999784236,1.7524724082235155,11.928152624495398,4.390224199027325,8.316728206006916,3.9265040069795907,0.1418565233656274
decoupled_0173,isic2018_lesion_ISIC_0035119,clinical_mask,0.755859375,2.75,0.9810148044289672,1.0,0.0,1.0,1.2559879720446798,0.8054110301768991,1.0,0.9811673238788051,0.9811673238788051,3.1630946806341935,0.008801874241551873,1.9085559336533833,0.0,1.0,9.547594724074042,1.7746801563941321,16.94392689810751,1.5931672460332464,6.830929174261811,5.237761928228564,0.03543336142861557
decoupled_0174,isic2018_lesion_ISIC_0035008,clinical_mask,0.755859375,2.75,0.9810148044289672,1.0,0.0,1.0,1.2559879720446798,0.8054110301768991,1.0,0.9811673238788051,0.9811673238788051,3.1630946806341935,0.008801874241551873,1.9085559336533833,0.0,1.0,4.167079161595109,2.5057762701737523,10.441768079060559,5.291392605520996,7.682664639547173,2.3912720340261773,0.2034836638719552
decoupled_0175,isic2018_lesion_ISIC_0035029,clinical_mask,0.755859375,2.75,0.9810148044289672,1.0,0.0,1.0,1.2559879720446798,0.8054110301768991,1.0,0.9811673238788051,0.9811673238788051,3.1630946806341935,0.008801874241551873,1.9085559336533833,0.0,1.0,5.08089448907701,3.96402248905935,20.14078001923898,0.9634314769599406,3.7699548525418676,2.8065233755819268,0.31790002551478735
decoupled_0176,isic2018_lesion_ISIC_0035348,clinical_mask,0.755859375,2.75,0.9810148044289672,1.0,0.0,1.0,1.2559879720446798,0.8054110301768991,1.0,0.9811673238788051,0.9811673238788051,3.1630946806341935,0.008801874241551873,1.9085559336533833,0.0,1.0,3.357242919134843,4.4495672901695675,14.938278278135792,7.98778654247584,10.783731263479389,2.795944721003549,0.2664952302031162
decoupled_0177,isic2018_lesion_ISIC_0034585,clinical_mask,0.755859375,2.75,0.9810148044289672,1.0,0.0,1.0,1.2559879720446798,0.8054110301768991,1.0,0.9811673238788051,0.9811673238788051,3.1630946806341935,0.008801874241551873,1.9085559336533833,0.0,1.0,8.012768215370887,10.09267187482802,80.87024040678966,1.323221863707308,3.9215733575524023,2.5983514938450942,0.33216706033241283
decoupled_0178,ph2_lesion_IMD031,clinical_mask,0.755859375,2.75,0.9810148044289672,1.0,0.0,1.0,1.2559879720446798,0.8054110301768991,1.0,0.9811673238788051,0.9811673238788051,3.1630946806341935,0.008801874241551873,1.9085559336533833,0.0,1.0,5.952614516224143,1.7250647421262968,10.268645425407453,0.4747946431658036,1.155992609151706,0.6811979659859024,0.16990577729563539
decoupled_0179,midas_lesion_415,clinical_mask,0.755859375,2.75,0.9810148044289672,1.0,0.0,1.0,1.2559879720446798,0.8054110301768991,1.0,0.9811673238788051,0.9811673238788051,3.1630946806341935,0.008801874241551873,1.9085559336533833,0.0,1.0,3.348693541829313,1.9608257124126165,6.56620439980899,4.914147897233134,6.930856498085663,2.016708600852529,0.08285734580082806
decoupled_0180,isic2018_lesion_ISIC_0035119,clinical_mask,0.755859375,2.75,0.9810148044289672,1.0,0.0,1.0,1.2559879720446798,0.8054110301768991,1.0,0.9811673238788051,0.9811673238788051,3.1630946806341935,0.008801874241551873,1.9085559336533833,0.0,1.0,6.046241265396034,1.2330321369159567,7.45520978778071,4.045139867147358,5.474697928932836,1.4295580617854782,0.3281692803579406
decoupled_0181,benign_nevi_BCN_0000002637,clinical_mask,0.15252685546875,1.30859375,0.4406849487070295,1.417669542590093,0.7088263668179722,0.9852158486102898,1.1192999836144735,0.7212121212121212,1.0150060024009604,0.5266806701684116,0.3715115930375157,3.3506702010670235,0.12587200220725414,1.7585747731755839,0.284992784992785,1.0,6.594465717338428,7.209239028742115,47.54107962313806,6.489945649057392,10.07505957586684,3.5851139268094476,0.037716191755491416
decoupled_0182,ph2_lesion_IMD057,clinical_mask,0.755859375,2.75,0.9810148044289672,1.0,0.0,1.0,1.2559879720446798,0.8054110301768991,1.0,0.9811673238788051,0.9811673238788051,3.1630946806341935,0.008801874241551873,1.9085559336533833,0.0,1.0,6.752358175099539,2.2496993886847623,15.19077605870199,6.055905748508273,9.932421596325963,3.8765158478176893,0.25852785952961005
decoupled_0183,ph2_lesion_IMD031,clinical_mask,0.755859375,2.75,0.9810148044289672,1.0,0.0,1.0,1.2559879720446798,0.8054110301768991,1.0,0.9811673238788051,0.9811673238788051,3.1630946806341935,0.008801874241551873,1.9085559336533833,0.0,1.0,3.001043601368034,1.3425901833936515,4.029171679133054,1.6957340982296984,3.0177496608636307,1.3220155626339323,0.09220692440164537
decoupled_0184,midas_lesion_619,clinical_mask,0.755859375,2.75,0.9810148044289672,1.0,0.0,1.0,1.2559879720446798,0.8054110301768991,1.0,0.9811673238788051,0.9811673238788051,3.1630946806341935,0.008801874241551873,1.9085559336533833,0.0,1.0,3.2756840347433966,4.71898800277148,15.457913660824167,2.6466029569427523,7.28062158681166,4.6340186298689074,0.2473052581584426
decoupled_0185,ph2_lesion_IMD433,clinical_mask,0.755859375,2.75,0.9810148044289672,1.0,0.0,1.0,1.2559879720446798,0.8054110301768991,1.0,0.9811673238788051,0.9811673238788051,3.1630946806341935,0.008801874241551873,1.9085559336533833,0.0,1.0,7.001716987873065,9.933050586146427,69.54840903042394,2.4624790740675766,6.48671075179451,4.024231677726933,0.20036700578172265
decoupled_0186,isic2018_lesion_ISIC_0035915,clinical_mask,0.755859375,2.75,0.9810148044289672,1.0,0.0,1.0,1.2559879720446798,0.8054110301768991,1.0,0.9811673238788051,0.9811673238788051,3.1630946806341935,0.008801874241551873,1.9085559336533833,0.0,1.0,3.2334626575499152,1.4997317037277746,4.849326460347473,3.36987785833423,5.8223977664481925,2.4525199081139624,0.2715547704601119
decoupled_0187,isic2018_lesion_ISIC_0034906,clinical_mask,0.755859375,2.75,0.9810148044289672,1.0,0.0,1.0,1.2559879720446798,0.8054110301768991,1.0,0.9811673238788051,0.9811673238788051,3.1630946806341935,0.008801874241551873,1.9085559336533833,0.0,1.0,3.287618335162373,2.605967901261411,8.567427853031624,7.885037115239192,9.306022957935493,1.4209858426963011,0.11813583039539034
decoupled_0188,ph2_lesion_IMD256,clinical_mask,0.755859375,2.75,0.9810148044289672,1.0,0.0,1.0,1.2559879720446798,0.8054110301768991,1.0,0.9811673238788051,0.9811673238788051,3.1630946806341935,0.008801874241551873,1.9085559336533833,0.0,1.0,4.583383937225716,2.4503071732657897,11.23069853921537,4.508561360147836,7.466729654843494,2.958168294695658,0.10063215537465825
decoupled_0189,midas_lesion_544,clinical_mask,0.755859375,2.75,0.9810148044289672,1.0,0.0,1.0,1.2559879720446798,0.8054110301768991,1.0,0.9811673238788051,0.9811673238788051,3.1630946806341935,0.008801874241551873,1.9085559336533833,0.0,1.0,8.669689480489762,1.5823220361769368,13.71824071179033,1.5029962677024225,3.3405311835972418,1.8375349158948193,0.1326379281084826
decoupled_0190,isic2018_lesion_ISIC_0035149,clinical_mask,0.755859375,2.75,0.9810148044289672,1.0,0.0,1.0,1.2559879720446798,0.8054110301768991,1.0,0.9811673238788051,0.9811673238788051,3.1630946806341935,0.008801874241551873,1.9085559336533833,0.0,1.0,5.305469007629981,1.3593655810318177,7.21207196020323,4.350777094873926,6.138340229775941,1.7875631349020145,0.11016312596647838
decoupled_0191,midas_lesion_755,clinical_mask,0.755859375,2.75,0.9810148044289672,1.0,0.0,1.0,1.2559879720446798,0.8054110301768991,1.0,0.9811673238788051,0.9811673238788051,3.1630946806341935,0.008801874241551873,1.9085559336533833,0.0,1.0,7.599514568459206,1.560618425402276,11.859942459650462,6.441678119193085,7.5258931687401285,1.0842150495470433,0.20111411697647777
decoupled_0192,isic2018_lesion_ISIC_0035008,clinical_mask,0.755859375,2.75,0.9810148044289672,1.0,0.0,1.0,1.2559879720446798,0.8054110301768991,1.0,0.9811673238788051,0.9811673238788051,3.1630946806341935,0.008801874241551873,1.9085559336533833,0.0,1.0,9.336434925624495,4.153213713088141,38.7762095644587,7.177659444702057,12.427230950460036,5.249571505757979,0.20472973583232557
decoupled_0193,isic2018_lesion_ISIC_0035630,clinical_mask,0.755859375,2.75,0.9810148044289672,1.0,0.0,1.0,1.2559879720446798,0.8054110301768991,1.0,0.9811673238788051,0.9811673238788051,3.1630946806341935,0.008801874241551873,1.9085559336533833,0.0,1.0,7.771862712069513,7.341245355890811,57.05515104160128,4.100518362965076,9.52197236194608,5.421453998981004,0.24154716552192293
decoupled_0194,midas_lesion_218,clinical_mask,0.755859375,2.75,0.9810148044289672,1.0,0.0,1.0,1.2559879720446798,0.8054110301768991,1.0,0.9811673238788051,0.9811673238788051,3.1630946806341935,0.008801874241551873,1.9085559336533833,0.0,1.0,3.797167893502609,1.8870768439224388,7.1655476043145185,6.046392985635937,8.47807508762548,2.4316821019895434,0.18359498329302149
decoupled_0195,melanoma_BCN_0000018489,clinical_mask,0.0595855712890625,1.00390625,0.275439114253714,1.3180420505522392,0.6514388593266779,0.8058192323565829,0.7429586708212474,0.5223381487426432,1.2409731113956464,0.3570778055381461,0.27091533641778426,4.1126580779429185,0.2534256500244032,1.6452713136997572,0.4147940074906367,1.0,7.24320670967966,1.234656201511239,8.942870082933808,3.1484173056905753,5.16506446665408,2.0166471609635046,0.2425252550768734
decoupled_0196,midas_lesion_277,clinical_mask,0.755859375,2.75,0.9810148044289672,1.0,0.0,1.0,1.2559879720446798,0.8054110301768991,1.0,0.9811673238788051,0.9811673238788051,3.1630946806341935,0.008801874241551873,1.9085559336533833,0.0,1.0,8.64985140328663,2.7861149047460647,24.099479918535547,7.06556493815102,10.658275142925927,3.5927102047749067,0.14714124666069212
decoupled_0197,midas_lesion_138,clinical_mask,0.755859375,2.75,0.9810148044289672,1.0,0.0,1.0,1.2559879720446798,0.8054110301768991,1.0,0.9811673238788051,0.9811673238788051,3.1630946806341935,0.008801874241551873,1.9085559336533833,0.0,1.0,3.41563936467427,10.145221343218566,34.652417383230905,5.441206457772282,7.072202450372421,1.6309959926001394,0.06700716770890985
decoupled_0198,ph2_lesion_IMD370,clinical_mask,0.755859375,2.75,0.9810148044289672,1.0,0.0,1.0,1.2559879720446798,0.8054110301768991,1.0,0.9811673238788051,0.9811673238788051,3.1630946806341935,0.008801874241551873,1.9085559336533833,0.0,1.0,5.644666829758921,6.974188789266083,39.36697212324679,2.79575799791071,8.069136293370477,5.273378295459766,0.24061384246142714
decoupled_0199,isic2018_lesion_ISIC_0034753,clinical_mask,0.755859375,2.75,0.9810148044289672,1.0,0.0,1.0,1.2559879720446798,0.8054110301768991,1.0,0.9811673238788051,0.9811673238788051,3.1630946806341935,0.008801874241551873,1.9085559336533833,0.0,1.0,6.844334385893111,2.058351861226154,14.08804842205725,7.807645432361984,11.012086605607031,3.204441173245047,0.015266040137787483
decoupled_0200,midas_lesion_442,clinical_mask,0.755859375,2.75,0.9810148044289672,1.0,0.0,1.0,1.2559879720446798,0.8054110301768991,1.0,0.9811673238788051,0.9811673238788051,3.1630946806341935,0.008801874241551873,1.9085559336533833,0.0,1.0,5.6490218584878225,1.2770403095076157,7.214028622578575,6.847941701792752,12.232951564787443,5.385009862994691,0.34896761498681417
decoupled_0201,isic2018_lesion_ISIC_0034579,clinical_mask,0.755859375,2.75,0.9810148044289672,1.0,0.0,1.0,1.2559879720446798,0.8054110301768991,1.0,0.9811673238788051,0.9811673238788051,3.1630946806341935,0.008801874241551873,1.9085559336533833,0.0,1.0,4.114262294855132,3.8453481544059933,15.82077092226335,4.528617552556857,6.220044994094971,1.6914274415381145,0.050814299805736235
decoupled_0202,midas_lesion_226,clinical_mask,0.755859375,2.75,0.9810148044289672,1.0,0.0,1.0,1.2559879720446798,0.8054110301768991,1.0,0.9811673238788051,0.9811673238788051,3.1630946806341935,0.008801874241551873,1.9085559336533833,0.0,1.0,9.47222221307916,1.5973189939021841,15.130160455413524,7.9192437299085965,9.428232393690926,1.50898866378233,0.16334761048000937
decoupled_0203,isic2018_lesion_ISIC_0035630,clinical_mask,0.755859375,2.75,0.9810148044289672,1.0,0.0,1.0,1.2559879720446798,0.8054110301768991,1.0,0.9811673238788051,0.9811673238788051,3.1630946806341935,0.008801874241551873,1.9085559336533833,0.0,1.0,7.91027562404818,10.63022483744414,84.08800840978591,4.1913111646216805,5.235484839545894,1.0441736749242132,0.24445765035658434
decoupled_0204,ph2_lesion_IMD256,clinical_mask,0.755859375,2.75,0.9810148044289672,1.0,0.0,1.0,1.2559879720446798,0.8054110301768991,1.0,0.9811673238788051,0.9811673238788051,3.1630946806341935,0.008801874241551873,1.9085559336533833,0.0,1.0,9.918617742398204,1.740582578845246,17.26417324864368,2.758896199035215,6.405125734360187,3.646229535324972,0.08142811374283367
decoupled_0205,isic2018_lesion_ISIC_0034733,clinical_mask,0.755859375,2.75,0.9810148044289672,1.0,0.0,1.0,1.2559879720446798,0.8054110301768991,1.0,0.9811673238788051,0.9811673238788051,3.1630946806341935,0.008801874241551873,1.9085559336533833,0.0,1.0,3.457363990089152,1.4107991497639907,4.877646177642414,3.518039790023501,6.8173645397467375,3.2993247497232363,0.15506407020429008
decoupled_0206,isic2018_lesion_ISIC_0035630,clinical_mask,0.755859375,2.75,0.9810148044289672,1.0,0.0,1.0,1.2559879720446798,0.8054110301768991,1.0,0.9811673238788051,0.9811673238788051,3.1630946806341935,0.008801874241551873,1.9085559336533833,0.0,1.0,6.615254273279074,1.2499916682119312,8.269012724702216,2.6977751932917835,4.826546966755222,2.1287717734634386,0.32455468852322317
decoupled_0207,ph2_lesion_IMD278,clinical_mask,0.755859375,2.75,0.9810148044289672,1.0,0.0,1.0,1.2559879720446798,0.8054110301768991,1.0,0.9811673238788051,0.9811673238788051,3.1630946806341935,0.008801874241551873,1.9085559336533833,0.0,1.0,4.197325968687528,3.6906176820144596,15.49072543721666,3.907241238632113,8.14023860132085,4.232997362688736,0.209828328820509
decoupled_0208,midas_lesion_619,clinical_mask,0.755859375,2.75,0.9810148044289672,1.0,0.0,1.0,1.2559879720446798,0.8054110301768991,1.0,0.9811673238788051,0.9811673238788051,3.1630946806341935,0.008801874241551873,1.9085559336533833,0.0,1.0,6.0020487324713505,8.989617374783565,53.95612156972213,3.6581847776764014,6.992802616951505,3.334617839275104,0.2983960290188325
decoupled_0209,ph2_lesion_IMD370,clinical_mask,0.755859375,2.75,0.9810148044289672,1.0,0.0,1.0,1.2559879720446798,0.8054110301768991,1.0,0.9811673238788051,0.9811673238788051,3.1630946806341935,0.008801874241551873,1.9085559336533833,0.0,1.0,8.78187395009651,1.7911618665949893,15.72975773665678,2.3618230735926584,3.3913505147697585,1.0295274411771,0.2265403715413692
decoupled_0210,ph2_lesion_IMD278,clinical_mask,0.755859375,2.75,0.9810148044289672,1.0,0.0,1.0,1.2559879720446798,0.8054110301768991,1.0,0.9811673238788051,0.9811673238788051,3.1630946806341935,0.008801874241551873,1.9085559336533833,0.0,1.0,6.619433035462543,2.2289047253876744,14.754085572129739,0.85733318273412,2.2203126619174602,1.3629794791833403,0.12552645479551694
decoupled_0211,isic2018_lesion_ISIC_0035368,clinical_mask,0.755859375,2.75,0.9810148044289672,1.0,0.0,1.0,1.2559879720446798,0.8054110301768991,1.0,0.9811673238788051,0.9811673238788051,3.1630946806341935,0.008801874241551873,1.9085559336533833,0.0,1.0,6.9444646203237,7.8440968490949,54.473053046932144,0.7970048890078814,5.383425419950026,4.586420530942144,0.05535294516139496
decoupled_0212,midas_lesion_69,clinical_mask,0.755859375,2.75,0.9810148044289672,1.0,0.0,1.0,1.2559879720446798,0.8054110301768991,1.0,0.9811673238788051,0.9811673238788051,3.1630946806341935,0.008801874241551873,1.9085559336533833,0.0,1.0,6.733636982360931,1.5348503580801565,10.33512513355846,1.4094407855942752,2.9150679988518147,1.5056272132575395,0.2577396031548499
decoupled_0213,isic2018_lesion_ISIC_0035348,clinical_mask,0.755859375,2.75,0.9810148044289672,1.0,0.0,1.0,1.2559879720446798,0.8054110301768991,1.0,0.9811673238788051,0.9811673238788051,3.1630946806341935,0.008801874241551873,1.9085559336533833,0.0,1.0,9.053543860423524,2.520610677956362,22.8204593279298,6.304816500881176,6.8141931001749425,0.5093765992937662,0.15533255264006202
decoupled_0214,ph2_lesion_IMD312,clinical_mask,0.755859375,2.75,0.9810148044289672,1.0,0.0,1.0,1.2559879720446798,0.8054110301768991,1.0,0.9811673238788051,0.9811673238788051,3.1630946806341935,0.008801874241551873,1.9085559336533833,0.0,1.0,5.5016913403220915,10.011150544668803,55.078260258265146,6.839563075621717,10.64650815208358,3.8069450764618633,0.2524071641143483
decoupled_0215,isic2018_lesion_ISIC_0034870,clinical_mask,0.755859375,2.75,0.9810148044289672,1.0,0.0,1.0,1.2559879720446798,0.8054110301768991,1.0,0.9811673238788051,0.9811673238788051,3.1630946806341935,0.008801874241551873,1.9085559336533833,0.0,1.0,7.4544136836904284,3.008888169877909,22.429497146232134,1.6521622486494587,6.270301753231663,4.618139504582204,0.0666215905374954
decoupled_0216,isic2018_lesion_ISIC_0035691,clinical_mask,0.755859375,2.75,0.9810148044289672,1.0,0.0,1.0,1.2559879720446798,0.8054110301768991,1.0,0.9811673238788051,0.9811673238788051,3.1630946806341935,0.008801874241551873,1.9085559336533833,0.0,1.0,8.867497629460345,1.9533275652128863,17.321127554084818,2.2979815351946082,5.596282914117496,3.2983013789228877,0.30581974680934876
decoupled_0217,isic2018_lesion_ISIC_0034870,clinical_mask,0.755859375,2.75,0.9810148044289672,1.0,0.0,1.0,1.2559879720446798,0.8054110301768991,1.0,0.9811673238788051,0.9811673238788051,3.1630946806341935,0.008801874241551873,1.9085559336533833,0.0,1.0,6.675719231810245,1.2243780833466813,8.173604318004408,4.149177754224325,6.27659619175866,2.1274184375343355,0.0351565055972365
decoupled_0218,isic2018_lesion_ISIC_0035001,clinical_mask,0.755859375,2.75,0.9810148044289672,1.0,0.0,1.0,1.2559879720446798,0.8054110301768991,1.0,0.9811673238788051,0.9811673238788051,3.1630946806341935,0.008801874241551873,1.9085559336533833,0.0,1.0,6.650407548333925,2.6334859164056765,17.513754616895397,4.622472266550191,9.716718862231964,5.094246595681773,0.19387965154732945
decoupled_0219,isic2018_lesion_ISIC_0034585,clinical_mask,0.755859375,2.75,0.9810148044289672,1.0,0.0,1.0,1.2559879720446798,0.8054110301768991,1.0,0.9811673238788051,0.9811673238788051,3.1630946806341935,0.008801874241551873,1.9085559336533833,0.0,1.0,3.6289590541372885,2.777793987793069,10.080500642529783,1.4797709581615763,2.054055237502537,0.5742842793409608,0.0433794736962638
decoupled_0220,isic2018_lesion_ISIC_0035128,clinical_mask,0.755859375,2.75,0.9810148044289672,1.0,0.0,1.0,1.2559879720446798,0.8054110301768991,1.0,0.9811673238788051,0.9811673238788051,3.1630946806341935,0.008801874241551873,1.9085559336533833,0.0,1.0,5.3094976256831945,2.0442839304705687,10.854120675055793,7.68559245303316,8.485286847415717,0.7996943943825565,0.2688717079799908
decoupled_0221,isic2018_lesion_ISIC_0034748,clinical_mask,0.755859375,2.75,0.9810148044289672,1.0,0.0,1.0,1.2559879720446798,0.8054110301768991,1.0,0.9811673238788051,0.9811673238788051,3.1630946806341935,0.008801874241551873,1.9085559336533833,0.0,1.0,4.748984852932674,2.27512878526213,10.80455213968097,5.327519935970829,8.101346109840339,2.7738261738695096,0.3138710367755037
decoupled_0222,midas_lesion_357,clinical_mask,0.755859375,2.75,0.9810148044289672,1.0,0.0,1.0,1.2559879720446798,0.8054110301768991,1.0,0.9811673238788051,0.9811673238788051,3.1630946806341935,0.008801874241551873,1.9085559336533833,0.0,1.0,3.244473844150723,2.619141708798528,8.497736768321053,1.7706382665670468,4.696762842605832,2.9261245760387853,0.11085776853925257
decoupled_0223,isic2018_lesion_ISIC_0035029,clinical_mask,0.755859375,2.75,0.9810148044289672,1.0,0.0,1.0,1.2559879720446798,0.8054110301768991,1.0,0.9811673238788051,0.9811673238788051,3.1630946806341935,0.008801874241551873,1.9085559336533833,0.0,1.0,7.343688050220219,1.3909919738252112,10.21501113613244,2.608659860756365,6.82440954112058,4.2157496803642145,0.08730610446008269
decoupled_0224,isic2018_lesion_ISIC_0035008,clinical_mask,0.755859375,2.75,0.9810148044289672,1.0,0.0,1.0,1.2559879720446798,0.8054110301768991,1.0,0.9811673238788051,0.9811673238788051,3.1630946806341935,0.008801874241551873,1.9085559336533833,0.0,1.0,4.095946275744165,8.646532004106643,35.41573056032333,5.818075257770712,8.30263577802077,2.4845605202500582,0.07515368787464348
decoupled_0225,isic2018_lesion_ISIC_0035149,clinical_mask,0.755859375,2.75,0.9810148044289672,1.0,0.0,1.0,1.2559879720446798,0.8054110301768991,1.0,0.9811673238788051,0.9811673238788051,3.1630946806341935,0.008801874241551873,1.9085559336533833,0.0,1.0,8.125337156107282,4.571935264900307,37.14851548321165,2.2772160567794395,7.115093827421287,4.837877770641848,0.039501030920864294
decoupled_0226,isic2018_lesion_ISIC_0036062,clinical_mask,0.755859375,2.75,0.9810148044289672,1.0,0.0,1.0,1.2559879720446798,0.8054110301768991,1.0,0.9811673238788051,0.9811673238788051,3.1630946806341935,0.008801874241551873,1.9085559336533833,0.0,1.0,8.40528656306292,1.6238945900061326,13.649299377209115,2.551294536333118,6.660594229238721,4.109299692905603,0.14835969347428532
decoupled_0227,midas_lesion_138,clinical_mask,0.755859375,2.75,0.9810148044289672,1.0,0.0,1.0,1.2559879720446798,0.8054110301768991,1.0,0.9811673238788051,0.9811673238788051,3.1630946806341935,0.008801874241551873,1.9085559336533833,0.0,1.0,7.790661819091992,4.080744285303796,31.791698696994118,7.7043856314927535,10.625981632202224,2.921596000709471,0.020374831525576297
decoupled_0228,isic2018_lesion_ISIC_0035348,clinical_mask,0.755859375,2.75,0.9810148044289672,1.0,0.0,1.0,1.2559879720446798,0.8054110301768991,1.0,0.9811673238788051,0.9811673238788051,3.1630946806341935,0.008801874241551873,1.9085559336533833,0.0,1.0,7.150588896152681,4.976429564603831,35.58440198714207,0.8140678564731803,4.506413095357191,3.692345238884011,0.1245030421117735
decoupled_0229,isic2018_lesion_ISIC_0035008,clinical_mask,0.755859375,2.75,0.9810148044289672,1.0,0.0,1.0,1.2559879720446798,0.8054110301768991,1.0,0.9811673238788051,0.9811673238788051,3.1630946806341935,0.008801874241551873,1.9085559336533833,0.0,1.0,7.597558083208851,7.71866904177755,58.643036369970936,7.30370461486001,8.168795507170648,0.8650908923106382,0.2073510974470638
decoupled_0230,isic2018_lesion_ISIC_0034870,clinical_mask,0.755859375,2.75,0.9810148044289672,1.0,0.0,1.0,1.2559879720446798,0.8054110301768991,1.0,0.9811673238788051,0.9811673238788051,3.1630946806341935,0.008801874241551873,1.9085559336533833,0.0,1.0,6.682764922908264,1.4036158925054232,9.380035051671818,6.9114399425770445,8.425451943469325,1.5140120008922802,0.3371851450028805
decoupled_0231,midas_lesion_234,clinical_mask,0.755859375,2.75,0.9810148044289672,1.0,0.0,1.0,1.2559879720446798,0.8054110301768991,1.0,0.9811673238788051,0.9811673238788051,3.1630946806341935,0.008801874241551873,1.9085559336533833,0.0,1.0,4.849221382946834,1.3272947886410835,6.436346270552241,6.441220280895874,7.999124867822115,1.5579045869262407,0.03307278127930941
decoupled_0232,isic2018_lesion_ISIC_0035372,clinical_mask,0.755859375,2.75,0.9810148044289672,1.0,0.0,1.0,1.2559879720446798,0.8054110301768991,1.0,0.9811673238788051,0.9811673238788051,3.1630946806341935,0.008801874241551873,1.9085559336533833,0.0,1.0,8.089567003966515,1.6902605315583554,13.673475824201374,1.4720641877916048,3.9037654943473603,2.4317013065557553,0.07696410054005681
decoupled_0233,isic2018_lesion_ISIC_0035691,clinical_mask,0.755859375,2.75,0.9810148044289672,1.0,0.0,1.0,1.2559879720446798,0.8054110301768991,1.0,0.9811673238788051,0.9811673238788051,3.1630946806341935,0.008801874241551873,1.9085559336533833,0.0,1.0,4.107551900168865,1.3782983757641243,5.661432112369589,6.902845535172679,7.427757446160583,0.5249119109879041,0.1031737525797437
decoupled_0234,midas_lesion_178,clinical_mask,0.755859375,2.75,0.9810148044289672,1.0,0.0,1.0,1.2559879720446798,0.8054110301768991,1.0,0.9811673238788051,0.9811673238788051,3.1630946806341935,0.008801874241551873,1.9085559336533833,0.0,1.0,4.668562241259181,2.430964495563407,11.349109053828995,7.2446504739887185,8.602824616482886,1.3581741424941676,0.18283382128718492
decoupled_0235,isic2018_lesion_ISIC_0035348,clinical_mask,0.755859375,2.75,0.9810148044289672,1.0,0.0,1.0,1.2559879720446798,0.8054110301768991,1.0,0.9811673238788051,0.9811673238788051,3.1630946806341935,0.008801874241551873,1.9085559336533833,0.0,1.0,4.652505705502205,1.7086001517226168,7.949271954311407,3.1406645858753715,3.8652602019840607,0.7245956161086893,0.32553131060923685
decoupled_0236,midas_lesion_300,clinical_mask,0.755859375,2.75,0.9810148044289672,1.0,0.0,1.0,1.2559879720446798,0.8054110301768991,1.0,0.9811673238788051,0.9811673238788051,3.1630946806341935,0.008801874241551873,1.9085559336533833,0.0,1.0,5.031253387894497,1.5777433692586722,7.938026671810774,5.587539868927326,7.380468905709449,1.7929290367821231,0.24164818593027865
decoupled_0237,ph2_lesion_IMD078,clinical_mask,0.755859375,2.75,0.9810148044289672,1.0,0.0,1.0,1.2559879720446798,0.8054110301768991,1.0,0.9811673238788051,0.9811673238788051,3.1630946806341935,0.008801874241551873,1.9085559336533833,0.0,1.0,3.0988726849480908,8.611211961232575,26.685049530961905,5.999018750490005,10.878805135966868,4.879786385476863,0.09883407213266956
decoupled_0238,midas_lesion_275,clinical_mask,0.755859375,2.75,0.9810148044289672,1.0,0.0,1.0,1.2559879720446798,0.8054110301768991,1.0,0.9811673238788051,0.9811673238788051,3.1630946806341935,0.008801874241551873,1.9085559336533833,0.0,1.0,8.691218571818599,1.8839252317265025,16.373605961899035,0.9821054635714279,3.8173699093782325,2.8352644458068044,0.22847012294299224
decoupled_0239,midas_lesion_138,clinical_mask,0.755859375,2.75,0.9810148044289672,1.0,0.0,1.0,1.2559879720446798,0.8054110301768991,1.0,0.9811673238788051,0.9811673238788051,3.1630946806341935,0.008801874241551873,1.9085559336533833,0.0,1.0,7.288763078973295,2.0276057539574976,14.778737958159219,4.302998967922123,5.680153900179522,1.3771549322573984,0.06638306891578796
decoupled_0240,midas_lesion_259,clinical_mask,0.755859375,2.75,0.9810148044289672,1.0,0.0,1.0,1.2559879720446798,0.8054110301768991,1.0,0.9811673238788051,0.9811673238788051,3.1630946806341935,0.008801874241551873,1.9085559336533833,0.0,1.0,7.569622987472536,1.1416493971182362,8.641855520060362,0.8605400642647274,6.196802545098346,5.336262480833619,0.0297498052523822
decoupled_0241,ph2_lesion_IMD031,clinical_mask,0.755859375,2.75,0.9810148044289672,1.0,0.0,1.0,1.2559879720446798,0.8054110301768991,1.0,0.9811673238788051,0.9811673238788051,3.1630946806341935,0.008801874241551873,1.9085559336533833,0.0,1.0,4.463388257330232,3.8877098397564236,17.352358446676018,7.325863022112816,11.358129082809016,4.032266060696201,0.07100076028602145
decoupled_0242,isic2018_lesion_ISIC_0035630,clinical_mask,0.755859375,2.75,0.9810148044289672,1.0,0.0,1.0,1.2559879720446798,0.8054110301768991,1.0,0.9811673238788051,0.9811673238788051,3.1630946806341935,0.008801874241551873,1.9085559336533833,0.0,1.0,8.999791899520808,1.2350991169973775,11.115635028258302,1.1902704652109044,4.0813693243897,2.891098859178795,0.2518972376285142
decoupled_0243,isic2018_lesion_ISIC_0034538,clinical_mask,0.755859375,2.75,0.9810148044289672,1.0,0.0,1.0,1.2559879720446798,0.8054110301768991,1.0,0.9811673238788051,0.9811673238788051,3.1630946806341935,0.008801874241551873,1.9085559336533833,0.0,1.0,7.616843659946837,8.990846507306902,68.48187221673574,6.890020253738808,10.659993285603578,3.7699730318647697,0.03479572361481022
decoupled_0244,midas_lesion_486,clinical_mask,0.755859375,2.75,0.9810148044289672,1.0,0.0,1.0,1.2559879720446798,0.8054110301768991,1.0,0.9811673238788051,0.9811673238788051,3.1630946806341935,0.008801874241551873,1.9085559336533833,0.0,1.0,4.765851123647188,6.939787904208583,33.073995981145636,3.7506143908691443,7.25504431788635,3.5044299270172057,0.2852875504300634
decoupled_0245,midas_lesion_442,clinical_mask,0.755859375,2.75,0.9810148044289672,1.0,0.0,1.0,1.2559879720446798,0.8054110301768991,1.0,0.9811673238788051,0.9811673238788051,3.1630946806341935,0.008801874241551873,1.9085559336533833,0.0,1.0,4.940264329123218,6.762129970288052,33.40670948110911,1.7931754973430742,5.868231099972704,4.07505560262963,0.2118407419493998
decoupled_0246,ph2_lesion_IMD312,clinical_mask,0.755859375,2.75,0.9810148044289672,1.0,0.0,1.0,1.2559879720446798,0.8054110301768991,1.0,0.9811673238788051,0.9811673238788051,3.1630946806341935,0.008801874241551873,1.9085559336533833,0.0,1.0,9.580180700710525,2.969991359300811,28.453053901650648,2.955005924242348,6.655540385392044,3.700534461149696,0.3374172553279017
decoupled_0247,midas_lesion_218,clinical_mask,0.755859375,2.75,0.9810148044289672,1.0,0.0,1.0,1.2559879720446798,0.8054110301768991,1.0,0.9811673238788051,0.9811673238788051,3.1630946806341935,0.008801874241551873,1.9085559336533833,0.0,1.0,4.195115969352706,10.217084139431309,42.86185283354853,3.497788176464645,6.639714033124422,3.141925856659777,0.3477208389230484
decoupled_0248,midas_lesion_536,clinical_mask,0.755859375,2.75,0.9810148044289672,1.0,0.0,1.0,1.2559879720446798,0.8054110301768991,1.0,0.9811673238788051,0.9811673238788051,3.1630946806341935,0.008801874241551873,1.9085559336533833,0.0,1.0,9.048185599234609,6.708945076631464,60.70378022843274,0.45642933666479396,5.077927942445987,4.621498605781193,0.34081041231455345
decoupled_0249,isic2018_lesion_ISIC_0035642,clinical_mask,0.755859375,2.75,0.9810148044289672,1.0,0.0,1.0,1.2559879720446798,0.8054110301768991,1.0,0.9811673238788051,0.9811673238788051,3.1630946806341935,0.008801874241551873,1.9085559336533833,0.0,1.0,4.745144270114697,4.686910992771903,22.24006884188918,4.986988047369,9.46714070803328,4.480152660664281,0.028835936632367047
decoupled_0250,isic2018_lesion_ISIC_0035421,clinical_mask,0.755859375,2.75,0.9810148044289672,1.0,0.0,1.0,1.2559879720446798,0.8054110301768991,1.0,0.9811673238788051,0.9811673238788051,3.1630946806341935,0.008801874241551873,1.9085559336533833,0.0,1.0,3.2987735529141458,7.64800697020905,25.229043125828657,6.022984057068259,9.983437257442949,3.9604532003746904,0.1636264824319954
decoupled_0251,ph2_lesion_IMD331,clinical_mask,0.755859375,2.75,0.9810148044289672,1.0,0.0,1.0,1.2559879720446798,0.8054110301768991,1.0,0.9811673238788051,0.9811673238788051,3.1630946806341935,0.008801874241551873,1.9085559336533833,0.0,1.0,9.171463512470602,1.2823946585652164,11.761435819618079,1.7326627172208853,4.186835138662966,2.4541724214420806,0.26324588144821554
decoupled_0252,ph2_lesion_IMD430,clinical_mask,0.755859375,2.75,0.9810148044289672,1.0,0.0,1.0,1.2559879720446798,0.8054110301768991,1.0,0.9811673238788051,0.9811673238788051,3.1630946806341935,0.008801874241551873,1.9085559336533833,0.0,1.0,5.654655752004821,1.2851277671050425,7.266955120321641,3.766124207065135,7.285951954317752,3.519827747252617,0.08674833175287258
decoupled_0253,midas_lesion_544,clinical_mask,0.755859375,2.75,0.9810148044289672,1.0,0.0,1.0,1.2559879720446798,0.8054110301768991,1.0,0.9811673238788051,0.9811673238788051,3.1630946806341935,0.008801874241551873,1.9085559336533833,0.0,1.0,8.24297962162378,3.286129646395039,27.087499709248064,5.022436305519845,6.41463343853297,1.3921971330131253,0.04221175847036723
decoupled_0254,midas_lesion_536,clinical_mask,0.755859375,2.75,0.9810148044289672,1.0,0.0,1.0,1.2559879720446798,0.8054110301768991,1.0,0.9811673238788051,0.9811673238788051,3.1630946806341935,0.008801874241551873,1.9085559336533833,0.0,1.0,5.658224462370418,1.2488247209897922,7.066130585517355,1.3281573697997198,6.627565157050102,5.299407787250383,0.03666327222427038
decoupled_0255,isic2018_lesion_ISIC_0035915,clinical_mask,0.755859375,2.75,0.9810148044289672,1.0,0.0,1.0,1.2559879720446798,0.8054110301768991,1.0,0.9811673238788051,0.9811673238788051,3.1630946806341935,0.008801874241551873,1.9085559336533833,0.0,1.0,3.986307814381693,11.473397705748498,45.736494931934224,2.7575247983824482,6.94999116540787,4.192466367025422,0.10527831570403996
decoupled_0256,isic2018_lesion_ISIC_0035001,clinical_mask,0.755859375,2.75,0.9810148044289672,1.0,0.0,1.0,1.2559879720446798,0.8054110301768991,1.0,0.9811673238788051,0.9811673238788051,3.1630946806341935,0.008801874241551873,1.9085559336533833,0.0,1.0,5.520286618748214,1.550140666731744,8.557220779736681,6.0427767232072895,7.159879064774675,1.117102341567385,0.16335258398859057
decoupled_0257,isic2018_lesion_ISIC_0034982,clinical_mask,0.755859375,2.75,0.9810148044289672,1.0,0.0,1.0,1.2559879720446798,0.8054110301768991,1.0,0.9811673238788051,0.9811673238788051,3.1630946806341935,0.008801874241551873,1.9085559336533833,0.0,1.0,8.526824296692926,1.87514359146355,15.989019935479432,6.368700681068874,8.446637589249038,2.077936908180164,0.030324055273329677
decoupled_0258,isic2018_lesion_ISIC_0035372,clinical_mask,0.755859375,2.75,0.9810148044289672,1.0,0.0,1.0,1.2559879720446798,0.8054110301768991,1.0,0.9811673238788051,0.9811673238788051,3.1630946806341935,0.008801874241551873,1.9085559336533833,0.0,1.0,8.392018220662191,1.7510988860294208,14.695253757740165,4.127880630932286,4.748662546309946,0.6207819153776599,0.017649352541864654
decoupled_0259,isic2018_lesion_ISIC_0035287,clinical_mask,0.755859375,2.75,0.9810148044289672,1.0,0.0,1.0,1.2559879720446798,0.8054110301768991,1.0,0.9811673238788051,0.9811673238788051,3.1630946806341935,0.008801874241551873,1.9085559336533833,0.0,1.0,6.161812593012423,4.000651209191284,24.65126300104523,0.6885724329410239,3.304959216042165,2.6163867831011407,0.23295663168226408
decoupled_0260,midas_lesion_275,clinical_mask,0.755859375,2.75,0.9810148044289672,1.0,0.0,1.0,1.2559879720446798,0.8054110301768991,1.0,0.9811673238788051,0.9811673238788051,3.1630946806341935,0.008801874241551873,1.9085559336533833,0.0,1.0,7.167244333432131,2.746633703111115,19.68579484463685,3.6764289541654773,7.105311023641406,3.4288820694759283,0.19005932124849928
decoupled_0261,isic2018_lesion_ISIC_0034585,clinical_mask,0.755859375,2.75,0.9810148044289672,1.0,0.0,1.0,1.2559879720446798,0.8054110301768991,1.0,0.9811673238788051,0.9811673238788051,3.1630946806341935,0.008801874241551873,1.9085559336533833,0.0,1.0,7.681653776123432,2.160431288221456,16.595685163221557,0.3951202961251717,3.7061183448385417,3.31099804871337,0.0451167005890048
decoupled_0262,isic2018_lesion_ISIC_0035443,clinical_mask,0.755859375,2.75,0.9810148044289672,1.0,0.0,1.0,1.2559879720446798,0.8054110301768991,1.0,0.9811673238788051,0.9811673238788051,3.1630946806341935,0.008801874241551873,1.9085559336533833,0.0,1.0,4.651947233690352,2.216177913215167,10.309542712746953,4.221400775734878,7.827333475455744,3.6059326997208663,0.29246701509462664
decoupled_0263,isic2018_lesion_ISIC_0035128,clinical_mask,0.755859375,2.75,0.9810148044289672,1.0,0.0,1.0,1.2559879720446798,0.8054110301768991,1.0,0.9811673238788051,0.9811673238788051,3.1630946806341935,0.008801874241551873,1.9085559336533833,0.0,1.0,6.106789905219069,1.6339433639388194,9.97814884060127,2.2949802774471295,4.571386005347926,2.2764057279007965,0.25588697041173875
decoupled_0264,ph2_lesion_IMD430,clinical_mask,0.755859375,2.75,0.9810148044289672,1.0,0.0,1.0,1.2559879720446798,0.8054110301768991,1.0,0.9811673238788051,0.9811673238788051,3.1630946806341935,0.008801874241551873,1.9085559336533833,0.0,1.0,3.9222919920929002,1.5537975561876407,6.094447711968301,1.0114258551278317,4.141898846818206,3.1304729916903744,0.16684761311182014
decoupled_0265,isic2018_lesion_ISIC_0034870,clinical_mask,0.755859375,2.75,0.9810148044289672,1.0,0.0,1.0,1.2559879720446798,0.8054110301768991,1.0,0.9811673238788051,0.9811673238788051,3.1630946806341935,0.008801874241551873,1.9085559336533833,0.0,1.0,8.336598773539801,8.115656917308497,67.65697550330383,7.5722113296933475,12.529635577257228,4.95742424756388,0.012555315670936111
decoupled_0266,midas_lesion_755,clinical_mask,0.755859375,2.75,0.9810148044289672,1.0,0.0,1.0,1.2559879720446798,0.8054110301768991,1.0,0.9811673238788051,0.9811673238788051,3.1630946806341935,0.008801874241551873,1.9085559336533833,0.0,1.0,6.916414983171034,2.4046347271928625,16.631451656210107,3.412163639757603,8.508052107960797,5.095888468203194,0.043554119747429246
decoupled_0267,midas_lesion_544,clinical_mask,0.755859375,2.75,0.9810148044289672,1.0,0.0,1.0,1.2559879720446798,0.8054110301768991,1.0,0.9811673238788051,0.9811673238788051,3.1630946806341935,0.008801874241551873,1.9085559336533833,0.0,1.0,8.340751745224493,4.035569216252259,33.65968098343027,4.94881361849578,5.482417577063891,0.5336039585681105,0.011622961018487182
decoupled_0268,isic2018_lesion_ISIC_0035630,clinical_mask,0.755859375,2.75,0.9810148044289672,1.0,0.0,1.0,1.2559879720446798,0.8054110301768991,1.0,0.9811673238788051,0.9811673238788051,3.1630946806341935,0.008801874241551873,1.9085559336533833,0.0,1.0,9.451676619974485,1.2156436720954658,11.489870873764643,1.6524353401523322,6.065231517189064,4.412796177036732,0.09897222581401421
decoupled_0269,isic2018_lesion_ISIC_0035443,clinical_mask,0.755859375,2.75,0.9810148044289672,1.0,0.0,1.0,1.2559879720446798,0.8054110301768991,1.0,0.9811673238788051,0.9811673238788051,3.1630946806341935,0.008801874241551873,1.9085559336533833,0.0,1.0,6.970026903739479,2.9118169471985804,20.295442460738663,5.3960214722296245,10.529401785988302,5.1333803137586775,0.23027777301893376
decoupled_0270,ph2_lesion_IMD078,clinical_mask,0.755859375,2.75,0.9810148044289672,1.0,0.0,1.0,1.2559879720446798,0.8054110301768991,1.0,0.9811673238788051,0.9811673238788051,3.1630946806341935,0.008801874241551873,1.9085559336533833,0.0,1.0,4.218784025034629,4.13023902381769,17.42458641325669,7.176893225722867,12.076806592904298,4.899913367181431,0.005232202540912828
decoupled_0271,ph2_lesion_IMD256,clinical_mask,0.755859375,2.75,0.9810148044289672,1.0,0.0,1.0,1.2559879720446798,0.8054110301768991,1.0,0.9811673238788051,0.9811673238788051,3.1630946806341935,0.008801874241551873,1.9085559336533833,0.0,1.0,8.197861359878527,2.005038074435198,16.437024155497554,7.03960757865865,8.992076429966568,1.952468851307918,0.2789196073862503
decoupled_0272,isic2018_lesion_ISIC_0035882,clinical_mask,0.755859375,2.75,0.9810148044289672,1.0,0.0,1.0,1.2559879720446798,0.8054110301768991,1.0,0.9811673238788051,0.9811673238788051,3.1630946806341935,0.008801874241551873,1.9085559336533833,0.0,1.0,5.112437157556059,7.238259070370451,37.00514462737907,6.370606147948962,8.939083285635057,2.568477137686095,0.34633835752522135
decoupled_0273,midas_lesion_536,clinical_mask,0.755859375,2.75,0.9810148044289672,1.0,0.0,1.0,1.2559879720446798,0.8054110301768991,1.0,0.9811673238788051,0.9811673238788051,3.1630946806341935,0.008801874241551873,1.9085559336533833,0.0,1.0,6.051794571554267,1.6932022312509933,10.246912071628334,6.048740864015035,10.554271831858642,4.505530967843607,0.033517750180960836
decoupled_0274,melanoma_BCN_0000018489,clinical_mask,0.0595855712890625,1.00390625,0.275439114253714,1.3180420505522392,0.6514388593266779,0.8058192323565829,0.7429586708212474,0.5223381487426432,1.2409731113956464,0.3570778055381461,0.27091533641778426,4.1126580779429185,0.2534256500244032,1.6452713136997572,0.4147940074906367,1.0,7.3071542586373575,1.868183224491359,13.651103004756905,1.8973053884534024,4.233126190374482,2.3358208019210798,0.22673809437672812
decoupled_0275,midas_lesion_259,clinical_mask,0.755859375,2.75,0.9810148044289672,1.0,0.0,1.0,1.2559879720446798,0.8054110301768991,1.0,0.9811673238788051,0.9811673238788051,3.1630946806341935,0.008801874241551873,1.9085559336533833,0.0,1.0,6.5878237722716335,2.9217208653214755,19.247782172506863,3.092489600583764,5.306268805533014,2.2137792049492497,0.08919478079369668
decoupled_0276,isic2018_lesion_ISIC_0034870,clinical_mask,0.755859375,2.75,0.9810148044289672,1.0,0.0,1.0,1.2559879720446798,0.8054110301768991,1.0,0.9811673238788051,0.9811673238788051,3.1630946806341935,0.008801874241551873,1.9085559336533833,0.0,1.0,6.844889154780176,2.180236043452935,14.923474048691833,5.52001947798324,7.091874769758106,1.5718552917748658,0.13090693025127512
decoupled_0277,ph2_lesion_IMD278,clinical_mask,0.755859375,2.75,0.9810148044289672,1.0,0.0,1.0,1.2559879720446798,0.8054110301768991,1.0,0.9811673238788051,0.9811673238788051,3.1630946806341935,0.008801874241551873,1.9085559336533833,0.0,1.0,8.311902854558845,7.109917343945884,59.09694226682123,3.476416788776009,4.508496450677232,1.0320796619012227,0.07523843426333784
decoupled_0278,isic2018_lesion_ISIC_0035553,clinical_mask,0.755859375,2.75,0.9810148044289672,1.0,0.0,1.0,1.2559879720446798,0.8054110301768991,1.0,0.9811673238788051,0.9811673238788051,3.1630946806341935,0.008801874241551873,1.9085559336533833,0.0,1.0,7.884464700935108,1.7179770172607907,13.545329149610488,4.427638581325008,5.008400971419835,0.5807623900948276,0.3096517770298241
decoupled_0279,isic2018_lesion_ISIC_0035368,clinical_mask,0.755859375,2.75,0.9810148044289672,1.0,0.0,1.0,1.2559879720446798,0.8054110301768991,1.0,0.9811673238788051,0.9811673238788051,3.1630946806341935,0.008801874241551873,1.9085559336533833,0.0,1.0,3.098625254602477,2.973631471495393,9.214169575456351,6.711535869628757,11.490893766885351,4.779357897256594,0.01711123496965891
decoupled_0280,ph2_lesion_IMD278,clinical_mask,0.755859375,2.75,0.9810148044289672,1.0,0.0,1.0,1.2559879720446798,0.8054110301768991,1.0,0.9811673238788051,0.9811673238788051,3.1630946806341935,0.008801874241551873,1.9085559336533833,0.0,1.0,3.5252671056796387,2.6910071047089823,9.48651882738078,4.507745578394124,8.575862634108018,4.068117055713895,0.3268913308014832
decoupled_0281,midas_lesion_289,clinical_mask,0.755859375,2.75,0.9810148044289672,1.0,0.0,1.0,1.2559879720446798,0.8054110301768991,1.0,0.9811673238788051,0.9811673238788051,3.1630946806341935,0.008801874241551873,1.9085559336533833,0.0,1.0,5.632821931224995,9.827422018266976,55.35611827189762,4.369245147253896,7.385219897746717,3.0159747504928216,0.241433380388545
decoupled_0282,isic2018_lesion_ISIC_0035119,clinical_mask,0.755859375,2.75,0.9810148044289672,1.0,0.0,1.0,1.2559879720446798,0.8054110301768991,1.0,0.9811673238788051,0.9811673238788051,3.1630946806341935,0.008801874241551873,1.9085559336533833,0.0,1.0,4.379189852553487,1.1379142689610828,4.983142619710193,3.4020397283523245,7.308223407121809,3.9061836787694846,0.01964963344751253
decoupled_0283,basal_cell_carcinoma_BCN_0000016844,clinical_mask,0.2169952392578125,2.78125,0.525630021633387,2.4365315915937504,0.9118968473174451,0.6912122095849129,0.35251695750773615,0.5605439495467087,1.44673370367766,0.9482634593695075,0.3891857846789676,5.97055805285277,0.37169938227061444,1.783892277965634,0.35644461962948365,1.0,3.4374573879728065,1.54057628635138,5.2956653372542615,7.556966763534363,12.951741269493795,5.394774505959432,0.23940290796779193
decoupled_0284,isic2018_lesion_ISIC_0035691,clinical_mask,0.755859375,2.75,0.9810148044289672,1.0,0.0,1.0,1.2559879720446798,0.8054110301768991,1.0,0.9811673238788051,0.9811673238788051,3.1630946806341935,0.008801874241551873,1.9085559336533833,0.0,1.0,7.937501701469636,8.327652320686505,66.1007544646967,3.2862335792291826,8.150820572260477,4.864586993031294,0.20986888788598318
decoupled_0285,isic2018_lesion_ISIC_0034898,clinical_mask,0.755859375,2.75,0.9810148044289672,1.0,0.0,1.0,1.2559879720446798,0.8054110301768991,1.0,0.9811673238788051,0.9811673238788051,3.1630946806341935,0.008801874241551873,1.9085559336533833,0.0,1.0,7.2657195205803795,6.74120803959798,48.97972684560044,2.927881094611711,6.5303171729800145,3.6024360783683034,0.25037531523992723
decoupled_0286,isic2018_lesion_ISIC_0034961,clinical_mask,0.755859375,2.75,0.9810148044289672,1.0,0.0,1.0,1.2559879720446798,0.8054110301768991,1.0,0.9811673238788051,0.9811673238788051,3.1630946806341935,0.008801874241551873,1.9085559336533833,0.0,1.0,9.614255558457478,8.43172784862213,81.06478633601601,1.5746339565472114,3.1218326601978488,1.5471987036506374,0.06525431203803655
decoupled_0287,isic2018_lesion_ISIC_0035078,clinical_mask,0.755859375,2.75,0.9810148044289672,1.0,0.0,1.0,1.2559879720446798,0.8054110301768991,1.0,0.9811673238788051,0.9811673238788051,3.1630946806341935,0.008801874241551873,1.9085559336533833,0.0,1.0,8.202301156886834,9.260122067035836,75.95430994336134,0.49908464553294724,2.4160850758738275,1.9170004303408803,0.15464030693667452
decoupled_0288,ph2_lesion_IMD370,clinical_mask,0.755859375,2.75,0.9810148044289672,1.0,0.0,1.0,1.2559879720446798,0.8054110301768991,1.0,0.9811673238788051,0.9811673238788051,3.1630946806341935,0.008801874241551873,1.9085559336533833,0.0,1.0,6.831516589180371,7.503164263678124,51.257991138662426,6.713654749410002,7.346494075523452,0.6328393261134506,0.3389091944229954
decoupled_0289,midas_lesion_626,clinical_mask,0.755859375,2.75,0.9810148044289672,1.0,0.0,1.0,1.2559879720446798,0.8054110301768991,1.0,0.9811673238788051,0.9811673238788051,3.1630946806341935,0.008801874241551873,1.9085559336533833,0.0,1.0,9.020850588588695,11.944370496026078,107.74838161939829,0.8406480041821387,2.503917442402952,1.6632694382208133,0.10824723175269743
decoupled_0290,midas_lesion_619,clinical_mask,0.755859375,2.75,0.9810148044289672,1.0,0.0,1.0,1.2559879720446798,0.8054110301768991,1.0,0.9811673238788051,0.9811673238788051,3.1630946806341935,0.008801874241551873,1.9085559336533833,0.0,1.0,6.585220536855544,2.223809071170192,14.6442731655156,5.805150891010013,10.88005858149177,5.074907690481758,0.2158475212462924
decoupled_0291,isic2018_lesion_ISIC_0035128,clinical_mask,0.755859375,2.75,0.9810148044289672,1.0,0.0,1.0,1.2559879720446798,0.8054110301768991,1.0,0.9811673238788051,0.9811673238788051,3.1630946806341935,0.008801874241551873,1.9085559336533833,0.0,1.0,3.9497372159682955,1.9012672224372997,7.509505905961274,1.2807533720669209,3.9889292123753197,2.7081758403083986,0.21331844323617513
decoupled_0292,midas_lesion_647,clinical_mask,0.755859375,2.75,0.9810148044289672,1.0,0.0,1.0,1.2559879720446798,0.8054110301768991,1.0,0.9811673238788051,0.9811673238788051,3.1630946806341935,0.008801874241551873,1.9085559336533833,0.0,1.0,8.440113943149878,2.545613640692715,21.48526918268311,4.060127131800749,7.703032012150819,3.6429048803500708,0.04662405312031907
decoupled_0293,midas_lesion_178,clinical_mask,0.755859375,2.75,0.9810148044289672,1.0,0.0,1.0,1.2559879720446798,0.8054110301768991,1.0,0.9811673238788051,0.9811673238788051,3.1630946806341935,0.008801874241551873,1.9085559336533833,0.0,1.0,9.083438632121027,2.0168025901761504,18.319502560967795,7.955319557293391,12.585320783719943,4.630001226426552,0.033591214687555174
decoupled_0294,isic2018_lesion_ISIC_0035553,clinical_mask,0.755859375,2.75,0.9810148044289672,1.0,0.0,1.0,1.2559879720446798,0.8054110301768991,1.0,0.9811673238788051,0.9811673238788051,3.1630946806341935,0.008801874241551873,1.9085559336533833,0.0,1.0,5.999351386282511,6.036300808910004,36.21388962595247,2.9214150625384936,8.272021892780815,5.350606830242322,0.16330562571365057
decoupled_0295,isic2018_lesion_ISIC_0035630,clinical_mask,0.755859375,2.75,0.9810148044289672,1.0,0.0,1.0,1.2559879720446798,0.8054110301768991,1.0,0.9811673238788051,0.9811673238788051,3.1630946806341935,0.008801874241551873,1.9085559336533833,0.0,1.0,3.6844947502151,2.02151368300089,7.448256552504772,3.036589879646438,7.922751524470401,4.886161644823963,0.03697740659608544
decoupled_0296,isic2018_lesion_ISIC_0034585,clinical_mask,0.755859375,2.75,0.9810148044289672,1.0,0.0,1.0,1.2559879720446798,0.8054110301768991,1.0,0.9811673238788051,0.9811673238788051,3.1630946806341935,0.008801874241551873,1.9085559336533833,0.0,1.0,4.2731954834185935,4.698319350501703,20.076837028222055,6.61372555371451,10.399510350337543,3.785784796623033,0.32406354378052776
decoupled_0297,isic2018_lesion_ISIC_0034970,clinical_mask,0.755859375,2.75,0.9810148044289672,1.0,0.0,1.0,1.2559879720446798,0.8054110301768991,1.0,0.9811673238788051,0.9811673238788051,3.1630946806341935,0.008801874241551873,1.9085559336533833,0.0,1.0,9.390179492394546,1.9942564867998858,18.726426364923082,7.259532965111733,8.105034191409509,0.8455012262977757,0.2947237429168229
decoupled_0298,ph2_lesion_IMD031,clinical_mask,0.755859375,2.75,0.9810148044289672,1.0,0.0,1.0,1.2559879720446798,0.8054110301768991,1.0,0.9811673238788051,0.9811673238788051,3.1630946806341935,0.008801874241551873,1.9085559336533833,0.0,1.0,7.690585118606657,1.4893466008520366,11.453946804960083,6.55319083231844,11.99550403536124,5.4423132030428,0.30565832005092547
decoupled_0299,ph2_lesion_IMD312,clinical_mask,0.755859375,2.75,0.9810148044289672,1.0,0.0,1.0,1.2559879720446798,0.8054110301768991,1.0,0.9811673238788051,0.9811673238788051,3.1630946806341935,0.008801874241551873,1.9085559336533833,0.0,1.0,3.8167744257172433,10.961517691099848,41.83764039043702,0.643242967384869,3.08586120704948,2.4426182396646112,0.21880583614839264
decoupled_0300,isic2018_lesion_ISIC_0034579,clinical_mask,0.755859375,2.75,0.9810148044289672,1.0,0.0,1.0,1.2559879720446798,0.8054110301768991,1.0,0.9811673238788051,0.9811673238788051,3.1630946806341935,0.008801874241551873,1.9085559336533833,0.0,1.0,4.019860194474967,1.8170693700182907,7.304364831136232,2.2920902680080073,2.835435274202587,0.5433450061945795,0.05316895529192252
decoupled_0301,isic2018_lesion_ISIC_0036062,clinical_mask,0.755859375,2.75,0.9810148044289672,1.0,0.0,1.0,1.2559879720446798,0.8054110301768991,1.0,0.9811673238788051,0.9811673238788051,3.1630946806341935,0.008801874241551873,1.9085559336533833,0.0,1.0,8.958412322936393,1.5045263117395862,13.478167051269951,7.259355813990608,12.504684957807722,5.245329143817115,0.3367570781086711
decoupled_0302,isic2018_lesion_ISIC_0034538,clinical_mask,0.755859375,2.75,0.9810148044289672,1.0,0.0,1.0,1.2559879720446798,0.8054110301768991,1.0,0.9811673238788051,0.9811673238788051,3.1630946806341935,0.008801874241551873,1.9085559336533833,0.0,1.0,4.95319470489653,3.7698655132878205,18.672877898589274,2.7268970467102607,5.267306143772784,2.5404090970625237,0.18688966227849851
decoupled_0303,isic2018_lesion_ISIC_0036062,clinical_mask,0.755859375,2.75,0.9810148044289672,1.0,0.0,1.0,1.2559879720446798,0.8054110301768991,1.0,0.9811673238788051,0.9811673238788051,3.1630946806341935,0.008801874241551873,1.9085559336533833,0.0,1.0,8.564430910277432,1.4294753927920438,12.242643239509153,0.5816341954365369,5.553258758086233,4.971624562649696,0.11025708330587829
decoupled_0304,ph2_lesion_IMD078,clinical_mask,0.755859375,2.75,0.9810148044289672,1.0,0.0,1.0,1.2559879720446798,0.8054110301768991,1.0,0.9811673238788051,0.9811673238788051,3.1630946806341935,0.008801874241551873,1.9085559336533833,0.0,1.0,7.608372126861438,1.7662031473352175,13.437930796560215,7.404859271224136,10.780997123680756,3.37613785245662,0.13213645427769025
decoupled_0305,basal_cell_carcinoma_BCN_0000016844,clinical_mask,0.2169952392578125,2.78125,0.525630021633387,2.4365315915937504,0.9118968473174451,0.6912122095849129,0.35251695750773615,0.5605439495467087,1.44673370367766,0.9482634593695075,0.3891857846789676,5.97055805285277,0.37169938227061444,1.783892277965634,0.35644461962948365,1.0,4.897355462646201,2.285136539603628,11.191125915120264,5.178140561161018,10.327409365052873,5.149268803891855,0.1682734434445814
decoupled_0306,isic2018_lesion_ISIC_0035882,clinical_mask,0.755859375,2.75,0.9810148044289672,1.0,0.0,1.0,1.2559879720446798,0.8054110301768991,1.0,0.9811673238788051,0.9811673238788051,3.1630946806341935,0.008801874241551873,1.9085559336533833,0.0,1.0,5.0898341570343995,1.6734421574993454,8.517543053061507,1.2385409408930395,3.9730073087281883,2.734466367835149,0.06352516558508749
decoupled_0307,isic2018_lesion_ISIC_0035882,clinical_mask,0.755859375,2.75,0.9810148044289672,1.0,0.0,1.0,1.2559879720446798,0.8054110301768991,1.0,0.9811673238788051,0.9811673238788051,3.1630946806341935,0.008801874241551873,1.9085559336533833,0.0,1.0,6.522937014456134,1.767767099663419,11.53103344733228,4.828574844493978,7.715481259248064,2.886906414754087,0.24345069922076465
decoupled_0308,isic2018_lesion_ISIC_0035691,clinical_mask,0.755859375,2.75,0.9810148044289672,1.0,0.0,1.0,1.2559879720446798,0.8054110301768991,1.0,0.9811673238788051,0.9811673238788051,3.1630946806341935,0.008801874241551873,1.9085559336533833,0.0,1.0,4.603218891553213,8.876795215019694,40.86183143022782,7.26038274003662,10.178814923794866,2.918432183758245,0.25394299163811235
decoupled_0309,melanoma_BCN_0000018489,clinical_mask,0.0595855712890625,1.00390625,0.275439114253714,1.3180420505522392,0.6514388593266779,0.8058192323565829,0.7429586708212474,0.5223381487426432,1.2409731113956464,0.3570778055381461,0.27091533641778426,4.1126580779429185,0.2534256500244032,1.6452713136997572,0.4147940074906367,1.0,7.906647337425825,6.483687222603731,51.26422831530163,3.2714297411393685,7.189142103279847,3.917712362140479,0.12143576816116972
decoupled_0310,ph2_lesion_IMD331,clinical_mask,0.755859375,2.75,0.9810148044289672,1.0,0.0,1.0,1.2559879720446798,0.8054110301768991,1.0,0.9811673238788051,0.9811673238788051,3.1630946806341935,0.008801874241551873,1.9085559336533833,0.0,1.0,7.453632071628555,1.340193547386873,9.98930960699244,1.108708609109293,5.450375412123611,4.341666803014318,0.26929976380456977
decoupled_0311,isic2018_lesion_ISIC_0034961,clinical_mask,0.755859375,2.75,0.9810148044289672,1.0,0.0,1.0,1.2559879720446798,0.8054110301768991,1.0,0.9811673238788051,0.9811673238788051,3.1630946806341935,0.008801874241551873,1.9085559336533833,0.0,1.0,9.61993158660595,2.803520955220238,26.969679790834853,1.8790296429678428,2.519994331218475,0.6409646882506321,0.3154268132320737
decoupled_0312,isic2018_lesion_ISIC_0035287,clinical_mask,0.755859375,2.75,0.9810148044289672,1.0,0.0,1.0,1.2559879720446798,0.8054110301768991,1.0,0.9811673238788051,0.9811673238788051,3.1630946806341935,0.008801874241551873,1.9085559336533833,0.0,1.0,3.704017197685713,4.1093794580892355,15.221212184578924,5.564723815899653,6.158285059052672,0.5935612431530197,0.14058295285096856
decoupled_0313,isic2018_lesion_ISIC_0035008,clinical_mask,0.755859375,2.75,0.9810148044289672,1.0,0.0,1.0,1.2559879720446798,0.8054110301768991,1.0,0.9811673238788051,0.9811673238788051,3.1630946806341935,0.008801874241551873,1.9085559336533833,0.0,1.0,4.337909607321343,2.4602472818568497,10.67233032035305,2.71840638636771,4.524156472928378,1.8057500865606677,0.01732235317165652
decoupled_0314,isic2018_lesion_ISIC_0034961,clinical_mask,0.755859375,2.75,0.9810148044289672,1.0,0.0,1.0,1.2559879720446798,0.8054110301768991,1.0,0.9811673238788051,0.9811673238788051,3.1630946806341935,0.008801874241551873,1.9085559336533833,0.0,1.0,4.821754919724009,6.340133671797648,30.570570723698157,7.164453892695947,11.671452656694878,4.506998763998931,0.2726525706312231
decoupled_0315,ph2_lesion_IMD398,clinical_mask,0.755859375,2.75,0.9810148044289672,1.0,0.0,1.0,1.2559879720446798,0.8054110301768991,1.0,0.9811673238788051,0.9811673238788051,3.1630946806341935,0.008801874241551873,1.9085559336533833,0.0,1.0,3.68632879132854,4.511161541721515,16.629624673582068,6.067842738189037,8.67069126976408,2.6028485315750425,0.16418278358830624
decoupled_0316,benign_nevi_BCN_0000002637,clinical_mask,0.15252685546875,1.30859375,0.4406849487070295,1.417669542590093,0.7088263668179722,0.9852158486102898,1.1192999836144735,0.7212121212121212,1.0150060024009604,0.5266806701684116,0.3715115930375157,3.3506702010670235,0.12587200220725414,1.7585747731755839,0.284992784992785,1.0,3.8900502754348385,11.92536047433745,46.39025179785614,1.8921309989868151,2.9382991284651667,1.0461681294783516,0.320031499394959
decoupled_0317,isic2018_lesion_ISIC_0034753,clinical_mask,0.755859375,2.75,0.9810148044289672,1.0,0.0,1.0,1.2559879720446798,0.8054110301768991,1.0,0.9811673238788051,0.9811673238788051,3.1630946806341935,0.008801874241551873,1.9085559336533833,0.0,1.0,8.656998306275668,1.3129858673049388,11.366516429422743,0.27926666963748414,5.161369869985585,4.882103200348101,0.025440563099101664
decoupled_0318,midas_lesion_178,clinical_mask,0.755859375,2.75,0.9810148044289672,1.0,0.0,1.0,1.2559879720446798,0.8054110301768991,1.0,0.9811673238788051,0.9811673238788051,3.1630946806341935,0.008801874241551873,1.9085559336533833,0.0,1.0,7.132640515944317,11.95700476436831,85.28501663167265,0.6395562441498215,4.522659721870722,3.883103477720901,0.16865415668888412
decoupled_0319,midas_lesion_275,clinical_mask,0.755859375,2.75,0.9810148044289672,1.0,0.0,1.0,1.2559879720446798,0.8054110301768991,1.0,0.9811673238788051,0.9811673238788051,3.1630946806341935,0.008801874241551873,1.9085559336533833,0.0,1.0,4.85388013957008,2.4039783850335206,11.66862293906996,6.861398649622989,11.214294083503027,4.352895433880039,0.132660246791056
decoupled_0320,isic2018_lesion_ISIC_0035642,clinical_mask,0.755859375,2.75,0.9810148044289672,1.0,0.0,1.0,1.2559879720446798,0.8054110301768991,1.0,0.9811673238788051,0.9811673238788051,3.1630946806341935,0.008801874241551873,1.9085559336533833,0.0,1.0,6.7428566337192475,3.869385124814715,26.09070915727148,6.644259870850066,8.851490630944609,2.207230760094543,0.09972343975510124
decoupled_0321,isic2018_lesion_ISIC_0034970,clinical_mask,0.755859375,2.75,0.9810148044289672,1.0,0.0,1.0,1.2559879720446798,0.8054110301768991,1.0,0.9811673238788051,0.9811673238788051,3.1630946806341935,0.008801874241551873,1.9085559336533833,0.0,1.0,4.514505370220075,4.123130081324498,18.61389289425538,1.206267757585482,2.9338495425476228,1.7275817849621407,0.26769445224335225
decoupled_0322,isic2018_lesion_ISIC_0035287,clinical_mask,0.755859375,2.75,0.9810148044289672,1.0,0.0,1.0,1.2559879720446798,0.8054110301768991,1.0,0.9811673238788051,0.9811673238788051,3.1630946806341935,0.008801874241551873,1.9085559336533833,0.0,1.0,5.74716869243238,1.9686986700418987,11.314443361298064,1.8646510254592759,5.9808356040062485,4.116184578546973,0.20180249448177254
decoupled_0323,midas_lesion_275,clinical_mask,0.755859375,2.75,0.9810148044289672,1.0,0.0,1.0,1.2559879720446798,0.8054110301768991,1.0,0.9811673238788051,0.9811673238788051,3.1630946806341935,0.008801874241551873,1.9085559336533833,0.0,1.0,9.980204806273603,3.024018470106548,30.180323669617515,0.42623768993981626,1.5929266209167516,1.1666889309769353,0.22696520114118734
decoupled_0324,isic2018_lesion_ISIC_0036062,clinical_mask,0.755859375,2.75,0.9810148044289672,1.0,0.0,1.0,1.2559879720446798,0.8054110301768991,1.0,0.9811673238788051,0.9811673238788051,3.1630946806341935,0.008801874241551873,1.9085559336533833,0.0,1.0,9.7759771589533,1.4964835026652268,14.629588540805686,2.904967576924039,5.789888238578742,2.884920661654703,0.20771744644506068
decoupled_0325,ph2_lesion_IMD430,clinical_mask,0.755859375,2.75,0.9810148044289672,1.0,0.0,1.0,1.2559879720446798,0.8054110301768991,1.0,0.9811673238788051,0.9811673238788051,3.1630946806341935,0.008801874241551873,1.9085559336533833,0.0,1.0,3.9274393820868956,1.6083925474903884,6.316864232868819,2.36351631996802,3.342882366807728,0.9793660468397083,0.0238581834488496
decoupled_0326,ph2_lesion_IMD312,clinical_mask,0.755859375,2.75,0.9810148044289672,1.0,0.0,1.0,1.2559879720446798,0.8054110301768991,1.0,0.9811673238788051,0.9811673238788051,3.1630946806341935,0.008801874241551873,1.9085559336533833,0.0,1.0,5.632900857722964,5.31705201380497,29.95042684911963,7.648522875230342,10.243559102361058,2.5950362271307155,0.002071280244072604
decoupled_0327,isic2018_lesion_ISIC_0036062,clinical_mask,0.755859375,2.75,0.9810148044289672,1.0,0.0,1.0,1.2559879720446798,0.8054110301768991,1.0,0.9811673238788051,0.9811673238788051,3.1630946806341935,0.008801874241551873,1.9085559336533833,0.0,1.0,7.375210533496374,3.2451302578960273,23.933518860602586,7.321912173286002,10.708016013725505,3.386103840439503,0.08834553944753225
decoupled_0328,isic2018_lesion_ISIC_0035008,clinical_mask,0.755859375,2.75,0.9810148044289672,1.0,0.0,1.0,1.2559879720446798,0.8054110301768991,1.0,0.9811673238788051,0.9811673238788051,3.1630946806341935,0.008801874241551873,1.9085559336533833,0.0,1.0,7.552562380544658,1.6410274994685285,12.393962557925278,5.23579048490085,10.127499733451028,4.891709248550178,0.14821462642571712
decoupled_0329,midas_lesion_486,clinical_mask,0.755859375,2.75,0.9810148044289672,1.0,0.0,1.0,1.2559879720446798,0.8054110301768991,1.0,0.9811673238788051,0.9811673238788051,3.1630946806341935,0.008801874241551873,1.9085559336533833,0.0,1.0,5.08797112642271,7.182983915781725,36.546814765056155,3.404148072342694,4.081416315000027,0.6772682426573331,0.30643956567318753
decoupled_0330,isic2018_lesion_ISIC_0034585,clinical_mask,0.755859375,2.75,0.9810148044289672,1.0,0.0,1.0,1.2559879720446798,0.8054110301768991,1.0,0.9811673238788051,0.9811673238788051,3.1630946806341935,0.008801874241551873,1.9085559336533833,0.0,1.0,6.221127073134192,3.7773008706493933,23.499068709770295,7.298836802994802,8.04694044083993,0.7481036378451273,0.18778843458107666
decoupled_0331,isic2018_lesion_ISIC_0034733,clinical_mask,0.755859375,2.75,0.9810148044289672,1.0,0.0,1.0,1.2559879720446798,0.8054110301768991,1.0,0.9811673238788051,0.9811673238788051,3.1630946806341935,0.008801874241551873,1.9085559336533833,0.0,1.0,7.160089717199739,1.6592703720800086,11.880524729184254,6.464052276196137,9.128649278329874,2.6645970021337373,0.23752169475622384
decoupled_0332,isic2018_lesion_ISIC_0036062,clinical_mask,0.755859375,2.75,0.9810148044289672,1.0,0.0,1.0,1.2559879720446798,0.8054110301768991,1.0,0.9811673238788051,0.9811673238788051,3.1630946806341935,0.008801874241551873,1.9085559336533833,0.0,1.0,7.3879599225974895,1.3437759117179635,9.927762580724217,3.989825626045066,6.862432457579118,2.8726068315340516,0.08822574426843027
decoupled_0333,isic2018_lesion_ISIC_0035368,clinical_mask,0.755859375,2.75,0.9810148044289672,1.0,0.0,1.0,1.2559879720446798,0.8054110301768991,1.0,0.9811673238788051,0.9811673238788051,3.1630946806341935,0.008801874241551873,1.9085559336533833,0.0,1.0,5.166542942544442,6.621689105510843,34.21124111580046,3.0654353059316373,6.168759368584454,3.103324062652817,0.3047965175900806
decoupled_0334,isic2018_lesion_ISIC_0034898,clinical_mask,0.755859375,2.75,0.9810148044289672,1.0,0.0,1.0,1.2559879720446798,0.8054110301768991,1.0,0.9811673238788051,0.9811673238788051,3.1630946806341935,0.008801874241551873,1.9085559336533833,0.0,1.0,7.035302158421613,11.379676191166139,80.05946046985018,6.5300500857447314,7.965001615817446,1.4349515300727145,0.10028344445634693
decoupled_0335,midas_lesion_442,clinical_mask,0.755859375,2.75,0.9810148044289672,1.0,0.0,1.0,1.2559879720446798,0.8054110301768991,1.0,0.9811673238788051,0.9811673238788051,3.1630946806341935,0.008801874241551873,1.9085559336533833,0.0,1.0,4.631183831775799,1.6171285792516763,7.489219730132933,0.24496785716218594,2.093202245115438,1.848234387953252,0.15072681235649288
decoupled_0336,midas_lesion_76,clinical_mask,0.755859375,2.75,0.9810148044289672,1.0,0.0,1.0,1.2559879720446798,0.8054110301768991,1.0,0.9811673238788051,0.9811673238788051,3.1630946806341935,0.008801874241551873,1.9085559336533833,0.0,1.0,6.677760283302544,2.5537952143413145,17.053632254016538,5.536186040954416,8.978594212260969,3.4424081713065533,0.052324570304444706
decoupled_0337,isic2018_lesion_ISIC_0035330,clinical_mask,0.755859375,2.75,0.9810148044289672,1.0,0.0,1.0,1.2559879720446798,0.8054110301768991,1.0,0.9811673238788051,0.9811673238788051,3.1630946806341935,0.008801874241551873,1.9085559336533833,0.0,1.0,5.457276957701145,6.268146660472989,34.20701233769063,5.506503552800463,7.132308517402118,1.625804964601655,0.12231409546768772
decoupled_0338,isic2018_lesion_ISIC_0035376,clinical_mask,0.755859375,2.75,0.9810148044289672,1.0,0.0,1.0,1.2559879720446798,0.8054110301768991,1.0,0.9811673238788051,0.9811673238788051,3.1630946806341935,0.008801874241551873,1.9085559336533833,0.0,1.0,8.190288006092548,5.10394943566152,41.802815846601376,2.5944337965165,3.6132747900424023,1.0188409935259024,0.15690859017345454
decoupled_0339,isic2018_lesion_ISIC_0035317,clinical_mask,0.755859375,2.75,0.9810148044289672,1.0,0.0,1.0,1.2559879720446798,0.8054110301768991,1.0,0.9811673238788051,0.9811673238788051,3.1630946806341935,0.008801874241551873,1.9085559336533833,0.0,1.0,4.482512258942517,2.0091190586376304,9.005900810018227,2.108128625516734,7.3650503401730685,5.256921714656334,0.27235611456383446
decoupled_0340,isic2018_lesion_ISIC_0035842,clinical_mask,0.755859375,2.75,0.9810148044289672,1.0,0.0,1.0,1.2559879720446798,0.8054110301768991,1.0,0.9811673238788051,0.9811673238788051,3.1630946806341935,0.008801874241551873,1.9085559336533833,0.0,1.0,5.602636348625387,2.8797215680540464,16.134032731100096,1.3007755153111287,6.204004235059916,4.903228719748787,0.31026446975117056
decoupled_0341,midas_lesion_564,clinical_mask,0.755859375,2.75,0.9810148044289672,1.0,0.0,1.0,1.2559879720446798,0.8054110301768991,1.0,0.9811673238788051,0.9811673238788051,3.1630946806341935,0.008801874241551873,1.9085559336533833,0.0,1.0,5.210709909547709,2.3454208803381444,12.22130782323808,5.25543826270874,9.729089773263023,4.473651510554284,0.021091920709279587
decoupled_0342,ph2_lesion_IMD433,clinical_mask,0.755859375,2.75,0.9810148044289672,1.0,0.0,1.0,1.2559879720446798,0.8054110301768991,1.0,0.9811673238788051,0.9811673238788051,3.1630946806341935,0.008801874241551873,1.9085559336533833,0.0,1.0,6.57853324397681,2.0778216825673197,13.669019013824942,1.866485159284966,7.338434960012801,5.471949800727835,0.23181677619188462
decoupled_0343,ph2_lesion_IMD433,clinical_mask,0.755859375,2.75,0.9810148044289672,1.0,0.0,1.0,1.2559879720446798,0.8054110301768991,1.0,0.9811673238788051,0.9811673238788051,3.1630946806341935,0.008801874241551873,1.9085559336533833,0.0,1.0,7.625625833690093,8.164184538218448,62.25701652565182,1.1111126455112614,5.164453652303021,4.05334100679176,0.1658342937530906
decoupled_0344,ph2_lesion_IMD278,clinical_mask,0.755859375,2.75,0.9810148044289672,1.0,0.0,1.0,1.2559879720446798,0.8054110301768991,1.0,0.9811673238788051,0.9811673238788051,3.1630946806341935,0.008801874241551873,1.9085559336533833,0.0,1.0,9.697312508313692,1.2605195837971082,12.223652326930065,6.305628982155718,6.878988441727119,0.5733594595714013,0.11368751962024591
decoupled_0345,isic2018_lesion_ISIC_0035630,clinical_mask,0.755859375,2.75,0.9810148044289672,1.0,0.0,1.0,1.2559879720446798,0.8054110301768991,1.0,0.9811673238788051,0.9811673238788051,3.1630946806341935,0.008801874241551873,1.9085559336533833,0.0,1.0,3.683065599085894,3.454853740761216,12.72445296247085,5.619972666088785,7.942434253460576,2.322461587371791,0.13444877923558046
decoupled_0346,midas_lesion_300,clinical_mask,0.755859375,2.75,0.9810148044289672,1.0,0.0,1.0,1.2559879720446798,0.8054110301768991,1.0,0.9811673238788051,0.9811673238788051,3.1630946806341935,0.008801874241551873,1.9085559336533833,0.0,1.0,4.185789103253804,3.660386023083325,15.32160392912471,4.700956744800985,6.7510851880150105,2.0501284432140254,0.3010332038369229
decoupled_0347,isic2018_lesion_ISIC_0035630,clinical_mask,0.755859375,2.75,0.9810148044289672,1.0,0.0,1.0,1.2559879720446798,0.8054110301768991,1.0,0.9811673238788051,0.9811673238788051,3.1630946806341935,0.008801874241551873,1.9085559336533833,0.0,1.0,8.812078975083736,5.603981070878112,49.382723771452255,5.625604028683579,7.407240195961875,1.7816361672782959,0.18368379056190437
decoupled_0348,isic2018_lesion_ISIC_0035915,clinical_mask,0.755859375,2.75,0.9810148044289672,1.0,0.0,1.0,1.2559879720446798,0.8054110301768991,1.0,0.9811673238788051,0.9811673238788051,3.1630946806341935,0.008801874241551873,1.9085559336533833,0.0,1.0,4.911581294906256,2.672461673637829,13.126012767593426,6.920604993247171,8.988164181118382,2.067559187871211,0.18547107047488773
decoupled_0349,isic2018_lesion_ISIC_0035330,clinical_mask,0.755859375,2.75,0.9810148044289672,1.0,0.0,1.0,1.2559879720446798,0.8054110301768991,1.0,0.9811673238788051,0.9811673238788051,3.1630946806341935,0.008801874241551873,1.9085559336533833,0.0,1.0,9.887337341407584,3.7241256956892403,36.82168705508372,3.152994647513275,3.764790027523163,0.6117953800098879,0.0464499831008712
decoupled_0350,isic2018_lesion_ISIC_0034898,clinical_mask,0.755859375,2.75,0.9810148044289672,1.0,0.0,1.0,1.2559879720446798,0.8054110301768991,1.0,0.9811673238788051,0.9811673238788051,3.1630946806341935,0.008801874241551873,1.9085559336533833,0.0,1.0,7.841716938520109,1.1634049081109192,9.123091974290826,4.9483440250266915,9.807100324654524,4.858756299627832,0.0873018365662438
decoupled_0351,isic2018_lesion_ISIC_0035008,clinical_mask,0.755859375,2.75,0.9810148044289672,1.0,0.0,1.0,1.2559879720446798,0.8054110301768991,1.0,0.9811673238788051,0.9811673238788051,3.1630946806341935,0.008801874241551873,1.9085559336533833,0.0,1.0,4.851120395835368,6.481800340067738,31.44399383143523,5.340091695010759,9.861367453105514,4.521275758094754,0.11952722795928952
decoupled_0352,squamous_cell_carcinoma_BCN_0000004833,clinical_mask,0.164306640625,2.015625,0.45738573688555156,1.8852126082925396,0.8477198850396415,0.7619317176720326,0.5082126929549741,0.4817897091722595,1.3124535661218424,0.702400355573212,0.37258415973007136,4.972584571971463,0.32249627842615697,1.80638791826563,0.43843400447427294,1.0,3.0859361791769193,2.1416056814855473,6.608858454027092,4.353507257220003,7.844120176826557,3.490612919606554,0.022621344753443927
decoupled_0353,midas_lesion_486,clinical_mask,0.755859375,2.75,0.9810148044289672,1.0,0.0,1.0,1.2559879720446798,0.8054110301768991,1.0,0.9811673238788051,0.9811673238788051,3.1630946806341935,0.008801874241551873,1.9085559336533833,0.0,1.0,6.161840766672362,1.4000874494818398,8.627115923123531,3.297238802752877,6.8783381918585675,3.5810993891056904,0.1420172512414681
decoupled_0354,midas_lesion_76,clinical_mask,0.755859375,2.75,0.9810148044289672,1.0,0.0,1.0,1.2559879720446798,0.8054110301768991,1.0,0.9811673238788051,0.9811673238788051,3.1630946806341935,0.008801874241551873,1.9085559336533833,0.0,1.0,4.458130784644713,5.137772240868719,22.904860591509888,4.930470559856444,7.247905114504048,2.3174345546476047,0.2325768934651302
decoupled_0355,isic2018_lesion_ISIC_0034538,clinical_mask,0.755859375,2.75,0.9810148044289672,1.0,0.0,1.0,1.2559879720446798,0.8054110301768991,1.0,0.9811673238788051,0.9811673238788051,3.1630946806341935,0.008801874241551873,1.9085559336533833,0.0,1.0,5.37025656411778,1.303862017471524,7.002073558030304,6.849330196825509,7.484020635566363,0.6346904387408543,0.007752439387156012
decoupled_0356,isic2018_lesion_ISIC_0035210,clinical_mask,0.755859375,2.75,0.9810148044289672,1.0,0.0,1.0,1.2559879720446798,0.8054110301768991,1.0,0.9811673238788051,0.9811673238788051,3.1630946806341935,0.008801874241551873,1.9085559336533833,0.0,1.0,5.405439687023258,8.260340755752193,44.650773749478596,3.6505724173681724,5.624103376387327,1.973530959019155,0.07037270367386962
decoupled_0357,basal_cell_carcinoma_BCN_0000016844,clinical_mask,0.2169952392578125,2.78125,0.525630021633387,2.4365315915937504,0.9118968473174451,0.6912122095849129,0.35251695750773615,0.5605439495467087,1.44673370367766,0.9482634593695075,0.3891857846789676,5.97055805285277,0.37169938227061444,1.783892277965634,0.35644461962948365,1.0,5.453243622148716,2.388998897244558,13.027792999719203,5.101437658923675,7.808053605492579,2.7066159465689035,0.18705962850695998
decoupled_0358,isic2018_lesion_ISIC_0035421,clinical_mask,0.755859375,2.75,0.9810148044289672,1.0,0.0,1.0,1.2559879720446798,0.8054110301768991,1.0,0.9811673238788051,0.9811673238788051,3.1630946806341935,0.008801874241551873,1.9085559336533833,0.0,1.0,8.368426323788803,4.131168702243387,34.57138091586599,0.2619155800309533,5.107312968318508,4.845397388287555,0.218614819616649
decoupled_0359,ph2_lesion_IMD278,clinical_mask,0.755859375,2.75,0.9810148044289672,1.0,0.0,1.0,1.2559879720446798,0.8054110301768991,1.0,0.9811673238788051,0.9811673238788051,3.1630946806341935,0.008801874241551873,1.9085559336533833,0.0,1.0,6.559373575442818,3.425101781286209,22.466522117370882,1.15307104210327,3.1757933386042376,2.0227222965009677,0.06411234731882919
decoupled_0360,midas_lesion_289,clinical_mask,0.755859375,2.75,0.9810148044289672,1.0,0.0,1.0,1.2559879720446798,0.8054110301768991,1.0,0.9811673238788051,0.9811673238788051,3.1630946806341935,0.008801874241551873,1.9085559336533833,0.0,1.0,8.570858934284566,4.362994173598503,37.394607593018236,0.9596094652866107,5.95858754534024,4.99897808005363,0.19810658049351473
decoupled_0361,isic2018_lesion_ISIC_0035128,clinical_mask,0.755859375,2.75,0.9810148044289672,1.0,0.0,1.0,1.2559879720446798,0.8054110301768991,1.0,0.9811673238788051,0.9811673238788051,3.1630946806341935,0.008801874241551873,1.9085559336533833,0.0,1.0,7.26769941650426,1.2240988720645956,8.896382658247385,7.208591273808822,10.497567059097989,3.288975785289167,0.2731051788837583
decoupled_0362,isic2018_lesion_ISIC_0035368,clinical_mask,0.755859375,2.75,0.9810148044289672,1.0,0.0,1.0,1.2559879720446798,0.8054110301768991,1.0,0.9811673238788051,0.9811673238788051,3.1630946806341935,0.008801874241551873,1.9085559336533833,0.0,1.0,7.014202985404819,1.3249242122803542,9.293287365211988,0.5946195779202674,1.934196151051259,1.3395765731309917,0.047222832900358135
decoupled_0363,isic2018_lesion_ISIC_0034898,clinical_mask,0.755859375,2.75,0.9810148044289672,1.0,0.0,1.0,1.2559879720446798,0.8054110301768991,1.0,0.9811673238788051,0.9811673238788051,3.1630946806341935,0.008801874241551873,1.9085559336533833,0.0,1.0,7.043213405261352,1.5081669359588954,10.622341580717631,2.120803973016425,6.520185985130321,4.399382012113896,0.1713498198256576
decoupled_0364,isic2018_lesion_ISIC_0035626,clinical_mask,0.755859375,2.75,0.9810148044289672,1.0,0.0,1.0,1.2559879720446798,0.8054110301768991,1.0,0.9811673238788051,0.9811673238788051,3.1630946806341935,0.008801874241551873,1.9085559336533833,0.0,1.0,9.890279142974306,4.654264646356312,46.031976557740514,1.8230824611185372,5.032973153661888,3.2098906925433504,0.15708842537436854
decoupled_0365,midas_lesion_442,clinical_mask,0.755859375,2.75,0.9810148044289672,1.0,0.0,1.0,1.2559879720446798,0.8054110301768991,1.0,0.9811673238788051,0.9811673238788051,3.1630946806341935,0.008801874241551873,1.9085559336533833,0.0,1.0,7.668949315632343,5.6936246027665645,43.664118500854116,7.038882738712828,10.457654486488831,3.4187717477760033,0.18353871994828413
decoupled_0366,isic2018_lesion_ISIC_0035421,clinical_mask,0.755859375,2.75,0.9810148044289672,1.0,0.0,1.0,1.2559879720446798,0.8054110301768991,1.0,0.9811673238788051,0.9811673238788051,3.1630946806341935,0.008801874241551873,1.9085559336533833,0.0,1.0,5.619383762276565,9.451446638468639,53.1113057702341,1.2950889609426715,1.9972400707859996,0.7021511098433282,0.17936996317995774
decoupled_0367,isic2018_lesion_ISIC_0035626,clinical_mask,0.755859375,2.75,0.9810148044289672,1.0,0.0,1.0,1.2559879720446798,0.8054110301768991,1.0,0.9811673238788051,0.9811673238788051,3.1630946806341935,0.008801874241551873,1.9085559336533833,0.0,1.0,8.102790798016532,8.050720988868614,65.23330794600315,0.8420028223038896,5.049408301487998,4.207405479184108,0.12043360521771782
decoupled_0368,isic2018_lesion_ISIC_0034898,clinical_mask,0.755859375,2.75,0.9810148044289672,1.0,0.0,1.0,1.2559879720446798,0.8054110301768991,1.0,0.9811673238788051,0.9811673238788051,3.1630946806341935,0.008801874241551873,1.9085559336533833,0.0,1.0,3.419804342838251,1.2140379429660113,4.151772229725583,4.941143498390998,7.583348972479667,2.6422054740886693,0.2585741636257918
decoupled_0369,isic2018_lesion_ISIC_0034748,clinical_mask,0.755859375,2.75,0.9810148044289672,1.0,0.0,1.0,1.2559879720446798,0.8054110301768991,1.0,0.9811673238788051,0.9811673238788051,3.1630946806341935,0.008801874241551873,1.9085559336533833,0.0,1.0,4.012771161502222,3.618180654143428,14.518930986051993,3.637806702455593,6.185985242293685,2.548178539838092,0.09529116564084139
decoupled_0370,ph2_lesion_IMD078,clinical_mask,0.755859375,2.75,0.9810148044289672,1.0,0.0,1.0,1.2559879720446798,0.8054110301768991,1.0,0.9811673238788051,0.9811673238788051,3.1630946806341935,0.008801874241551873,1.9085559336533833,0.0,1.0,8.146092131874088,3.242489340679198,26.413616905792416,1.5614930042646846,3.1498640318387285,1.588371027574044,0.18370279711200138
decoupled_0371,isic2018_lesion_ISIC_0034748,clinical_mask,0.755859375,2.75,0.9810148044289672,1.0,0.0,1.0,1.2559879720446798,0.8054110301768991,1.0,0.9811673238788051,0.9811673238788051,3.1630946806341935,0.008801874241551873,1.9085559336533833,0.0,1.0,5.750499538422605,3.00777302544381,17.29619739449459,3.060704316231317,5.884087401406838,2.8233830851755206,0.2425595853143597
decoupled_0372,isic2018_lesion_ISIC_0034579,clinical_mask,0.755859375,2.75,0.9810148044289672,1.0,0.0,1.0,1.2559879720446798,0.8054110301768991,1.0,0.9811673238788051,0.9811673238788051,3.1630946806341935,0.008801874241551873,1.9085559336533833,0.0,1.0,5.5257506956560825,3.5788168110679215,19.77564948338425,6.397280534606112,10.255260005918974,3.857979471312862,0.0959332050783161
decoupled_0373,midas_lesion_138,clinical_mask,0.755859375,2.75,0.9810148044289672,1.0,0.0,1.0,1.2559879720446798,0.8054110301768991,1.0,0.9811673238788051,0.9811673238788051,3.1630946806341935,0.008801874241551873,1.9085559336533833,0.0,1.0,9.070258980009932,2.1581135351966942,19.574648672498796,4.188888172255656,9.676966264942333,5.488078092686677,0.2493455101961113
decoupled_0374,isic2018_lesion_ISIC_0034898,clinical_mask,0.755859375,2.75,0.9810148044289672,1.0,0.0,1.0,1.2559879720446798,0.8054110301768991,1.0,0.9811673238788051,0.9811673238788051,3.1630946806341935,0.008801874241551873,1.9085559336533833,0.0,1.0,7.404698263957595,1.7728669582345185,13.127544887866922,1.652547800640899,4.219830360483199,2.5672825598423,0.17853266976448962
decoupled_0375,isic2018_lesion_ISIC_0035421,clinical_mask,0.755859375,2.75,0.9810148044289672,1.0,0.0,1.0,1.2559879720446798,0.8054110301768991,1.0,0.9811673238788051,0.9811673238788051,3.1630946806341935,0.008801874241551873,1.9085559336533833,0.0,1.0,4.439631988666511,1.5582192965063573,6.917920234127051,1.7630441612293932,4.677594333209617,2.914550171980224,0.2040354656877774
decoupled_0376,midas_lesion_289,clinical_mask,0.755859375,2.75,0.9810148044289672,1.0,0.0,1.0,1.2559879720446798,0.8054110301768991,1.0,0.9811673238788051,0.9811673238788051,3.1630946806341935,0.008801874241551873,1.9085559336533833,0.0,1.0,9.070569639591344,3.9737687538043933,36.04434621301486,4.169733872185214,9.059814838203042,4.890080966017829,0.10465088231271773
decoupled_0377,isic2018_lesion_ISIC_0034733,clinical_mask,0.755859375,2.75,0.9810148044289672,1.0,0.0,1.0,1.2559879720446798,0.8054110301768991,1.0,0.9811673238788051,0.9811673238788051,3.1630946806341935,0.008801874241551873,1.9085559336533833,0.0,1.0,8.789240728171169,2.3106685211845175,20.309021875698008,5.747603575752847,8.155079328462053,2.407475752709206,0.0656404581609907
decoupled_0378,midas_lesion_275,clinical_mask,0.755859375,2.75,0.9810148044289672,1.0,0.0,1.0,1.2559879720446798,0.8054110301768991,1.0,0.9811673238788051,0.9811673238788051,3.1630946806341935,0.008801874241551873,1.9085559336533833,0.0,1.0,5.934612031234096,2.353821321657183,13.96901633488206,4.255508238699568,6.096039475127224,1.8405312364276556,0.14833026242662917
decoupled_0379,midas_lesion_259,clinical_mask,0.755859375,2.75,0.9810148044289672,1.0,0.0,1.0,1.2559879720446798,0.8054110301768991,1.0,0.9811673238788051,0.9811673238788051,3.1630946806341935,0.008801874241551873,1.9085559336533833,0.0,1.0,4.7817199007953555,8.253814257992627,39.46742789491179,4.472464874615819,6.324926796251514,1.8524619216356948,0.09870563956886902
decoupled_0380,isic2018_lesion_ISIC_0035330,clinical_mask,0.755859375,2.75,0.9810148044289672,1.0,0.0,1.0,1.2559879720446798,0.8054110301768991,1.0,0.9811673238788051,0.9811673238788051,3.1630946806341935,0.008801874241551873,1.9085559336533833,0.0,1.0,5.8178333812272625,1.1317237439604975,6.584180175940878,4.855551540029412,6.24723063558999,1.391679095560578,0.1676556380064627
decoupled_0381,midas_lesion_234,clinical_mask,0.755859375,2.75,0.9810148044289672,1.0,0.0,1.0,1.2559879720446798,0.8054110301768991,1.0,0.9811673238788051,0.9811673238788051,3.1630946806341935,0.008801874241551873,1.9085559336533833,0.0,1.0,4.586319585516604,6.337504321668879,29.065820193766097,6.201081716415689,8.632342677650632,2.431260961234943,0.13129161199992653
decoupled_0382,isic2018_lesion_ISIC_0034579,clinical_mask,0.755859375,2.75,0.9810148044289672,1.0,0.0,1.0,1.2559879720446798,0.8054110301768991,1.0,0.9811673238788051,0.9811673238788051,3.1630946806341935,0.008801874241551873,1.9085559336533833,0.0,1.0,3.5506888481692407,3.5987944361565694,12.77819927131464,1.4706169721773903,2.1006465444626348,0.6300295722852445,0.02609620322864076
decoupled_0383,isic2018_lesion_ISIC_0034982,clinical_mask,0.755859375,2.75,0.9810148044289672,1.0,0.0,1.0,1.2559879720446798,0.8054110301768991,1.0,0.9811673238788051,0.9811673238788051,3.1630946806341935,0.008801874241551873,1.9085559336533833,0.0,1.0,8.155879547159957,7.260771271630604,59.21797591089864,2.097381421743738,5.0255140374324245,2.9281326156886864,0.017825938087879117
decoupled_0384,isic2018_lesion_ISIC_0035317,clinical_mask,0.755859375,2.75,0.9810148044289672,1.0,0.0,1.0,1.2559879720446798,0.8054110301768991,1.0,0.9811673238788051,0.9811673238788051,3.1630946806341935,0.008801874241551873,1.9085559336533833,0.0,1.0,9.810097115803076,1.3951937384237538,13.68698606929738,1.5853047815973418,3.521106907544523,1.9358021259471814,0.2877051139259564
decoupled_0385,isic2018_lesion_ISIC_0035626,clinical_mask,0.755859375,2.75,0.9810148044289672,1.0,0.0,1.0,1.2559879720446798,0.8054110301768991,1.0,0.9811673238788051,0.9811673238788051,3.1630946806341935,0.008801874241551873,1.9085559336533833,0.0,1.0,5.50906201312779,3.7057953129001566,20.415456186725265,4.867066999345319,6.421647683861621,1.554580684516302,0.2157201161453361
decoupled_0386,isic2018_lesion_ISIC_0035001,clinical_mask,0.755859375,2.75,0.9810148044289672,1.0,0.0,1.0,1.2559879720446798,0.8054110301768991,1.0,0.9811673238788051,0.9811673238788051,3.1630946806341935,0.008801874241551873,1.9085559336533833,0.0,1.0,9.664060649343803,5.344169396329769,51.64637716649795,2.4120150585511695,5.831970701054384,3.419955642503215,0.22188267931452815
decoupled_0387,midas_lesion_178,clinical_mask,0.755859375,2.75,0.9810148044289672,1.0,0.0,1.0,1.2559879720446798,0.8054110301768991,1.0,0.9811673238788051,0.9811673238788051,3.1630946806341935,0.008801874241551873,1.9085559336533833,0.0,1.0,7.404215655273607,3.5291777678022216,26.13079327860477,2.8843457235645955,5.140050709673419,2.2557049861088236,0.14660052944355573
decoupled_0388,midas_lesion_300,clinical_mask,0.755859375,2.75,0.9810148044289672,1.0,0.0,1.0,1.2559879720446798,0.8054110301768991,1.0,0.9811673238788051,0.9811673238788051,3.1630946806341935,0.008801874241551873,1.9085559336533833,0.0,1.0,5.228732667277569,1.2734516834438028,6.658538417422226,7.226772339252508,12.61623746199824,5.389465122745732,0.23671674657944808
decoupled_0389,isic2018_lesion_ISIC_0035149,clinical_mask,0.755859375,2.75,0.9810148044289672,1.0,0.0,1.0,1.2559879720446798,0.8054110301768991,1.0,0.9811673238788051,0.9811673238788051,3.1630946806341935,0.008801874241551873,1.9085559336533833,0.0,1.0,8.303440774740189,1.3458086446342334,11.174842374853723,6.414290994007156,11.79702088980733,5.382729895800174,0.08649270603388681
decoupled_0390,midas_lesion_69,clinical_mask,0.755859375,2.75,0.9810148044289672,1.0,0.0,1.0,1.2559879720446798,0.8054110301768991,1.0,0.9811673238788051,0.9811673238788051,3.1630946806341935,0.008801874241551873,1.9085559336533833,0.0,1.0,6.111224344486415,1.6357207149971549,9.996256254271339,0.2741286672985386,1.5431749726271864,1.2690463053286478,0.33607097758104076
decoupled_0391,ph2_lesion_IMD331,clinical_mask,0.755859375,2.75,0.9810148044289672,1.0,0.0,1.0,1.2559879720446798,0.8054110301768991,1.0,0.9811673238788051,0.9811673238788051,3.1630946806341935,0.008801874241551873,1.9085559336533833,0.0,1.0,9.829136638956836,4.722093596743334,46.41410318433337,1.1715031895364674,4.77725141915103,3.6057482296145626,0.30056171833872636
decoupled_0392,benign_nevi_BCN_0000002637,clinical_mask,0.15252685546875,1.30859375,0.4406849487070295,1.417669542590093,0.7088263668179722,0.9852158486102898,1.1192999836144735,0.7212121212121212,1.0150060024009604,0.5266806701684116,0.3715115930375157,3.3506702010670235,0.12587200220725414,1.7585747731755839,0.284992784992785,1.0,7.396271094213195,4.302210626400615,31.82031609726371,0.7353174499400279,3.7940034455016205,3.058685995561593,0.3409731920922905
decoupled_0393,isic2018_lesion_ISIC_0035372,clinical_mask,0.755859375,2.75,0.9810148044289672,1.0,0.0,1.0,1.2559879720446798,0.8054110301768991,1.0,0.9811673238788051,0.9811673238788051,3.1630946806341935,0.008801874241551873,1.9085559336533833,0.0,1.0,6.490666590064233,2.8330722914458244,18.388527669324134,6.359560510446799,9.98836291154919,3.6288024011023916,0.3347437043286639
decoupled_0394,isic2018_lesion_ISIC_0034970,clinical_mask,0.755859375,2.75,0.9810148044289672,1.0,0.0,1.0,1.2559879720446798,0.8054110301768991,1.0,0.9811673238788051,0.9811673238788051,3.1630946806341935,0.008801874241551873,1.9085559336533833,0.0,1.0,4.49798212322481,11.168159217216544,50.23418050836841,0.5168127729071761,4.608823582476477,4.092010809569301,0.3438534744223773
decoupled_0395,isic2018_lesion_ISIC_0035882,clinical_mask,0.755859375,2.75,0.9810148044289672,1.0,0.0,1.0,1.2559879720446798,0.8054110301768991,1.0,0.9811673238788051,0.9811673238788051,3.1630946806341935,0.008801874241551873,1.9085559336533833,0.0,1.0,6.490388432156011,3.743780252522924,24.298588043508897,4.907124897528597,7.920252944451417,3.0131280469228203,0.22234366044182308
decoupled_0396,midas_lesion_357,clinical_mask,0.755859375,2.75,0.9810148044289672,1.0,0.0,1.0,1.2559879720446798,0.8054110301768991,1.0,0.9811673238788051,0.9811673238788051,3.1630946806341935,0.008801874241551873,1.9085559336533833,0.0,1.0,3.445449241752607,2.957334514341122,10.189345960045433,7.048292146857786,8.752202591038301,1.703910444180515,0.20535004341293578
decoupled_0397,isic2018_lesion_ISIC_0034982,clinical_mask,0.755859375,2.75,0.9810148044289672,1.0,0.0,1.0,1.2559879720446798,0.8054110301768991,1.0,0.9811673238788051,0.9811673238788051,3.1630946806341935,0.008801874241551873,1.9085559336533833,0.0,1.0,5.101912148625134,3.2549250006574266,16.606341403717796,1.8024810769296284,5.4069868377705745,3.6045057608409463,0.2133096926855591
decoupled_0398,isic2018_lesion_ISIC_0035210,clinical_mask,0.755859375,2.75,0.9810148044289672,1.0,0.0,1.0,1.2559879720446798,0.8054110301768991,1.0,0.9811673238788051,0.9811673238788051,3.1630946806341935,0.008801874241551873,1.9085559336533833,0.0,1.0,5.5986972434384565,1.2071228531040634,6.758315390165285,5.955153673446923,10.995902498448878,5.0407488250019545,0.21741053173232291
decoupled_0399,midas_lesion_277,clinical_mask,0.755859375,2.75,0.9810148044289672,1.0,0.0,1.0,1.2559879720446798,0.8054110301768991,1.0,0.9811673238788051,0.9811673238788051,3.1630946806341935,0.008801874241551873,1.9085559336533833,0.0,1.0,8.83110178272257,1.5704262113393375,13.868593714593073,7.655061175527694,9.84483780543481,2.189776629907117,0.01697093392102477
decoupled_0400,isic2018_lesion_ISIC_0035443,clinical_mask,0.755859375,2.75,0.9810148044289672,1.0,0.0,1.0,1.2559879720446798,0.8054110301768991,1.0,0.9811673238788051,0.9811673238788051,3.1630946806341935,0.008801874241551873,1.9085559336533833,0.0,1.0,8.977021196527517,5.774055540143854,51.833818973798515,7.316452942426053,9.192194453127925,1.8757415107018724,0.04109998651788394
decoupled_0401,isic2018_lesion_ISIC_0034982,clinical_mask,0.755859375,2.75,0.9810148044289672,1.0,0.0,1.0,1.2559879720446798,0.8054110301768991,1.0,0.9811673238788051,0.9811673238788051,3.1630946806341935,0.008801874241551873,1.9085559336533833,0.0,1.0,6.575054292269056,3.126564403264587,20.55733069974046,4.705795396743826,8.380712485064592,3.6749170883207656,0.050568948993924605
decoupled_0402,isic2018_lesion_ISIC_0034961,clinical_mask,0.755859375,2.75,0.9810148044289672,1.0,0.0,1.0,1.2559879720446798,0.8054110301768991,1.0,0.9811673238788051,0.9811673238788051,3.1630946806341935,0.008801874241551873,1.9085559336533833,0.0,1.0,3.028362423682268,2.6239865996542933,7.946382418638868,1.3790352033369817,2.7455361190618817,1.3665009157249,0.17281230850750948
decoupled_0403,isic2018_lesion_ISIC_0035630,clinical_mask,0.755859375,2.75,0.9810148044289672,1.0,0.0,1.0,1.2559879720446798,0.8054110301768991,1.0,0.9811673238788051,0.9811673238788051,3.1630946806341935,0.008801874241551873,1.9085559336533833,0.0,1.0,5.572079910047219,1.6449464682166914,9.165773168653352,1.0706671770859302,5.699838373914446,4.629171196828516,0.027546810173238758
decoupled_0404,midas_lesion_647,clinical_mask,0.755859375,2.75,0.9810148044289672,1.0,0.0,1.0,1.2559879720446798,0.8054110301768991,1.0,0.9811673238788051,0.9811673238788051,3.1630946806341935,0.008801874241551873,1.9085559336533833,0.0,1.0,9.541519175859815,1.3985342988903953,13.344141830960368,4.390544735557781,5.113571626309907,0.7230268907521262,0.23954901283987995
decoupled_0405,midas_lesion_755,clinical_mask,0.755859375,2.75,0.9810148044289672,1.0,0.0,1.0,1.2559879720446798,0.8054110301768991,1.0,0.9811673238788051,0.9811673238788051,3.1630946806341935,0.008801874241551873,1.9085559336533833,0.0,1.0,3.30617778963746,2.8006330728063706,9.259390862236533,6.032219305685023,7.651478278957449,1.6192589732724265,0.22824698238327176
decoupled_0406,isic2018_lesion_ISIC_0034733,clinical_mask,0.755859375,2.75,0.9810148044289672,1.0,0.0,1.0,1.2559879720446798,0.8054110301768991,1.0,0.9811673238788051,0.9811673238788051,3.1630946806341935,0.008801874241551873,1.9085559336533833,0.0,1.0,4.355362580520083,1.591757299102329,6.932680177779997,1.8248512636304333,5.44973170049629,3.624880436865857,0.06715307568666407
decoupled_0407,midas_lesion_300,clinical_mask,0.755859375,2.75,0.9810148044289672,1.0,0.0,1.0,1.2559879720446798,0.8054110301768991,1.0,0.9811673238788051,0.9811673238788051,3.1630946806341935,0.008801874241551873,1.9085559336533833,0.0,1.0,6.1947110416104,1.6400431129818949,10.159593180706038,7.511074403606358,11.869401955857505,4.358327552251147,0.26282361403878574
decoupled_0408,ph2_lesion_IMD031,clinical_mask,0.755859375,2.75,0.9810148044289672,1.0,0.0,1.0,1.2559879720446798,0.8054110301768991,1.0,0.9811673238788051,0.9811673238788051,3.1630946806341935,0.008801874241551873,1.9085559336533833,0.0,1.0,6.1067218325703045,1.7299436633537268,10.564284738118857,7.178262568734055,9.373482266773696,2.195219698039641,0.28610641826118816
decoupled_0409,midas_lesion_486,clinical_mask,0.755859375,2.75,0.9810148044289672,1.0,0.0,1.0,1.2559879720446798,0.8054110301768991,1.0,0.9811673238788051,0.9811673238788051,3.1630946806341935,0.008801874241551873,1.9085559336533833,0.0,1.0,7.310410750268391,1.437061345582531,10.505508709541694,3.3095201526627367,7.0320459448078125,3.722525792145076,0.09753818071854929
decoupled_0410,midas_lesion_564,clinical_mask,0.755859375,2.75,0.9810148044289672,1.0,0.0,1.0,1.2559879720446798,0.8054110301768991,1.0,0.9811673238788051,0.9811673238788051,3.1630946806341935,0.008801874241551873,1.9085559336533833,0.0,1.0,3.0257570968733205,3.188871727300576,9.648751259898402,5.947632625128492,10.000850221576126,4.0532175964476345,0.28855815920559164
decoupled_0411,ph2_lesion_IMD057,clinical_mask,0.755859375,2.75,0.9810148044289672,1.0,0.0,1.0,1.2559879720446798,0.8054110301768991,1.0,0.9811673238788051,0.9811673238788051,3.1630946806341935,0.008801874241551873,1.9085559336533833,0.0,1.0,6.7380059714089615,1.4389857408435616,9.695894514576267,3.044727584614647,6.737099483877818,3.6923718992631716,0.0886120007840957
decoupled_0412,isic2018_lesion_ISIC_0035348,clinical_mask,0.755859375,2.75,0.9810148044289672,1.0,0.0,1.0,1.2559879720446798,0.8054110301768991,1.0,0.9811673238788051,0.9811673238788051,3.1630946806341935,0.008801874241551873,1.9085559336533833,0.0,1.0,5.947532759731783,1.703286876302824,10.130354496032263,3.5079661428631055,6.702330800560429,3.194364657697324,0.02890435917833372
decoupled_0413,isic2018_lesion_ISIC_0034970,clinical_mask,0.755859375,2.75,0.9810148044289672,1.0,0.0,1.0,1.2559879720446798,0.8054110301768991,1.0,0.9811673238788051,0.9811673238788051,3.1630946806341935,0.008801874241551873,1.9085559336533833,0.0,1.0,8.402510671870836,7.9938648238088135,67.16853449154644,5.735200643008917,10.816441798260733,5.081241155251816,0.1836579981172774
decoupled_0414,isic2018_lesion_ISIC_0035608,clinical_mask,0.755859375,2.75,0.9810148044289672,1.0,0.0,1.0,1.2559879720446798,0.8054110301768991,1.0,0.9811673238788051,0.9811673238788051,3.1630946806341935,0.008801874241551873,1.9085559336533833,0.0,1.0,3.2437598786969053,1.6544106124474436,5.366510767547393,2.0503259691310918,3.684751901889206,1.634425932758114,0.03836362679530058
decoupled_0415,isic2018_lesion_ISIC_0034585,clinical_mask,0.755859375,2.75,0.9810148044289672,1.0,0.0,1.0,1.2559879720446798,0.8054110301768991,1.0,0.9811673238788051,0.9811673238788051,3.1630946806341935,0.008801874241551873,1.9085559336533833,0.0,1.0,8.495324850904112,1.666961920752153,14.161383030876618,0.4763940431664912,5.674980241165477,5.198586197998986,0.13945379173602357
decoupled_0416,isic2018_lesion_ISIC_0035078,clinical_mask,0.755859375,2.75,0.9810148044289672,1.0,0.0,1.0,1.2559879720446798,0.8054110301768991,1.0,0.9811673238788051,0.9811673238788051,3.1630946806341935,0.008801874241551873,1.9085559336533833,0.0,1.0,3.4014447933495897,8.250968660578696,28.065214390616045,6.5911723472472366,7.7668432916585015,1.175670944411265,0.1699614159808641
decoupled_0417,isic2018_lesion_ISIC_0035443,clinical_mask,0.755859375,2.75,0.9810148044289672,1.0,0.0,1.0,1.2559879720446798,0.8054110301768991,1.0,0.9811673238788051,0.9811673238788051,3.1630946806341935,0.008801874241551873,1.9085559336533833,0.0,1.0,5.773850317788153,1.6498859181521104,9.526194332836761,2.917449378802192,6.111395798226102,3.19394641942391,0.3141837446839785
decoupled_0418,midas_lesion_564,clinical_mask,0.755859375,2.75,0.9810148044289672,1.0,0.0,1.0,1.2559879720446798,0.8054110301768991,1.0,0.9811673238788051,0.9811673238788051,3.1630946806341935,0.008801874241551873,1.9085559336533833,0.0,1.0,5.143255836004769,2.964172619951044,15.245498126488753,3.874607453184678,7.9709015993181875,4.096294146133509,0.17547829032143764
decoupled_0419,isic2018_lesion_ISIC_0035643,clinical_mask,0.755859375,2.75,0.9810148044289672,1.0,0.0,1.0,1.2559879720446798,0.8054110301768991,1.0,0.9811673238788051,0.9811673238788051,3.1630946806341935,0.008801874241551873,1.9085559336533833,0.0,1.0,8.700768691520977,2.4549193139940826,21.35968510740987,5.877077038956822,8.617477154782,2.740400115825178,0.05273278245729607
decoupled_0420,benign_nevi_BCN_0000002637,clinical_mask,0.15252685546875,1.30859375,0.4406849487070295,1.417669542590093,0.7088263668179722,0.9852158486102898,1.1192999836144735,0.7212121212121212,1.0150060024009604,0.5266806701684116,0.3715115930375157,3.3506702010670235,0.12587200220725414,1.7585747731755839,0.284992784992785,1.0,4.6398078653018935,1.374699511506943,6.378341605916584,3.6626235453911837,7.514157576951102,3.8515340315599182,0.28669434647196285
decoupled_0421,midas_lesion_69,clinical_mask,0.755859375,2.75,0.9810148044289672,1.0,0.0,1.0,1.2559879720446798,0.8054110301768991,1.0,0.9811673238788051,0.9811673238788051,3.1630946806341935,0.008801874241551873,1.9085559336533833,0.0,1.0,7.818367654583405,3.431851787577438,26.83147901131968,3.4067040165928835,4.593320783277166,1.1866167666842826,0.291140824225566
decoupled_0422,isic2018_lesion_ISIC_0035128,clinical_mask,0.755859375,2.75,0.9810148044289672,1.0,0.0,1.0,1.2559879720446798,0.8054110301768991,1.0,0.9811673238788051,0.9811673238788051,3.1630946806341935,0.008801874241551873,1.9085559336533833,0.0,1.0,4.602369232386016,1.1271463916305797,5.187543873235499,7.837882839067982,12.452054381230292,4.61417154216231,0.19513463661429767
decoupled_0423,midas_lesion_536,clinical_mask,0.755859375,2.75,0.9810148044289672,1.0,0.0,1.0,1.2559879720446798,0.8054110301768991,1.0,0.9811673238788051,0.9811673238788051,3.1630946806341935,0.008801874241551873,1.9085559336533833,0.0,1.0,3.578143919797438,1.2461494647346532,4.458902130399131,7.005196898049392,11.943038743123669,4.937841845074277,0.30633444017738415
decoupled_0424,midas_lesion_415,clinical_mask,0.755859375,2.75,0.9810148044289672,1.0,0.0,1.0,1.2559879720446798,0.8054110301768991,1.0,0.9811673238788051,0.9811673238788051,3.1630946806341935,0.008801874241551873,1.9085559336533833,0.0,1.0,6.738215197933613,7.0995469025239295,47.838274837029246,7.777676893481291,10.307753796328388,2.530076902847097,0.05653374015042072
decoupled_0425,isic2018_lesion_ISIC_0034733,clinical_mask,0.755859375,2.75,0.9810148044289672,1.0,0.0,1.0,1.2559879720446798,0.8054110301768991,1.0,0.9811673238788051,0.9811673238788051,3.1630946806341935,0.008801874241551873,1.9085559336533833,0.0,1.0,7.169274087042062,3.3278059834105607,23.857953203568858,1.282182030468939,4.755943598392877,3.4737615679239378,0.2684649115311207
decoupled_0426,midas_lesion_755,clinical_mask,0.755859375,2.75,0.9810148044289672,1.0,0.0,1.0,1.2559879720446798,0.8054110301768991,1.0,0.9811673238788051,0.9811673238788051,3.1630946806341935,0.008801874241551873,1.9085559336533833,0.0,1.0,5.991364129225067,7.212261524293387,43.211284987241505,6.79829651211597,7.694413031924195,0.896116519808225,0.08286610796551949
decoupled_0427,midas_lesion_357,clinical_mask,0.755859375,2.75,0.9810148044289672,1.0,0.0,1.0,1.2559879720446798,0.8054110301768991,1.0,0.9811673238788051,0.9811673238788051,3.1630946806341935,0.008801874241551873,1.9085559336533833,0.0,1.0,3.449083828605664,6.863579068819586,23.673059572621955,1.8903601867691195,5.789786563528027,3.8994263767589077,0.24390358218567076
decoupled_0428,isic2018_lesion_ISIC_0035008,clinical_mask,0.755859375,2.75,0.9810148044289672,1.0,0.0,1.0,1.2559879720446798,0.8054110301768991,1.0,0.9811673238788051,0.9811673238788051,3.1630946806341935,0.008801874241551873,1.9085559336533833,0.0,1.0,5.228957222117194,1.6642282033015023,8.702178082904513,4.431563796763505,6.471302269616024,2.0397384728525196,0.13525077251273063
decoupled_0429,isic2018_lesion_ISIC_0035128,clinical_mask,0.755859375,2.75,0.9810148044289672,1.0,0.0,1.0,1.2559879720446798,0.8054110301768991,1.0,0.9811673238788051,0.9811673238788051,3.1630946806341935,0.008801874241551873,1.9085559336533833,0.0,1.0,7.452875240003615,7.594766376567109,56.602846281528976,6.433520230838135,10.28620648501185,3.8526862541737144,0.25159006209210577
decoupled_0430,isic2018_lesion_ISIC_0035691,clinical_mask,0.755859375,2.75,0.9810148044289672,1.0,0.0,1.0,1.2559879720446798,0.8054110301768991,1.0,0.9811673238788051,0.9811673238788051,3.1630946806341935,0.008801874241551873,1.9085559336533833,0.0,1.0,9.333486985651486,2.570435983291423,23.99113079750078,4.438168020904367,8.070925340955782,3.6327573200514145,0.07113312484955647
decoupled_0431,midas_lesion_536,clinical_mask,0.755859375,2.75,0.9810148044289672,1.0,0.0,1.0,1.2559879720446798,0.8054110301768991,1.0,0.9811673238788051,0.9811673238788051,3.1630946806341935,0.008801874241551873,1.9085559336533833,0.0,1.0,5.200674881127084,2.590687365633486,13.47332270730337,2.9157595355687764,6.320968161643111,3.4052086260743346,0.1370878203933335
decoupled_0432,isic2018_lesion_ISIC_0035317,clinical_mask,0.755859375,2.75,0.9810148044289672,1.0,0.0,1.0,1.2559879720446798,0.8054110301768991,1.0,0.9811673238788051,0.9811673238788051,3.1630946806341935,0.008801874241551873,1.9085559336533833,0.0,1.0,8.382529279269328,2.53634353638971,21.260973956072252,2.7538928606521527,7.009626132722173,4.25573327207002,0.30463696944926244
decoupled_0433,midas_lesion_647,clinical_mask,0.755859375,2.75,0.9810148044289672,1.0,0.0,1.0,1.2559879720446798,0.8054110301768991,1.0,0.9811673238788051,0.9811673238788051,3.1630946806341935,0.008801874241551873,1.9085559336533833,0.0,1.0,3.4345182203910327,3.1322518020872177,10.757775885121196,0.9055115916825374,3.3272221048341177,2.4217105131515804,0.12481240529057974
decoupled_0434,isic2018_lesion_ISIC_0035842,clinical_mask,0.755859375,2.75,0.9810148044289672,1.0,0.0,1.0,1.2559879720446798,0.8054110301768991,1.0,0.9811673238788051,0.9811673238788051,3.1630946806341935,0.008801874241551873,1.9085559336533833,0.0,1.0,5.276888071848978,1.524205099514814,8.043059708681106,6.689672555403836,10.808722563601908,4.119050008198072,0.27893927289642007
decoupled_0435,isic2018_lesion_ISIC_0034906,clinical_mask,0.755859375,2.75,0.9810148044289672,1.0,0.0,1.0,1.2559879720446798,0.8054110301768991,1.0,0.9811673238788051,0.9811673238788051,3.1630946806341935,0.008801874241551873,1.9085559336533833,0.0,1.0,8.175062466908084,2.64514120659349,21.6241945976944,7.1881563127794434,9.589867769368976,2.401711456589532,0.00877609465334997
decoupled_0436,ph2_lesion_IMD256,clinical_mask,0.755859375,2.75,0.9810148044289672,1.0,0.0,1.0,1.2559879720446798,0.8054110301768991,1.0,0.9811673238788051,0.9811673238788051,3.1630946806341935,0.008801874241551873,1.9085559336533833,0.0,1.0,8.792122255989408,6.921088980187789,60.8510604583921,5.693474039906547,8.724851902404504,3.0313778624979575,0.10634260836047751
decoupled_0437,midas_lesion_143,clinical_mask,0.755859375,2.75,0.9810148044289672,1.0,0.0,1.0,1.2559879720446798,0.8054110301768991,1.0,0.9811673238788051,0.9811673238788051,3.1630946806341935,0.008801874241551873,1.9085559336533833,0.0,1.0,3.5697864301790543,3.4711782903033144,12.391365157456901,6.644561240799401,11.710903315233534,5.066342074434132,0.331130241453769
decoupled_0438,midas_lesion_234,clinical_mask,0.755859375,2.75,0.9810148044289672,1.0,0.0,1.0,1.2559879720446798,0.8054110301768991,1.0,0.9811673238788051,0.9811673238788051,3.1630946806341935,0.008801874241551873,1.9085559336533833,0.0,1.0,5.996838453637434,5.081361372390006,30.472103274776273,3.0355000399043677,7.209666101043567,4.174166061139199,0.0004246301216925874
decoupled_0439,ph2_lesion_IMD437,clinical_mask,0.755859375,2.75,0.9810148044289672,1.0,0.0,1.0,1.2559879720446798,0.8054110301768991,1.0,0.9811673238788051,0.9811673238788051,3.1630946806341935,0.008801874241551873,1.9085559336533833,0.0,1.0,7.281017613318381,2.0951043813604118,15.254491902425668,7.71587765284055,9.176012546382234,1.4601348935416834,0.3340297306740557
decoupled_0440,isic2018_lesion_ISIC_0035029,clinical_mask,0.755859375,2.75,0.9810148044289672,1.0,0.0,1.0,1.2559879720446798,0.8054110301768991,1.0,0.9811673238788051,0.9811673238788051,3.1630946806341935,0.008801874241551873,1.9085559336533833,0.0,1.0,9.874666595353615,1.9753403544001564,19.505827412049197,2.1563099969355863,3.7535431753156456,1.5972331783800593,0.000227008505088333
decoupled_0441,ph2_lesion_IMD370,clinical_mask,0.755859375,2.75,0.9810148044289672,1.0,0.0,1.0,1.2559879720446798,0.8054110301768991,1.0,0.9811673238788051,0.9811673238788051,3.1630946806341935,0.008801874241551873,1.9085559336533833,0.0,1.0,9.58012440091493,7.390504751887335,70.80195490863359,2.2701377427947005,4.4030161508674315,2.132878408072731,0.1376374616329698
decoupled_0442,ph2_lesion_IMD078,clinical_mask,0.755859375,2.75,0.9810148044289672,1.0,0.0,1.0,1.2559879720446798,0.8054110301768991,1.0,0.9811673238788051,0.9811673238788051,3.1630946806341935,0.008801874241551873,1.9085559336533833,0.0,1.0,4.735188270311325,1.3689590692233364,6.482278927122652,1.8179617030383153,6.033795342141947,4.215833639103632,0.16164059980662296
decoupled_0443,midas_lesion_544,clinical_mask,0.755859375,2.75,0.9810148044289672,1.0,0.0,1.0,1.2559879720446798,0.8054110301768991,1.0,0.9811673238788051,0.9811673238788051,3.1630946806341935,0.008801874241551873,1.9085559336533833,0.0,1.0,6.794686489742578,4.336781923329507,29.467073543406833,2.3605214247787183,2.9226379981968615,0.5621165734181433,0.2605869434147416
decoupled_0444,isic2018_lesion_ISIC_0034961,clinical_mask,0.755859375,2.75,0.9810148044289672,1.0,0.0,1.0,1.2559879720446798,0.8054110301768991,1.0,0.9811673238788051,0.9811673238788051,3.1630946806341935,0.008801874241551873,1.9085559336533833,0.0,1.0,9.349017395387465,3.0946591756436783,28.93202246588818,6.20644895234972,11.390763437689671,5.184314485339951,0.31691119804201057
decoupled_0445,isic2018_lesion_ISIC_0035691,clinical_mask,0.755859375,2.75,0.9810148044289672,1.0,0.0,1.0,1.2559879720446798,0.8054110301768991,1.0,0.9811673238788051,0.9811673238788051,3.1630946806341935,0.008801874241551873,1.9085559336533833,0.0,1.0,5.134937029507418,1.1620508490099544,5.967057934751748,2.433396563954698,3.1579319471331475,0.7245353831784493,0.16583995476502894
decoupled_0446,isic2018_lesion_ISIC_0035553,clinical_mask,0.755859375,2.75,0.9810148044289672,1.0,0.0,1.0,1.2559879720446798,0.8054110301768991,1.0,0.9811673238788051,0.9811673238788051,3.1630946806341935,0.008801874241551873,1.9085559336533833,0.0,1.0,7.959602640964326,8.037820870227979,63.977860226264795,0.2455195731986462,0.7704112373936431,0.524891664194997,0.07327444265709618
decoupled_0447,isic2018_lesion_ISIC_0034906,clinical_mask,0.755859375,2.75,0.9810148044289672,1.0,0.0,1.0,1.2559879720446798,0.8054110301768991,1.0,0.9811673238788051,0.9811673238788051,3.1630946806341935,0.008801874241551873,1.9085559336533833,0.0,1.0,7.494771496233993,6.475050679962926,48.52902527285667,4.280254206651242,9.58682546881602,5.306571262164778,0.21550729555967296
decoupled_0448,isic2018_lesion_ISIC_0035372,clinical_mask,0.755859375,2.75,0.9810148044289672,1.0,0.0,1.0,1.2559879720446798,0.8054110301768991,1.0,0.9811673238788051,0.9811673238788051,3.1630946806341935,0.008801874241551873,1.9085559336533833,0.0,1.0,3.823345997753995,1.3133915795266646,5.021550439067071,7.180808429066923,9.02097741873094,1.8401689896640168,0.03567923184121111
decoupled_0449,isic2018_lesion_ISIC_0035443,clinical_mask,0.755859375,2.75,0.9810148044289672,1.0,0.0,1.0,1.2559879720446798,0.8054110301768991,1.0,0.9811673238788051,0.9811673238788051,3.1630946806341935,0.008801874241551873,1.9085559336533833,0.0,1.0,8.840697412274373,2.6102208204388218,23.076172452718183,0.5148955689748861,3.9841755398266514,3.4692799708517654,0.2895401417846037
decoupled_0450,isic2018_lesion_ISIC_0035372,clinical_mask,0.755859375,2.75,0.9810148044289672,1.0,0.0,1.0,1.2559879720446798,0.8054110301768991,1.0,0.9811673238788051,0.9811673238788051,3.1630946806341935,0.008801874241551873,1.9085559336533833,0.0,1.0,6.472385164647148,11.899587286972704,77.01871222162593,2.044589652865252,5.961100408632522,3.91651075576727,0.18535212049560143
decoupled_0451,ph2_lesion_IMD078,clinical_mask,0.755859375,2.75,0.9810148044289672,1.0,0.0,1.0,1.2559879720446798,0.8054110301768991,1.0,0.9811673238788051,0.9811673238788051,3.1630946806341935,0.008801874241551873,1.9085559336533833,0.0,1.0,6.042388539961945,9.16917759741156,55.40373363547541,5.341921080247084,5.961907687923094,0.6199866076760099,0.11197846850197139
decoupled_0452,midas_lesion_805,clinical_mask,0.755859375,2.75,0.9810148044289672,1.0,0.0,1.0,1.2559879720446798,0.8054110301768991,1.0,0.9811673238788051,0.9811673238788051,3.1630946806341935,0.008801874241551873,1.9085559336533833,0.0,1.0,9.912180718649648,1.363519173810487,13.515448464153407,7.167848516591216,9.161758632852067,1.9939101162608504,0.02627037495022807
decoupled_0453,midas_lesion_138,clinical_mask,0.755859375,2.75,0.9810148044289672,1.0,0.0,1.0,1.2559879720446798,0.8054110301768991,1.0,0.9811673238788051,0.9811673238788051,3.1630946806341935,0.008801874241551873,1.9085559336533833,0.0,1.0,8.061680898430762,7.795358506532364,62.84369276853171,6.01973443307222,7.287417654958424,1.2676832218862044,0.08572779083429546
decoupled_0454,midas_lesion_143,clinical_mask,0.755859375,2.75,0.9810148044289672,1.0,0.0,1.0,1.2559879720446798,0.8054110301768991,1.0,0.9811673238788051,0.9811673238788051,3.1630946806341935,0.008801874241551873,1.9085559336533833,0.0,1.0,6.383923640208664,4.919333105942749,31.404646909089028,2.1522456772362424,2.6804167947850166,0.5281711175487742,0.2843143584831035
decoupled_0455,ph2_lesion_IMD278,clinical_mask,0.755859375,2.75,0.9810148044289672,1.0,0.0,1.0,1.2559879720446798,0.8054110301768991,1.0,0.9811673238788051,0.9811673238788051,3.1630946806341935,0.008801874241551873,1.9085559336533833,0.0,1.0,6.705445184309716,1.7691717903685604,11.863084461943462,1.4151230582472145,4.11686813354782,2.7017450753006056,0.2997863782537813
decoupled_0456,ph2_lesion_IMD256,clinical_mask,0.755859375,2.75,0.9810148044289672,1.0,0.0,1.0,1.2559879720446798,0.8054110301768991,1.0,0.9811673238788051,0.9811673238788051,3.1630946806341935,0.008801874241551873,1.9085559336533833,0.0,1.0,6.489146325367251,11.02570397433948,71.54740642967214,5.844293960468736,10.561158928573967,4.716864968105231,0.006874109171865022
decoupled_0457,melanoma_BCN_0000018489,clinical_mask,0.0595855712890625,1.00390625,0.275439114253714,1.3180420505522392,0.6514388593266779,0.8058192323565829,0.7429586708212474,0.5223381487426432,1.2409731113956464,0.3570778055381461,0.27091533641778426,4.1126580779429185,0.2534256500244032,1.6452713136997572,0.4147940074906367,1.0,4.340455264363688,1.3949670664110616,6.054792147017863,2.9024434761835054,4.001495949044351,1.0990524728608455,0.2370009776919714
decoupled_0458,ph2_lesion_IMD312,clinical_mask,0.755859375,2.75,0.9810148044289672,1.0,0.0,1.0,1.2559879720446798,0.8054110301768991,1.0,0.9811673238788051,0.9811673238788051,3.1630946806341935,0.008801874241551873,1.9085559336533833,0.0,1.0,8.799092922088757,10.39380227383724,91.45603202131129,4.398046364708756,5.799531884480701,1.4014855197719447,0.03378678224793295
decoupled_0459,isic2018_lesion_ISIC_0034961,clinical_mask,0.755859375,2.75,0.9810148044289672,1.0,0.0,1.0,1.2559879720446798,0.8054110301768991,1.0,0.9811673238788051,0.9811673238788051,3.1630946806341935,0.008801874241551873,1.9085559336533833,0.0,1.0,5.842905487538587,6.409196294300913,37.44832819868278,6.025883843547068,8.203412671545504,2.1775288279984357,0.002850337313304746
decoupled_0460,midas_lesion_544,clinical_mask,0.755859375,2.75,0.9810148044289672,1.0,0.0,1.0,1.2559879720446798,0.8054110301768991,1.0,0.9811673238788051,0.9811673238788051,3.1630946806341935,0.008801874241551873,1.9085559336533833,0.0,1.0,5.7722353745543815,2.153761043399923,12.43201568305019,3.0334088795218843,7.741667944086538,4.708259064564654,0.24378242533566355
decoupled_0461,isic2018_lesion_ISIC_0035376,clinical_mask,0.755859375,2.75,0.9810148044289672,1.0,0.0,1.0,1.2559879720446798,0.8054110301768991,1.0,0.9811673238788051,0.9811673238788051,3.1630946806341935,0.008801874241551873,1.9085559336533833,0.0,1.0,3.753102520131087,11.626440189311227,43.63522197465731,0.6047160800838461,3.1479276906099876,2.5432116105261415,0.26629716270847875
decoupled_0462,ph2_lesion_IMD057,clinical_mask,0.755859375,2.75,0.9810148044289672,1.0,0.0,1.0,1.2559879720446798,0.8054110301768991,1.0,0.9811673238788051,0.9811673238788051,3.1630946806341935,0.008801874241551873,1.9085559336533833,0.0,1.0,4.630557017565822,5.884513708977148,27.248576250066417,2.962001418477483,3.789968137140292,0.8279667186628088,0.20261580625685854
decoupled_0463,ph2_lesion_IMD312,clinical_mask,0.755859375,2.75,0.9810148044289672,1.0,0.0,1.0,1.2559879720446798,0.8054110301768991,1.0,0.9811673238788051,0.9811673238788051,3.1630946806341935,0.008801874241551873,1.9085559336533833,0.0,1.0,6.915605812587323,2.2093156124773765,15.278755891488467,0.2343828479955845,3.4296684630066063,3.195285615011022,0.33800296391626894
decoupled_0464,benign_nevi_BCN_0000002637,clinical_mask,0.15252685546875,1.30859375,0.4406849487070295,1.417669542590093,0.7088263668179722,0.9852158486102898,1.1192999836144735,0.7212121212121212,1.0150060024009604,0.5266806701684116,0.3715115930375157,3.3506702010670235,0.12587200220725414,1.7585747731755839,0.284992784992785,1.0,3.057956713384241,6.625093590101606,20.25924942065011,2.9805942699325714,6.911504244847142,3.930909974914571,0.32677201825220414
decoupled_0465,isic2018_lesion_ISIC_0035372,clinical_mask,0.755859375,2.75,0.9810148044289672,1.0,0.0,1.0,1.2559879720446798,0.8054110301768991,1.0,0.9811673238788051,0.9811673238788051,3.1630946806341935,0.008801874241551873,1.9085559336533833,0.0,1.0,9.444546110831574,1.8713110547898013,17.67368354467115,0.6143914217250663,2.6039745631434874,1.989583141418421,0.02977925246869673
decoupled_0466,isic2018_lesion_ISIC_0035008,clinical_mask,0.755859375,2.75,0.9810148044289672,1.0,0.0,1.0,1.2559879720446798,0.8054110301768991,1.0,0.9811673238788051,0.9811673238788051,3.1630946806341935,0.008801874241551873,1.9085559336533833,0.0,1.0,6.182941252386648,1.9883247109556696,12.293694878507567,1.2402381298901017,5.424396543046191,4.184158413156089,0.08817421842865282
decoupled_0467,isic2018_lesion_ISIC_0035630,clinical_mask,0.755859375,2.75,0.9810148044289672,1.0,0.0,1.0,1.2559879720446798,0.8054110301768991,1.0,0.9811673238788051,0.9811673238788051,3.1630946806341935,0.008801874241551873,1.9085559336533833,0.0,1.0,3.347476321785927,1.2721279702487385,4.258418258689244,3.0096343631253064,6.3574769363996175,3.347842573274311,0.27017735790090464
decoupled_0468,midas_lesion_640,clinical_mask,0.755859375,2.75,0.9810148044289672,1.0,0.0,1.0,1.2559879720446798,0.8054110301768991,1.0,0.9811673238788051,0.9811673238788051,3.1630946806341935,0.008801874241551873,1.9085559336533833,0.0,1.0,6.726318449527466,9.124766713435083,61.376086692212496,4.201592859304104,8.013333495931896,3.8117406366277917,0.3051670383635857
decoupled_0469,ph2_lesion_IMD331,clinical_mask,0.755859375,2.75,0.9810148044289672,1.0,0.0,1.0,1.2559879720446798,0.8054110301768991,1.0,0.9811673238788051,0.9811673238788051,3.1630946806341935,0.008801874241551873,1.9085559336533833,0.0,1.0,9.81491768415466,1.2636623007443961,12.402741462375737,2.2266326401305707,2.983276088165809,0.7566434480352382,0.22938661608858496
decoupled_0470,midas_lesion_277,clinical_mask,0.755859375,2.75,0.9810148044289672,1.0,0.0,1.0,1.2559879720446798,0.8054110301768991,1.0,0.9811673238788051,0.9811673238788051,3.1630946806341935,0.008801874241551873,1.9085559336533833,0.0,1.0,5.48001611092147,7.363999604699703,40.354836474573716,7.007841797167574,12.357638034285134,5.349796237117561,0.02693568260918239
decoupled_0471,midas_lesion_234,clinical_mask,0.755859375,2.75,0.9810148044289672,1.0,0.0,1.0,1.2559879720446798,0.8054110301768991,1.0,0.9811673238788051,0.9811673238788051,3.1630946806341935,0.008801874241551873,1.9085559336533833,0.0,1.0,6.173776469664885,3.104918534100015,19.16907298605306,5.9260379180059894,9.353517848674427,3.4274799306684374,0.24976028355974741
decoupled_0472,isic2018_lesion_ISIC_0035210,clinical_mask,0.755859375,2.75,0.9810148044289672,1.0,0.0,1.0,1.2559879720446798,0.8054110301768991,1.0,0.9811673238788051,0.9811673238788051,3.1630946806341935,0.008801874241551873,1.9085559336533833,0.0,1.0,5.4512550059329605,4.222093200641213,23.01570669551093,1.1616220813524722,5.393185308276832,4.23156322692436,0.05125544271595261
decoupled_0473,isic2018_lesion_ISIC_0035117,clinical_mask,0.755859375,2.75,0.9810148044289672,1.0,0.0,1.0,1.2559879720446798,0.8054110301768991,1.0,0.9811673238788051,0.9811673238788051,3.1630946806341935,0.008801874241551873,1.9085559336533833,0.0,1.0,7.690000001499094,11.336400691124705,87.17692133174332,2.696162820533877,4.599983391894851,1.9038205713609737,0.06379078975529943
decoupled_0474,midas_lesion_138,clinical_mask,0.755859375,2.75,0.9810148044289672,1.0,0.0,1.0,1.2559879720446798,0.8054110301768991,1.0,0.9811673238788051,0.9811673238788051,3.1630946806341935,0.008801874241551873,1.9085559336533833,0.0,1.0,6.05386606973139,1.2263351950188608,7.424069027242108,1.8046506075016044,2.6289608689173827,0.8243102614157782,0.29131398691266175
decoupled_0475,ph2_lesion_IMD433,clinical_mask,0.755859375,2.75,0.9810148044289672,1.0,0.0,1.0,1.2559879720446798,0.8054110301768991,1.0,0.9811673238788051,0.9811673238788051,3.1630946806341935,0.008801874241551873,1.9085559336533833,0.0,1.0,6.481673085444182,1.1702915607180848,7.585447311228877,6.487640187794225,11.79435774322931,5.306717555435085,0.05774251272115618
decoupled_0476,basal_cell_carcinoma_BCN_0000016844,clinical_mask,0.2169952392578125,2.78125,0.525630021633387,2.4365315915937504,0.9118968473174451,0.6912122095849129,0.35251695750773615,0.5605439495467087,1.44673370367766,0.9482634593695075,0.3891857846789676,5.97055805285277,0.37169938227061444,1.783892277965634,0.35644461962948365,1.0,7.100780327095755,1.8655292000169332,13.246713043102922,2.51734564523721,4.753658707027345,2.236313061790135,0.2833114330582061
decoupled_0477,midas_lesion_140,clinical_mask,0.755859375,2.75,0.9810148044289672,1.0,0.0,1.0,1.2559879720446798,0.8054110301768991,1.0,0.9811673238788051,0.9811673238788051,3.1630946806341935,0.008801874241551873,1.9085559336533833,0.0,1.0,8.892161085766203,2.006310302220355,17.84043439537567,6.050156223665559,9.870416626410016,3.8202604027444567,0.02708038997692322
decoupled_0478,midas_lesion_218,clinical_mask,0.755859375,2.75,0.9810148044289672,1.0,0.0,1.0,1.2559879720446798,0.8054110301768991,1.0,0.9811673238788051,0.9811673238788051,3.1630946806341935,0.008801874241551873,1.9085559336533833,0.0,1.0,3.0933464140104787,1.5269784744162613,4.723473388106734,5.511215765569331,7.125762148503432,1.6145463829341011,0.1199133779905677
decoupled_0479,isic2018_lesion_ISIC_0035029,clinical_mask,0.755859375,2.75,0.9810148044289672,1.0,0.0,1.0,1.2559879720446798,0.8054110301768991,1.0,0.9811673238788051,0.9811673238788051,3.1630946806341935,0.008801874241551873,1.9085559336533833,0.0,1.0,7.738682530595474,1.6923332202580776,13.096429527557568,2.3796835942780614,5.442502700658156,3.0628191063800942,0.3377993727757489
decoupled_0480,midas_lesion_234,clinical_mask,0.755859375,2.75,0.9810148044289672,1.0,0.0,1.0,1.2559879720446798,0.8054110301768991,1.0,0.9811673238788051,0.9811673238788051,3.1630946806341935,0.008801874241551873,1.9085559336533833,0.0,1.0,4.030438917822704,10.394105194205064,41.89280609066721,6.853657735305894,9.42191620529386,2.568258469987966,0.21791045863912883
decoupled_0481,isic2018_lesion_ISIC_0035008,clinical_mask,0.755859375,2.75,0.9810148044289672,1.0,0.0,1.0,1.2559879720446798,0.8054110301768991,1.0,0.9811673238788051,0.9811673238788051,3.1630946806341935,0.008801874241551873,1.9085559336533833,0.0,1.0,8.358582525507293,1.217091746181545,10.173161801572219,1.2775594730260176,5.898648782777244,4.621089309751226,0.12386381691778477
decoupled_0482,midas_lesion_143,clinical_mask,0.755859375,2.75,0.9810148044289672,1.0,0.0,1.0,1.2559879720446798,0.8054110301768991,1.0,0.9811673238788051,0.9811673238788051,3.1630946806341935,0.008801874241551873,1.9085559336533833,0.0,1.0,4.344610270727083,6.877999425723971,29.88222694705534,3.49492906825557,7.998847271593578,4.503918203338008,0.061339183056792715
decoupled_0483,ph2_lesion_IMD398,clinical_mask,0.755859375,2.75,0.9810148044289672,1.0,0.0,1.0,1.2559879720446798,0.8054110301768991,1.0,0.9811673238788051,0.9811673238788051,3.1630946806341935,0.008801874241551873,1.9085559336533833,0.0,1.0,5.333176048403027,1.4945422364160994,7.970656858581036,0.7330349884547238,2.2487303356209827,1.5156953471662589,0.06132380625317809
decoupled_0484,midas_lesion_300,clinical_mask,0.755859375,2.75,0.9810148044289672,1.0,0.0,1.0,1.2559879720446798,0.8054110301768991,1.0,0.9811673238788051,0.9811673238788051,3.1630946806341935,0.008801874241551873,1.9085559336533833,0.0,1.0,6.406206185000915,5.82169236745452,37.29496165155977,1.7477343755528703,2.3942119898728356,0.6464776143199653,0.014545745342244664
decoupled_0485,midas_lesion_805,clinical_mask,0.755859375,2.75,0.9810148044289672,1.0,0.0,1.0,1.2559879720446798,0.8054110301768991,1.0,0.9811673238788051,0.9811673238788051,3.1630946806341935,0.008801874241551873,1.9085559336533833,0.0,1.0,7.458914120747533,8.156175698233222,60.836214086849644,2.9261785617992406,7.33264102480214,4.4064624630028995,0.06501495209660708
decoupled_0486,isic2018_lesion_ISIC_0036062,clinical_mask,0.755859375,2.75,0.9810148044289672,1.0,0.0,1.0,1.2559879720446798,0.8054110301768991,1.0,0.9811673238788051,0.9811673238788051,3.1630946806341935,0.008801874241551873,1.9085559336533833,0.0,1.0,7.388756843348178,1.1414149093755594,8.433637222748304,4.736477522814711,9.1839779494663,4.4475004266515885,0.06794130248749176
decoupled_0487,ph2_lesion_IMD430,clinical_mask,0.755859375,2.75,0.9810148044289672,1.0,0.0,1.0,1.2559879720446798,0.8054110301768991,1.0,0.9811673238788051,0.9811673238788051,3.1630946806341935,0.008801874241551873,1.9085559336533833,0.0,1.0,4.474720325679976,1.4627951156777954,6.545599036428823,7.104206012982555,12.03231479362863,4.928108780646076,0.3226275963502201
decoupled_0488,ph2_lesion_IMD433,clinical_mask,0.755859375,2.75,0.9810148044289672,1.0,0.0,1.0,1.2559879720446798,0.8054110301768991,1.0,0.9811673238788051,0.9811673238788051,3.1630946806341935,0.008801874241551873,1.9085559336533833,0.0,1.0,5.177581545326103,1.5826254282370338,8.194172210403888,0.7443665368622734,5.787472949797683,5.04310641293541,0.10298183004870418
decoupled_0489,isic2018_lesion_ISIC_0035128,clinical_mask,0.755859375,2.75,0.9810148044289672,1.0,0.0,1.0,1.2559879720446798,0.8054110301768991,1.0,0.9811673238788051,0.9811673238788051,3.1630946806341935,0.008801874241551873,1.9085559336533833,0.0,1.0,7.729717044436061,2.7279183129923075,21.086036679765904,6.867858483554028,11.145293755325039,4.277435271771011,0.11857605749984082
decoupled_0490,isic2018_lesion_ISIC_0035421,clinical_mask,0.755859375,2.75,0.9810148044289672,1.0,0.0,1.0,1.2559879720446798,0.8054110301768991,1.0,0.9811673238788051,0.9811673238788051,3.1630946806341935,0.008801874241551873,1.9085559336533833,0.0,1.0,6.803396927585569,2.276558106885125,15.488328429852277,2.760726905481801,5.881523228805978,3.120796323324177,0.14574053118161498
decoupled_0491,isic2018_lesion_ISIC_0035117,clinical_mask,0.755859375,2.75,0.9810148044289672,1.0,0.0,1.0,1.2559879720446798,0.8054110301768991,1.0,0.9811673238788051,0.9811673238788051,3.1630946806341935,0.008801874241551873,1.9085559336533833,0.0,1.0,4.504907699827486,1.2650318023843503,5.698851507087903,4.926304166081567,6.866261368483803,1.939957202402236,0.24099086627950964
decoupled_0492,midas_lesion_178,clinical_mask,0.755859375,2.75,0.9810148044289672,1.0,0.0,1.0,1.2559879720446798,0.8054110301768991,1.0,0.9811673238788051,0.9811673238788051,3.1630946806341935,0.008801874241551873,1.9085559336533833,0.0,1.0,4.4030417821229815,1.8900102444806157,8.321794075088622,3.6783533887878335,8.783377503598434,5.1050241148106,0.31066032982333147
decoupled_0493,isic2018_lesion_ISIC_0034753,clinical_mask,0.755859375,2.75,0.9810148044289672,1.0,0.0,1.0,1.2559879720446798,0.8054110301768991,1.0,0.9811673238788051,0.9811673238788051,3.1630946806341935,0.008801874241551873,1.9085559336533833,0.0,1.0,6.5762937449062235,6.370294379686389,41.89292708234287,2.651765195343729,4.647859111494089,1.9960939161503601,0.24204124316874565
decoupled_0494,ph2_lesion_IMD312,clinical_mask,0.755859375,2.75,0.9810148044289672,1.0,0.0,1.0,1.2559879720446798,0.8054110301768991,1.0,0.9811673238788051,0.9811673238788051,3.1630946806341935,0.008801874241551873,1.9085559336533833,0.0,1.0,9.755013018916896,9.044522950803175,88.22943913497764,5.004447906423658,9.74187521016509,4.737427303741431,0.1550530686575998
decoupled_0495,isic2018_lesion_ISIC_0035626,clinical_mask,0.755859375,2.75,0.9810148044289672,1.0,0.0,1.0,1.2559879720446798,0.8054110301768991,1.0,0.9811673238788051,0.9811673238788051,3.1630946806341935,0.008801874241551873,1.9085559336533833,0.0,1.0,6.230290040606552,4.24157115293455,26.426218510652177,6.819019809409316,12.183814797633053,5.3647949882237365,0.04361490503026607
decoupled_0496,basal_cell_carcinoma_BCN_0000016844,clinical_mask,0.2169952392578125,2.78125,0.525630021633387,2.4365315915937504,0.9118968473174451,0.6912122095849129,0.35251695750773615,0.5605439495467087,1.44673370367766,0.9482634593695075,0.3891857846789676,5.97055805285277,0.37169938227061444,1.783892277965634,0.35644461962948365,1.0,3.990858013570177,9.595970021195567,38.296153857067516,1.272452201050191,1.9936852151990698,0.7212330141488787,0.13747085647056986
decoupled_0497,benign_nevi_BCN_0000002637,clinical_mask,0.15252685546875,1.30859375,0.4406849487070295,1.417669542590093,0.7088263668179722,0.9852158486102898,1.1192999836144735,0.7212121212121212,1.0150060024009604,0.5266806701684116,0.3715115930375157,3.3506702010670235,0.12587200220725414,1.7585747731755839,0.284992784992785,1.0,6.658023035205055,6.292306636097315,41.894322527709555,3.2833831758548695,5.8974146156204545,2.614031439765585,0.022121892926533746
decoupled_0498,isic2018_lesion_ISIC_0035376,clinical_mask,0.755859375,2.75,0.9810148044289672,1.0,0.0,1.0,1.2559879720446798,0.8054110301768991,1.0,0.9811673238788051,0.9811673238788051,3.1630946806341935,0.008801874241551873,1.9085559336533833,0.0,1.0,6.062913358026277,1.5897064086129709,9.63825222011956,2.752735611446964,6.419999770337761,3.6672641588907973,0.12767750016447782
decoupled_0499,midas_lesion_544,clinical_mask,0.755859375,2.75,0.9810148044289672,1.0,0.0,1.0,1.2559879720446798,0.8054110301768991,1.0,0.9811673238788051,0.9811673238788051,3.1630946806341935,0.008801874241551873,1.9085559336533833,0.0,1.0,9.956363697246754,10.576863984569776,105.30710460668718,7.477772332786536,12.930025716113462,5.452253383326926,0.13235358915826562
decoupled_0500,melanoma_BCN_0000018489,clinical_mask,0.0595855712890625,1.00390625,0.275439114253714,1.3180420505522392,0.6514388593266779,0.8058192323565829,0.7429586708212474,0.5223381487426432,1.2409731113956464,0.3570778055381461,0.27091533641778426,4.1126580779429185,0.2534256500244032,1.6452713136997572,0.4147940074906367,1.0,7.388130915604363,3.522431318014311,26.024183718714557,2.887476005572302,3.7709966325014372,0.8835206269291351,0.13990699050474936
decoupled_0501,midas_lesion_69,clinical_mask,0.755859375,2.75,0.9810148044289672,1.0,0.0,1.0,1.2559879720446798,0.8054110301768991,1.0,0.9811673238788051,0.9811673238788051,3.1630946806341935,0.008801874241551873,1.9085559336533833,0.0,1.0,3.429151486822081,3.121464701641622,10.703975322697012,2.580017368678544,7.613735840156233,5.033718471477689,0.030070710497171187
decoupled_0502,midas_lesion_300,clinical_mask,0.755859375,2.75,0.9810148044289672,1.0,0.0,1.0,1.2559879720446798,0.8054110301768991,1.0,0.9811673238788051,0.9811673238788051,3.1630946806341935,0.008801874241551873,1.9085559336533833,0.0,1.0,6.391805940604151,2.0599266103904172,13.16665114550204,6.366037448504457,10.754889714871517,4.38885226636706,0.20483535725921095
decoupled_0503,isic2018_lesion_ISIC_0035608,clinical_mask,0.755859375,2.75,0.9810148044289672,1.0,0.0,1.0,1.2559879720446798,0.8054110301768991,1.0,0.9811673238788051,0.9811673238788051,3.1630946806341935,0.008801874241551873,1.9085559336533833,0.0,1.0,8.53768228740839,1.8899610067580277,16.13588661129054,4.506834057964139,5.409196833267919,0.9023627753037804,0.1334453584467698
decoupled_0504,isic2018_lesion_ISIC_0035348,clinical_mask,0.755859375,2.75,0.9810148044289672,1.0,0.0,1.0,1.2559879720446798,0.8054110301768991,1.0,0.9811673238788051,0.9811673238788051,3.1630946806341935,0.008801874241551873,1.9085559336533833,0.0,1.0,7.094274145115381,5.870075346574959,41.64392376108594,6.385063510700553,7.828102305277733,1.4430387945771805,0.2873828599700162
decoupled_0505,midas_lesion_544,clinical_mask,0.755859375,2.75,0.9810148044289672,1.0,0.0,1.0,1.2559879720446798,0.8054110301768991,1.0,0.9811673238788051,0.9811673238788051,3.1630946806341935,0.008801874241551873,1.9085559336533833,0.0,1.0,3.469796256751138,1.5185469404594818,5.2690484897072025,3.482685460625843,5.355596441383392,1.8729109807575495,0.34992990615471836
decoupled_0506,isic2018_lesion_ISIC_0035117,clinical_mask,0.755859375,2.75,0.9810148044289672,1.0,0.0,1.0,1.2559879720446798,0.8054110301768991,1.0,0.9811673238788051,0.9811673238788051,3.1630946806341935,0.008801874241551873,1.9085559336533833,0.0,1.0,6.435311868720644,1.256180716952848,8.083914677064671,1.514976861872722,5.432183195542194,3.9172063336694722,0.08011354513129308
decoupled_0507,midas_lesion_138,clinical_mask,0.755859375,2.75,0.9810148044289672,1.0,0.0,1.0,1.2559879720446798,0.8054110301768991,1.0,0.9811673238788051,0.9811673238788051,3.1630946806341935,0.008801874241551873,1.9085559336533833,0.0,1.0,5.036727115570848,7.506581420826123,37.80860218751528,5.502411350234192,8.206435780576639,2.7040244303424465,0.021189214066821258
decoupled_0508,midas_lesion_755,clinical_mask,0.755859375,2.75,0.9810148044289672,1.0,0.0,1.0,1.2559879720446798,0.8054110301768991,1.0,0.9811673238788051,0.9811673238788051,3.1630946806341935,0.008801874241551873,1.9085559336533833,0.0,1.0,8.19234790004947,7.23397742229075,59.2632597445089,4.185206610143028,4.706672760797216,0.521466150654188,0.19550803992323407
decoupled_0509,midas_lesion_138,clinical_mask,0.755859375,2.75,0.9810148044289672,1.0,0.0,1.0,1.2559879720446798,0.8054110301768991,1.0,0.9811673238788051,0.9811673238788051,3.1630946806341935,0.008801874241551873,1.9085559336533833,0.0,1.0,5.932215147030259,1.3331272487490573,7.908397657947934,1.9476738159454314,6.738338327537521,4.79066451159209,0.04061015529520766
decoupled_0510,isic2018_lesion_ISIC_0035642,clinical_mask,0.755859375,2.75,0.9810148044289672,1.0,0.0,1.0,1.2559879720446798,0.8054110301768991,1.0,0.9811673238788051,0.9811673238788051,3.1630946806341935,0.008801874241551873,1.9085559336533833,0.0,1.0,6.058584005678817,1.6686858171378505,10.109873202214468,0.700863545412483,5.622522186675168,4.921658641262685,0.28270880669854115
decoupled_0511,midas_lesion_138,clinical_mask,0.755859375,2.75,0.9810148044289672,1.0,0.0,1.0,1.2559879720446798,0.8054110301768991,1.0,0.9811673238788051,0.9811673238788051,3.1630946806341935,0.008801874241551873,1.9085559336533833,0.0,1.0,6.1115014796084814,4.373641428403777,26.72951606096663,0.7407572202639983,3.18445942690546,2.4437022066414613,0.2961279682419411
decoupled_0512,isic2018_lesion_ISIC_0034579,clinical_mask,0.755859375,2.75,0.9810148044289672,1.0,0.0,1.0,1.2559879720446798,0.8054110301768991,1.0,0.9811673238788051,0.9811673238788051,3.1630946806341935,0.008801874241551873,1.9085559336533833,0.0,1.0,7.827657710960635,1.448069613533281,11.334993276381573,3.9471687654324366,4.4706137031115425,0.5234449376791059,0.1665757353149285
decoupled_0513,isic2018_lesion_ISIC_0034961,clinical_mask,0.755859375,2.75,0.9810148044289672,1.0,0.0,1.0,1.2559879720446798,0.8054110301768991,1.0,0.9811673238788051,0.9811673238788051,3.1630946806341935,0.008801874241551873,1.9085559336533833,0.0,1.0,6.062307631396294,5.5247915373948935,33.49298589902273,1.0508401445031061,6.508948562494421,5.458108417991315,0.19909397845371893
decoupled_0514,midas_lesion_226,clinical_mask,0.755859375,2.75,0.9810148044289672,1.0,0.0,1.0,1.2559879720446798,0.8054110301768991,1.0,0.9811673238788051,0.9811673238788051,3.1630946806341935,0.008801874241551873,1.9085559336533833,0.0,1.0,9.396744022919147,1.511811310181539,14.20610389272994,3.6750549121275013,7.9470131403988304,4.271958228271329,0.1907633825487386
decoupled_0515,benign_nevi_BCN_0000002637,clinical_mask,0.15252685546875,1.30859375,0.4406849487070295,1.417669542590093,0.7088263668179722,0.9852158486102898,1.1192999836144735,0.7212121212121212,1.0150060024009604,0.5266806701684116,0.3715115930375157,3.3506702010670235,0.12587200220725414,1.7585747731755839,0.284992784992785,1.0,9.286980439614366,5.26547647365264,48.9003770160617,7.685354676360957,8.245216984062884,0.5598623077019269,0.13644341633674303
decoupled_0516,midas_lesion_234,clinical_mask,0.755859375,2.75,0.9810148044289672,1.0,0.0,1.0,1.2559879720446798,0.8054110301768991,1.0,0.9811673238788051,0.9811673238788051,3.1630946806341935,0.008801874241551873,1.9085559336533833,0.0,1.0,6.416602862214973,1.213456850569217,7.786270700536805,2.430792723351054,3.8247005485587273,1.3939078252076733,0.1664834869443098
decoupled_0517,isic2018_lesion_ISIC_0035643,clinical_mask,0.755859375,2.75,0.9810148044289672,1.0,0.0,1.0,1.2559879720446798,0.8054110301768991,1.0,0.9811673238788051,0.9811673238788051,3.1630946806341935,0.008801874241551873,1.9085559336533833,0.0,1.0,8.170634496710791,11.530717676680291,94.2132796209169,1.3661098833700196,2.766526348225516,1.4004164648554962,0.1721478609653377
decoupled_0518,midas_lesion_357,clinical_mask,0.755859375,2.75,0.9810148044289672,1.0,0.0,1.0,1.2559879720446798,0.8054110301768991,1.0,0.9811673238788051,0.9811673238788051,3.1630946806341935,0.008801874241551873,1.9085559336533833,0.0,1.0,7.913601665504408,2.185298417943967,17.293581199865525,7.633395643423222,10.93505332975771,3.3016576863344884,0.1175537661273001
decoupled_0519,isic2018_lesion_ISIC_0034906,clinical_mask,0.755859375,2.75,0.9810148044289672,1.0,0.0,1.0,1.2559879720446798,0.8054110301768991,1.0,0.9811673238788051,0.9811673238788051,3.1630946806341935,0.008801874241551873,1.9085559336533833,0.0,1.0,6.881928641327425,9.504729299007332,65.4108687909025,3.547777823446858,5.391386946461928,1.84360912301507,0.2038308024267908
decoupled_0520,midas_lesion_138,clinical_mask,0.755859375,2.75,0.9810148044289672,1.0,0.0,1.0,1.2559879720446798,0.8054110301768991,1.0,0.9811673238788051,0.9811673238788051,3.1630946806341935,0.008801874241551873,1.9085559336533833,0.0,1.0,8.182774482740628,11.59451867281844,94.87533153559846,2.1322579093036427,4.152982078075303,2.0207241687716606,0.346368631214555
decoupled_0521,isic2018_lesion_ISIC_0034753,clinical_mask,0.755859375,2.75,0.9810148044289672,1.0,0.0,1.0,1.2559879720446798,0.8054110301768991,1.0,0.9811673238788051,0.9811673238788051,3.1630946806341935,0.008801874241551873,1.9085559336533833,0.0,1.0,8.792310341754678,8.679246418752829,76.31062804623775,3.6650682642236094,4.998717201696715,1.333648937473106,0.26992059756135284
decoupled_0522,isic2018_lesion_ISIC_0034982,clinical_mask,0.755859375,2.75,0.9810148044289672,1.0,0.0,1.0,1.2559879720446798,0.8054110301768991,1.0,0.9811673238788051,0.9811673238788051,3.1630946806341935,0.008801874241551873,1.9085559336533833,0.0,1.0,8.600757059797044,5.7478033603225915,49.4354603296197,4.630333931905968,8.033089213587445,3.4027552816814772,0.33838289564483837
decoupled_0523,isic2018_lesion_ISIC_0035330,clinical_mask,0.755859375,2.75,0.9810148044289672,1.0,0.0,1.0,1.2559879720446798,0.8054110301768991,1.0,0.9811673238788051,0.9811673238788051,3.1630946806341935,0.008801874241551873,1.9085559336533833,0.0,1.0,4.187047275104477,8.888708057043294,37.21744084944233,3.7348854265655187,7.691711349545271,3.956825922979752,0.17233601785707675
decoupled_0524,midas_lesion_486,clinical_mask,0.755859375,2.75,0.9810148044289672,1.0,0.0,1.0,1.2559879720446798,0.8054110301768991,1.0,0.9811673238788051,0.9811673238788051,3.1630946806341935,0.008801874241551873,1.9085559336533833,0.0,1.0,5.887235909805355,2.6673990721565253,15.70360760338138,3.2046899900039603,5.940728718519577,2.736038728515617,0.13249801125979022
decoupled_0525,isic2018_lesion_ISIC_0035128,clinical_mask,0.755859375,2.75,0.9810148044289672,1.0,0.0,1.0,1.2559879720446798,0.8054110301768991,1.0,0.9811673238788051,0.9811673238788051,3.1630946806341935,0.008801874241551873,1.9085559336533833,0.0,1.0,4.529621506682604,1.5787352135176849,7.151072976506859,4.326573794370001,8.364707026845979,4.038133232475978,0.13897905372287095
decoupled_0526,isic2018_lesion_ISIC_0035643,clinical_mask,0.755859375,2.75,0.9810148044289672,1.0,0.0,1.0,1.2559879720446798,0.8054110301768991,1.0,0.9811673238788051,0.9811673238788051,3.1630946806341935,0.008801874241551873,1.9085559336533833,0.0,1.0,7.7408496730341945,1.1835631631218542,9.161784524267121,6.730794465545315,10.838695202937268,4.107900737391954,0.09557563552706175
decoupled_0527,midas_lesion_647,clinical_mask,0.755859375,2.75,0.9810148044289672,1.0,0.0,1.0,1.2559879720446798,0.8054110301768991,1.0,0.9811673238788051,0.9811673238788051,3.1630946806341935,0.008801874241551873,1.9085559336533833,0.0,1.0,9.143052431206574,2.130238517407406,19.47688245563167,1.8188816193039503,2.68000397139864,0.8611223520946896,0.06738492419055828
decoupled_0528,isic2018_lesion_ISIC_0035915,clinical_mask,0.755859375,2.75,0.9810148044289672,1.0,0.0,1.0,1.2559879720446798,0.8054110301768991,1.0,0.9811673238788051,0.9811673238788051,3.1630946806341935,0.008801874241551873,1.9085559336533833,0.0,1.0,9.365869787093974,5.51141099647249,51.619157736119185,5.187212609874977,10.05159218099297,4.8643795711179925,0.3187052872340199
decoupled_0529,isic2018_lesion_ISIC_0034748,clinical_mask,0.755859375,2.75,0.9810148044289672,1.0,0.0,1.0,1.2559879720446798,0.8054110301768991,1.0,0.9811673238788051,0.9811673238788051,3.1630946806341935,0.008801874241551873,1.9085559336533833,0.0,1.0,8.873416491558288,1.3180502409369197,11.695608744632038,6.929009139187168,11.61961993702456,4.690610797837391,0.1382137708996939
decoupled_0530,isic2018_lesion_ISIC_0035117,clinical_mask,0.755859375,2.75,0.9810148044289672,1.0,0.0,1.0,1.2559879720446798,0.8054110301768991,1.0,0.9811673238788051,0.9811673238788051,3.1630946806341935,0.008801874241551873,1.9085559336533833,0.0,1.0,4.60849368610733,1.4468825687131552,6.667949182453332,7.077527804621804,12.279706701311923,5.2021788966901195,0.2573984445277164
decoupled_0531,isic2018_lesion_ISIC_0034753,clinical_mask,0.755859375,2.75,0.9810148044289672,1.0,0.0,1.0,1.2559879720446798,0.8054110301768991,1.0,0.9811673238788051,0.9811673238788051,3.1630946806341935,0.008801874241551873,1.9085559336533833,0.0,1.0,8.545699559091616,1.4456683429896666,12.354247321279502,5.391223499685973,10.047780509442044,4.656557009756071,0.0820364593597204
decoupled_0532,midas_lesion_300,clinical_mask,0.755859375,2.75,0.9810148044289672,1.0,0.0,1.0,1.2559879720446798,0.8054110301768991,1.0,0.9811673238788051,0.9811673238788051,3.1630946806341935,0.008801874241551873,1.9085559336533833,0.0,1.0,4.1916632668856915,1.5786350125837396,6.617106394066893,1.3779896755574523,4.4931826736091205,3.1151929980516684,0.22090336269646435
decoupled_0533,midas_lesion_619,clinical_mask,0.755859375,2.75,0.9810148044289672,1.0,0.0,1.0,1.2559879720446798,0.8054110301768991,1.0,0.9811673238788051,0.9811673238788051,3.1630946806341935,0.008801874241551873,1.9085559336533833,0.0,1.0,8.303384381121957,1.4993910540168987,12.450020259117904,0.3153756472888563,4.771630351508053,4.456254704219196,0.1665796125387664
decoupled_0534,midas_lesion_226,clinical_mask,0.755859375,2.75,0.9810148044289672,1.0,0.0,1.0,1.2559879720446798,0.8054110301768991,1.0,0.9811673238788051,0.9811673238788051,3.1630946806341935,0.008801874241551873,1.9085559336533833,0.0,1.0,3.917626820465242,2.506915953230535,9.821161175028132,0.5410451197681867,4.850102650503572,4.309057530735385,0.18014930896382866
decoupled_0535,isic2018_lesion_ISIC_0034982,clinical_mask,0.755859375,2.75,0.9810148044289672,1.0,0.0,1.0,1.2559879720446798,0.8054110301768991,1.0,0.9811673238788051,0.9811673238788051,3.1630946806341935,0.008801874241551873,1.9085559336533833,0.0,1.0,9.457602477122833,6.901809670217566,65.27457223367998,7.837227861803162,11.837260764748663,4.0000329029455015,0.23061211303206103
decoupled_0536,ph2_lesion_IMD331,clinical_mask,0.755859375,2.75,0.9810148044289672,1.0,0.0,1.0,1.2559879720446798,0.8054110301768991,1.0,0.9811673238788051,0.9811673238788051,3.1630946806341935,0.008801874241551873,1.9085559336533833,0.0,1.0,3.495849366984769,5.62895409714376,19.677975617286336,1.7748202237293134,2.628983810270678,0.8541635865413646,0.13828781112759542
decoupled_0537,ph2_lesion_IMD312,clinical_mask,0.755859375,2.75,0.9810148044289672,1.0,0.0,1.0,1.2559879720446798,0.8054110301768991,1.0,0.9811673238788051,0.9811673238788051,3.1630946806341935,0.008801874241551873,1.9085559336533833,0.0,1.0,4.556401216034544,3.0876074812372876,14.068378482146933,4.1752489213286506,5.331046542816354,1.1557976214877037,0.2894542695471984
decoupled_0538,isic2018_lesion_ISIC_0035287,clinical_mask,0.755859375,2.75,0.9810148044289672,1.0,0.0,1.0,1.2559879720446798,0.8054110301768991,1.0,0.9811673238788051,0.9811673238788051,3.1630946806341935,0.008801874241551873,1.9085559336533833,0.0,1.0,4.027243724353141,1.499104415034688,6.037258847598534,1.9858816844788632,2.7123843911602044,0.7265027066813412,0.14031087818287113
decoupled_0539,midas_lesion_626,clinical_mask,0.755859375,2.75,0.9810148044289672,1.0,0.0,1.0,1.2559879720446798,0.8054110301768991,1.0,0.9811673238788051,0.9811673238788051,3.1630946806341935,0.008801874241551873,1.9085559336533833,0.0,1.0,9.533022785104395,3.547122891873381,33.81480334979433,4.9260518410328,9.585906130563703,4.659854289530903,0.21280807934992915
decoupled_0540,ph2_lesion_IMD278,clinical_mask,0.755859375,2.75,0.9810148044289672,1.0,0.0,1.0,1.2559879720446798,0.8054110301768991,1.0,0.9811673238788051,0.9811673238788051,3.1630946806341935,0.008801874241551873,1.9085559336533833,0.0,1.0,9.24156629650573,6.387149277003816,59.027263489109416,1.7165415559139772,5.062215478942659,3.3456739230286816,0.03653588235663971
decoupled_0541,midas_lesion_536,clinical_mask,0.755859375,2.75,0.9810148044289672,1.0,0.0,1.0,1.2559879720446798,0.8054110301768991,1.0,0.9811673238788051,0.9811673238788051,3.1630946806341935,0.008801874241551873,1.9085559336533833,0.0,1.0,9.752469950531946,1.6772874911321458,16.35769585566937,2.099734603302787,2.7086537774187227,0.6089191741159357,0.22264336410532956
decoupled_0542,isic2018_lesion_ISIC_0035317,clinical_mask,0.755859375,2.75,0.9810148044289672,1.0,0.0,1.0,1.2559879720446798,0.8054110301768991,1.0,0.9811673238788051,0.9811673238788051,3.1630946806341935,0.008801874241551873,1.9085559336533833,0.0,1.0,5.661690627248319,9.213713900057526,52.16519763010325,7.534803525233305,12.55512261738636,5.020319092153055,0.10117673263952678
decoupled_0543,ph2_lesion_IMD078,clinical_mask,0.755859375,2.75,0.9810148044289672,1.0,0.0,1.0,1.2559879720446798,0.8054110301768991,1.0,0.9811673238788051,0.9811673238788051,3.1630946806341935,0.008801874241551873,1.9085559336533833,0.0,1.0,7.612270732703919,5.33238314759708,40.59154417001686,4.629201105539077,5.352008088742193,0.7228069832031156,0.25965605559448357
decoupled_0544,isic2018_lesion_ISIC_0035078,clinical_mask,0.755859375,2.75,0.9810148044289672,1.0,0.0,1.0,1.2559879720446798,0.8054110301768991,1.0,0.9811673238788051,0.9811673238788051,3.1630946806341935,0.008801874241551873,1.9085559336533833,0.0,1.0,7.565388091757995,2.1506068317350335,16.270175314861614,0.43106577607054347,5.405993183964996,4.9749274078944525,0.3492349091777566
decoupled_0545,ph2_lesion_IMD331,clinical_mask,0.755859375,2.75,0.9810148044289672,1.0,0.0,1.0,1.2559879720446798,0.8054110301768991,1.0,0.9811673238788051,0.9811673238788051,3.1630946806341935,0.008801874241551873,1.9085559336533833,0.0,1.0,7.176382357716221,3.208210285301814,23.023343691283664,3.055821229979581,6.133793968075896,3.0779727380963147,0.09079914797019659
decoupled_0546,isic2018_lesion_ISIC_0035553,clinical_mask,0.755859375,2.75,0.9810148044289672,1.0,0.0,1.0,1.2559879720446798,0.8054110301768991,1.0,0.9811673238788051,0.9811673238788051,3.1630946806341935,0.008801874241551873,1.9085559336533833,0.0,1.0,5.0340241389937805,2.5182977061730396,12.677171442047749,0.972306442574981,1.9201186822977396,0.9478122397227586,0.1264146353469961
decoupled_0547,ph2_lesion_IMD437,clinical_mask,0.755859375,2.75,0.9810148044289672,1.0,0.0,1.0,1.2559879720446798,0.8054110301768991,1.0,0.9811673238788051,0.9811673238788051,3.1630946806341935,0.008801874241551873,1.9085559336533833,0.0,1.0,5.254306153850673,3.018832641651785,15.861870926476259,6.062799981397262,10.207065389112348,4.144265407715086,0.05050412880718786
decoupled_0548,isic2018_lesion_ISIC_0035008,clinical_mask,0.755859375,2.75,0.9810148044289672,1.0,0.0,1.0,1.2559879720446798,0.8054110301768991,1.0,0.9811673238788051,0.9811673238788051,3.1630946806341935,0.008801874241551873,1.9085559336533833,0.0,1.0,5.997620543219535,4.598430570097282,27.579641653784172,1.6304093497834913,2.8023493339975216,1.1719399842140303,0.2911956251578251
decoupled_0549,midas_lesion_76,clinical_mask,0.755859375,2.75,0.9810148044289672,1.0,0.0,1.0,1.2559879720446798,0.8054110301768991,1.0,0.9811673238788051,0.9811673238788051,3.1630946806341935,0.008801874241551873,1.9085559336533833,0.0,1.0,9.071123798922486,9.279044274840096,84.17135935275743,2.1679658464517066,5.897578356422408,3.7296125099707016,0.2144184168894478
decoupled_0550,midas_lesion_143,clinical_mask,0.755859375,2.75,0.9810148044289672,1.0,0.0,1.0,1.2559879720446798,0.8054110301768991,1.0,0.9811673238788051,0.9811673238788051,3.1630946806341935,0.008801874241551873,1.9085559336533833,0.0,1.0,4.936769951608609,2.9409399943783874,14.518744193731214,6.181189144505972,8.071370681762145,1.890181537256173,0.3045822865438016
decoupled_0551,isic2018_lesion_ISIC_0034579,clinical_mask,0.755859375,2.75,0.9810148044289672,1.0,0.0,1.0,1.2559879720446798,0.8054110301768991,1.0,0.9811673238788051,0.9811673238788051,3.1630946806341935,0.008801874241551873,1.9085559336533833,0.0,1.0,3.7998846475131236,6.694728632211731,25.439196548807892,7.775588381139973,12.842658687230141,5.0670703060901685,0.20225094952792982
decoupled_0552,ph2_lesion_IMD437,clinical_mask,0.755859375,2.75,0.9810148044289672,1.0,0.0,1.0,1.2559879720446798,0.8054110301768991,1.0,0.9811673238788051,0.9811673238788051,3.1630946806341935,0.008801874241551873,1.9085559336533833,0.0,1.0,9.206335726095695,4.928263124225696,45.37124486815901,7.315642086980561,11.728073317241801,4.41243123026124,0.32248234487896577
decoupled_0553,midas_lesion_442,clinical_mask,0.755859375,2.75,0.9810148044289672,1.0,0.0,1.0,1.2559879720446798,0.8054110301768991,1.0,0.9811673238788051,0.9811673238788051,3.1630946806341935,0.008801874241551873,1.9085559336533833,0.0,1.0,9.959415314450936,2.761598130989287,27.50390271813379,0.37933639189948165,4.42501255873557,4.045676166836088,0.34569190858189497
decoupled_0554,isic2018_lesion_ISIC_0035008,clinical_mask,0.755859375,2.75,0.9810148044289672,1.0,0.0,1.0,1.2559879720446798,0.8054110301768991,1.0,0.9811673238788051,0.9811673238788051,3.1630946806341935,0.008801874241551873,1.9085559336533833,0.0,1.0,6.154771803616772,3.7334126890006303,22.978303149526152,4.7620456000147176,9.524842623882428,4.76279702386771,0.20827466914499157
decoupled_0555,isic2018_lesion_ISIC_0034982,clinical_mask,0.755859375,2.75,0.9810148044289672,1.0,0.0,1.0,1.2559879720446798,0.8054110301768991,1.0,0.9811673238788051,0.9811673238788051,3.1630946806341935,0.008801874241551873,1.9085559336533833,0.0,1.0,8.036525912948338,4.304537431761405,34.59352661360662,0.9425084096305909,3.0835651112410023,2.1410567016104114,0.3019644894013039
decoupled_0556,isic2018_lesion_ISIC_0034669,clinical_mask,0.755859375,2.75,0.9810148044289672,1.0,0.0,1.0,1.2559879720446798,0.8054110301768991,1.0,0.9811673238788051,0.9811673238788051,3.1630946806341935,0.008801874241551873,1.9085559336533833,0.0,1.0,4.228260092130672,7.172875792378756,30.328784458725263,2.6135941650752113,3.766877024163622,1.1532828590884106,0.15055607703698126
decoupled_0557,isic2018_lesion_ISIC_0035119,clinical_mask,0.755859375,2.75,0.9810148044289672,1.0,0.0,1.0,1.2559879720446798,0.8054110301768991,1.0,0.9811673238788051,0.9811673238788051,3.1630946806341935,0.008801874241551873,1.9085559336533833,0.0,1.0,5.93600464838514,1.3193643028256419,7.831752634486429,2.5309700540670583,6.539771327746983,4.008801273679925,0.3494269320192305
decoupled_0558,ph2_lesion_IMD312,clinical_mask,0.755859375,2.75,0.9810148044289672,1.0,0.0,1.0,1.2559879720446798,0.8054110301768991,1.0,0.9811673238788051,0.9811673238788051,3.1630946806341935,0.008801874241551873,1.9085559336533833,0.0,1.0,9.823802164612943,3.5494885906535885,34.869473700131664,4.238188579190332,7.352378626113145,3.114190046922813,0.2068776107989107
decoupled_0559,benign_nevi_BCN_0000002637,clinical_mask,0.15252685546875,1.30859375,0.4406849487070295,1.417669542590093,0.7088263668179722,0.9852158486102898,1.1192999836144735,0.7212121212121212,1.0150060024009604,0.5266806701684116,0.3715115930375157,3.3506702010670235,0.12587200220725414,1.7585747731755839,0.284992784992785,1.0,6.18863270236824,1.161729503039043,7.189517193813426,7.982109644276675,12.60740642852732,4.6252967842506445,0.18806396473892067
decoupled_0560,midas_lesion_277,clinical_mask,0.755859375,2.75,0.9810148044289672,1.0,0.0,1.0,1.2559879720446798,0.8054110301768991,1.0,0.9811673238788051,0.9811673238788051,3.1630946806341935,0.008801874241551873,1.9085559336533833,0.0,1.0,7.632014125668714,11.218883058874932,85.62267397955891,1.5528603423867733,6.967302168614881,5.414441826228108,0.3142002806688968
decoupled_0561,midas_lesion_640,clinical_mask,0.755859375,2.75,0.9810148044289672,1.0,0.0,1.0,1.2559879720446798,0.8054110301768991,1.0,0.9811673238788051,0.9811673238788051,3.1630946806341935,0.008801874241551873,1.9085559336533833,0.0,1.0,7.553603212922483,3.720162803569353,28.100633705636177,2.46432649285833,3.9884522126678417,1.5241257198095117,0.13169625220222228
decoupled_0562,ph2_lesion_IMD057,clinical_mask,0.755859375,2.75,0.9810148044289672,1.0,0.0,1.0,1.2559879720446798,0.8054110301768991,1.0,0.9811673238788051,0.9811673238788051,3.1630946806341935,0.008801874241551873,1.9085559336533833,0.0,1.0,6.230462281862997,1.4889707796931106,9.276976281674065,7.253193910287311,10.499779210097621,3.2465852998103104,0.03709058641234572
decoupled_0563,isic2018_lesion_ISIC_0035078,clinical_mask,0.755859375,2.75,0.9810148044289672,1.0,0.0,1.0,1.2559879720446798,0.8054110301768991,1.0,0.9811673238788051,0.9811673238788051,3.1630946806341935,0.008801874241551873,1.9085559336533833,0.0,1.0,4.610235993144746,1.5482065410314012,7.1375975202850945,2.748961017030796,8.03721705588627,5.288256038855474,0.24736207562051724
decoupled_0564,midas_lesion_805,clinical_mask,0.755859375,2.75,0.9810148044289672,1.0,0.0,1.0,1.2559879720446798,0.8054110301768991,1.0,0.9811673238788051,0.9811673238788051,3.1630946806341935,0.008801874241551873,1.9085559336533833,0.0,1.0,4.263715703410796,3.7819663091377085,16.125229142041015,3.4665871221837223,8.537263940845317,5.070676818661595,0.058239085712492034
decoupled_0565,midas_lesion_138,clinical_mask,0.755859375,2.75,0.9810148044289672,1.0,0.0,1.0,1.2559879720446798,0.8054110301768991,1.0,0.9811673238788051,0.9811673238788051,3.1630946806341935,0.008801874241551873,1.9085559336533833,0.0,1.0,6.0329435374080616,1.4688784273139788,8.861660615301986,1.7587976142004271,3.2257974387807913,1.4669998245803642,0.025501509449829828
decoupled_0566,midas_lesion_76,clinical_mask,0.755859375,2.75,0.9810148044289672,1.0,0.0,1.0,1.2559879720446798,0.8054110301768991,1.0,0.9811673238788051,0.9811673238788051,3.1630946806341935,0.008801874241551873,1.9085559336533833,0.0,1.0,3.2547243433013735,7.1262584477598985,23.1940068465812,2.725313210445934,7.137727919702597,4.412414709256662,0.09722390311477258
decoupled_0567,isic2018_lesion_ISIC_0035915,clinical_mask,0.755859375,2.75,0.9810148044289672,1.0,0.0,1.0,1.2559879720446798,0.8054110301768991,1.0,0.9811673238788051,0.9811673238788051,3.1630946806341935,0.008801874241551873,1.9085559336533833,0.0,1.0,9.07034773734268,1.5965631140649061,14.481382629183404,3.450744174788943,5.456780105739526,2.0060359309505826,0.3106414418729212
decoupled_0568,isic2018_lesion_ISIC_0035117,clinical_mask,0.755859375,2.75,0.9810148044289672,1.0,0.0,1.0,1.2559879720446798,0.8054110301768991,1.0,0.9811673238788051,0.9811673238788051,3.1630946806341935,0.008801874241551873,1.9085559336533833,0.0,1.0,6.713144254803341,1.7203079428740902,11.548675383197752,6.6170504417693,7.50378806621052,0.8867376244412197,0.09233354665349862
decoupled_0569,isic2018_lesion_ISIC_0035149,clinical_mask,0.755859375,2.75,0.9810148044289672,1.0,0.0,1.0,1.2559879720446798,0.8054110301768991,1.0,0.9811673238788051,0.9811673238788051,3.1630946806341935,0.008801874241551873,1.9085559336533833,0.0,1.0,9.860524015778223,2.028013418111013,19.997275013604128,2.5808796229756936,3.5979396737567737,1.01706005078108,0.2540305347129914
decoupled_0570,isic2018_lesion_ISIC_0035842,clinical_mask,0.755859375,2.75,0.9810148044289672,1.0,0.0,1.0,1.2559879720446798,0.8054110301768991,1.0,0.9811673238788051,0.9811673238788051,3.1630946806341935,0.008801874241551873,1.9085559336533833,0.0,1.0,8.60442975786345,1.2268908764721251,10.556696367167923,7.328951543110002,9.566506853190726,2.2375553100807233,0.14247740588055854
decoupled_0571,melanoma_BCN_0000018489,clinical_mask,0.0595855712890625,1.00390625,0.275439114253714,1.3180420505522392,0.6514388593266779,0.8058192323565829,0.7429586708212474,0.5223381487426432,1.2409731113956464,0.3570778055381461,0.27091533641778426,4.1126580779429185,0.2534256500244032,1.6452713136997572,0.4147940074906367,1.0,7.821231782893177,3.967168026116324,31.028140653938582,6.30250768289457,8.104920934598656,1.8024132517040865,0.3199800919922249
decoupled_0572,isic2018_lesion_ISIC_0035553,clinical_mask,0.755859375,2.75,0.9810148044289672,1.0,0.0,1.0,1.2559879720446798,0.8054110301768991,1.0,0.9811673238788051,0.9811673238788051,3.1630946806341935,0.008801874241551873,1.9085559336533833,0.0,1.0,8.240425790752354,7.344274613870607,60.51994994250714,7.024264157452087,12.415541092867096,5.391276935415009,0.21617865422973195
decoupled_0573,isic2018_lesion_ISIC_0035691,clinical_mask,0.755859375,2.75,0.9810148044289672,1.0,0.0,1.0,1.2559879720446798,0.8054110301768991,1.0,0.9811673238788051,0.9811673238788051,3.1630946806341935,0.008801874241551873,1.9085559336533833,0.0,1.0,6.196573803210931,1.497541551384029,9.27962674652613,2.0657105633016,7.108460525142754,5.042749961841154,0.17941878096699684
decoupled_0574,midas_lesion_357,clinical_mask,0.755859375,2.75,0.9810148044289672,1.0,0.0,1.0,1.2559879720446798,0.8054110301768991,1.0,0.9811673238788051,0.9811673238788051,3.1630946806341935,0.008801874241551873,1.9085559336533833,0.0,1.0,4.093365204038239,2.2889444140233137,9.36948541834073,7.618164204359979,11.523818018743546,3.905653814383567,0.15041712446379477
decoupled_0575,midas_lesion_640,clinical_mask,0.755859375,2.75,0.9810148044289672,1.0,0.0,1.0,1.2559879720446798,0.8054110301768991,1.0,0.9811673238788051,0.9811673238788051,3.1630946806341935,0.008801874241551873,1.9085559336533833,0.0,1.0,7.841781989754093,5.255004714744119,41.20860132815327,7.62662001024948,9.630725124770045,2.0041051145205646,0.1750898097289228
decoupled_0576,isic2018_lesion_ISIC_0035372,clinical_mask,0.755859375,2.75,0.9810148044289672,1.0,0.0,1.0,1.2559879720446798,0.8054110301768991,1.0,0.9811673238788051,0.9811673238788051,3.1630946806341935,0.008801874241551873,1.9085559336533833,0.0,1.0,8.356778562310506,1.7720388658018793,14.808536405314168,6.775840342533117,11.88173330068308,5.105892958149964,0.09805939429334082
decoupled_0577,midas_lesion_442,clinical_mask,0.755859375,2.75,0.9810148044289672,1.0,0.0,1.0,1.2559879720446798,0.8054110301768991,1.0,0.9811673238788051,0.9811673238788051,3.1630946806341935,0.008801874241551873,1.9085559336533833,0.0,1.0,7.646573965072294,10.903958058437276,83.37792180588671,7.342839033933677,9.37861900474162,2.0357799708079423,0.32573097682321384
decoupled_0578,isic2018_lesion_ISIC_0035643,clinical_mask,0.755859375,2.75,0.9810148044289672,1.0,0.0,1.0,1.2559879720446798,0.8054110301768991,1.0,0.9811673238788051,0.9811673238788051,3.1630946806341935,0.008801874241551873,1.9085559336533833,0.0,1.0,7.469744967075023,2.665104136124525,19.907648207547,5.172787152842892,6.1785671202797285,1.0057799674368368,0.1892545782420703
decoupled_0579,midas_lesion_647,clinical_mask,0.755859375,2.75,0.9810148044289672,1.0,0.0,1.0,1.2559879720446798,0.8054110301768991,1.0,0.9811673238788051,0.9811673238788051,3.1630946806341935,0.008801874241551873,1.9085559336533833,0.0,1.0,4.6057372146938675,2.971982005522741,13.688168124236604,5.156970527378326,7.150490020671107,1.9935194932927809,0.10716720808646937
decoupled_0580,isic2018_lesion_ISIC_0035149,clinical_mask,0.755859375,2.75,0.9810148044289672,1.0,0.0,1.0,1.2559879720446798,0.8054110301768991,1.0,0.9811673238788051,0.9811673238788051,3.1630946806341935,0.008801874241551873,1.9085559336533833,0.0,1.0,7.542867138228245,5.090232634096764,38.39494846166548,4.817326044566702,8.727338196303332,3.9100121517366304,0.04452399765083435
decoupled_0581,midas_lesion_140,clinical_mask,0.755859375,2.75,0.9810148044289672,1.0,0.0,1.0,1.2559879720446798,0.8054110301768991,1.0,0.9811673238788051,0.9811673238788051,3.1630946806341935,0.008801874241551873,1.9085559336533833,0.0,1.0,6.06653772178415,2.983993138897625,18.10250693866753,5.88750302670828,10.47990979108464,4.592406764376361,0.2079213799274959
decoupled_0582,isic2018_lesion_ISIC_0035008,clinical_mask,0.755859375,2.75,0.9810148044289672,1.0,0.0,1.0,1.2559879720446798,0.8054110301768991,1.0,0.9811673238788051,0.9811673238788051,3.1630946806341935,0.008801874241551873,1.9085559336533833,0.0,1.0,9.356953822885924,5.545159920310781,51.88580531486577,4.068125124165189,5.438110573355236,1.3699854491900476,0.056014574319071656
decoupled_0583,isic2018_lesion_ISIC_0034579,clinical_mask,0.755859375,2.75,0.9810148044289672,1.0,0.0,1.0,1.2559879720446798,0.8054110301768991,1.0,0.9811673238788051,0.9811673238788051,3.1630946806341935,0.008801874241551873,1.9085559336533833,0.0,1.0,3.7852377257944445,1.4633175363226336,5.539004743305015,5.319081242365689,7.581078195956099,2.26199695359041,0.2671595041633625
decoupled_0584,ph2_lesion_IMD433,clinical_mask,0.755859375,2.75,0.9810148044289672,1.0,0.0,1.0,1.2559879720446798,0.8054110301768991,1.0,0.9811673238788051,0.9811673238788051,3.1630946806341935,0.008801874241551873,1.9085559336533833,0.0,1.0,8.423122020261086,4.169303572184874,35.118552728023616,4.3200437869983315,7.450021805592663,3.129978018594332,0.1691381413196623
decoupled_0585,isic2018_lesion_ISIC_0035330,clinical_mask,0.755859375,2.75,0.9810148044289672,1.0,0.0,1.0,1.2559879720446798,0.8054110301768991,1.0,0.9811673238788051,0.9811673238788051,3.1630946806341935,0.008801874241551873,1.9085559336533833,0.0,1.0,8.84260529542527,1.3869291377887114,12.264066938190064,5.826046405336188,6.3329827500382905,0.5069363447021029,0.06917204095785602
decoupled_0586,isic2018_lesion_ISIC_0035915,clinical_mask,0.755859375,2.75,0.9810148044289672,1.0,0.0,1.0,1.2559879720446798,0.8054110301768991,1.0,0.9811673238788051,0.9811673238788051,3.1630946806341935,0.008801874241551873,1.9085559336533833,0.0,1.0,8.682968872678229,7.004453679218773,60.8194532667731,6.677421504453786,11.276237829845817,4.598816325392031,0.029194952911392822
decoupled_0587,isic2018_lesion_ISIC_0034753,clinical_mask,0.755859375,2.75,0.9810148044289672,1.0,0.0,1.0,1.2559879720446798,0.8054110301768991,1.0,0.9811673238788051,0.9811673238788051,3.1630946806341935,0.008801874241551873,1.9085559336533833,0.0,1.0,7.130872518078065,1.1506333779160363,8.205019932964795,1.1774311993483375,4.778151942801032,3.600720743452695,0.20593666930861537
decoupled_0588,ph2_lesion_IMD437,clinical_mask,0.755859375,2.75,0.9810148044289672,1.0,0.0,1.0,1.2559879720446798,0.8054110301768991,1.0,0.9811673238788051,0.9811673238788051,3.1630946806341935,0.008801874241551873,1.9085559336533833,0.0,1.0,3.4251400260478384,2.5535786938389395,8.74636459393071,2.9061539643843535,4.053247240404971,1.1470932760206178,0.23633406047696173
decoupled_0589,midas_lesion_805,clinical_mask,0.755859375,2.75,0.9810148044289672,1.0,0.0,1.0,1.2559879720446798,0.8054110301768991,1.0,0.9811673238788051,0.9811673238788051,3.1630946806341935,0.008801874241551873,1.9085559336533833,0.0,1.0,7.7404540381919675,2.5822951020149754,19.988136550195154,2.0520889849147763,6.528036626757574,4.475947641842797,0.3315169954979422
decoupled_0590,isic2018_lesion_ISIC_0035368,clinical_mask,0.755859375,2.75,0.9810148044289672,1.0,0.0,1.0,1.2559879720446798,0.8054110301768991,1.0,0.9811673238788051,0.9811673238788051,3.1630946806341935,0.008801874241551873,1.9085559336533833,0.0,1.0,8.452710378643442,1.503686711448273,12.710228272087043,4.805037208272632,6.408292297687689,1.6032550894150575,0.1336246031957708
decoupled_0591,isic2018_lesion_ISIC_0034748,clinical_mask,0.755859375,2.75,0.9810148044289672,1.0,0.0,1.0,1.2559879720446798,0.8054110301768991,1.0,0.9811673238788051,0.9811673238788051,3.1630946806341935,0.008801874241551873,1.9085559336533833,0.0,1.0,3.0895144184853027,4.610806658499751,14.245153652283019,1.4336774447255252,3.3101637861106656,1.8764863413851405,0.2517203878801321
decoupled_0592,isic2018_lesion_ISIC_0034961,clinical_mask,0.755859375,2.75,0.9810148044289672,1.0,0.0,1.0,1.2559879720446798,0.8054110301768991,1.0,0.9811673238788051,0.9811673238788051,3.1630946806341935,0.008801874241551873,1.9085559336533833,0.0,1.0,8.838847835616946,5.415650308888164,47.8681090111744,3.7167184800860356,8.62225869724018,4.905540217154146,0.07194259292541029
decoupled_0593,isic2018_lesion_ISIC_0035368,clinical_mask,0.755859375,2.75,0.9810148044289672,1.0,0.0,1.0,1.2559879720446798,0.8054110301768991,1.0,0.9811673238788051,0.9811673238788051,3.1630946806341935,0.008801874241551873,1.9085559336533833,0.0,1.0,9.14759936937098,9.38309965263738,85.83283646521076,2.378484641277231,4.461067960074336,2.0825833187971052,0.2760063232882229
decoupled_0594,isic2018_lesion_ISIC_0035001,clinical_mask,0.755859375,2.75,0.9810148044289672,1.0,0.0,1.0,1.2559879720446798,0.8054110301768991,1.0,0.9811673238788051,0.9811673238788051,3.1630946806341935,0.008801874241551873,1.9085559336533833,0.0,1.0,8.44122446478278,11.70263902411581,98.78460283288804,4.396365148937366,9.34355335130714,4.947188202369774,0.26773865748025927
decoupled_0595,ph2_lesion_IMD312,clinical_mask,0.755859375,2.75,0.9810148044289672,1.0,0.0,1.0,1.2559879720446798,0.8054110301768991,1.0,0.9811673238788051,0.9811673238788051,3.1630946806341935,0.008801874241551873,1.9085559336533833,0.0,1.0,8.637791058542863,1.1791545209410876,10.18529037762532,2.110767302231725,3.6293052201005285,1.5185379178688034,0.16027961058798224
decoupled_0596,isic2018_lesion_ISIC_0035128,clinical_mask,0.755859375,2.75,0.9810148044289672,1.0,0.0,1.0,1.2559879720446798,0.8054110301768991,1.0,0.9811673238788051,0.9811673238788051,3.1630946806341935,0.008801874241551873,1.9085559336533833,0.0,1.0,4.0939530777974795,11.191412525840398,45.81711775506557,0.8244155952138104,2.5960076867148105,1.7715920915010002,0.025475060341339506
decoupled_0597,ph2_lesion_IMD031,clinical_mask,0.755859375,2.75,0.9810148044289672,1.0,0.0,1.0,1.2559879720446798,0.8054110301768991,1.0,0.9811673238788051,0.9811673238788051,3.1630946806341935,0.008801874241551873,1.9085559336533833,0.0,1.0,4.131036630050017,6.589623479707223,27.221975972908194,5.22157291638375,6.206584195423654,0.9850112790399033,0.07429626315731586
decoupled_0598,isic2018_lesion_ISIC_0035029,clinical_mask,0.755859375,2.75,0.9810148044289672,1.0,0.0,1.0,1.2559879720446798,0.8054110301768991,1.0,0.9811673238788051,0.9811673238788051,3.1630946806341935,0.008801874241551873,1.9085559336533833,0.0,1.0,3.6551494947501864,5.488222689412958,20.060274390284285,6.886214941716811,11.336726546533754,4.450511604816943,0.311491952943587
decoupled_0599,ph2_lesion_IMD437,clinical_mask,0.755859375,2.75,0.9810148044289672,1.0,0.0,1.0,1.2559879720446798,0.8054110301768991,1.0,0.9811673238788051,0.9811673238788051,3.1630946806341935,0.008801874241551873,1.9085559336533833,0.0,1.0,9.939722773942945,1.1494261879758956,11.424977657590434,3.102413609112489,3.7579460081351383,0.6555323990226491,0.2564796882070953
decoupled_0600,midas_lesion_69,clinical_mask,0.755859375,2.75,0.9810148044289672,1.0,0.0,1.0,1.2559879720446798,0.8054110301768991,1.0,0.9811673238788051,0.9811673238788051,3.1630946806341935,0.008801874241551873,1.9085559336533833,0.0,1.0,6.4976030129588445,8.782470130600633,57.065004381811725,3.691512870748816,5.022403088621672,1.3308902178728563,0.13389662100881317
decoupled_0601,squamous_cell_carcinoma_BCN_0000004833,clinical_mask,0.164306640625,2.015625,0.45738573688555156,1.8852126082925396,0.8477198850396415,0.7619317176720326,0.5082126929549741,0.4817897091722595,1.3124535661218424,0.702400355573212,0.37258415973007136,4.972584571971463,0.32249627842615697,1.80638791826563,0.43843400447427294,1.0,5.3761637571023115,8.783408032255199,47.22103992685173,2.5437388411815225,7.529986712963032,4.98624787178151,0.1409406840768343
decoupled_0602,isic2018_lesion_ISIC_0035691,clinical_mask,0.755859375,2.75,0.9810148044289672,1.0,0.0,1.0,1.2559879720446798,0.8054110301768991,1.0,0.9811673238788051,0.9811673238788051,3.1630946806341935,0.008801874241551873,1.9085559336533833,0.0,1.0,6.8206316906183435,3.112990446851357,21.232561294386525,1.3663795326611627,4.393591721854985,3.027212189193823,0.24984368195504736
decoupled_0603,ph2_lesion_IMD430,clinical_mask,0.755859375,2.75,0.9810148044289672,1.0,0.0,1.0,1.2559879720446798,0.8054110301768991,1.0,0.9811673238788051,0.9811673238788051,3.1630946806341935,0.008801874241551873,1.9085559336533833,0.0,1.0,6.948490488895918,7.131818810949012,49.555375176408205,5.988040032943161,7.8826633475759955,1.8946233146328346,0.13374579722072844
decoupled_0604,midas_lesion_143,clinical_mask,0.755859375,2.75,0.9810148044289672,1.0,0.0,1.0,1.2559879720446798,0.8054110301768991,1.0,0.9811673238788051,0.9811673238788051,3.1630946806341935,0.008801874241551873,1.9085559336533833,0.0,1.0,7.794269507522451,2.9759629363649958,23.19545717042666,7.121298141938319,8.384705643837693,1.2634075018993736,0.228730974237106
decoupled_0605,ph2_lesion_IMD430,clinical_mask,0.755859375,2.75,0.9810148044289672,1.0,0.0,1.0,1.2559879720446798,0.8054110301768991,1.0,0.9811673238788051,0.9811673238788051,3.1630946806341935,0.008801874241551873,1.9085559336533833,0.0,1.0,3.7836798958469373,2.5889385019070916,9.79571456124995,3.485617872687592,5.450100569708479,1.9644826970208866,0.24085517081964497
decoupled_0606,isic2018_lesion_ISIC_0035317,clinical_mask,0.755859375,2.75,0.9810148044289672,1.0,0.0,1.0,1.2559879720446798,0.8054110301768991,1.0,0.9811673238788051,0.9811673238788051,3.1630946806341935,0.008801874241551873,1.9085559336533833,0.0,1.0,4.639291262766191,1.3791529471757416,6.39829221785066,0.9000522874690684,4.797900623985385,3.897848336516317,0.08844814472019658
decoupled_0607,isic2018_lesion_ISIC_0035372,clinical_mask,0.755859375,2.75,0.9810148044289672,1.0,0.0,1.0,1.2559879720446798,0.8054110301768991,1.0,0.9811673238788051,0.9811673238788051,3.1630946806341935,0.008801874241551873,1.9085559336533833,0.0,1.0,7.689695460938434,7.14776867844974,54.964164362512875,7.786343422982775,12.917169777103767,5.130826354120993,0.2169168815512332
decoupled_0608,isic2018_lesion_ISIC_0035915,clinical_mask,0.755859375,2.75,0.9810148044289672,1.0,0.0,1.0,1.2559879720446798,0.8054110301768991,1.0,0.9811673238788051,0.9811673238788051,3.1630946806341935,0.008801874241551873,1.9085559336533833,0.0,1.0,8.568768221945488,1.1055068150090088,9.472831665593365,1.0130740183427336,3.522978575054972,2.509904556712238,0.1245276183021571
decoupled_0609,midas_lesion_442,clinical_mask,0.755859375,2.75,0.9810148044289672,1.0,0.0,1.0,1.2559879720446798,0.8054110301768991,1.0,0.9811673238788051,0.9811673238788051,3.1630946806341935,0.008801874241551873,1.9085559336533833,0.0,1.0,3.1076360680960207,4.757100261374688,14.783336351796988,2.3658370173702568,3.1750011314680386,0.8091641140977819,0.1062142835568034
decoupled_0610,ph2_lesion_IMD430,clinical_mask,0.755859375,2.75,0.9810148044289672,1.0,0.0,1.0,1.2559879720446798,0.8054110301768991,1.0,0.9811673238788051,0.9811673238788051,3.1630946806341935,0.008801874241551873,1.9085559336533833,0.0,1.0,5.106832065098747,7.584715145380092,38.733866509067155,2.6935567899199047,5.697657739211904,3.004100949291999,0.24609631584171668
decoupled_0611,isic2018_lesion_ISIC_0035630,clinical_mask,0.755859375,2.75,0.9810148044289672,1.0,0.0,1.0,1.2559879720446798,0.8054110301768991,1.0,0.9811673238788051,0.9811673238788051,3.1630946806341935,0.008801874241551873,1.9085559336533833,0.0,1.0,3.2022156213379245,3.4829543421136404,11.153170802723054,2.1447960414425613,7.317314465682527,5.172518424239966,0.13777966640935535
decoupled_0612,midas_lesion_69,clinical_mask,0.755859375,2.75,0.9810148044289672,1.0,0.0,1.0,1.2559879720446798,0.8054110301768991,1.0,0.9811673238788051,0.9811673238788051,3.1630946806341935,0.008801874241551873,1.9085559336533833,0.0,1.0,3.4778615213191033,3.0094902301511115,10.466590270228323,1.3375432991474192,4.632000501920079,3.2944572027726604,0.3286570911920603
decoupled_0613,isic2018_lesion_ISIC_0035626,clinical_mask,0.755859375,2.75,0.9810148044289672,1.0,0.0,1.0,1.2559879720446798,0.8054110301768991,1.0,0.9811673238788051,0.9811673238788051,3.1630946806341935,0.008801874241551873,1.9085559336533833,0.0,1.0,5.7749866416718945,1.644823296020535,9.498832562429325,3.2294673419646576,6.54967315353527,3.3202058115706126,0.20408292797182087
decoupled_0614,isic2018_lesion_ISIC_0035626,clinical_mask,0.755859375,2.75,0.9810148044289672,1.0,0.0,1.0,1.2559879720446798,0.8054110301768991,1.0,0.9811673238788051,0.9811673238788051,3.1630946806341935,0.008801874241551873,1.9085559336533833,0.0,1.0,7.326318944014925,10.939938276531427,80.14947704170618,7.414060479785704,9.750171577445107,2.336111097659403,0.020789099516039793
decoupled_0615,midas_lesion_357,clinical_mask,0.755859375,2.75,0.9810148044289672,1.0,0.0,1.0,1.2559879720446798,0.8054110301768991,1.0,0.9811673238788051,0.9811673238788051,3.1630946806341935,0.008801874241551873,1.9085559336533833,0.0,1.0,3.694311996163612,1.7481804292048186,6.458323931069813,1.7291443550754286,6.750674773185367,5.021530418109939,0.25826762100484135
decoupled_0616,ph2_lesion_IMD256,clinical_mask,0.755859375,2.75,0.9810148044289672,1.0,0.0,1.0,1.2559879720446798,0.8054110301768991,1.0,0.9811673238788051,0.9811673238788051,3.1630946806341935,0.008801874241551873,1.9085559336533833,0.0,1.0,4.174652192467084,5.776635486963793,24.11544400073656,1.1521285887541313,6.574662991901975,5.422534403147844,0.22968644114951045
decoupled_0617,isic2018_lesion_ISIC_0035443,clinical_mask,0.755859375,2.75,0.9810148044289672,1.0,0.0,1.0,1.2559879720446798,0.8054110301768991,1.0,0.9811673238788051,0.9811673238788051,3.1630946806341935,0.008801874241551873,1.9085559336533833,0.0,1.0,8.006179984192798,1.1428352111744329,9.149744392935494,1.1229030197850676,2.393149371933572,1.2702463521485046,0.24811007878020302
decoupled_0618,midas_lesion_640,clinical_mask,0.755859375,2.75,0.9810148044289672,1.0,0.0,1.0,1.2559879720446798,0.8054110301768991,1.0,0.9811673238788051,0.9811673238788051,3.1630946806341935,0.008801874241551873,1.9085559336533833,0.0,1.0,7.164641232511364,2.436895126024464,17.459479299220853,1.7376901496129893,4.692172853950132,2.954482704337143,0.03437416733097179
decoupled_0619,isic2018_lesion_ISIC_0035368,clinical_mask,0.755859375,2.75,0.9810148044289672,1.0,0.0,1.0,1.2559879720446798,0.8054110301768991,1.0,0.9811673238788051,0.9811673238788051,3.1630946806341935,0.008801874241551873,1.9085559336533833,0.0,1.0,7.55573954091397,1.3407561373829466,10.130404161947412,1.1592270429523972,6.613225425916209,5.453998382963812,0.16613031027659853
decoupled_0620,ph2_lesion_IMD398,clinical_mask,0.755859375,2.75,0.9810148044289672,1.0,0.0,1.0,1.2559879720446798,0.8054110301768991,1.0,0.9811673238788051,0.9811673238788051,3.1630946806341935,0.008801874241551873,1.9085559336533833,0.0,1.0,9.092760948323583,4.47392790268978,40.68035691919286,0.37522079571098255,4.1238754906672686,3.748654694956286,0.08467771267512872
decoupled_0621,midas_lesion_564,clinical_mask,0.755859375,2.75,0.9810148044289672,1.0,0.0,1.0,1.2559879720446798,0.8054110301768991,1.0,0.9811673238788051,0.9811673238788051,3.1630946806341935,0.008801874241551873,1.9085559336533833,0.0,1.0,7.213717864908779,4.389342354716865,31.663477359421815,6.982606829820721,12.110587691909686,5.127980862088965,0.21181140564757675
decoupled_0622,isic2018_lesion_ISIC_0034733,clinical_mask,0.755859375,2.75,0.9810148044289672,1.0,0.0,1.0,1.2559879720446798,0.8054110301768991,1.0,0.9811673238788051,0.9811673238788051,3.1630946806341935,0.008801874241551873,1.9085559336533833,0.0,1.0,8.369376547647345,3.7518629068694045,31.400753422740788,1.5232988112639312,3.7476183229511775,2.2243195116872463,0.15932521245822157
decoupled_0623,isic2018_lesion_ISIC_0034585,clinical_mask,0.755859375,2.75,0.9810148044289672,1.0,0.0,1.0,1.2559879720446798,0.8054110301768991,1.0,0.9811673238788051,0.9811673238788051,3.1630946806341935,0.008801874241551873,1.9085559336533833,0.0,1.0,8.105992243171357,1.7153842850393648,13.904891708587135,6.616157732611575,7.227056631507853,0.610898898896278,0.003733150500823995
decoupled_0624,midas_lesion_76,clinical_mask,0.755859375,2.75,0.9810148044289672,1.0,0.0,1.0,1.2559879720446798,0.8054110301768991,1.0,0.9811673238788051,0.9811673238788051,3.1630946806341935,0.008801874241551873,1.9085559336533833,0.0,1.0,6.036551803821002,1.1381912396171427,6.870750380604125,5.180237678506708,9.216171237547577,4.03593355904087,0.19129989584997203
decoupled_0625,isic2018_lesion_ISIC_0035117,clinical_mask,0.755859375,2.75,0.9810148044289672,1.0,0.0,1.0,1.2559879720446798,0.8054110301768991,1.0,0.9811673238788051,0.9811673238788051,3.1630946806341935,0.008801874241551873,1.9085559336533833,0.0,1.0,8.855225042731583,4.726335645843908,41.85276577143192,1.7567889353268966,6.872122280684234,5.115333345357337,0.2729537561059766
decoupled_0626,isic2018_lesion_ISIC_0035421,clinical_mask,0.755859375,2.75,0.9810148044289672,1.0,0.0,1.0,1.2559879720446798,0.8054110301768991,1.0,0.9811673238788051,0.9811673238788051,3.1630946806341935,0.008801874241551873,1.9085559336533833,0.0,1.0,7.757295437699604,5.865274147648961,45.49866438641472,3.533588850252516,4.551165362535629,1.0175765122831133,0.33513599817389156
decoupled_0627,midas_lesion_640,clinical_mask,0.755859375,2.75,0.9810148044289672,1.0,0.0,1.0,1.2559879720446798,0.8054110301768991,1.0,0.9811673238788051,0.9811673238788051,3.1630946806341935,0.008801874241551873,1.9085559336533833,0.0,1.0,8.170153745549191,1.5291674263252617,12.493532975763154,2.9322347445370838,7.261591230742477,4.329356486205393,0.13779045855968866
decoupled_0628,isic2018_lesion_ISIC_0034982,clinical_mask,0.755859375,2.75,0.9810148044289672,1.0,0.0,1.0,1.2559879720446798,0.8054110301768991,1.0,0.9811673238788051,0.9811673238788051,3.1630946806341935,0.008801874241551873,1.9085559336533833,0.0,1.0,9.055258427160023,2.7963910388330793,25.322043520028014,5.8213762801261595,10.32515085761794,4.503774577491781,0.27435986752611424
decoupled_0629,isic2018_lesion_ISIC_0034982,clinical_mask,0.755859375,2.75,0.9810148044289672,1.0,0.0,1.0,1.2559879720446798,0.8054110301768991,1.0,0.9811673238788051,0.9811673238788051,3.1630946806341935,0.008801874241551873,1.9085559336533833,0.0,1.0,9.175690302647372,10.268701844130193,94.2224279319626,0.6836868738279034,6.025752612201314,5.342065738373411,0.2494187351396617
decoupled_0630,isic2018_lesion_ISIC_0035287,clinical_mask,0.755859375,2.75,0.9810148044289672,1.0,0.0,1.0,1.2559879720446798,0.8054110301768991,1.0,0.9811673238788051,0.9811673238788051,3.1630946806341935,0.008801874241551873,1.9085559336533833,0.0,1.0,7.994790831570378,4.049253392389613,32.37293389618173,2.118032633751796,5.607677015579663,3.489644381827867,0.11184474341781621
decoupled_0631,isic2018_lesion_ISIC_0035348,clinical_mask,0.755859375,2.75,0.9810148044289672,1.0,0.0,1.0,1.2559879720446798,0.8054110301768991,1.0,0.9811673238788051,0.9811673238788051,3.1630946806341935,0.008801874241551873,1.9085559336533833,0.0,1.0,9.959837078207297,1.1783268175838537,11.735943128017672,7.111610682372915,9.04669068587252,1.9350800034996043,0.06258016264438095
decoupled_0632,ph2_lesion_IMD057,clinical_mask,0.755859375,2.75,0.9810148044289672,1.0,0.0,1.0,1.2559879720446798,0.8054110301768991,1.0,0.9811673238788051,0.9811673238788051,3.1630946806341935,0.008801874241551873,1.9085559336533833,0.0,1.0,8.768614080148488,4.425984065902157,38.80974619878251,2.6741657537457364,6.538589269415611,3.8644235156698743,0.030162984580930318
decoupled_0633,midas_lesion_640,clinical_mask,0.755859375,2.75,0.9810148044289672,1.0,0.0,1.0,1.2559879720446798,0.8054110301768991,1.0,0.9811673238788051,0.9811673238788051,3.1630946806341935,0.008801874241551873,1.9085559336533833,0.0,1.0,6.88577968835788,4.166648133464152,28.690621085941732,3.0245906260881616,3.860817548920419,0.8362269228322572,0.22236002114208397
decoupled_0634,isic2018_lesion_ISIC_0035078,clinical_mask,0.755859375,2.75,0.9810148044289672,1.0,0.0,1.0,1.2559879720446798,0.8054110301768991,1.0,0.9811673238788051,0.9811673238788051,3.1630946806341935,0.008801874241551873,1.9085559336533833,0.0,1.0,8.504995125828827,2.3784879023387835,20.229028016234185,0.28873964554306775,4.543395483012599,4.254655837469532,0.227901344417023
decoupled_0635,isic2018_lesion_ISIC_0034585,clinical_mask,0.755859375,2.75,0.9810148044289672,1.0,0.0,1.0,1.2559879720446798,0.8054110301768991,1.0,0.9811673238788051,0.9811673238788051,3.1630946806341935,0.008801874241551873,1.9085559336533833,0.0,1.0,4.1123399089322366,1.3230673247707434,5.440902561858937,5.577138045616269,10.723879218039334,5.146741172423066,0.2937210359021224
decoupled_0636,benign_nevi_BCN_0000002637,clinical_mask,0.15252685546875,1.30859375,0.4406849487070295,1.417669542590093,0.7088263668179722,0.9852158486102898,1.1192999836144735,0.7212121212121212,1.0150060024009604,0.5266806701684116,0.3715115930375157,3.3506702010670235,0.12587200220725414,1.7585747731755839,0.284992784992785,1.0,3.2935924759065496,3.212729206540358,10.581420741786543,3.6620144049790224,5.207302718777475,1.5452883137984528,0.11854021502193253
decoupled_0637,isic2018_lesion_ISIC_0035117,clinical_mask,0.755859375,2.75,0.9810148044289672,1.0,0.0,1.0,1.2559879720446798,0.8054110301768991,1.0,0.9811673238788051,0.9811673238788051,3.1630946806341935,0.008801874241551873,1.9085559336533833,0.0,1.0,6.375629249451255,3.794952245281904,24.19520853529002,6.225914246458557,11.33649890524785,5.110584658789294,0.2844690922595205
decoupled_0638,midas_lesion_138,clinical_mask,0.755859375,2.75,0.9810148044289672,1.0,0.0,1.0,1.2559879720446798,0.8054110301768991,1.0,0.9811673238788051,0.9811673238788051,3.1630946806341935,0.008801874241551873,1.9085559336533833,0.0,1.0,3.278002320450708,1.3565966277971637,4.446926893834708,5.39523730148822,5.93319298409631,0.5379556826080902,0.12998669093943885
decoupled_0639,ph2_lesion_IMD312,clinical_mask,0.755859375,2.75,0.9810148044289672,1.0,0.0,1.0,1.2559879720446798,0.8054110301768991,1.0,0.9811673238788051,0.9811673238788051,3.1630946806341935,0.008801874241551873,1.9085559336533833,0.0,1.0,3.158888181358922,1.3098900211329607,4.137796106636898,7.048127092966103,7.60226957484452,0.5541424818784169,0.05047919913440862
decoupled_0640,isic2018_lesion_ISIC_0035553,clinical_mask,0.755859375,2.75,0.9810148044289672,1.0,0.0,1.0,1.2559879720446798,0.8054110301768991,1.0,0.9811673238788051,0.9811673238788051,3.1630946806341935,0.008801874241551873,1.9085559336533833,0.0,1.0,4.793903600893717,1.451784205316374,6.959713529586789,5.850959922375838,9.630456080447619,3.7794961580717805,0.10671385066127743
decoupled_0641,isic2018_lesion_ISIC_0034585,clinical_mask,0.755859375,2.75,0.9810148044289672,1.0,0.0,1.0,1.2559879720446798,0.8054110301768991,1.0,0.9811673238788051,0.9811673238788051,3.1630946806341935,0.008801874241551873,1.9085559336533833,0.0,1.0,7.842967184550383,2.4590804622649127,19.286487369712695,1.8375817962398873,4.2350074659618855,2.397425669721998,0.34751613479784843
decoupled_0642,isic2018_lesion_ISIC_0035608,clinical_mask,0.755859375,2.75,0.9810148044289672,1.0,0.0,1.0,1.2559879720446798,0.8054110301768991,1.0,0.9811673238788051,0.9811673238788051,3.1630946806341935,0.008801874241551873,1.9085559336533833,0.0,1.0,4.590651028477084,1.4498656230719822,6.6558271137089635,1.2889038823588752,5.094531594037982,3.805627711679107,0.3077812184053615
decoupled_0643,midas_lesion_415,clinical_mask,0.755859375,2.75,0.9810148044289672,1.0,0.0,1.0,1.2559879720446798,0.8054110301768991,1.0,0.9811673238788051,0.9811673238788051,3.1630946806341935,0.008801874241551873,1.9085559336533833,0.0,1.0,5.218889095090491,1.7086558840080022,8.917285560311566,4.426237513172348,6.505761861795275,2.079524348622927,0.16528357742823316
decoupled_0644,isic2018_lesion_ISIC_0035317,clinical_mask,0.755859375,2.75,0.9810148044289672,1.0,0.0,1.0,1.2559879720446798,0.8054110301768991,1.0,0.9811673238788051,0.9811673238788051,3.1630946806341935,0.008801874241551873,1.9085559336533833,0.0,1.0,7.695351591024362,5.713576196796913,43.967977676460045,4.1016933633960875,7.7350069714037275,3.63331360800764,0.30996593707763354
decoupled_0645,isic2018_lesion_ISIC_0035330,clinical_mask,0.755859375,2.75,0.9810148044289672,1.0,0.0,1.0,1.2559879720446798,0.8054110301768991,1.0,0.9811673238788051,0.9811673238788051,3.1630946806341935,0.008801874241551873,1.9085559336533833,0.0,1.0,7.921370031851633,1.3251774565108705,10.49722099089058,7.382404151939821,8.639422013162452,1.2570178612226313,0.30504684613054406
decoupled_0646,isic2018_lesion_ISIC_0035008,clinical_mask,0.755859375,2.75,0.9810148044289672,1.0,0.0,1.0,1.2559879720446798,0.8054110301768991,1.0,0.9811673238788051,0.9811673238788051,3.1630946806341935,0.008801874241551873,1.9085559336533833,0.0,1.0,5.67176148308563,3.828745222034524,21.71572967888355,6.030565202141617,6.907196426592297,0.87663122445068,0.0712061966213817
decoupled_0647,isic2018_lesion_ISIC_0035128,clinical_mask,0.755859375,2.75,0.9810148044289672,1.0,0.0,1.0,1.2559879720446798,0.8054110301768991,1.0,0.9811673238788051,0.9811673238788051,3.1630946806341935,0.008801874241551873,1.9085559336533833,0.0,1.0,6.9559538514468855,5.1557003008117706,35.8628133643375,5.127954359687033,10.627796471927969,5.499842112240936,0.3447535745904978
decoupled_0648,ph2_lesion_IMD430,clinical_mask,0.755859375,2.75,0.9810148044289672,1.0,0.0,1.0,1.2559879720446798,0.8054110301768991,1.0,0.9811673238788051,0.9811673238788051,3.1630946806341935,0.008801874241551873,1.9085559336533833,0.0,1.0,3.4071092613250666,3.1342645226029417,10.678781682403072,4.704185407725703,9.259710657676152,4.555525249950449,0.27894648038532904
decoupled_0649,isic2018_lesion_ISIC_0035882,clinical_mask,0.755859375,2.75,0.9810148044289672,1.0,0.0,1.0,1.2559879720446798,0.8054110301768991,1.0,0.9811673238788051,0.9811673238788051,3.1630946806341935,0.008801874241551873,1.9085559336533833,0.0,1.0,3.4834609198102995,3.205172998358409,11.165094881012719,2.409138099783187,4.719307115567507,2.31016901578432,0.16185339021818212
decoupled_0650,midas_lesion_357,clinical_mask,0.755859375,2.75,0.9810148044289672,1.0,0.0,1.0,1.2559879720446798,0.8054110301768991,1.0,0.9811673238788051,0.9811673238788051,3.1630946806341935,0.008801874241551873,1.9085559336533833,0.0,1.0,3.674927648549029,5.728688775640559,21.052516771533973,4.565023684523632,6.698337543586575,2.1333138590629437,0.14345386087393952
decoupled_0651,isic2018_lesion_ISIC_0035626,clinical_mask,0.755859375,2.75,0.9810148044289672,1.0,0.0,1.0,1.2559879720446798,0.8054110301768991,1.0,0.9811673238788051,0.9811673238788051,3.1630946806341935,0.008801874241551873,1.9085559336533833,0.0,1.0,9.767989657102396,6.561343005995396,64.09113061926418,1.3652873727846502,6.3296631122381815,4.964375739453532,0.16573856873937262
decoupled_0652,isic2018_lesion_ISIC_0034585,clinical_mask,0.755859375,2.75,0.9810148044289672,1.0,0.0,1.0,1.2559879720446798,0.8054110301768991,1.0,0.9811673238788051,0.9811673238788051,3.1630946806341935,0.008801874241551873,1.9085559336533833,0.0,1.0,8.015846049919077,4.402909247953322,35.29304270335881,2.6575575152475843,5.989218120543465,3.331660605295881,0.14864287456988934
decoupled_0653,ph2_lesion_IMD078,clinical_mask,0.755859375,2.75,0.9810148044289672,1.0,0.0,1.0,1.2559879720446798,0.8054110301768991,1.0,0.9811673238788051,0.9811673238788051,3.1630946806341935,0.008801874241551873,1.9085559336533833,0.0,1.0,4.8557623111281885,4.185393513639291,20.32327608077005,5.461307968542313,6.235588643805387,0.774280675263074,0.09164293894756831
decoupled_0654,isic2018_lesion_ISIC_0034982,clinical_mask,0.755859375,2.75,0.9810148044289672,1.0,0.0,1.0,1.2559879720446798,0.8054110301768991,1.0,0.9811673238788051,0.9811673238788051,3.1630946806341935,0.008801874241551873,1.9085559336533833,0.0,1.0,8.301813941910105,9.560333529421303,79.36811018386041,4.964809149470252,8.892441736612202,3.92763258714195,0.02511506882155726
decoupled_0655,midas_lesion_143,clinical_mask,0.755859375,2.75,0.9810148044289672,1.0,0.0,1.0,1.2559879720446798,0.8054110301768991,1.0,0.9811673238788051,0.9811673238788051,3.1630946806341935,0.008801874241551873,1.9085559336533833,0.0,1.0,8.881695576035387,10.586171135113231,94.0231493378887,7.71815011632822,12.757223215901895,5.039073099573676,0.3329777282586582
decoupled_0656,isic2018_lesion_ISIC_0035421,clinical_mask,0.755859375,2.75,0.9810148044289672,1.0,0.0,1.0,1.2559879720446798,0.8054110301768991,1.0,0.9811673238788051,0.9811673238788051,3.1630946806341935,0.008801874241551873,1.9085559336533833,0.0,1.0,5.76746538864952,9.433164153716206,54.40544776200756,7.188359424899673,10.177214177214097,2.988854752314424,0.0835309207528647
decoupled_0657,basal_cell_carcinoma_BCN_0000016844,clinical_mask,0.2169952392578125,2.78125,0.525630021633387,2.4365315915937504,0.9118968473174451,0.6912122095849129,0.35251695750773615,0.5605439495467087,1.44673370367766,0.9482634593695075,0.3891857846789676,5.97055805285277,0.37169938227061444,1.783892277965634,0.35644461962948365,1.0,5.210099869200789,1.3528504372407713,7.048485886116373,0.5719766355872469,3.3091618807879684,2.7371852452007213,0.2111868533019684
decoupled_0658,isic2018_lesion_ISIC_0035608,clinical_mask,0.755859375,2.75,0.9810148044289672,1.0,0.0,1.0,1.2559879720446798,0.8054110301768991,1.0,0.9811673238788051,0.9811673238788051,3.1630946806341935,0.008801874241551873,1.9085559336533833,0.0,1.0,9.756076907992695,7.334534375269996,71.55628144945024,1.5065219558657617,4.484291999349662,2.9777700434839005,0.08829659270386706
decoupled_0659,isic2018_lesion_ISIC_0035882,clinical_mask,0.755859375,2.75,0.9810148044289672,1.0,0.0,1.0,1.2559879720446798,0.8054110301768991,1.0,0.9811673238788051,0.9811673238788051,3.1630946806341935,0.008801874241551873,1.9085559336533833,0.0,1.0,7.545172575358284,1.3672190850370127,10.315903944927713,7.682897432679202,9.403964771329159,1.7210673386499566,0.25341555035324453
decoupled_0660,midas_lesion_178,clinical_mask,0.755859375,2.75,0.9810148044289672,1.0,0.0,1.0,1.2559879720446798,0.8054110301768991,1.0,0.9811673238788051,0.9811673238788051,3.1630946806341935,0.008801874241551873,1.9085559336533833,0.0,1.0,5.518604146859561,1.6374385186969116,9.036374999508352,3.608731144724619,9.047336104763716,5.438604960039097,0.07520439230935928
decoupled_0661,midas_lesion_442,clinical_mask,0.755859375,2.75,0.9810148044289672,1.0,0.0,1.0,1.2559879720446798,0.8054110301768991,1.0,0.9811673238788051,0.9811673238788051,3.1630946806341935,0.008801874241551873,1.9085559336533833,0.0,1.0,7.005828586251446,1.6607002551621532,11.634581320810083,4.306331525126314,5.236625014497139,0.9302934893708246,0.010545840893907048
decoupled_0662,benign_nevi_BCN_0000002637,clinical_mask,0.15252685546875,1.30859375,0.4406849487070295,1.417669542590093,0.7088263668179722,0.9852158486102898,1.1192999836144735,0.7212121212121212,1.0150060024009604,0.5266806701684116,0.3715115930375157,3.3506702010670235,0.12587200220725414,1.7585747731755839,0.284992784992785,1.0,5.534552004327647,1.3169101250895883,7.288507572333954,4.319351016378865,4.843377765284079,0.5240267489052144,0.2237337076250329
decoupled_0663,isic2018_lesion_ISIC_0035421,clinical_mask,0.755859375,2.75,0.9810148044289672,1.0,0.0,1.0,1.2559879720446798,0.8054110301768991,1.0,0.9811673238788051,0.9811673238788051,3.1630946806341935,0.008801874241551873,1.9085559336533833,0.0,1.0,4.610853291403628,1.3850093433569863,6.386074889442338,2.9694371809237516,6.889244243885932,3.91980706296218,0.2695262803822856
decoupled_0664,isic2018_lesion_ISIC_0035287,clinical_mask,0.755859375,2.75,0.9810148044289672,1.0,0.0,1.0,1.2559879720446798,0.8054110301768991,1.0,0.9811673238788051,0.9811673238788051,3.1630946806341935,0.008801874241551873,1.9085559336533833,0.0,1.0,9.661592718628922,1.3293675770846929,12.843808103142841,5.934068041996509,8.549025535755092,2.614957493758583,0.27684775313375987
decoupled_0665,ph2_lesion_IMD031,clinical_mask,0.755859375,2.75,0.9810148044289672,1.0,0.0,1.0,1.2559879720446798,0.8054110301768991,1.0,0.9811673238788051,0.9811673238788051,3.1630946806341935,0.008801874241551873,1.9085559336533833,0.0,1.0,8.664049670717418,1.9254197156790616,16.681932053622,6.855872360711025,12.093662099464241,5.237789738753216,0.109144530223829
decoupled_0666,midas_lesion_69,clinical_mask,0.755859375,2.75,0.9810148044289672,1.0,0.0,1.0,1.2559879720446798,0.8054110301768991,1.0,0.9811673238788051,0.9811673238788051,3.1630946806341935,0.008801874241551873,1.9085559336533833,0.0,1.0,9.911749398856081,2.1454323339898065,21.264987646709862,6.90456076712886,8.980205472487443,2.0756447053585827,0.26053724637778336
decoupled_0667,midas_lesion_300,clinical_mask,0.755859375,2.75,0.9810148044289672,1.0,0.0,1.0,1.2559879720446798,0.8054110301768991,1.0,0.9811673238788051,0.9811673238788051,3.1630946806341935,0.008801874241551873,1.9085559336533833,0.0,1.0,9.014932650627433,5.5418764544987695,49.95964299540435,7.768919837204862,8.505531657668735,0.7366118204638727,0.24259022137255182
decoupled_0668,midas_lesion_805,clinical_mask,0.755859375,2.75,0.9810148044289672,1.0,0.0,1.0,1.2559879720446798,0.8054110301768991,1.0,0.9811673238788051,0.9811673238788051,3.1630946806341935,0.008801874241551873,1.9085559336533833,0.0,1.0,5.065107779950511,1.7648147525944797,8.938976933537734,3.249972693010182,7.353977546402655,4.104004853392473,0.07080198870190098
decoupled_0669,melanoma_BCN_0000018489,clinical_mask,0.0595855712890625,1.00390625,0.275439114253714,1.3180420505522392,0.6514388593266779,0.8058192323565829,0.7429586708212474,0.5223381487426432,1.2409731113956464,0.3570778055381461,0.27091533641778426,4.1126580779429185,0.2534256500244032,1.6452713136997572,0.4147940074906367,1.0,8.045768548829153,1.1205771719700162,9.015904566772274,7.663024252672953,11.163983247901907,3.500958995228954,0.12268405083242422
decoupled_0670,isic2018_lesion_ISIC_0034906,clinical_mask,0.755859375,2.75,0.9810148044289672,1.0,0.0,1.0,1.2559879720446798,0.8054110301768991,1.0,0.9811673238788051,0.9811673238788051,3.1630946806341935,0.008801874241551873,1.9085559336533833,0.0,1.0,3.960748049137898,4.346864502930189,17.216835099847525,4.148863045619528,7.4511537800790695,3.3022907344595414,0.1948942883365099
decoupled_0671,isic2018_lesion_ISIC_0035368,clinical_mask,0.755859375,2.75,0.9810148044289672,1.0,0.0,1.0,1.2559879720446798,0.8054110301768991,1.0,0.9811673238788051,0.9811673238788051,3.1630946806341935,0.008801874241551873,1.9085559336533833,0.0,1.0,6.317462124749509,1.5594426901434766,9.851720130698899,4.798657732908598,6.3828405744317775,1.5841828415231793,0.09875613643951764
decoupled_0672,benign_nevi_BCN_0000002637,clinical_mask,0.15252685546875,1.30859375,0.4406849487070295,1.417669542590093,0.7088263668179722,0.9852158486102898,1.1192999836144735,0.7212121212121212,1.0150060024009604,0.5266806701684116,0.3715115930375157,3.3506702010670235,0.12587200220725414,1.7585747731755839,0.284992784992785,1.0,7.3843185535683675,2.4936771534190862,18.41410647060211,5.609480007893849,10.713215355742825,5.103735347848977,0.2229078886506586
decoupled_0673,midas_lesion_415,clinical_mask,0.755859375,2.75,0.9810148044289672,1.0,0.0,1.0,1.2559879720446798,0.8054110301768991,1.0,0.9811673238788051,0.9811673238788051,3.1630946806341935,0.008801874241551873,1.9085559336533833,0.0,1.0,6.930253950066504,1.4483211128538636,10.037233113320204,1.1770641414113137,2.9846102727450248,1.8075461313337111,0.3023802130943032
decoupled_0674,midas_lesion_536,clinical_mask,0.755859375,2.75,0.9810148044289672,1.0,0.0,1.0,1.2559879720446798,0.8054110301768991,1.0,0.9811673238788051,0.9811673238788051,3.1630946806341935,0.008801874241551873,1.9085559336533833,0.0,1.0,5.477264894520688,1.499280850697386,8.211958370551905,4.885673318088861,9.832763816554,4.947090498465139,0.0064918225176494974
decoupled_0675,ph2_lesion_IMD078,clinical_mask,0.755859375,2.75,0.9810148044289672,1.0,0.0,1.0,1.2559879720446798,0.8054110301768991,1.0,0.9811673238788051,0.9811673238788051,3.1630946806341935,0.008801874241551873,1.9085559336533833,0.0,1.0,4.8291821390940495,3.303265242686947,15.952069510673976,2.3870082501177015,7.592775291935312,5.2057670418176105,0.19611738405987716
decoupled_0676,midas_lesion_300,clinical_mask,0.755859375,2.75,0.9810148044289672,1.0,0.0,1.0,1.2559879720446798,0.8054110301768991,1.0,0.9811673238788051,0.9811673238788051,3.1630946806341935,0.008801874241551873,1.9085559336533833,0.0,1.0,7.79312773056756,7.2372629872019605,56.400914878973815,7.500292145476388,8.816933470851241,1.316641325374853,0.14328003746833803
decoupled_0677,isic2018_lesion_ISIC_0034733,clinical_mask,0.755859375,2.75,0.9810148044289672,1.0,0.0,1.0,1.2559879720446798,0.8054110301768991,1.0,0.9811673238788051,0.9811673238788051,3.1630946806341935,0.008801874241551873,1.9085559336533833,0.0,1.0,3.9199932058907274,1.4555210931798712,5.705632796295739,0.9449598770392671,6.434612234786136,5.489652357746869,0.3349705645502937
decoupled_0678,benign_nevi_BCN_0000002637,clinical_mask,0.15252685546875,1.30859375,0.4406849487070295,1.417669542590093,0.7088263668179722,0.9852158486102898,1.1192999836144735,0.7212121212121212,1.0150060024009604,0.5266806701684116,0.3715115930375157,3.3506702010670235,0.12587200220725414,1.7585747731755839,0.284992784992785,1.0,9.052529270499715,3.486406105732173,31.56079332098942,2.368236468723788,7.329970550383177,4.9617340816593885,0.1267251238865915
decoupled_0679,isic2018_lesion_ISIC_0034748,clinical_mask,0.755859375,2.75,0.9810148044289672,1.0,0.0,1.0,1.2559879720446798,0.8054110301768991,1.0,0.9811673238788051,0.9811673238788051,3.1630946806341935,0.008801874241551873,1.9085559336533833,0.0,1.0,6.8209084543635115,9.562392099578766,65.22420111595565,7.239914875344982,12.013896085502239,4.773981210157257,0.23980253636877408
decoupled_0680,isic2018_lesion_ISIC_0034970,clinical_mask,0.755859375,2.75,0.9810148044289672,1.0,0.0,1.0,1.2559879720446798,0.8054110301768991,1.0,0.9811673238788051,0.9811673238788051,3.1630946806341935,0.008801874241551873,1.9085559336533833,0.0,1.0,5.867052104431595,5.953472423262552,34.92933290957802,3.649611301539049,7.600959987141167,3.9513486856021176,0.25217288919394276
decoupled_0681,benign_nevi_BCN_0000002637,clinical_mask,0.15252685546875,1.30859375,0.4406849487070295,1.417669542590093,0.7088263668179722,0.9852158486102898,1.1192999836144735,0.7212121212121212,1.0150060024009604,0.5266806701684116,0.3715115930375157,3.3506702010670235,0.12587200220725414,1.7585747731755839,0.284992784992785,1.0,5.260255508541804,3.117388209491051,16.398258501238573,6.215371285449038,10.17785850628208,3.962487220833042,0.34073654071327963
decoupled_0682,midas_lesion_275,clinical_mask,0.755859375,2.75,0.9810148044289672,1.0,0.0,1.0,1.2559879720446798,0.8054110301768991,1.0,0.9811673238788051,0.9811673238788051,3.1630946806341935,0.008801874241551873,1.9085559336533833,0.0,1.0,9.872909091846868,1.3986979643517037,13.809217848995642,7.126848234463936,11.303706883814627,4.176858649350691,0.27362660511155107
decoupled_0683,midas_lesion_544,clinical_mask,0.755859375,2.75,0.9810148044289672,1.0,0.0,1.0,1.2559879720446798,0.8054110301768991,1.0,0.9811673238788051,0.9811673238788051,3.1630946806341935,0.008801874241551873,1.9085559336533833,0.0,1.0,6.2200029563672175,3.4339681288410766,21.359291913462297,3.8470357015799523,6.65449013934166,2.8074544377617077,0.26494608376124024
decoupled_0684,isic2018_lesion_ISIC_0035348,clinical_mask,0.755859375,2.75,0.9810148044289672,1.0,0.0,1.0,1.2559879720446798,0.8054110301768991,1.0,0.9811673238788051,0.9811673238788051,3.1630946806341935,0.008801874241551873,1.9085559336533833,0.0,1.0,4.079153335624856,5.553216247811056,22.652420580704614,3.6157070043116013,5.772991583973667,2.1572845796620657,0.17451001569521787
decoupled_0685,midas_lesion_138,clinical_mask,0.755859375,2.75,0.9810148044289672,1.0,0.0,1.0,1.2559879720446798,0.8054110301768991,1.0,0.9811673238788051,0.9811673238788051,3.1630946806341935,0.008801874241551873,1.9085559336533833,0.0,1.0,3.899004783621576,8.880293738493725,34.62430776635176,6.752425707339841,8.225892999466671,1.4734672921268306,0.15383863677161014
decoupled_0686,ph2_lesion_IMD031,clinical_mask,0.755859375,2.75,0.9810148044289672,1.0,0.0,1.0,1.2559879720446798,0.8054110301768991,1.0,0.9811673238788051,0.9811673238788051,3.1630946806341935,0.008801874241551873,1.9085559336533833,0.0,1.0,5.228060721595872,9.584502643322601,50.1083618055867,1.993906323687896,5.239557019316915,3.2456506956290188,0.279422437619257
decoupled_0687,midas_lesion_234,clinical_mask,0.755859375,2.75,0.9810148044289672,1.0,0.0,1.0,1.2559879720446798,0.8054110301768991,1.0,0.9811673238788051,0.9811673238788051,3.1630946806341935,0.008801874241551873,1.9085559336533833,0.0,1.0,3.47813264221228,7.125751706971463,24.784309612317315,3.5324789982781652,7.003319155121114,3.4708401568429483,0.0025163373978268565
decoupled_0688,midas_lesion_76,clinical_mask,0.755859375,2.75,0.9810148044289672,1.0,0.0,1.0,1.2559879720446798,0.8054110301768991,1.0,0.9811673238788051,0.9811673238788051,3.1630946806341935,0.008801874241551873,1.9085559336533833,0.0,1.0,4.8591776894646355,1.5504505071755132,7.5339145130863825,2.311251701971094,4.315116774760063,2.003865072788969,0.22585435358603734
decoupled_0689,isic2018_lesion_ISIC_0035210,clinical_mask,0.755859375,2.75,0.9810148044289672,1.0,0.0,1.0,1.2559879720446798,0.8054110301768991,1.0,0.9811673238788051,0.9811673238788051,3.1630946806341935,0.008801874241551873,1.9085559336533833,0.0,1.0,9.827578055682908,1.2007695100212572,11.800656086618025,5.425979781551278,6.6735475059410545,1.2475677243897767,0.24489504817828722
decoupled_0690,isic2018_lesion_ISIC_0035117,clinical_mask,0.755859375,2.75,0.9810148044289672,1.0,0.0,1.0,1.2559879720446798,0.8054110301768991,1.0,0.9811673238788051,0.9811673238788051,3.1630946806341935,0.008801874241551873,1.9085559336533833,0.0,1.0,7.976831542463592,1.5758549368883785,12.570329366918191,0.9930085808824438,5.6856631031328835,4.692654522250439,0.05632672478024658
decoupled_0691,midas_lesion_143,clinical_mask,0.755859375,2.75,0.9810148044289672,1.0,0.0,1.0,1.2559879720446798,0.8054110301768991,1.0,0.9811673238788051,0.9811673238788051,3.1630946806341935,0.008801874241551873,1.9085559336533833,0.0,1.0,5.308487262370811,2.0134732727812863,10.688497221683527,6.99369765578632,8.515756191801627,1.5220585360153063,0.3448454045842031
decoupled_0692,midas_lesion_218,clinical_mask,0.755859375,2.75,0.9810148044289672,1.0,0.0,1.0,1.2559879720446798,0.8054110301768991,1.0,0.9811673238788051,0.9811673238788051,3.1630946806341935,0.008801874241551873,1.9085559336533833,0.0,1.0,3.94654953474954,9.829750702206272,38.79359806049613,3.7496847684620422,9.038527489967258,5.288842721505215,0.1025468362584113
decoupled_0693,isic2018_lesion_ISIC_0035626,clinical_mask,0.755859375,2.75,0.9810148044289672,1.0,0.0,1.0,1.2559879720446798,0.8054110301768991,1.0,0.9811673238788051,0.9811673238788051,3.1630946806341935,0.008801874241551873,1.9085559336533833,0.0,1.0,5.850894074796262,8.523033028183916,49.867363443894114,5.165073600375207,8.144699556547804,2.9796259561725975,0.3320944330258473
decoupled_0694,isic2018_lesion_ISIC_0034733,clinical_mask,0.755859375,2.75,0.9810148044289672,1.0,0.0,1.0,1.2559879720446798,0.8054110301768991,1.0,0.9811673238788051,0.9811673238788051,3.1630946806341935,0.008801874241551873,1.9085559336533833,0.0,1.0,6.813176228925107,5.339390769731555,36.378210269277155,6.908448447854572,10.531169376086286,3.622720928231714,0.12173741293317027
decoupled_0695,ph2_lesion_IMD331,clinical_mask,0.755859375,2.75,0.9810148044289672,1.0,0.0,1.0,1.2559879720446798,0.8054110301768991,1.0,0.9811673238788051,0.9811673238788051,3.1630946806341935,0.008801874241551873,1.9085559336533833,0.0,1.0,6.389906070134628,1.531609779316312,9.78684262593086,0.9703712903602701,5.236673160335728,4.266301869975458,0.13562134095536263
decoupled_0696,melanoma_BCN_0000018489,clinical_mask,0.0595855712890625,1.00390625,0.275439114253714,1.3180420505522392,0.6514388593266779,0.8058192323565829,0.7429586708212474,0.5223381487426432,1.2409731113956464,0.3570778055381461,0.27091533641778426,4.1126580779429185,0.2534256500244032,1.6452713136997572,0.4147940074906367,1.0,3.969280990043935,1.5438339289000529,6.12791066576782,4.243415160077966,9.736608842403648,5.493193682325682,0.2610706129579103
decoupled_0697,isic2018_lesion_ISIC_0035117,clinical_mask,0.755859375,2.75,0.9810148044289672,1.0,0.0,1.0,1.2559879720446798,0.8054110301768991,1.0,0.9811673238788051,0.9811673238788051,3.1630946806341935,0.008801874241551873,1.9085559336533833,0.0,1.0,5.2582960274456045,1.9384268635606579,10.19282227615485,4.183087122199634,9.366444542148049,5.183357419948415,0.04950177407054134
decoupled_0698,isic2018_lesion_ISIC_0035842,clinical_mask,0.755859375,2.75,0.9810148044289672,1.0,0.0,1.0,1.2559879720446798,0.8054110301768991,1.0,0.9811673238788051,0.9811673238788051,3.1630946806341935,0.008801874241551873,1.9085559336533833,0.0,1.0,6.374053136229534,10.47176231160161,66.74756940411449,5.405594330209588,6.16550745252998,0.7599131223203912,0.0024722431086462993
decoupled_0699,midas_lesion_564,clinical_mask,0.755859375,2.75,0.9810148044289672,1.0,0.0,1.0,1.2559879720446798,0.8054110301768991,1.0,0.9811673238788051,0.9811673238788051,3.1630946806341935,0.008801874241551873,1.9085559336533833,0.0,1.0,4.3265958306297465,2.625733739446115,11.360488649431414,4.125216985886379,4.79055096686014,0.6653339809737613,0.07794932782734239
decoupled_0700,ph2_lesion_IMD370,clinical_mask,0.755859375,2.75,0.9810148044289672,1.0,0.0,1.0,1.2559879720446798,0.8054110301768991,1.0,0.9811673238788051,0.9811673238788051,3.1630946806341935,0.008801874241551873,1.9085559336533833,0.0,1.0,4.583402299220447,5.668304497001843,25.98011986423985,2.073246574111957,4.649741366111079,2.576494791999122,0.1915226520071404
decoupled_0701,ph2_lesion_IMD430,clinical_mask,0.755859375,2.75,0.9810148044289672,1.0,0.0,1.0,1.2559879720446798,0.8054110301768991,1.0,0.9811673238788051,0.9811673238788051,3.1630946806341935,0.008801874241551873,1.9085559336533833,0.0,1.0,7.146184053865164,2.6014708403763334,18.59058943609256,1.981380144100052,6.244255992505014,4.262875848404962,0.2223341568751123
decoupled_0702,ph2_lesion_IMD078,clinical_mask,0.755859375,2.75,0.9810148044289672,1.0,0.0,1.0,1.2559879720446798,0.8054110301768991,1.0,0.9811673238788051,0.9811673238788051,3.1630946806341935,0.008801874241551873,1.9085559336533833,0.0,1.0,3.7999557089205993,10.202328738723194,38.768397334995896,4.070733252864417,7.148087276493138,3.077354023628721,0.2840119396247628
decoupled_0703,isic2018_lesion_ISIC_0035287,clinical_mask,0.755859375,2.75,0.9810148044289672,1.0,0.0,1.0,1.2559879720446798,0.8054110301768991,1.0,0.9811673238788051,0.9811673238788051,3.1630946806341935,0.008801874241551873,1.9085559336533833,0.0,1.0,9.405242276912158,9.922763854435784,93.32599810755528,6.883892133124398,9.409406192347998,2.5255140592235996,0.021554188273682544
decoupled_0704,isic2018_lesion_ISIC_0034982,clinical_mask,0.755859375,2.75,0.9810148044289672,1.0,0.0,1.0,1.2559879720446798,0.8054110301768991,1.0,0.9811673238788051,0.9811673238788051,3.1630946806341935,0.008801874241551873,1.9085559336533833,0.0,1.0,7.8592242312622105,4.344808258813286,34.14682234785355,4.826065596108936,6.129896744756155,1.3038311486472187,0.036497451276495
decoupled_0705,midas_lesion_259,clinical_mask,0.755859375,2.75,0.9810148044289672,1.0,0.0,1.0,1.2559879720446798,0.8054110301768991,1.0,0.9811673238788051,0.9811673238788051,3.1630946806341935,0.008801874241551873,1.9085559336533833,0.0,1.0,8.882476304742863,9.754805704456016,86.64683052720108,6.195183678607895,6.8234477617202645,0.6282640831123691,0.14948099657558406
decoupled_0706,midas_lesion_289,clinical_mask,0.755859375,2.75,0.9810148044289672,1.0,0.0,1.0,1.2559879720446798,0.8054110301768991,1.0,0.9811673238788051,0.9811673238788051,3.1630946806341935,0.008801874241551873,1.9085559336533833,0.0,1.0,4.587566404764452,6.355128285103634,29.154573018709755,0.21426296657245472,1.4084420872574666,1.1941791206850119,0.0349689358481143
decoupled_0707,isic2018_lesion_ISIC_0035643,clinical_mask,0.755859375,2.75,0.9810148044289672,1.0,0.0,1.0,1.2559879720446798,0.8054110301768991,1.0,0.9811673238788051,0.9811673238788051,3.1630946806341935,0.008801874241551873,1.9085559336533833,0.0,1.0,5.7063906058032305,3.4042103874460565,19.425754175099954,3.374542804479168,5.235913998397456,1.8613711939182882,0.3316870843572751
decoupled_0708,isic2018_lesion_ISIC_0034748,clinical_mask,0.755859375,2.75,0.9810148044289672,1.0,0.0,1.0,1.2559879720446798,0.8054110301768991,1.0,0.9811673238788051,0.9811673238788051,3.1630946806341935,0.008801874241551873,1.9085559336533833,0.0,1.0,6.083729226630505,2.3592130805807963,14.35281357017838,5.6227036274347855,7.889513052634819,2.2668094252000337,0.07540077825835798
decoupled_0709,isic2018_lesion_ISIC_0035078,clinical_mask,0.755859375,2.75,0.9810148044289672,1.0,0.0,1.0,1.2559879720446798,0.8054110301768991,1.0,0.9811673238788051,0.9811673238788051,3.1630946806341935,0.008801874241551873,1.9085559336533833,0.0,1.0,5.6635466677382595,1.5404630804004267,8.72448454577565,0.9167120154655397,2.726449402269542,1.809737386804002,0.27662670846318504
decoupled_0710,isic2018_lesion_ISIC_0035630,clinical_mask,0.755859375,2.75,0.9810148044289672,1.0,0.0,1.0,1.2559879720446798,0.8054110301768991,1.0,0.9811673238788051,0.9811673238788051,3.1630946806341935,0.008801874241551873,1.9085559336533833,0.0,1.0,9.619896689320711,2.0143755091924493,19.378084291929166,1.383796891610104,2.922235371976659,1.538438480366555,0.2576831507664283
decoupled_0711,isic2018_lesion_ISIC_0035029,clinical_mask,0.755859375,2.75,0.9810148044289672,1.0,0.0,1.0,1.2559879720446798,0.8054110301768991,1.0,0.9811673238788051,0.9811673238788051,3.1630946806341935,0.008801874241551873,1.9085559336533833,0.0,1.0,5.323319378566145,7.286882282782669,38.79040166526729,0.44189799872592317,3.3698315716002867,2.9279335728743634,0.0677869679143554
decoupled_0712,midas_lesion_647,clinical_mask,0.755859375,2.75,0.9810148044289672,1.0,0.0,1.0,1.2559879720446798,0.8054110301768991,1.0,0.9811673238788051,0.9811673238788051,3.1630946806341935,0.008801874241551873,1.9085559336533833,0.0,1.0,5.247335266826427,7.685692091469163,40.329403161535105,4.113479565663089,5.541883309408588,1.4284037437454993,0.33786571676826577
decoupled_0713,midas_lesion_486,clinical_mask,0.755859375,2.75,0.9810148044289672,1.0,0.0,1.0,1.2559879720446798,0.8054110301768991,1.0,0.9811673238788051,0.9811673238788051,3.1630946806341935,0.008801874241551873,1.9085559336533833,0.0,1.0,8.213287918897729,1.860387098898974,15.279894883860136,1.2669150184966982,4.249425606757554,2.9825105882608556,0.2832220565182439
decoupled_0714,isic2018_lesion_ISIC_0035553,clinical_mask,0.755859375,2.75,0.9810148044289672,1.0,0.0,1.0,1.2559879720446798,0.8054110301768991,1.0,0.9811673238788051,0.9811673238788051,3.1630946806341935,0.008801874241551873,1.9085559336533833,0.0,1.0,4.9825370511820015,1.573158696143135,7.838321490922338,1.632408591913197,4.6869448890415875,3.0545362971283905,0.0026245419937739986
decoupled_0715,midas_lesion_442,clinical_mask,0.755859375,2.75,0.9810148044289672,1.0,0.0,1.0,1.2559879720446798,0.8054110301768991,1.0,0.9811673238788051,0.9811673238788051,3.1630946806341935,0.008801874241551873,1.9085559336533833,0.0,1.0,4.214108440324988,6.078188566754917,25.614145741048738,4.563257147407667,7.46191846970987,2.8986613223022033,0.10701133187228894
decoupled_0716,benign_nevi_BCN_0000002637,clinical_mask,0.15252685546875,1.30859375,0.4406849487070295,1.417669542590093,0.7088263668179722,0.9852158486102898,1.1192999836144735,0.7212121212121212,1.0150060024009604,0.5266806701684116,0.3715115930375157,3.3506702010670235,0.12587200220725414,1.7585747731755839,0.284992784992785,1.0,3.863544986535186,2.359607819327446,9.116450960551777,4.474260948503398,8.558211162458896,4.083950213955498,0.2619433762590418
decoupled_0717,midas_lesion_218,clinical_mask,0.755859375,2.75,0.9810148044289672,1.0,0.0,1.0,1.2559879720446798,0.8054110301768991,1.0,0.9811673238788051,0.9811673238788051,3.1630946806341935,0.008801874241551873,1.9085559336533833,0.0,1.0,3.184922068465438,5.320600206760902,16.945697015994572,4.45563672421932,6.0675941375149245,1.6119574132956043,0.07321024861303467
decoupled_0718,ph2_lesion_IMD370,clinical_mask,0.755859375,2.75,0.9810148044289672,1.0,0.0,1.0,1.2559879720446798,0.8054110301768991,1.0,0.9811673238788051,0.9811673238788051,3.1630946806341935,0.008801874241551873,1.9085559336533833,0.0,1.0,4.726307989684589,8.306281797404143,39.25804602364287,1.8789397000813386,5.5203854210329695,3.641445720951631,0.09097446113302848
decoupled_0719,isic2018_lesion_ISIC_0035608,clinical_mask,0.755859375,2.75,0.9810148044289672,1.0,0.0,1.0,1.2559879720446798,0.8054110301768991,1.0,0.9811673238788051,0.9811673238788051,3.1630946806341935,0.008801874241551873,1.9085559336533833,0.0,1.0,9.84597982572662,6.070459366448194,59.769620454942114,6.703706571550936,9.218541570970546,2.5148349994196098,0.1589550313942225
decoupled_0720,isic2018_lesion_ISIC_0035608,clinical_mask,0.755859375,2.75,0.9810148044289672,1.0,0.0,1.0,1.2559879720446798,0.8054110301768991,1.0,0.9811673238788051,0.9811673238788051,3.1630946806341935,0.008801874241551873,1.9085559336533833,0.0,1.0,3.010832715428388,1.6466036978046752,4.957648282695675,4.602620245765737,9.826219274909214,5.223599029143477,0.25056971984450843
decoupled_0721,benign_nevi_BCN_0000002637,clinical_mask,0.15252685546875,1.30859375,0.4406849487070295,1.417669542590093,0.7088263668179722,0.9852158486102898,1.1192999836144735,0.7212121212121212,1.0150060024009604,0.5266806701684116,0.3715115930375157,3.3506702010670235,0.12587200220725414,1.7585747731755839,0.284992784992785,1.0,7.810581552265466,1.3891588527198193,10.85013850821968,4.192644517296132,6.528828007781548,2.336183490485416,0.2568253949438105
decoupled_0722,isic2018_lesion_ISIC_0035553,clinical_mask,0.755859375,2.75,0.9810148044289672,1.0,0.0,1.0,1.2559879720446798,0.8054110301768991,1.0,0.9811673238788051,0.9811673238788051,3.1630946806341935,0.008801874241551873,1.9085559336533833,0.0,1.0,7.609203448008465,2.6051367955537112,19.823015887261022,6.4477950582196675,8.8177868459412,2.369991787721532,0.0012684102305839883
decoupled_0723,ph2_lesion_IMD078,clinical_mask,0.755859375,2.75,0.9810148044289672,1.0,0.0,1.0,1.2559879720446798,0.8054110301768991,1.0,0.9811673238788051,0.9811673238788051,3.1630946806341935,0.008801874241551873,1.9085559336533833,0.0,1.0,8.007983511431352,1.5144767166465343,12.127904575352138,4.030231464416347,8.000076189016676,3.9698447246003292,0.053269968805404126
decoupled_0724,squamous_cell_carcinoma_BCN_0000004833,clinical_mask,0.164306640625,2.015625,0.45738573688555156,1.8852126082925396,0.8477198850396415,0.7619317176720326,0.5082126929549741,0.4817897091722595,1.3124535661218424,0.702400355573212,0.37258415973007136,4.972584571971463,0.32249627842615697,1.80638791826563,0.43843400447427294,1.0,5.883832718428101,2.2641098966046176,13.321643887759114,5.66335053055087,9.44822586688649,3.7848753363356202,0.019407187617602167
decoupled_0725,midas_lesion_486,clinical_mask,0.755859375,2.75,0.9810148044289672,1.0,0.0,1.0,1.2559879720446798,0.8054110301768991,1.0,0.9811673238788051,0.9811673238788051,3.1630946806341935,0.008801874241551873,1.9085559336533833,0.0,1.0,4.4416283992146335,2.095596185745763,9.307859531894245,1.279600757703585,2.7114825198291364,1.4318817621255513,0.20811878392876745
decoupled_0726,isic2018_lesion_ISIC_0035210,clinical_mask,0.755859375,2.75,0.9810148044289672,1.0,0.0,1.0,1.2559879720446798,0.8054110301768991,1.0,0.9811673238788051,0.9811673238788051,3.1630946806341935,0.008801874241551873,1.9085559336533833,0.0,1.0,3.065642955849274,10.012190977345861,30.693802742318,5.057240571907643,6.879812619730161,1.8225720478225176,0.08613738230185172
decoupled_0727,isic2018_lesion_ISIC_0035117,clinical_mask,0.755859375,2.75,0.9810148044289672,1.0,0.0,1.0,1.2559879720446798,0.8054110301768991,1.0,0.9811673238788051,0.9811673238788051,3.1630946806341935,0.008801874241551873,1.9085559336533833,0.0,1.0,6.8753187895055206,4.202567010076592,28.89398792853563,7.2309445553347285,9.758765994520214,2.5278214391854856,0.2845639219901631
decoupled_0728,isic2018_lesion_ISIC_0035915,clinical_mask,0.755859375,2.75,0.9810148044289672,1.0,0.0,1.0,1.2559879720446798,0.8054110301768991,1.0,0.9811673238788051,0.9811673238788051,3.1630946806341935,0.008801874241551873,1.9085559336533833,0.0,1.0,8.88007630493069,1.787204226890729,15.870509907284335,6.146708813681537,10.560303820824316,4.41359500714278,0.22402725546026225
decoupled_0729,isic2018_lesion_ISIC_0036062,clinical_mask,0.755859375,2.75,0.9810148044289672,1.0,0.0,1.0,1.2559879720446798,0.8054110301768991,1.0,0.9811673238788051,0.9811673238788051,3.1630946806341935,0.008801874241551873,1.9085559336533833,0.0,1.0,6.7595131570435845,1.6350966780568574,11.052457508363586,2.253056316510558,3.88779135180305,1.6347350352924916,0.02485747022793699
decoupled_0730,ph2_lesion_IMD398,clinical_mask,0.755859375,2.75,0.9810148044289672,1.0,0.0,1.0,1.2559879720446798,0.8054110301768991,1.0,0.9811673238788051,0.9811673238788051,3.1630946806341935,0.008801874241551873,1.9085559336533833,0.0,1.0,8.06274789791675,6.261480261780066,50.48473681851445,4.012743418629455,9.063177616841806,5.050434198212351,0.07243554880542677
decoupled_0731,isic2018_lesion_ISIC_0035330,clinical_mask,0.755859375,2.75,0.9810148044289672,1.0,0.0,1.0,1.2559879720446798,0.8054110301768991,1.0,0.9811673238788051,0.9811673238788051,3.1630946806341935,0.008801874241551873,1.9085559336533833,0.0,1.0,9.26928183661768,4.294179876349576,39.80396353101627,6.7376883714233955,7.808876734998561,1.0711883635751658,0.26482533341260056
decoupled_0732,isic2018_lesion_ISIC_0035643,clinical_mask,0.755859375,2.75,0.9810148044289672,1.0,0.0,1.0,1.2559879720446798,0.8054110301768991,1.0,0.9811673238788051,0.9811673238788051,3.1630946806341935,0.008801874241551873,1.9085559336533833,0.0,1.0,4.541040188675429,5.022381001097171,22.806833968822186,3.1562657592949273,6.653992637985204,3.4977268786902767,0.11339247750084092
decoupled_0733,midas_lesion_226,clinical_mask,0.755859375,2.75,0.9810148044289672,1.0,0.0,1.0,1.2559879720446798,0.8054110301768991,1.0,0.9811673238788051,0.9811673238788051,3.1630946806341935,0.008801874241551873,1.9085559336533833,0.0,1.0,4.722861029876361,1.149609534946772,5.429446072174397,1.8825145018480927,2.4120947896553413,0.5295802878072486,0.34953134911314054
decoupled_0734,midas_lesion_357,clinical_mask,0.755859375,2.75,0.9810148044289672,1.0,0.0,1.0,1.2559879720446798,0.8054110301768991,1.0,0.9811673238788051,0.9811673238788051,3.1630946806341935,0.008801874241551873,1.9085559336533833,0.0,1.0,9.421978787477453,1.775141976284926,16.725350045317377,1.326138395088673,4.942201114728151,3.616062719639478,0.15142202134921848
decoupled_0735,isic2018_lesion_ISIC_0035348,clinical_mask,0.755859375,2.75,0.9810148044289672,1.0,0.0,1.0,1.2559879720446798,0.8054110301768991,1.0,0.9811673238788051,0.9811673238788051,3.1630946806341935,0.008801874241551873,1.9085559336533833,0.0,1.0,5.082622512767539,2.1158028622953684,10.753827260480437,5.834400983883245,10.70522108326681,4.8708200993835655,0.2216863787363888
decoupled_0736,ph2_lesion_IMD437,clinical_mask,0.755859375,2.75,0.9810148044289672,1.0,0.0,1.0,1.2559879720446798,0.8054110301768991,1.0,0.9811673238788051,0.9811673238788051,3.1630946806341935,0.008801874241551873,1.9085559336533833,0.0,1.0,7.757470898288436,5.809293782111277,45.065427454336195,5.93006540066298,7.819896541065285,1.889831140402305,0.2263771725236525
decoupled_0737,isic2018_lesion_ISIC_0035626,clinical_mask,0.755859375,2.75,0.9810148044289672,1.0,0.0,1.0,1.2559879720446798,0.8054110301768991,1.0,0.9811673238788051,0.9811673238788051,3.1630946806341935,0.008801874241551873,1.9085559336533833,0.0,1.0,8.657620989037634,11.987744225290731,103.78534601609172,4.648684042480888,9.827558297408814,5.178874254927925,0.07855207195440199
decoupled_0738,midas_lesion_415,clinical_mask,0.755859375,2.75,0.9810148044289672,1.0,0.0,1.0,1.2559879720446798,0.8054110301768991,1.0,0.9811673238788051,0.9811673238788051,3.1630946806341935,0.008801874241551873,1.9085559336533833,0.0,1.0,4.136118717091122,9.346807868736546,38.65950697093581,2.969437065118349,5.826826964087964,2.8573898989696147,0.09502120760389957
decoupled_0739,isic2018_lesion_ISIC_0034753,clinical_mask,0.755859375,2.75,0.9810148044289672,1.0,0.0,1.0,1.2559879720446798,0.8054110301768991,1.0,0.9811673238788051,0.9811673238788051,3.1630946806341935,0.008801874241551873,1.9085559336533833,0.0,1.0,4.4805388543912885,8.419278967390309,37.72290653935164,3.3751229390382855,5.427248693512797,2.0521257544745115,0.08083490003439639
decoupled_0740,isic2018_lesion_ISIC_0035368,clinical_mask,0.755859375,2.75,0.9810148044289672,1.0,0.0,1.0,1.2559879720446798,0.8054110301768991,1.0,0.9811673238788051,0.9811673238788051,3.1630946806341935,0.008801874241551873,1.9085559336533833,0.0,1.0,3.7450856213223744,2.6788497814609618,10.032521798232032,5.856128653988327,8.695977712616855,2.8398490586285288,0.3214731970839117
decoupled_0741,midas_lesion_536,clinical_mask,0.755859375,2.75,0.9810148044289672,1.0,0.0,1.0,1.2559879720446798,0.8054110301768991,1.0,0.9811673238788051,0.9811673238788051,3.1630946806341935,0.008801874241551873,1.9085559336533833,0.0,1.0,4.055233641758311,1.7250963791159626,6.9956688718665,2.0192912801136895,5.376658971400059,3.3573676912863695,0.0502273154524713
decoupled_0742,isic2018_lesion_ISIC_0035287,clinical_mask,0.755859375,2.75,0.9810148044289672,1.0,0.0,1.0,1.2559879720446798,0.8054110301768991,1.0,0.9811673238788051,0.9811673238788051,3.1630946806341935,0.008801874241551873,1.9085559336533833,0.0,1.0,9.12671084489214,5.725221045943769,52.252437009419715,6.445418275256578,9.908267329137448,3.4628490538808707,0.2675520848563745
decoupled_0743,isic2018_lesion_ISIC_0034748,clinical_mask,0.755859375,2.75,0.9810148044289672,1.0,0.0,1.0,1.2559879720446798,0.8054110301768991,1.0,0.9811673238788051,0.9811673238788051,3.1630946806341935,0.008801874241551873,1.9085559336533833,0.0,1.0,7.910506506930281,2.4395491547204626,19.298069462392487,3.413314845556809,4.022254619614136,0.608939774057327,0.21828149799126495
decoupled_0744,ph2_lesion_IMD312,clinical_mask,0.755859375,2.75,0.9810148044289672,1.0,0.0,1.0,1.2559879720446798,0.8054110301768991,1.0,0.9811673238788051,0.9811673238788051,3.1630946806341935,0.008801874241551873,1.9085559336533833,0.0,1.0,4.619812841251039,7.70362628397453,35.589311630904554,5.547224049175985,11.038611825309882,5.491387776133897,0.33859176817990205
decoupled_0745,isic2018_lesion_ISIC_0035842,clinical_mask,0.755859375,2.75,0.9810148044289672,1.0,0.0,1.0,1.2559879720446798,0.8054110301768991,1.0,0.9811673238788051,0.9811673238788051,3.1630946806341935,0.008801874241551873,1.9085559336533833,0.0,1.0,5.942392646117417,2.357795975756811,14.010949467382515,3.6161950806424406,5.591989755348909,1.975794674706468,0.07735692737055463
decoupled_0746,isic2018_lesion_ISIC_0035001,clinical_mask,0.755859375,2.75,0.9810148044289672,1.0,0.0,1.0,1.2559879720446798,0.8054110301768991,1.0,0.9811673238788051,0.9811673238788051,3.1630946806341935,0.008801874241551873,1.9085559336533833,0.0,1.0,4.585730090515609,2.937806210064734,13.471986337597473,2.1396900114215094,3.4613074408383104,1.321617429416801,0.09620913602558358
decoupled_0747,midas_lesion_486,clinical_mask,0.755859375,2.75,0.9810148044289672,1.0,0.0,1.0,1.2559879720446798,0.8054110301768991,1.0,0.9811673238788051,0.9811673238788051,3.1630946806341935,0.008801874241551873,1.9085559336533833,0.0,1.0,3.7211957412737227,2.0082967795648137,7.473265423330317,3.0811598793857393,5.7144489096691995,2.63328903028346,0.04880423437087529
decoupled_0748,midas_lesion_69,clinical_mask,0.755859375,2.75,0.9810148044289672,1.0,0.0,1.0,1.2559879720446798,0.8054110301768991,1.0,0.9811673238788051,0.9811673238788051,3.1630946806341935,0.008801874241551873,1.9085559336533833,0.0,1.0,3.6435173040802566,1.5777256349857753,5.748470652161683,7.568001769740703,9.113252080451947,1.5452503107112436,0.2379025573991491
decoupled_0749,isic2018_lesion_ISIC_0035119,clinical_mask,0.755859375,2.75,0.9810148044289672,1.0,0.0,1.0,1.2559879720446798,0.8054110301768991,1.0,0.9811673238788051,0.9811673238788051,3.1630946806341935,0.008801874241551873,1.9085559336533833,0.0,1.0,3.5177435546309472,1.5840690011236778,5.5723485187935005,1.1496189336472846,4.633860897243963,3.4842419635966784,0.20754636350198213
decoupled_0750,isic2018_lesion_ISIC_0035317,clinical_mask,0.755859375,2.75,0.9810148044289672,1.0,0.0,1.0,1.2559879720446798,0.8054110301768991,1.0,0.9811673238788051,0.9811673238788051,3.1630946806341935,0.008801874241551873,1.9085559336533833,0.0,1.0,4.1122478117795,2.913338224258024,11.980368737678633,3.839736422224218,5.96677004108531,2.1270336188610917,0.22128408739060498
decoupled_0751,isic2018_lesion_ISIC_0034538,clinical_mask,0.755859375,2.75,0.9810148044289672,1.0,0.0,1.0,1.2559879720446798,0.8054110301768991,1.0,0.9811673238788051,0.9811673238788051,3.1630946806341935,0.008801874241551873,1.9085559336533833,0.0,1.0,5.129403816411035,11.382119942375796,58.38348947127056,6.450086972168832,8.264801171464352,1.81471419929552,0.035357973319585664
decoupled_0752,isic2018_lesion_ISIC_0035372,clinical_mask,0.755859375,2.75,0.9810148044289672,1.0,0.0,1.0,1.2559879720446798,0.8054110301768991,1.0,0.9811673238788051,0.9811673238788051,3.1630946806341935,0.008801874241551873,1.9085559336533833,0.0,1.0,8.911795560699211,5.833106603024441,51.98345352991847,7.902662893238774,9.614134002459382,1.711471109220608,0.16184143097352757
decoupled_0753,midas_lesion_415,clinical_mask,0.755859375,2.75,0.9810148044289672,1.0,0.0,1.0,1.2559879720446798,0.8054110301768991,1.0,0.9811673238788051,0.9811673238788051,3.1630946806341935,0.008801874241551873,1.9085559336533833,0.0,1.0,8.6533726192554,1.3788345398324258,11.931569053469532,1.3406234705155418,5.707431237779984,4.366807767264442,0.21284438563396255
decoupled_0754,midas_lesion_226,clinical_mask,0.755859375,2.75,0.9810148044289672,1.0,0.0,1.0,1.2559879720446798,0.8054110301768991,1.0,0.9811673238788051,0.9811673238788051,3.1630946806341935,0.008801874241551873,1.9085559336533833,0.0,1.0,3.1504294257027783,2.6237312952343985,8.265880277643713,6.574109292488356,10.008514684270935,3.4344053917825788,0.06366085411070475
decoupled_0755,isic2018_lesion_ISIC_0035029,clinical_mask,0.755859375,2.75,0.9810148044289672,1.0,0.0,1.0,1.2559879720446798,0.8054110301768991,1.0,0.9811673238788051,0.9811673238788051,3.1630946806341935,0.008801874241551873,1.9085559336533833,0.0,1.0,7.551642787115497,6.971546512172751,52.64662893368956,4.444245415251516,6.167444889455701,1.7231994742041845,0.26939655618629627
decoupled_0756,isic2018_lesion_ISIC_0035119,clinical_mask,0.755859375,2.75,0.9810148044289672,1.0,0.0,1.0,1.2559879720446798,0.8054110301768991,1.0,0.9811673238788051,0.9811673238788051,3.1630946806341935,0.008801874241551873,1.9085559336533833,0.0,1.0,5.359106410510375,7.657572314073385,41.03774487729744,2.932534783007732,6.08560701438096,3.153072231373228,0.1091569775431428
decoupled_0757,ph2_lesion_IMD370,clinical_mask,0.755859375,2.75,0.9810148044289672,1.0,0.0,1.0,1.2559879720446798,0.8054110301768991,1.0,0.9811673238788051,0.9811673238788051,3.1630946806341935,0.008801874241551873,1.9085559336533833,0.0,1.0,3.0206954485662285,1.292273531918992,3.903564776170304,6.486401988557562,9.640179161949357,3.153777173391795,0.07827637062001486
decoupled_0758,midas_lesion_647,clinical_mask,0.755859375,2.75,0.9810148044289672,1.0,0.0,1.0,1.2559879720446798,0.8054110301768991,1.0,0.9811673238788051,0.9811673238788051,3.1630946806341935,0.008801874241551873,1.9085559336533833,0.0,1.0,3.328316922575671,5.070667191908092,16.87678742357696,4.731487579777578,6.9204803127674195,2.188992732989841,0.18495833843749898
decoupled_0759,ph2_lesion_IMD331,clinical_mask,0.755859375,2.75,0.9810148044289672,1.0,0.0,1.0,1.2559879720446798,0.8054110301768991,1.0,0.9811673238788051,0.9811673238788051,3.1630946806341935,0.008801874241551873,1.9085559336533833,0.0,1.0,4.493109192185193,1.8178936391416654,8.167994620442409,5.635882112739191,10.111258544521819,4.475376431782628,0.10531857348422954
decoupled_0760,isic2018_lesion_ISIC_0036062,clinical_mask,0.755859375,2.75,0.9810148044289672,1.0,0.0,1.0,1.2559879720446798,0.8054110301768991,1.0,0.9811673238788051,0.9811673238788051,3.1630946806341935,0.008801874241551873,1.9085559336533833,0.0,1.0,3.823323363181834,11.661466516539619,44.585557381648606,5.871750475222173,9.152012599545095,3.280262124322922,0.04210829901235138
decoupled_0761,midas_lesion_486,clinical_mask,0.755859375,2.75,0.9810148044289672,1.0,0.0,1.0,1.2559879720446798,0.8054110301768991,1.0,0.9811673238788051,0.9811673238788051,3.1630946806341935,0.008801874241551873,1.9085559336533833,0.0,1.0,3.1847784154393652,3.6622475309239304,11.663446888482643,6.822970662188089,10.826219456416464,4.003248794228375,0.3247035533515707
decoupled_0762,isic2018_lesion_ISIC_0035642,clinical_mask,0.755859375,2.75,0.9810148044289672,1.0,0.0,1.0,1.2559879720446798,0.8054110301768991,1.0,0.9811673238788051,0.9811673238788051,3.1630946806341935,0.008801874241551873,1.9085559336533833,0.0,1.0,7.625393065401002,4.994955148625163,38.088496352315346,7.037748997431243,11.554200191232802,4.516451193801559,0.1688590223971383
decoupled_0763,midas_lesion_138,clinical_mask,0.755859375,2.75,0.9810148044289672,1.0,0.0,1.0,1.2559879720446798,0.8054110301768991,1.0,0.9811673238788051,0.9811673238788051,3.1630946806341935,0.008801874241551873,1.9085559336533833,0.0,1.0,7.8027902372476365,4.700402707002432,36.67625635333094,4.911075991139868,6.321466196374335,1.4103902052344663,0.01969196569146967
decoupled_0764,squamous_cell_carcinoma_BCN_0000004833,clinical_mask,0.164306640625,2.015625,0.45738573688555156,1.8852126082925396,0.8477198850396415,0.7619317176720326,0.5082126929549741,0.4817897091722595,1.3124535661218424,0.702400355573212,0.37258415973007136,4.972584571971463,0.32249627842615697,1.80638791826563,0.43843400447427294,1.0,8.312372419673393,1.4346537564137414,11.925376316594413,2.45474434309324,6.2553964467456105,3.8006521036523706,0.16827306543557516
decoupled_0765,midas_lesion_536,clinical_mask,0.755859375,2.75,0.9810148044289672,1.0,0.0,1.0,1.2559879720446798,0.8054110301768991,1.0,0.9811673238788051,0.9811673238788051,3.1630946806341935,0.008801874241551873,1.9085559336533833,0.0,1.0,3.808507178082935,1.7739904734698793,6.75625545206078,4.209490348372542,5.476504645344021,1.267014296971479,0.15751329905749561
decoupled_0766,ph2_lesion_IMD430,clinical_mask,0.755859375,2.75,0.9810148044289672,1.0,0.0,1.0,1.2559879720446798,0.8054110301768991,1.0,0.9811673238788051,0.9811673238788051,3.1630946806341935,0.008801874241551873,1.9085559336533833,0.0,1.0,3.251517620908745,6.886617542525628,22.39195828798136,1.756334847124974,5.768498712393516,4.012163865268542,0.0612795546797415
decoupled_0767,isic2018_lesion_ISIC_0035368,clinical_mask,0.755859375,2.75,0.9810148044289672,1.0,0.0,1.0,1.2559879720446798,0.8054110301768991,1.0,0.9811673238788051,0.9811673238788051,3.1630946806341935,0.008801874241551873,1.9085559336533833,0.0,1.0,4.561263924791924,1.2195584315833454,5.562727878156934,0.4798786461941347,2.8905451537426385,2.4106665075485036,0.23580706108339095
decoupled_0768,isic2018_lesion_ISIC_0036062,clinical_mask,0.755859375,2.75,0.9810148044289672,1.0,0.0,1.0,1.2559879720446798,0.8054110301768991,1.0,0.9811673238788051,0.9811673238788051,3.1630946806341935,0.008801874241551873,1.9085559336533833,0.0,1.0,7.311653867390687,1.2192603429956543,8.914809602220272,0.6104725928954793,5.4071336856602334,4.796661092764754,0.3156830438664485
decoupled_0769,midas_lesion_300,clinical_mask,0.755859375,2.75,0.9810148044289672,1.0,0.0,1.0,1.2559879720446798,0.8054110301768991,1.0,0.9811673238788051,0.9811673238788051,3.1630946806341935,0.008801874241551873,1.9085559336533833,0.0,1.0,4.380012543011694,3.715630933195218,16.2745100925973,3.625442650322949,7.191431230744522,3.565988580421573,0.08177406144974042
decoupled_0770,isic2018_lesion_ISIC_0035317,clinical_mask,0.755859375,2.75,0.9810148044289672,1.0,0.0,1.0,1.2559879720446798,0.8054110301768991,1.0,0.9811673238788051,0.9811673238788051,3.1630946806341935,0.008801874241551873,1.9085559336533833,0.0,1.0,7.3271502045261965,1.3988407778590897,10.249516491589812,5.810707565167362,6.511942851191279,0.701235286023917,0.3100861262269493
decoupled_0771,midas_lesion_300,clinical_mask,0.755859375,2.75,0.9810148044289672,1.0,0.0,1.0,1.2559879720446798,0.8054110301768991,1.0,0.9811673238788051,0.9811673238788051,3.1630946806341935,0.008801874241551873,1.9085559336533833,0.0,1.0,9.243064373847904,2.3943220898076096,22.13087320781778,6.055246643015593,7.827749922389769,1.7725032793741757,0.08067280923521224
decoupled_0772,isic2018_lesion_ISIC_0035376,clinical_mask,0.755859375,2.75,0.9810148044289672,1.0,0.0,1.0,1.2559879720446798,0.8054110301768991,1.0,0.9811673238788051,0.9811673238788051,3.1630946806341935,0.008801874241551873,1.9085559336533833,0.0,1.0,6.544819955437933,4.627760226552187,30.287857479720724,6.386118671491662,10.044939957482342,3.6588212859906797,0.19989154935041206
decoupled_0773,isic2018_lesion_ISIC_0034870,clinical_mask,0.755859375,2.75,0.9810148044289672,1.0,0.0,1.0,1.2559879720446798,0.8054110301768991,1.0,0.9811673238788051,0.9811673238788051,3.1630946806341935,0.008801874241551873,1.9085559336533833,0.0,1.0,8.22704500844435,6.79299910098322,55.886309346110956,0.35540900370089135,4.814473400486454,4.459064396785563,0.24320476216154724
decoupled_0774,midas_lesion_536,clinical_mask,0.755859375,2.75,0.9810148044289672,1.0,0.0,1.0,1.2559879720446798,0.8054110301768991,1.0,0.9811673238788051,0.9811673238788051,3.1630946806341935,0.008801874241551873,1.9085559336533833,0.0,1.0,6.6732390285912295,1.2259393069328026,8.18098602970806,5.007023088434961,6.519870742476259,1.5128476540412983,0.15683559298764552
decoupled_0775,midas_lesion_76,clinical_mask,0.755859375,2.75,0.9810148044289672,1.0,0.0,1.0,1.2559879720446798,0.8054110301768991,1.0,0.9811673238788051,0.9811673238788051,3.1630946806341935,0.008801874241551873,1.9085559336533833,0.0,1.0,3.665181359608715,2.4052017374416637,8.81550057416968,1.2348617111391451,3.3545144299477307,2.1196527188085854,0.12354639611595376
decoupled_0776,midas_lesion_138,clinical_mask,0.755859375,2.75,0.9810148044289672,1.0,0.0,1.0,1.2559879720446798,0.8054110301768991,1.0,0.9811673238788051,0.9811673238788051,3.1630946806341935,0.008801874241551873,1.9085559336533833,0.0,1.0,5.507993046560504,2.9974402837441754,16.50988024034326,5.820519984866242,9.923769683359609,4.103249698493367,0.01971608662069819
decoupled_0777,midas_lesion_626,clinical_mask,0.755859375,2.75,0.9810148044289672,1.0,0.0,1.0,1.2559879720446798,0.8054110301768991,1.0,0.9811673238788051,0.9811673238788051,3.1630946806341935,0.008801874241551873,1.9085559336533833,0.0,1.0,3.5788375589256307,2.7500674618236385,9.842044721953716,7.518202527598568,8.373700301487089,0.855497773888521,0.13897989838326483
decoupled_0778,midas_lesion_76,clinical_mask,0.755859375,2.75,0.9810148044289672,1.0,0.0,1.0,1.2559879720446798,0.8054110301768991,1.0,0.9811673238788051,0.9811673238788051,3.1630946806341935,0.008801874241551873,1.9085559336533833,0.0,1.0,3.697225216256565,1.8255615007263803,6.749512014312751,2.5323140590680024,5.3116302400339315,2.779316180965929,0.012553618362323027
decoupled_0779,isic2018_lesion_ISIC_0034906,clinical_mask,0.755859375,2.75,0.9810148044289672,1.0,0.0,1.0,1.2559879720446798,0.8054110301768991,1.0,0.9811673238788051,0.9811673238788051,3.1630946806341935,0.008801874241551873,1.9085559336533833,0.0,1.0,9.610827685241343,5.428843051000505,52.175675093385735,0.39841847240469774,1.141266714449341,0.7428482420446432,0.17610736121216827
decoupled_0780,isic2018_lesion_ISIC_0034579,clinical_mask,0.755859375,2.75,0.9810148044289672,1.0,0.0,1.0,1.2559879720446798,0.8054110301768991,1.0,0.9811673238788051,0.9811673238788051,3.1630946806341935,0.008801874241551873,1.9085559336533833,0.0,1.0,7.711249461319658,6.524906065462391,50.31517838245823,7.360871527072324,11.326448916641528,3.965577389569204,0.3390540934884525
decoupled_0781,midas_lesion_442,clinical_mask,0.755859375,2.75,0.9810148044289672,1.0,0.0,1.0,1.2559879720446798,0.8054110301768991,1.0,0.9811673238788051,0.9811673238788051,3.1630946806341935,0.008801874241551873,1.9085559336533833,0.0,1.0,4.1091952666658536,5.913383737262472,24.299248463137786,7.546401315492858,8.353571540656219,0.807170225163361,0.20647553609141173
decoupled_0782,midas_lesion_647,clinical_mask,0.755859375,2.75,0.9810148044289672,1.0,0.0,1.0,1.2559879720446798,0.8054110301768991,1.0,0.9811673238788051,0.9811673238788051,3.1630946806341935,0.008801874241551873,1.9085559336533833,0.0,1.0,5.752835525280606,1.3023123306886102,7.4919886409964205,7.614766043195913,11.870946875852717,4.256180832656804,0.07661093058248017
decoupled_0783,isic2018_lesion_ISIC_0035008,clinical_mask,0.755859375,2.75,0.9810148044289672,1.0,0.0,1.0,1.2559879720446798,0.8054110301768991,1.0,0.9811673238788051,0.9811673238788051,3.1630946806341935,0.008801874241551873,1.9085559336533833,0.0,1.0,6.20401550428249,2.5423802936830247,15.772966759791753,4.728908208812629,8.772159784609528,4.043251575796899,0.03659952555905371
decoupled_0784,midas_lesion_69,clinical_mask,0.755859375,2.75,0.9810148044289672,1.0,0.0,1.0,1.2559879720446798,0.8054110301768991,1.0,0.9811673238788051,0.9811673238788051,3.1630946806341935,0.008801874241551873,1.9085559336533833,0.0,1.0,4.383097321330919,4.392504921336,19.2527765546407,4.2397921025406715,6.713991917230993,2.474199814690322,0.10576852515985391
decoupled_0785,isic2018_lesion_ISIC_0034982,clinical_mask,0.755859375,2.75,0.9810148044289672,1.0,0.0,1.0,1.2559879720446798,0.8054110301768991,1.0,0.9811673238788051,0.9811673238788051,3.1630946806341935,0.008801874241551873,1.9085559336533833,0.0,1.0,3.880039888350926,8.97401856997856,34.81955001031875,0.9821203582444524,5.041400879316411,4.059280521071958,0.27591117831399997
decoupled_0786,ph2_lesion_IMD078,clinical_mask,0.755859375,2.75,0.9810148044289672,1.0,0.0,1.0,1.2559879720446798,0.8054110301768991,1.0,0.9811673238788051,0.9811673238788051,3.1630946806341935,0.008801874241551873,1.9085559336533833,0.0,1.0,5.269366535912173,1.5196155991776876,8.007411585757033,5.213658213895287,6.693096071990483,1.4794378580951957,0.29752158013534724
decoupled_0787,melanoma_BCN_0000018489,clinical_mask,0.0595855712890625,1.00390625,0.275439114253714,1.3180420505522392,0.6514388593266779,0.8058192323565829,0.7429586708212474,0.5223381487426432,1.2409731113956464,0.3570778055381461,0.27091533641778426,4.1126580779429185,0.2534256500244032,1.6452713136997572,0.4147940074906367,1.0,7.7910966252673735,1.1303169279930594,8.80640840316931,1.2425486072279295,2.264658174790672,1.0221095675627425,0.348819628755267
decoupled_0788,isic2018_lesion_ISIC_0034538,clinical_mask,0.755859375,2.75,0.9810148044289672,1.0,0.0,1.0,1.2559879720446798,0.8054110301768991,1.0,0.9811673238788051,0.9811673238788051,3.1630946806341935,0.008801874241551873,1.9085559336533833,0.0,1.0,3.324379300955247,3.9029041596389984,12.974733801916019,4.535642594418877,5.758414900657831,1.2227723062389542,0.29008630499125526
decoupled_0789,isic2018_lesion_ISIC_0035643,clinical_mask,0.755859375,2.75,0.9810148044289672,1.0,0.0,1.0,1.2559879720446798,0.8054110301768991,1.0,0.9811673238788051,0.9811673238788051,3.1630946806341935,0.008801874241551873,1.9085559336533833,0.0,1.0,7.322658996471096,1.6238509208863285,11.890906554756148,2.0601924259715685,6.67846669507388,4.6182742691023115,0.10387339680575515
decoupled_0790,isic2018_lesion_ISIC_0035078,clinical_mask,0.755859375,2.75,0.9810148044289672,1.0,0.0,1.0,1.2559879720446798,0.8054110301768991,1.0,0.9811673238788051,0.9811673238788051,3.1630946806341935,0.008801874241551873,1.9085559336533833,0.0,1.0,8.76468284278609,2.077669902270287,18.21011774540144,1.2773188427548083,3.9894305761661504,2.712111733411342,0.28582089552686407
decoupled_0791,midas_lesion_259,clinical_mask,0.755859375,2.75,0.9810148044289672,1.0,0.0,1.0,1.2559879720446798,0.8054110301768991,1.0,0.9811673238788051,0.9811673238788051,3.1630946806341935,0.008801874241551873,1.9085559336533833,0.0,1.0,5.365561616504026,1.4977255388143886,8.036138663120294,2.968618533555221,7.267645038382433,4.2990265048272125,0.1356584411375527
decoupled_0792,isic2018_lesion_ISIC_0034585,clinical_mask,0.755859375,2.75,0.9810148044289672,1.0,0.0,1.0,1.2559879720446798,0.8054110301768991,1.0,0.9811673238788051,0.9811673238788051,3.1630946806341935,0.008801874241551873,1.9085559336533833,0.0,1.0,6.442907609787712,6.151416921402209,39.63301089387919,5.8687161123076415,6.4700129887086115,0.6012968764009701,0.07120613688760973
decoupled_0793,midas_lesion_486,clinical_mask,0.755859375,2.75,0.9810148044289672,1.0,0.0,1.0,1.2559879720446798,0.8054110301768991,1.0,0.9811673238788051,0.9811673238788051,3.1630946806341935,0.008801874241551873,1.9085559336533833,0.0,1.0,8.609827481254175,9.691183955052267,83.43942194209853,6.250048175620337,7.3084253926489655,1.058377217028628,0.001433951384444526
decoupled_0794,isic2018_lesion_ISIC_0035553,clinical_mask,0.755859375,2.75,0.9810148044289672,1.0,0.0,1.0,1.2559879720446798,0.8054110301768991,1.0,0.9811673238788051,0.9811673238788051,3.1630946806341935,0.008801874241551873,1.9085559336533833,0.0,1.0,3.462947776190923,1.425796865683287,4.937460085317927,3.277292253802764,4.116297572748653,0.8390053189458895,0.09783638578418485
decoupled_0795,ph2_lesion_IMD437,clinical_mask,0.755859375,2.75,0.9810148044289672,1.0,0.0,1.0,1.2559879720446798,0.8054110301768991,1.0,0.9811673238788051,0.9811673238788051,3.1630946806341935,0.008801874241551873,1.9085559336533833,0.0,1.0,3.2197424284576903,2.00901610606075,6.4685143961386515,1.0894624679399405,1.680910845527515,0.5914483775875745,0.24215642456266365
decoupled_0796,isic2018_lesion_ISIC_0035376,clinical_mask,0.755859375,2.75,0.9810148044289672,1.0,0.0,1.0,1.2559879720446798,0.8054110301768991,1.0,0.9811673238788051,0.9811673238788051,3.1630946806341935,0.008801874241551873,1.9085559336533833,0.0,1.0,3.7975924298351695,11.921497172410401,45.27298741424712,3.5801988182031406,5.217719894906466,1.6375210767033255,0.22728952022804624
decoupled_0797,midas_lesion_143,clinical_mask,0.755859375,2.75,0.9810148044289672,1.0,0.0,1.0,1.2559879720446798,0.8054110301768991,1.0,0.9811673238788051,0.9811673238788051,3.1630946806341935,0.008801874241551873,1.9085559336533833,0.0,1.0,4.752761762949508,9.47854206781457,45.04925230841745,7.426986710817245,12.136483744630741,4.709497033813496,0.01245344692824053
decoupled_0798,isic2018_lesion_ISIC_0035078,clinical_mask,0.755859375,2.75,0.9810148044289672,1.0,0.0,1.0,1.2559879720446798,0.8054110301768991,1.0,0.9811673238788051,0.9811673238788051,3.1630946806341935,0.008801874241551873,1.9085559336533833,0.0,1.0,6.670236161484491,2.023402179149362,13.496570384588594,3.6885556651317004,4.271395585291372,0.5828399201596715,0.2641443722684153
decoupled_0799,midas_lesion_647,clinical_mask,0.755859375,2.75,0.9810148044289672,1.0,0.0,1.0,1.2559879720446798,0.8054110301768991,1.0,0.9811673238788051,0.9811673238788051,3.1630946806341935,0.008801874241551873,1.9085559336533833,0.0,1.0,8.547008949645676,3.4556427361339006,29.53540939251452,2.9524590349908233,8.023410866655743,5.070951831664919,0.11552149200790998
decoupled_0800,ph2_lesion_IMD398,clinical_mask,0.755859375,2.75,0.9810148044289672,1.0,0.0,1.0,1.2559879720446798,0.8054110301768991,1.0,0.9811673238788051,0.9811673238788051,3.1630946806341935,0.008801874241551873,1.9085559336533833,0.0,1.0,7.241598621203088,2.177708604374889,15.770091626823294,1.6823093519733165,6.965401304327688,5.283091952354372,0.05082615835381223
decoupled_0801,squamous_cell_carcinoma_BCN_0000004833,clinical_mask,0.164306640625,2.015625,0.45738573688555156,1.8852126082925396,0.8477198850396415,0.7619317176720326,0.5082126929549741,0.4817897091722595,1.3124535661218424,0.702400355573212,0.37258415973007136,4.972584571971463,0.32249627842615697,1.80638791826563,0.43843400447427294,1.0,6.8984406198796595,1.355756168465923,9.352603423197733,0.354307392848994,5.109437973320325,4.755130580471331,0.10928915071298496
decoupled_0802,isic2018_lesion_ISIC_0035001,clinical_mask,0.755859375,2.75,0.9810148044289672,1.0,0.0,1.0,1.2559879720446798,0.8054110301768991,1.0,0.9811673238788051,0.9811673238788051,3.1630946806341935,0.008801874241551873,1.9085559336533833,0.0,1.0,7.953094936491157,5.702104488153158,45.34937833207438,0.30678753682257587,2.39833722367882,2.0915496868562444,0.006264752774906506
decoupled_0803,isic2018_lesion_ISIC_0035643,clinical_mask,0.755859375,2.75,0.9810148044289672,1.0,0.0,1.0,1.2559879720446798,0.8054110301768991,1.0,0.9811673238788051,0.9811673238788051,3.1630946806341935,0.008801874241551873,1.9085559336533833,0.0,1.0,7.447525434899404,1.549363798519575,11.53892629738689,7.17230539773831,8.268201911131337,1.0958965133930265,0.09055362791411871
decoupled_0804,isic2018_lesion_ISIC_0034748,clinical_mask,0.755859375,2.75,0.9810148044289672,1.0,0.0,1.0,1.2559879720446798,0.8054110301768991,1.0,0.9811673238788051,0.9811673238788051,3.1630946806341935,0.008801874241551873,1.9085559336533833,0.0,1.0,7.272556545000584,1.39401244127539,10.13803430360958,7.282336868850413,10.860970791976339,3.578633923125926,0.007402176719098685
decoupled_0805,isic2018_lesion_ISIC_0035553,clinical_mask,0.755859375,2.75,0.9810148044289672,1.0,0.0,1.0,1.2559879720446798,0.8054110301768991,1.0,0.9811673238788051,0.9811673238788051,3.1630946806341935,0.008801874241551873,1.9085559336533833,0.0,1.0,4.85504787031058,1.3846452790843162,6.722519113353908,2.9031511346307024,7.158426955707271,4.255275821076569,0.28428482190580134
decoupled_0806,isic2018_lesion_ISIC_0035029,clinical_mask,0.755859375,2.75,0.9810148044289672,1.0,0.0,1.0,1.2559879720446798,0.8054110301768991,1.0,0.9811673238788051,0.9811673238788051,3.1630946806341935,0.008801874241551873,1.9085559336533833,0.0,1.0,9.489261152727273,7.016355187281162,66.58002671240362,6.862514246976199,10.869949420334747,4.007435173358548,0.12953926352847012
decoupled_0807,midas_lesion_259,clinical_mask,0.755859375,2.75,0.9810148044289672,1.0,0.0,1.0,1.2559879720446798,0.8054110301768991,1.0,0.9811673238788051,0.9811673238788051,3.1630946806341935,0.008801874241551873,1.9085559336533833,0.0,1.0,7.426669518725579,8.802765503633951,65.37523024632729,4.807285455760645,8.885243597779882,4.077958142019237,0.10503325959466128
decoupled_0808,isic2018_lesion_ISIC_0034733,clinical_mask,0.755859375,2.75,0.9810148044289672,1.0,0.0,1.0,1.2559879720446798,0.8054110301768991,1.0,0.9811673238788051,0.9811673238788051,3.1630946806341935,0.008801874241551873,1.9085559336533833,0.0,1.0,5.641859978009195,3.1257229969545706,17.634891478860947,7.0199946025809465,8.872197240163393,1.8522026375824465,0.04130090255408051
decoupled_0809,isic2018_lesion_ISIC_0035029,clinical_mask,0.755859375,2.75,0.9810148044289672,1.0,0.0,1.0,1.2559879720446798,0.8054110301768991,1.0,0.9811673238788051,0.9811673238788051,3.1630946806341935,0.008801874241551873,1.9085559336533833,0.0,1.0,8.184091119511983,2.5119748070711174,20.55823071098856,6.548598611415692,8.858769555867326,2.3101709444516336,0.2923592518076043
decoupled_0810,ph2_lesion_IMD433,clinical_mask,0.755859375,2.75,0.9810148044289672,1.0,0.0,1.0,1.2559879720446798,0.8054110301768991,1.0,0.9811673238788051,0.9811673238788051,3.1630946806341935,0.008801874241551873,1.9085559336533833,0.0,1.0,4.902323385382039,2.9375287927943496,14.40071609614881,6.233277113848488,11.555626716974384,5.322349603125896,0.19986261762982296
decoupled_0811,isic2018_lesion_ISIC_0035029,clinical_mask,0.755859375,2.75,0.9810148044289672,1.0,0.0,1.0,1.2559879720446798,0.8054110301768991,1.0,0.9811673238788051,0.9811673238788051,3.1630946806341935,0.008801874241551873,1.9085559336533833,0.0,1.0,9.269877563692921,6.720484404469629,62.298067598141195,2.4712466701790636,6.545443797541111,4.074197127362048,0.31210049951307645
decoupled_0812,isic2018_lesion_ISIC_0035149,clinical_mask,0.755859375,2.75,0.9810148044289672,1.0,0.0,1.0,1.2559879720446798,0.8054110301768991,1.0,0.9811673238788051,0.9811673238788051,3.1630946806341935,0.008801874241551873,1.9085559336533833,0.0,1.0,9.851237608389514,7.060457591443097,69.55424535726348,7.786423849913812,11.50312012431069,3.7166962743968783,0.0031264045180571906
decoupled_0813,ph2_lesion_IMD078,clinical_mask,0.755859375,2.75,0.9810148044289672,1.0,0.0,1.0,1.2559879720446798,0.8054110301768991,1.0,0.9811673238788051,0.9811673238788051,3.1630946806341935,0.008801874241551873,1.9085559336533833,0.0,1.0,4.9191495239807255,11.757794863363964,57.83835100517986,7.923378013408272,9.984796609716117,2.0614185963078446,0.12536229565771725
decoupled_0814,midas_lesion_486,clinical_mask,0.755859375,2.75,0.9810148044289672,1.0,0.0,1.0,1.2559879720446798,0.8054110301768991,1.0,0.9811673238788051,0.9811673238788051,3.1630946806341935,0.008801874241551873,1.9085559336533833,0.0,1.0,8.03736516230811,6.521781453392229,52.417939049681856,4.369720552934253,9.492356405844367,5.122635852910114,0.02365407270411262
decoupled_0815,isic2018_lesion_ISIC_0035915,clinical_mask,0.755859375,2.75,0.9810148044289672,1.0,0.0,1.0,1.2559879720446798,0.8054110301768991,1.0,0.9811673238788051,0.9811673238788051,3.1630946806341935,0.008801874241551873,1.9085559336533833,0.0,1.0,8.51024147197083,4.815889793811244,40.98438504773349,0.8454341687634321,3.385545097672228,2.540110928908796,0.10977257169962816
decoupled_0816,isic2018_lesion_ISIC_0034961,clinical_mask,0.755859375,2.75,0.9810148044289672,1.0,0.0,1.0,1.2559879720446798,0.8054110301768991,1.0,0.9811673238788051,0.9811673238788051,3.1630946806341935,0.008801874241551873,1.9085559336533833,0.0,1.0,8.021781250336797,1.1750962125658098,9.426364765302196,0.2910163969483699,3.930887550979432,3.639871154031062,0.30312836230559503
decoupled_0817,isic2018_lesion_ISIC_0035348,clinical_mask,0.755859375,2.75,0.9810148044289672,1.0,0.0,1.0,1.2559879720446798,0.8054110301768991,1.0,0.9811673238788051,0.9811673238788051,3.1630946806341935,0.008801874241551873,1.9085559336533833,0.0,1.0,6.21345383285829,6.182110423871065,38.41225770835486,1.4608630027114824,2.066049838479586,0.6051868357681034,0.18395963290666775
decoupled_0818,midas_lesion_259,clinical_mask,0.755859375,2.75,0.9810148044289672,1.0,0.0,1.0,1.2559879720446798,0.8054110301768991,1.0,0.9811673238788051,0.9811673238788051,3.1630946806341935,0.008801874241551873,1.9085559336533833,0.0,1.0,7.359018862848364,9.324347273096858,68.61804746646848,6.1930934097738355,7.36381053450504,1.1707171247312047,0.18524586728434128
decoupled_0819,isic2018_lesion_ISIC_0034982,clinical_mask,0.755859375,2.75,0.9810148044289672,1.0,0.0,1.0,1.2559879720446798,0.8054110301768991,1.0,0.9811673238788051,0.9811673238788051,3.1630946806341935,0.008801874241551873,1.9085559336533833,0.0,1.0,8.471805676740903,1.7460648937995136,14.792322479248721,2.541484015860757,7.810435524541238,5.268951508680481,0.0958259490372254
decoupled_0820,isic2018_lesion_ISIC_0035287,clinical_mask,0.755859375,2.75,0.9810148044289672,1.0,0.0,1.0,1.2559879720446798,0.8054110301768991,1.0,0.9811673238788051,0.9811673238788051,3.1630946806341935,0.008801874241551873,1.9085559336533833,0.0,1.0,5.304631912437685,1.1273746270962492,5.980307424167298,2.770348029686507,6.543700174119073,3.7733521444325664,0.27532326403656293
decoupled_0821,isic2018_lesion_ISIC_0036062,clinical_mask,0.755859375,2.75,0.9810148044289672,1.0,0.0,1.0,1.2559879720446798,0.8054110301768991,1.0,0.9811673238788051,0.9811673238788051,3.1630946806341935,0.008801874241551873,1.9085559336533833,0.0,1.0,5.190394971396914,1.7538354276221049,9.10309858418753,1.269584674662038,2.9777574750798266,1.7081728004177885,0.17233114547528636
decoupled_0822,midas_lesion_647,clinical_mask,0.755859375,2.75,0.9810148044289672,1.0,0.0,1.0,1.2559879720446798,0.8054110301768991,1.0,0.9811673238788051,0.9811673238788051,3.1630946806341935,0.008801874241551873,1.9085559336533833,0.0,1.0,9.50579248326774,2.3912060561490827,22.730308554486246,1.372265781182434,5.473552244989507,4.101286463807073,0.2963675835647861
decoupled_0823,midas_lesion_275,clinical_mask,0.755859375,2.75,0.9810148044289672,1.0,0.0,1.0,1.2559879720446798,0.8054110301768991,1.0,0.9811673238788051,0.9811673238788051,3.1630946806341935,0.008801874241551873,1.9085559336533833,0.0,1.0,6.0083731819416695,1.4726358481275907,8.848145736655741,4.798422912928097,9.683279354055246,4.884856441127149,0.09099140046093217
decoupled_0824,midas_lesion_218,clinical_mask,0.755859375,2.75,0.9810148044289672,1.0,0.0,1.0,1.2559879720446798,0.8054110301768991,1.0,0.9811673238788051,0.9811673238788051,3.1630946806341935,0.008801874241551873,1.9085559336533833,0.0,1.0,5.294664953281677,4.021738898803121,21.293759998742527,6.3890371678912,9.925758498720548,3.536721330829348,0.053368780027094574
decoupled_0825,midas_lesion_138,clinical_mask,0.755859375,2.75,0.9810148044289672,1.0,0.0,1.0,1.2559879720446798,0.8054110301768991,1.0,0.9811673238788051,0.9811673238788051,3.1630946806341935,0.008801874241551873,1.9085559336533833,0.0,1.0,4.217859074207626,1.3507932789399741,5.6974556889556425,1.004412571887391,5.233441050231134,4.229028478343743,0.08633798642920001
decoupled_0826,melanoma_BCN_0000018489,clinical_mask,0.0595855712890625,1.00390625,0.275439114253714,1.3180420505522392,0.6514388593266779,0.8058192323565829,0.7429586708212474,0.5223381487426432,1.2409731113956464,0.3570778055381461,0.27091533641778426,4.1126580779429185,0.2534256500244032,1.6452713136997572,0.4147940074906367,1.0,5.800978421971822,2.0978658544741546,12.16967455399605,1.5281205974720158,2.368358984234582,0.8402383867625662,0.32029970897178106
decoupled_0827,midas_lesion_300,clinical_mask,0.755859375,2.75,0.9810148044289672,1.0,0.0,1.0,1.2559879720446798,0.8054110301768991,1.0,0.9811673238788051,0.9811673238788051,3.1630946806341935,0.008801874241551873,1.9085559336533833,0.0,1.0,9.118843340349459,3.9002810639858634,35.56605200581859,3.663435889780485,4.785915400576645,1.1224795107961598,0.07203812455148582
decoupled_0828,ph2_lesion_IMD331,clinical_mask,0.755859375,2.75,0.9810148044289672,1.0,0.0,1.0,1.2559879720446798,0.8054110301768991,1.0,0.9811673238788051,0.9811673238788051,3.1630946806341935,0.008801874241551873,1.9085559336533833,0.0,1.0,9.15934700403289,4.515640364871002,41.3603170472712,1.900526860245574,6.803682593189777,4.903155732944203,0.16032257815898399
decoupled_0829,isic2018_lesion_ISIC_0035008,clinical_mask,0.755859375,2.75,0.9810148044289672,1.0,0.0,1.0,1.2559879720446798,0.8054110301768991,1.0,0.9811673238788051,0.9811673238788051,3.1630946806341935,0.008801874241551873,1.9085559336533833,0.0,1.0,7.40214865863598,4.053072856825851,30.001447810507376,1.3225248506445417,5.866103690121611,4.543578839477069,0.3312821136405813
decoupled_0830,midas_lesion_544,clinical_mask,0.755859375,2.75,0.9810148044289672,1.0,0.0,1.0,1.2559879720446798,0.8054110301768991,1.0,0.9811673238788051,0.9811673238788051,3.1630946806341935,0.008801874241551873,1.9085559336533833,0.0,1.0,8.196003821774742,2.6702078422853837,21.88503368030389,2.15266325268657,6.6104566589328275,4.457793406246258,0.15216906783216383
decoupled_0831,isic2018_lesion_ISIC_0035553,clinical_mask,0.755859375,2.75,0.9810148044289672,1.0,0.0,1.0,1.2559879720446798,0.8054110301768991,1.0,0.9811673238788051,0.9811673238788051,3.1630946806341935,0.008801874241551873,1.9085559336533833,0.0,1.0,4.508894276130596,3.4436027180255735,15.526840584573272,5.686044771859586,7.893385545092629,2.2073407732330432,0.1069872361997339
decoupled_0832,isic2018_lesion_ISIC_0036062,clinical_mask,0.755859375,2.75,0.9810148044289672,1.0,0.0,1.0,1.2559879720446798,0.8054110301768991,1.0,0.9811673238788051,0.9811673238788051,3.1630946806341935,0.008801874241551873,1.9085559336533833,0.0,1.0,4.292145767792836,4.108083386850726,17.632492722611406,3.1761768348424146,6.088950308200224,2.9127734733578095,0.02801999126858569
decoupled_0833,isic2018_lesion_ISIC_0035119,clinical_mask,0.755859375,2.75,0.9810148044289672,1.0,0.0,1.0,1.2559879720446798,0.8054110301768991,1.0,0.9811673238788051,0.9811673238788051,3.1630946806341935,0.008801874241551873,1.9085559336533833,0.0,1.0,4.41302023481501,1.729212469834116,7.631049619672393,4.329313192996411,5.607523585878921,1.2782103928825101,0.07819045047797969
decoupled_0834,isic2018_lesion_ISIC_0035078,clinical_mask,0.755859375,2.75,0.9810148044289672,1.0,0.0,1.0,1.2559879720446798,0.8054110301768991,1.0,0.9811673238788051,0.9811673238788051,3.1630946806341935,0.008801874241551873,1.9085559336533833,0.0,1.0,3.1250985206966067,5.921288341723073,18.50460943733684,0.6032359190276808,3.2123857108305143,2.6091497918028335,0.2516216503358531
decoupled_0835,isic2018_lesion_ISIC_0035348,clinical_mask,0.755859375,2.75,0.9810148044289672,1.0,0.0,1.0,1.2559879720446798,0.8054110301768991,1.0,0.9811673238788051,0.9811673238788051,3.1630946806341935,0.008801874241551873,1.9085559336533833,0.0,1.0,4.745352479311473,4.12384735037527,19.569109248405333,1.0345338524761338,3.3218242611976976,2.2872904087215638,0.17202708160867827
decoupled_0836,isic2018_lesion_ISIC_0034961,clinical_mask,0.755859375,2.75,0.9810148044289672,1.0,0.0,1.0,1.2559879720446798,0.8054110301768991,1.0,0.9811673238788051,0.9811673238788051,3.1630946806341935,0.008801874241551873,1.9085559336533833,0.0,1.0,6.519378581906434,3.5838778023534097,23.364656184832718,2.0095102814141494,2.878728549174184,0.8692182677600346,0.29937544729755716
decoupled_0837,midas_lesion_415,clinical_mask,0.755859375,2.75,0.9810148044289672,1.0,0.0,1.0,1.2559879720446798,0.8054110301768991,1.0,0.9811673238788051,0.9811673238788051,3.1630946806341935,0.008801874241551873,1.9085559336533833,0.0,1.0,3.1158336007924565,1.3973776431781297,4.353996213610588,6.092084520344574,11.383488547162111,5.291404026817537,0.02016346710803103
decoupled_0838,isic2018_lesion_ISIC_0035117,clinical_mask,0.755859375,2.75,0.9810148044289672,1.0,0.0,1.0,1.2559879720446798,0.8054110301768991,1.0,0.9811673238788051,0.9811673238788051,3.1630946806341935,0.008801874241551873,1.9085559336533833,0.0,1.0,9.232334817253172,4.191430847366217,38.696692946248085,5.336732971844847,8.831846230478693,3.495113258633846,0.1015839016627518
decoupled_0839,midas_lesion_536,clinical_mask,0.755859375,2.75,0.9810148044289672,1.0,0.0,1.0,1.2559879720446798,0.8054110301768991,1.0,0.9811673238788051,0.9811673238788051,3.1630946806341935,0.008801874241551873,1.9085559336533833,0.0,1.0,8.459715229769756,1.6632598758475412,14.070704902772398,4.656190431619356,6.551594036585314,1.8954036049659582,0.2320456278228193
decoupled_0840,midas_lesion_415,clinical_mask,0.755859375,2.75,0.9810148044289672,1.0,0.0,1.0,1.2559879720446798,0.8054110301768991,1.0,0.9811673238788051,0.9811673238788051,3.1630946806341935,0.008801874241551873,1.9085559336533833,0.0,1.0,8.010232766462629,1.779834522699511,14.256888812608995,0.5078547926570384,4.299965469555337,3.792110676898299,0.32360754435145866
decoupled_0841,midas_lesion_218,clinical_mask,0.755859375,2.75,0.9810148044289672,1.0,0.0,1.0,1.2559879720446798,0.8054110301768991,1.0,0.9811673238788051,0.9811673238788051,3.1630946806341935,0.008801874241551873,1.9085559336533833,0.0,1.0,6.779318825829251,8.359336222985622,56.670605427922816,0.8753883309193431,4.973321978409041,4.097933647489699,0.07801708917578504
decoupled_0842,isic2018_lesion_ISIC_0035376,clinical_mask,0.755859375,2.75,0.9810148044289672,1.0,0.0,1.0,1.2559879720446798,0.8054110301768991,1.0,0.9811673238788051,0.9811673238788051,3.1630946806341935,0.008801874241551873,1.9085559336533833,0.0,1.0,6.747517815428083,1.2305715382768188,8.303303377681575,2.109945256286994,2.8121211885894004,0.7021759323024064,0.15728070830205904
decoupled_0843,midas_lesion_619,clinical_mask,0.755859375,2.75,0.9810148044289672,1.0,0.0,1.0,1.2559879720446798,0.8054110301768991,1.0,0.9811673238788051,0.9811673238788051,3.1630946806341935,0.008801874241551873,1.9085559336533833,0.0,1.0,7.501867048212226,3.859460243304925,28.953157623134356,2.0097312055554046,2.8867618759236047,0.8770306703682,0.12310856416854306
decoupled_0844,isic2018_lesion_ISIC_0034961,clinical_mask,0.755859375,2.75,0.9810148044289672,1.0,0.0,1.0,1.2559879720446798,0.8054110301768991,1.0,0.9811673238788051,0.9811673238788051,3.1630946806341935,0.008801874241551873,1.9085559336533833,0.0,1.0,7.6043322776653,1.2625803941381453,9.601080844292074,5.187930201860887,8.860820256127429,3.672890054266542,0.2851153094493464
decoupled_0845,melanoma_BCN_0000018489,clinical_mask,0.0595855712890625,1.00390625,0.275439114253714,1.3180420505522392,0.6514388593266779,0.8058192323565829,0.7429586708212474,0.5223381487426432,1.2409731113956464,0.3570778055381461,0.27091533641778426,4.1126580779429185,0.2534256500244032,1.6452713136997572,0.4147940074906367,1.0,3.0127098329984037,1.9011482965388808,5.727608166970851,0.526911587124171,5.7143049765370115,5.187393389412841,0.06871543300100688
decoupled_0846,isic2018_lesion_ISIC_0034898,clinical_mask,0.755859375,2.75,0.9810148044289672,1.0,0.0,1.0,1.2559879720446798,0.8054110301768991,1.0,0.9811673238788051,0.9811673238788051,3.1630946806341935,0.008801874241551873,1.9085559336533833,0.0,1.0,4.408437102801793,1.6029389358615915,7.066455478377864,3.2167747308410295,5.75508719182379,2.5383124609827608,0.3241679432132659
decoupled_0847,midas_lesion_647,clinical_mask,0.755859375,2.75,0.9810148044289672,1.0,0.0,1.0,1.2559879720446798,0.8054110301768991,1.0,0.9811673238788051,0.9811673238788051,3.1630946806341935,0.008801874241551873,1.9085559336533833,0.0,1.0,6.204948638088227,1.4494596947272405,8.993822958761568,6.841382035643388,8.190823053699294,1.3494410180559058,0.028797095183361026
decoupled_0848,midas_lesion_226,clinical_mask,0.755859375,2.75,0.9810148044289672,1.0,0.0,1.0,1.2559879720446798,0.8054110301768991,1.0,0.9811673238788051,0.9811673238788051,3.1630946806341935,0.008801874241551873,1.9085559336533833,0.0,1.0,5.798664221877097,1.3655169991682488,7.918174567441901,0.2980192034503682,4.2718921674680566,3.9738729640176884,0.011689637205453102
decoupled_0849,isic2018_lesion_ISIC_0034906,clinical_mask,0.755859375,2.75,0.9810148044289672,1.0,0.0,1.0,1.2559879720446798,0.8054110301768991,1.0,0.9811673238788051,0.9811673238788051,3.1630946806341935,0.008801874241551873,1.9085559336533833,0.0,1.0,5.918308449656642,7.7239617562453375,45.71278812681154,2.1823091706778546,4.670465970390081,2.4881567997122267,0.15906812784826874
decoupled_0850,isic2018_lesion_ISIC_0035608,clinical_mask,0.755859375,2.75,0.9810148044289672,1.0,0.0,1.0,1.2559879720446798,0.8054110301768991,1.0,0.9811673238788051,0.9811673238788051,3.1630946806341935,0.008801874241551873,1.9085559336533833,0.0,1.0,9.03985795676754,4.40295849564899,39.80211939020976,6.765775175334556,12.172850318612461,5.407075143277905,0.161074188768812
decoupled_0851,isic2018_lesion_ISIC_0035372,clinical_mask,0.755859375,2.75,0.9810148044289672,1.0,0.0,1.0,1.2559879720446798,0.8054110301768991,1.0,0.9811673238788051,0.9811673238788051,3.1630946806341935,0.008801874241551873,1.9085559336533833,0.0,1.0,4.493892484926208,8.802805178964936,39.558860040020036,0.6781260396322122,2.587382703609162,1.9092566639769497,0.22459347458376383
decoupled_0852,isic2018_lesion_ISIC_0035608,clinical_mask,0.755859375,2.75,0.9810148044289672,1.0,0.0,1.0,1.2559879720446798,0.8054110301768991,1.0,0.9811673238788051,0.9811673238788051,3.1630946806341935,0.008801874241551873,1.9085559336533833,0.0,1.0,7.48716187265469,7.9117774188041,59.236758235000394,5.7558376546250125,7.114609485328771,1.3587718307037582,0.05941432631476069
decoupled_0853,isic2018_lesion_ISIC_0035210,clinical_mask,0.755859375,2.75,0.9810148044289672,1.0,0.0,1.0,1.2559879720446798,0.8054110301768991,1.0,0.9811673238788051,0.9811673238788051,3.1630946806341935,0.008801874241551873,1.9085559336533833,0.0,1.0,8.059294230750144,7.97213628883085,64.24979199932832,3.8493590140865352,5.041407500771257,1.1920484866847216,0.30018469085571814
decoupled_0854,isic2018_lesion_ISIC_0035317,clinical_mask,0.755859375,2.75,0.9810148044289672,1.0,0.0,1.0,1.2559879720446798,0.8054110301768991,1.0,0.9811673238788051,0.9811673238788051,3.1630946806341935,0.008801874241551873,1.9085559336533833,0.0,1.0,6.083569611360044,1.3675424237836473,8.319539531575856,6.405282038118124,8.407984602771405,2.002702564653281,0.334011016716346
decoupled_0855,isic2018_lesion_ISIC_0035008,clinical_mask,0.755859375,2.75,0.9810148044289672,1.0,0.0,1.0,1.2559879720446798,0.8054110301768991,1.0,0.9811673238788051,0.9811673238788051,3.1630946806341935,0.008801874241551873,1.9085559336533833,0.0,1.0,8.530782497194851,5.461624935386009,46.591934405033925,1.133137138730444,6.538659452370384,5.40552231363994,0.3487840128915234
decoupled_0856,isic2018_lesion_ISIC_0034585,clinical_mask,0.755859375,2.75,0.9810148044289672,1.0,0.0,1.0,1.2559879720446798,0.8054110301768991,1.0,0.9811673238788051,0.9811673238788051,3.1630946806341935,0.008801874241551873,1.9085559336533833,0.0,1.0,3.6294909733465444,8.678753614974799,31.499457905449724,2.0806351069438453,6.881059815497526,4.800424708553681,0.10360567360027848
decoupled_0857,midas_lesion_300,clinical_mask,0.755859375,2.75,0.9810148044289672,1.0,0.0,1.0,1.2559879720446798,0.8054110301768991,1.0,0.9811673238788051,0.9811673238788051,3.1630946806341935,0.008801874241551873,1.9085559336533833,0.0,1.0,3.2045048187645206,7.344386576081772,23.535122173923497,2.5028700034440114,4.912519406455585,2.409649403011574,0.3292312677453818
decoupled_0858,midas_lesion_226,clinical_mask,0.755859375,2.75,0.9810148044289672,1.0,0.0,1.0,1.2559879720446798,0.8054110301768991,1.0,0.9811673238788051,0.9811673238788051,3.1630946806341935,0.008801874241551873,1.9085559336533833,0.0,1.0,7.284609623908505,4.477498518072585,32.61682879578762,0.8106099783645979,1.7111424022476078,0.9005324238830099,0.20344740973375378
decoupled_0859,ph2_lesion_IMD430,clinical_mask,0.755859375,2.75,0.9810148044289672,1.0,0.0,1.0,1.2559879720446798,0.8054110301768991,1.0,0.9811673238788051,0.9811673238788051,3.1630946806341935,0.008801874241551873,1.9085559336533833,0.0,1.0,8.529247613955938,7.583640357395315,64.68274642341395,7.501490005586867,11.122423719085274,3.620933713498407,0.3490373687347343
decoupled_0860,isic2018_lesion_ISIC_0034982,clinical_mask,0.755859375,2.75,0.9810148044289672,1.0,0.0,1.0,1.2559879720446798,0.8054110301768991,1.0,0.9811673238788051,0.9811673238788051,3.1630946806341935,0.008801874241551873,1.9085559336533833,0.0,1.0,8.064325994497906,5.553213821964696,44.78292657747497,3.330084051227426,5.416033633991768,2.085949582764342,0.1214240372645103
decoupled_0861,isic2018_lesion_ISIC_0034579,clinical_mask,0.755859375,2.75,0.9810148044289672,1.0,0.0,1.0,1.2559879720446798,0.8054110301768991,1.0,0.9811673238788051,0.9811673238788051,3.1630946806341935,0.008801874241551873,1.9085559336533833,0.0,1.0,7.224208254283434,1.2508891590060705,9.036683787685318,4.04378128655792,6.626305083774264,2.5825237972163446,0.22440928387814796
decoupled_0862,midas_lesion_486,clinical_mask,0.755859375,2.75,0.9810148044289672,1.0,0.0,1.0,1.2559879720446798,0.8054110301768991,1.0,0.9811673238788051,0.9811673238788051,3.1630946806341935,0.008801874241551873,1.9085559336533833,0.0,1.0,6.5838404274875515,1.4171855247473808,9.330523351081965,1.1228896360160174,5.879710433469037,4.7568207974530194,0.20905285374186344
decoupled_0863,isic2018_lesion_ISIC_0035330,clinical_mask,0.755859375,2.75,0.9810148044289672,1.0,0.0,1.0,1.2559879720446798,0.8054110301768991,1.0,0.9811673238788051,0.9811673238788051,3.1630946806341935,0.008801874241551873,1.9085559336533833,0.0,1.0,5.8570188875001,3.4824917419703825,20.397019908283657,7.8200712008606805,12.161074354236865,4.341003153376184,0.2836465830080575
decoupled_0864,ph2_lesion_IMD078,clinical_mask,0.755859375,2.75,0.9810148044289672,1.0,0.0,1.0,1.2559879720446798,0.8054110301768991,1.0,0.9811673238788051,0.9811673238788051,3.1630946806341935,0.008801874241551873,1.9085559336533833,0.0,1.0,3.443102319178921,5.116335346527811,17.616066097326996,3.456615413135132,5.4815036979055725,2.0248882847704404,0.3214370506287427
decoupled_0865,midas_lesion_277,clinical_mask,0.755859375,2.75,0.9810148044289672,1.0,0.0,1.0,1.2559879720446798,0.8054110301768991,1.0,0.9811673238788051,0.9811673238788051,3.1630946806341935,0.008801874241551873,1.9085559336533833,0.0,1.0,4.276531200058857,1.4762485191119725,6.313222851023034,2.259252320845351,3.7974041580290048,1.5381518371836536,0.14692161752520275
decoupled_0866,isic2018_lesion_ISIC_0034970,clinical_mask,0.755859375,2.75,0.9810148044289672,1.0,0.0,1.0,1.2559879720446798,0.8054110301768991,1.0,0.9811673238788051,0.9811673238788051,3.1630946806341935,0.008801874241551873,1.9085559336533833,0.0,1.0,3.345141169426137,4.836207830415894,16.177797917425266,6.664559523545792,8.406865824013636,1.7423063004678436,0.16506936811119394
decoupled_0867,midas_lesion_138,clinical_mask,0.755859375,2.75,0.9810148044289672,1.0,0.0,1.0,1.2559879720446798,0.8054110301768991,1.0,0.9811673238788051,0.9811673238788051,3.1630946806341935,0.008801874241551873,1.9085559336533833,0.0,1.0,8.153622125032626,9.361724731946028,76.33196590286026,5.1203871449081975,7.804155514591237,2.6837683696830394,0.09472236340824994
decoupled_0868,isic2018_lesion_ISIC_0035915,clinical_mask,0.755859375,2.75,0.9810148044289672,1.0,0.0,1.0,1.2559879720446798,0.8054110301768991,1.0,0.9811673238788051,0.9811673238788051,3.1630946806341935,0.008801874241551873,1.9085559336533833,0.0,1.0,5.900407149021584,2.134881902808223,12.59667244164644,2.2003233471629815,7.672342365106871,5.4720190179438895,0.006466435917986895
decoupled_0869,isic2018_lesion_ISIC_0035348,clinical_mask,0.755859375,2.75,0.9810148044289672,1.0,0.0,1.0,1.2559879720446798,0.8054110301768991,1.0,0.9811673238788051,0.9811673238788051,3.1630946806341935,0.008801874241551873,1.9085559336533833,0.0,1.0,9.898199800207232,2.8231386808867107,27.943990727110148,2.1434924551704455,3.280408937361311,1.1369164821908653,0.20285298390090206
decoupled_0870,midas_lesion_289,clinical_mask,0.755859375,2.75,0.9810148044289672,1.0,0.0,1.0,1.2559879720446798,0.8054110301768991,1.0,0.9811673238788051,0.9811673238788051,3.1630946806341935,0.008801874241551873,1.9085559336533833,0.0,1.0,5.016228262428636,1.3821408780659068,6.933134135212133,0.8353192546002264,5.892696889590847,5.057377634990621,0.07630843344059869
decoupled_0871,ph2_lesion_IMD331,clinical_mask,0.755859375,2.75,0.9810148044289672,1.0,0.0,1.0,1.2559879720446798,0.8054110301768991,1.0,0.9811673238788051,0.9811673238788051,3.1630946806341935,0.008801874241551873,1.9085559336533833,0.0,1.0,9.041644532357639,1.4059583409085985,12.712175545798846,6.219294228441674,7.852040070530562,1.6327458420888883,0.2026955696197164
decoupled_0872,midas_lesion_275,clinical_mask,0.755859375,2.75,0.9810148044289672,1.0,0.0,1.0,1.2559879720446798,0.8054110301768991,1.0,0.9811673238788051,0.9811673238788051,3.1630946806341935,0.008801874241551873,1.9085559336533833,0.0,1.0,6.931251126643572,1.4184385653644498,9.831553904257033,1.907179425993448,3.4427599333263696,1.5355805073329216,0.3429411354186624
decoupled_0873,isic2018_lesion_ISIC_0035330,clinical_mask,0.755859375,2.75,0.9810148044289672,1.0,0.0,1.0,1.2559879720446798,0.8054110301768991,1.0,0.9811673238788051,0.9811673238788051,3.1630946806341935,0.008801874241551873,1.9085559336533833,0.0,1.0,6.165377136113909,10.457405970090536,64.47385167105728,1.0618056254779882,2.089322292735722,1.0275166672577338,0.13310704899252487
decoupled_0874,midas_lesion_275,clinical_mask,0.755859375,2.75,0.9810148044289672,1.0,0.0,1.0,1.2559879720446798,0.8054110301768991,1.0,0.9811673238788051,0.9811673238788051,3.1630946806341935,0.008801874241551873,1.9085559336533833,0.0,1.0,6.334314713739651,1.1137631399159493,7.0549262447904715,2.2461876829613043,4.224314213226397,1.9781265302650928,0.15828818629559396
decoupled_0875,midas_lesion_486,clinical_mask,0.755859375,2.75,0.9810148044289672,1.0,0.0,1.0,1.2559879720446798,0.8054110301768991,1.0,0.9811673238788051,0.9811673238788051,3.1630946806341935,0.008801874241551873,1.9085559336533833,0.0,1.0,8.780792598057241,1.2046560552450036,10.577834973100163,7.588509360083716,9.88297185477104,2.2944624946873233,0.24971033853325728
decoupled_0876,isic2018_lesion_ISIC_0035368,clinical_mask,0.755859375,2.75,0.9810148044289672,1.0,0.0,1.0,1.2559879720446798,0.8054110301768991,1.0,0.9811673238788051,0.9811673238788051,3.1630946806341935,0.008801874241551873,1.9085559336533833,0.0,1.0,3.3470856624744636,9.528864665939123,31.893926303024358,7.59131939653686,9.464923878595187,1.8736044820583269,0.3406041342255558
decoupled_0877,isic2018_lesion_ISIC_0036062,clinical_mask,0.755859375,2.75,0.9810148044289672,1.0,0.0,1.0,1.2559879720446798,0.8054110301768991,1.0,0.9811673238788051,0.9811673238788051,3.1630946806341935,0.008801874241551873,1.9085559336533833,0.0,1.0,9.019153467349625,1.617195345551252,14.58573300821025,6.59200913034648,9.419080819513331,2.827071689166851,0.18294462117024138
decoupled_0878,midas_lesion_275,clinical_mask,0.755859375,2.75,0.9810148044289672,1.0,0.0,1.0,1.2559879720446798,0.8054110301768991,1.0,0.9811673238788051,0.9811673238788051,3.1630946806341935,0.008801874241551873,1.9085559336533833,0.0,1.0,3.759892863441306,6.015438830405865,22.617405528910727,2.3581217009663127,6.109940725583282,3.7518190246169696,0.12526986706693932
decoupled_0879,isic2018_lesion_ISIC_0035915,clinical_mask,0.755859375,2.75,0.9810148044289672,1.0,0.0,1.0,1.2559879720446798,0.8054110301768991,1.0,0.9811673238788051,0.9811673238788051,3.1630946806341935,0.008801874241551873,1.9085559336533833,0.0,1.0,8.061096637890552,1.6354840649014786,13.183795096900882,5.785366578513272,8.926365958707189,3.140999380193917,0.27784331550535135
decoupled_0880,ph2_lesion_IMD078,clinical_mask,0.755859375,2.75,0.9810148044289672,1.0,0.0,1.0,1.2559879720446798,0.8054110301768991,1.0,0.9811673238788051,0.9811673238788051,3.1630946806341935,0.008801874241551873,1.9085559336533833,0.0,1.0,5.548659977825939,1.5620138742727305,8.667083868985939,0.4313656149466424,1.015269289681424,0.5839036747347816,0.3451179600066464
decoupled_0881,midas_lesion_277,clinical_mask,0.755859375,2.75,0.9810148044289672,1.0,0.0,1.0,1.2559879720446798,0.8054110301768991,1.0,0.9811673238788051,0.9811673238788051,3.1630946806341935,0.008801874241551873,1.9085559336533833,0.0,1.0,9.717383253034008,5.538131116663762,53.816142566174975,5.314641966554684,8.882435158083808,3.567793191529124,0.16283763803239718
decoupled_0882,isic2018_lesion_ISIC_0035608,clinical_mask,0.755859375,2.75,0.9810148044289672,1.0,0.0,1.0,1.2559879720446798,0.8054110301768991,1.0,0.9811673238788051,0.9811673238788051,3.1630946806341935,0.008801874241551873,1.9085559336533833,0.0,1.0,6.237747997221746,1.7507552675663378,10.920770163887346,6.0419474026930216,10.28385547866629,4.241908075973268,0.07864125950685603
decoupled_0883,ph2_lesion_IMD256,clinical_mask,0.755859375,2.75,0.9810148044289672,1.0,0.0,1.0,1.2559879720446798,0.8054110301768991,1.0,0.9811673238788051,0.9811673238788051,3.1630946806341935,0.008801874241551873,1.9085559336533833,0.0,1.0,9.98640600158717,5.6856951668387055,56.77966033731322,6.8968514988752885,7.684366317094895,0.7875148182196066,0.09256082921113014
decoupled_0884,ph2_lesion_IMD437,clinical_mask,0.755859375,2.75,0.9810148044289672,1.0,0.0,1.0,1.2559879720446798,0.8054110301768991,1.0,0.9811673238788051,0.9811673238788051,3.1630946806341935,0.008801874241551873,1.9085559336533833,0.0,1.0,6.160692703201681,8.00786294880259,49.33398283692721,6.418418489288215,7.207914132088959,0.7894956428007438,0.1468448950685419
decoupled_0885,midas_lesion_486,clinical_mask,0.755859375,2.75,0.9810148044289672,1.0,0.0,1.0,1.2559879720446798,0.8054110301768991,1.0,0.9811673238788051,0.9811673238788051,3.1630946806341935,0.008801874241551873,1.9085559336533833,0.0,1.0,4.623963015254115,3.568685706185679,16.501470718468592,0.9138916082908246,3.2793630565502303,2.365471448259406,0.05901030517732307
decoupled_0886,midas_lesion_564,clinical_mask,0.755859375,2.75,0.9810148044289672,1.0,0.0,1.0,1.2559879720446798,0.8054110301768991,1.0,0.9811673238788051,0.9811673238788051,3.1630946806341935,0.008801874241551873,1.9085559336533833,0.0,1.0,8.155430082444177,1.7689276255931974,14.426365571429312,5.4314815562779035,7.856770339794531,2.4252887835166277,0.23208635786485815
decoupled_0887,isic2018_lesion_ISIC_0034906,clinical_mask,0.755859375,2.75,0.9810148044289672,1.0,0.0,1.0,1.2559879720446798,0.8054110301768991,1.0,0.9811673238788051,0.9811673238788051,3.1630946806341935,0.008801874241551873,1.9085559336533833,0.0,1.0,7.148586595364839,7.6250865340692355,54.50859138594428,3.2880243058272893,8.1728209239323,4.88479661810501,0.13835006273376144
decoupled_0888,midas_lesion_619,clinical_mask,0.755859375,2.75,0.9810148044289672,1.0,0.0,1.0,1.2559879720446798,0.8054110301768991,1.0,0.9811673238788051,0.9811673238788051,3.1630946806341935,0.008801874241551873,1.9085559336533833,0.0,1.0,6.225683580977376,10.966779649508219,68.27570000014013,7.864723117310658,8.852716281835974,0.9879931645253164,0.06220765799272629
decoupled_0889,ph2_lesion_IMD370,clinical_mask,0.755859375,2.75,0.9810148044289672,1.0,0.0,1.0,1.2559879720446798,0.8054110301768991,1.0,0.9811673238788051,0.9811673238788051,3.1630946806341935,0.008801874241551873,1.9085559336533833,0.0,1.0,7.41380933829837,7.490449903841358,55.53276744515519,3.5008175488729054,7.237282627858546,3.7364650789856406,0.20390563953225702
decoupled_0890,isic2018_lesion_ISIC_0035626,clinical_mask,0.755859375,2.75,0.9810148044289672,1.0,0.0,1.0,1.2559879720446798,0.8054110301768991,1.0,0.9811673238788051,0.9811673238788051,3.1630946806341935,0.008801874241551873,1.9085559336533833,0.0,1.0,6.937839607253465,5.160606939783464,35.80346322429681,2.2064975926716346,5.572592340849241,3.366094748177606,0.33326973416654276
decoupled_0891,isic2018_lesion_ISIC_0035008,clinical_mask,0.755859375,2.75,0.9810148044289672,1.0,0.0,1.0,1.2559879720446798,0.8054110301768991,1.0,0.9811673238788051,0.9811673238788051,3.1630946806341935,0.008801874241551873,1.9085559336533833,0.0,1.0,4.687164221653264,1.3550412445353548,6.351300840250627,1.7624740747857817,2.946709183519342,1.1842351087335605,0.07029483770430553
decoupled_0892,isic2018_lesion_ISIC_0035372,clinical_mask,0.755859375,2.75,0.9810148044289672,1.0,0.0,1.0,1.2559879720446798,0.8054110301768991,1.0,0.9811673238788051,0.9811673238788051,3.1630946806341935,0.008801874241551873,1.9085559336533833,0.0,1.0,9.232897407012558,8.866432024361032,81.86285724717608,1.848924063422131,4.900230426608774,3.051306363186643,0.268297883944886
decoupled_0893,midas_lesion_805,clinical_mask,0.755859375,2.75,0.9810148044289672,1.0,0.0,1.0,1.2559879720446798,0.8054110301768991,1.0,0.9811673238788051,0.9811673238788051,3.1630946806341935,0.008801874241551873,1.9085559336533833,0.0,1.0,9.41140097479606,4.196890691216377,39.49862114242632,4.9016617160140425,9.909399767384945,5.007738051370903,0.20886427294074242
decoupled_0894,isic2018_lesion_ISIC_0034669,clinical_mask,0.755859375,2.75,0.9810148044289672,1.0,0.0,1.0,1.2559879720446798,0.8054110301768991,1.0,0.9811673238788051,0.9811673238788051,3.1630946806341935,0.008801874241551873,1.9085559336533833,0.0,1.0,6.042581269298454,6.430807396877809,38.8586763228398,3.869540851045646,6.7320709957048726,2.8625301446592264,0.08611145919891718
decoupled_0895,isic2018_lesion_ISIC_0035117,clinical_mask,0.755859375,2.75,0.9810148044289672,1.0,0.0,1.0,1.2559879720446798,0.8054110301768991,1.0,0.9811673238788051,0.9811673238788051,3.1630946806341935,0.008801874241551873,1.9085559336533833,0.0,1.0,4.727717612782541,7.461020998993941,35.273600386284045,5.578550660959858,7.397532564254951,1.818981903295093,0.18392141066185688
decoupled_0896,midas_lesion_143,clinical_mask,0.755859375,2.75,0.9810148044289672,1.0,0.0,1.0,1.2559879720446798,0.8054110301768991,1.0,0.9811673238788051,0.9811673238788051,3.1630946806341935,0.008801874241551873,1.9085559336533833,0.0,1.0,8.139015161717769,7.705804171922558,62.71765698850573,4.19407984991736,5.845392226271333,1.6513123763539728,0.27886230471143697
decoupled_0897,midas_lesion_564,clinical_mask,0.755859375,2.75,0.9810148044289672,1.0,0.0,1.0,1.2559879720446798,0.8054110301768991,1.0,0.9811673238788051,0.9811673238788051,3.1630946806341935,0.008801874241551873,1.9085559336533833,0.0,1.0,9.109200993416337,8.118703881164242,73.95490545955438,4.509208804784862,5.9275435693739364,1.4183347645890745,0.24484811243121465
decoupled_0898,midas_lesion_486,clinical_mask,0.755859375,2.75,0.9810148044289672,1.0,0.0,1.0,1.2559879720446798,0.8054110301768991,1.0,0.9811673238788051,0.9811673238788051,3.1630946806341935,0.008801874241551873,1.9085559336533833,0.0,1.0,6.271895871676918,1.3086307426515986,8.20759575238606,7.7782567369084665,11.21674091934338,3.4384841824349133,0.21651094070489263
decoupled_0899,isic2018_lesion_ISIC_0035117,clinical_mask,0.755859375,2.75,0.9810148044289672,1.0,0.0,1.0,1.2559879720446798,0.8054110301768991,1.0,0.9811673238788051,0.9811673238788051,3.1630946806341935,0.008801874241551873,1.9085559336533833,0.0,1.0,3.0342978941332723,2.15416421639162,6.536375945414343,7.339580739370278,10.05663513849104,2.717054399120763,0.14553087918129265
decoupled_0900,isic2018_lesion_ISIC_0034753,clinical_mask,0.755859375,2.75,0.9810148044289672,1.0,0.0,1.0,1.2559879720446798,0.8054110301768991,1.0,0.9811673238788051,0.9811673238788051,3.1630946806341935,0.008801874241551873,1.9085559336533833,0.0,1.0,3.979644597750733,1.1465674348170498,4.562930897926588,5.61790877998299,9.994637267441245,4.376728487458255,0.3148899517288036
decoupled_0901,ph2_lesion_IMD078,clinical_mask,0.755859375,2.75,0.9810148044289672,1.0,0.0,1.0,1.2559879720446798,0.8054110301768991,1.0,0.9811673238788051,0.9811673238788051,3.1630946806341935,0.008801874241551873,1.9085559336533833,0.0,1.0,6.0588770074445275,1.3656609855644726,8.274371945400615,4.621203488610188,6.220329692134092,1.5991262035239036,0.3110286603731914
decoupled_0902,midas_lesion_138,clinical_mask,0.755859375,2.75,0.9810148044289672,1.0,0.0,1.0,1.2559879720446798,0.8054110301768991,1.0,0.9811673238788051,0.9811673238788051,3.1630946806341935,0.008801874241551873,1.9085559336533833,0.0,1.0,6.951558168535378,3.3494319875014296,23.28377129266925,2.076126197901984,2.670779589178238,0.5946533912762542,0.1340888185595754
decoupled_0903,isic2018_lesion_ISIC_0035372,clinical_mask,0.755859375,2.75,0.9810148044289672,1.0,0.0,1.0,1.2559879720446798,0.8054110301768991,1.0,0.9811673238788051,0.9811673238788051,3.1630946806341935,0.008801874241551873,1.9085559336533833,0.0,1.0,8.9315205152687,2.3218154609772443,20.73734242238631,0.49805757538423323,1.9667470418782065,1.4686894664939731,0.18760993251730315
decoupled_0904,ph2_lesion_IMD078,clinical_mask,0.755859375,2.75,0.9810148044289672,1.0,0.0,1.0,1.2559879720446798,0.8054110301768991,1.0,0.9811673238788051,0.9811673238788051,3.1630946806341935,0.008801874241551873,1.9085559336533833,0.0,1.0,4.268151528767534,1.1916366514038461,5.086085795424751,7.480667777592254,10.370470947633978,2.8898031700417235,0.2717813510760746
decoupled_0905,isic2018_lesion_ISIC_0035608,clinical_mask,0.755859375,2.75,0.9810148044289672,1.0,0.0,1.0,1.2559879720446798,0.8054110301768991,1.0,0.9811673238788051,0.9811673238788051,3.1630946806341935,0.008801874241551873,1.9085559336533833,0.0,1.0,9.442076011095068,8.644268430232982,81.61983957856926,4.281256602818008,9.226033330706642,4.944776727888634,0.05227388902112633
decoupled_0906,ph2_lesion_IMD312,clinical_mask,0.755859375,2.75,0.9810148044289672,1.0,0.0,1.0,1.2559879720446798,0.8054110301768991,1.0,0.9811673238788051,0.9811673238788051,3.1630946806341935,0.008801874241551873,1.9085559336533833,0.0,1.0,6.089739531790926,2.0174341284472317,12.28564836478928,7.71772128411273,12.914198649056667,5.196477364943937,0.026546296317671463
decoupled_0907,isic2018_lesion_ISIC_0034970,clinical_mask,0.755859375,2.75,0.9810148044289672,1.0,0.0,1.0,1.2559879720446798,0.8054110301768991,1.0,0.9811673238788051,0.9811673238788051,3.1630946806341935,0.008801874241551873,1.9085559336533833,0.0,1.0,8.105683964606516,4.388489721840139,35.57171076716012,1.2238867052606184,3.454301292655951,2.230414587395333,0.11181199561095292
decoupled_0908,isic2018_lesion_ISIC_0035078,clinical_mask,0.755859375,2.75,0.9810148044289672,1.0,0.0,1.0,1.2559879720446798,0.8054110301768991,1.0,0.9811673238788051,0.9811673238788051,3.1630946806341935,0.008801874241551873,1.9085559336533833,0.0,1.0,9.947734375886,5.405992043717088,53.77737288905069,1.5062925583468543,2.9005088224231255,1.3942162640762712,0.28127490157318996
decoupled_0909,midas_lesion_277,clinical_mask,0.755859375,2.75,0.9810148044289672,1.0,0.0,1.0,1.2559879720446798,0.8054110301768991,1.0,0.9811673238788051,0.9811673238788051,3.1630946806341935,0.008801874241551873,1.9085559336533833,0.0,1.0,8.188337559219502,2.9622151086750463,24.25561723285136,3.77764564893446,7.332061503291795,3.554415854357335,0.006076021847469748
decoupled_0910,midas_lesion_357,clinical_mask,0.755859375,2.75,0.9810148044289672,1.0,0.0,1.0,1.2559879720446798,0.8054110301768991,1.0,0.9811673238788051,0.9811673238788051,3.1630946806341935,0.008801874241551873,1.9085559336533833,0.0,1.0,8.842254179142275,1.674911395838553,14.809992289546466,5.370783918998695,7.469453499808322,2.098669580809627,0.05533921273065844
decoupled_0911,isic2018_lesion_ISIC_0035553,clinical_mask,0.755859375,2.75,0.9810148044289672,1.0,0.0,1.0,1.2559879720446798,0.8054110301768991,1.0,0.9811673238788051,0.9811673238788051,3.1630946806341935,0.008801874241551873,1.9085559336533833,0.0,1.0,6.690279089589603,2.5889618937423053,17.320877621448446,4.968742574592984,7.997048360493426,3.028305785900442,0.29045047892422204
decoupled_0912,isic2018_lesion_ISIC_0035376,clinical_mask,0.755859375,2.75,0.9810148044289672,1.0,0.0,1.0,1.2559879720446798,0.8054110301768991,1.0,0.9811673238788051,0.9811673238788051,3.1630946806341935,0.008801874241551873,1.9085559336533833,0.0,1.0,5.246556552941087,5.1581100274591325,27.06231596535684,6.027212160619747,11.41501350703308,5.387801346413333,0.1692136413440188
decoupled_0913,isic2018_lesion_ISIC_0035642,clinical_mask,0.755859375,2.75,0.9810148044289672,1.0,0.0,1.0,1.2559879720446798,0.8054110301768991,1.0,0.9811673238788051,0.9811673238788051,3.1630946806341935,0.008801874241551873,1.9085559336533833,0.0,1.0,9.85245479518925,4.9875881549317675,49.139986833486596,4.456004560056253,9.384990545210474,4.928985985154221,0.28582166389808733
decoupled_0914,benign_nevi_BCN_0000002637,clinical_mask,0.15252685546875,1.30859375,0.4406849487070295,1.417669542590093,0.7088263668179722,0.9852158486102898,1.1192999836144735,0.7212121212121212,1.0150060024009604,0.5266806701684116,0.3715115930375157,3.3506702010670235,0.12587200220725414,1.7585747731755839,0.284992784992785,1.0,7.97573146978476,1.5050393417701038,12.003789641419958,5.885619907884623,10.948250410660442,5.06263050277582,0.11954591283338677
decoupled_0915,isic2018_lesion_ISIC_0034585,clinical_mask,0.755859375,2.75,0.9810148044289672,1.0,0.0,1.0,1.2559879720446798,0.8054110301768991,1.0,0.9811673238788051,0.9811673238788051,3.1630946806341935,0.008801874241551873,1.9085559336533833,0.0,1.0,8.489263873969755,1.4330243052240335,12.165321464858994,2.796093690846819,8.121416651651185,5.325322960804366,0.18573369804193407
decoupled_0916,midas_lesion_226,clinical_mask,0.755859375,2.75,0.9810148044289672,1.0,0.0,1.0,1.2559879720446798,0.8054110301768991,1.0,0.9811673238788051,0.9811673238788051,3.1630946806341935,0.008801874241551873,1.9085559336533833,0.0,1.0,6.436327514023506,2.6278435337203816,16.913661638633247,7.694023237358451,9.638402902508917,1.944379665150466,0.28865777044456314
decoupled_0917,squamous_cell_carcinoma_BCN_0000004833,clinical_mask,0.164306640625,2.015625,0.45738573688555156,1.8852126082925396,0.8477198850396415,0.7619317176720326,0.5082126929549741,0.4817897091722595,1.3124535661218424,0.702400355573212,0.37258415973007136,4.972584571971463,0.32249627842615697,1.80638791826563,0.43843400447427294,1.0,6.9806462464017685,10.035934730910297,70.0573101084621,5.3721323013736315,6.670223993470575,1.2980916920969436,0.16777286614744985
decoupled_0918,midas_lesion_357,clinical_mask,0.755859375,2.75,0.9810148044289672,1.0,0.0,1.0,1.2559879720446798,0.8054110301768991,1.0,0.9811673238788051,0.9811673238788051,3.1630946806341935,0.008801874241551873,1.9085559336533833,0.0,1.0,9.922733735529919,1.5689075931621324,15.56785230259894,7.433523646819589,12.760654540046598,5.327130893227009,0.24477743153430984
decoupled_0919,midas_lesion_259,clinical_mask,0.755859375,2.75,0.9810148044289672,1.0,0.0,1.0,1.2559879720446798,0.8054110301768991,1.0,0.9811673238788051,0.9811673238788051,3.1630946806341935,0.008801874241551873,1.9085559336533833,0.0,1.0,5.711768947028987,4.9403171507523505,28.217950090141997,6.535494758715958,11.436879802457387,4.901385043741429,0.24023242174063983
decoupled_0920,isic2018_lesion_ISIC_0035376,clinical_mask,0.755859375,2.75,0.9810148044289672,1.0,0.0,1.0,1.2559879720446798,0.8054110301768991,1.0,0.9811673238788051,0.9811673238788051,3.1630946806341935,0.008801874241551873,1.9085559336533833,0.0,1.0,9.838255158452005,3.4432370403377655,33.87544457387604,5.080964062442527,10.19073594438449,5.109771881941963,0.32272168600035467
decoupled_0921,isic2018_lesion_ISIC_0035210,clinical_mask,0.755859375,2.75,0.9810148044289672,1.0,0.0,1.0,1.2559879720446798,0.8054110301768991,1.0,0.9811673238788051,0.9811673238788051,3.1630946806341935,0.008801874241551873,1.9085559336533833,0.0,1.0,9.828337788957253,6.72536502714151,66.09915924078642,4.086852998971229,5.241697784081267,1.154844785110038,0.08226171708083224
decoupled_0922,midas_lesion_178,clinical_mask,0.755859375,2.75,0.9810148044289672,1.0,0.0,1.0,1.2559879720446798,0.8054110301768991,1.0,0.9811673238788051,0.9811673238788051,3.1630946806341935,0.008801874241551873,1.9085559336533833,0.0,1.0,5.318266243932301,7.9871900840347125,42.47800340779261,3.638272967102376,8.803784053051045,5.165511085948669,0.2924869847496328
decoupled_0923,isic2018_lesion_ISIC_0034970,clinical_mask,0.755859375,2.75,0.9810148044289672,1.0,0.0,1.0,1.2559879720446798,0.8054110301768991,1.0,0.9811673238788051,0.9811673238788051,3.1630946806341935,0.008801874241551873,1.9085559336533833,0.0,1.0,8.16245516097894,6.5597251441984,53.54346235786555,2.754431636688506,7.1900212094833975,4.435589572794891,0.1312365781579083
decoupled_0924,ph2_lesion_IMD078,clinical_mask,0.755859375,2.75,0.9810148044289672,1.0,0.0,1.0,1.2559879720446798,0.8054110301768991,1.0,0.9811673238788051,0.9811673238788051,3.1630946806341935,0.008801874241551873,1.9085559336533833,0.0,1.0,5.540339479706095,1.6829548924401532,9.324141433150706,5.825018449815862,9.790961534291055,3.9659430844751933,0.2403357571125377
decoupled_0925,midas_lesion_300,clinical_mask,0.755859375,2.75,0.9810148044289672,1.0,0.0,1.0,1.2559879720446798,0.8054110301768991,1.0,0.9811673238788051,0.9811673238788051,3.1630946806341935,0.008801874241551873,1.9085559336533833,0.0,1.0,3.7927087549596967,1.300514352573384,4.9324721709558155,5.162279495790861,9.872500369076707,4.710220873285847,0.2820324192662547
decoupled_0926,isic2018_lesion_ISIC_0034753,clinical_mask,0.755859375,2.75,0.9810148044289672,1.0,0.0,1.0,1.2559879720446798,0.8054110301768991,1.0,0.9811673238788051,0.9811673238788051,3.1630946806341935,0.008801874241551873,1.9085559336533833,0.0,1.0,5.085579277608048,3.194025978656449,16.243472329197,4.241580331875956,8.96253767635648,4.7209573444805235,0.11465792054798914
decoupled_0927,isic2018_lesion_ISIC_0036062,clinical_mask,0.755859375,2.75,0.9810148044289672,1.0,0.0,1.0,1.2559879720446798,0.8054110301768991,1.0,0.9811673238788051,0.9811673238788051,3.1630946806341935,0.008801874241551873,1.9085559336533833,0.0,1.0,9.431832000408317,1.6482644875799493,15.546153739093182,2.6137723869205263,6.940569685413472,4.326797298492945,0.06444187663234226
decoupled_0928,isic2018_lesion_ISIC_0035882,clinical_mask,0.755859375,2.75,0.9810148044289672,1.0,0.0,1.0,1.2559879720446798,0.8054110301768991,1.0,0.9811673238788051,0.9811673238788051,3.1630946806341935,0.008801874241551873,1.9085559336533833,0.0,1.0,6.6044790110831135,1.4524960842739842,9.592979902267938,3.227308250727639,6.992622853916121,3.765314603188482,0.1466467742798243
decoupled_0929,midas_lesion_626,clinical_mask,0.755859375,2.75,0.9810148044289672,1.0,0.0,1.0,1.2559879720446798,0.8054110301768991,1.0,0.9811673238788051,0.9811673238788051,3.1630946806341935,0.008801874241551873,1.9085559336533833,0.0,1.0,8.566706619576287,1.4425726372910022,12.358096561100451,3.380156129460097,8.01309745504683,4.632941325586733,0.3151546223225721
decoupled_0930,isic2018_lesion_ISIC_0035376,clinical_mask,0.755859375,2.75,0.9810148044289672,1.0,0.0,1.0,1.2559879720446798,0.8054110301768991,1.0,0.9811673238788051,0.9811673238788051,3.1630946806341935,0.008801874241551873,1.9085559336533833,0.0,1.0,7.058740393351153,11.07975248530774,78.20909641637456,4.577164123820307,9.330244583553014,4.753080459732708,0.17355780652830752
decoupled_0931,isic2018_lesion_ISIC_0034733,clinical_mask,0.755859375,2.75,0.9810148044289672,1.0,0.0,1.0,1.2559879720446798,0.8054110301768991,1.0,0.9811673238788051,0.9811673238788051,3.1630946806341935,0.008801874241551873,1.9085559336533833,0.0,1.0,9.044248469311874,1.3915486984921013,12.585512186310117,7.849688068784256,12.363316274561628,4.513628205777372,0.01597274307039189
decoupled_0932,isic2018_lesion_ISIC_0034538,clinical_mask,0.755859375,2.75,0.9810148044289672,1.0,0.0,1.0,1.2559879720446798,0.8054110301768991,1.0,0.9811673238788051,0.9811673238788051,3.1630946806341935,0.008801874241551873,1.9085559336533833,0.0,1.0,7.637657001817643,1.6322559831289905,12.466611338303874,1.3022605519779213,3.8742883884418937,2.572027836463972,0.13552302548584647
decoupled_0933,isic2018_lesion_ISIC_0034669,clinical_mask,0.755859375,2.75,0.9810148044289672,1.0,0.0,1.0,1.2559879720446798,0.8054110301768991,1.0,0.9811673238788051,0.9811673238788051,3.1630946806341935,0.008801874241551873,1.9085559336533833,0.0,1.0,5.121913666762076,1.6780209781750515,8.594678581228264,5.690798882745981,11.023400460978628,5.332601578232647,0.2807102925728478
decoupled_0934,midas_lesion_218,clinical_mask,0.755859375,2.75,0.9810148044289672,1.0,0.0,1.0,1.2559879720446798,0.8054110301768991,1.0,0.9811673238788051,0.9811673238788051,3.1630946806341935,0.008801874241551873,1.9085559336533833,0.0,1.0,5.747310012919876,1.4748045836375514,8.476159150640228,5.459946654102759,7.6711462550268665,2.2111996009241075,0.06752843006062652
decoupled_0935,midas_lesion_415,clinical_mask,0.755859375,2.75,0.9810148044289672,1.0,0.0,1.0,1.2559879720446798,0.8054110301768991,1.0,0.9811673238788051,0.9811673238788051,3.1630946806341935,0.008801874241551873,1.9085559336533833,0.0,1.0,9.093949048296222,1.336005513311371,12.14956606629645,6.6840403340480785,12.071492677710964,5.387452343662885,0.32789842657838036
decoupled_0936,isic2018_lesion_ISIC_0035643,clinical_mask,0.755859375,2.75,0.9810148044289672,1.0,0.0,1.0,1.2559879720446798,0.8054110301768991,1.0,0.9811673238788051,0.9811673238788051,3.1630946806341935,0.008801874241551873,1.9085559336533833,0.0,1.0,4.800272621258969,7.010116200809575,33.650468870590146,4.392703183798497,7.285632547298454,2.892929363499957,0.17694531150564613
decoupled_0937,midas_lesion_275,clinical_mask,0.755859375,2.75,0.9810148044289672,1.0,0.0,1.0,1.2559879720446798,0.8054110301768991,1.0,0.9811673238788051,0.9811673238788051,3.1630946806341935,0.008801874241551873,1.9085559336533833,0.0,1.0,8.849573487229234,1.336527281140631,11.827696392140702,1.8039241421284675,2.8813012363162986,1.0773770941878311,0.09836936102876834
decoupled_0938,isic2018_lesion_ISIC_0034585,clinical_mask,0.755859375,2.75,0.9810148044289672,1.0,0.0,1.0,1.2559879720446798,0.8054110301768991,1.0,0.9811673238788051,0.9811673238788051,3.1630946806341935,0.008801874241551873,1.9085559336533833,0.0,1.0,6.887893009878533,2.444780675535836,16.8393877257094,0.6910334436220321,2.1042952215472592,1.4132617779252272,0.33079399800186104
decoupled_0939,squamous_cell_carcinoma_BCN_0000004833,clinical_mask,0.164306640625,2.015625,0.45738573688555156,1.8852126082925396,0.8477198850396415,0.7619317176720326,0.5082126929549741,0.4817897091722595,1.3124535661218424,0.702400355573212,0.37258415973007136,4.972584571971463,0.32249627842615697,1.80638791826563,0.43843400447427294,1.0,5.3281322471911565,1.777872834767007,9.472741582327245,6.978322265084503,9.213740493182684,2.2354182280981805,0.0029605222223189785
decoupled_0940,midas_lesion_626,clinical_mask,0.755859375,2.75,0.9810148044289672,1.0,0.0,1.0,1.2559879720446798,0.8054110301768991,1.0,0.9811673238788051,0.9811673238788051,3.1630946806341935,0.008801874241551873,1.9085559336533833,0.0,1.0,4.79345041829367,3.5373648564943903,16.956183051020364,0.8911584980557179,3.922662975136317,3.031504477080599,0.08373980319861923
decoupled_0941,isic2018_lesion_ISIC_0035376,clinical_mask,0.755859375,2.75,0.9810148044289672,1.0,0.0,1.0,1.2559879720446798,0.8054110301768991,1.0,0.9811673238788051,0.9811673238788051,3.1630946806341935,0.008801874241551873,1.9085559336533833,0.0,1.0,5.9001511634351145,5.904358883618247,34.836609936518656,3.6154924539648143,4.892713889863186,1.277221435898372,0.11820451434623723
decoupled_0942,melanoma_BCN_0000018489,clinical_mask,0.0595855712890625,1.00390625,0.275439114253714,1.3180420505522392,0.6514388593266779,0.8058192323565829,0.7429586708212474,0.5223381487426432,1.2409731113956464,0.3570778055381461,0.27091533641778426,4.1126580779429185,0.2534256500244032,1.6452713136997572,0.4147940074906367,1.0,7.258095316496406,5.4739503727952,39.7304535635186,3.9776757268392453,5.473025240147315,1.4953495133080699,0.12862251671718639
decoupled_0943,midas_lesion_259,clinical_mask,0.755859375,2.75,0.9810148044289672,1.0,0.0,1.0,1.2559879720446798,0.8054110301768991,1.0,0.9811673238788051,0.9811673238788051,3.1630946806341935,0.008801874241551873,1.9085559336533833,0.0,1.0,5.258672903916576,1.5605594244487153,8.206471560300105,3.072724110877963,3.9800798700525357,0.9073557591745729,0.33348128889276873
decoupled_0944,isic2018_lesion_ISIC_0035029,clinical_mask,0.755859375,2.75,0.9810148044289672,1.0,0.0,1.0,1.2559879720446798,0.8054110301768991,1.0,0.9811673238788051,0.9811673238788051,3.1630946806341935,0.008801874241551873,1.9085559336533833,0.0,1.0,6.8231296795188054,11.955121953607755,81.57134742392792,6.129892817470022,10.46238025749089,4.332487440020868,0.15615977529884642
decoupled_0945,midas_lesion_218,clinical_mask,0.755859375,2.75,0.9810148044289672,1.0,0.0,1.0,1.2559879720446798,0.8054110301768991,1.0,0.9811673238788051,0.9811673238788051,3.1630946806341935,0.008801874241551873,1.9085559336533833,0.0,1.0,7.514594314042804,2.0359635653397943,15.299440231700732,5.224181193548736,6.060805595516703,0.836624401967967,0.20097380104493953
decoupled_0946,isic2018_lesion_ISIC_0034748,clinical_mask,0.755859375,2.75,0.9810148044289672,1.0,0.0,1.0,1.2559879720446798,0.8054110301768991,1.0,0.9811673238788051,0.9811673238788051,3.1630946806341935,0.008801874241551873,1.9085559336533833,0.0,1.0,9.837677846707953,1.4521571356445024,14.285854083268797,5.507597332091699,9.451785843835781,3.9441885117440822,0.03547832205373427
decoupled_0947,midas_lesion_143,clinical_mask,0.755859375,2.75,0.9810148044289672,1.0,0.0,1.0,1.2559879720446798,0.8054110301768991,1.0,0.9811673238788051,0.9811673238788051,3.1630946806341935,0.008801874241551873,1.9085559336533833,0.0,1.0,5.17555737000642,2.0216881287628437,10.463362894673024,2.5217759913892444,6.189356222935527,3.6675802315462827,0.009208501153789383
decoupled_0948,midas_lesion_805,clinical_mask,0.755859375,2.75,0.9810148044289672,1.0,0.0,1.0,1.2559879720446798,0.8054110301768991,1.0,0.9811673238788051,0.9811673238788051,3.1630946806341935,0.008801874241551873,1.9085559336533833,0.0,1.0,5.271480344978604,5.851424169710792,30.845667500763188,1.1635315832784687,3.289459702547319,2.12592811926885,0.11472935077638648
decoupled_0949,ph2_lesion_IMD031,clinical_mask,0.755859375,2.75,0.9810148044289672,1.0,0.0,1.0,1.2559879720446798,0.8054110301768991,1.0,0.9811673238788051,0.9811673238788051,3.1630946806341935,0.008801874241551873,1.9085559336533833,0.0,1.0,3.621014975528516,2.890401555894827,10.46618731918609,4.373397503534268,7.780763685857236,3.407366182322968,0.10169066331999246
decoupled_0950,ph2_lesion_IMD256,clinical_mask,0.755859375,2.75,0.9810148044289672,1.0,0.0,1.0,1.2559879720446798,0.8054110301768991,1.0,0.9811673238788051,0.9811673238788051,3.1630946806341935,0.008801874241551873,1.9085559336533833,0.0,1.0,9.310731498999234,2.0259412194075077,18.8629947266584,5.083873438179374,9.222953592211987,4.139080154032612,0.170832699942789
decoupled_0951,ph2_lesion_IMD331,clinical_mask,0.755859375,2.75,0.9810148044289672,1.0,0.0,1.0,1.2559879720446798,0.8054110301768991,1.0,0.9811673238788051,0.9811673238788051,3.1630946806341935,0.008801874241551873,1.9085559336533833,0.0,1.0,8.299266012086363,2.5229140227147253,20.938334600132404,7.868329830852482,9.078321903093965,1.2099920722414828,0.16868175910856675
decoupled_0952,isic2018_lesion_ISIC_0035317,clinical_mask,0.755859375,2.75,0.9810148044289672,1.0,0.0,1.0,1.2559879720446798,0.8054110301768991,1.0,0.9811673238788051,0.9811673238788051,3.1630946806341935,0.008801874241551873,1.9085559336533833,0.0,1.0,6.874756462029337,9.968890540870397,68.5336946651119,4.2391032192002305,6.794150202987659,2.5550469837874283,0.15216609817808108
decoupled_0953,isic2018_lesion_ISIC_0034669,clinical_mask,0.755859375,2.75,0.9810148044289672,1.0,0.0,1.0,1.2559879720446798,0.8054110301768991,1.0,0.9811673238788051,0.9811673238788051,3.1630946806341935,0.008801874241551873,1.9085559336533833,0.0,1.0,8.373071273397215,2.179795408645891,18.25158231801605,6.081285853260292,8.170905653508102,2.08961980024781,0.15828937419371714
decoupled_0954,isic2018_lesion_ISIC_0034579,clinical_mask,0.755859375,2.75,0.9810148044289672,1.0,0.0,1.0,1.2559879720446798,0.8054110301768991,1.0,0.9811673238788051,0.9811673238788051,3.1630946806341935,0.008801874241551873,1.9085559336533833,0.0,1.0,8.49623312660622,3.3581340249380656,28.531489546262275,4.494312857790631,5.189974576421132,0.6956617186305003,0.16785610159296233
decoupled_0955,isic2018_lesion_ISIC_0035421,clinical_mask,0.755859375,2.75,0.9810148044289672,1.0,0.0,1.0,1.2559879720446798,0.8054110301768991,1.0,0.9811673238788051,0.9811673238788051,3.1630946806341935,0.008801874241551873,1.9085559336533833,0.0,1.0,7.925726305957877,1.329143167592132,10.534424967769139,7.508956672272712,9.565417746324187,2.056461074051475,0.298349828783465
decoupled_0956,isic2018_lesion_ISIC_0034970,clinical_mask,0.755859375,2.75,0.9810148044289672,1.0,0.0,1.0,1.2559879720446798,0.8054110301768991,1.0,0.9811673238788051,0.9811673238788051,3.1630946806341935,0.008801874241551873,1.9085559336533833,0.0,1.0,5.601145883525783,2.5113121347847205,14.066225625997783,5.089172069979545,9.790033318510748,4.7008612485312025,0.30202409097555233
decoupled_0957,isic2018_lesion_ISIC_0034970,clinical_mask,0.755859375,2.75,0.9810148044289672,1.0,0.0,1.0,1.2559879720446798,0.8054110301768991,1.0,0.9811673238788051,0.9811673238788051,3.1630946806341935,0.008801874241551873,1.9085559336533833,0.0,1.0,5.863949382117566,1.5193571081352861,8.909433175465843,5.607920004757948,6.945021984408687,1.3371019796507388,0.20714378219195467
decoupled_0958,midas_lesion_544,clinical_mask,0.755859375,2.75,0.9810148044289672,1.0,0.0,1.0,1.2559879720446798,0.8054110301768991,1.0,0.9811673238788051,0.9811673238788051,3.1630946806341935,0.008801874241551873,1.9085559336533833,0.0,1.0,9.531627326144447,2.4508155706287638,23.36026066434542,1.4725464143633709,6.407232488622819,4.9346860742594485,0.2673462735736029
decoupled_0959,isic2018_lesion_ISIC_0035915,clinical_mask,0.755859375,2.75,0.9810148044289672,1.0,0.0,1.0,1.2559879720446798,0.8054110301768991,1.0,0.9811673238788051,0.9811673238788051,3.1630946806341935,0.008801874241551873,1.9085559336533833,0.0,1.0,6.825643062826122,4.88891854732073,33.370012967241706,7.606363865970076,12.078709344531989,4.472345478561913,0.1094868131100028
decoupled_0960,isic2018_lesion_ISIC_0035630,clinical_mask,0.755859375,2.75,0.9810148044289672,1.0,0.0,1.0,1.2559879720446798,0.8054110301768991,1.0,0.9811673238788051,0.9811673238788051,3.1630946806341935,0.008801874241551873,1.9085559336533833,0.0,1.0,7.290318534836597,3.8249264991922614,27.884932551449,1.9430081220150082,4.997245076985851,3.054236954970843,0.07278512553812089
decoupled_0961,midas_lesion_544,clinical_mask,0.755859375,2.75,0.9810148044289672,1.0,0.0,1.0,1.2559879720446798,0.8054110301768991,1.0,0.9811673238788051,0.9811673238788051,3.1630946806341935,0.008801874241551873,1.9085559336533833,0.0,1.0,8.079494577437403,1.3260408293968666,10.71373969057258,7.080397722307294,10.728090058566593,3.6476923362592997,0.34233827214493734
decoupled_0962,isic2018_lesion_ISIC_0035630,clinical_mask,0.755859375,2.75,0.9810148044289672,1.0,0.0,1.0,1.2559879720446798,0.8054110301768991,1.0,0.9811673238788051,0.9811673238788051,3.1630946806341935,0.008801874241551873,1.9085559336533833,0.0,1.0,4.905093522041713,4.076425375820221,19.99524770402222,0.5483018495232233,4.102667514927072,3.5543656654038487,0.32774833350573856
decoupled_0963,midas_lesion_544,clinical_mask,0.755859375,2.75,0.9810148044289672,1.0,0.0,1.0,1.2559879720446798,0.8054110301768991,1.0,0.9811673238788051,0.9811673238788051,3.1630946806341935,0.008801874241551873,1.9085559336533833,0.0,1.0,9.672469473272876,1.3622214177127014,13.176045078664604,1.7105747904509472,6.997201941071278,5.2866271506203315,0.3029559350228558
decoupled_0964,midas_lesion_277,clinical_mask,0.755859375,2.75,0.9810148044289672,1.0,0.0,1.0,1.2559879720446798,0.8054110301768991,1.0,0.9811673238788051,0.9811673238788051,3.1630946806341935,0.008801874241551873,1.9085559336533833,0.0,1.0,5.92804071141638,1.42178776177866,8.42841573481747,5.955937420767628,10.898157678214119,4.942220257446491,0.08093111196943725
decoupled_0965,ph2_lesion_IMD057,clinical_mask,0.755859375,2.75,0.9810148044289672,1.0,0.0,1.0,1.2559879720446798,0.8054110301768991,1.0,0.9811673238788051,0.9811673238788051,3.1630946806341935,0.008801874241551873,1.9085559336533833,0.0,1.0,7.513647997021712,3.4371798873167223,25.825759775740604,6.762604911063238,8.629087747298032,1.8664828362347938,0.11408544628392624
decoupled_0966,midas_lesion_226,clinical_mask,0.755859375,2.75,0.9810148044289672,1.0,0.0,1.0,1.2559879720446798,0.8054110301768991,1.0,0.9811673238788051,0.9811673238788051,3.1630946806341935,0.008801874241551873,1.9085559336533833,0.0,1.0,7.888302849568172,1.6270975083071226,12.835037911304347,2.7449279388005308,3.663916919925639,0.9189889811251084,0.21152904895257577
decoupled_0967,isic2018_lesion_ISIC_0034982,clinical_mask,0.755859375,2.75,0.9810148044289672,1.0,0.0,1.0,1.2559879720446798,0.8054110301768991,1.0,0.9811673238788051,0.9811673238788051,3.1630946806341935,0.008801874241551873,1.9085559336533833,0.0,1.0,6.9540241807347165,1.2648943976669929,8.796106227452142,4.280095213138957,6.886240171573606,2.6061449584346486,0.14196112569998995
decoupled_0968,isic2018_lesion_ISIC_0034733,clinical_mask,0.755859375,2.75,0.9810148044289672,1.0,0.0,1.0,1.2559879720446798,0.8054110301768991,1.0,0.9811673238788051,0.9811673238788051,3.1630946806341935,0.008801874241551873,1.9085559336533833,0.0,1.0,6.264119515673736,1.2143564111188883,7.6068736938733466,1.7357724839259703,5.6611966244878005,3.92542414056183,0.07697516309054339
decoupled_0969,ph2_lesion_IMD437,clinical_mask,0.755859375,2.75,0.9810148044289672,1.0,0.0,1.0,1.2559879720446798,0.8054110301768991,1.0,0.9811673238788051,0.9811673238788051,3.1630946806341935,0.008801874241551873,1.9085559336533833,0.0,1.0,7.386208674053878,4.488913315055127,33.15605046473613,3.2437189818630694,7.790654560800937,4.546935578937868,0.3324043592878472
decoupled_0970,isic2018_lesion_ISIC_0034579,clinical_mask,0.755859375,2.75,0.9810148044289672,1.0,0.0,1.0,1.2559879720446798,0.8054110301768991,1.0,0.9811673238788051,0.9811673238788051,3.1630946806341935,0.008801874241551873,1.9085559336533833,0.0,1.0,4.868909048502851,6.353438784327563,30.93431558612142,1.550184892514015,3.8353794992562458,2.285194606742231,0.18867198102151103
decoupled_0971,midas_lesion_486,clinical_mask,0.755859375,2.75,0.9810148044289672,1.0,0.0,1.0,1.2559879720446798,0.8054110301768991,1.0,0.9811673238788051,0.9811673238788051,3.1630946806341935,0.008801874241551873,1.9085559336533833,0.0,1.0,7.355605444741569,7.171385327310988,52.7498809599085,0.29063969013864305,2.2799624746403695,1.9893227845017265,0.2671275855071159
decoupled_0972,midas_lesion_69,clinical_mask,0.755859375,2.75,0.9810148044289672,1.0,0.0,1.0,1.2559879720446798,0.8054110301768991,1.0,0.9811673238788051,0.9811673238788051,3.1630946806341935,0.008801874241551873,1.9085559336533833,0.0,1.0,4.58334791936055,1.4483382887827947,6.638238282422842,6.104061745871971,8.916149383438189,2.8120876375662176,0.17702249691118283
decoupled_0973,isic2018_lesion_ISIC_0035008,clinical_mask,0.755859375,2.75,0.9810148044289672,1.0,0.0,1.0,1.2559879720446798,0.8054110301768991,1.0,0.9811673238788051,0.9811673238788051,3.1630946806341935,0.008801874241551873,1.9085559336533833,0.0,1.0,3.291873327139227,1.5348801587129277,5.05263105482231,2.0090247286213243,7.151515005305501,5.1424902766841765,0.11685098141360857
decoupled_0974,midas_lesion_486,clinical_mask,0.755859375,2.75,0.9810148044289672,1.0,0.0,1.0,1.2559879720446798,0.8054110301768991,1.0,0.9811673238788051,0.9811673238788051,3.1630946806341935,0.008801874241551873,1.9085559336533833,0.0,1.0,8.737701340754072,5.3075770151429955,46.376022801370446,3.421902628174977,7.930311344306221,4.508408716131244,0.2392224284828292
decoupled_0975,midas_lesion_755,clinical_mask,0.755859375,2.75,0.9810148044289672,1.0,0.0,1.0,1.2559879720446798,0.8054110301768991,1.0,0.9811673238788051,0.9811673238788051,3.1630946806341935,0.008801874241551873,1.9085559336533833,0.0,1.0,9.58031376509641,6.642867172720176,63.64075181451817,6.106133071151402,9.952123087292538,3.845990016141136,0.2276506649807013
decoupled_0976,midas_lesion_76,clinical_mask,0.755859375,2.75,0.9810148044289672,1.0,0.0,1.0,1.2559879720446798,0.8054110301768991,1.0,0.9811673238788051,0.9811673238788051,3.1630946806341935,0.008801874241551873,1.9085559336533833,0.0,1.0,4.4379329525262055,3.628391676933075,16.10255898773311,2.918456795469661,4.158117073762464,1.2396602782928032,0.3428771040954903
decoupled_0977,midas_lesion_486,clinical_mask,0.755859375,2.75,0.9810148044289672,1.0,0.0,1.0,1.2559879720446798,0.8054110301768991,1.0,0.9811673238788051,0.9811673238788051,3.1630946806341935,0.008801874241551873,1.9085559336533833,0.0,1.0,8.234786920167586,7.891056305391508,64.98116724994395,4.918452305354459,10.0074429719956,5.08899066664114,0.09038834407854854
decoupled_0978,isic2018_lesion_ISIC_0034733,clinical_mask,0.755859375,2.75,0.9810148044289672,1.0,0.0,1.0,1.2559879720446798,0.8054110301768991,1.0,0.9811673238788051,0.9811673238788051,3.1630946806341935,0.008801874241551873,1.9085559336533833,0.0,1.0,3.119330940084532,1.7969736542524268,5.60535551822636,2.472081887463415,6.0174251921665896,3.5453433047031746,0.15950180709175626
decoupled_0979,isic2018_lesion_ISIC_0035001,clinical_mask,0.755859375,2.75,0.9810148044289672,1.0,0.0,1.0,1.2559879720446798,0.8054110301768991,1.0,0.9811673238788051,0.9811673238788051,3.1630946806341935,0.008801874241551873,1.9085559336533833,0.0,1.0,6.583302086277309,2.047178572473313,13.477194967145763,6.288057743200675,9.035632209155084,2.7475744659544095,0.2629268885700539
decoupled_0980,isic2018_lesion_ISIC_0034579,clinical_mask,0.755859375,2.75,0.9810148044289672,1.0,0.0,1.0,1.2559879720446798,0.8054110301768991,1.0,0.9811673238788051,0.9811673238788051,3.1630946806341935,0.008801874241551873,1.9085559336533833,0.0,1.0,3.47673484707484,2.058377976277263,7.156434438574549,2.6467414031082703,6.976881694793402,4.330140291685131,0.2434922054118299
decoupled_0981,isic2018_lesion_ISIC_0035372,clinical_mask,0.755859375,2.75,0.9810148044289672,1.0,0.0,1.0,1.2559879720446798,0.8054110301768991,1.0,0.9811673238788051,0.9811673238788051,3.1630946806341935,0.008801874241551873,1.9085559336533833,0.0,1.0,6.630498782785516,7.385978153244115,48.972719154765514,1.9443212244836456,6.355644049935855,4.41132282545221,0.2619314279961823
decoupled_0982,midas_lesion_140,clinical_mask,0.755859375,2.75,0.9810148044289672,1.0,0.0,1.0,1.2559879720446798,0.8054110301768991,1.0,0.9811673238788051,0.9811673238788051,3.1630946806341935,0.008801874241551873,1.9085559336533833,0.0,1.0,4.692071561984612,2.6541928926709946,12.453662991723249,0.3011260738576306,4.076198610654724,3.775072536797093,0.2870072005194085
decoupled_0983,midas_lesion_544,clinical_mask,0.755859375,2.75,0.9810148044289672,1.0,0.0,1.0,1.2559879720446798,0.8054110301768991,1.0,0.9811673238788051,0.9811673238788051,3.1630946806341935,0.008801874241551873,1.9085559336533833,0.0,1.0,5.392512365104489,3.657012441784922,19.72048481166615,6.706944158595125,8.885630038992467,2.1786858803973423,0.10144688672897849
decoupled_0984,midas_lesion_289,clinical_mask,0.755859375,2.75,0.9810148044289672,1.0,0.0,1.0,1.2559879720446798,0.8054110301768991,1.0,0.9811673238788051,0.9811673238788051,3.1630946806341935,0.008801874241551873,1.9085559336533833,0.0,1.0,7.089886577788886,1.3164275715405336,9.333322170096448,7.858416521930881,10.434935150809135,2.5765186288782544,0.22015483519066376
decoupled_0985,midas_lesion_138,clinical_mask,0.755859375,2.75,0.9810148044289672,1.0,0.0,1.0,1.2559879720446798,0.8054110301768991,1.0,0.9811673238788051,0.9811673238788051,3.1630946806341935,0.008801874241551873,1.9085559336533833,0.0,1.0,5.741619358179004,1.4433821171390726,8.287350705015093,5.320355558479262,6.608154034044067,1.2877984755648049,0.11873826496533445
decoupled_0986,midas_lesion_218,clinical_mask,0.755859375,2.75,0.9810148044289672,1.0,0.0,1.0,1.2559879720446798,0.8054110301768991,1.0,0.9811673238788051,0.9811673238788051,3.1630946806341935,0.008801874241551873,1.9085559336533833,0.0,1.0,8.01329339265699,1.277215471733159,10.234702300638604,4.465996081127505,5.107817090818988,0.6418210096914825,0.34367369082076327
decoupled_0987,midas_lesion_626,clinical_mask,0.755859375,2.75,0.9810148044289672,1.0,0.0,1.0,1.2559879720446798,0.8054110301768991,1.0,0.9811673238788051,0.9811673238788051,3.1630946806341935,0.008801874241551873,1.9085559336533833,0.0,1.0,8.968991457433047,1.6735775125674404,15.01030241356942,7.369916944547708,8.299894836770944,0.9299778922232358,0.24300212997505133
decoupled_0988,isic2018_lesion_ISIC_0034961,clinical_mask,0.755859375,2.75,0.9810148044289672,1.0,0.0,1.0,1.2559879720446798,0.8054110301768991,1.0,0.9811673238788051,0.9811673238788051,3.1630946806341935,0.008801874241551873,1.9085559336533833,0.0,1.0,9.71893623513603,11.179204749664349,108.64997812151766,3.893616120597177,8.565754376678168,4.672138256080991,0.05037593012450061
decoupled_0989,isic2018_lesion_ISIC_0034733,clinical_mask,0.755859375,2.75,0.9810148044289672,1.0,0.0,1.0,1.2559879720446798,0.8054110301768991,1.0,0.9811673238788051,0.9811673238788051,3.1630946806341935,0.008801874241551873,1.9085559336533833,0.0,1.0,5.407877310445185,5.445096722226226,29.446415017306656,4.200394912174789,7.953627229131897,3.7532323169571074,0.260681241644074
decoupled_0990,isic2018_lesion_ISIC_0035421,clinical_mask,0.755859375,2.75,0.9810148044289672,1.0,0.0,1.0,1.2559879720446798,0.8054110301768991,1.0,0.9811673238788051,0.9811673238788051,3.1630946806341935,0.008801874241551873,1.9085559336533833,0.0,1.0,8.276477851914512,1.2229434842625522,10.121664661642177,2.156570554474712,3.457787182111587,1.301216627636875,0.05777321644444158
decoupled_0991,isic2018_lesion_ISIC_0035368,clinical_mask,0.755859375,2.75,0.9810148044289672,1.0,0.0,1.0,1.2559879720446798,0.8054110301768991,1.0,0.9811673238788051,0.9811673238788051,3.1630946806341935,0.008801874241551873,1.9085559336533833,0.0,1.0,8.572515793713514,9.238014643583673,79.19302643467775,6.374443447455907,7.476619066378838,1.1021756189229306,0.024227066232157462
decoupled_0992,isic2018_lesion_ISIC_0035149,clinical_mask,0.755859375,2.75,0.9810148044289672,1.0,0.0,1.0,1.2559879720446798,0.8054110301768991,1.0,0.9811673238788051,0.9811673238788051,3.1630946806341935,0.008801874241551873,1.9085559336533833,0.0,1.0,3.7692149560897152,1.284543500324074,4.841720573169334,5.53759644629625,9.243183961403288,3.7055875151070374,0.3218170053570577
decoupled_0993,midas_lesion_277,clinical_mask,0.755859375,2.75,0.9810148044289672,1.0,0.0,1.0,1.2559879720446798,0.8054110301768991,1.0,0.9811673238788051,0.9811673238788051,3.1630946806341935,0.008801874241551873,1.9085559336533833,0.0,1.0,3.572307905244903,1.1316286552094383,4.042525990806335,3.306681632175382,7.50399160404184,4.197309971866458,0.04810481525509384
decoupled_0994,isic2018_lesion_ISIC_0035608,clinical_mask,0.755859375,2.75,0.9810148044289672,1.0,0.0,1.0,1.2559879720446798,0.8054110301768991,1.0,0.9811673238788051,0.9811673238788051,3.1630946806341935,0.008801874241551873,1.9085559336533833,0.0,1.0,9.0388016957268,1.1141077491259883,10.070199012022352,1.2219054977081687,4.122050984756098,2.9001454870479293,0.2330977234288202
decoupled_0995,isic2018_lesion_ISIC_0034982,clinical_mask,0.755859375,2.75,0.9810148044289672,1.0,0.0,1.0,1.2559879720446798,0.8054110301768991,1.0,0.9811673238788051,0.9811673238788051,3.1630946806341935,0.008801874241551873,1.9085559336533833,0.0,1.0,8.016196421972051,2.0918488113017557,16.768670956463623,1.4965882779194648,2.6693781649236357,1.1727898870041709,0.12905157394671546
decoupled_0996,isic2018_lesion_ISIC_0034579,clinical_mask,0.755859375,2.75,0.9810148044289672,1.0,0.0,1.0,1.2559879720446798,0.8054110301768991,1.0,0.9811673238788051,0.9811673238788051,3.1630946806341935,0.008801874241551873,1.9085559336533833,0.0,1.0,8.666394976451741,5.012774801822156,43.4426863605954,4.735203516790446,6.296608426370456,1.56140490958001,0.1250781202534434
decoupled_0997,isic2018_lesion_ISIC_0034753,clinical_mask,0.755859375,2.75,0.9810148044289672,1.0,0.0,1.0,1.2559879720446798,0.8054110301768991,1.0,0.9811673238788051,0.9811673238788051,3.1630946806341935,0.008801874241551873,1.9085559336533833,0.0,1.0,3.0268662961943544,1.5974633113993622,4.835307856681756,2.4407031698518975,3.9532251957473807,1.5125220258954832,0.23696050661292328
decoupled_0998,isic2018_lesion_ISIC_0035128,clinical_mask,0.755859375,2.75,0.9810148044289672,1.0,0.0,1.0,1.2559879720446798,0.8054110301768991,1.0,0.9811673238788051,0.9811673238788051,3.1630946806341935,0.008801874241551873,1.9085559336533833,0.0,1.0,6.895295390838912,1.7160956821167943,11.83298664713849,1.437342901296255,5.917882273366088,4.480539372069833,0.1590352135532669
decoupled_0999,ph2_lesion_IMD256,clinical_mask,0.755859375,2.75,0.9810148044289672,1.0,0.0,1.0,1.2559879720446798,0.8054110301768991,1.0,0.9811673238788051,0.9811673238788051,3.1630946806341935,0.008801874241551873,1.9085559336533833,0.0,1.0,7.228697806900302,8.219193097204393,59.41406311625149,6.261966673741377,10.103706504855865,3.841739831114488,0.03765696133719888
decoupled_1000,midas_lesion_619,clinical_mask,0.755859375,2.75,0.9810148044289672,1.0,0.0,1.0,1.2559879720446798,0.8054110301768991,1.0,0.9811673238788051,0.9811673238788051,3.1630946806341935,0.008801874241551873,1.9085559336533833,0.0,1.0,3.368003995250512,1.9414185441860778,6.538705413272143,0.6695314264405202,5.494561018498583,4.825029592058063,0.20853921257188482
decoupled_1001,isic2018_lesion_ISIC_0035642,clinical_mask,0.755859375,2.75,0.9810148044289672,1.0,0.0,1.0,1.2559879720446798,0.8054110301768991,1.0,0.9811673238788051,0.9811673238788051,3.1630946806341935,0.008801874241551873,1.9085559336533833,0.0,1.0,6.691831950424477,1.6781650161117976,11.229998272901534,2.983360651461014,4.803906894413458,1.8205462429524446,0.34104492334682274
decoupled_1002,isic2018_lesion_ISIC_0035372,clinical_mask,0.755859375,2.75,0.9810148044289672,1.0,0.0,1.0,1.2559879720446798,0.8054110301768991,1.0,0.9811673238788051,0.9811673238788051,3.1630946806341935,0.008801874241551873,1.9085559336533833,0.0,1.0,5.044037136935861,5.32693014111334,26.86923345763867,2.779086354923896,8.236682889361548,5.457596534437652,0.25877981657660976
decoupled_1003,ph2_lesion_IMD312,clinical_mask,0.755859375,2.75,0.9810148044289672,1.0,0.0,1.0,1.2559879720446798,0.8054110301768991,1.0,0.9811673238788051,0.9811673238788051,3.1630946806341935,0.008801874241551873,1.9085559336533833,0.0,1.0,7.497857697388136,1.209388904392903,9.067825905938133,4.692099579508536,8.944311212712469,4.252211633203933,0.2000169800902666
decoupled_1004,isic2018_lesion_ISIC_0035842,clinical_mask,0.755859375,2.75,0.9810148044289672,1.0,0.0,1.0,1.2559879720446798,0.8054110301768991,1.0,0.9811673238788051,0.9811673238788051,3.1630946806341935,0.008801874241551873,1.9085559336533833,0.0,1.0,5.801936907425517,2.126715238164715,12.339067631892108,0.2310506824449983,4.608591836921464,4.377541154476466,0.05958688484957103
decoupled_1005,midas_lesion_442,clinical_mask,0.755859375,2.75,0.9810148044289672,1.0,0.0,1.0,1.2559879720446798,0.8054110301768991,1.0,0.9811673238788051,0.9811673238788051,3.1630946806341935,0.008801874241551873,1.9085559336533833,0.0,1.0,6.918194091753141,2.8770239518640297,19.903810105618003,3.3178728356148217,7.6613961261619306,4.343523290547109,0.0951145679364161
decoupled_1006,isic2018_lesion_ISIC_0035421,clinical_mask,0.755859375,2.75,0.9810148044289672,1.0,0.0,1.0,1.2559879720446798,0.8054110301768991,1.0,0.9811673238788051,0.9811673238788051,3.1630946806341935,0.008801874241551873,1.9085559336533833,0.0,1.0,3.227449700091409,3.601132823138626,11.622475050028086,7.1808923256280766,7.985214046270651,0.8043217206425748,0.02349891139453317
decoupled_1007,midas_lesion_805,clinical_mask,0.755859375,2.75,0.9810148044289672,1.0,0.0,1.0,1.2559879720446798,0.8054110301768991,1.0,0.9811673238788051,0.9811673238788051,3.1630946806341935,0.008801874241551873,1.9085559336533833,0.0,1.0,6.091759928372445,2.841045196009162,17.306965279743654,5.986523233332371,6.646758292028133,0.6602350586957622,0.0911813352779128
decoupled_1008,midas_lesion_259,clinical_mask,0.755859375,2.75,0.9810148044289672,1.0,0.0,1.0,1.2559879720446798,0.8054110301768991,1.0,0.9811673238788051,0.9811673238788051,3.1630946806341935,0.008801874241551873,1.9085559336533833,0.0,1.0,5.608911578304727,1.6117946814213717,9.04041385047431,5.597136730611085,6.719923329750909,1.1227865991398236,0.18108579582368314
decoupled_1009,isic2018_lesion_ISIC_0035842,clinical_mask,0.755859375,2.75,0.9810148044289672,1.0,0.0,1.0,1.2559879720446798,0.8054110301768991,1.0,0.9811673238788051,0.9811673238788051,3.1630946806341935,0.008801874241551873,1.9085559336533833,0.0,1.0,7.841837397099816,4.046856224180363,31.734788479463727,0.4304981491237605,5.434238010357955,5.003739861234195,0.2713445746191275
decoupled_1010,midas_lesion_140,clinical_mask,0.755859375,2.75,0.9810148044289672,1.0,0.0,1.0,1.2559879720446798,0.8054110301768991,1.0,0.9811673238788051,0.9811673238788051,3.1630946806341935,0.008801874241551873,1.9085559336533833,0.0,1.0,5.990477353661983,3.0790882945012514,18.445208698135446,5.182021990512156,6.2185355927445745,1.0365136022324188,0.12139527260120687
decoupled_1011,ph2_lesion_IMD430,clinical_mask,0.755859375,2.75,0.9810148044289672,1.0,0.0,1.0,1.2559879720446798,0.8054110301768991,1.0,0.9811673238788051,0.9811673238788051,3.1630946806341935,0.008801874241551873,1.9085559336533833,0.0,1.0,3.55595499275865,1.290830852736515,4.590136415595317,4.450697299519767,9.597911366961121,5.147214067441354,0.03803438665534105
decoupled_1012,midas_lesion_69,clinical_mask,0.755859375,2.75,0.9810148044289672,1.0,0.0,1.0,1.2559879720446798,0.8054110301768991,1.0,0.9811673238788051,0.9811673238788051,3.1630946806341935,0.008801874241551873,1.9085559336533833,0.0,1.0,8.483891074119203,7.717503433672731,65.4744584954204,4.237735786828021,7.165782973075677,2.928047186247656,0.11020507205686905
decoupled_1013,isic2018_lesion_ISIC_0034906,clinical_mask,0.755859375,2.75,0.9810148044289672,1.0,0.0,1.0,1.2559879720446798,0.8054110301768991,1.0,0.9811673238788051,0.9811673238788051,3.1630946806341935,0.008801874241551873,1.9085559336533833,0.0,1.0,7.4489414644880565,4.781164200923908,35.61461226478801,3.4862046240718287,7.241708874372058,3.7555042503002296,0.31424252389865026
decoupled_1014,isic2018_lesion_ISIC_0035149,clinical_mask,0.755859375,2.75,0.9810148044289672,1.0,0.0,1.0,1.2559879720446798,0.8054110301768991,1.0,0.9811673238788051,0.9811673238788051,3.1630946806341935,0.008801874241551873,1.9085559336533833,0.0,1.0,3.5870195617424057,6.680600489563027,23.96344464024847,5.81108592275412,10.724540832993803,4.913454910239683,0.24482954220781383
decoupled_1015,isic2018_lesion_ISIC_0034753,clinical_mask,0.755859375,2.75,0.9810148044289672,1.0,0.0,1.0,1.2559879720446798,0.8054110301768991,1.0,0.9811673238788051,0.9811673238788051,3.1630946806341935,0.008801874241551873,1.9085559336533833,0.0,1.0,5.500837169214958,8.75740706798158,48.17307030549886,7.712728145868627,10.832638353336055,3.119910207467428,0.07453443726723537
decoupled_1016,midas_lesion_289,clinical_mask,0.755859375,2.75,0.9810148044289672,1.0,0.0,1.0,1.2559879720446798,0.8054110301768991,1.0,0.9811673238788051,0.9811673238788051,3.1630946806341935,0.008801874241551873,1.9085559336533833,0.0,1.0,4.281169234940001,2.201795319221907,9.426258382287726,7.691133665590932,12.456786865778248,4.765653200187316,0.2093580754122725
decoupled_1017,isic2018_lesion_ISIC_0034753,clinical_mask,0.755859375,2.75,0.9810148044289672,1.0,0.0,1.0,1.2559879720446798,0.8054110301768991,1.0,0.9811673238788051,0.9811673238788051,3.1630946806341935,0.008801874241551873,1.9085559336533833,0.0,1.0,5.534067264117728,10.187210454491295,56.37670788887816,3.629391103810356,6.6942419539634805,3.0648508501531246,0.013443561017149918
decoupled_1018,ph2_lesion_IMD312,clinical_mask,0.755859375,2.75,0.9810148044289672,1.0,0.0,1.0,1.2559879720446798,0.8054110301768991,1.0,0.9811673238788051,0.9811673238788051,3.1630946806341935,0.008801874241551873,1.9085559336533833,0.0,1.0,3.671327534843455,11.075444352121924,40.66158381057165,4.353370076668106,4.94788071867082,0.5945106420027146,0.18091425953562007
decoupled_1019,midas_lesion_544,clinical_mask,0.755859375,2.75,0.9810148044289672,1.0,0.0,1.0,1.2559879720446798,0.8054110301768991,1.0,0.9811673238788051,0.9811673238788051,3.1630946806341935,0.008801874241551873,1.9085559336533833,0.0,1.0,5.595906273426201,7.479161452209487,41.85268649038648,4.320184450059644,8.002686010069107,3.682501560009463,0.25114558353454397
decoupled_1020,isic2018_lesion_ISIC_0035443,clinical_mask,0.755859375,2.75,0.9810148044289672,1.0,0.0,1.0,1.2559879720446798,0.8054110301768991,1.0,0.9811673238788051,0.9811673238788051,3.1630946806341935,0.008801874241551873,1.9085559336533833,0.0,1.0,9.166774618786295,8.223615753158416,75.38403216070371,4.602271594675682,7.326959545788258,2.7246879511125757,0.2025451037770839
decoupled_1021,isic2018_lesion_ISIC_0034898,clinical_mask,0.755859375,2.75,0.9810148044289672,1.0,0.0,1.0,1.2559879720446798,0.8054110301768991,1.0,0.9811673238788051,0.9811673238788051,3.1630946806341935,0.008801874241551873,1.9085559336533833,0.0,1.0,6.528410704718256,5.641000884906299,36.82677056234744,1.947506853939019,5.201986118398648,3.254479264459629,0.20267210722024984
decoupled_1022,isic2018_lesion_ISIC_0035372,clinical_mask,0.755859375,2.75,0.9810148044289672,1.0,0.0,1.0,1.2559879720446798,0.8054110301768991,1.0,0.9811673238788051,0.9811673238788051,3.1630946806341935,0.008801874241551873,1.9085559336533833,0.0,1.0,7.145263190596356,2.43788293026704,17.419315164620265,4.907783288349035,7.3537029132425165,2.445919624893482,0.1700357266786339
decoupled_1023,isic2018_lesion_ISIC_0035882,clinical_mask,0.755859375,2.75,0.9810148044289672,1.0,0.0,1.0,1.2559879720446798,0.8054110301768991,1.0,0.9811673238788051,0.9811673238788051,3.1630946806341935,0.008801874241551873,1.9085559336533833,0.0,1.0,7.367832052085244,1.877534314578665,13.833357501842587,1.248705253439476,2.7171479676859693,1.4684427142464933,0.34223477102624444
decoupled_1024,isic2018_lesion_ISIC_0034733,clinical_mask,0.755859375,2.75,0.9810148044289672,1.0,0.0,1.0,1.2559879720446798,0.8054110301768991,1.0,0.9811673238788051,0.9811673238788051,3.1630946806341935,0.008801874241551873,1.9085559336533833,0.0,1.0,4.811100479892037,1.453798042824309,6.994368461498136,3.724975180587114,4.58573980904179,0.8607646284546764,0.024693156613219663
decoupled_1025,midas_lesion_564,clinical_mask,0.755859375,2.75,0.9810148044289672,1.0,0.0,1.0,1.2559879720446798,0.8054110301768991,1.0,0.9811673238788051,0.9811673238788051,3.1630946806341935,0.008801874241551873,1.9085559336533833,0.0,1.0,6.2307647283086185,1.7695154714430112,11.025434585663511,2.857338421658824,5.621329222792704,2.76399080113388,0.10975727036497748
decoupled_1026,isic2018_lesion_ISIC_0035915,clinical_mask,0.755859375,2.75,0.9810148044289672,1.0,0.0,1.0,1.2559879720446798,0.8054110301768991,1.0,0.9811673238788051,0.9811673238788051,3.1630946806341935,0.008801874241551873,1.9085559336533833,0.0,1.0,9.384356651039964,2.0789052849166625,19.509188637389812,5.709404093331851,6.557030620309289,0.8476265269774386,0.04032594089294625
decoupled_1027,midas_lesion_415,clinical_mask,0.755859375,2.75,0.9810148044289672,1.0,0.0,1.0,1.2559879720446798,0.8054110301768991,1.0,0.9811673238788051,0.9811673238788051,3.1630946806341935,0.008801874241551873,1.9085559336533833,0.0,1.0,7.919860596637973,1.2123968581844884,9.602014104623006,1.5901529726076313,3.872496103581069,2.2823431309734374,0.2520972297743544
decoupled_1028,midas_lesion_226,clinical_mask,0.755859375,2.75,0.9810148044289672,1.0,0.0,1.0,1.2559879720446798,0.8054110301768991,1.0,0.9811673238788051,0.9811673238788051,3.1630946806341935,0.008801874241551873,1.9085559336533833,0.0,1.0,8.711002667461642,3.6317957460446197,31.636582431470526,6.44349276359293,10.959021498822084,4.515528735229154,0.019883925355619975
decoupled_1029,squamous_cell_carcinoma_BCN_0000004833,clinical_mask,0.164306640625,2.015625,0.45738573688555156,1.8852126082925396,0.8477198850396415,0.7619317176720326,0.5082126929549741,0.4817897091722595,1.3124535661218424,0.702400355573212,0.37258415973007136,4.972584571971463,0.32249627842615697,1.80638791826563,0.43843400447427294,1.0,3.6225217783443977,1.3811776842410677,5.0033462409265494,7.561310487988175,9.65202697975014,2.090716491761965,0.06840303045424664
decoupled_1030,midas_lesion_544,clinical_mask,0.755859375,2.75,0.9810148044289672,1.0,0.0,1.0,1.2559879720446798,0.8054110301768991,1.0,0.9811673238788051,0.9811673238788051,3.1630946806341935,0.008801874241551873,1.9085559336533833,0.0,1.0,3.480972563497945,1.8068908711300184,6.289737547638496,5.30938382099329,6.744187236879249,1.434803415885959,0.2106626744471457
decoupled_1031,ph2_lesion_IMD398,clinical_mask,0.755859375,2.75,0.9810148044289672,1.0,0.0,1.0,1.2559879720446798,0.8054110301768991,1.0,0.9811673238788051,0.9811673238788051,3.1630946806341935,0.008801874241551873,1.9085559336533833,0.0,1.0,4.147173926913523,1.2072202366969014,5.006552289671761,1.4850018717798534,2.9587483544051327,1.4737464826252793,0.1707388153822295
decoupled_1032,isic2018_lesion_ISIC_0035376,clinical_mask,0.755859375,2.75,0.9810148044289672,1.0,0.0,1.0,1.2559879720446798,0.8054110301768991,1.0,0.9811673238788051,0.9811673238788051,3.1630946806341935,0.008801874241551873,1.9085559336533833,0.0,1.0,6.734146788113913,1.6656608877731442,11.216804917484488,4.117277059431011,9.173405269425317,5.056128209994306,0.16433470819594684
decoupled_1033,midas_lesion_805,clinical_mask,0.755859375,2.75,0.9810148044289672,1.0,0.0,1.0,1.2559879720446798,0.8054110301768991,1.0,0.9811673238788051,0.9811673238788051,3.1630946806341935,0.008801874241551873,1.9085559336533833,0.0,1.0,3.2450315466948774,6.086029787660348,19.749358655082556,5.6140846954881,7.174307917766398,1.5602232222782977,0.2904268048546863
decoupled_1034,isic2018_lesion_ISIC_0034669,clinical_mask,0.755859375,2.75,0.9810148044289672,1.0,0.0,1.0,1.2559879720446798,0.8054110301768991,1.0,0.9811673238788051,0.9811673238788051,3.1630946806341935,0.008801874241551873,1.9085559336533833,0.0,1.0,6.768903303548129,10.134746647803919,68.60112006494327,5.022117524670761,10.113917938529546,5.091800413858786,0.06514352408442879
decoupled_1035,isic2018_lesion_ISIC_0034748,clinical_mask,0.755859375,2.75,0.9810148044289672,1.0,0.0,1.0,1.2559879720446798,0.8054110301768991,1.0,0.9811673238788051,0.9811673238788051,3.1630946806341935,0.008801874241551873,1.9085559336533833,0.0,1.0,8.676180342801338,1.7260387221354874,14.975423231905856,1.7567920918459823,2.3958656843976356,0.6390735925516533,0.15242374294538535
decoupled_1036,midas_lesion_486,clinical_mask,0.755859375,2.75,0.9810148044289672,1.0,0.0,1.0,1.2559879720446798,0.8054110301768991,1.0,0.9811673238788051,0.9811673238788051,3.1630946806341935,0.008801874241551873,1.9085559336533833,0.0,1.0,9.859100621331464,7.721433163565883,76.12638650048177,2.3292937571420405,5.662814056529861,3.3335202993878204,0.19102596227633784
decoupled_1037,isic2018_lesion_ISIC_0034961,clinical_mask,0.755859375,2.75,0.9810148044289672,1.0,0.0,1.0,1.2559879720446798,0.8054110301768991,1.0,0.9811673238788051,0.9811673238788051,3.1630946806341935,0.008801874241551873,1.9085559336533833,0.0,1.0,5.2086360602539505,2.5882768638170335,13.481392206798404,2.1044609826660094,6.601152398435354,4.4966914157693445,0.27179109817302327
decoupled_1038,isic2018_lesion_ISIC_0035443,clinical_mask,0.755859375,2.75,0.9810148044289672,1.0,0.0,1.0,1.2559879720446798,0.8054110301768991,1.0,0.9811673238788051,0.9811673238788051,3.1630946806341935,0.008801874241551873,1.9085559336533833,0.0,1.0,5.55241951698066,1.4405650573780744,7.998621540066384,3.3047715373481026,7.068161713301501,3.7633901759533988,0.0620970362262815
decoupled_1039,midas_lesion_442,clinical_mask,0.755859375,2.75,0.9810148044289672,1.0,0.0,1.0,1.2559879720446798,0.8054110301768991,1.0,0.9811673238788051,0.9811673238788051,3.1630946806341935,0.008801874241551873,1.9085559336533833,0.0,1.0,5.06766280281332,3.481228375380446,17.641691546013732,5.730908341604593,8.69144850935184,2.960540167747247,0.001193609140890195
decoupled_1040,isic2018_lesion_ISIC_0035421,clinical_mask,0.755859375,2.75,0.9810148044289672,1.0,0.0,1.0,1.2559879720446798,0.8054110301768991,1.0,0.9811673238788051,0.9811673238788051,3.1630946806341935,0.008801874241551873,1.9085559336533833,0.0,1.0,5.685374132527622,1.223134167961203,6.953975359137319,3.687979739297664,8.53000900490405,4.842029265606387,0.048616276918019154
decoupled_1041,squamous_cell_carcinoma_BCN_0000004833,clinical_mask,0.164306640625,2.015625,0.45738573688555156,1.8852126082925396,0.8477198850396415,0.7619317176720326,0.5082126929549741,0.4817897091722595,1.3124535661218424,0.702400355573212,0.37258415973007136,4.972584571971463,0.32249627842615697,1.80638791826563,0.43843400447427294,1.0,4.450137160319683,10.986625565638029,48.891990696164044,4.950494531893469,8.697092134468601,3.7465976025751324,0.33469652350476325
decoupled_1042,isic2018_lesion_ISIC_0035626,clinical_mask,0.755859375,2.75,0.9810148044289672,1.0,0.0,1.0,1.2559879720446798,0.8054110301768991,1.0,0.9811673238788051,0.9811673238788051,3.1630946806341935,0.008801874241551873,1.9085559336533833,0.0,1.0,6.367837585238172,4.068933769840213,25.91030939143336,2.5888937745738434,5.885310889208552,3.2964171146347083,0.20517495529946014
decoupled_1043,midas_lesion_289,clinical_mask,0.755859375,2.75,0.9810148044289672,1.0,0.0,1.0,1.2559879720446798,0.8054110301768991,1.0,0.9811673238788051,0.9811673238788051,3.1630946806341935,0.008801874241551873,1.9085559336533833,0.0,1.0,6.7853936167943125,5.445854899187769,36.95226907093672,7.305503541711377,10.147814735301807,2.8423111935904304,0.044214263668766546
decoupled_1044,midas_lesion_178,clinical_mask,0.755859375,2.75,0.9810148044289672,1.0,0.0,1.0,1.2559879720446798,0.8054110301768991,1.0,0.9811673238788051,0.9811673238788051,3.1630946806341935,0.008801874241551873,1.9085559336533833,0.0,1.0,4.276601912149524,1.6609514149881202,7.103227997325653,3.427207329959685,5.803696068784151,2.376488738824466,0.039083007103777684
decoupled_1045,isic2018_lesion_ISIC_0035008,clinical_mask,0.755859375,2.75,0.9810148044289672,1.0,0.0,1.0,1.2559879720446798,0.8054110301768991,1.0,0.9811673238788051,0.9811673238788051,3.1630946806341935,0.008801874241551873,1.9085559336533833,0.0,1.0,6.875111559326463,11.840458049832156,81.40447000612113,7.352279247474364,10.803901441005095,3.4516221935307314,0.2848910238860255
decoupled_1046,isic2018_lesion_ISIC_0034585,clinical_mask,0.755859375,2.75,0.9810148044289672,1.0,0.0,1.0,1.2559879720446798,0.8054110301768991,1.0,0.9811673238788051,0.9811673238788051,3.1630946806341935,0.008801874241551873,1.9085559336533833,0.0,1.0,3.33343294208507,2.7316894654221473,9.10590365158494,3.2205741993442607,4.944839776117529,1.7242655767732686,0.019812765257100393
decoupled_1047,isic2018_lesion_ISIC_0034898,clinical_mask,0.755859375,2.75,0.9810148044289672,1.0,0.0,1.0,1.2559879720446798,0.8054110301768991,1.0,0.9811673238788051,0.9811673238788051,3.1630946806341935,0.008801874241551873,1.9085559336533833,0.0,1.0,4.278827714887143,2.5853252303557364,11.062161247643111,1.233624841509237,4.450368353075301,3.2167435115660634,0.03302530479328185
decoupled_1048,isic2018_lesion_ISIC_0035348,clinical_mask,0.755859375,2.75,0.9810148044289672,1.0,0.0,1.0,1.2559879720446798,0.8054110301768991,1.0,0.9811673238788051,0.9811673238788051,3.1630946806341935,0.008801874241551873,1.9085559336533833,0.0,1.0,5.186804798313213,2.0180722265830475,10.46734670818358,4.090354565992184,6.409819237785678,2.3194646717934937,0.12012028982052568
decoupled_1049,isic2018_lesion_ISIC_0034669,clinical_mask,0.755859375,2.75,0.9810148044289672,1.0,0.0,1.0,1.2559879720446798,0.8054110301768991,1.0,0.9811673238788051,0.9811673238788051,3.1630946806341935,0.008801874241551873,1.9085559336533833,0.0,1.0,5.4095990650713714,3.8044692154170456,20.580653110812865,5.4151624004949905,8.364160529412553,2.9489981289175624,0.0014272232298011887
decoupled_1050,squamous_cell_carcinoma_BCN_0000004833,clinical_mask,0.164306640625,2.015625,0.45738573688555156,1.8852126082925396,0.8477198850396415,0.7619317176720326,0.5082126929549741,0.4817897091722595,1.3124535661218424,0.702400355573212,0.37258415973007136,4.972584571971463,0.32249627842615697,1.80638791826563,0.43843400447427294,1.0,4.253265118769303,10.440918218597087,44.40799326708191,4.468618277715295,5.59772753864695,1.1291092609316546,0.07167964356748595
decoupled_1051,midas_lesion_178,clinical_mask,0.755859375,2.75,0.9810148044289672,1.0,0.0,1.0,1.2559879720446798,0.8054110301768991,1.0,0.9811673238788051,0.9811673238788051,3.1630946806341935,0.008801874241551873,1.9085559336533833,0.0,1.0,3.3073901084839656,1.4924555344828616,4.936132672100767,4.954891951472685,8.193953519464245,3.23906156799156,0.33321653463940304
decoupled_1052,ph2_lesion_IMD433,clinical_mask,0.755859375,2.75,0.9810148044289672,1.0,0.0,1.0,1.2559879720446798,0.8054110301768991,1.0,0.9811673238788051,0.9811673238788051,3.1630946806341935,0.008801874241551873,1.9085559336533833,0.0,1.0,7.469341324955425,7.601700179760728,56.779693292607895,2.462889977844294,6.045013478231702,3.582123500387408,0.0019094697763774814
decoupled_1053,isic2018_lesion_ISIC_0034753,clinical_mask,0.755859375,2.75,0.9810148044289672,1.0,0.0,1.0,1.2559879720446798,0.8054110301768991,1.0,0.9811673238788051,0.9811673238788051,3.1630946806341935,0.008801874241551873,1.9085559336533833,0.0,1.0,7.420864492379468,1.3861267194034246,10.28625855395931,4.924565631713603,9.723003529083869,4.798437897370266,0.215442239999828
decoupled_1054,midas_lesion_234,clinical_mask,0.755859375,2.75,0.9810148044289672,1.0,0.0,1.0,1.2559879720446798,0.8054110301768991,1.0,0.9811673238788051,0.9811673238788051,3.1630946806341935,0.008801874241551873,1.9085559336533833,0.0,1.0,5.676290398222347,2.3587683405416215,13.389054083047267,1.3650005156357214,2.63853492337712,1.2735344077413986,0.0739891771863831
decoupled_1055,isic2018_lesion_ISIC_0035421,clinical_mask,0.755859375,2.75,0.9810148044289672,1.0,0.0,1.0,1.2559879720446798,0.8054110301768991,1.0,0.9811673238788051,0.9811673238788051,3.1630946806341935,0.008801874241551873,1.9085559336533833,0.0,1.0,9.978524527640023,4.321713723311394,43.12432638950123,1.2917640199409233,4.833001513577137,3.5412374936362134,0.21984754808876855
decoupled_1056,midas_lesion_619,clinical_mask,0.755859375,2.75,0.9810148044289672,1.0,0.0,1.0,1.2559879720446798,0.8054110301768991,1.0,0.9811673238788051,0.9811673238788051,3.1630946806341935,0.008801874241551873,1.9085559336533833,0.0,1.0,5.627620319652132,2.040438369408075,11.482812428678747,1.0077692566323662,2.55990103651733,1.5521317798849639,0.20447115880671818
decoupled_1057,ph2_lesion_IMD437,clinical_mask,0.755859375,2.75,0.9810148044289672,1.0,0.0,1.0,1.2559879720446798,0.8054110301768991,1.0,0.9811673238788051,0.9811673238788051,3.1630946806341935,0.008801874241551873,1.9085559336533833,0.0,1.0,9.752711843240068,1.252049774984404,12.210880668816458,6.515524831038638,9.589739042867267,3.074214211828629,0.23110112661923182
decoupled_1058,midas_lesion_143,clinical_mask,0.755859375,2.75,0.9810148044289672,1.0,0.0,1.0,1.2559879720446798,0.8054110301768991,1.0,0.9811673238788051,0.9811673238788051,3.1630946806341935,0.008801874241551873,1.9085559336533833,0.0,1.0,8.794872019796294,5.7314718823381385,50.407561690224895,7.133316971280659,11.872025648673034,4.738708677392375,0.08387845244869666
decoupled_1059,ph2_lesion_IMD331,clinical_mask,0.755859375,2.75,0.9810148044289672,1.0,0.0,1.0,1.2559879720446798,0.8054110301768991,1.0,0.9811673238788051,0.9811673238788051,3.1630946806341935,0.008801874241551873,1.9085559336533833,0.0,1.0,8.27260613540698,1.6344545050733235,13.521198366713154,3.1762337141120076,6.2659841715624625,3.089750457450455,0.02015832635066716
decoupled_1060,ph2_lesion_IMD278,clinical_mask,0.755859375,2.75,0.9810148044289672,1.0,0.0,1.0,1.2559879720446798,0.8054110301768991,1.0,0.9811673238788051,0.9811673238788051,3.1630946806341935,0.008801874241551873,1.9085559336533833,0.0,1.0,4.771345507713576,1.303969146451684,6.221687329119349,3.8822775321303333,6.038942679756729,2.1566651476263954,0.33841896351970047
decoupled_1061,isic2018_lesion_ISIC_0034961,clinical_mask,0.755859375,2.75,0.9810148044289672,1.0,0.0,1.0,1.2559879720446798,0.8054110301768991,1.0,0.9811673238788051,0.9811673238788051,3.1630946806341935,0.008801874241551873,1.9085559336533833,0.0,1.0,5.332023032390864,8.60136709026946,45.862687435365544,2.560086039288487,4.69257053595417,2.1324844966656826,0.2673657736455646
decoupled_1062,ph2_lesion_IMD430,clinical_mask,0.755859375,2.75,0.9810148044289672,1.0,0.0,1.0,1.2559879720446798,0.8054110301768991,1.0,0.9811673238788051,0.9811673238788051,3.1630946806341935,0.008801874241551873,1.9085559336533833,0.0,1.0,7.1351764422563875,9.080704535097128,64.79242907791577,5.8345044516981375,7.517462991498727,1.6829585398005893,0.06766287612686019
decoupled_1063,isic2018_lesion_ISIC_0035842,clinical_mask,0.755859375,2.75,0.9810148044289672,1.0,0.0,1.0,1.2559879720446798,0.8054110301768991,1.0,0.9811673238788051,0.9811673238788051,3.1630946806341935,0.008801874241551873,1.9085559336533833,0.0,1.0,3.6574764796527903,6.559667401758626,23.991829236277304,5.443127015215567,8.506625555423085,3.063498540207518,0.23919393224176652
decoupled_1064,ph2_lesion_IMD078,clinical_mask,0.755859375,2.75,0.9810148044289672,1.0,0.0,1.0,1.2559879720446798,0.8054110301768991,1.0,0.9811673238788051,0.9811673238788051,3.1630946806341935,0.008801874241551873,1.9085559336533833,0.0,1.0,8.233115909288252,5.21329314692431,42.92164674772595,3.920818117262614,8.1299807088283,4.209162591565686,0.10892249679214319
decoupled_1065,basal_cell_carcinoma_BCN_0000016844,clinical_mask,0.2169952392578125,2.78125,0.525630021633387,2.4365315915937504,0.9118968473174451,0.6912122095849129,0.35251695750773615,0.5605439495467087,1.44673370367766,0.9482634593695075,0.3891857846789676,5.97055805285277,0.37169938227061444,1.783892277965634,0.35644461962948365,1.0,5.68084754021455,1.5739478692687852,8.941357881561512,5.0428639401032855,8.879172742453418,3.836308802350133,0.20884715041366184
decoupled_1066,ph2_lesion_IMD370,clinical_mask,0.755859375,2.75,0.9810148044289672,1.0,0.0,1.0,1.2559879720446798,0.8054110301768991,1.0,0.9811673238788051,0.9811673238788051,3.1630946806341935,0.008801874241551873,1.9085559336533833,0.0,1.0,8.181027781753764,3.070879473223955,25.12295028486254,5.833876750810967,7.728272418485078,1.894395667674111,0.1239193933511815
decoupled_1067,basal_cell_carcinoma_BCN_0000016844,clinical_mask,0.2169952392578125,2.78125,0.525630021633387,2.4365315915937504,0.9118968473174451,0.6912122095849129,0.35251695750773615,0.5605439495467087,1.44673370367766,0.9482634593695075,0.3891857846789676,5.97055805285277,0.37169938227061444,1.783892277965634,0.35644461962948365,1.0,9.354384638795072,6.133824964629937,57.37815802619201,0.854588429282888,5.085590945315466,4.231002516032578,0.05722506324176254
decoupled_1068,midas_lesion_536,clinical_mask,0.755859375,2.75,0.9810148044289672,1.0,0.0,1.0,1.2559879720446798,0.8054110301768991,1.0,0.9811673238788051,0.9811673238788051,3.1630946806341935,0.008801874241551873,1.9085559336533833,0.0,1.0,7.640044611053973,6.3229020437597185,48.30725368564859,6.129581936255603,8.190547460362641,2.060965524107038,0.03376267031246837
decoupled_1069,isic2018_lesion_ISIC_0035443,clinical_mask,0.755859375,2.75,0.9810148044289672,1.0,0.0,1.0,1.2559879720446798,0.8054110301768991,1.0,0.9811673238788051,0.9811673238788051,3.1630946806341935,0.008801874241551873,1.9085559336533833,0.0,1.0,7.7552751348465945,4.8952648973324315,37.96412613676957,5.027275276852597,6.689031228976237,1.6617559521236398,0.15788250712752483
decoupled_1070,midas_lesion_76,clinical_mask,0.755859375,2.75,0.9810148044289672,1.0,0.0,1.0,1.2559879720446798,0.8054110301768991,1.0,0.9811673238788051,0.9811673238788051,3.1630946806341935,0.008801874241551873,1.9085559336533833,0.0,1.0,3.3523462571013494,1.838772504155932,6.164202121968014,0.23829585650106178,2.8985167460119374,2.6602208895108754,0.26827121983654395
decoupled_1071,isic2018_lesion_ISIC_0036062,clinical_mask,0.755859375,2.75,0.9810148044289672,1.0,0.0,1.0,1.2559879720446798,0.8054110301768991,1.0,0.9811673238788051,0.9811673238788051,3.1630946806341935,0.008801874241551873,1.9085559336533833,0.0,1.0,4.647573364494983,1.3046896649297506,6.063640935659393,4.90191528432134,5.538004969187582,0.6360896848662421,0.21487202066564898
decoupled_1072,ph2_lesion_IMD078,clinical_mask,0.755859375,2.75,0.9810148044289672,1.0,0.0,1.0,1.2559879720446798,0.8054110301768991,1.0,0.9811673238788051,0.9811673238788051,3.1630946806341935,0.008801874241551873,1.9085559336533833,0.0,1.0,9.901922317131103,1.5019586424322084,14.872277800907419,2.776156466043696,7.378671167091849,4.602514701048152,0.06551655040316745
decoupled_1073,midas_lesion_564,clinical_mask,0.755859375,2.75,0.9810148044289672,1.0,0.0,1.0,1.2559879720446798,0.8054110301768991,1.0,0.9811673238788051,0.9811673238788051,3.1630946806341935,0.008801874241551873,1.9085559336533833,0.0,1.0,4.474748114507918,7.657590656205571,34.265789350529325,2.817260841312444,7.0815238969623335,4.26426305564989,0.22220228190556074
decoupled_1074,isic2018_lesion_ISIC_0035626,clinical_mask,0.755859375,2.75,0.9810148044289672,1.0,0.0,1.0,1.2559879720446798,0.8054110301768991,1.0,0.9811673238788051,0.9811673238788051,3.1630946806341935,0.008801874241551873,1.9085559336533833,0.0,1.0,6.76556889678578,1.7522965852855936,11.855283275352143,1.5537153058791315,6.630392201526062,5.076676895646931,0.05630214693890575
decoupled_1075,midas_lesion_357,clinical_mask,0.755859375,2.75,0.9810148044289672,1.0,0.0,1.0,1.2559879720446798,0.8054110301768991,1.0,0.9811673238788051,0.9811673238788051,3.1630946806341935,0.008801874241551873,1.9085559336533833,0.0,1.0,4.139542745783709,1.4051317714849882,5.816603031520896,4.3389568310873,5.60710117797924,1.2681443468919404,0.07510822231861952
decoupled_1076,isic2018_lesion_ISIC_0035078,clinical_mask,0.755859375,2.75,0.9810148044289672,1.0,0.0,1.0,1.2559879720446798,0.8054110301768991,1.0,0.9811673238788051,0.9811673238788051,3.1630946806341935,0.008801874241551873,1.9085559336533833,0.0,1.0,3.149870161273288,1.4353364493831349,4.521123453299883,3.2900877625249265,5.710085527878271,2.4199977653533447,0.2968258259162433
decoupled_1077,ph2_lesion_IMD433,clinical_mask,0.755859375,2.75,0.9810148044289672,1.0,0.0,1.0,1.2559879720446798,0.8054110301768991,1.0,0.9811673238788051,0.9811673238788051,3.1630946806341935,0.008801874241551873,1.9085559336533833,0.0,1.0,7.3056079591316845,1.367099042097884,9.987489642871603,1.9570215333581094,3.7693022377586396,1.8122807044005302,0.10733511470772342
decoupled_1078,isic2018_lesion_ISIC_0035642,clinical_mask,0.755859375,2.75,0.9810148044289672,1.0,0.0,1.0,1.2559879720446798,0.8054110301768991,1.0,0.9811673238788051,0.9811673238788051,3.1630946806341935,0.008801874241551873,1.9085559336533833,0.0,1.0,9.292338120374232,11.15014543162055,103.61092144196422,2.7541203803266208,3.768507290605882,1.0143869102792613,0.2561413796566464
decoupled_1079,isic2018_lesion_ISIC_0034753,clinical_mask,0.755859375,2.75,0.9810148044289672,1.0,0.0,1.0,1.2559879720446798,0.8054110301768991,1.0,0.9811673238788051,0.9811673238788051,3.1630946806341935,0.008801874241551873,1.9085559336533833,0.0,1.0,6.606981975942639,7.965457987263316,52.62763735197706,7.391144586347562,9.813704904483462,2.4225603181358997,0.3233628902304537
decoupled_1080,ph2_lesion_IMD057,clinical_mask,0.755859375,2.75,0.9810148044289672,1.0,0.0,1.0,1.2559879720446798,0.8054110301768991,1.0,0.9811673238788051,0.9811673238788051,3.1630946806341935,0.008801874241551873,1.9085559336533833,0.0,1.0,7.174615095455001,3.6162179339227625,25.944971777177347,5.1647902232346965,10.54018911849616,5.375398895261464,0.12987143735706386
decoupled_1081,isic2018_lesion_ISIC_0035210,clinical_mask,0.755859375,2.75,0.9810148044289672,1.0,0.0,1.0,1.2559879720446798,0.8054110301768991,1.0,0.9811673238788051,0.9811673238788051,3.1630946806341935,0.008801874241551873,1.9085559336533833,0.0,1.0,8.235372184442307,1.7122560606145993,14.101065934228231,5.287910896123744,6.200459671514462,0.912548775390718,0.2552794167295983
decoupled_1082,isic2018_lesion_ISIC_0034961,clinical_mask,0.755859375,2.75,0.9810148044289672,1.0,0.0,1.0,1.2559879720446798,0.8054110301768991,1.0,0.9811673238788051,0.9811673238788051,3.1630946806341935,0.008801874241551873,1.9085559336533833,0.0,1.0,5.204022940982521,4.452352315260324,23.17014358995137,1.901800883659096,4.224464326462598,2.322663442803502,0.27745555626585056
decoupled_1083,isic2018_lesion_ISIC_0034753,clinical_mask,0.755859375,2.75,0.9810148044289672,1.0,0.0,1.0,1.2559879720446798,0.8054110301768991,1.0,0.9811673238788051,0.9811673238788051,3.1630946806341935,0.008801874241551873,1.9085559336533833,0.0,1.0,9.646878609101783,3.9806944205403276,38.401275854881305,7.743564911628605,12.739167370674902,4.995602459046298,0.18670231233452203
decoupled_1084,midas_lesion_226,clinical_mask,0.755859375,2.75,0.9810148044289672,1.0,0.0,1.0,1.2559879720446798,0.8054110301768991,1.0,0.9811673238788051,0.9811673238788051,3.1630946806341935,0.008801874241551873,1.9085559336533833,0.0,1.0,5.238296327561805,5.514746240151579,28.88787497722129,3.6813601679939363,9.015283299414977,5.33392313142104,0.26420752689509447
decoupled_1085,isic2018_lesion_ISIC_0035029,clinical_mask,0.755859375,2.75,0.9810148044289672,1.0,0.0,1.0,1.2559879720446798,0.8054110301768991,1.0,0.9811673238788051,0.9811673238788051,3.1630946806341935,0.008801874241551873,1.9085559336533833,0.0,1.0,7.449319543485467,2.25969116067379,16.833161525448624,7.264330743038754,9.405921773917347,2.141591030878593,0.16651534260549788
decoupled_1086,isic2018_lesion_ISIC_0035915,clinical_mask,0.755859375,2.75,0.9810148044289672,1.0,0.0,1.0,1.2559879720446798,0.8054110301768991,1.0,0.9811673238788051,0.9811673238788051,3.1630946806341935,0.008801874241551873,1.9085559336533833,0.0,1.0,4.1760766846643715,10.183873063912987,42.52863486178854,3.8826993696497207,5.42044796819154,1.537748598541819,0.2630412000540356
decoupled_1087,ph2_lesion_IMD370,clinical_mask,0.755859375,2.75,0.9810148044289672,1.0,0.0,1.0,1.2559879720446798,0.8054110301768991,1.0,0.9811673238788051,0.9811673238788051,3.1630946806341935,0.008801874241551873,1.9085559336533833,0.0,1.0,4.266816032418363,7.918837023338433,33.78822076928853,0.23313018616945821,2.7675094260689597,2.5343792398995015,0.25900738088305997
decoupled_1088,ph2_lesion_IMD433,clinical_mask,0.755859375,2.75,0.9810148044289672,1.0,0.0,1.0,1.2559879720446798,0.8054110301768991,1.0,0.9811673238788051,0.9811673238788051,3.1630946806341935,0.008801874241551873,1.9085559336533833,0.0,1.0,8.202603305357718,1.8439778111993983,15.125418489150475,3.4286088157806107,8.17424400758064,4.745635191800029,0.3173171578520358
decoupled_1089,isic2018_lesion_ISIC_0035626,clinical_mask,0.755859375,2.75,0.9810148044289672,1.0,0.0,1.0,1.2559879720446798,0.8054110301768991,1.0,0.9811673238788051,0.9811673238788051,3.1630946806341935,0.008801874241551873,1.9085559336533833,0.0,1.0,9.150978224571015,7.258030792546545,66.41808173585933,1.0403967724109173,2.318589221722439,1.2781924493115215,0.05302646374625603
decoupled_1090,isic2018_lesion_ISIC_0034961,clinical_mask,0.755859375,2.75,0.9810148044289672,1.0,0.0,1.0,1.2559879720446798,0.8054110301768991,1.0,0.9811673238788051,0.9811673238788051,3.1630946806341935,0.008801874241551873,1.9085559336533833,0.0,1.0,6.332904559465242,2.2854563511392145,14.473576946588327,6.577500714375407,10.06200701528281,3.4845063009074018,0.24770876605167486
decoupled_1091,squamous_cell_carcinoma_BCN_0000004833,clinical_mask,0.164306640625,2.015625,0.45738573688555156,1.8852126082925396,0.8477198850396415,0.7619317176720326,0.5082126929549741,0.4817897091722595,1.3124535661218424,0.702400355573212,0.37258415973007136,4.972584571971463,0.32249627842615697,1.80638791826563,0.43843400447427294,1.0,8.380012323922521,3.18504185106223,26.690689964110486,4.743597795693799,6.277063310677031,1.5334655149832317,0.3048505844611287
decoupled_1092,ph2_lesion_IMD031,clinical_mask,0.755859375,2.75,0.9810148044289672,1.0,0.0,1.0,1.2559879720446798,0.8054110301768991,1.0,0.9811673238788051,0.9811673238788051,3.1630946806341935,0.008801874241551873,1.9085559336533833,0.0,1.0,7.6852220574715036,7.667668130562931,58.92773224637352,5.928737406310968,6.5267206868194245,0.5979832805084566,0.1260604757444111
decoupled_1093,midas_lesion_226,clinical_mask,0.755859375,2.75,0.9810148044289672,1.0,0.0,1.0,1.2559879720446798,0.8054110301768991,1.0,0.9811673238788051,0.9811673238788051,3.1630946806341935,0.008801874241551873,1.9085559336533833,0.0,1.0,6.670031478854364,3.999152525876301,26.67447323633487,0.4042735906919086,3.4648425459267647,3.060568955234856,0.17787410202377632
decoupled_1094,midas_lesion_300,clinical_mask,0.755859375,2.75,0.9810148044289672,1.0,0.0,1.0,1.2559879720446798,0.8054110301768991,1.0,0.9811673238788051,0.9811673238788051,3.1630946806341935,0.008801874241551873,1.9085559336533833,0.0,1.0,4.131795140759566,1.4807442311453902,6.118131818954283,7.946920620220304,8.690033680663038,0.7431130604427345,0.21134459196606112
decoupled_1095,ph2_lesion_IMD312,clinical_mask,0.755859375,2.75,0.9810148044289672,1.0,0.0,1.0,1.2559879720446798,0.8054110301768991,1.0,0.9811673238788051,0.9811673238788051,3.1630946806341935,0.008801874241551873,1.9085559336533833,0.0,1.0,7.145238052664581,9.179435961225034,65.58925513214278,2.850544555537109,5.582243183515872,2.731698627978763,0.16618718316983785
decoupled_1096,ph2_lesion_IMD437,clinical_mask,0.755859375,2.75,0.9810148044289672,1.0,0.0,1.0,1.2559879720446798,0.8054110301768991,1.0,0.9811673238788051,0.9811673238788051,3.1630946806341935,0.008801874241551873,1.9085559336533833,0.0,1.0,8.890902257643514,3.015485590110076,26.810387641001157,1.2821449456702336,2.6389757051597944,1.3568307594895608,0.10632464622397166
decoupled_1097,isic2018_lesion_ISIC_0034870,clinical_mask,0.755859375,2.75,0.9810148044289672,1.0,0.0,1.0,1.2559879720446798,0.8054110301768991,1.0,0.9811673238788051,0.9811673238788051,3.1630946806341935,0.008801874241551873,1.9085559336533833,0.0,1.0,7.216805156407342,1.907422179932253,13.765494223580816,3.271312161098302,4.467709146077019,1.1963969849787173,0.3164139217834292
decoupled_1098,isic2018_lesion_ISIC_0035630,clinical_mask,0.755859375,2.75,0.9810148044289672,1.0,0.0,1.0,1.2559879720446798,0.8054110301768991,1.0,0.9811673238788051,0.9811673238788051,3.1630946806341935,0.008801874241551873,1.9085559336533833,0.0,1.0,8.842310113916113,8.576026947168817,75.83188981216796,2.1446185938980715,5.172990974103078,3.028372380205006,0.2143697300453754
decoupled_1099,isic2018_lesion_ISIC_0035376,clinical_mask,0.755859375,2.75,0.9810148044289672,1.0,0.0,1.0,1.2559879720446798,0.8054110301768991,1.0,0.9811673238788051,0.9811673238788051,3.1630946806341935,0.008801874241551873,1.9085559336533833,0.0,1.0,4.279656534611866,1.433874467964515,6.136490236637449,6.9805523136972685,9.444492267091178,2.4639399533939095,0.07851929193886042
decoupled_1100,midas_lesion_300,clinical_mask,0.755859375,2.75,0.9810148044289672,1.0,0.0,1.0,1.2559879720446798,0.8054110301768991,1.0,0.9811673238788051,0.9811673238788051,3.1630946806341935,0.008801874241551873,1.9085559336533833,0.0,1.0,8.756126617012676,2.772389788450355,24.275396019384296,1.6834955335505868,3.7678241941535626,2.084328660602976,0.20221272749339514
decoupled_1101,isic2018_lesion_ISIC_0035348,clinical_mask,0.755859375,2.75,0.9810148044289672,1.0,0.0,1.0,1.2559879720446798,0.8054110301768991,1.0,0.9811673238788051,0.9811673238788051,3.1630946806341935,0.008801874241551873,1.9085559336533833,0.0,1.0,7.708153689919614,2.8194008846970062,21.732375332739853,5.957455371498161,8.755781610059614,2.7983262385614536,0.07616238229497328
decoupled_1102,midas_lesion_178,clinical_mask,0.755859375,2.75,0.9810148044289672,1.0,0.0,1.0,1.2559879720446798,0.8054110301768991,1.0,0.9811673238788051,0.9811673238788051,3.1630946806341935,0.008801874241551873,1.9085559336533833,0.0,1.0,3.328590285341549,1.1458105965111633,3.813934020388464,2.8495638917647237,5.418705688836024,2.5691417970713,0.2443965921007618
decoupled_1103,isic2018_lesion_ISIC_0034961,clinical_mask,0.755859375,2.75,0.9810148044289672,1.0,0.0,1.0,1.2559879720446798,0.8054110301768991,1.0,0.9811673238788051,0.9811673238788051,3.1630946806341935,0.008801874241551873,1.9085559336533833,0.0,1.0,9.365197091183239,1.1543348250737808,10.810573146032485,5.153467781936515,9.756354723638935,4.602886941702421,0.12592873089174647
decoupled_1104,isic2018_lesion_ISIC_0035882,clinical_mask,0.755859375,2.75,0.9810148044289672,1.0,0.0,1.0,1.2559879720446798,0.8054110301768991,1.0,0.9811673238788051,0.9811673238788051,3.1630946806341935,0.008801874241551873,1.9085559336533833,0.0,1.0,7.146133662517608,6.025484289420445,43.05891611359843,5.923506597334123,9.01786049663313,3.0943538992990067,0.2737239528722352
decoupled_1105,isic2018_lesion_ISIC_0035643,clinical_mask,0.755859375,2.75,0.9810148044289672,1.0,0.0,1.0,1.2559879720446798,0.8054110301768991,1.0,0.9811673238788051,0.9811673238788051,3.1630946806341935,0.008801874241551873,1.9085559336533833,0.0,1.0,9.116351997315421,6.317851171580609,57.59575514678046,7.570379553429098,10.396302686322967,2.8259231328938688,0.2940795717718109
decoupled_1106,midas_lesion_357,clinical_mask,0.755859375,2.75,0.9810148044289672,1.0,0.0,1.0,1.2559879720446798,0.8054110301768991,1.0,0.9811673238788051,0.9811673238788051,3.1630946806341935,0.008801874241551873,1.9085559336533833,0.0,1.0,6.8508698586897605,5.505212777578105,37.715496283583576,2.8475853752831464,6.978325918062015,4.130740542778868,0.2183895420757243
decoupled_1107,ph2_lesion_IMD312,clinical_mask,0.755859375,2.75,0.9810148044289672,1.0,0.0,1.0,1.2559879720446798,0.8054110301768991,1.0,0.9811673238788051,0.9811673238788051,3.1630946806341935,0.008801874241551873,1.9085559336533833,0.0,1.0,4.148952341641747,1.8558892857440878,7.699996197915763,5.981431323019374,9.17276195219226,3.191330629172887,0.19734223749963636
decoupled_1108,isic2018_lesion_ISIC_0035128,clinical_mask,0.755859375,2.75,0.9810148044289672,1.0,0.0,1.0,1.2559879720446798,0.8054110301768991,1.0,0.9811673238788051,0.9811673238788051,3.1630946806341935,0.008801874241551873,1.9085559336533833,0.0,1.0,5.740783502374315,1.9110554237740869,10.970955448925233,5.231230753942015,8.270688764120921,3.0394580101789064,0.062143284234811275
decoupled_1109,isic2018_lesion_ISIC_0035029,clinical_mask,0.755859375,2.75,0.9810148044289672,1.0,0.0,1.0,1.2559879720446798,0.8054110301768991,1.0,0.9811673238788051,0.9811673238788051,3.1630946806341935,0.008801874241551873,1.9085559336533833,0.0,1.0,4.120052687808194,6.385409627790003,26.30822409973252,1.522565730632182,3.7870707312812035,2.2645050006490215,0.035674090464179485
decoupled_1110,midas_lesion_138,clinical_mask,0.755859375,2.75,0.9810148044289672,1.0,0.0,1.0,1.2559879720446798,0.8054110301768991,1.0,0.9811673238788051,0.9811673238788051,3.1630946806341935,0.008801874241551873,1.9085559336533833,0.0,1.0,5.373586804294013,2.847371814927917,15.30059961161535,5.395662369922128,6.188699070528422,0.7930367006062937,0.2887388335357263
decoupled_1111,isic2018_lesion_ISIC_0034898,clinical_mask,0.755859375,2.75,0.9810148044289672,1.0,0.0,1.0,1.2559879720446798,0.8054110301768991,1.0,0.9811673238788051,0.9811673238788051,3.1630946806341935,0.008801874241551873,1.9085559336533833,0.0,1.0,4.21534419501406,4.804911230635363,20.254354663616642,3.436486650406,4.858162442339752,1.4216757919337515,0.3466453485390585
decoupled_1112,midas_lesion_647,clinical_mask,0.755859375,2.75,0.9810148044289672,1.0,0.0,1.0,1.2559879720446798,0.8054110301768991,1.0,0.9811673238788051,0.9811673238788051,3.1630946806341935,0.008801874241551873,1.9085559336533833,0.0,1.0,7.115445858317365,2.2100238592890813,15.725305116361053,4.639820861141279,5.539946072388343,0.9001252112470643,0.2526296598677113
decoupled_1113,midas_lesion_300,clinical_mask,0.755859375,2.75,0.9810148044289672,1.0,0.0,1.0,1.2559879720446798,0.8054110301768991,1.0,0.9811673238788051,0.9811673238788051,3.1630946806341935,0.008801874241551873,1.9085559336533833,0.0,1.0,4.416237971537251,1.9623527707380177,8.666216819684568,7.40940317144472,12.525373580065452,5.115970408620732,0.28784703099416875
decoupled_1114,isic2018_lesion_ISIC_0035553,clinical_mask,0.755859375,2.75,0.9810148044289672,1.0,0.0,1.0,1.2559879720446798,0.8054110301768991,1.0,0.9811673238788051,0.9811673238788051,3.1630946806341935,0.008801874241551873,1.9085559336533833,0.0,1.0,8.786236512257833,6.4428874102187255,56.60873260803008,4.953214266233626,8.39874352619136,3.445529259957734,0.07978254235927376
decoupled_1115,isic2018_lesion_ISIC_0035608,clinical_mask,0.755859375,2.75,0.9810148044289672,1.0,0.0,1.0,1.2559879720446798,0.8054110301768991,1.0,0.9811673238788051,0.9811673238788051,3.1630946806341935,0.008801874241551873,1.9085559336533833,0.0,1.0,5.040814881988805,1.3615416300648209,6.863279311278045,2.436519183786237,5.277584642298336,2.8410654585120994,0.30658138852748335
decoupled_1116,midas_lesion_143,clinical_mask,0.755859375,2.75,0.9810148044289672,1.0,0.0,1.0,1.2559879720446798,0.8054110301768991,1.0,0.9811673238788051,0.9811673238788051,3.1630946806341935,0.008801874241551873,1.9085559336533833,0.0,1.0,9.17673719945782,1.5917825126012601,14.607369796834421,7.11501439467533,8.481102413147845,1.3660880184725146,0.3393104967312962
decoupled_1117,midas_lesion_259,clinical_mask,0.755859375,2.75,0.9810148044289672,1.0,0.0,1.0,1.2559879720446798,0.8054110301768991,1.0,0.9811673238788051,0.9811673238788051,3.1630946806341935,0.008801874241551873,1.9085559336533833,0.0,1.0,8.54674936858,1.2850488132554652,10.982990133285625,2.4544154472285364,7.631612636053742,5.177197188825206,0.3480213785066584
decoupled_1118,isic2018_lesion_ISIC_0035842,clinical_mask,0.755859375,2.75,0.9810148044289672,1.0,0.0,1.0,1.2559879720446798,0.8054110301768991,1.0,0.9811673238788051,0.9811673238788051,3.1630946806341935,0.008801874241551873,1.9085559336533833,0.0,1.0,7.5731794734957925,2.273797212602585,17.219874377373845,5.382669987644046,6.975191887956036,1.5925219003119908,0.3124866170425173
decoupled_1119,isic2018_lesion_ISIC_0035317,clinical_mask,0.755859375,2.75,0.9810148044289672,1.0,0.0,1.0,1.2559879720446798,0.8054110301768991,1.0,0.9811673238788051,0.9811673238788051,3.1630946806341935,0.008801874241551873,1.9085559336533833,0.0,1.0,6.077224518048895,6.189933017072899,37.617612696435785,4.629165177772692,9.981688723724503,5.352523545951811,0.323775755169205
decoupled_1120,midas_lesion_805,clinical_mask,0.755859375,2.75,0.9810148044289672,1.0,0.0,1.0,1.2559879720446798,0.8054110301768991,1.0,0.9811673238788051,0.9811673238788051,3.1630946806341935,0.008801874241551873,1.9085559336533833,0.0,1.0,8.420951824795694,1.6216004402992599,13.655419186827553,1.1542172612444164,6.214237019586501,5.060019758342085,0.1664224498155372
decoupled_1121,isic2018_lesion_ISIC_0034982,clinical_mask,0.755859375,2.75,0.9810148044289672,1.0,0.0,1.0,1.2559879720446798,0.8054110301768991,1.0,0.9811673238788051,0.9811673238788051,3.1630946806341935,0.008801874241551873,1.9085559336533833,0.0,1.0,3.3466122888729934,7.4515708280662345,24.93751850461397,6.552470979233853,11.119003038806543,4.56653205957269,0.008739008436513401
decoupled_1122,ph2_lesion_IMD256,clinical_mask,0.755859375,2.75,0.9810148044289672,1.0,0.0,1.0,1.2559879720446798,0.8054110301768991,1.0,0.9811673238788051,0.9811673238788051,3.1630946806341935,0.008801874241551873,1.9085559336533833,0.0,1.0,8.774273590674154,11.349329573218544,99.58212274614864,3.218257721365378,8.69104878644446,5.4727910650790825,0.08471894978744547
decoupled_1123,midas_lesion_289,clinical_mask,0.755859375,2.75,0.9810148044289672,1.0,0.0,1.0,1.2559879720446798,0.8054110301768991,1.0,0.9811673238788051,0.9811673238788051,3.1630946806341935,0.008801874241551873,1.9085559336533833,0.0,1.0,8.623911138187852,5.879168968247773,50.70143074856035,1.9130643344286828,5.6390296180342565,3.7259652836055737,0.20507308581699407
decoupled_1124,midas_lesion_357,clinical_mask,0.755859375,2.75,0.9810148044289672,1.0,0.0,1.0,1.2559879720446798,0.8054110301768991,1.0,0.9811673238788051,0.9811673238788051,3.1630946806341935,0.008801874241551873,1.9085559336533833,0.0,1.0,8.407938783698548,3.005024467905492,25.266061769665676,7.976263861158876,12.926270112345128,4.9500062511862515,0.16991336220247077
decoupled_1125,isic2018_lesion_ISIC_0034753,clinical_mask,0.755859375,2.75,0.9810148044289672,1.0,0.0,1.0,1.2559879720446798,0.8054110301768991,1.0,0.9811673238788051,0.9811673238788051,3.1630946806341935,0.008801874241551873,1.9085559336533833,0.0,1.0,3.2218522659078714,6.982032906307231,22.495078539829276,7.8442874528730355,13.178965167566638,5.334677714693602,0.1744942314026047
decoupled_1126,midas_lesion_178,clinical_mask,0.755859375,2.75,0.9810148044289672,1.0,0.0,1.0,1.2559879720446798,0.8054110301768991,1.0,0.9811673238788051,0.9811673238788051,3.1630946806341935,0.008801874241551873,1.9085559336533833,0.0,1.0,8.295700595404554,1.3241530126174554,10.98477693517736,0.35540986281634024,3.750697248572158,3.395287385755818,0.11111657550224491
decoupled_1127,midas_lesion_140,clinical_mask,0.755859375,2.75,0.9810148044289672,1.0,0.0,1.0,1.2559879720446798,0.8054110301768991,1.0,0.9811673238788051,0.9811673238788051,3.1630946806341935,0.008801874241551873,1.9085559336533833,0.0,1.0,4.272425440282117,8.753513990318375,37.39873586410165,5.25158051195789,6.265842113227747,1.0142616012698573,0.0822075331718624
decoupled_1128,benign_nevi_BCN_0000002637,clinical_mask,0.15252685546875,1.30859375,0.4406849487070295,1.417669542590093,0.7088263668179722,0.9852158486102898,1.1192999836144735,0.7212121212121212,1.0150060024009604,0.5266806701684116,0.3715115930375157,3.3506702010670235,0.12587200220725414,1.7585747731755839,0.284992784992785,1.0,8.352678577315611,9.194839338127517,76.80153756143656,2.009101810840833,4.874968596920121,2.8658667860792884,0.33716642766895866
decoupled_1129,isic2018_lesion_ISIC_0034753,clinical_mask,0.755859375,2.75,0.9810148044289672,1.0,0.0,1.0,1.2559879720446798,0.8054110301768991,1.0,0.9811673238788051,0.9811673238788051,3.1630946806341935,0.008801874241551873,1.9085559336533833,0.0,1.0,3.152605625208695,1.2276605202523136,3.870329461994077,6.932086580745811,7.821569349060584,0.8894827683147728,0.019760960172658215
decoupled_1130,squamous_cell_carcinoma_BCN_0000004833,clinical_mask,0.164306640625,2.015625,0.45738573688555156,1.8852126082925396,0.8477198850396415,0.7619317176720326,0.5082126929549741,0.4817897091722595,1.3124535661218424,0.702400355573212,0.37258415973007136,4.972584571971463,0.32249627842615697,1.80638791826563,0.43843400447427294,1.0,9.33106667554916,1.3930915475525343,12.99903011535666,0.35763163723962105,4.58097847003452,4.223346832794899,0.15477200328884674
decoupled_1131,isic2018_lesion_ISIC_0034982,clinical_mask,0.755859375,2.75,0.9810148044289672,1.0,0.0,1.0,1.2559879720446798,0.8054110301768991,1.0,0.9811673238788051,0.9811673238788051,3.1630946806341935,0.008801874241551873,1.9085559336533833,0.0,1.0,8.517674481634199,4.893407305797293,41.68045053683196,6.495027101309225,11.816765320500135,5.32173821919091,0.32084445977984694
decoupled_1132,midas_lesion_544,clinical_mask,0.755859375,2.75,0.9810148044289672,1.0,0.0,1.0,1.2559879720446798,0.8054110301768991,1.0,0.9811673238788051,0.9811673238788051,3.1630946806341935,0.008801874241551873,1.9085559336533833,0.0,1.0,3.633391254707653,1.5297264673306599,5.558094768494051,4.927941131339113,7.819637970689515,2.891696839350402,0.09419565648394003
decoupled_1133,ph2_lesion_IMD430,clinical_mask,0.755859375,2.75,0.9810148044289672,1.0,0.0,1.0,1.2559879720446798,0.8054110301768991,1.0,0.9811673238788051,0.9811673238788051,3.1630946806341935,0.008801874241551873,1.9085559336533833,0.0,1.0,4.701618991614332,1.9250312784825967,9.050763618365394,2.4719139805816948,5.557759858766254,3.085845878184559,0.2436363336780739
decoupled_1134,squamous_cell_carcinoma_BCN_0000004833,clinical_mask,0.164306640625,2.015625,0.45738573688555156,1.8852126082925396,0.8477198850396415,0.7619317176720326,0.5082126929549741,0.4817897091722595,1.3124535661218424,0.702400355573212,0.37258415973007136,4.972584571971463,0.32249627842615697,1.80638791826563,0.43843400447427294,1.0,4.049678777264244,2.30786047504501,9.346093586676753,0.8692166950325038,4.521462248918963,3.6522455538864596,0.1502252820655267
decoupled_1135,isic2018_lesion_ISIC_0035608,clinical_mask,0.755859375,2.75,0.9810148044289672,1.0,0.0,1.0,1.2559879720446798,0.8054110301768991,1.0,0.9811673238788051,0.9811673238788051,3.1630946806341935,0.008801874241551873,1.9085559336533833,0.0,1.0,4.489149978758825,1.308375229123701,5.873492632029236,7.974490392312566,12.196723987685935,4.222233595373369,0.022780996975833773
decoupled_1136,ph2_lesion_IMD437,clinical_mask,0.755859375,2.75,0.9810148044289672,1.0,0.0,1.0,1.2559879720446798,0.8054110301768991,1.0,0.9811673238788051,0.9811673238788051,3.1630946806341935,0.008801874241551873,1.9085559336533833,0.0,1.0,4.990317430487189,1.5709865657315416,7.8397216420313205,4.577416093614894,8.16810037386043,3.5906842802455357,0.11740643447548418
decoupled_1137,isic2018_lesion_ISIC_0034579,clinical_mask,0.755859375,2.75,0.9810148044289672,1.0,0.0,1.0,1.2559879720446798,0.8054110301768991,1.0,0.9811673238788051,0.9811673238788051,3.1630946806341935,0.008801874241551873,1.9085559336533833,0.0,1.0,7.995162868991873,3.3382144117666033,26.689567913689892,2.1603060604033435,6.745671394638418,4.585365334235075,0.28647483376734384
decoupled_1138,isic2018_lesion_ISIC_0034970,clinical_mask,0.755859375,2.75,0.9810148044289672,1.0,0.0,1.0,1.2559879720446798,0.8054110301768991,1.0,0.9811673238788051,0.9811673238788051,3.1630946806341935,0.008801874241551873,1.9085559336533833,0.0,1.0,5.341919120280023,7.3625271639700385,39.3300246307926,4.8998615444067,9.086010936064593,4.186149391657893,0.2277552952792574
decoupled_1139,ph2_lesion_IMD031,clinical_mask,0.755859375,2.75,0.9810148044289672,1.0,0.0,1.0,1.2559879720446798,0.8054110301768991,1.0,0.9811673238788051,0.9811673238788051,3.1630946806341935,0.008801874241551873,1.9085559336533833,0.0,1.0,6.437189011443698,1.7167277242143946,11.050900841953647,2.754864276342579,4.229318848086726,1.4744545717441473,0.11193342733768658
decoupled_1140,isic2018_lesion_ISIC_0034906,clinical_mask,0.755859375,2.75,0.9810148044289672,1.0,0.0,1.0,1.2559879720446798,0.8054110301768991,1.0,0.9811673238788051,0.9811673238788051,3.1630946806341935,0.008801874241551873,1.9085559336533833,0.0,1.0,8.141594612261507,6.095625218383062,49.62810943635291,3.4506812959406563,4.998697532042968,1.5480162361023115,0.17390191661144175
decoupled_1141,isic2018_lesion_ISIC_0035372,clinical_mask,0.755859375,2.75,0.9810148044289672,1.0,0.0,1.0,1.2559879720446798,0.8054110301768991,1.0,0.9811673238788051,0.9811673238788051,3.1630946806341935,0.008801874241551873,1.9085559336533833,0.0,1.0,9.673828524146053,1.6649045893099945,16.106001506048695,0.9945753539730611,1.553172527616547,0.5585971736434858,0.3224491222405628
decoupled_1142,isic2018_lesion_ISIC_0035882,clinical_mask,0.755859375,2.75,0.9810148044289672,1.0,0.0,1.0,1.2559879720446798,0.8054110301768991,1.0,0.9811673238788051,0.9811673238788051,3.1630946806341935,0.008801874241551873,1.9085559336533833,0.0,1.0,3.6233852425971964,1.325776080693924,4.803797485774714,5.394596401478394,8.32271172086808,2.9281153193896863,0.09639549105305704
decoupled_1143,ph2_lesion_IMD370,clinical_mask,0.755859375,2.75,0.9810148044289672,1.0,0.0,1.0,1.2559879720446798,0.8054110301768991,1.0,0.9811673238788051,0.9811673238788051,3.1630946806341935,0.008801874241551873,1.9085559336533833,0.0,1.0,7.521797758076896,1.9747650666233587,14.85378345085615,2.443698679620756,5.493516738931296,3.04981805931054,0.011973909766606654
decoupled_1144,isic2018_lesion_ISIC_0035630,clinical_mask,0.755859375,2.75,0.9810148044289672,1.0,0.0,1.0,1.2559879720446798,0.8054110301768991,1.0,0.9811673238788051,0.9811673238788051,3.1630946806341935,0.008801874241551873,1.9085559336533833,0.0,1.0,3.135698113545586,1.1079775003119465,3.4742829575791245,3.0714327965602894,7.395684774245939,4.324251977685649,0.195180944707523
decoupled_1145,isic2018_lesion_ISIC_0034898,clinical_mask,0.755859375,2.75,0.9810148044289672,1.0,0.0,1.0,1.2559879720446798,0.8054110301768991,1.0,0.9811673238788051,0.9811673238788051,3.1630946806341935,0.008801874241551873,1.9085559336533833,0.0,1.0,4.526332984210335,1.6239496451094904,7.350536843355753,6.727555323970124,11.193324906976635,4.4657695830065105,0.24038385201074947
decoupled_1146,midas_lesion_619,clinical_mask,0.755859375,2.75,0.9810148044289672,1.0,0.0,1.0,1.2559879720446798,0.8054110301768991,1.0,0.9811673238788051,0.9811673238788051,3.1630946806341935,0.008801874241551873,1.9085559336533833,0.0,1.0,9.786489843324805,2.486305601031283,24.33220451189423,5.950072895556273,9.310896707567201,3.3608238120109277,0.008028405379416348
decoupled_1147,midas_lesion_234,clinical_mask,0.755859375,2.75,0.9810148044289672,1.0,0.0,1.0,1.2559879720446798,0.8054110301768991,1.0,0.9811673238788051,0.9811673238788051,3.1630946806341935,0.008801874241551873,1.9085559336533833,0.0,1.0,4.828980307854389,2.7142270568216373,13.106949008437262,2.7441128108780375,4.031441117018289,1.2873283061402518,0.1991580149611971
decoupled_1148,ph2_lesion_IMD057,clinical_mask,0.755859375,2.75,0.9810148044289672,1.0,0.0,1.0,1.2559879720446798,0.8054110301768991,1.0,0.9811673238788051,0.9811673238788051,3.1630946806341935,0.008801874241551873,1.9085559336533833,0.0,1.0,6.9838533526378335,2.076175970639694,14.499708513218135,5.570122072173679,7.963628511985203,2.3935064398115236,0.30116154593585
decoupled_1149,isic2018_lesion_ISIC_0035348,clinical_mask,0.755859375,2.75,0.9810148044289672,1.0,0.0,1.0,1.2559879720446798,0.8054110301768991,1.0,0.9811673238788051,0.9811673238788051,3.1630946806341935,0.008801874241551873,1.9085559336533833,0.0,1.0,9.073854318263994,2.0694121660666176,18.777544519331624,6.674039343177299,10.174320903926983,3.500281560749684,0.2553446349934744
decoupled_1150,midas_lesion_277,clinical_mask,0.755859375,2.75,0.9810148044289672,1.0,0.0,1.0,1.2559879720446798,0.8054110301768991,1.0,0.9811673238788051,0.9811673238788051,3.1630946806341935,0.008801874241551873,1.9085559336533833,0.0,1.0,7.6173912208314745,1.731968809749412,13.19308400613911,3.939510130625766,8.741714327970119,4.802204197344352,0.1705512918567012
decoupled_1151,midas_lesion_226,clinical_mask,0.755859375,2.75,0.9810148044289672,1.0,0.0,1.0,1.2559879720446798,0.8054110301768991,1.0,0.9811673238788051,0.9811673238788051,3.1630946806341935,0.008801874241551873,1.9085559336533833,0.0,1.0,8.1680192224253,7.367806181362498,60.18038251647283,2.8738245025977576,5.226863361295915,2.353038858698157,0.3368265147249721
decoupled_1152,isic2018_lesion_ISIC_0035119,clinical_mask,0.755859375,2.75,0.9810148044289672,1.0,0.0,1.0,1.2559879720446798,0.8054110301768991,1.0,0.9811673238788051,0.9811673238788051,3.1630946806341935,0.008801874241551873,1.9085559336533833,0.0,1.0,5.155680994146334,1.726701803174532,8.90232366918514,6.184541612668662,8.64598291361571,2.4614413009470475,0.30177084873141613
decoupled_1153,midas_lesion_138,clinical_mask,0.755859375,2.75,0.9810148044289672,1.0,0.0,1.0,1.2559879720446798,0.8054110301768991,1.0,0.9811673238788051,0.9811673238788051,3.1630946806341935,0.008801874241551873,1.9085559336533833,0.0,1.0,4.635277746796296,4.664571908504936,21.621586365824058,3.3675170560442838,6.1282721855775595,2.7607551295332757,0.10180233537770296
decoupled_1154,isic2018_lesion_ISIC_0035643,clinical_mask,0.755859375,2.75,0.9810148044289672,1.0,0.0,1.0,1.2559879720446798,0.8054110301768991,1.0,0.9811673238788051,0.9811673238788051,3.1630946806341935,0.008801874241551873,1.9085559336533833,0.0,1.0,7.085604146428232,2.748834376823935,19.47715225826814,3.9346649028646747,6.702256801976164,2.767591899111489,0.32643657074554183
decoupled_1155,isic2018_lesion_ISIC_0035119,clinical_mask,0.755859375,2.75,0.9810148044289672,1.0,0.0,1.0,1.2559879720446798,0.8054110301768991,1.0,0.9811673238788051,0.9811673238788051,3.1630946806341935,0.008801874241551873,1.9085559336533833,0.0,1.0,7.156389533224164,2.978291859774346,21.31381669217586,0.7708132721529417,1.6203468647345511,0.8495335925816094,0.2944970145023077
decoupled_1156,isic2018_lesion_ISIC_0034906,clinical_mask,0.755859375,2.75,0.9810148044289672,1.0,0.0,1.0,1.2559879720446798,0.8054110301768991,1.0,0.9811673238788051,0.9811673238788051,3.1630946806341935,0.008801874241551873,1.9085559336533833,0.0,1.0,8.12457779982426,1.6847334835359051,13.687748258956406,1.4374361638264397,4.504302017162727,3.066865853336288,0.2927792032072148
decoupled_1157,isic2018_lesion_ISIC_0035608,clinical_mask,0.755859375,2.75,0.9810148044289672,1.0,0.0,1.0,1.2559879720446798,0.8054110301768991,1.0,0.9811673238788051,0.9811673238788051,3.1630946806341935,0.008801874241551873,1.9085559336533833,0.0,1.0,6.717867649564104,10.923217906812898,73.3807322053177,7.899623507439923,9.637558755580244,1.737935248140321,0.15150819409739408
decoupled_1158,ph2_lesion_IMD256,clinical_mask,0.755859375,2.75,0.9810148044289672,1.0,0.0,1.0,1.2559879720446798,0.8054110301768991,1.0,0.9811673238788051,0.9811673238788051,3.1630946806341935,0.008801874241551873,1.9085559336533833,0.0,1.0,5.355787016667473,8.76435910846962,46.9400407225529,6.282816422913519,9.915314337995271,3.6324979150817525,0.21953090185609303
decoupled_1159,midas_lesion_619,clinical_mask,0.755859375,2.75,0.9810148044289672,1.0,0.0,1.0,1.2559879720446798,0.8054110301768991,1.0,0.9811673238788051,0.9811673238788051,3.1630946806341935,0.008801874241551873,1.9085559336533833,0.0,1.0,9.76813826521333,3.3614146369840046,32.83476294077163,4.3313965113365605,6.837765723898572,2.506369212562012,0.0033945443174892395
decoupled_1160,midas_lesion_76,clinical_mask,0.755859375,2.75,0.9810148044289672,1.0,0.0,1.0,1.2559879720446798,0.8054110301768991,1.0,0.9811673238788051,0.9811673238788051,3.1630946806341935,0.008801874241551873,1.9085559336533833,0.0,1.0,9.856050734749864,1.763336219523576,17.37953124204639,0.3890984863648416,1.8976825802418287,1.508584093876987,0.3478399639991615
decoupled_1161,midas_lesion_647,clinical_mask,0.755859375,2.75,0.9810148044289672,1.0,0.0,1.0,1.2559879720446798,0.8054110301768991,1.0,0.9811673238788051,0.9811673238788051,3.1630946806341935,0.008801874241551873,1.9085559336533833,0.0,1.0,5.039078731600387,2.9504755742703823,14.867678714412323,6.902512564302955,8.579087445956926,1.6765748816539707,0.10576331883755691
decoupled_1162,isic2018_lesion_ISIC_0035882,clinical_mask,0.755859375,2.75,0.9810148044289672,1.0,0.0,1.0,1.2559879720446798,0.8054110301768991,1.0,0.9811673238788051,0.9811673238788051,3.1630946806341935,0.008801874241551873,1.9085559336533833,0.0,1.0,9.597044011438985,4.666890973114265,44.788358065564914,0.2052174013699972,3.622041777581124,3.416824376211127,0.18772144445793723
decoupled_1163,isic2018_lesion_ISIC_0034538,clinical_mask,0.755859375,2.75,0.9810148044289672,1.0,0.0,1.0,1.2559879720446798,0.8054110301768991,1.0,0.9811673238788051,0.9811673238788051,3.1630946806341935,0.008801874241551873,1.9085559336533833,0.0,1.0,4.7487086703744,11.551186323184988,54.85321864601874,0.9418435330687225,5.331061151835671,4.389217618766949,0.11867135045033335
decoupled_1164,midas_lesion_300,clinical_mask,0.755859375,2.75,0.9810148044289672,1.0,0.0,1.0,1.2559879720446798,0.8054110301768991,1.0,0.9811673238788051,0.9811673238788051,3.1630946806341935,0.008801874241551873,1.9085559336533833,0.0,1.0,5.137075820139288,1.5109561622693446,7.761896366484305,1.3970936270644942,4.665508570360682,3.2684149432961878,0.19676081566222822
decoupled_1165,basal_cell_carcinoma_BCN_0000016844,clinical_mask,0.2169952392578125,2.78125,0.525630021633387,2.4365315915937504,0.9118968473174451,0.6912122095849129,0.35251695750773615,0.5605439495467087,1.44673370367766,0.9482634593695075,0.3891857846789676,5.97055805285277,0.37169938227061444,1.783892277965634,0.35644461962948365,1.0,5.549008441525315,3.4496408344279956,19.14208611047138,4.657886117311163,6.097180087711483,1.4392939704003203,0.22335514907636503
decoupled_1166,isic2018_lesion_ISIC_0034579,clinical_mask,0.755859375,2.75,0.9810148044289672,1.0,0.0,1.0,1.2559879720446798,0.8054110301768991,1.0,0.9811673238788051,0.9811673238788051,3.1630946806341935,0.008801874241551873,1.9085559336533833,0.0,1.0,5.989400828603614,6.53167917495686,39.120844662659586,0.4267471418040015,5.761651036872164,5.334903895068162,0.12884225113954406
decoupled_1167,isic2018_lesion_ISIC_0035421,clinical_mask,0.755859375,2.75,0.9810148044289672,1.0,0.0,1.0,1.2559879720446798,0.8054110301768991,1.0,0.9811673238788051,0.9811673238788051,3.1630946806341935,0.008801874241551873,1.9085559336533833,0.0,1.0,9.985318570394988,2.0946098813269844,20.915346945747178,2.142424518335179,3.6510829543482686,1.5086584360130897,0.03377629491231999
decoupled_1168,isic2018_lesion_ISIC_0035008,clinical_mask,0.755859375,2.75,0.9810148044289672,1.0,0.0,1.0,1.2559879720446798,0.8054110301768991,1.0,0.9811673238788051,0.9811673238788051,3.1630946806341935,0.008801874241551873,1.9085559336533833,0.0,1.0,5.170658666942696,3.4015972839797897,17.588498477858835,5.996495238961597,11.384405210164388,5.387909971202792,0.1684722959819579
decoupled_1169,midas_lesion_275,clinical_mask,0.755859375,2.75,0.9810148044289672,1.0,0.0,1.0,1.2559879720446798,0.8054110301768991,1.0,0.9811673238788051,0.9811673238788051,3.1630946806341935,0.008801874241551873,1.9085559336533833,0.0,1.0,6.913179551484582,3.13721788557738,21.688150535125242,2.87283176579552,3.399666167753141,0.526834401957621,0.28403231965024234
decoupled_1170,isic2018_lesion_ISIC_0034970,clinical_mask,0.755859375,2.75,0.9810148044289672,1.0,0.0,1.0,1.2559879720446798,0.8054110301768991,1.0,0.9811673238788051,0.9811673238788051,3.1630946806341935,0.008801874241551873,1.9085559336533833,0.0,1.0,4.207011165517474,5.185939130426281,21.817303825397342,7.080833147162904,11.539499012614243,4.458665865451339,0.30582634783638624
decoupled_1171,isic2018_lesion_ISIC_0034898,clinical_mask,0.755859375,2.75,0.9810148044289672,1.0,0.0,1.0,1.2559879720446798,0.8054110301768991,1.0,0.9811673238788051,0.9811673238788051,3.1630946806341935,0.008801874241551873,1.9085559336533833,0.0,1.0,9.426015702384227,2.0664876271723673,19.478744822509455,1.4008340383922782,2.169313051780681,0.7684790133884027,0.3200881834237489
decoupled_1172,ph2_lesion_IMD031,clinical_mask,0.755859375,2.75,0.9810148044289672,1.0,0.0,1.0,1.2559879720446798,0.8054110301768991,1.0,0.9811673238788051,0.9811673238788051,3.1630946806341935,0.008801874241551873,1.9085559336533833,0.0,1.0,5.421499833454785,6.067849443555195,32.8968447476632,5.430768127014365,10.189850053676134,4.759081926661769,0.19158862370218346
decoupled_1173,ph2_lesion_IMD331,clinical_mask,0.755859375,2.75,0.9810148044289672,1.0,0.0,1.0,1.2559879720446798,0.8054110301768991,1.0,0.9811673238788051,0.9811673238788051,3.1630946806341935,0.008801874241551873,1.9085559336533833,0.0,1.0,3.1569892269486877,3.171374709047628,10.01199579108089,7.759918046507465,10.859263643197853,3.0993455966903873,0.18181604224184142
decoupled_1174,isic2018_lesion_ISIC_0035368,clinical_mask,0.755859375,2.75,0.9810148044289672,1.0,0.0,1.0,1.2559879720446798,0.8054110301768991,1.0,0.9811673238788051,0.9811673238788051,3.1630946806341935,0.008801874241551873,1.9085559336533833,0.0,1.0,4.506532262395682,1.123564945475839,5.063381675683714,4.3609295140955995,5.3141705423939865,0.953241028298387,0.2581682945489544
decoupled_1175,midas_lesion_277,clinical_mask,0.755859375,2.75,0.9810148044289672,1.0,0.0,1.0,1.2559879720446798,0.8054110301768991,1.0,0.9811673238788051,0.9811673238788051,3.1630946806341935,0.008801874241551873,1.9085559336533833,0.0,1.0,4.281517373480238,6.029560417978531,25.815667684023843,3.3055559366948124,5.078029870047359,1.772473933352547,0.3207363833266949
decoupled_1176,midas_lesion_76,clinical_mask,0.755859375,2.75,0.9810148044289672,1.0,0.0,1.0,1.2559879720446798,0.8054110301768991,1.0,0.9811673238788051,0.9811673238788051,3.1630946806341935,0.008801874241551873,1.9085559336533833,0.0,1.0,4.309899185207974,8.672535699009254,37.37775454284705,0.9272634514042704,2.88858902382972,1.9613255724254497,0.31555347371897724
decoupled_1177,midas_lesion_289,clinical_mask,0.755859375,2.75,0.9810148044289672,1.0,0.0,1.0,1.2559879720446798,0.8054110301768991,1.0,0.9811673238788051,0.9811673238788051,3.1630946806341935,0.008801874241551873,1.9085559336533833,0.0,1.0,6.974421685941595,5.628078239809924,39.25259092590633,6.218102142911748,7.731408817192334,1.513306674280586,0.30939675431042657
decoupled_1178,midas_lesion_486,clinical_mask,0.755859375,2.75,0.9810148044289672,1.0,0.0,1.0,1.2559879720446798,0.8054110301768991,1.0,0.9811673238788051,0.9811673238788051,3.1630946806341935,0.008801874241551873,1.9085559336533833,0.0,1.0,7.646045448028221,5.085301962433831,38.882449921716166,1.4468619829802303,4.507462862132597,3.0606008791523664,0.22729344659172177
decoupled_1179,isic2018_lesion_ISIC_0035348,clinical_mask,0.755859375,2.75,0.9810148044289672,1.0,0.0,1.0,1.2559879720446798,0.8054110301768991,1.0,0.9811673238788051,0.9811673238788051,3.1630946806341935,0.008801874241551873,1.9085559336533833,0.0,1.0,8.755435413124545,7.243708225801785,63.42181952252651,1.5132290687589072,6.752314208994518,5.239085140235611,0.25048384730989126
decoupled_1180,midas_lesion_755,clinical_mask,0.755859375,2.75,0.9810148044289672,1.0,0.0,1.0,1.2559879720446798,0.8054110301768991,1.0,0.9811673238788051,0.9811673238788051,3.1630946806341935,0.008801874241551873,1.9085559336533833,0.0,1.0,7.292203512544414,4.042529011198093,29.478944255021432,7.935780148252876,9.221554574895194,1.285774426642318,0.026935866928586738
decoupled_1181,isic2018_lesion_ISIC_0034982,clinical_mask,0.755859375,2.75,0.9810148044289672,1.0,0.0,1.0,1.2559879720446798,0.8054110301768991,1.0,0.9811673238788051,0.9811673238788051,3.1630946806341935,0.008801874241551873,1.9085559336533833,0.0,1.0,7.1018064912219785,1.960647866464805,13.924141745060275,1.0704634274594513,5.1561515427827755,4.085688115323324,0.014697630756693612
decoupled_1182,isic2018_lesion_ISIC_0034753,clinical_mask,0.755859375,2.75,0.9810148044289672,1.0,0.0,1.0,1.2559879720446798,0.8054110301768991,1.0,0.9811673238788051,0.9811673238788051,3.1630946806341935,0.008801874241551873,1.9085559336533833,0.0,1.0,4.6103080241224665,8.84564439711713,40.78114534256304,4.990342857229507,6.703941606524431,1.713598749294924,0.2089688489247212
decoupled_1183,midas_lesion_619,clinical_mask,0.755859375,2.75,0.9810148044289672,1.0,0.0,1.0,1.2559879720446798,0.8054110301768991,1.0,0.9811673238788051,0.9811673238788051,3.1630946806341935,0.008801874241551873,1.9085559336533833,0.0,1.0,4.944402577775964,11.643242114802108,57.56887632609721,0.5854953316444675,1.7980848695013927,1.2125895378569251,0.2884697670110032
decoupled_1184,midas_lesion_626,clinical_mask,0.755859375,2.75,0.9810148044289672,1.0,0.0,1.0,1.2559879720446798,0.8054110301768991,1.0,0.9811673238788051,0.9811673238788051,3.1630946806341935,0.008801874241551873,1.9085559336533833,0.0,1.0,6.409104223354362,5.9113188745940395,37.88625876475501,0.6147290549739024,1.8510788191659988,1.2363497641920964,0.3111524994098031
decoupled_1185,isic2018_lesion_ISIC_0035376,clinical_mask,0.755859375,2.75,0.9810148044289672,1.0,0.0,1.0,1.2559879720446798,0.8054110301768991,1.0,0.9811673238788051,0.9811673238788051,3.1630946806341935,0.008801874241551873,1.9085559336533833,0.0,1.0,6.732767356196893,1.5746890651834955,10.60201513422764,3.0417229224568563,7.849293145654503,4.807570223197647,0.10417138297251302
decoupled_1186,isic2018_lesion_ISIC_0034585,clinical_mask,0.755859375,2.75,0.9810148044289672,1.0,0.0,1.0,1.2559879720446798,0.8054110301768991,1.0,0.9811673238788051,0.9811673238788051,3.1630946806341935,0.008801874241551873,1.9085559336533833,0.0,1.0,7.520856871921106,3.8818474606431286,29.19481915012737,0.4815581445427237,5.806931825536985,5.325373680994261,0.009828266501299709
decoupled_1187,isic2018_lesion_ISIC_0035421,clinical_mask,0.755859375,2.75,0.9810148044289672,1.0,0.0,1.0,1.2559879720446798,0.8054110301768991,1.0,0.9811673238788051,0.9811673238788051,3.1630946806341935,0.008801874241551873,1.9085559336533833,0.0,1.0,7.288031851439794,2.1420293713167453,15.611178284875997,6.943267865821851,11.77483678510293,4.83156891928108,0.34173659745016743
decoupled_1188,isic2018_lesion_ISIC_0034970,clinical_mask,0.755859375,2.75,0.9810148044289672,1.0,0.0,1.0,1.2559879720446798,0.8054110301768991,1.0,0.9811673238788051,0.9811673238788051,3.1630946806341935,0.008801874241551873,1.9085559336533833,0.0,1.0,5.333596027781633,4.930069426338122,26.29499870900468,6.96070782024045,7.799234766701574,0.8385269464611236,0.023701285469427385
decoupled_1189,midas_lesion_218,clinical_mask,0.755859375,2.75,0.9810148044289672,1.0,0.0,1.0,1.2559879720446798,0.8054110301768991,1.0,0.9811673238788051,0.9811673238788051,3.1630946806341935,0.008801874241551873,1.9085559336533833,0.0,1.0,6.787752169348165,1.583880236271048,10.75098650973649,4.861299088625188,10.110115949642491,5.248816861017303,0.09116407496829236
decoupled_1190,isic2018_lesion_ISIC_0035642,clinical_mask,0.755859375,2.75,0.9810148044289672,1.0,0.0,1.0,1.2559879720446798,0.8054110301768991,1.0,0.9811673238788051,0.9811673238788051,3.1630946806341935,0.008801874241551873,1.9085559336533833,0.0,1.0,8.131394911996756,1.675223369043034,13.62190277949459,0.6947442017110962,1.5371358966057986,0.8423916948947024,0.03940188960059674
decoupled_1191,midas_lesion_178,clinical_mask,0.755859375,2.75,0.9810148044289672,1.0,0.0,1.0,1.2559879720446798,0.8054110301768991,1.0,0.9811673238788051,0.9811673238788051,3.1630946806341935,0.008801874241551873,1.9085559336533833,0.0,1.0,3.9098868248464216,2.114298480022741,8.26666777083373,7.745133640795709,11.346048787947755,3.6009151471520457,0.17545000681946668
decoupled_1192,midas_lesion_805,clinical_mask,0.755859375,2.75,0.9810148044289672,1.0,0.0,1.0,1.2559879720446798,0.8054110301768991,1.0,0.9811673238788051,0.9811673238788051,3.1630946806341935,0.008801874241551873,1.9085559336533833,0.0,1.0,4.220113832039971,9.916671994900327,41.84948465348228,6.511146969648324,9.435710388920434,2.9245634192721095,0.2841862003105295
decoupled_1193,ph2_lesion_IMD398,clinical_mask,0.755859375,2.75,0.9810148044289672,1.0,0.0,1.0,1.2559879720446798,0.8054110301768991,1.0,0.9811673238788051,0.9811673238788051,3.1630946806341935,0.008801874241551873,1.9085559336533833,0.0,1.0,5.995630156662453,5.080219517576102,30.459117342044454,0.571928250778258,5.845770985275407,5.273842734497149,0.06713081654019203
decoupled_1194,isic2018_lesion_ISIC_0035210,clinical_mask,0.755859375,2.75,0.9810148044289672,1.0,0.0,1.0,1.2559879720446798,0.8054110301768991,1.0,0.9811673238788051,0.9811673238788051,3.1630946806341935,0.008801874241551873,1.9085559336533833,0.0,1.0,3.731932542172875,5.169943613902894,19.293880813923046,6.200502999344498,8.948864981642753,2.7483619822982552,0.3248903077740439
decoupled_1195,ph2_lesion_IMD433,clinical_mask,0.755859375,2.75,0.9810148044289672,1.0,0.0,1.0,1.2559879720446798,0.8054110301768991,1.0,0.9811673238788051,0.9811673238788051,3.1630946806341935,0.008801874241551873,1.9085559336533833,0.0,1.0,7.436638240919255,11.474997023837593,85.33540168190528,5.407095913372603,7.268337833511194,1.8612419201385908,0.05459324873600619
decoupled_1196,isic2018_lesion_ISIC_0035842,clinical_mask,0.755859375,2.75,0.9810148044289672,1.0,0.0,1.0,1.2559879720446798,0.8054110301768991,1.0,0.9811673238788051,0.9811673238788051,3.1630946806341935,0.008801874241551873,1.9085559336533833,0.0,1.0,6.367897855712087,1.9808486401362237,12.613841808013662,4.505786353328322,8.200079992958116,3.6942936396297945,0.33527821244325545
decoupled_1197,isic2018_lesion_ISIC_0035376,clinical_mask,0.755859375,2.75,0.9810148044289672,1.0,0.0,1.0,1.2559879720446798,0.8054110301768991,1.0,0.9811673238788051,0.9811673238788051,3.1630946806341935,0.008801874241551873,1.9085559336533833,0.0,1.0,9.715627682619111,2.45661476106902,23.8675543781729,6.6059394615980755,7.428720860499386,0.8227813989013102,0.09545168813271261
decoupled_1198,isic2018_lesion_ISIC_0035372,clinical_mask,0.755859375,2.75,0.9810148044289672,1.0,0.0,1.0,1.2559879720446798,0.8054110301768991,1.0,0.9811673238788051,0.9811673238788051,3.1630946806341935,0.008801874241551873,1.9085559336533833,0.0,1.0,9.244054112536244,6.1572783866999465,56.918214592604166,1.1068076778476876,2.6577462917628147,1.550938613915127,0.27333946636053663
decoupled_1199,midas_lesion_275,clinical_mask,0.755859375,2.75,0.9810148044289672,1.0,0.0,1.0,1.2559879720446798,0.8054110301768991,1.0,0.9811673238788051,0.9811673238788051,3.1630946806341935,0.008801874241551873,1.9085559336533833,0.0,1.0,6.101424916675894,3.6585225307855946,22.322200527555378,5.657683413758132,6.502594959461601,0.8449115457034688,0.031336021842311636
decoupled_1200,midas_lesion_805,clinical_mask,0.755859375,2.75,0.9810148044289672,1.0,0.0,1.0,1.2559879720446798,0.8054110301768991,1.0,0.9811673238788051,0.9811673238788051,3.1630946806341935,0.008801874241551873,1.9085559336533833,0.0,1.0,4.590704034346584,1.8594949999341868,8.536391198045171,6.469569423504887,10.513465770412491,4.043896346907604,0.17356986476729921
decoupled_1201,isic2018_lesion_ISIC_0035915,clinical_mask,0.755859375,2.75,0.9810148044289672,1.0,0.0,1.0,1.2559879720446798,0.8054110301768991,1.0,0.9811673238788051,0.9811673238788051,3.1630946806341935,0.008801874241551873,1.9085559336533833,0.0,1.0,4.549914772584165,2.418439231235462,11.00369238479532,4.8701775037463015,5.529650130687009,0.6594726269407074,0.07739946442010226
decoupled_1202,isic2018_lesion_ISIC_0035287,clinical_mask,0.755859375,2.75,0.9810148044289672,1.0,0.0,1.0,1.2559879720446798,0.8054110301768991,1.0,0.9811673238788051,0.9811673238788051,3.1630946806341935,0.008801874241551873,1.9085559336533833,0.0,1.0,5.785800942172244,1.5801334714284652,9.142337727748712,3.4545901431646544,6.089409789292585,2.6348196461279305,0.1715488707792118
decoupled_1203,isic2018_lesion_ISIC_0034748,clinical_mask,0.755859375,2.75,0.9810148044289672,1.0,0.0,1.0,1.2559879720446798,0.8054110301768991,1.0,0.9811673238788051,0.9811673238788051,3.1630946806341935,0.008801874241551873,1.9085559336533833,0.0,1.0,4.5228831897485975,3.5919131994380535,16.245803828774473,4.660289149377872,8.456477814198404,3.796188664820532,0.24282114576345887
decoupled_1204,isic2018_lesion_ISIC_0035421,clinical_mask,0.755859375,2.75,0.9810148044289672,1.0,0.0,1.0,1.2559879720446798,0.8054110301768991,1.0,0.9811673238788051,0.9811673238788051,3.1630946806341935,0.008801874241551873,1.9085559336533833,0.0,1.0,5.373462906778988,7.1065174546623675,38.18660793900566,4.515982048511679,5.201453210422026,0.6854711619103471,0.043543973111561024
decoupled_1205,midas_lesion_143,clinical_mask,0.755859375,2.75,0.9810148044289672,1.0,0.0,1.0,1.2559879720446798,0.8054110301768991,1.0,0.9811673238788051,0.9811673238788051,3.1630946806341935,0.008801874241551873,1.9085559336533833,0.0,1.0,5.95219046770126,1.7461208097125611,10.393243639025911,3.301583478704989,7.2817645244412,3.980181045736211,0.07186852641024075
decoupled_1206,midas_lesion_415,clinical_mask,0.755859375,2.75,0.9810148044289672,1.0,0.0,1.0,1.2559879720446798,0.8054110301768991,1.0,0.9811673238788051,0.9811673238788051,3.1630946806341935,0.008801874241551873,1.9085559336533833,0.0,1.0,7.152314661847391,6.220316474701863,44.48966072334101,4.337870659058427,8.958299487251555,4.620428828193128,0.01144993923337379
decoupled_1207,isic2018_lesion_ISIC_0034961,clinical_mask,0.755859375,2.75,0.9810148044289672,1.0,0.0,1.0,1.2559879720446798,0.8054110301768991,1.0,0.9811673238788051,0.9811673238788051,3.1630946806341935,0.008801874241551873,1.9085559336533833,0.0,1.0,5.21459556223469,3.227852229334171,16.83194391063532,3.1820274126245955,6.5519304834378875,3.369903070813292,0.08626378711699507
decoupled_1208,ph2_lesion_IMD370,clinical_mask,0.755859375,2.75,0.9810148044289672,1.0,0.0,1.0,1.2559879720446798,0.8054110301768991,1.0,0.9811673238788051,0.9811673238788051,3.1630946806341935,0.008801874241551873,1.9085559336533833,0.0,1.0,4.786689192357168,3.5457680792788615,16.972489743689163,2.7148327111243775,4.032769352296931,1.3179366411725537,0.10347700391592761
decoupled_1209,isic2018_lesion_ISIC_0035842,clinical_mask,0.755859375,2.75,0.9810148044289672,1.0,0.0,1.0,1.2559879720446798,0.8054110301768991,1.0,0.9811673238788051,0.9811673238788051,3.1630946806341935,0.008801874241551873,1.9085559336533833,0.0,1.0,5.293071196011287,1.5762664562668147,8.34329057690466,5.07193103209598,7.861065764721384,2.7891347326254037,0.1609605115546866
decoupled_1210,benign_nevi_BCN_0000002637,clinical_mask,0.15252685546875,1.30859375,0.4406849487070295,1.417669542590093,0.7088263668179722,0.9852158486102898,1.1192999836144735,0.7212121212121212,1.0150060024009604,0.5266806701684116,0.3715115930375157,3.3506702010670235,0.12587200220725414,1.7585747731755839,0.284992784992785,1.0,8.840743087703412,2.5306216777535173,22.372576105191822,2.3020456460965177,2.9140996840489244,0.6120540379524066,0.07543891257605223
decoupled_1211,midas_lesion_69,clinical_mask,0.755859375,2.75,0.9810148044289672,1.0,0.0,1.0,1.2559879720446798,0.8054110301768991,1.0,0.9811673238788051,0.9811673238788051,3.1630946806341935,0.008801874241551873,1.9085559336533833,0.0,1.0,3.09491018602998,1.3544770474440964,4.191984810878546,2.1446736056007265,3.2781427379400303,1.1334691323393038,0.3178939706117779
decoupled_1212,isic2018_lesion_ISIC_0035643,clinical_mask,0.755859375,2.75,0.9810148044289672,1.0,0.0,1.0,1.2559879720446798,0.8054110301768991,1.0,0.9811673238788051,0.9811673238788051,3.1630946806341935,0.008801874241551873,1.9085559336533833,0.0,1.0,7.4909670117644875,1.2769704378062456,9.565743424605042,5.582068898296022,7.06218549799473,1.4801165996987082,0.2366015132616232
decoupled_1213,isic2018_lesion_ISIC_0035330,clinical_mask,0.755859375,2.75,0.9810148044289672,1.0,0.0,1.0,1.2559879720446798,0.8054110301768991,1.0,0.9811673238788051,0.9811673238788051,3.1630946806341935,0.008801874241551873,1.9085559336533833,0.0,1.0,6.468689231720887,1.690422547078402,10.934818127344254,6.337150834390167,8.671359398333664,2.3342085639434966,0.2798527402823433
decoupled_1214,isic2018_lesion_ISIC_0035128,clinical_mask,0.755859375,2.75,0.9810148044289672,1.0,0.0,1.0,1.2559879720446798,0.8054110301768991,1.0,0.9811673238788051,0.9811673238788051,3.1630946806341935,0.008801874241551873,1.9085559336533833,0.0,1.0,8.53721215575217,1.1739685666503261,10.022418717678116,3.792687357445128,4.7481263465490935,0.9554389891039654,0.1856564099252613
decoupled_1215,midas_lesion_138,clinical_mask,0.755859375,2.75,0.9810148044289672,1.0,0.0,1.0,1.2559879720446798,0.8054110301768991,1.0,0.9811673238788051,0.9811673238788051,3.1630946806341935,0.008801874241551873,1.9085559336533833,0.0,1.0,9.172548198500632,5.960907752865804,54.67671366997768,0.7409625868256626,5.194536348283456,4.453573761457793,0.25286610883764815
decoupled_1216,isic2018_lesion_ISIC_0035287,clinical_mask,0.755859375,2.75,0.9810148044289672,1.0,0.0,1.0,1.2559879720446798,0.8054110301768991,1.0,0.9811673238788051,0.9811673238788051,3.1630946806341935,0.008801874241551873,1.9085559336533833,0.0,1.0,9.973580282296327,1.3097347991024653,13.062745167365689,1.2922260271447474,2.5822644103911627,1.2900383832464153,0.04388173700000328
decoupled_1217,isic2018_lesion_ISIC_0035119,clinical_mask,0.755859375,2.75,0.9810148044289672,1.0,0.0,1.0,1.2559879720446798,0.8054110301768991,1.0,0.9811673238788051,0.9811673238788051,3.1630946806341935,0.008801874241551873,1.9085559336533833,0.0,1.0,8.108537360383892,6.9123571035019005,56.04910582206014,0.7179574452427686,4.039650573695398,3.321693128452629,0.003980101519399031
decoupled_1218,isic2018_lesion_ISIC_0035287,clinical_mask,0.755859375,2.75,0.9810148044289672,1.0,0.0,1.0,1.2559879720446798,0.8054110301768991,1.0,0.9811673238788051,0.9811673238788051,3.1630946806341935,0.008801874241551873,1.9085559336533833,0.0,1.0,6.9986957782213945,1.273916569946728,8.915754519892445,6.816921477241466,11.525303350288205,4.708381873046739,0.038632250880839096
decoupled_1219,isic2018_lesion_ISIC_0034898,clinical_mask,0.755859375,2.75,0.9810148044289672,1.0,0.0,1.0,1.2559879720446798,0.8054110301768991,1.0,0.9811673238788051,0.9811673238788051,3.1630946806341935,0.008801874241551873,1.9085559336533833,0.0,1.0,3.693562280594184,2.3555424086282626,8.700342590849322,1.7801419893413473,5.24010290100286,3.459960911661513,0.08191755529133997
decoupled_1220,ph2_lesion_IMD430,clinical_mask,0.755859375,2.75,0.9810148044289672,1.0,0.0,1.0,1.2559879720446798,0.8054110301768991,1.0,0.9811673238788051,0.9811673238788051,3.1630946806341935,0.008801874241551873,1.9085559336533833,0.0,1.0,7.918440619322628,1.1249742832486709,8.908042060169635,2.341159900695883,7.778599175697334,5.43743927500145,0.176361103216445
decoupled_1221,isic2018_lesion_ISIC_0034906,clinical_mask,0.755859375,2.75,0.9810148044289672,1.0,0.0,1.0,1.2559879720446798,0.8054110301768991,1.0,0.9811673238788051,0.9811673238788051,3.1630946806341935,0.008801874241551873,1.9085559336533833,0.0,1.0,4.446438686511789,1.362941376886957,6.06023526563781,2.058383825221602,5.399201244348701,3.340817419127099,0.13917419667835054
decoupled_1222,isic2018_lesion_ISIC_0035882,clinical_mask,0.755859375,2.75,0.9810148044289672,1.0,0.0,1.0,1.2559879720446798,0.8054110301768991,1.0,0.9811673238788051,0.9811673238788051,3.1630946806341935,0.008801874241551873,1.9085559336533833,0.0,1.0,4.392978762468068,6.396662167602175,28.10040105295931,6.824912419079466,10.406919644867026,3.58200722578756,0.018776480320721822
decoupled_1223,isic2018_lesion_ISIC_0034906,clinical_mask,0.755859375,2.75,0.9810148044289672,1.0,0.0,1.0,1.2559879720446798,0.8054110301768991,1.0,0.9811673238788051,0.9811673238788051,3.1630946806341935,0.008801874241551873,1.9085559336533833,0.0,1.0,5.6244813276677235,8.80371339305197,49.51632159335906,2.0045390983900244,2.8285026743010486,0.8239635759110242,0.2569717784852718
decoupled_1224,midas_lesion_619,clinical_mask,0.755859375,2.75,0.9810148044289672,1.0,0.0,1.0,1.2559879720446798,0.8054110301768991,1.0,0.9811673238788051,0.9811673238788051,3.1630946806341935,0.008801874241551873,1.9085559336533833,0.0,1.0,7.669911227269199,7.621722649942861,58.457936123928704,4.831043413395428,9.55002000629308,4.7189765928976515,0.3221682406526664
decoupled_1225,midas_lesion_626,clinical_mask,0.755859375,2.75,0.9810148044289672,1.0,0.0,1.0,1.2559879720446798,0.8054110301768991,1.0,0.9811673238788051,0.9811673238788051,3.1630946806341935,0.008801874241551873,1.9085559336533833,0.0,1.0,4.879781032213134,4.8480527070317425,23.657435642943035,2.6492865270274897,5.342262752765283,2.692976225737793,0.19290123255095037
decoupled_1226,midas_lesion_259,clinical_mask,0.755859375,2.75,0.9810148044289672,1.0,0.0,1.0,1.2559879720446798,0.8054110301768991,1.0,0.9811673238788051,0.9811673238788051,3.1630946806341935,0.008801874241551873,1.9085559336533833,0.0,1.0,7.286558887862683,5.997053596101304,43.69788418166082,6.533021257248544,8.031723739018323,1.4987024817697794,0.05872064092467481
decoupled_1227,melanoma_BCN_0000018489,clinical_mask,0.0595855712890625,1.00390625,0.275439114253714,1.3180420505522392,0.6514388593266779,0.8058192323565829,0.7429586708212474,0.5223381487426432,1.2409731113956464,0.3570778055381461,0.27091533641778426,4.1126580779429185,0.2534256500244032,1.6452713136997572,0.4147940074906367,1.0,6.552473568237121,6.602855705080194,43.265037482421654,1.9376311997902433,5.979364492740708,4.041733292950465,0.0661417359642222
decoupled_1228,isic2018_lesion_ISIC_0034733,clinical_mask,0.755859375,2.75,0.9810148044289672,1.0,0.0,1.0,1.2559879720446798,0.8054110301768991,1.0,0.9811673238788051,0.9811673238788051,3.1630946806341935,0.008801874241551873,1.9085559336533833,0.0,1.0,5.995905987453878,2.373967032832272,14.234083146177136,2.150557904073738,5.087425521884098,2.93686761781036,0.002956657100185955
decoupled_1229,midas_lesion_564,clinical_mask,0.755859375,2.75,0.9810148044289672,1.0,0.0,1.0,1.2559879720446798,0.8054110301768991,1.0,0.9811673238788051,0.9811673238788051,3.1630946806341935,0.008801874241551873,1.9085559336533833,0.0,1.0,7.912153520163181,7.152892356302867,56.59478243627004,5.2546698203252555,9.096074656431442,3.8414048361061868,0.32480929308673495
decoupled_1230,isic2018_lesion_ISIC_0035421,clinical_mask,0.755859375,2.75,0.9810148044289672,1.0,0.0,1.0,1.2559879720446798,0.8054110301768991,1.0,0.9811673238788051,0.9811673238788051,3.1630946806341935,0.008801874241551873,1.9085559336533833,0.0,1.0,7.788880726939532,7.077448496576213,55.12540219088964,2.2985660727241317,4.334651279778624,2.0360852070544926,0.31901190575240507
decoupled_1231,midas_lesion_536,clinical_mask,0.755859375,2.75,0.9810148044289672,1.0,0.0,1.0,1.2559879720446798,0.8054110301768991,1.0,0.9811673238788051,0.9811673238788051,3.1630946806341935,0.008801874241551873,1.9085559336533833,0.0,1.0,8.614517409859719,1.274050723056671,10.975332134816057,1.2041391684850304,5.610121230048,4.40598206156297,0.22319096717408404
decoupled_1232,isic2018_lesion_ISIC_0036062,clinical_mask,0.755859375,2.75,0.9810148044289672,1.0,0.0,1.0,1.2559879720446798,0.8054110301768991,1.0,0.9811673238788051,0.9811673238788051,3.1630946806341935,0.008801874241551873,1.9085559336533833,0.0,1.0,8.36365676131484,2.8246631919463634,23.62451340375936,7.811180870436798,12.035470995294432,4.224290124857633,0.28866388820960776
decoupled_1233,isic2018_lesion_ISIC_0035368,clinical_mask,0.755859375,2.75,0.9810148044289672,1.0,0.0,1.0,1.2559879720446798,0.8054110301768991,1.0,0.9811673238788051,0.9811673238788051,3.1630946806341935,0.008801874241551873,1.9085559336533833,0.0,1.0,5.123547399593555,6.202375588349267,31.778165316989433,2.6511614158083665,5.660164413437235,3.009002997628868,0.19590716187439955
decoupled_1234,isic2018_lesion_ISIC_0035372,clinical_mask,0.755859375,2.75,0.9810148044289672,1.0,0.0,1.0,1.2559879720446798,0.8054110301768991,1.0,0.9811673238788051,0.9811673238788051,3.1630946806341935,0.008801874241551873,1.9085559336533833,0.0,1.0,3.906729246557455,1.5640252387834195,6.1102231427091915,7.001575304150716,11.000521004604535,3.9989457004538185,0.2732410900685835
decoupled_1235,isic2018_lesion_ISIC_0035317,clinical_mask,0.755859375,2.75,0.9810148044289672,1.0,0.0,1.0,1.2559879720446798,0.8054110301768991,1.0,0.9811673238788051,0.9811673238788051,3.1630946806341935,0.008801874241551873,1.9085559336533833,0.0,1.0,9.88697094031618,2.36184854595478,23.351527939282935,6.725209966005629,9.97168091179959,3.246470945793961,0.16786565297838252
decoupled_1236,isic2018_lesion_ISIC_0034585,clinical_mask,0.755859375,2.75,0.9810148044289672,1.0,0.0,1.0,1.2559879720446798,0.8054110301768991,1.0,0.9811673238788051,0.9811673238788051,3.1630946806341935,0.008801874241551873,1.9085559336533833,0.0,1.0,6.690261672610381,2.056868225088953,13.760986651922764,0.9319320230653625,3.050790389537533,2.1188583664721703,0.1383916955096483
decoupled_1237,midas_lesion_259,clinical_mask,0.755859375,2.75,0.9810148044289672,1.0,0.0,1.0,1.2559879720446798,0.8054110301768991,1.0,0.9811673238788051,0.9811673238788051,3.1630946806341935,0.008801874241551873,1.9085559336533833,0.0,1.0,3.581279676279551,7.4852232196045305,26.806677788785493,2.421878918687878,5.036789447751929,2.6149105290640504,0.13602344034586522
decoupled_1238,isic2018_lesion_ISIC_0035001,clinical_mask,0.755859375,2.75,0.9810148044289672,1.0,0.0,1.0,1.2559879720446798,0.8054110301768991,1.0,0.9811673238788051,0.9811673238788051,3.1630946806341935,0.008801874241551873,1.9085559336533833,0.0,1.0,8.605317085266115,1.237726599945127,10.65102985739614,2.234622922683317,4.6140925792231045,2.3794696565397873,0.15340226434093437
decoupled_1239,isic2018_lesion_ISIC_0035149,clinical_mask,0.755859375,2.75,0.9810148044289672,1.0,0.0,1.0,1.2559879720446798,0.8054110301768991,1.0,0.9811673238788051,0.9811673238788051,3.1630946806341935,0.008801874241551873,1.9085559336533833,0.0,1.0,9.81502830759547,7.556178816527249,74.16410898146819,3.9528779185302647,6.2664920638949635,2.313614145364699,0.06784473147489885
decoupled_1240,squamous_cell_carcinoma_BCN_0000004833,clinical_mask,0.164306640625,2.015625,0.45738573688555156,1.8852126082925396,0.8477198850396415,0.7619317176720326,0.5082126929549741,0.4817897091722595,1.3124535661218424,0.702400355573212,0.37258415973007136,4.972584571971463,0.32249627842615697,1.80638791826563,0.43843400447427294,1.0,5.963916444638821,1.735114738427418,10.348079321842464,5.305335913100394,8.107223148310304,2.80188723520991,0.05458702794116508
decoupled_1241,isic2018_lesion_ISIC_0035642,clinical_mask,0.755859375,2.75,0.9810148044289672,1.0,0.0,1.0,1.2559879720446798,0.8054110301768991,1.0,0.9811673238788051,0.9811673238788051,3.1630946806341935,0.008801874241551873,1.9085559336533833,0.0,1.0,5.240770835922023,1.609014847800542,8.432478088918593,7.380764712076733,8.362295188511741,0.9815304764350081,0.08902442050334414
decoupled_1242,isic2018_lesion_ISIC_0035642,clinical_mask,0.755859375,2.75,0.9810148044289672,1.0,0.0,1.0,1.2559879720446798,0.8054110301768991,1.0,0.9811673238788051,0.9811673238788051,3.1630946806341935,0.008801874241551873,1.9085559336533833,0.0,1.0,6.444690790061542,11.793022884219432,76.00238596891398,5.442001030565931,6.622380115822089,1.180379085256158,0.22374030990452895
decoupled_1243,isic2018_lesion_ISIC_0036062,clinical_mask,0.755859375,2.75,0.9810148044289672,1.0,0.0,1.0,1.2559879720446798,0.8054110301768991,1.0,0.9811673238788051,0.9811673238788051,3.1630946806341935,0.008801874241551873,1.9085559336533833,0.0,1.0,7.83379896057981,10.050724461719623,78.73535484129326,7.43569125718713,11.79694529201636,4.361254034829231,0.057607793208194744
decoupled_1244,isic2018_lesion_ISIC_0035117,clinical_mask,0.755859375,2.75,0.9810148044289672,1.0,0.0,1.0,1.2559879720446798,0.8054110301768991,1.0,0.9811673238788051,0.9811673238788051,3.1630946806341935,0.008801874241551873,1.9085559336533833,0.0,1.0,5.508308809019632,1.523989948231524,8.394607256701077,3.685265315197941,5.480027193923681,1.7947618787257404,0.105789685778757
decoupled_1245,isic2018_lesion_ISIC_0035630,clinical_mask,0.755859375,2.75,0.9810148044289672,1.0,0.0,1.0,1.2559879720446798,0.8054110301768991,1.0,0.9811673238788051,0.9811673238788051,3.1630946806341935,0.008801874241551873,1.9085559336533833,0.0,1.0,6.515945363430876,9.845063464548149,64.14989563450523,6.407120464549704,8.95410152668329,2.546981062133586,0.028208106697641996
decoupled_1246,isic2018_lesion_ISIC_0035915,clinical_mask,0.755859375,2.75,0.9810148044289672,1.0,0.0,1.0,1.2559879720446798,0.8054110301768991,1.0,0.9811673238788051,0.9811673238788051,3.1630946806341935,0.008801874241551873,1.9085559336533833,0.0,1.0,7.583680507482993,7.402183992857214,56.135798459433886,3.250042948457997,4.61903761376149,1.368994665303493,0.10635279750383947
decoupled_1247,midas_lesion_640,clinical_mask,0.755859375,2.75,0.9810148044289672,1.0,0.0,1.0,1.2559879720446798,0.8054110301768991,1.0,0.9811673238788051,0.9811673238788051,3.1630946806341935,0.008801874241551873,1.9085559336533833,0.0,1.0,4.374950646815458,1.1498127860249503,5.030374191936541,2.464014994599956,3.0518954039899846,0.5878804093900287,0.22144201609934663
decoupled_1248,isic2018_lesion_ISIC_0035882,clinical_mask,0.755859375,2.75,0.9810148044289672,1.0,0.0,1.0,1.2559879720446798,0.8054110301768991,1.0,0.9811673238788051,0.9811673238788051,3.1630946806341935,0.008801874241551873,1.9085559336533833,0.0,1.0,8.014140549154183,3.5829885059207154,28.714573472452567,6.3429819824048055,6.921359184610064,0.5783772022052585,0.14581020553021992
decoupled_1249,isic2018_lesion_ISIC_0035421,clinical_mask,0.755859375,2.75,0.9810148044289672,1.0,0.0,1.0,1.2559879720446798,0.8054110301768991,1.0,0.9811673238788051,0.9811673238788051,3.1630946806341935,0.008801874241551873,1.9085559336533833,0.0,1.0,9.744667680725549,4.92918409114187,48.03326090529672,5.253192814818445,6.33984987396739,1.086657059148945,0.0324405842150851
decoupled_1250,midas_lesion_300,clinical_mask,0.755859375,2.75,0.9810148044289672,1.0,0.0,1.0,1.2559879720446798,0.8054110301768991,1.0,0.9811673238788051,0.9811673238788051,3.1630946806341935,0.008801874241551873,1.9085559336533833,0.0,1.0,4.20352830497232,11.451612025952265,48.13717528865176,6.000442786156402,10.695558254417346,4.695115468260944,0.22296071434233702
decoupled_1251,ph2_lesion_IMD430,clinical_mask,0.755859375,2.75,0.9810148044289672,1.0,0.0,1.0,1.2559879720446798,0.8054110301768991,1.0,0.9811673238788051,0.9811673238788051,3.1630946806341935,0.008801874241551873,1.9085559336533833,0.0,1.0,6.598385753286262,1.150764019252829,7.593184910032305,7.741135818825415,11.818165843883069,4.077030025057653,0.16443152051048374
decoupled_1252,midas_lesion_178,clinical_mask,0.755859375,2.75,0.9810148044289672,1.0,0.0,1.0,1.2559879720446798,0.8054110301768991,1.0,0.9811673238788051,0.9811673238788051,3.1630946806341935,0.008801874241551873,1.9085559336533833,0.0,1.0,9.508953259392879,4.744335210183214,45.113661760524074,5.287376738652199,8.414524591362294,3.1271478527100953,0.15810628464885657
decoupled_1253,midas_lesion_138,clinical_mask,0.755859375,2.75,0.9810148044289672,1.0,0.0,1.0,1.2559879720446798,0.8054110301768991,1.0,0.9811673238788051,0.9811673238788051,3.1630946806341935,0.008801874241551873,1.9085559336533833,0.0,1.0,7.699915634548304,1.2171539189193756,9.37198248993904,1.7583349550678224,2.496613544300222,0.7382785892323998,0.3373918211340685
decoupled_1254,isic2018_lesion_ISIC_0035842,clinical_mask,0.755859375,2.75,0.9810148044289672,1.0,0.0,1.0,1.2559879720446798,0.8054110301768991,1.0,0.9811673238788051,0.9811673238788051,3.1630946806341935,0.008801874241551873,1.9085559336533833,0.0,1.0,6.304726015859218,1.6663435548891863,10.505839561869186,6.022546659877177,8.114572171298175,2.0920255114209976,0.33299073995457357
decoupled_1255,isic2018_lesion_ISIC_0035443,clinical_mask,0.755859375,2.75,0.9810148044289672,1.0,0.0,1.0,1.2559879720446798,0.8054110301768991,1.0,0.9811673238788051,0.9811673238788051,3.1630946806341935,0.008801874241551873,1.9085559336533833,0.0,1.0,7.650205603653875,2.455209318019569,18.782856082856515,1.7291324949941775,6.000485068468118,4.271352573473941,0.17991408390302316
decoupled_1256,isic2018_lesion_ISIC_0034753,clinical_mask,0.755859375,2.75,0.9810148044289672,1.0,0.0,1.0,1.2559879720446798,0.8054110301768991,1.0,0.9811673238788051,0.9811673238788051,3.1630946806341935,0.008801874241551873,1.9085559336533833,0.0,1.0,8.567917605068791,1.2389857873475973,10.615528139845496,7.9467092480525094,10.639026542342995,2.6923172942904854,0.26666220073420205
decoupled_1257,ph2_lesion_IMD278,clinical_mask,0.755859375,2.75,0.9810148044289672,1.0,0.0,1.0,1.2559879720446798,0.8054110301768991,1.0,0.9811673238788051,0.9811673238788051,3.1630946806341935,0.008801874241551873,1.9085559336533833,0.0,1.0,6.361754129531951,1.5876419171805234,10.100187522841217,0.3991241305708155,5.088651530645651,4.6895274000748355,0.22769634625529586
decoupled_1258,ph2_lesion_IMD057,clinical_mask,0.755859375,2.75,0.9810148044289672,1.0,0.0,1.0,1.2559879720446798,0.8054110301768991,1.0,0.9811673238788051,0.9811673238788051,3.1630946806341935,0.008801874241551873,1.9085559336533833,0.0,1.0,5.04731472242092,4.9581755318465435,25.025472358236232,5.185392342026345,8.875404823105495,3.6900124810791493,0.10460235695675517
decoupled_1259,isic2018_lesion_ISIC_0035553,clinical_mask,0.755859375,2.75,0.9810148044289672,1.0,0.0,1.0,1.2559879720446798,0.8054110301768991,1.0,0.9811673238788051,0.9811673238788051,3.1630946806341935,0.008801874241551873,1.9085559336533833,0.0,1.0,6.6836973014075545,9.682182680206294,64.71277825142977,0.5059632149774844,4.966554652215564,4.4605914372380795,0.04286375004436352
decoupled_1260,isic2018_lesion_ISIC_0034961,clinical_mask,0.755859375,2.75,0.9810148044289672,1.0,0.0,1.0,1.2559879720446798,0.8054110301768991,1.0,0.9811673238788051,0.9811673238788051,3.1630946806341935,0.008801874241551873,1.9085559336533833,0.0,1.0,9.852705407195693,1.468464967869322,14.468352729203518,3.1342051041764667,5.0643582616868805,1.9301531575104138,0.05472735978972607
decoupled_1261,midas_lesion_536,clinical_mask,0.755859375,2.75,0.9810148044289672,1.0,0.0,1.0,1.2559879720446798,0.8054110301768991,1.0,0.9811673238788051,0.9811673238788051,3.1630946806341935,0.008801874241551873,1.9085559336533833,0.0,1.0,7.58340690169055,3.55322708996038,26.945566837279376,2.7178823286440337,4.513319913636316,1.7954375849922823,0.25791755245469616
decoupled_1262,midas_lesion_357,clinical_mask,0.755859375,2.75,0.9810148044289672,1.0,0.0,1.0,1.2559879720446798,0.8054110301768991,1.0,0.9811673238788051,0.9811673238788051,3.1630946806341935,0.008801874241551873,1.9085559336533833,0.0,1.0,3.864052680369272,1.7368630694629683,6.711330398992784,0.41203484761850684,1.8627230654933582,1.4506882178748515,0.34271162480588657
decoupled_1263,midas_lesion_289,clinical_mask,0.755859375,2.75,0.9810148044289672,1.0,0.0,1.0,1.2559879720446798,0.8054110301768991,1.0,0.9811673238788051,0.9811673238788051,3.1630946806341935,0.008801874241551873,1.9085559336533833,0.0,1.0,8.650398024789059,6.457202221132068,55.857369339344366,7.1488724283818454,8.865173165386572,1.716300737004727,0.16194766115185633
decoupled_1264,midas_lesion_357,clinical_mask,0.755859375,2.75,0.9810148044289672,1.0,0.0,1.0,1.2559879720446798,0.8054110301768991,1.0,0.9811673238788051,0.9811673238788051,3.1630946806341935,0.008801874241551873,1.9085559336533833,0.0,1.0,7.471823813223053,2.933542600429317,21.91891345899205,4.3371506992887925,9.286896487694877,4.9497457884060845,0.0526679755196192
decoupled_1265,midas_lesion_647,clinical_mask,0.755859375,2.75,0.9810148044289672,1.0,0.0,1.0,1.2559879720446798,0.8054110301768991,1.0,0.9811673238788051,0.9811673238788051,3.1630946806341935,0.008801874241551873,1.9085559336533833,0.0,1.0,3.278575252218278,1.3636542591919747,4.470843106768857,7.203790000102371,8.5572360004618,1.3534460003594297,0.3457993459851543
decoupled_1266,midas_lesion_805,clinical_mask,0.755859375,2.75,0.9810148044289672,1.0,0.0,1.0,1.2559879720446798,0.8054110301768991,1.0,0.9811673238788051,0.9811673238788051,3.1630946806341935,0.008801874241551873,1.9085559336533833,0.0,1.0,9.26753496378227,1.243477551335869,11.523971683683527,6.358632404608914,10.078316090312178,3.719683685703264,0.1736280516636969
decoupled_1267,midas_lesion_138,clinical_mask,0.755859375,2.75,0.9810148044289672,1.0,0.0,1.0,1.2559879720446798,0.8054110301768991,1.0,0.9811673238788051,0.9811673238788051,3.1630946806341935,0.008801874241551873,1.9085559336533833,0.0,1.0,6.6816881624519056,1.2048787979627167,8.050624401536766,7.752536767818771,10.770951695506467,3.0184149276876955,0.15057564115454086
decoupled_1268,midas_lesion_300,clinical_mask,0.755859375,2.75,0.9810148044289672,1.0,0.0,1.0,1.2559879720446798,0.8054110301768991,1.0,0.9811673238788051,0.9811673238788051,3.1630946806341935,0.008801874241551873,1.9085559336533833,0.0,1.0,3.1658611719243686,1.5618433573444344,4.944579241644742,3.0722254322476816,3.6331336323938137,0.5609082001461321,0.06285432466516927
decoupled_1269,midas_lesion_536,clinical_mask,0.755859375,2.75,0.9810148044289672,1.0,0.0,1.0,1.2559879720446798,0.8054110301768991,1.0,0.9811673238788051,0.9811673238788051,3.1630946806341935,0.008801874241551873,1.9085559336533833,0.0,1.0,8.986339551934226,6.455731597594109,58.013396192131474,4.723006600301231,5.746587336662183,1.0235807363609526,0.09255702667746607
decoupled_1270,midas_lesion_178,clinical_mask,0.755859375,2.75,0.9810148044289672,1.0,0.0,1.0,1.2559879720446798,0.8054110301768991,1.0,0.9811673238788051,0.9811673238788051,3.1630946806341935,0.008801874241551873,1.9085559336533833,0.0,1.0,9.334445884860523,1.6523324354862692,15.423607702846372,0.6447590264961853,2.4856076764542423,1.840848649958057,0.22518060600834972
decoupled_1271,isic2018_lesion_ISIC_0034753,clinical_mask,0.755859375,2.75,0.9810148044289672,1.0,0.0,1.0,1.2559879720446798,0.8054110301768991,1.0,0.9811673238788051,0.9811673238788051,3.1630946806341935,0.008801874241551873,1.9085559336533833,0.0,1.0,6.242596746629596,3.8619402743357973,24.10853579224646,2.7854397056479754,4.648503849284593,1.8630641436366173,0.06274752542392341
decoupled_1272,ph2_lesion_IMD370,clinical_mask,0.755859375,2.75,0.9810148044289672,1.0,0.0,1.0,1.2559879720446798,0.8054110301768991,1.0,0.9811673238788051,0.9811673238788051,3.1630946806341935,0.008801874241551873,1.9085559336533833,0.0,1.0,9.13304322417401,2.231954112858688,20.384533387111354,3.004221765623462,6.684100081009902,3.6798783153864396,0.13112932693203652
decoupled_1273,midas_lesion_138,clinical_mask,0.755859375,2.75,0.9810148044289672,1.0,0.0,1.0,1.2559879720446798,0.8054110301768991,1.0,0.9811673238788051,0.9811673238788051,3.1630946806341935,0.008801874241551873,1.9085559336533833,0.0,1.0,7.891663892034993,3.497141688447007,27.598266788047535,4.313080267983165,6.8496519048874625,2.5365716369042977,0.22871266575476565
decoupled_1274,midas_lesion_300,clinical_mask,0.755859375,2.75,0.9810148044289672,1.0,0.0,1.0,1.2559879720446798,0.8054110301768991,1.0,0.9811673238788051,0.9811673238788051,3.1630946806341935,0.008801874241551873,1.9085559336533833,0.0,1.0,7.846393598632015,1.602400762285273,12.573067083638227,1.2496204518991991,5.831772356810857,4.582151904911658,0.3276334613046085
decoupled_1275,ph2_lesion_IMD331,clinical_mask,0.755859375,2.75,0.9810148044289672,1.0,0.0,1.0,1.2559879720446798,0.8054110301768991,1.0,0.9811673238788051,0.9811673238788051,3.1630946806341935,0.008801874241551873,1.9085559336533833,0.0,1.0,6.982780858787111,1.8582342105486684,12.97564227656262,0.5312010564304713,5.024362853008822,4.493161796578351,0.1998283883987754
decoupled_1276,isic2018_lesion_ISIC_0034906,clinical_mask,0.755859375,2.75,0.9810148044289672,1.0,0.0,1.0,1.2559879720446798,0.8054110301768991,1.0,0.9811673238788051,0.9811673238788051,3.1630946806341935,0.008801874241551873,1.9085559336533833,0.0,1.0,3.597956014277649,2.999583297376588,10.792368765122877,5.577663368420772,9.428731841392619,3.8510684729718463,0.3002579138161673
decoupled_1277,midas_lesion_76,clinical_mask,0.755859375,2.75,0.9810148044289672,1.0,0.0,1.0,1.2559879720446798,0.8054110301768991,1.0,0.9811673238788051,0.9811673238788051,3.1630946806341935,0.008801874241551873,1.9085559336533833,0.0,1.0,5.600282053159387,10.04052320318148,56.22976189910765,1.8432447422161442,3.2297043111411377,1.3864595689249934,0.1356393730120424
decoupled_1278,midas_lesion_76,clinical_mask,0.755859375,2.75,0.9810148044289672,1.0,0.0,1.0,1.2559879720446798,0.8054110301768991,1.0,0.9811673238788051,0.9811673238788051,3.1630946806341935,0.008801874241551873,1.9085559336533833,0.0,1.0,9.377639517109849,8.407565760074416,78.84312091437354,2.6908467015937165,6.003236613826381,3.3123899122326645,0.32258341184399125
decoupled_1279,squamous_cell_carcinoma_BCN_0000004833,clinical_mask,0.164306640625,2.015625,0.45738573688555156,1.8852126082925396,0.8477198850396415,0.7619317176720326,0.5082126929549741,0.4817897091722595,1.3124535661218424,0.702400355573212,0.37258415973007136,4.972584571971463,0.32249627842615697,1.80638791826563,0.43843400447427294,1.0,7.233998741232068,11.493920493557923,83.14700638221949,3.4614030623658985,6.05688539017987,2.5954823278139716,0.28197447507477547
decoupled_1280,ph2_lesion_IMD433,clinical_mask,0.755859375,2.75,0.9810148044289672,1.0,0.0,1.0,1.2559879720446798,0.8054110301768991,1.0,0.9811673238788051,0.9811673238788051,3.1630946806341935,0.008801874241551873,1.9085559336533833,0.0,1.0,4.450401991769315,4.263220321463836,18.97304420999407,7.897211557654561,9.021445120046518,1.1242335623919573,0.2907677607593418
decoupled_1281,isic2018_lesion_ISIC_0035443,clinical_mask,0.755859375,2.75,0.9810148044289672,1.0,0.0,1.0,1.2559879720446798,0.8054110301768991,1.0,0.9811673238788051,0.9811673238788051,3.1630946806341935,0.008801874241551873,1.9085559336533833,0.0,1.0,4.612909536488836,5.714301449082872,26.359555648846353,4.09803562027944,5.638699124801432,1.5406635045219925,0.16907398402659282
decoupled_1282,benign_nevi_BCN_0000002637,clinical_mask,0.15252685546875,1.30859375,0.4406849487070295,1.417669542590093,0.7088263668179722,0.9852158486102898,1.1192999836144735,0.7212121212121212,1.0150060024009604,0.5266806701684116,0.3715115930375157,3.3506702010670235,0.12587200220725414,1.7585747731755839,0.284992784992785,1.0,4.687955412776805,1.2088523358776997,5.667045851225747,7.784241233883341,10.930035774253877,3.1457945403705363,0.28266861838072677
decoupled_1283,isic2018_lesion_ISIC_0035372,clinical_mask,0.755859375,2.75,0.9810148044289672,1.0,0.0,1.0,1.2559879720446798,0.8054110301768991,1.0,0.9811673238788051,0.9811673238788051,3.1630946806341935,0.008801874241551873,1.9085559336533833,0.0,1.0,7.323861753854522,10.747443246707023,78.71278854627964,2.5149031921125293,5.78784500586603,3.272941813753501,0.18480391315780784
decoupled_1284,isic2018_lesion_ISIC_0034733,clinical_mask,0.755859375,2.75,0.9810148044289672,1.0,0.0,1.0,1.2559879720446798,0.8054110301768991,1.0,0.9811673238788051,0.9811673238788051,3.1630946806341935,0.008801874241551873,1.9085559336533833,0.0,1.0,8.050857386175265,10.883237527673273,87.6193932351682,7.872654169811723,11.923360547704586,4.050706377892864,0.15574783834833578
decoupled_1285,isic2018_lesion_ISIC_0035630,clinical_mask,0.755859375,2.75,0.9810148044289672,1.0,0.0,1.0,1.2559879720446798,0.8054110301768991,1.0,0.9811673238788051,0.9811673238788051,3.1630946806341935,0.008801874241551873,1.9085559336533833,0.0,1.0,4.502029169957072,4.26403771979963,19.196822196335173,4.971249471466011,9.052493024765102,4.081243553299091,0.3401554235704366
decoupled_1286,midas_lesion_178,clinical_mask,0.755859375,2.75,0.9810148044289672,1.0,0.0,1.0,1.2559879720446798,0.8054110301768991,1.0,0.9811673238788051,0.9811673238788051,3.1630946806341935,0.008801874241551873,1.9085559336533833,0.0,1.0,6.8995689564697935,1.860601138580023,12.837345856119079,6.861874950539801,9.999838008750036,3.137963058210235,0.1703052190941738
decoupled_1287,ph2_lesion_IMD331,clinical_mask,0.755859375,2.75,0.9810148044289672,1.0,0.0,1.0,1.2559879720446798,0.8054110301768991,1.0,0.9811673238788051,0.9811673238788051,3.1630946806341935,0.008801874241551873,1.9085559336533833,0.0,1.0,8.204475820444085,3.7756170194849425,30.976958543621375,2.502434178869157,5.677695403262536,3.1752612243933793,0.1148274130638271
decoupled_1288,midas_lesion_415,clinical_mask,0.755859375,2.75,0.9810148044289672,1.0,0.0,1.0,1.2559879720446798,0.8054110301768991,1.0,0.9811673238788051,0.9811673238788051,3.1630946806341935,0.008801874241551873,1.9085559336533833,0.0,1.0,8.128944728291163,8.750299147420666,71.13069812539588,4.415930820077549,5.7937539462693195,1.3778231261917702,0.18574828243534186
decoupled_1289,isic2018_lesion_ISIC_0035001,clinical_mask,0.755859375,2.75,0.9810148044289672,1.0,0.0,1.0,1.2559879720446798,0.8054110301768991,1.0,0.9811673238788051,0.9811673238788051,3.1630946806341935,0.008801874241551873,1.9085559336533833,0.0,1.0,9.7997769732979,1.4929637807217315,14.630712080284601,0.7801989675951793,3.901963296041984,3.1217643284468046,0.308002303659699
decoupled_1290,squamous_cell_carcinoma_BCN_0000004833,clinical_mask,0.164306640625,2.015625,0.45738573688555156,1.8852126082925396,0.8477198850396415,0.7619317176720326,0.5082126929549741,0.4817897091722595,1.3124535661218424,0.702400355573212,0.37258415973007136,4.972584571971463,0.32249627842615697,1.80638791826563,0.43843400447427294,1.0,8.008979915825499,4.436311904202164,35.5303329410927,1.7650333963930704,3.2932458977901837,1.5282125013971133,0.24974238334608162
decoupled_1291,midas_lesion_805,clinical_mask,0.755859375,2.75,0.9810148044289672,1.0,0.0,1.0,1.2559879720446798,0.8054110301768991,1.0,0.9811673238788051,0.9811673238788051,3.1630946806341935,0.008801874241551873,1.9085559336533833,0.0,1.0,8.166628594986236,4.910518137805248,40.102377840398894,2.5669398477468706,4.297487464005815,1.7305476162589448,0.2065631595038825
decoupled_1292,midas_lesion_178,clinical_mask,0.755859375,2.75,0.9810148044289672,1.0,0.0,1.0,1.2559879720446798,0.8054110301768991,1.0,0.9811673238788051,0.9811673238788051,3.1630946806341935,0.008801874241551873,1.9085559336533833,0.0,1.0,8.610394172416804,3.5695035406829825,30.7348324851179,1.2089015074328133,3.0823736083038247,1.8734721008710113,0.2251494850687729
decoupled_1293,midas_lesion_415,clinical_mask,0.755859375,2.75,0.9810148044289672,1.0,0.0,1.0,1.2559879720446798,0.8054110301768991,1.0,0.9811673238788051,0.9811673238788051,3.1630946806341935,0.008801874241551873,1.9085559336533833,0.0,1.0,7.372721474506669,1.780526281099104,13.127324348582862,2.4488701851887953,3.5747504019734944,1.125880216784699,0.26953768189338034
decoupled_1294,isic2018_lesion_ISIC_0034982,clinical_mask,0.755859375,2.75,0.9810148044289672,1.0,0.0,1.0,1.2559879720446798,0.8054110301768991,1.0,0.9811673238788051,0.9811673238788051,3.1630946806341935,0.008801874241551873,1.9085559336533833,0.0,1.0,9.998367629156757,5.49626782188583,54.9537062715192,4.192906029979036,6.969902626800001,2.7769965968209647,0.15279638784886646
decoupled_1295,ph2_lesion_IMD278,clinical_mask,0.755859375,2.75,0.9810148044289672,1.0,0.0,1.0,1.2559879720446798,0.8054110301768991,1.0,0.9811673238788051,0.9811673238788051,3.1630946806341935,0.008801874241551873,1.9085559336533833,0.0,1.0,8.283616223988325,3.0819393621083377,25.529602901308856,3.1046254764448027,5.378199240815289,2.2735737643704863,0.16117701563549522
decoupled_1296,ph2_lesion_IMD331,clinical_mask,0.755859375,2.75,0.9810148044289672,1.0,0.0,1.0,1.2559879720446798,0.8054110301768991,1.0,0.9811673238788051,0.9811673238788051,3.1630946806341935,0.008801874241551873,1.9085559336533833,0.0,1.0,9.231834082085749,3.0220560531092797,27.899120069067788,2.6896776567545744,3.637094336092754,0.9474166793381795,0.19237707078835653
decoupled_1297,midas_lesion_140,clinical_mask,0.755859375,2.75,0.9810148044289672,1.0,0.0,1.0,1.2559879720446798,0.8054110301768991,1.0,0.9811673238788051,0.9811673238788051,3.1630946806341935,0.008801874241551873,1.9085559336533833,0.0,1.0,8.558662758432932,1.5600668881804012,13.352086376533954,1.5962656831510835,5.433924589181647,3.8376589060305633,0.0346931366398511
decoupled_1298,midas_lesion_357,clinical_mask,0.755859375,2.75,0.9810148044289672,1.0,0.0,1.0,1.2559879720446798,0.8054110301768991,1.0,0.9811673238788051,0.9811673238788051,3.1630946806341935,0.008801874241551873,1.9085559336533833,0.0,1.0,8.157557380337337,8.227208623340529,67.11392642490651,3.183075695983041,4.838435629973279,1.6553599339902383,0.23598144738520724
decoupled_1299,midas_lesion_218,clinical_mask,0.755859375,2.75,0.9810148044289672,1.0,0.0,1.0,1.2559879720446798,0.8054110301768991,1.0,0.9811673238788051,0.9811673238788051,3.1630946806341935,0.008801874241551873,1.9085559336533833,0.0,1.0,8.239780356331249,1.8417836026523233,15.175892349747611,0.6390625101899778,5.140075619273825,4.501013109083846,0.25799819396861906
decoupled_1300,isic2018_lesion_ISIC_0034669,clinical_mask,0.755859375,2.75,0.9810148044289672,1.0,0.0,1.0,1.2559879720446798,0.8054110301768991,1.0,0.9811673238788051,0.9811673238788051,3.1630946806341935,0.008801874241551873,1.9085559336533833,0.0,1.0,6.355577354940117,1.7787552286487547,11.305016451181356,4.374945465522262,6.898814245937849,2.5238687804155875,0.27265136009485497
decoupled_1301,midas_lesion_226,clinical_mask,0.755859375,2.75,0.9810148044289672,1.0,0.0,1.0,1.2559879720446798,0.8054110301768991,1.0,0.9811673238788051,0.9811673238788051,3.1630946806341935,0.008801874241551873,1.9085559336533833,0.0,1.0,3.853050998503593,4.65611255098056,17.94023911370076,6.2793818258656,9.086524767997957,2.8071429421323577,0.2586020167416632
decoupled_1302,midas_lesion_805,clinical_mask,0.755859375,2.75,0.9810148044289672,1.0,0.0,1.0,1.2559879720446798,0.8054110301768991,1.0,0.9811673238788051,0.9811673238788051,3.1630946806341935,0.008801874241551873,1.9085559336533833,0.0,1.0,8.60218206097274,10.54406104303205,90.70193275417182,6.8293691209502265,11.918184434002805,5.088815313052579,0.29237509711595594
decoupled_1303,ph2_lesion_IMD278,clinical_mask,0.755859375,2.75,0.9810148044289672,1.0,0.0,1.0,1.2559879720446798,0.8054110301768991,1.0,0.9811673238788051,0.9811673238788051,3.1630946806341935,0.008801874241551873,1.9085559336533833,0.0,1.0,7.435270159341718,6.32446744525884,47.0241240694612,6.980306230701448,8.281295773792365,1.3009895430909175,0.008387608852806594
decoupled_1304,isic2018_lesion_ISIC_0035210,clinical_mask,0.755859375,2.75,0.9810148044289672,1.0,0.0,1.0,1.2559879720446798,0.8054110301768991,1.0,0.9811673238788051,0.9811673238788051,3.1630946806341935,0.008801874241551873,1.9085559336533833,0.0,1.0,7.273758691724673,7.728499480978131,56.215240273754304,1.4104089762187502,5.951485771886375,4.541076795667625,0.31561985031863793
decoupled_1305,isic2018_lesion_ISIC_0034748,clinical_mask,0.755859375,2.75,0.9810148044289672,1.0,0.0,1.0,1.2559879720446798,0.8054110301768991,1.0,0.9811673238788051,0.9811673238788051,3.1630946806341935,0.008801874241551873,1.9085559336533833,0.0,1.0,9.295636194592461,3.0581741159227604,28.427674001337415,1.4605697203512116,4.585652756043949,3.1250830356927373,0.11333911782383911
decoupled_1306,ph2_lesion_IMD370,clinical_mask,0.755859375,2.75,0.9810148044289672,1.0,0.0,1.0,1.2559879720446798,0.8054110301768991,1.0,0.9811673238788051,0.9811673238788051,3.1630946806341935,0.008801874241551873,1.9085559336533833,0.0,1.0,6.05303031888266,1.3924152249883501,8.428331573328304,7.2320824808474615,11.622854163606902,4.390771682759441,0.3156551354023013
decoupled_1307,midas_lesion_178,clinical_mask,0.755859375,2.75,0.9810148044289672,1.0,0.0,1.0,1.2559879720446798,0.8054110301768991,1.0,0.9811673238788051,0.9811673238788051,3.1630946806341935,0.008801874241551873,1.9085559336533833,0.0,1.0,9.533193025217447,1.898075786283889,18.094722847135692,1.121376173071363,6.381596847502778,5.260220674431415,0.2840973733898897
decoupled_1308,isic2018_lesion_ISIC_0035117,clinical_mask,0.755859375,2.75,0.9810148044289672,1.0,0.0,1.0,1.2559879720446798,0.8054110301768991,1.0,0.9811673238788051,0.9811673238788051,3.1630946806341935,0.008801874241551873,1.9085559336533833,0.0,1.0,5.836168397010381,6.176851314420913,36.04914443425537,0.8656467326325941,5.744786719660665,4.87913998702807,0.08714741847360674
decoupled_1309,midas_lesion_178,clinical_mask,0.755859375,2.75,0.9810148044289672,1.0,0.0,1.0,1.2559879720446798,0.8054110301768991,1.0,0.9811673238788051,0.9811673238788051,3.1630946806341935,0.008801874241551873,1.9085559336533833,0.0,1.0,4.6083805495537336,7.912057470252691,36.46177175286382,5.8282710893414595,10.653588516324685,4.825317426983226,0.1682900398858492
decoupled_1310,isic2018_lesion_ISIC_0035317,clinical_mask,0.755859375,2.75,0.9810148044289672,1.0,0.0,1.0,1.2559879720446798,0.8054110301768991,1.0,0.9811673238788051,0.9811673238788051,3.1630946806341935,0.008801874241551873,1.9085559336533833,0.0,1.0,8.717887440822238,10.195253640788883,88.8810736710306,1.6101848596395252,6.682302424270834,5.072117564631309,0.2166311750424386
decoupled_1311,isic2018_lesion_ISIC_0034538,clinical_mask,0.755859375,2.75,0.9810148044289672,1.0,0.0,1.0,1.2559879720446798,0.8054110301768991,1.0,0.9811673238788051,0.9811673238788051,3.1630946806341935,0.008801874241551873,1.9085559336533833,0.0,1.0,3.090370882690224,11.319665109963136,34.98196345763451,7.0168995113851995,10.704211788314073,3.687312276928873,0.20003925500672629
decoupled_1312,midas_lesion_277,clinical_mask,0.755859375,2.75,0.9810148044289672,1.0,0.0,1.0,1.2559879720446798,0.8054110301768991,1.0,0.9811673238788051,0.9811673238788051,3.1630946806341935,0.008801874241551873,1.9085559336533833,0.0,1.0,7.9569764042146955,1.2111057428452774,9.636739818828783,4.068690018429262,6.945683811497551,2.876993793068289,0.10527296451244679
decoupled_1313,ph2_lesion_IMD278,clinical_mask,0.755859375,2.75,0.9810148044289672,1.0,0.0,1.0,1.2559879720446798,0.8054110301768991,1.0,0.9811673238788051,0.9811673238788051,3.1630946806341935,0.008801874241551873,1.9085559336533833,0.0,1.0,4.449167759898715,1.5879032429882927,7.064847914542127,6.13231299383054,7.554436364846928,1.4221233710163874,0.21426611860563946
decoupled_1314,ph2_lesion_IMD031,clinical_mask,0.755859375,2.75,0.9810148044289672,1.0,0.0,1.0,1.2559879720446798,0.8054110301768991,1.0,0.9811673238788051,0.9811673238788051,3.1630946806341935,0.008801874241551873,1.9085559336533833,0.0,1.0,4.021338787072109,3.6047691555476784,14.49599802364505,0.49539935549037656,1.396858513340961,0.9014591578505844,0.09875454675009948
decoupled_1315,midas_lesion_69,clinical_mask,0.755859375,2.75,0.9810148044289672,1.0,0.0,1.0,1.2559879720446798,0.8054110301768991,1.0,0.9811673238788051,0.9811673238788051,3.1630946806341935,0.008801874241551873,1.9085559336533833,0.0,1.0,5.905561674978352,11.50642534278421,67.95190452034608,7.77141348274645,8.291707885717162,0.5202944029707126,0.04902866158835781
decoupled_1316,midas_lesion_647,clinical_mask,0.755859375,2.75,0.9810148044289672,1.0,0.0,1.0,1.2559879720446798,0.8054110301768991,1.0,0.9811673238788051,0.9811673238788051,3.1630946806341935,0.008801874241551873,1.9085559336533833,0.0,1.0,3.670416231044857,3.129434255733227,11.486326286231018,5.393049235423116,9.466403139568467,4.073353904145351,0.050733854327741336
decoupled_1317,ph2_lesion_IMD078,clinical_mask,0.755859375,2.75,0.9810148044289672,1.0,0.0,1.0,1.2559879720446798,0.8054110301768991,1.0,0.9811673238788051,0.9811673238788051,3.1630946806341935,0.008801874241551873,1.9085559336533833,0.0,1.0,8.74205131883131,2.0502406398565562,17.923308889579555,1.9163571452019263,5.941639453738116,4.025282308536189,0.2215285260122984
decoupled_1318,ph2_lesion_IMD256,clinical_mask,0.755859375,2.75,0.9810148044289672,1.0,0.0,1.0,1.2559879720446798,0.8054110301768991,1.0,0.9811673238788051,0.9811673238788051,3.1630946806341935,0.008801874241551873,1.9085559336533833,0.0,1.0,8.968587694094182,1.8573013082267578,16.657369657187527,6.965060100790958,9.309075004981148,2.34401490419019,0.14177305193822992
decoupled_1319,midas_lesion_647,clinical_mask,0.755859375,2.75,0.9810148044289672,1.0,0.0,1.0,1.2559879720446798,0.8054110301768991,1.0,0.9811673238788051,0.9811673238788051,3.1630946806341935,0.008801874241551873,1.9085559336533833,0.0,1.0,6.940151570797257,9.916365819281593,68.82108181728736,4.984552911857317,6.175813227077713,1.1912603152203962,0.09537555253809543
decoupled_1320,isic2018_lesion_ISIC_0034579,clinical_mask,0.755859375,2.75,0.9810148044289672,1.0,0.0,1.0,1.2559879720446798,0.8054110301768991,1.0,0.9811673238788051,0.9811673238788051,3.1630946806341935,0.008801874241551873,1.9085559336533833,0.0,1.0,4.89032550811058,3.8301894518523802,18.730873177289777,5.981845818401188,10.119551943529991,4.137706125128804,0.3225464574946377
decoupled_1321,midas_lesion_234,clinical_mask,0.755859375,2.75,0.9810148044289672,1.0,0.0,1.0,1.2559879720446798,0.8054110301768991,1.0,0.9811673238788051,0.9811673238788051,3.1630946806341935,0.008801874241551873,1.9085559336533833,0.0,1.0,7.04089857485813,1.4704836120563596,10.353525968479858,2.606347427876635,6.797476875497148,4.191129447620513,0.2809202673970563
decoupled_1322,melanoma_BCN_0000018489,clinical_mask,0.0595855712890625,1.00390625,0.275439114253714,1.3180420505522392,0.6514388593266779,0.8058192323565829,0.7429586708212474,0.5223381487426432,1.2409731113956464,0.3570778055381461,0.27091533641778426,4.1126580779429185,0.2534256500244032,1.6452713136997572,0.4147940074906367,1.0,6.927402741123873,1.2868717641754175,8.914678986623702,7.646794788704023,10.9616052023271,3.3148104136230767,0.27986504016958186
decoupled_1323,ph2_lesion_IMD031,clinical_mask,0.755859375,2.75,0.9810148044289672,1.0,0.0,1.0,1.2559879720446798,0.8054110301768991,1.0,0.9811673238788051,0.9811673238788051,3.1630946806341935,0.008801874241551873,1.9085559336533833,0.0,1.0,7.354359956991412,4.81121658044372,35.383418563628446,2.5641563201127875,5.506723130934167,2.942566810821379,0.19572757637123553
decoupled_1324,isic2018_lesion_ISIC_0035642,clinical_mask,0.755859375,2.75,0.9810148044289672,1.0,0.0,1.0,1.2559879720446798,0.8054110301768991,1.0,0.9811673238788051,0.9811673238788051,3.1630946806341935,0.008801874241551873,1.9085559336533833,0.0,1.0,4.561354450314309,2.393061805760259,10.915603117581753,7.023329215597831,12.173230521773768,5.149901306175937,0.09724651178460833
decoupled_1325,ph2_lesion_IMD031,clinical_mask,0.755859375,2.75,0.9810148044289672,1.0,0.0,1.0,1.2559879720446798,0.8054110301768991,1.0,0.9811673238788051,0.9811673238788051,3.1630946806341935,0.008801874241551873,1.9085559336533833,0.0,1.0,3.5445071346670938,4.7467137521455705,16.824760760702386,7.834462003502903,8.698292279423463,0.8638302759205594,0.0491522912653837
decoupled_1326,isic2018_lesion_ISIC_0034982,clinical_mask,0.755859375,2.75,0.9810148044289672,1.0,0.0,1.0,1.2559879720446798,0.8054110301768991,1.0,0.9811673238788051,0.9811673238788051,3.1630946806341935,0.008801874241551873,1.9085559336533833,0.0,1.0,5.959676325284645,3.4101883125230055,20.323618550905753,3.886188157976762,6.464015721771386,2.5778275637946235,0.2570143167250622
decoupled_1327,isic2018_lesion_ISIC_0034898,clinical_mask,0.755859375,2.75,0.9810148044289672,1.0,0.0,1.0,1.2559879720446798,0.8054110301768991,1.0,0.9811673238788051,0.9811673238788051,3.1630946806341935,0.008801874241551873,1.9085559336533833,0.0,1.0,6.156361105207819,9.645166191238351,59.379125993005225,3.479443516244487,6.913846846446831,3.4344033302023442,0.11226037076695865
decoupled_1328,isic2018_lesion_ISIC_0035376,clinical_mask,0.755859375,2.75,0.9810148044289672,1.0,0.0,1.0,1.2559879720446798,0.8054110301768991,1.0,0.9811673238788051,0.9811673238788051,3.1630946806341935,0.008801874241551873,1.9085559336533833,0.0,1.0,9.145500557619378,6.18071871076842,56.52576641582111,0.5715602458651974,4.862165196434437,4.290604950569239,0.3350331726505927
decoupled_1329,isic2018_lesion_ISIC_0035626,clinical_mask,0.755859375,2.75,0.9810148044289672,1.0,0.0,1.0,1.2559879720446798,0.8054110301768991,1.0,0.9811673238788051,0.9811673238788051,3.1630946806341935,0.008801874241551873,1.9085559336533833,0.0,1.0,7.46153550076836,3.8158953313916193,28.47243848239481,1.998189443920874,6.456073637640128,4.457884193719254,0.1858000093368739
decoupled_1330,isic2018_lesion_ISIC_0035117,clinical_mask,0.755859375,2.75,0.9810148044289672,1.0,0.0,1.0,1.2559879720446798,0.8054110301768991,1.0,0.9811673238788051,0.9811673238788051,3.1630946806341935,0.008801874241551873,1.9085559336533833,0.0,1.0,8.24714635546669,9.152513476894434,75.48211816432969,5.4445183997561895,10.936562128665022,5.492043728908833,0.31852335614024724
decoupled_1331,midas_lesion_619,clinical_mask,0.755859375,2.75,0.9810148044289672,1.0,0.0,1.0,1.2559879720446798,0.8054110301768991,1.0,0.9811673238788051,0.9811673238788051,3.1630946806341935,0.008801874241551873,1.9085559336533833,0.0,1.0,4.975418794459036,1.8373173078883906,9.141423065052777,3.9090190921402352,5.051521122189564,1.1425020300493292,0.09411969701399986
decoupled_1332,ph2_lesion_IMD398,clinical_mask,0.755859375,2.75,0.9810148044289672,1.0,0.0,1.0,1.2559879720446798,0.8054110301768991,1.0,0.9811673238788051,0.9811673238788051,3.1630946806341935,0.008801874241551873,1.9085559336533833,0.0,1.0,9.349861117779799,5.51831294649192,51.595459654145685,1.6552956528890557,2.3001818532322647,0.644886200343209,0.042439492427052715
decoupled_1333,isic2018_lesion_ISIC_0035642,clinical_mask,0.755859375,2.75,0.9810148044289672,1.0,0.0,1.0,1.2559879720446798,0.8054110301768991,1.0,0.9811673238788051,0.9811673238788051,3.1630946806341935,0.008801874241551873,1.9085559336533833,0.0,1.0,7.211184184995002,1.4774857006800342,10.654421518300122,6.223446670651542,8.716260833863895,2.492814163212353,0.24564124389506167
decoupled_1334,isic2018_lesion_ISIC_0035287,clinical_mask,0.755859375,2.75,0.9810148044289672,1.0,0.0,1.0,1.2559879720446798,0.8054110301768991,1.0,0.9811673238788051,0.9811673238788051,3.1630946806341935,0.008801874241551873,1.9085559336533833,0.0,1.0,6.38888144263328,1.917429983199425,12.250232837211447,2.038230521635458,5.508959605195704,3.4707290835602462,0.2167921617710512
decoupled_1335,midas_lesion_178,clinical_mask,0.755859375,2.75,0.9810148044289672,1.0,0.0,1.0,1.2559879720446798,0.8054110301768991,1.0,0.9811673238788051,0.9811673238788051,3.1630946806341935,0.008801874241551873,1.9085559336533833,0.0,1.0,4.2685046305534655,1.9401207493498738,8.281414402432796,1.1710479771098508,2.2716632592029358,1.100615282093085,0.18383486090517004
decoupled_1336,isic2018_lesion_ISIC_0035128,clinical_mask,0.755859375,2.75,0.9810148044289672,1.0,0.0,1.0,1.2559879720446798,0.8054110301768991,1.0,0.9811673238788051,0.9811673238788051,3.1630946806341935,0.008801874241551873,1.9085559336533833,0.0,1.0,8.675732325651769,1.31113811409478,11.37508331984618,7.489175403169458,8.763786445332546,1.2746110421630874,0.013226087052941215
decoupled_1337,midas_lesion_564,clinical_mask,0.755859375,2.75,0.9810148044289672,1.0,0.0,1.0,1.2559879720446798,0.8054110301768991,1.0,0.9811673238788051,0.9811673238788051,3.1630946806341935,0.008801874241551873,1.9085559336533833,0.0,1.0,4.275329197274889,4.299015373247575,18.379705944778962,0.9526580641482962,3.1371144994136406,2.1844564352653446,0.08286119000750763
decoupled_1338,midas_lesion_564,clinical_mask,0.755859375,2.75,0.9810148044289672,1.0,0.0,1.0,1.2559879720446798,0.8054110301768991,1.0,0.9811673238788051,0.9811673238788051,3.1630946806341935,0.008801874241551873,1.9085559336533833,0.0,1.0,9.437075742894471,1.283035149368213,12.108099885383748,2.364618788233875,5.235895874502379,2.871277086268504,0.3150153003399678
decoupled_1339,isic2018_lesion_ISIC_0035210,clinical_mask,0.755859375,2.75,0.9810148044289672,1.0,0.0,1.0,1.2559879720446798,0.8054110301768991,1.0,0.9811673238788051,0.9811673238788051,3.1630946806341935,0.008801874241551873,1.9085559336533833,0.0,1.0,9.777876402136847,5.8500346653141,57.20091590565727,1.1134518494788266,6.3276379086427275,5.214186059163901,0.0465938812171048
decoupled_1340,basal_cell_carcinoma_BCN_0000016844,clinical_mask,0.2169952392578125,2.78125,0.525630021633387,2.4365315915937504,0.9118968473174451,0.6912122095849129,0.35251695750773615,0.5605439495467087,1.44673370367766,0.9482634593695075,0.3891857846789676,5.97055805285277,0.37169938227061444,1.783892277965634,0.35644461962948365,1.0,6.993247637098131,1.9033638159856765,13.310694508679914,2.081968227630263,5.560942318061285,3.478974090431022,0.17179971774642278
decoupled_1341,isic2018_lesion_ISIC_0035287,clinical_mask,0.755859375,2.75,0.9810148044289672,1.0,0.0,1.0,1.2559879720446798,0.8054110301768991,1.0,0.9811673238788051,0.9811673238788051,3.1630946806341935,0.008801874241551873,1.9085559336533833,0.0,1.0,6.31034326343913,1.3164546802099522,8.307280922885786,1.8158518232025194,3.2776374300649507,1.4617856068624313,0.32369974938890167
decoupled_1342,isic2018_lesion_ISIC_0034982,clinical_mask,0.755859375,2.75,0.9810148044289672,1.0,0.0,1.0,1.2559879720446798,0.8054110301768991,1.0,0.9811673238788051,0.9811673238788051,3.1630946806341935,0.008801874241551873,1.9085559336533833,0.0,1.0,4.078718738925312,7.319381134088515,29.85369698894323,7.805276339580106,10.22892117403281,2.423644834452703,0.034777513761264964
decoupled_1343,ph2_lesion_IMD278,clinical_mask,0.755859375,2.75,0.9810148044289672,1.0,0.0,1.0,1.2559879720446798,0.8054110301768991,1.0,0.9811673238788051,0.9811673238788051,3.1630946806341935,0.008801874241551873,1.9085559336533833,0.0,1.0,9.907386764940222,1.3095045383369073,12.973767931748231,4.171150497584739,5.725375148585071,1.5542246510003324,0.09321483219958529
decoupled_1344,midas_lesion_805,clinical_mask,0.755859375,2.75,0.9810148044289672,1.0,0.0,1.0,1.2559879720446798,0.8054110301768991,1.0,0.9811673238788051,0.9811673238788051,3.1630946806341935,0.008801874241551873,1.9085559336533833,0.0,1.0,7.657970252896111,9.27801678778264,71.05077656671018,2.862719466540192,5.804287001502413,2.941567534962221,0.22805698296886448
decoupled_1345,isic2018_lesion_ISIC_0035117,clinical_mask,0.755859375,2.75,0.9810148044289672,1.0,0.0,1.0,1.2559879720446798,0.8054110301768991,1.0,0.9811673238788051,0.9811673238788051,3.1630946806341935,0.008801874241551873,1.9085559336533833,0.0,1.0,8.949761329999223,8.50168818796017,76.08808018431709,1.810559821751407,7.271210135833219,5.460650314081812,0.3424998152688574
decoupled_1346,isic2018_lesion_ISIC_0034669,clinical_mask,0.755859375,2.75,0.9810148044289672,1.0,0.0,1.0,1.2559879720446798,0.8054110301768991,1.0,0.9811673238788051,0.9811673238788051,3.1630946806341935,0.008801874241551873,1.9085559336533833,0.0,1.0,7.765464678029756,10.078756942722373,78.26623103715775,3.5781705267373685,4.984688255550125,1.4065177288127568,0.11384867046152643
decoupled_1347,benign_nevi_BCN_0000002637,clinical_mask,0.15252685546875,1.30859375,0.4406849487070295,1.417669542590093,0.7088263668179722,0.9852158486102898,1.1192999836144735,0.7212121212121212,1.0150060024009604,0.5266806701684116,0.3715115930375157,3.3506702010670235,0.12587200220725414,1.7585747731755839,0.284992784992785,1.0,6.6320132836536665,5.039491854065516,33.421976919026946,5.5478816395350306,10.444944915797251,4.89706327626222,0.005786076718903743
decoupled_1348,isic2018_lesion_ISIC_0034538,clinical_mask,0.755859375,2.75,0.9810148044289672,1.0,0.0,1.0,1.2559879720446798,0.8054110301768991,1.0,0.9811673238788051,0.9811673238788051,3.1630946806341935,0.008801874241551873,1.9085559336533833,0.0,1.0,8.005774973351585,7.646326567627856,61.214769873188416,3.5096732628008604,6.4983180409793455,2.988644778178485,0.0406090722006837
decoupled_1349,midas_lesion_289,clinical_mask,0.755859375,2.75,0.9810148044289672,1.0,0.0,1.0,1.2559879720446798,0.8054110301768991,1.0,0.9811673238788051,0.9811673238788051,3.1630946806341935,0.008801874241551873,1.9085559336533833,0.0,1.0,4.302623527657343,2.632886735637443,11.328320414410602,0.23957925590626541,3.7860301527926565,3.546450896886391,0.03458002426313852
decoupled_1350,ph2_lesion_IMD078,clinical_mask,0.755859375,2.75,0.9810148044289672,1.0,0.0,1.0,1.2559879720446798,0.8054110301768991,1.0,0.9811673238788051,0.9811673238788051,3.1630946806341935,0.008801874241551873,1.9085559336533833,0.0,1.0,3.5933822542081773,1.736904521124393,6.241361883462345,2.466952996577695,2.9738874048449917,0.5069344082672966,0.019445808845704862
decoupled_1351,benign_nevi_BCN_0000002637,clinical_mask,0.15252685546875,1.30859375,0.4406849487070295,1.417669542590093,0.7088263668179722,0.9852158486102898,1.1192999836144735,0.7212121212121212,1.0150060024009604,0.5266806701684116,0.3715115930375157,3.3506702010670235,0.12587200220725414,1.7585747731755839,0.284992784992785,1.0,8.56483536615984,1.6009754486385916,13.712091142853428,0.9356404088608647,1.9074518081785539,0.9718113993176891,0.062296725588478416
decoupled_1352,midas_lesion_544,clinical_mask,0.755859375,2.75,0.9810148044289672,1.0,0.0,1.0,1.2559879720446798,0.8054110301768991,1.0,0.9811673238788051,0.9811673238788051,3.1630946806341935,0.008801874241551873,1.9085559336533833,0.0,1.0,8.289487580827043,6.519503763329328,54.04334547927363,5.930632301622642,6.456936003027888,0.5263037014052463,0.057358890420794485
decoupled_1353,isic2018_lesion_ISIC_0035128,clinical_mask,0.755859375,2.75,0.9810148044289672,1.0,0.0,1.0,1.2559879720446798,0.8054110301768991,1.0,0.9811673238788051,0.9811673238788051,3.1630946806341935,0.008801874241551873,1.9085559336533833,0.0,1.0,6.672058550838396,3.130351358121101,20.88588754608048,3.7451671045361845,7.196224295106458,3.451057190570274,0.09743516968689725
decoupled_1354,midas_lesion_277,clinical_mask,0.755859375,2.75,0.9810148044289672,1.0,0.0,1.0,1.2559879720446798,0.8054110301768991,1.0,0.9811673238788051,0.9811673238788051,3.1630946806341935,0.008801874241551873,1.9085559336533833,0.0,1.0,3.5368223712843063,10.001868902711777,35.37483368976383,5.286770062156956,6.885107762203468,1.5983377000465122,0.21475007254795608
decoupled_1355,isic2018_lesion_ISIC_0034753,clinical_mask,0.755859375,2.75,0.9810148044289672,1.0,0.0,1.0,1.2559879720446798,0.8054110301768991,1.0,0.9811673238788051,0.9811673238788051,3.1630946806341935,0.008801874241551873,1.9085559336533833,0.0,1.0,5.066120206065285,4.678627282545576,23.702488212752456,0.4020793935461897,5.783344102570938,5.381264709024748,0.099625882327471
decoupled_1356,isic2018_lesion_ISIC_0034579,clinical_mask,0.755859375,2.75,0.9810148044289672,1.0,0.0,1.0,1.2559879720446798,0.8054110301768991,1.0,0.9811673238788051,0.9811673238788051,3.1630946806341935,0.008801874241551873,1.9085559336533833,0.0,1.0,8.028719661701011,7.940749537962461,63.75405194408243,4.516300880661796,7.728976711784076,3.2126758311222803,0.2803308938651022
decoupled_1357,isic2018_lesion_ISIC_0035348,clinical_mask,0.755859375,2.75,0.9810148044289672,1.0,0.0,1.0,1.2559879720446798,0.8054110301768991,1.0,0.9811673238788051,0.9811673238788051,3.1630946806341935,0.008801874241551873,1.9085559336533833,0.0,1.0,5.308410322839332,1.2841588300964577,6.8168419898493156,3.1902558633754934,5.05492860463959,1.8646727412640969,0.20298003573213558
decoupled_1358,isic2018_lesion_ISIC_0034970,clinical_mask,0.755859375,2.75,0.9810148044289672,1.0,0.0,1.0,1.2559879720446798,0.8054110301768991,1.0,0.9811673238788051,0.9811673238788051,3.1630946806341935,0.008801874241551873,1.9085559336533833,0.0,1.0,5.530771852352837,1.6564039483146258,9.161192333464635,6.131937339709297,8.609309250013574,2.477371910304277,0.06531782740947369
decoupled_1359,isic2018_lesion_ISIC_0035001,clinical_mask,0.755859375,2.75,0.9810148044289672,1.0,0.0,1.0,1.2559879720446798,0.8054110301768991,1.0,0.9811673238788051,0.9811673238788051,3.1630946806341935,0.008801874241551873,1.9085559336533833,0.0,1.0,4.545489494256419,1.1680502441667477,5.309360113623597,5.4005287758005895,9.425997280925746,4.025468505125156,0.11211794965201155
decoupled_1360,isic2018_lesion_ISIC_0035008,clinical_mask,0.755859375,2.75,0.9810148044289672,1.0,0.0,1.0,1.2559879720446798,0.8054110301768991,1.0,0.9811673238788051,0.9811673238788051,3.1630946806341935,0.008801874241551873,1.9085559336533833,0.0,1.0,4.278757830753615,1.5836253973915475,6.775949570069389,2.629622257371565,3.8764924374985825,1.2468701801270177,0.1387667697362557
decoupled_1361,isic2018_lesion_ISIC_0034669,clinical_mask,0.755859375,2.75,0.9810148044289672,1.0,0.0,1.0,1.2559879720446798,0.8054110301768991,1.0,0.9811673238788051,0.9811673238788051,3.1630946806341935,0.008801874241551873,1.9085559336533833,0.0,1.0,4.4405429026188985,3.810834345607459,16.922173406443537,5.733245634431407,6.263861726162014,0.5306160917306073,0.054232887279576474
decoupled_1362,midas_lesion_226,clinical_mask,0.755859375,2.75,0.9810148044289672,1.0,0.0,1.0,1.2559879720446798,0.8054110301768991,1.0,0.9811673238788051,0.9811673238788051,3.1630946806341935,0.008801874241551873,1.9085559336533833,0.0,1.0,7.904677515321931,1.6904757939704307,13.362665998794053,5.262900539442598,10.459931519317363,5.197030979874765,0.340439461748983
decoupled_1363,midas_lesion_143,clinical_mask,0.755859375,2.75,0.9810148044289672,1.0,0.0,1.0,1.2559879720446798,0.8054110301768991,1.0,0.9811673238788051,0.9811673238788051,3.1630946806341935,0.008801874241551873,1.9085559336533833,0.0,1.0,8.8546958026911,4.548657278101818,40.2769765082885,3.610785400814591,4.20180033278791,0.5910149319733184,0.3488254690357095
decoupled_1364,ph2_lesion_IMD031,clinical_mask,0.755859375,2.75,0.9810148044289672,1.0,0.0,1.0,1.2559879720446798,0.8054110301768991,1.0,0.9811673238788051,0.9811673238788051,3.1630946806341935,0.008801874241551873,1.9085559336533833,0.0,1.0,7.680835707086682,2.6052308347613886,20.010350020838516,3.108110609576075,6.680260738331652,3.5721501287555775,0.02147400438674229
decoupled_1365,midas_lesion_805,clinical_mask,0.755859375,2.75,0.9810148044289672,1.0,0.0,1.0,1.2559879720446798,0.8054110301768991,1.0,0.9811673238788051,0.9811673238788051,3.1630946806341935,0.008801874241551873,1.9085559336533833,0.0,1.0,4.3593256848997815,1.4054561464583468,6.12684107825614,4.907914141089321,8.550611735657077,3.642697594567756,0.0015699833750106806
decoupled_1366,isic2018_lesion_ISIC_0035210,clinical_mask,0.755859375,2.75,0.9810148044289672,1.0,0.0,1.0,1.2559879720446798,0.8054110301768991,1.0,0.9811673238788051,0.9811673238788051,3.1630946806341935,0.008801874241551873,1.9085559336533833,0.0,1.0,3.6000494491048314,1.3821407896833096,4.9757751884847154,2.8723612939748584,5.926873757980993,3.0545124640061347,0.21298200934951533
decoupled_1367,isic2018_lesion_ISIC_0035330,clinical_mask,0.755859375,2.75,0.9810148044289672,1.0,0.0,1.0,1.2559879720446798,0.8054110301768991,1.0,0.9811673238788051,0.9811673238788051,3.1630946806341935,0.008801874241551873,1.9085559336533833,0.0,1.0,5.301458934521829,3.9030351230219407,20.691780424697175,7.14288968817856,9.841118623234788,2.6982289350562283,0.009573865342982634
decoupled_1368,ph2_lesion_IMD331,clinical_mask,0.755859375,2.75,0.9810148044289672,1.0,0.0,1.0,1.2559879720446798,0.8054110301768991,1.0,0.9811673238788051,0.9811673238788051,3.1630946806341935,0.008801874241551873,1.9085559336533833,0.0,1.0,4.0587171245225875,1.2521674470243112,5.082193460007302,1.240096574426355,2.4160791161236146,1.1759825416972596,0.2727427429003093
decoupled_1369,midas_lesion_442,clinical_mask,0.755859375,2.75,0.9810148044289672,1.0,0.0,1.0,1.2559879720446798,0.8054110301768991,1.0,0.9811673238788051,0.9811673238788051,3.1630946806341935,0.008801874241551873,1.9085559336533833,0.0,1.0,8.89314315114014,5.382398204184716,47.8664377262543,2.6024301495023368,3.2452935847718574,0.6428634352695206,0.12624365267731985
decoupled_1370,isic2018_lesion_ISIC_0035691,clinical_mask,0.755859375,2.75,0.9810148044289672,1.0,0.0,1.0,1.2559879720446798,0.8054110301768991,1.0,0.9811673238788051,0.9811673238788051,3.1630946806341935,0.008801874241551873,1.9085559336533833,0.0,1.0,8.537951126131826,1.7182360112581345,14.670215087281647,1.5097215918761007,5.45053355793236,3.940811966056259,0.3097500050215131
decoupled_1371,ph2_lesion_IMD031,clinical_mask,0.755859375,2.75,0.9810148044289672,1.0,0.0,1.0,1.2559879720446798,0.8054110301768991,1.0,0.9811673238788051,0.9811673238788051,3.1630946806341935,0.008801874241551873,1.9085559336533833,0.0,1.0,9.120934554021625,5.749076778754381,52.436953045064165,7.175077321819754,8.156107761603371,0.9810304397836171,0.24451158461025882
decoupled_1372,isic2018_lesion_ISIC_0034585,clinical_mask,0.755859375,2.75,0.9810148044289672,1.0,0.0,1.0,1.2559879720446798,0.8054110301768991,1.0,0.9811673238788051,0.9811673238788051,3.1630946806341935,0.008801874241551873,1.9085559336533833,0.0,1.0,8.17379826768822,2.048673029601831,16.745440060419025,1.901398262625865,2.837551674238047,0.9361534116121821,0.30866759618225637
decoupled_1373,ph2_lesion_IMD031,clinical_mask,0.755859375,2.75,0.9810148044289672,1.0,0.0,1.0,1.2559879720446798,0.8054110301768991,1.0,0.9811673238788051,0.9811673238788051,3.1630946806341935,0.008801874241551873,1.9085559336533833,0.0,1.0,9.09221656964268,10.652247980728133,96.85254559431911,3.877340852015891,5.9468933159817245,2.0695524639658336,0.22009445965431784
decoupled_1374,midas_lesion_76,clinical_mask,0.755859375,2.75,0.9810148044289672,1.0,0.0,1.0,1.2559879720446798,0.8054110301768991,1.0,0.9811673238788051,0.9811673238788051,3.1630946806341935,0.008801874241551873,1.9085559336533833,0.0,1.0,7.9188729744834045,1.6437653784028154,13.016769231425542,5.9504495362614325,7.359694693181924,1.4092451569204911,0.21073339995100926
decoupled_1375,isic2018_lesion_ISIC_0034579,clinical_mask,0.755859375,2.75,0.9810148044289672,1.0,0.0,1.0,1.2559879720446798,0.8054110301768991,1.0,0.9811673238788051,0.9811673238788051,3.1630946806341935,0.008801874241551873,1.9085559336533833,0.0,1.0,6.5453101742567705,3.2737031223211246,21.427402354024615,5.91674065821702,7.545848515900767,1.6291078576837466,0.16760821514679136
decoupled_1376,ph2_lesion_IMD437,clinical_mask,0.755859375,2.75,0.9810148044289672,1.0,0.0,1.0,1.2559879720446798,0.8054110301768991,1.0,0.9811673238788051,0.9811673238788051,3.1630946806341935,0.008801874241551873,1.9085559336533833,0.0,1.0,7.1190086264713095,2.771318737490286,19.729041998894925,0.7305438213762714,2.7973332520730634,2.066789430696792,0.07056928180474319
decoupled_1377,ph2_lesion_IMD312,clinical_mask,0.755859375,2.75,0.9810148044289672,1.0,0.0,1.0,1.2559879720446798,0.8054110301768991,1.0,0.9811673238788051,0.9811673238788051,3.1630946806341935,0.008801874241551873,1.9085559336533833,0.0,1.0,7.9872127132477,5.550561024169154,44.33351157790104,2.4170859799562563,7.477094318601496,5.06000833864524,0.18326941163183955
decoupled_1378,isic2018_lesion_ISIC_0035078,clinical_mask,0.755859375,2.75,0.9810148044289672,1.0,0.0,1.0,1.2559879720446798,0.8054110301768991,1.0,0.9811673238788051,0.9811673238788051,3.1630946806341935,0.008801874241551873,1.9085559336533833,0.0,1.0,8.767000871285624,2.448218956155534,21.46353772171355,3.6735108923923,8.85661066159809,5.18309976920579,0.23131841723044558
decoupled_1379,isic2018_lesion_ISIC_0034982,clinical_mask,0.755859375,2.75,0.9810148044289672,1.0,0.0,1.0,1.2559879720446798,0.8054110301768991,1.0,0.9811673238788051,0.9811673238788051,3.1630946806341935,0.008801874241551873,1.9085559336533833,0.0,1.0,4.9627604161644,7.282015688858511,36.13889921055515,4.398365833073261,8.272068630521742,3.8737027974484812,0.028337549071092618
decoupled_1380,midas_lesion_289,clinical_mask,0.755859375,2.75,0.9810148044289672,1.0,0.0,1.0,1.2559879720446798,0.8054110301768991,1.0,0.9811673238788051,0.9811673238788051,3.1630946806341935,0.008801874241551873,1.9085559336533833,0.0,1.0,7.491235926851786,2.4700134987377886,18.5034538615534,6.243659302316253,10.612499052237286,4.368839749921033,0.17746017219412255
decoupled_1381,benign_nevi_BCN_0000002637,clinical_mask,0.15252685546875,1.30859375,0.4406849487070295,1.417669542590093,0.7088263668179722,0.9852158486102898,1.1192999836144735,0.7212121212121212,1.0150060024009604,0.5266806701684116,0.3715115930375157,3.3506702010670235,0.12587200220725414,1.7585747731755839,0.284992784992785,1.0,9.281260750812622,1.9362760713636442,17.97108310388505,4.427151042672684,6.051425067841041,1.624274025168357,0.15336306846532646
decoupled_1382,isic2018_lesion_ISIC_0035608,clinical_mask,0.755859375,2.75,0.9810148044289672,1.0,0.0,1.0,1.2559879720446798,0.8054110301768991,1.0,0.9811673238788051,0.9811673238788051,3.1630946806341935,0.008801874241551873,1.9085559336533833,0.0,1.0,6.449971437730385,1.9198116801529688,12.38273050280783,4.001221409396234,9.45873722709517,5.457515817698936,0.2576557445204962
decoupled_1383,isic2018_lesion_ISIC_0035443,clinical_mask,0.755859375,2.75,0.9810148044289672,1.0,0.0,1.0,1.2559879720446798,0.8054110301768991,1.0,0.9811673238788051,0.9811673238788051,3.1630946806341935,0.008801874241551873,1.9085559336533833,0.0,1.0,3.036634363283177,2.5190941463320886,7.6495678490975205,3.6389604638426682,6.915692969150792,3.2767325053081233,0.25211075184344445
decoupled_1384,isic2018_lesion_ISIC_0035287,clinical_mask,0.755859375,2.75,0.9810148044289672,1.0,0.0,1.0,1.2559879720446798,0.8054110301768991,1.0,0.9811673238788051,0.9811673238788051,3.1630946806341935,0.008801874241551873,1.9085559336533833,0.0,1.0,9.964126955853146,1.4663613298338696,14.611010453618325,3.425888103172168,6.56758003987096,3.141691936698792,0.0485125168883859
decoupled_1385,isic2018_lesion_ISIC_0035078,clinical_mask,0.755859375,2.75,0.9810148044289672,1.0,0.0,1.0,1.2559879720446798,0.8054110301768991,1.0,0.9811673238788051,0.9811673238788051,3.1630946806341935,0.008801874241551873,1.9085559336533833,0.0,1.0,3.1138569995291516,3.609833433016603,11.240505102533097,4.836790943830735,8.525011131136024,3.688220187305289,0.17452103465940472
decoupled_1386,midas_lesion_226,clinical_mask,0.755859375,2.75,0.9810148044289672,1.0,0.0,1.0,1.2559879720446798,0.8054110301768991,1.0,0.9811673238788051,0.9811673238788051,3.1630946806341935,0.008801874241551873,1.9085559336533833,0.0,1.0,4.395952504344245,6.851529382913623,30.11899774940732,2.896909512181294,6.037272103959199,3.140362591777905,0.0940320834617132
decoupled_1387,ph2_lesion_IMD312,clinical_mask,0.755859375,2.75,0.9810148044289672,1.0,0.0,1.0,1.2559879720446798,0.8054110301768991,1.0,0.9811673238788051,0.9811673238788051,3.1630946806341935,0.008801874241551873,1.9085559336533833,0.0,1.0,6.680110715511162,6.112985299465895,40.83541860272434,2.708754863366735,4.861884191371537,2.1531293280048023,0.03865250863094997
decoupled_1388,isic2018_lesion_ISIC_0035210,clinical_mask,0.755859375,2.75,0.9810148044289672,1.0,0.0,1.0,1.2559879720446798,0.8054110301768991,1.0,0.9811673238788051,0.9811673238788051,3.1630946806341935,0.008801874241551873,1.9085559336533833,0.0,1.0,9.06322967233927,1.4567810072753056,13.20314085123784,3.6032488166543577,8.603220141101984,4.9999713244476265,0.08928839104864308
decoupled_1389,isic2018_lesion_ISIC_0036062,clinical_mask,0.755859375,2.75,0.9810148044289672,1.0,0.0,1.0,1.2559879720446798,0.8054110301768991,1.0,0.9811673238788051,0.9811673238788051,3.1630946806341935,0.008801874241551873,1.9085559336533833,0.0,1.0,5.662368509198534,8.026967547935088,45.45164826778622,0.9638841018227309,3.2666618868260606,2.3027777850033297,0.11924870994811537
decoupled_1390,midas_lesion_544,clinical_mask,0.755859375,2.75,0.9810148044289672,1.0,0.0,1.0,1.2559879720446798,0.8054110301768991,1.0,0.9811673238788051,0.9811673238788051,3.1630946806341935,0.008801874241551873,1.9085559336533833,0.0,1.0,8.685753866043424,7.02295799054406,60.999684517428626,0.42617170823285777,2.9601710118536375,2.5339993036207797,0.272220142776087
decoupled_1391,ph2_lesion_IMD430,clinical_mask,0.755859375,2.75,0.9810148044289672,1.0,0.0,1.0,1.2559879720446798,0.8054110301768991,1.0,0.9811673238788051,0.9811673238788051,3.1630946806341935,0.008801874241551873,1.9085559336533833,0.0,1.0,3.677594359164264,1.9780137988212638,7.274332388894157,5.866484068164641,10.77304857459389,4.906564506429249,0.09988474624192943
decoupled_1392,midas_lesion_143,clinical_mask,0.755859375,2.75,0.9810148044289672,1.0,0.0,1.0,1.2559879720446798,0.8054110301768991,1.0,0.9811673238788051,0.9811673238788051,3.1630946806341935,0.008801874241551873,1.9085559336533833,0.0,1.0,5.233914373609874,2.9528248491392026,15.45483242066208,6.881286430489192,9.023766921884718,2.142480491395526,0.2934805398387441
decoupled_1393,isic2018_lesion_ISIC_0034748,clinical_mask,0.755859375,2.75,0.9810148044289672,1.0,0.0,1.0,1.2559879720446798,0.8054110301768991,1.0,0.9811673238788051,0.9811673238788051,3.1630946806341935,0.008801874241551873,1.9085559336533833,0.0,1.0,6.748184872336596,4.063684215146903,27.422492346607346,0.5787587898168187,2.998312912959639,2.41955412314282,0.08441971784890882
decoupled_1394,ph2_lesion_IMD430,clinical_mask,0.755859375,2.75,0.9810148044289672,1.0,0.0,1.0,1.2559879720446798,0.8054110301768991,1.0,0.9811673238788051,0.9811673238788051,3.1630946806341935,0.008801874241551873,1.9085559336533833,0.0,1.0,9.030071886101767,1.6248041750173594,14.672098501245033,2.862936504390122,6.939524121472511,4.076587617082389,0.21073209904163698
decoupled_1395,ph2_lesion_IMD437,clinical_mask,0.755859375,2.75,0.9810148044289672,1.0,0.0,1.0,1.2559879720446798,0.8054110301768991,1.0,0.9811673238788051,0.9811673238788051,3.1630946806341935,0.008801874241551873,1.9085559336533833,0.0,1.0,8.910206415068888,1.1065520391017987,9.859607077412406,0.3788252414717185,4.420426043738409,4.041600802266691,0.06862179473744769
decoupled_1396,ph2_lesion_IMD331,clinical_mask,0.755859375,2.75,0.9810148044289672,1.0,0.0,1.0,1.2559879720446798,0.8054110301768991,1.0,0.9811673238788051,0.9811673238788051,3.1630946806341935,0.008801874241551873,1.9085559336533833,0.0,1.0,8.06507904863444,2.381564500894501,19.207505959135776,5.61319202517148,6.452192299751394,0.8390002745799139,0.02250245131923264
decoupled_1397,isic2018_lesion_ISIC_0035421,clinical_mask,0.755859375,2.75,0.9810148044289672,1.0,0.0,1.0,1.2559879720446798,0.8054110301768991,1.0,0.9811673238788051,0.9811673238788051,3.1630946806341935,0.008801874241551873,1.9085559336533833,0.0,1.0,5.730733156203111,2.18508307531556,12.522128028769139,1.4933797974510588,4.022869120528731,2.529489323077672,0.20448166865728093
decoupled_1398,ph2_lesion_IMD331,clinical_mask,0.755859375,2.75,0.9810148044289672,1.0,0.0,1.0,1.2559879720446798,0.8054110301768991,1.0,0.9811673238788051,0.9811673238788051,3.1630946806341935,0.008801874241551873,1.9085559336533833,0.0,1.0,3.094041595543896,5.173906345790456,16.00828144532419,3.453116078768366,8.64404040468527,5.190924325916905,0.22383462125352158
decoupled_1399,squamous_cell_carcinoma_BCN_0000004833,clinical_mask,0.164306640625,2.015625,0.45738573688555156,1.8852126082925396,0.8477198850396415,0.7619317176720326,0.5082126929549741,0.4817897091722595,1.3124535661218424,0.702400355573212,0.37258415973007136,4.972584571971463,0.32249627842615697,1.80638791826563,0.43843400447427294,1.0,9.321034937053215,7.711812386337861,71.88207268105492,3.27718663506664,4.424704112914386,1.1475174778477455,0.10489393269856045
decoupled_1400,isic2018_lesion_ISIC_0035330,clinical_mask,0.755859375,2.75,0.9810148044289672,1.0,0.0,1.0,1.2559879720446798,0.8054110301768991,1.0,0.9811673238788051,0.9811673238788051,3.1630946806341935,0.008801874241551873,1.9085559336533833,0.0,1.0,8.737484233155069,4.188770795669139,36.599318783459516,5.732356107939155,9.957522849661242,4.225166741722087,0.2437274776285042
decoupled_1401,melanoma_BCN_0000018489,clinical_mask,0.0595855712890625,1.00390625,0.275439114253714,1.3180420505522392,0.6514388593266779,0.8058192323565829,0.7429586708212474,0.5223381487426432,1.2409731113956464,0.3570778055381461,0.27091533641778426,4.1126580779429185,0.2534256500244032,1.6452713136997572,0.4147940074906367,1.0,4.967485703526249,5.337252617718211,26.51272607462326,6.7710611150513325,12.033560265192428,5.262499150141095,0.15264336496011754
decoupled_1402,isic2018_lesion_ISIC_0034870,clinical_mask,0.755859375,2.75,0.9810148044289672,1.0,0.0,1.0,1.2559879720446798,0.8054110301768991,1.0,0.9811673238788051,0.9811673238788051,3.1630946806341935,0.008801874241551873,1.9085559336533833,0.0,1.0,4.901701263097803,1.9989445177281102,9.798228867410307,6.997674784338901,8.275355858684982,1.2776810743460807,0.03787046654450998
decoupled_1403,isic2018_lesion_ISIC_0034579,clinical_mask,0.755859375,2.75,0.9810148044289672,1.0,0.0,1.0,1.2559879720446798,0.8054110301768991,1.0,0.9811673238788051,0.9811673238788051,3.1630946806341935,0.008801874241551873,1.9085559336533833,0.0,1.0,8.566389592841531,3.763256250976028,32.237519183556884,6.304485302351579,7.684866609007106,1.3803813066555266,0.1260219077636835
decoupled_1404,isic2018_lesion_ISIC_0034538,clinical_mask,0.755859375,2.75,0.9810148044289672,1.0,0.0,1.0,1.2559879720446798,0.8054110301768991,1.0,0.9811673238788051,0.9811673238788051,3.1630946806341935,0.008801874241551873,1.9085559336533833,0.0,1.0,4.599098378803253,1.6918059983942837,7.78078222446477,7.357699367783615,11.63580543062415,4.278106062840534,0.16713344686924378
decoupled_1405,isic2018_lesion_ISIC_0034538,clinical_mask,0.755859375,2.75,0.9810148044289672,1.0,0.0,1.0,1.2559879720446798,0.8054110301768991,1.0,0.9811673238788051,0.9811673238788051,3.1630946806341935,0.008801874241551873,1.9085559336533833,0.0,1.0,4.687521369091948,1.616869564228057,7.579110633353404,4.265110860908017,9.4651824328793,5.200071571971284,0.20946970392778166
decoupled_1406,isic2018_lesion_ISIC_0035330,clinical_mask,0.755859375,2.75,0.9810148044289672,1.0,0.0,1.0,1.2559879720446798,0.8054110301768991,1.0,0.9811673238788051,0.9811673238788051,3.1630946806341935,0.008801874241551873,1.9085559336533833,0.0,1.0,8.700165934440676,2.4687770911747826,21.478770348366385,5.2026895718668325,7.32372590559574,2.1210363337289078,0.190262133448552
decoupled_1407,ph2_lesion_IMD278,clinical_mask,0.755859375,2.75,0.9810148044289672,1.0,0.0,1.0,1.2559879720446798,0.8054110301768991,1.0,0.9811673238788051,0.9811673238788051,3.1630946806341935,0.008801874241551873,1.9085559336533833,0.0,1.0,4.826603753532353,11.595813973751776,55.968399250973235,2.9680605603749566,7.451941428461855,4.4838808680868985,0.16018403380046534
decoupled_1408,isic2018_lesion_ISIC_0035117,clinical_mask,0.755859375,2.75,0.9810148044289672,1.0,0.0,1.0,1.2559879720446798,0.8054110301768991,1.0,0.9811673238788051,0.9811673238788051,3.1630946806341935,0.008801874241551873,1.9085559336533833,0.0,1.0,8.09517677799273,1.1292714631420302,9.141652124477236,5.497223926524781,8.048639443117901,2.55141551659312,0.15118298612522152
decoupled_1409,ph2_lesion_IMD433,clinical_mask,0.755859375,2.75,0.9810148044289672,1.0,0.0,1.0,1.2559879720446798,0.8054110301768991,1.0,0.9811673238788051,0.9811673238788051,3.1630946806341935,0.008801874241551873,1.9085559336533833,0.0,1.0,8.97086847508745,4.463941600476695,40.0454329783478,3.2626534662069497,8.247527317297644,4.984873851090694,0.14445970284123077
decoupled_1410,midas_lesion_234,clinical_mask,0.755859375,2.75,0.9810148044289672,1.0,0.0,1.0,1.2559879720446798,0.8054110301768991,1.0,0.9811673238788051,0.9811673238788051,3.1630946806341935,0.008801874241551873,1.9085559336533833,0.0,1.0,3.9625621777211952,1.2538518546089048,4.968465935538822,3.0354376077115655,6.139961476030565,3.1045238683189993,0.08134340236939148
decoupled_1411,midas_lesion_140,clinical_mask,0.755859375,2.75,0.9810148044289672,1.0,0.0,1.0,1.2559879720446798,0.8054110301768991,1.0,0.9811673238788051,0.9811673238788051,3.1630946806341935,0.008801874241551873,1.9085559336533833,0.0,1.0,6.247193095931998,10.262841863912179,64.11395483687404,3.0723244498470246,7.481098495254141,4.4087740454071165,0.18109987299870897
decoupled_1412,isic2018_lesion_ISIC_0035372,clinical_mask,0.755859375,2.75,0.9810148044289672,1.0,0.0,1.0,1.2559879720446798,0.8054110301768991,1.0,0.9811673238788051,0.9811673238788051,3.1630946806341935,0.008801874241551873,1.9085559336533833,0.0,1.0,5.319356102775037,1.750958997893019,9.313974431151093,4.072125770857125,5.419706082506622,1.347580311649497,0.2153041658046586
decoupled_1413,midas_lesion_140,clinical_mask,0.755859375,2.75,0.9810148044289672,1.0,0.0,1.0,1.2559879720446798,0.8054110301768991,1.0,0.9811673238788051,0.9811673238788051,3.1630946806341935,0.008801874241551873,1.9085559336533833,0.0,1.0,6.380101223547033,4.160412048091202,26.543849998486497,3.130518335228289,4.500876608563406,1.3703582733351167,0.08297545164401648
decoupled_1414,ph2_lesion_IMD031,clinical_mask,0.755859375,2.75,0.9810148044289672,1.0,0.0,1.0,1.2559879720446798,0.8054110301768991,1.0,0.9811673238788051,0.9811673238788051,3.1630946806341935,0.008801874241551873,1.9085559336533833,0.0,1.0,4.320889323903407,1.3177218799711277,5.693730403041172,3.8477406950332833,4.89548771925899,1.047747024225707,0.1098909227725802
decoupled_1415,isic2018_lesion_ISIC_0035001,clinical_mask,0.755859375,2.75,0.9810148044289672,1.0,0.0,1.0,1.2559879720446798,0.8054110301768991,1.0,0.9811673238788051,0.9811673238788051,3.1630946806341935,0.008801874241551873,1.9085559336533833,0.0,1.0,4.615793372561838,5.315090643592215,24.53336016725838,4.063654197098071,4.724227430632842,0.6605732335347714,0.16167400553944852
decoupled_1416,midas_lesion_300,clinical_mask,0.755859375,2.75,0.9810148044289672,1.0,0.0,1.0,1.2559879720446798,0.8054110301768991,1.0,0.9811673238788051,0.9811673238788051,3.1630946806341935,0.008801874241551873,1.9085559336533833,0.0,1.0,5.309662732167164,3.0012403994043915,15.935574298991991,4.105301661623367,5.436253905054015,1.330952243430648,0.33383152441148717
decoupled_1417,midas_lesion_218,clinical_mask,0.755859375,2.75,0.9810148044289672,1.0,0.0,1.0,1.2559879720446798,0.8054110301768991,1.0,0.9811673238788051,0.9811673238788051,3.1630946806341935,0.008801874241551873,1.9085559336533833,0.0,1.0,4.2916698010244225,2.9155510160694265,12.512582249011228,6.487072143024998,7.770892493739893,1.2838203507148958,0.21893689835987346
decoupled_1418,isic2018_lesion_ISIC_0035630,clinical_mask,0.755859375,2.75,0.9810148044289672,1.0,0.0,1.0,1.2559879720446798,0.8054110301768991,1.0,0.9811673238788051,0.9811673238788051,3.1630946806341935,0.008801874241551873,1.9085559336533833,0.0,1.0,3.5435112919619094,1.9855888688960648,7.035956578127081,1.5350066876471105,4.782862776735378,3.2478560890882675,0.2938916610191065
decoupled_1419,isic2018_lesion_ISIC_0035119,clinical_mask,0.755859375,2.75,0.9810148044289672,1.0,0.0,1.0,1.2559879720446798,0.8054110301768991,1.0,0.9811673238788051,0.9811673238788051,3.1630946806341935,0.008801874241551873,1.9085559336533833,0.0,1.0,7.434139689573928,5.619966504384006,41.77961604431719,3.068637358613765,3.8012738720009756,0.7326365133872104,0.008278335417378034
decoupled_1420,isic2018_lesion_ISIC_0035368,clinical_mask,0.755859375,2.75,0.9810148044289672,1.0,0.0,1.0,1.2559879720446798,0.8054110301768991,1.0,0.9811673238788051,0.9811673238788051,3.1630946806341935,0.008801874241551873,1.9085559336533833,0.0,1.0,6.3546184204737575,1.536919571136961,9.76653741753356,7.309314493431929,9.432854621927932,2.1235401284960034,0.015245640226571598
decoupled_1421,isic2018_lesion_ISIC_0034579,clinical_mask,0.755859375,2.75,0.9810148044289672,1.0,0.0,1.0,1.2559879720446798,0.8054110301768991,1.0,0.9811673238788051,0.9811673238788051,3.1630946806341935,0.008801874241551873,1.9085559336533833,0.0,1.0,7.410597690739996,4.787933886926768,35.48145180587528,0.7465452778392834,3.6676756717490058,2.9211303939097224,0.27418966100213793
decoupled_1422,midas_lesion_289,clinical_mask,0.755859375,2.75,0.9810148044289672,1.0,0.0,1.0,1.2559879720446798,0.8054110301768991,1.0,0.9811673238788051,0.9811673238788051,3.1630946806341935,0.008801874241551873,1.9085559336533833,0.0,1.0,3.862228387958451,1.3451224192337703,5.195169992844017,4.466680093772561,9.613134973652855,5.146454879880294,0.16738772936245527
decoupled_1423,isic2018_lesion_ISIC_0035078,clinical_mask,0.755859375,2.75,0.9810148044289672,1.0,0.0,1.0,1.2559879720446798,0.8054110301768991,1.0,0.9811673238788051,0.9811673238788051,3.1630946806341935,0.008801874241551873,1.9085559336533833,0.0,1.0,5.6294597987611565,9.69747722166694,54.591558168776075,2.0757228049577963,5.404263549680355,3.3285407447225586,0.08871103905023554
decoupled_1424,isic2018_lesion_ISIC_0035842,clinical_mask,0.755859375,2.75,0.9810148044289672,1.0,0.0,1.0,1.2559879720446798,0.8054110301768991,1.0,0.9811673238788051,0.9811673238788051,3.1630946806341935,0.008801874241551873,1.9085559336533833,0.0,1.0,7.91623853254058,1.5412384196684805,12.200810965611575,3.1614379781816364,6.766283372789186,3.6048453946075494,0.2950623361576463
decoupled_1425,isic2018_lesion_ISIC_0034898,clinical_mask,0.755859375,2.75,0.9810148044289672,1.0,0.0,1.0,1.2559879720446798,0.8054110301768991,1.0,0.9811673238788051,0.9811673238788051,3.1630946806341935,0.008801874241551873,1.9085559336533833,0.0,1.0,5.576939351573813,9.861149799693349,54.99503436967406,0.9730336729306779,3.1726254456464464,2.1995917727157686,0.1841739496330121
decoupled_1426,midas_lesion_415,clinical_mask,0.755859375,2.75,0.9810148044289672,1.0,0.0,1.0,1.2559879720446798,0.8054110301768991,1.0,0.9811673238788051,0.9811673238788051,3.1630946806341935,0.008801874241551873,1.9085559336533833,0.0,1.0,5.152246491407112,3.097393209040692,15.958533293788122,3.582036496127698,5.00463447991064,1.4225979837829423,0.11844308707707793
decoupled_1427,ph2_lesion_IMD398,clinical_mask,0.755859375,2.75,0.9810148044289672,1.0,0.0,1.0,1.2559879720446798,0.8054110301768991,1.0,0.9811673238788051,0.9811673238788051,3.1630946806341935,0.008801874241551873,1.9085559336533833,0.0,1.0,4.37369628806087,1.3346891302048982,5.837524894492355,7.210853554284156,11.883014934490564,4.672161380206409,0.18536149775822947
decoupled_1428,midas_lesion_626,clinical_mask,0.755859375,2.75,0.9810148044289672,1.0,0.0,1.0,1.2559879720446798,0.8054110301768991,1.0,0.9811673238788051,0.9811673238788051,3.1630946806341935,0.008801874241551873,1.9085559336533833,0.0,1.0,6.553320122660605,5.41289021908279,35.47240239446802,7.722359088520857,11.992217300552173,4.269858212031316,0.015430218416999163
decoupled_1429,midas_lesion_415,clinical_mask,0.755859375,2.75,0.9810148044289672,1.0,0.0,1.0,1.2559879720446798,0.8054110301768991,1.0,0.9811673238788051,0.9811673238788051,3.1630946806341935,0.008801874241551873,1.9085559336533833,0.0,1.0,4.015910622733232,1.5401167734395433,6.184971310705492,4.897115255133271,9.168588950354405,4.271473695221133,0.31420215687233605
decoupled_1430,midas_lesion_300,clinical_mask,0.755859375,2.75,0.9810148044289672,1.0,0.0,1.0,1.2559879720446798,0.8054110301768991,1.0,0.9811673238788051,0.9811673238788051,3.1630946806341935,0.008801874241551873,1.9085559336533833,0.0,1.0,4.837449754587,2.3712276883846193,11.470694799246077,4.704294450170389,8.560256365787414,3.8559619156170246,0.09375568429821751
decoupled_1431,isic2018_lesion_ISIC_0034870,clinical_mask,0.755859375,2.75,0.9810148044289672,1.0,0.0,1.0,1.2559879720446798,0.8054110301768991,1.0,0.9811673238788051,0.9811673238788051,3.1630946806341935,0.008801874241551873,1.9085559336533833,0.0,1.0,4.191993354527924,4.4157524035180895,18.51080473078854,3.3532569734211535,5.130698953269586,1.7774419798484322,0.2670416573143308
decoupled_1432,isic2018_lesion_ISIC_0035443,clinical_mask,0.755859375,2.75,0.9810148044289672,1.0,0.0,1.0,1.2559879720446798,0.8054110301768991,1.0,0.9811673238788051,0.9811673238788051,3.1630946806341935,0.008801874241551873,1.9085559336533833,0.0,1.0,9.208193012806996,1.2319057892874048,11.343626281352769,7.778778874292681,8.504860493069064,0.7260816187763828,0.12811344542861916
decoupled_1433,isic2018_lesion_ISIC_0035915,clinical_mask,0.755859375,2.75,0.9810148044289672,1.0,0.0,1.0,1.2559879720446798,0.8054110301768991,1.0,0.9811673238788051,0.9811673238788051,3.1630946806341935,0.008801874241551873,1.9085559336533833,0.0,1.0,9.601925131543009,1.7836352409009064,17.126332045112182,4.033586299098144,4.646393760109746,0.6128074610116014,0.04453249439098633
decoupled_1434,isic2018_lesion_ISIC_0034753,clinical_mask,0.755859375,2.75,0.9810148044289672,1.0,0.0,1.0,1.2559879720446798,0.8054110301768991,1.0,0.9811673238788051,0.9811673238788051,3.1630946806341935,0.008801874241551873,1.9085559336533833,0.0,1.0,9.022855415478938,1.3280742234335838,11.983021699065697,3.04572015987044,8.463756568935658,5.418036409065218,0.04174860634467788
decoupled_1435,isic2018_lesion_ISIC_0034982,clinical_mask,0.755859375,2.75,0.9810148044289672,1.0,0.0,1.0,1.2559879720446798,0.8054110301768991,1.0,0.9811673238788051,0.9811673238788051,3.1630946806341935,0.008801874241551873,1.9085559336533833,0.0,1.0,8.990569242240555,3.791050052627769,34.08369799894966,5.875169959539744,7.7035538023236585,1.8283838427839143,0.038197224808882935
decoupled_1436,isic2018_lesion_ISIC_0035348,clinical_mask,0.755859375,2.75,0.9810148044289672,1.0,0.0,1.0,1.2559879720446798,0.8054110301768991,1.0,0.9811673238788051,0.9811673238788051,3.1630946806341935,0.008801874241551873,1.9085559336533833,0.0,1.0,9.351284773839309,3.339518325650424,31.22878687061215,4.017413535270905,6.707138270037701,2.689724734766796,0.07497190732745684
decoupled_1437,isic2018_lesion_ISIC_0035882,clinical_mask,0.755859375,2.75,0.9810148044289672,1.0,0.0,1.0,1.2559879720446798,0.8054110301768991,1.0,0.9811673238788051,0.9811673238788051,3.1630946806341935,0.008801874241551873,1.9085559336533833,0.0,1.0,3.239355571311223,3.2977664284924884,10.682638053020256,1.3883826353341875,6.337079846802336,4.948697211468149,0.23054933027097377
decoupled_1438,midas_lesion_755,clinical_mask,0.755859375,2.75,0.9810148044289672,1.0,0.0,1.0,1.2559879720446798,0.8054110301768991,1.0,0.9811673238788051,0.9811673238788051,3.1630946806341935,0.008801874241551873,1.9085559336533833,0.0,1.0,8.692886170047958,1.4898080033422736,12.950731388280811,1.1513154993511585,4.358037794469627,3.206722295118469,0.2753166495489295
decoupled_1439,isic2018_lesion_ISIC_0034579,clinical_mask,0.755859375,2.75,0.9810148044289672,1.0,0.0,1.0,1.2559879720446798,0.8054110301768991,1.0,0.9811673238788051,0.9811673238788051,3.1630946806341935,0.008801874241551873,1.9085559336533833,0.0,1.0,4.34533304951381,2.932159394935775,12.74120912525684,3.1680694791622983,5.759270553806615,2.5912010746443164,0.006984579173629346
decoupled_1440,isic2018_lesion_ISIC_0035691,clinical_mask,0.755859375,2.75,0.9810148044289672,1.0,0.0,1.0,1.2559879720446798,0.8054110301768991,1.0,0.9811673238788051,0.9811673238788051,3.1630946806341935,0.008801874241551873,1.9085559336533833,0.0,1.0,6.269625412568234,3.152879504345162,19.767373463207967,3.771583648263836,6.365318955175326,2.5937353069114897,0.20092176609609444
decoupled_1441,ph2_lesion_IMD331,clinical_mask,0.755859375,2.75,0.9810148044289672,1.0,0.0,1.0,1.2559879720446798,0.8054110301768991,1.0,0.9811673238788051,0.9811673238788051,3.1630946806341935,0.008801874241551873,1.9085559336533833,0.0,1.0,4.5465289531860815,3.235399164721923,14.709835977522287,4.448996257655555,5.161229051890837,0.7122327942352822,0.021362479536333794
decoupled_1442,ph2_lesion_IMD278,clinical_mask,0.755859375,2.75,0.9810148044289672,1.0,0.0,1.0,1.2559879720446798,0.8054110301768991,1.0,0.9811673238788051,0.9811673238788051,3.1630946806341935,0.008801874241551873,1.9085559336533833,0.0,1.0,5.9460649415810565,8.98970271110755,53.45335612575278,5.54069998825371,10.504670062678452,4.963970074424742,0.24915553624387368
decoupled_1443,isic2018_lesion_ISIC_0034733,clinical_mask,0.755859375,2.75,0.9810148044289672,1.0,0.0,1.0,1.2559879720446798,0.8054110301768991,1.0,0.9811673238788051,0.9811673238788051,3.1630946806341935,0.008801874241551873,1.9085559336533833,0.0,1.0,8.144413193034797,6.460353271459643,52.615786415741425,2.7367189271692935,3.247291150960737,0.5105722237914434,0.21732597647061805
decoupled_1444,isic2018_lesion_ISIC_0036062,clinical_mask,0.755859375,2.75,0.9810148044289672,1.0,0.0,1.0,1.2559879720446798,0.8054110301768991,1.0,0.9811673238788051,0.9811673238788051,3.1630946806341935,0.008801874241551873,1.9085559336533833,0.0,1.0,9.67599250721392,1.3583472627659745,13.143357936718107,4.8601506447874225,5.55053507869554,0.6903844339081173,0.2824898791553367
decoupled_1445,isic2018_lesion_ISIC_0034753,clinical_mask,0.755859375,2.75,0.9810148044289672,1.0,0.0,1.0,1.2559879720446798,0.8054110301768991,1.0,0.9811673238788051,0.9811673238788051,3.1630946806341935,0.008801874241551873,1.9085559336533833,0.0,1.0,9.674767324820902,1.33168064048015,12.883700347613926,3.554716539636177,6.242004645525917,2.6872881058897398,0.14055715042512548
decoupled_1446,ph2_lesion_IMD312,clinical_mask,0.755859375,2.75,0.9810148044289672,1.0,0.0,1.0,1.2559879720446798,0.8054110301768991,1.0,0.9811673238788051,0.9811673238788051,3.1630946806341935,0.008801874241551873,1.9085559336533833,0.0,1.0,4.261173102606075,1.346211935813911,5.736442091297494,6.013735310099237,10.20403852900682,4.190303218907583,0.2413702941631904
decoupled_1447,isic2018_lesion_ISIC_0034669,clinical_mask,0.755859375,2.75,0.9810148044289672,1.0,0.0,1.0,1.2559879720446798,0.8054110301768991,1.0,0.9811673238788051,0.9811673238788051,3.1630946806341935,0.008801874241551873,1.9085559336533833,0.0,1.0,7.038472613515308,1.845181121628549,12.987256791558002,7.7238526856585965,10.432591353675882,2.7087386680172854,0.20049062148394603
decoupled_1448,isic2018_lesion_ISIC_0035119,clinical_mask,0.755859375,2.75,0.9810148044289672,1.0,0.0,1.0,1.2559879720446798,0.8054110301768991,1.0,0.9811673238788051,0.9811673238788051,3.1630946806341935,0.008801874241551873,1.9085559336533833,0.0,1.0,5.663544136852754,9.464127188108368,53.60050204663988,7.746618750112225,10.776432200936835,3.0298134508246104,0.09222062437531642
decoupled_1449,isic2018_lesion_ISIC_0035376,clinical_mask,0.755859375,2.75,0.9810148044289672,1.0,0.0,1.0,1.2559879720446798,0.8054110301768991,1.0,0.9811673238788051,0.9811673238788051,3.1630946806341935,0.008801874241551873,1.9085559336533833,0.0,1.0,4.300792544147307,2.981939231733164,12.82470201493834,3.050562338701325,7.476317691504915,4.4257553528035904,0.29686713623034705
decoupled_1450,midas_lesion_647,clinical_mask,0.755859375,2.75,0.9810148044289672,1.0,0.0,1.0,1.2559879720446798,0.8054110301768991,1.0,0.9811673238788051,0.9811673238788051,3.1630946806341935,0.008801874241551873,1.9085559336533833,0.0,1.0,6.335919660263901,2.363685683131614,14.976122590437903,1.626661063620969,3.5614722204341716,1.9348111568132025,0.0649063329978217
decoupled_1451,isic2018_lesion_ISIC_0034579,clinical_mask,0.755859375,2.75,0.9810148044289672,1.0,0.0,1.0,1.2559879720446798,0.8054110301768991,1.0,0.9811673238788051,0.9811673238788051,3.1630946806341935,0.008801874241551873,1.9085559336533833,0.0,1.0,5.625532795893765,1.7528000992463029,9.860434442955922,6.639158290222112,10.87533942075195,4.236181130529837,0.1116215915252707
decoupled_1452,isic2018_lesion_ISIC_0035210,clinical_mask,0.755859375,2.75,0.9810148044289672,1.0,0.0,1.0,1.2559879720446798,0.8054110301768991,1.0,0.9811673238788051,0.9811673238788051,3.1630946806341935,0.008801874241551873,1.9085559336533833,0.0,1.0,6.635688700579655,1.2136493690721466,8.05339940481767,1.6878815106705296,2.6484877468103027,0.9606062361397731,0.1814999630882568
decoupled_1453,ph2_lesion_IMD312,clinical_mask,0.755859375,2.75,0.9810148044289672,1.0,0.0,1.0,1.2559879720446798,0.8054110301768991,1.0,0.9811673238788051,0.9811673238788051,3.1630946806341935,0.008801874241551873,1.9085559336533833,0.0,1.0,6.174068194420064,11.469420584054761,70.8129848364393,2.529305610496301,6.412048458045389,3.8827428475490877,0.2620378918372827
decoupled_1454,isic2018_lesion_ISIC_0035008,clinical_mask,0.755859375,2.75,0.9810148044289672,1.0,0.0,1.0,1.2559879720446798,0.8054110301768991,1.0,0.9811673238788051,0.9811673238788051,3.1630946806341935,0.008801874241551873,1.9085559336533833,0.0,1.0,4.806361939940686,1.432816721025917,6.886635754849579,2.1618327419317134,2.9530485281821264,0.791215786250413,0.13675345692583415
decoupled_1455,midas_lesion_275,clinical_mask,0.755859375,2.75,0.9810148044289672,1.0,0.0,1.0,1.2559879720446798,0.8054110301768991,1.0,0.9811673238788051,0.9811673238788051,3.1630946806341935,0.008801874241551873,1.9085559336533833,0.0,1.0,4.242823865899114,5.205851591885712,22.087511376381592,5.333250375527201,6.261949518726342,0.9286991431991414,0.21057105026608008
decoupled_1456,midas_lesion_226,clinical_mask,0.755859375,2.75,0.9810148044289672,1.0,0.0,1.0,1.2559879720446798,0.8054110301768991,1.0,0.9811673238788051,0.9811673238788051,3.1630946806341935,0.008801874241551873,1.9085559336533833,0.0,1.0,4.821114985842632,4.091560666923421,19.72588444678878,2.5086972600082427,6.163064323894998,3.6543670638867556,0.2756065997277366
decoupled_1457,midas_lesion_140,clinical_mask,0.755859375,2.75,0.9810148044289672,1.0,0.0,1.0,1.2559879720446798,0.8054110301768991,1.0,0.9811673238788051,0.9811673238788051,3.1630946806341935,0.008801874241551873,1.9085559336533833,0.0,1.0,6.21284901005237,2.206778056026463,13.710378860789303,7.420880149803656,8.452902983570365,1.0320228337667086,0.2639298995982301
decoupled_1458,midas_lesion_138,clinical_mask,0.755859375,2.75,0.9810148044289672,1.0,0.0,1.0,1.2559879720446798,0.8054110301768991,1.0,0.9811673238788051,0.9811673238788051,3.1630946806341935,0.008801874241551873,1.9085559336533833,0.0,1.0,4.828274525690993,5.518703667204974,26.645816331203243,0.5194332572044897,5.715178508710666,5.195745251506176,0.10461900461527843
decoupled_1459,ph2_lesion_IMD256,clinical_mask,0.755859375,2.75,0.9810148044289672,1.0,0.0,1.0,1.2559879720446798,0.8054110301768991,1.0,0.9811673238788051,0.9811673238788051,3.1630946806341935,0.008801874241551873,1.9085559336533833,0.0,1.0,8.185997196346547,7.725714083658874,63.24267382860657,0.9654229531464213,1.7972381722314756,0.8318152190850543,0.1423811392950945
decoupled_1460,midas_lesion_486,clinical_mask,0.755859375,2.75,0.9810148044289672,1.0,0.0,1.0,1.2559879720446798,0.8054110301768991,1.0,0.9811673238788051,0.9811673238788051,3.1630946806341935,0.008801874241551873,1.9085559336533833,0.0,1.0,4.833936655793206,9.668796817599874,46.73835135401273,5.001479225667833,6.8151898011086605,1.8137105754408278,0.2950872604538292
decoupled_1461,midas_lesion_143,clinical_mask,0.755859375,2.75,0.9810148044289672,1.0,0.0,1.0,1.2559879720446798,0.8054110301768991,1.0,0.9811673238788051,0.9811673238788051,3.1630946806341935,0.008801874241551873,1.9085559336533833,0.0,1.0,5.990175959474257,3.9865342162457793,23.880041423777016,4.601372093227001,9.018812497022843,4.417440403795842,0.33458639922429584
decoupled_1462,isic2018_lesion_ISIC_0036062,clinical_mask,0.755859375,2.75,0.9810148044289672,1.0,0.0,1.0,1.2559879720446798,0.8054110301768991,1.0,0.9811673238788051,0.9811673238788051,3.1630946806341935,0.008801874241551873,1.9085559336533833,0.0,1.0,5.831025319281437,7.274089957838283,42.41540271888587,3.478561902874199,8.676627675581303,5.198065772707103,0.24220395564310107
decoupled_1463,benign_nevi_BCN_0000002637,clinical_mask,0.15252685546875,1.30859375,0.4406849487070295,1.417669542590093,0.7088263668179722,0.9852158486102898,1.1192999836144735,0.7212121212121212,1.0150060024009604,0.5266806701684116,0.3715115930375157,3.3506702010670235,0.12587200220725414,1.7585747731755839,0.284992784992785,1.0,8.961309435999722,1.3585679463025673,12.174547756647959,1.6875338020327684,6.35406599282564,4.666532190792871,0.07380223556984616
decoupled_1464,isic2018_lesion_ISIC_0035642,clinical_mask,0.755859375,2.75,0.9810148044289672,1.0,0.0,1.0,1.2559879720446798,0.8054110301768991,1.0,0.9811673238788051,0.9811673238788051,3.1630946806341935,0.008801874241551873,1.9085559336533833,0.0,1.0,3.4051133395142634,4.035681937418135,13.74195439913926,1.539040928042729,5.118095171212757,3.5790542431700283,0.33552114895191915
decoupled_1465,midas_lesion_536,clinical_mask,0.755859375,2.75,0.9810148044289672,1.0,0.0,1.0,1.2559879720446798,0.8054110301768991,1.0,0.9811673238788051,0.9811673238788051,3.1630946806341935,0.008801874241551873,1.9085559336533833,0.0,1.0,7.230202705665205,2.966504282728013,21.448427291347496,4.492872336437284,6.28337323941697,1.7905009029796863,0.24730715090453018
decoupled_1466,midas_lesion_289,clinical_mask,0.755859375,2.75,0.9810148044289672,1.0,0.0,1.0,1.2559879720446798,0.8054110301768991,1.0,0.9811673238788051,0.9811673238788051,3.1630946806341935,0.008801874241551873,1.9085559336533833,0.0,1.0,4.535451977960018,7.613617933429622,34.53119851560525,1.7482490119646603,4.404809411706669,2.6565603997420086,0.036438511861217215
decoupled_1467,midas_lesion_277,clinical_mask,0.755859375,2.75,0.9810148044289672,1.0,0.0,1.0,1.2559879720446798,0.8054110301768991,1.0,0.9811673238788051,0.9811673238788051,3.1630946806341935,0.008801874241551873,1.9085559336533833,0.0,1.0,5.105601430456768,1.6575687355197164,8.46288530714988,5.499267587395062,10.469331250012308,4.970063662617246,0.18883080001617855
decoupled_1468,ph2_lesion_IMD078,clinical_mask,0.755859375,2.75,0.9810148044289672,1.0,0.0,1.0,1.2559879720446798,0.8054110301768991,1.0,0.9811673238788051,0.9811673238788051,3.1630946806341935,0.008801874241551873,1.9085559336533833,0.0,1.0,8.566926893543062,1.6687249158039181,14.295844359125969,2.929501923655572,4.9159912571307975,1.9864893334752254,0.32133345334901176
decoupled_1469,midas_lesion_619,clinical_mask,0.755859375,2.75,0.9810148044289672,1.0,0.0,1.0,1.2559879720446798,0.8054110301768991,1.0,0.9811673238788051,0.9811673238788051,3.1630946806341935,0.008801874241551873,1.9085559336533833,0.0,1.0,4.655121728860809,9.530866133017007,44.36734203067107,3.540311376644125,8.158493015876479,4.618181639232354,0.02290596465078291
decoupled_1470,midas_lesion_76,clinical_mask,0.755859375,2.75,0.9810148044289672,1.0,0.0,1.0,1.2559879720446798,0.8054110301768991,1.0,0.9811673238788051,0.9811673238788051,3.1630946806341935,0.008801874241551873,1.9085559336533833,0.0,1.0,6.711545871936451,1.3757721215380805,9.233557703034158,7.392434158766966,11.341861948454177,3.9494277896872108,0.1066473944512507
decoupled_1471,isic2018_lesion_ISIC_0034961,clinical_mask,0.755859375,2.75,0.9810148044289672,1.0,0.0,1.0,1.2559879720446798,0.8054110301768991,1.0,0.9811673238788051,0.9811673238788051,3.1630946806341935,0.008801874241551873,1.9085559336533833,0.0,1.0,8.122512796686463,3.1583242400799008,25.653529056134044,5.353978705349403,7.1048964153822185,1.750917710032816,0.1947933624719128
decoupled_1472,midas_lesion_226,clinical_mask,0.755859375,2.75,0.9810148044289672,1.0,0.0,1.0,1.2559879720446798,0.8054110301768991,1.0,0.9811673238788051,0.9811673238788051,3.1630946806341935,0.008801874241551873,1.9085559336533833,0.0,1.0,9.350080965832902,6.223357647789477,58.18889788616701,5.976391139932668,11.137941941448412,5.1615508015157445,0.21998133057873473
decoupled_1473,ph2_lesion_IMD278,clinical_mask,0.755859375,2.75,0.9810148044289672,1.0,0.0,1.0,1.2559879720446798,0.8054110301768991,1.0,0.9811673238788051,0.9811673238788051,3.1630946806341935,0.008801874241551873,1.9085559336533833,0.0,1.0,8.822796835524485,9.664954809315079,85.27193270711223,7.021054640609159,10.883359610934427,3.862304970325268,0.30998009382718844
decoupled_1474,isic2018_lesion_ISIC_0034748,clinical_mask,0.755859375,2.75,0.9810148044289672,1.0,0.0,1.0,1.2559879720446798,0.8054110301768991,1.0,0.9811673238788051,0.9811673238788051,3.1630946806341935,0.008801874241551873,1.9085559336533833,0.0,1.0,5.833261559633142,1.4586739815255565,8.508826864470052,4.569532713792948,7.564024665093282,2.9944919513003336,0.16660895425200217
decoupled_1475,midas_lesion_178,clinical_mask,0.755859375,2.75,0.9810148044289672,1.0,0.0,1.0,1.2559879720446798,0.8054110301768991,1.0,0.9811673238788051,0.9811673238788051,3.1630946806341935,0.008801874241551873,1.9085559336533833,0.0,1.0,8.222315388760585,1.7794128315141065,14.630893507516483,7.754221661155737,10.46799246829209,2.7137708071363535,0.20145482534745907
decoupled_1476,midas_lesion_536,clinical_mask,0.755859375,2.75,0.9810148044289672,1.0,0.0,1.0,1.2559879720446798,0.8054110301768991,1.0,0.9811673238788051,0.9811673238788051,3.1630946806341935,0.008801874241551873,1.9085559336533833,0.0,1.0,3.6549025961033923,1.5306038175384826,5.594207866327163,3.434540817295661,4.489545853710524,1.055005036414863,0.3064324402210101
decoupled_1477,midas_lesion_357,clinical_mask,0.755859375,2.75,0.9810148044289672,1.0,0.0,1.0,1.2559879720446798,0.8054110301768991,1.0,0.9811673238788051,0.9811673238788051,3.1630946806341935,0.008801874241551873,1.9085559336533833,0.0,1.0,9.417511914259954,4.783809327868245,45.051581340747106,7.965123151334489,11.104215239438922,3.139092088104433,0.23284222238240035
decoupled_1478,melanoma_BCN_0000018489,clinical_mask,0.0595855712890625,1.00390625,0.275439114253714,1.3180420505522392,0.6514388593266779,0.8058192323565829,0.7429586708212474,0.5223381487426432,1.2409731113956464,0.3570778055381461,0.27091533641778426,4.1126580779429185,0.2534256500244032,1.6452713136997572,0.4147940074906367,1.0,3.253696457197702,3.1732830356910435,10.324899770913518,6.240398792700939,10.938303010706912,4.697904218005974,0.15727867590049235
decoupled_1479,basal_cell_carcinoma_BCN_0000016844,clinical_mask,0.2169952392578125,2.78125,0.525630021633387,2.4365315915937504,0.9118968473174451,0.6912122095849129,0.35251695750773615,0.5605439495467087,1.44673370367766,0.9482634593695075,0.3891857846789676,5.97055805285277,0.37169938227061444,1.783892277965634,0.35644461962948365,1.0,8.968604278210027,1.9264867410702289,17.277897227877347,3.739758202075624,9.092846389935932,5.353088187860308,0.3371908419087571
decoupled_1480,isic2018_lesion_ISIC_0034579,clinical_mask,0.755859375,2.75,0.9810148044289672,1.0,0.0,1.0,1.2559879720446798,0.8054110301768991,1.0,0.9811673238788051,0.9811673238788051,3.1630946806341935,0.008801874241551873,1.9085559336533833,0.0,1.0,3.881251818151968,3.284684371115518,12.748687187447457,7.95914421875432,12.95113256282434,4.99198834407002,0.24909863926808956
decoupled_1481,midas_lesion_442,clinical_mask,0.755859375,2.75,0.9810148044289672,1.0,0.0,1.0,1.2559879720446798,0.8054110301768991,1.0,0.9811673238788051,0.9811673238788051,3.1630946806341935,0.008801874241551873,1.9085559336533833,0.0,1.0,3.1940180712252397,1.5656669766312472,5.000768616880789,4.1748277666065,6.527058762091894,2.352230995485394,0.045376913906054854
decoupled_1482,isic2018_lesion_ISIC_0034538,clinical_mask,0.755859375,2.75,0.9810148044289672,1.0,0.0,1.0,1.2559879720446798,0.8054110301768991,1.0,0.9811673238788051,0.9811673238788051,3.1630946806341935,0.008801874241551873,1.9085559336533833,0.0,1.0,6.2883101793200895,3.1610692114587415,19.877783699951333,6.612917741885703,10.550930335462096,3.938012593576394,0.15761098210318303
decoupled_1483,isic2018_lesion_ISIC_0034970,clinical_mask,0.755859375,2.75,0.9810148044289672,1.0,0.0,1.0,1.2559879720446798,0.8054110301768991,1.0,0.9811673238788051,0.9811673238788051,3.1630946806341935,0.008801874241551873,1.9085559336533833,0.0,1.0,9.666970889411278,2.2479475385935666,21.730843416507742,3.531651539797929,4.322147110116006,0.7904955703180772,0.10701009341104603
decoupled_1484,ph2_lesion_IMD433,clinical_mask,0.755859375,2.75,0.9810148044289672,1.0,0.0,1.0,1.2559879720446798,0.8054110301768991,1.0,0.9811673238788051,0.9811673238788051,3.1630946806341935,0.008801874241551873,1.9085559336533833,0.0,1.0,4.604844980591444,5.548960230687173,25.55210166578137,5.882407155020504,10.649421463130663,4.767014308110159,0.15874392179457156
decoupled_1485,ph2_lesion_IMD256,clinical_mask,0.755859375,2.75,0.9810148044289672,1.0,0.0,1.0,1.2559879720446798,0.8054110301768991,1.0,0.9811673238788051,0.9811673238788051,3.1630946806341935,0.008801874241551873,1.9085559336533833,0.0,1.0,3.5937495421846415,4.278556800886487,15.376061544396796,4.29299933387409,5.399730140199014,1.106730806324924,0.04449264159433031
decoupled_1486,ph2_lesion_IMD370,clinical_mask,0.755859375,2.75,0.9810148044289672,1.0,0.0,1.0,1.2559879720446798,0.8054110301768991,1.0,0.9811673238788051,0.9811673238788051,3.1630946806341935,0.008801874241551873,1.9085559336533833,0.0,1.0,5.100920369730921,5.875312460826967,29.96950100996618,4.362750686425695,6.417345767829673,2.0545950814039777,0.3136482224705496
decoupled_1487,isic2018_lesion_ISIC_0035029,clinical_mask,0.755859375,2.75,0.9810148044289672,1.0,0.0,1.0,1.2559879720446798,0.8054110301768991,1.0,0.9811673238788051,0.9811673238788051,3.1630946806341935,0.008801874241551873,1.9085559336533833,0.0,1.0,6.7190002987440085,3.122242673185174,20.978349453882473,5.010474083189527,6.133365882908506,1.1228917997189791,0.29283071733832144
decoupled_1488,midas_lesion_69,clinical_mask,0.755859375,2.75,0.9810148044289672,1.0,0.0,1.0,1.2559879720446798,0.8054110301768991,1.0,0.9811673238788051,0.9811673238788051,3.1630946806341935,0.008801874241551873,1.9085559336533833,0.0,1.0,7.137153002665592,7.075654553191629,50.5000291401361,2.464303963156061,4.840789107468109,2.3764851443120483,0.20050417653885041
decoupled_1489,isic2018_lesion_ISIC_0035691,clinical_mask,0.755859375,2.75,0.9810148044289672,1.0,0.0,1.0,1.2559879720446798,0.8054110301768991,1.0,0.9811673238788051,0.9811673238788051,3.1630946806341935,0.008801874241551873,1.9085559336533833,0.0,1.0,6.59191303549622,9.280262532304956,61.174683559528205,5.335998071371242,6.893164060289921,1.5571659889186789,0.11760463180976771
decoupled_1490,isic2018_lesion_ISIC_0035642,clinical_mask,0.755859375,2.75,0.9810148044289672,1.0,0.0,1.0,1.2559879720446798,0.8054110301768991,1.0,0.9811673238788051,0.9811673238788051,3.1630946806341935,0.008801874241551873,1.9085559336533833,0.0,1.0,8.871495406462895,1.8090140347086048,16.048659699144295,0.7053884672679809,5.650257571534319,4.944869104266338,0.2446651799869002
decoupled_1491,midas_lesion_76,clinical_mask,0.755859375,2.75,0.9810148044289672,1.0,0.0,1.0,1.2559879720446798,0.8054110301768991,1.0,0.9811673238788051,0.9811673238788051,3.1630946806341935,0.008801874241551873,1.9085559336533833,0.0,1.0,3.2960618861790616,9.145291422005009,30.14344649407102,4.54152823794628,7.817807276326021,3.276279038379741,0.1884138417314397
decoupled_1492,midas_lesion_178,clinical_mask,0.755859375,2.75,0.9810148044289672,1.0,0.0,1.0,1.2559879720446798,0.8054110301768991,1.0,0.9811673238788051,0.9811673238788051,3.1630946806341935,0.008801874241551873,1.9085559336533833,0.0,1.0,5.9826759417100215,1.3778377104238966,8.243156521733866,6.169413381790851,10.508963396493286,4.339550014702435,0.0063629942777695785
decoupled_1493,ph2_lesion_IMD312,clinical_mask,0.755859375,2.75,0.9810148044289672,1.0,0.0,1.0,1.2559879720446798,0.8054110301768991,1.0,0.9811673238788051,0.9811673238788051,3.1630946806341935,0.008801874241551873,1.9085559336533833,0.0,1.0,3.567819378984051,1.7368679426483342,6.196831104516886,2.161682741397427,4.245442322027864,2.0837595806304368,0.32767047681367034
decoupled_1494,midas_lesion_415,clinical_mask,0.755859375,2.75,0.9810148044289672,1.0,0.0,1.0,1.2559879720446798,0.8054110301768991,1.0,0.9811673238788051,0.9811673238788051,3.1630946806341935,0.008801874241551873,1.9085559336533833,0.0,1.0,3.0509215617582104,2.722096101655981,8.304901689720202,2.473734045351062,7.501520782285274,5.027786736934212,0.19884653273023722
decoupled_1495,isic2018_lesion_ISIC_0035642,clinical_mask,0.755859375,2.75,0.9810148044289672,1.0,0.0,1.0,1.2559879720446798,0.8054110301768991,1.0,0.9811673238788051,0.9811673238788051,3.1630946806341935,0.008801874241551873,1.9085559336533833,0.0,1.0,8.63336109600829,10.266352988334724,88.63313248737745,7.544871017048279,11.390489422660252,3.8456184056119733,0.29692012572184223
decoupled_1496,isic2018_lesion_ISIC_0035553,clinical_mask,0.755859375,2.75,0.9810148044289672,1.0,0.0,1.0,1.2559879720446798,0.8054110301768991,1.0,0.9811673238788051,0.9811673238788051,3.1630946806341935,0.008801874241551873,1.9085559336533833,0.0,1.0,8.000585732495004,2.191817828423421,17.535826446312605,6.843054136815293,8.228575519749935,1.385521382934642,0.3129709467732214
decoupled_1497,isic2018_lesion_ISIC_0035210,clinical_mask,0.755859375,2.75,0.9810148044289672,1.0,0.0,1.0,1.2559879720446798,0.8054110301768991,1.0,0.9811673238788051,0.9811673238788051,3.1630946806341935,0.008801874241551873,1.9085559336533833,0.0,1.0,3.8353763538516836,2.278591454863363,8.739255786071448,3.124277205121939,6.515379080756685,3.391101875634746,0.25105186732866475
decoupled_1498,midas_lesion_415,clinical_mask,0.755859375,2.75,0.9810148044289672,1.0,0.0,1.0,1.2559879720446798,0.8054110301768991,1.0,0.9811673238788051,0.9811673238788051,3.1630946806341935,0.008801874241551873,1.9085559336533833,0.0,1.0,6.938768931971993,9.224323067527063,64.00544631942938,0.9072817183132695,5.090652687369362,4.183370969056092,0.10817338878372389
decoupled_1499,isic2018_lesion_ISIC_0035368,clinical_mask,0.755859375,2.75,0.9810148044289672,1.0,0.0,1.0,1.2559879720446798,0.8054110301768991,1.0,0.9811673238788051,0.9811673238788051,3.1630946806341935,0.008801874241551873,1.9085559336533833,0.0,1.0,3.6313571099333837,1.1644586845656015,4.228565323420972,4.197729006343455,5.651077888668523,1.4533488823250673,0.34240118778110606
decoupled_1500,isic2018_lesion_ISIC_0035626,clinical_mask,0.755859375,2.75,0.9810148044289672,1.0,0.0,1.0,1.2559879720446798,0.8054110301768991,1.0,0.9811673238788051,0.9811673238788051,3.1630946806341935,0.008801874241551873,1.9085559336533833,0.0,1.0,9.030822408560457,11.435382274407967,103.27090649417852,1.1789988715995423,6.156608931626284,4.977610060026741,0.08718121905486458
decoupled_1501,isic2018_lesion_ISIC_0035117,clinical_mask,0.755859375,2.75,0.9810148044289672,1.0,0.0,1.0,1.2559879720446798,0.8054110301768991,1.0,0.9811673238788051,0.9811673238788051,3.1630946806341935,0.008801874241551873,1.9085559336533833,0.0,1.0,6.285162388402814,4.760816235143337,29.922503139220385,4.350458465831787,6.95749898167313,2.6070405158413426,0.300097177144245
decoupled_1502,midas_lesion_178,clinical_mask,0.755859375,2.75,0.9810148044289672,1.0,0.0,1.0,1.2559879720446798,0.8054110301768991,1.0,0.9811673238788051,0.9811673238788051,3.1630946806341935,0.008801874241551873,1.9085559336533833,0.0,1.0,6.09084358055124,4.35741811587108,26.54035215883105,7.582149468643984,8.980975495446163,1.3988260268021788,0.13317926432138183
decoupled_1503,isic2018_lesion_ISIC_0034970,clinical_mask,0.755859375,2.75,0.9810148044289672,1.0,0.0,1.0,1.2559879720446798,0.8054110301768991,1.0,0.9811673238788051,0.9811673238788051,3.1630946806341935,0.008801874241551873,1.9085559336533833,0.0,1.0,8.12002797608218,1.3723852739362956,11.143806818325928,7.305566745676891,8.060874274171056,0.755307528494165,0.3026732092017214
decoupled_1504,isic2018_lesion_ISIC_0035642,clinical_mask,0.755859375,2.75,0.9810148044289672,1.0,0.0,1.0,1.2559879720446798,0.8054110301768991,1.0,0.9811673238788051,0.9811673238788051,3.1630946806341935,0.008801874241551873,1.9085559336533833,0.0,1.0,5.356542427118056,1.4252553698716017,7.634440858195072,2.7811765066017875,6.803994623946975,4.022818117345188,0.17718696565308756
decoupled_1505,isic2018_lesion_ISIC_0035348,clinical_mask,0.755859375,2.75,0.9810148044289672,1.0,0.0,1.0,1.2559879720446798,0.8054110301768991,1.0,0.9811673238788051,0.9811673238788051,3.1630946806341935,0.008801874241551873,1.9085559336533833,0.0,1.0,5.155614322259242,1.3765769257700595,7.0970997141917165,4.200207643454661,6.873607990946992,2.673400347492331,0.02993412543700559
decoupled_1506,midas_lesion_140,clinical_mask,0.755859375,2.75,0.9810148044289672,1.0,0.0,1.0,1.2559879720446798,0.8054110301768991,1.0,0.9811673238788051,0.9811673238788051,3.1630946806341935,0.008801874241551873,1.9085559336533833,0.0,1.0,9.972571413917592,7.772324941990783,77.51006553617599,6.718606941949418,9.495528927001196,2.7769219850517777,0.3139837764572733
decoupled_1507,midas_lesion_755,clinical_mask,0.755859375,2.75,0.9810148044289672,1.0,0.0,1.0,1.2559879720446798,0.8054110301768991,1.0,0.9811673238788051,0.9811673238788051,3.1630946806341935,0.008801874241551873,1.9085559336533833,0.0,1.0,4.301600699215752,10.414185843733275,44.79766910716584,7.492624156647412,9.658150481893905,2.1655263252464936,0.11061411148435864
decoupled_1508,isic2018_lesion_ISIC_0035317,clinical_mask,0.755859375,2.75,0.9810148044289672,1.0,0.0,1.0,1.2559879720446798,0.8054110301768991,1.0,0.9811673238788051,0.9811673238788051,3.1630946806341935,0.008801874241551873,1.9085559336533833,0.0,1.0,3.475565178797609,1.8488368781512257,6.425753074979278,5.02511918213291,9.804481477450452,4.779362295317542,0.3187529151985296
decoupled_1509,midas_lesion_626,clinical_mask,0.755859375,2.75,0.9810148044289672,1.0,0.0,1.0,1.2559879720446798,0.8054110301768991,1.0,0.9811673238788051,0.9811673238788051,3.1630946806341935,0.008801874241551873,1.9085559336533833,0.0,1.0,3.7690146132777427,6.768424506679034,25.510290874540477,0.4928166358753788,5.855824091341176,5.363007455465797,0.1243048208400104
decoupled_1510,isic2018_lesion_ISIC_0035643,clinical_mask,0.755859375,2.75,0.9810148044289672,1.0,0.0,1.0,1.2559879720446798,0.8054110301768991,1.0,0.9811673238788051,0.9811673238788051,3.1630946806341935,0.008801874241551873,1.9085559336533833,0.0,1.0,7.887369926781293,7.974388748148192,62.896953996607174,6.290930220135106,10.437442187986157,4.146511967851051,0.16004143934189627
decoupled_1511,midas_lesion_289,clinical_mask,0.755859375,2.75,0.9810148044289672,1.0,0.0,1.0,1.2559879720446798,0.8054110301768991,1.0,0.9811673238788051,0.9811673238788051,3.1630946806341935,0.008801874241551873,1.9085559336533833,0.0,1.0,3.3534975470430672,3.813584237593946,12.788845386213403,4.909933866205732,7.967743709523633,3.0578098433179015,0.17865615349985728
decoupled_1512,midas_lesion_218,clinical_mask,0.755859375,2.75,0.9810148044289672,1.0,0.0,1.0,1.2559879720446798,0.8054110301768991,1.0,0.9811673238788051,0.9811673238788051,3.1630946806341935,0.008801874241551873,1.9085559336533833,0.0,1.0,4.958406516307212,11.089667707248312,54.98708062330169,4.763072960092388,8.588166930461053,3.8250939703686653,0.29626738392478413
decoupled_1513,midas_lesion_544,clinical_mask,0.755859375,2.75,0.9810148044289672,1.0,0.0,1.0,1.2559879720446798,0.8054110301768991,1.0,0.9811673238788051,0.9811673238788051,3.1630946806341935,0.008801874241551873,1.9085559336533833,0.0,1.0,9.252228768939217,1.3888409306300198,12.849874013855384,5.7798796553597995,6.419600641973262,0.6397209866134625,0.23574715354862238
decoupled_1514,midas_lesion_178,clinical_mask,0.755859375,2.75,0.9810148044289672,1.0,0.0,1.0,1.2559879720446798,0.8054110301768991,1.0,0.9811673238788051,0.9811673238788051,3.1630946806341935,0.008801874241551873,1.9085559336533833,0.0,1.0,4.296144566625562,7.149983651571445,30.717363416160264,4.729935123342731,7.032651675873017,2.3027165525302857,0.013123637087209983
decoupled_1515,midas_lesion_289,clinical_mask,0.755859375,2.75,0.9810148044289672,1.0,0.0,1.0,1.2559879720446798,0.8054110301768991,1.0,0.9811673238788051,0.9811673238788051,3.1630946806341935,0.008801874241551873,1.9085559336533833,0.0,1.0,8.901350740957735,2.2586283798616518,20.104843402629683,6.64821122118749,7.7025504412295955,1.0543392200421051,0.02092092140845762
decoupled_1516,midas_lesion_178,clinical_mask,0.755859375,2.75,0.9810148044289672,1.0,0.0,1.0,1.2559879720446798,0.8054110301768991,1.0,0.9811673238788051,0.9811673238788051,3.1630946806341935,0.008801874241551873,1.9085559336533833,0.0,1.0,5.750899091149292,2.310811493782599,13.289243719411687,5.072905368246011,9.168895903850437,4.095990535604426,0.22865786116796663
decoupled_1517,midas_lesion_647,clinical_mask,0.755859375,2.75,0.9810148044289672,1.0,0.0,1.0,1.2559879720446798,0.8054110301768991,1.0,0.9811673238788051,0.9811673238788051,3.1630946806341935,0.008801874241551873,1.9085559336533833,0.0,1.0,5.431208311549753,1.2394669804597291,6.731803366164356,1.841704505990848,3.050677850472131,1.208973344481283,0.2563959685485942
decoupled_1518,midas_lesion_640,clinical_mask,0.755859375,2.75,0.9810148044289672,1.0,0.0,1.0,1.2559879720446798,0.8054110301768991,1.0,0.9811673238788051,0.9811673238788051,3.1630946806341935,0.008801874241551873,1.9085559336533833,0.0,1.0,3.921628128782399,2.712379459134502,10.636943582873451,7.82653752813509,9.572389570104788,1.7458520419696972,0.20365233642983258
decoupled_1519,isic2018_lesion_ISIC_0035210,clinical_mask,0.755859375,2.75,0.9810148044289672,1.0,0.0,1.0,1.2559879720446798,0.8054110301768991,1.0,0.9811673238788051,0.9811673238788051,3.1630946806341935,0.008801874241551873,1.9085559336533833,0.0,1.0,4.662274593169866,4.037800917989972,18.82533663222261,5.593744770754401,10.29697166599562,4.70322689524122,0.3334140846370374
decoupled_1520,ph2_lesion_IMD278,clinical_mask,0.755859375,2.75,0.9810148044289672,1.0,0.0,1.0,1.2559879720446798,0.8054110301768991,1.0,0.9811673238788051,0.9811673238788051,3.1630946806341935,0.008801874241551873,1.9085559336533833,0.0,1.0,9.76585426409985,1.6745196185902873,16.353114557528812,0.38374327627028126,1.798819779588734,1.4150765033184527,0.32488773739632393
decoupled_1521,benign_nevi_BCN_0000002637,clinical_mask,0.15252685546875,1.30859375,0.4406849487070295,1.417669542590093,0.7088263668179722,0.9852158486102898,1.1192999836144735,0.7212121212121212,1.0150060024009604,0.5266806701684116,0.3715115930375157,3.3506702010670235,0.12587200220725414,1.7585747731755839,0.284992784992785,1.0,6.068466752126419,2.7931674368926003,16.95024372390491,6.598247953041172,10.771515247192742,4.17326729415157,0.15396736986875947
decoupled_1522,midas_lesion_626,clinical_mask,0.755859375,2.75,0.9810148044289672,1.0,0.0,1.0,1.2559879720446798,0.8054110301768991,1.0,0.9811673238788051,0.9811673238788051,3.1630946806341935,0.008801874241551873,1.9085559336533833,0.0,1.0,8.342069550976321,6.971772640299019,58.15901225896823,6.393831633994424,9.281146305492364,2.88731467149794,0.25139804620656836
decoupled_1523,isic2018_lesion_ISIC_0035642,clinical_mask,0.755859375,2.75,0.9810148044289672,1.0,0.0,1.0,1.2559879720446798,0.8054110301768991,1.0,0.9811673238788051,0.9811673238788051,3.1630946806341935,0.008801874241551873,1.9085559336533833,0.0,1.0,5.723964261046568,6.477043400062513,37.074364939205374,6.949907893088968,8.534085399677092,1.5841775065881247,0.13371347374543277
decoupled_1524,isic2018_lesion_ISIC_0034753,clinical_mask,0.755859375,2.75,0.9810148044289672,1.0,0.0,1.0,1.2559879720446798,0.8054110301768991,1.0,0.9811673238788051,0.9811673238788051,3.1630946806341935,0.008801874241551873,1.9085559336533833,0.0,1.0,7.588192206734978,5.843780486813913,44.34372954791127,1.5457435408986087,2.7902907478962327,1.244547206997624,0.006086961955669845
decoupled_1525,ph2_lesion_IMD437,clinical_mask,0.755859375,2.75,0.9810148044289672,1.0,0.0,1.0,1.2559879720446798,0.8054110301768991,1.0,0.9811673238788051,0.9811673238788051,3.1630946806341935,0.008801874241551873,1.9085559336533833,0.0,1.0,9.879916356419525,1.3070666596101006,12.913709269212465,4.187044855217446,8.24071005033349,4.053665195116044,0.0696456556450941
decoupled_1526,squamous_cell_carcinoma_BCN_0000004833,clinical_mask,0.164306640625,2.015625,0.45738573688555156,1.8852126082925396,0.8477198850396415,0.7619317176720326,0.5082126929549741,0.4817897091722595,1.3124535661218424,0.702400355573212,0.37258415973007136,4.972584571971463,0.32249627842615697,1.80638791826563,0.43843400447427294,1.0,6.891999594850086,1.5794747783890066,10.885739532732963,4.75606918971514,6.084686520031388,1.3286173303162485,0.010729253679659117
decoupled_1527,ph2_lesion_IMD437,clinical_mask,0.755859375,2.75,0.9810148044289672,1.0,0.0,1.0,1.2559879720446798,0.8054110301768991,1.0,0.9811673238788051,0.9811673238788051,3.1630946806341935,0.008801874241551873,1.9085559336533833,0.0,1.0,7.117301546950536,2.2968532492383535,16.3473971839225,6.526449435053926,7.195292501051738,0.6688430659978124,0.2639961883479985
decoupled_1528,isic2018_lesion_ISIC_0035210,clinical_mask,0.755859375,2.75,0.9810148044289672,1.0,0.0,1.0,1.2559879720446798,0.8054110301768991,1.0,0.9811673238788051,0.9811673238788051,3.1630946806341935,0.008801874241551873,1.9085559336533833,0.0,1.0,4.275664660503754,4.3558350287425105,18.624089899378706,5.548628824708316,6.883084114290126,1.3344552895818103,0.2531620756600014
decoupled_1529,isic2018_lesion_ISIC_0035608,clinical_mask,0.755859375,2.75,0.9810148044289672,1.0,0.0,1.0,1.2559879720446798,0.8054110301768991,1.0,0.9811673238788051,0.9811673238788051,3.1630946806341935,0.008801874241551873,1.9085559336533833,0.0,1.0,9.536356159002477,1.2322058038166932,11.75075340638592,5.990359373590353,6.8291376632850165,0.8387782896946634,0.01583976315436572
decoupled_1530,isic2018_lesion_ISIC_0034961,clinical_mask,0.755859375,2.75,0.9810148044289672,1.0,0.0,1.0,1.2559879720446798,0.8054110301768991,1.0,0.9811673238788051,0.9811673238788051,3.1630946806341935,0.008801874241551873,1.9085559336533833,0.0,1.0,5.952474604272426,1.154987338695714,6.8750328018424325,3.7572832170443062,4.4623522704677265,0.7050690534234203,0.09429683944696739
decoupled_1531,midas_lesion_415,clinical_mask,0.755859375,2.75,0.9810148044289672,1.0,0.0,1.0,1.2559879720446798,0.8054110301768991,1.0,0.9811673238788051,0.9811673238788051,3.1630946806341935,0.008801874241551873,1.9085559336533833,0.0,1.0,4.288746655939091,7.831017864392374,33.58525167851208,1.5041577657450635,4.093130158737502,2.588972392992438,0.3131586415953755
decoupled_1532,basal_cell_carcinoma_BCN_0000016844,clinical_mask,0.2169952392578125,2.78125,0.525630021633387,2.4365315915937504,0.9118968473174451,0.6912122095849129,0.35251695750773615,0.5605439495467087,1.44673370367766,0.9482634593695075,0.3891857846789676,5.97055805285277,0.37169938227061444,1.783892277965634,0.35644461962948365,1.0,6.200087737402356,1.443437075288424,8.94943651020768,3.3565023374951704,8.1051391654346,4.74863682793943,0.2773494347410476
decoupled_1533,midas_lesion_218,clinical_mask,0.755859375,2.75,0.9810148044289672,1.0,0.0,1.0,1.2559879720446798,0.8054110301768991,1.0,0.9811673238788051,0.9811673238788051,3.1630946806341935,0.008801874241551873,1.9085559336533833,0.0,1.0,8.27955865785659,2.425797824334878,20.08453537868152,7.476926374658807,11.723194578612421,4.246268203953615,0.005212519996008752
decoupled_1534,midas_lesion_289,clinical_mask,0.755859375,2.75,0.9810148044289672,1.0,0.0,1.0,1.2559879720446798,0.8054110301768991,1.0,0.9811673238788051,0.9811673238788051,3.1630946806341935,0.008801874241551873,1.9085559336533833,0.0,1.0,5.437768745288322,1.1707043475736167,6.366019511208969,1.7008773038439315,6.63063745715202,4.929760153308089,0.24686606375741507
decoupled_1535,midas_lesion_647,clinical_mask,0.755859375,2.75,0.9810148044289672,1.0,0.0,1.0,1.2559879720446798,0.8054110301768991,1.0,0.9811673238788051,0.9811673238788051,3.1630946806341935,0.008801874241551873,1.9085559336533833,0.0,1.0,4.928407733374998,1.3707527019869261,6.7556282170170405,5.096223441622637,9.808760405519488,4.71253696389685,0.22535238029885557
decoupled_1536,midas_lesion_647,clinical_mask,0.755859375,2.75,0.9810148044289672,1.0,0.0,1.0,1.2559879720446798,0.8054110301768991,1.0,0.9811673238788051,0.9811673238788051,3.1630946806341935,0.008801874241551873,1.9085559336533833,0.0,1.0,4.11617667110277,1.1854939895835257,4.879702703656259,6.8742455669955085,12.219480017664447,5.345234450668938,0.2233559413145129
decoupled_1537,isic2018_lesion_ISIC_0034733,clinical_mask,0.755859375,2.75,0.9810148044289672,1.0,0.0,1.0,1.2559879720446798,0.8054110301768991,1.0,0.9811673238788051,0.9811673238788051,3.1630946806341935,0.008801874241551873,1.9085559336533833,0.0,1.0,6.4730349925441475,11.931419924025315,77.2324986789543,4.58901567381664,9.540317930378238,4.951302256561599,0.07860335566398446
decoupled_1538,isic2018_lesion_ISIC_0034898,clinical_mask,0.755859375,2.75,0.9810148044289672,1.0,0.0,1.0,1.2559879720446798,0.8054110301768991,1.0,0.9811673238788051,0.9811673238788051,3.1630946806341935,0.008801874241551873,1.9085559336533833,0.0,1.0,6.759713701194159,5.825828617936888,39.38093352947701,0.20185525841823693,5.392157577541639,5.1903023191234015,0.2142555396400246
decoupled_1539,isic2018_lesion_ISIC_0035078,clinical_mask,0.755859375,2.75,0.9810148044289672,1.0,0.0,1.0,1.2559879720446798,0.8054110301768991,1.0,0.9811673238788051,0.9811673238788051,3.1630946806341935,0.008801874241551873,1.9085559336533833,0.0,1.0,3.3491368906049463,3.7419036114585915,12.532147426223846,5.330741519033441,7.702589989876513,2.371848470843072,0.059048010816268585
decoupled_1540,isic2018_lesion_ISIC_0035128,clinical_mask,0.755859375,2.75,0.9810148044289672,1.0,0.0,1.0,1.2559879720446798,0.8054110301768991,1.0,0.9811673238788051,0.9811673238788051,3.1630946806341935,0.008801874241551873,1.9085559336533833,0.0,1.0,9.437403376544502,1.365390171149317,12.88573781150524,5.589044190514044,8.618434866379534,3.02939067586549,0.07917429031808519
decoupled_1541,ph2_lesion_IMD031,clinical_mask,0.755859375,2.75,0.9810148044289672,1.0,0.0,1.0,1.2559879720446798,0.8054110301768991,1.0,0.9811673238788051,0.9811673238788051,3.1630946806341935,0.008801874241551873,1.9085559336533833,0.0,1.0,9.734844012049505,1.5358625490055338,14.95138233851761,3.654782012040898,4.930796083483039,1.276014071442141,0.011573102592539119
decoupled_1542,midas_lesion_218,clinical_mask,0.755859375,2.75,0.9810148044289672,1.0,0.0,1.0,1.2559879720446798,0.8054110301768991,1.0,0.9811673238788051,0.9811673238788051,3.1630946806341935,0.008801874241551873,1.9085559336533833,0.0,1.0,9.632192771564945,8.051416046815646,77.55279144699968,0.7075619097259185,5.840637428357047,5.133075518631128,0.2132549178222956
decoupled_1543,isic2018_lesion_ISIC_0035117,clinical_mask,0.755859375,2.75,0.9810148044289672,1.0,0.0,1.0,1.2559879720446798,0.8054110301768991,1.0,0.9811673238788051,0.9811673238788051,3.1630946806341935,0.008801874241551873,1.9085559336533833,0.0,1.0,3.593079768566277,4.85563912114577,17.446698689647803,0.6347276664637932,1.384979170834809,0.7502515043710157,0.23381448832069504
decoupled_1544,midas_lesion_277,clinical_mask,0.755859375,2.75,0.9810148044289672,1.0,0.0,1.0,1.2559879720446798,0.8054110301768991,1.0,0.9811673238788051,0.9811673238788051,3.1630946806341935,0.008801874241551873,1.9085559336533833,0.0,1.0,7.334326812513738,6.408982211917739,47.00557007779188,3.5028350350202726,7.556102763009312,4.05326772798904,0.30725739196753726
decoupled_1545,isic2018_lesion_ISIC_0035608,clinical_mask,0.755859375,2.75,0.9810148044289672,1.0,0.0,1.0,1.2559879720446798,0.8054110301768991,1.0,0.9811673238788051,0.9811673238788051,3.1630946806341935,0.008801874241551873,1.9085559336533833,0.0,1.0,8.160384197750918,1.2527455783615113,10.222885221463612,3.4272071969672053,8.200761410051797,4.773554213084592,0.05894445658997513
decoupled_1546,isic2018_lesion_ISIC_0034753,clinical_mask,0.755859375,2.75,0.9810148044289672,1.0,0.0,1.0,1.2559879720446798,0.8054110301768991,1.0,0.9811673238788051,0.9811673238788051,3.1630946806341935,0.008801874241551873,1.9085559336533833,0.0,1.0,7.857531751572262,1.2967627012632037,10.189354099430238,1.136875216036664,4.0812264610843805,2.9443512450477165,0.19247972688932904
decoupled_1547,midas_lesion_226,clinical_mask,0.755859375,2.75,0.9810148044289672,1.0,0.0,1.0,1.2559879720446798,0.8054110301768991,1.0,0.9811673238788051,0.9811673238788051,3.1630946806341935,0.008801874241551873,1.9085559336533833,0.0,1.0,9.884393961335071,9.96169878897198,98.46535535435353,4.085145055347869,5.062215283013265,0.9770702276653962,0.294714547409841
decoupled_1548,midas_lesion_805,clinical_mask,0.755859375,2.75,0.9810148044289672,1.0,0.0,1.0,1.2559879720446798,0.8054110301768991,1.0,0.9811673238788051,0.9811673238788051,3.1630946806341935,0.008801874241551873,1.9085559336533833,0.0,1.0,9.720646305114391,2.441631113470858,23.734232461612834,5.291795063799328,5.93634497171805,0.644549907918722,0.15621758569311858
decoupled_1549,ph2_lesion_IMD312,clinical_mask,0.755859375,2.75,0.9810148044289672,1.0,0.0,1.0,1.2559879720446798,0.8054110301768991,1.0,0.9811673238788051,0.9811673238788051,3.1630946806341935,0.008801874241551873,1.9085559336533833,0.0,1.0,6.323946505306323,1.6924451508317886,10.702932597025322,6.4332202283576665,8.736284862778223,2.303064634420557,0.25839301702094497
decoupled_1550,isic2018_lesion_ISIC_0034898,clinical_mask,0.755859375,2.75,0.9810148044289672,1.0,0.0,1.0,1.2559879720446798,0.8054110301768991,1.0,0.9811673238788051,0.9811673238788051,3.1630946806341935,0.008801874241551873,1.9085559336533833,0.0,1.0,8.172272164669508,1.4962824272001092,12.228027230291582,1.5665861309313098,6.424139409417419,4.85755327848611,0.02457000823161157
decoupled_1551,midas_lesion_277,clinical_mask,0.755859375,2.75,0.9810148044289672,1.0,0.0,1.0,1.2559879720446798,0.8054110301768991,1.0,0.9811673238788051,0.9811673238788051,3.1630946806341935,0.008801874241551873,1.9085559336533833,0.0,1.0,5.857343707582479,8.509820351930376,49.84494269103671,1.3408700642179652,1.9946498520993137,0.6537797878813485,0.18275132000814817
decoupled_1552,ph2_lesion_IMD433,clinical_mask,0.755859375,2.75,0.9810148044289672,1.0,0.0,1.0,1.2559879720446798,0.8054110301768991,1.0,0.9811673238788051,0.9811673238788051,3.1630946806341935,0.008801874241551873,1.9085559336533833,0.0,1.0,6.30272609351609,2.5738332801808275,16.22216617535581,5.353725144112441,7.926199199562811,2.5724740554503702,0.1874753608851029
decoupled_1553,midas_lesion_536,clinical_mask,0.755859375,2.75,0.9810148044289672,1.0,0.0,1.0,1.2559879720446798,0.8054110301768991,1.0,0.9811673238788051,0.9811673238788051,3.1630946806341935,0.008801874241551873,1.9085559336533833,0.0,1.0,9.660617907182136,2.423108198568985,23.408722454135383,2.7808625296830436,6.914194741460628,4.133332211777585,0.31144497977678454
decoupled_1554,isic2018_lesion_ISIC_0035372,clinical_mask,0.755859375,2.75,0.9810148044289672,1.0,0.0,1.0,1.2559879720446798,0.8054110301768991,1.0,0.9811673238788051,0.9811673238788051,3.1630946806341935,0.008801874241551873,1.9085559336533833,0.0,1.0,8.001774962296752,1.374886677414763,11.001533791332822,4.320947828565247,8.195745352717712,3.8747975241524646,0.17875192853897376
decoupled_1555,ph2_lesion_IMD278,clinical_mask,0.755859375,2.75,0.9810148044289672,1.0,0.0,1.0,1.2559879720446798,0.8054110301768991,1.0,0.9811673238788051,0.9811673238788051,3.1630946806341935,0.008801874241551873,1.9085559336533833,0.0,1.0,7.205499120655212,1.7272997831634576,12.446057068692232,4.3508200271167174,5.49470602384423,1.1438859967275121,0.1215732487441461
decoupled_1556,isic2018_lesion_ISIC_0034748,clinical_mask,0.755859375,2.75,0.9810148044289672,1.0,0.0,1.0,1.2559879720446798,0.8054110301768991,1.0,0.9811673238788051,0.9811673238788051,3.1630946806341935,0.008801874241551873,1.9085559336533833,0.0,1.0,8.030039528519394,4.637426823026959,37.238720699522595,0.3170559662379837,5.690079137025359,5.373023170787375,0.3481872747977008
decoupled_1557,isic2018_lesion_ISIC_0035691,clinical_mask,0.755859375,2.75,0.9810148044289672,1.0,0.0,1.0,1.2559879720446798,0.8054110301768991,1.0,0.9811673238788051,0.9811673238788051,3.1630946806341935,0.008801874241551873,1.9085559336533833,0.0,1.0,5.166860642148012,1.8280441753860894,9.445249501910302,5.871384643498536,10.606333403683925,4.734948760185389,0.1759337481667389
decoupled_1558,midas_lesion_259,clinical_mask,0.755859375,2.75,0.9810148044289672,1.0,0.0,1.0,1.2559879720446798,0.8054110301768991,1.0,0.9811673238788051,0.9811673238788051,3.1630946806341935,0.008801874241551873,1.9085559336533833,0.0,1.0,3.5256129591855867,4.034262817612982,14.223249270536888,3.6744321464600946,8.34334985681779,4.668917710357695,0.1060537565389075
decoupled_1559,midas_lesion_415,clinical_mask,0.755859375,2.75,0.9810148044289672,1.0,0.0,1.0,1.2559879720446798,0.8054110301768991,1.0,0.9811673238788051,0.9811673238788051,3.1630946806341935,0.008801874241551873,1.9085559336533833,0.0,1.0,5.817956214298745,8.40189844552006,48.88187727302039,1.9307927686814446,3.9726813297071573,2.0418885610257127,0.20852682686756097
decoupled_1560,midas_lesion_544,clinical_mask,0.755859375,2.75,0.9810148044289672,1.0,0.0,1.0,1.2559879720446798,0.8054110301768991,1.0,0.9811673238788051,0.9811673238788051,3.1630946806341935,0.008801874241551873,1.9085559336533833,0.0,1.0,8.846426591575957,5.768885519483288,51.03402226331444,1.4060114249366955,4.328518990250819,2.9225075653141235,0.16798577121723224
decoupled_1561,ph2_lesion_IMD437,clinical_mask,0.755859375,2.75,0.9810148044289672,1.0,0.0,1.0,1.2559879720446798,0.8054110301768991,1.0,0.9811673238788051,0.9811673238788051,3.1630946806341935,0.008801874241551873,1.9085559336533833,0.0,1.0,9.94313704849817,3.262357842433093,32.43807112855504,6.457144413241128,9.508626284550829,3.0514818713097007,0.3406882013260006
decoupled_1562,isic2018_lesion_ISIC_0035630,clinical_mask,0.755859375,2.75,0.9810148044289672,1.0,0.0,1.0,1.2559879720446798,0.8054110301768991,1.0,0.9811673238788051,0.9811673238788051,3.1630946806341935,0.008801874241551873,1.9085559336533833,0.0,1.0,8.494613693733957,3.929697073671155,33.38125857423325,3.049331912515979,6.073218072122433,3.0238861596064543,0.2392999644740519
decoupled_1563,midas_lesion_226,clinical_mask,0.755859375,2.75,0.9810148044289672,1.0,0.0,1.0,1.2559879720446798,0.8054110301768991,1.0,0.9811673238788051,0.9811673238788051,3.1630946806341935,0.008801874241551873,1.9085559336533833,0.0,1.0,9.971736076546268,2.3819170929420395,23.751848607032343,3.1652309547606476,7.616319839786136,4.451088885025488,0.12072813566079066
decoupled_1564,midas_lesion_138,clinical_mask,0.755859375,2.75,0.9810148044289672,1.0,0.0,1.0,1.2559879720446798,0.8054110301768991,1.0,0.9811673238788051,0.9811673238788051,3.1630946806341935,0.008801874241551873,1.9085559336533833,0.0,1.0,3.2399962427161353,1.9747748810009045,6.398263194653134,2.8561157144058886,6.781667935272353,3.925552220866464,0.18686187935031368
decoupled_1565,ph2_lesion_IMD398,clinical_mask,0.755859375,2.75,0.9810148044289672,1.0,0.0,1.0,1.2559879720446798,0.8054110301768991,1.0,0.9811673238788051,0.9811673238788051,3.1630946806341935,0.008801874241551873,1.9085559336533833,0.0,1.0,4.883309003906833,10.482197509778034,51.18780948022886,4.65776383741934,7.895682291881756,3.2379184544624158,0.3264238265090282
decoupled_1566,isic2018_lesion_ISIC_0035287,clinical_mask,0.755859375,2.75,0.9810148044289672,1.0,0.0,1.0,1.2559879720446798,0.8054110301768991,1.0,0.9811673238788051,0.9811673238788051,3.1630946806341935,0.008801874241551873,1.9085559336533833,0.0,1.0,4.485264675778485,1.5496787952321052,6.950719559057521,7.746841657984511,12.741661680488903,4.994820022504392,0.3497055607432537
decoupled_1567,ph2_lesion_IMD278,clinical_mask,0.755859375,2.75,0.9810148044289672,1.0,0.0,1.0,1.2559879720446798,0.8054110301768991,1.0,0.9811673238788051,0.9811673238788051,3.1630946806341935,0.008801874241551873,1.9085559336533833,0.0,1.0,6.9042890725829835,1.2738784984445048,8.795225396608814,5.132460098970859,8.886314116226874,3.753854017256015,0.02232678320341736
decoupled_1568,midas_lesion_143,clinical_mask,0.755859375,2.75,0.9810148044289672,1.0,0.0,1.0,1.2559879720446798,0.8054110301768991,1.0,0.9811673238788051,0.9811673238788051,3.1630946806341935,0.008801874241551873,1.9085559336533833,0.0,1.0,3.667350134576244,2.232256625985083,8.186466637715105,3.268965522515514,5.32700513052114,2.0580396080056262,0.07685771696794658
decoupled_1569,midas_lesion_69,clinical_mask,0.755859375,2.75,0.9810148044289672,1.0,0.0,1.0,1.2559879720446798,0.8054110301768991,1.0,0.9811673238788051,0.9811673238788051,3.1630946806341935,0.008801874241551873,1.9085559336533833,0.0,1.0,4.156377268944405,7.262852726417484,30.18715597977253,0.8572304642803363,2.605692032423317,1.7484615681429805,0.1589713950598537
decoupled_1570,midas_lesion_647,clinical_mask,0.755859375,2.75,0.9810148044289672,1.0,0.0,1.0,1.2559879720446798,0.8054110301768991,1.0,0.9811673238788051,0.9811673238788051,3.1630946806341935,0.008801874241551873,1.9085559336533833,0.0,1.0,8.857413906845883,1.369652946551478,12.131583056337503,5.201381868695842,8.524763089161176,3.3233812204653344,0.024287661637786527
decoupled_1571,ph2_lesion_IMD398,clinical_mask,0.755859375,2.75,0.9810148044289672,1.0,0.0,1.0,1.2559879720446798,0.8054110301768991,1.0,0.9811673238788051,0.9811673238788051,3.1630946806341935,0.008801874241551873,1.9085559336533833,0.0,1.0,3.078761296180314,9.466101906116936,29.14386817425152,0.9157652475640798,4.625661371244293,3.7098961236802133,0.038828688476656714
decoupled_1572,isic2018_lesion_ISIC_0035117,clinical_mask,0.755859375,2.75,0.9810148044289672,1.0,0.0,1.0,1.2559879720446798,0.8054110301768991,1.0,0.9811673238788051,0.9811673238788051,3.1630946806341935,0.008801874241551873,1.9085559336533833,0.0,1.0,6.678790096390815,2.1316455380383053,14.236813108465903,4.719451244089276,7.496642335346582,2.777191091257306,0.06363841258732748
decoupled_1573,midas_lesion_536,clinical_mask,0.755859375,2.75,0.9810148044289672,1.0,0.0,1.0,1.2559879720446798,0.8054110301768991,1.0,0.9811673238788051,0.9811673238788051,3.1630946806341935,0.008801874241551873,1.9085559336533833,0.0,1.0,4.293645484661965,2.047933893651004,8.79310211536083,5.71442421432699,6.425544541489809,0.7111203271628188,0.017980291430671844
decoupled_1574,midas_lesion_300,clinical_mask,0.755859375,2.75,0.9810148044289672,1.0,0.0,1.0,1.2559879720446798,0.8054110301768991,1.0,0.9811673238788051,0.9811673238788051,3.1630946806341935,0.008801874241551873,1.9085559336533833,0.0,1.0,7.40551208699666,2.1922940610789214,16.235060167570946,4.379156124832224,7.76377488627905,3.384618761446826,0.13724679830519096
decoupled_1575,isic2018_lesion_ISIC_0035553,clinical_mask,0.755859375,2.75,0.9810148044289672,1.0,0.0,1.0,1.2559879720446798,0.8054110301768991,1.0,0.9811673238788051,0.9811673238788051,3.1630946806341935,0.008801874241551873,1.9085559336533833,0.0,1.0,9.903222759608802,2.010843679457083,19.91383289241489,1.9723681905785282,4.022903068885064,2.050534878306536,0.19047969366415052
decoupled_1576,isic2018_lesion_ISIC_0034733,clinical_mask,0.755859375,2.75,0.9810148044289672,1.0,0.0,1.0,1.2559879720446798,0.8054110301768991,1.0,0.9811673238788051,0.9811673238788051,3.1630946806341935,0.008801874241551873,1.9085559336533833,0.0,1.0,3.335782351461985,8.57312094617868,28.598065549211913,3.958380817437463,4.657430556518354,0.6990497390808907,0.08430346740655185
decoupled_1577,midas_lesion_640,clinical_mask,0.755859375,2.75,0.9810148044289672,1.0,0.0,1.0,1.2559879720446798,0.8054110301768991,1.0,0.9811673238788051,0.9811673238788051,3.1630946806341935,0.008801874241551873,1.9085559336533833,0.0,1.0,9.693821544665365,1.656746507675065,16.060204990149646,2.7731113893579415,7.616916214018134,4.843804824660192,0.0034463444739610493
decoupled_1578,midas_lesion_442,clinical_mask,0.755859375,2.75,0.9810148044289672,1.0,0.0,1.0,1.2559879720446798,0.8054110301768991,1.0,0.9811673238788051,0.9811673238788051,3.1630946806341935,0.008801874241551873,1.9085559336533833,0.0,1.0,6.403433038826699,1.9743249671825296,12.642457724237048,7.792738153844742,12.315643564182304,4.522905410337562,0.038264095117237586
decoupled_1579,midas_lesion_647,clinical_mask,0.755859375,2.75,0.9810148044289672,1.0,0.0,1.0,1.2559879720446798,0.8054110301768991,1.0,0.9811673238788051,0.9811673238788051,3.1630946806341935,0.008801874241551873,1.9085559336533833,0.0,1.0,7.456299565061162,4.279542283004102,31.90954926342434,5.480162672185495,6.696019158017528,1.2158564858320329,0.26161667906504754
decoupled_1580,isic2018_lesion_ISIC_0035882,clinical_mask,0.755859375,2.75,0.9810148044289672,1.0,0.0,1.0,1.2559879720446798,0.8054110301768991,1.0,0.9811673238788051,0.9811673238788051,3.1630946806341935,0.008801874241551873,1.9085559336533833,0.0,1.0,9.6842443016652,1.9253075246971296,18.645148425001306,4.53854135160211,7.061658693879314,2.523117342277205,0.34462437303191223
decoupled_1581,isic2018_lesion_ISIC_0035210,clinical_mask,0.755859375,2.75,0.9810148044289672,1.0,0.0,1.0,1.2559879720446798,0.8054110301768991,1.0,0.9811673238788051,0.9811673238788051,3.1630946806341935,0.008801874241551873,1.9085559336533833,0.0,1.0,9.572907215929222,1.3841726302053683,13.2505561597847,7.373387368252118,10.530522386468459,3.1571350182163407,0.31664348101264755
decoupled_1582,isic2018_lesion_ISIC_0035317,clinical_mask,0.755859375,2.75,0.9810148044289672,1.0,0.0,1.0,1.2559879720446798,0.8054110301768991,1.0,0.9811673238788051,0.9811673238788051,3.1630946806341935,0.008801874241551873,1.9085559336533833,0.0,1.0,8.23072383287652,11.750210441760936,96.71273712431629,2.460585669177785,5.14869600979715,2.6881103406193647,0.08450768892362237
decoupled_1583,midas_lesion_300,clinical_mask,0.755859375,2.75,0.9810148044289672,1.0,0.0,1.0,1.2559879720446798,0.8054110301768991,1.0,0.9811673238788051,0.9811673238788051,3.1630946806341935,0.008801874241551873,1.9085559336533833,0.0,1.0,8.79153951874219,2.6048412698536723,22.90056496396915,3.5160142386649804,4.718616727456572,1.2026024887915918,0.3480946288761183
decoupled_1584,isic2018_lesion_ISIC_0035330,clinical_mask,0.755859375,2.75,0.9810148044289672,1.0,0.0,1.0,1.2559879720446798,0.8054110301768991,1.0,0.9811673238788051,0.9811673238788051,3.1630946806341935,0.008801874241551873,1.9085559336533833,0.0,1.0,5.347178931747072,11.188401111541651,59.82638270357104,5.636072551257881,6.668324376474581,1.0322518252167008,0.31573028537967884
decoupled_1585,isic2018_lesion_ISIC_0034538,clinical_mask,0.755859375,2.75,0.9810148044289672,1.0,0.0,1.0,1.2559879720446798,0.8054110301768991,1.0,0.9811673238788051,0.9811673238788051,3.1630946806341935,0.008801874241551873,1.9085559336533833,0.0,1.0,5.684235923806593,5.189170621275995,29.496470060218787,4.6271916121643875,9.94008712411777,5.312895511953383,0.0016776409228544007
decoupled_1586,ph2_lesion_IMD278,clinical_mask,0.755859375,2.75,0.9810148044289672,1.0,0.0,1.0,1.2559879720446798,0.8054110301768991,1.0,0.9811673238788051,0.9811673238788051,3.1630946806341935,0.008801874241551873,1.9085559336533833,0.0,1.0,3.658448864440736,1.5201340407659647,5.561332655237951,4.086248233066751,5.645839335910171,1.5595911028434202,0.2656720068179794
decoupled_1587,ph2_lesion_IMD437,clinical_mask,0.755859375,2.75,0.9810148044289672,1.0,0.0,1.0,1.2559879720446798,0.8054110301768991,1.0,0.9811673238788051,0.9811673238788051,3.1630946806341935,0.008801874241551873,1.9085559336533833,0.0,1.0,7.509401829616294,1.6814564855194396,12.626732408779864,7.428179716087564,10.502832813673233,3.074653097585669,0.030339482435301875
decoupled_1588,isic2018_lesion_ISIC_0035842,clinical_mask,0.755859375,2.75,0.9810148044289672,1.0,0.0,1.0,1.2559879720446798,0.8054110301768991,1.0,0.9811673238788051,0.9811673238788051,3.1630946806341935,0.008801874241551873,1.9085559336533833,0.0,1.0,5.666835559993379,2.0554998014643555,11.648179368497539,1.3427040556767502,5.487966826878624,4.145262771201875,0.06360842077319968
decoupled_1589,isic2018_lesion_ISIC_0034870,clinical_mask,0.755859375,2.75,0.9810148044289672,1.0,0.0,1.0,1.2559879720446798,0.8054110301768991,1.0,0.9811673238788051,0.9811673238788051,3.1630946806341935,0.008801874241551873,1.9085559336533833,0.0,1.0,5.25410129980349,1.7792553082504137,9.348387627760758,0.38376168381435194,4.04666224384542,3.662900560031068,0.3282294837343261
decoupled_1590,midas_lesion_544,clinical_mask,0.755859375,2.75,0.9810148044289672,1.0,0.0,1.0,1.2559879720446798,0.8054110301768991,1.0,0.9811673238788051,0.9811673238788051,3.1630946806341935,0.008801874241551873,1.9085559336533833,0.0,1.0,7.6700918252458825,8.902460092480176,68.2826863799099,3.288718010697188,8.032682935706244,4.743964925009056,0.08577501468670948
decoupled_1591,midas_lesion_415,clinical_mask,0.755859375,2.75,0.9810148044289672,1.0,0.0,1.0,1.2559879720446798,0.8054110301768991,1.0,0.9811673238788051,0.9811673238788051,3.1630946806341935,0.008801874241551873,1.9085559336533833,0.0,1.0,8.03695583574489,3.674646299736021,29.532970022961777,2.641620679355052,7.273916681123764,4.6322960017687125,0.2855475428737205
decoupled_1592,midas_lesion_442,clinical_mask,0.755859375,2.75,0.9810148044289672,1.0,0.0,1.0,1.2559879720446798,0.8054110301768991,1.0,0.9811673238788051,0.9811673238788051,3.1630946806341935,0.008801874241551873,1.9085559336533833,0.0,1.0,3.3461317647519744,10.073525523102237,33.707343735892145,5.074857727835407,5.8928246670601645,0.8179669392247577,0.17400691004463736
decoupled_1593,ph2_lesion_IMD057,clinical_mask,0.755859375,2.75,0.9810148044289672,1.0,0.0,1.0,1.2559879720446798,0.8054110301768991,1.0,0.9811673238788051,0.9811673238788051,3.1630946806341935,0.008801874241551873,1.9085559336533833,0.0,1.0,5.4654915627342175,1.6494652669489975,9.01513849953289,1.3182482294936089,2.5379988957759867,1.2197506662823778,0.09273153297074832
decoupled_1594,isic2018_lesion_ISIC_0035372,clinical_mask,0.755859375,2.75,0.9810148044289672,1.0,0.0,1.0,1.2559879720446798,0.8054110301768991,1.0,0.9811673238788051,0.9811673238788051,3.1630946806341935,0.008801874241551873,1.9085559336533833,0.0,1.0,5.392185294315258,5.241125152242244,28.261117971586444,3.9487578792941984,8.786111386399973,4.8373535071057745,0.205432528677698
decoupled_1595,midas_lesion_640,clinical_mask,0.755859375,2.75,0.9810148044289672,1.0,0.0,1.0,1.2559879720446798,0.8054110301768991,1.0,0.9811673238788051,0.9811673238788051,3.1630946806341935,0.008801874241551873,1.9085559336533833,0.0,1.0,4.123502750127832,3.9442347740042636,16.26406293775641,1.616281842077168,3.509348745925167,1.893066903847999,0.2796026918708364
decoupled_1596,midas_lesion_289,clinical_mask,0.755859375,2.75,0.9810148044289672,1.0,0.0,1.0,1.2559879720446798,0.8054110301768991,1.0,0.9811673238788051,0.9811673238788051,3.1630946806341935,0.008801874241551873,1.9085559336533833,0.0,1.0,6.418501725163771,6.065929457616058,38.9341786884304,5.0985904572614675,8.862495175088625,3.763904717827158,0.016632903243147
decoupled_1597,isic2018_lesion_ISIC_0035368,clinical_mask,0.755859375,2.75,0.9810148044289672,1.0,0.0,1.0,1.2559879720446798,0.8054110301768991,1.0,0.9811673238788051,0.9811673238788051,3.1630946806341935,0.008801874241551873,1.9085559336533833,0.0,1.0,9.506789046899392,2.5833725220941903,24.559577597105907,7.8905021802978945,10.013885460318416,2.123383280020522,0.3377958737348744
decoupled_1598,midas_lesion_626,clinical_mask,0.755859375,2.75,0.9810148044289672,1.0,0.0,1.0,1.2559879720446798,0.8054110301768991,1.0,0.9811673238788051,0.9811673238788051,3.1630946806341935,0.008801874241551873,1.9085559336533833,0.0,1.0,7.763308900422697,2.9698543186222452,23.05589646471886,5.66708026266695,10.921988255332677,5.254907992665727,0.02524674807063713
decoupled_1599,isic2018_lesion_ISIC_0034748,clinical_mask,0.755859375,2.75,0.9810148044289672,1.0,0.0,1.0,1.2559879720446798,0.8054110301768991,1.0,0.9811673238788051,0.9811673238788051,3.1630946806341935,0.008801874241551873,1.9085559336533833,0.0,1.0,3.250149082992161,1.5364327338218844,4.993635440910337,3.9729790760657053,8.920026874449086,4.94704779838338,0.23976740137590016
decoupled_1600,ph2_lesion_IMD398,clinical_mask,0.755859375,2.75,0.9810148044289672,1.0,0.0,1.0,1.2559879720446798,0.8054110301768991,1.0,0.9811673238788051,0.9811673238788051,3.1630946806341935,0.008801874241551873,1.9085559336533833,0.0,1.0,4.605287393925707,3.222630732163676,14.841140686110949,2.418097295253448,7.440947916686999,5.022850621433551,0.15897230892748065
decoupled_1601,ph2_lesion_IMD278,clinical_mask,0.755859375,2.75,0.9810148044289672,1.0,0.0,1.0,1.2559879720446798,0.8054110301768991,1.0,0.9811673238788051,0.9811673238788051,3.1630946806341935,0.008801874241551873,1.9085559336533833,0.0,1.0,5.222634780905942,3.54691038533769,18.524217543221116,3.6953892290999613,6.859241585353827,3.1638523562538654,0.2728161599346094
decoupled_1602,isic2018_lesion_ISIC_0034870,clinical_mask,0.755859375,2.75,0.9810148044289672,1.0,0.0,1.0,1.2559879720446798,0.8054110301768991,1.0,0.9811673238788051,0.9811673238788051,3.1630946806341935,0.008801874241551873,1.9085559336533833,0.0,1.0,4.293651467890116,2.380431110733596,10.220741532812601,7.1425946658402575,10.7968502959848,3.654255630144543,0.005641970853783423
decoupled_1603,isic2018_lesion_ISIC_0034982,clinical_mask,0.755859375,2.75,0.9810148044289672,1.0,0.0,1.0,1.2559879720446798,0.8054110301768991,1.0,0.9811673238788051,0.9811673238788051,3.1630946806341935,0.008801874241551873,1.9085559336533833,0.0,1.0,6.625966492187148,1.4762293273573657,9.781446057853877,5.006663547553542,8.058611670302364,3.051948122748822,0.1595544411457566
decoupled_1604,isic2018_lesion_ISIC_0034748,clinical_mask,0.755859375,2.75,0.9810148044289672,1.0,0.0,1.0,1.2559879720446798,0.8054110301768991,1.0,0.9811673238788051,0.9811673238788051,3.1630946806341935,0.008801874241551873,1.9085559336533833,0.0,1.0,8.124784168821032,1.800490034845998,14.628592931236792,5.393116191104162,10.6432170328419,5.250100841737738,0.17616270640633455
decoupled_1605,isic2018_lesion_ISIC_0035149,clinical_mask,0.755859375,2.75,0.9810148044289672,1.0,0.0,1.0,1.2559879720446798,0.8054110301768991,1.0,0.9811673238788051,0.9811673238788051,3.1630946806341935,0.008801874241551873,1.9085559336533833,0.0,1.0,6.537014080156601,7.875806139751004,51.48425562813612,2.5058480797937452,3.517287018080873,1.0114389382871276,0.3075202372541048
decoupled_1606,isic2018_lesion_ISIC_0035119,clinical_mask,0.755859375,2.75,0.9810148044289672,1.0,0.0,1.0,1.2559879720446798,0.8054110301768991,1.0,0.9811673238788051,0.9811673238788051,3.1630946806341935,0.008801874241551873,1.9085559336533833,0.0,1.0,9.626718156164717,1.5004319914689757,14.444235894364772,5.4696998216871755,10.445424226007571,4.975724404320395,0.07172162048889492
decoupled_1607,isic2018_lesion_ISIC_0034585,clinical_mask,0.755859375,2.75,0.9810148044289672,1.0,0.0,1.0,1.2559879720446798,0.8054110301768991,1.0,0.9811673238788051,0.9811673238788051,3.1630946806341935,0.008801874241551873,1.9085559336533833,0.0,1.0,5.162917527529697,6.677571074674095,34.475748742760196,3.149004658692247,4.901926072128266,1.7529214134360185,0.05082603146632744
decoupled_1608,melanoma_BCN_0000018489,clinical_mask,0.0595855712890625,1.00390625,0.275439114253714,1.3180420505522392,0.6514388593266779,0.8058192323565829,0.7429586708212474,0.5223381487426432,1.2409731113956464,0.3570778055381461,0.27091533641778426,4.1126580779429185,0.2534256500244032,1.6452713136997572,0.4147940074906367,1.0,7.8985357411597725,2.431098733384189,19.202120235923267,6.745315637681606,9.122516182609829,2.3772005449282227,0.23954979394170267
decoupled_1609,ph2_lesion_IMD370,clinical_mask,0.755859375,2.75,0.9810148044289672,1.0,0.0,1.0,1.2559879720446798,0.8054110301768991,1.0,0.9811673238788051,0.9811673238788051,3.1630946806341935,0.008801874241551873,1.9085559336533833,0.0,1.0,4.441155407716249,3.681247416570702,16.348991871244444,1.936749462262106,6.766330265323703,4.829580803061598,0.30839684671778284
decoupled_1610,midas_lesion_277,clinical_mask,0.755859375,2.75,0.9810148044289672,1.0,0.0,1.0,1.2559879720446798,0.8054110301768991,1.0,0.9811673238788051,0.9811673238788051,3.1630946806341935,0.008801874241551873,1.9085559336533833,0.0,1.0,8.21943353513365,3.8962630396342384,32.025075089671425,7.876923377093942,13.321393907311943,5.444470530218001,0.2609903661359143
decoupled_1611,isic2018_lesion_ISIC_0035443,clinical_mask,0.755859375,2.75,0.9810148044289672,1.0,0.0,1.0,1.2559879720446798,0.8054110301768991,1.0,0.9811673238788051,0.9811673238788051,3.1630946806341935,0.008801874241551873,1.9085559336533833,0.0,1.0,3.0215526341709125,1.2257395304477752,3.7036365070318924,1.7783422424551747,3.651967252530831,1.8736250100756562,0.282633119536165
decoupled_1612,ph2_lesion_IMD430,clinical_mask,0.755859375,2.75,0.9810148044289672,1.0,0.0,1.0,1.2559879720446798,0.8054110301768991,1.0,0.9811673238788051,0.9811673238788051,3.1630946806341935,0.008801874241551873,1.9085559336533833,0.0,1.0,7.884104512878055,3.1739591413540373,25.023825590039923,3.6473358844115396,4.819517161721647,1.1721812773101075,0.09505565157545287
decoupled_1613,midas_lesion_647,clinical_mask,0.755859375,2.75,0.9810148044289672,1.0,0.0,1.0,1.2559879720446798,0.8054110301768991,1.0,0.9811673238788051,0.9811673238788051,3.1630946806341935,0.008801874241551873,1.9085559336533833,0.0,1.0,4.464046646368444,5.406109893709789,24.133126740914445,1.6919926255737134,6.101647225284752,4.409654599711038,0.01953244047657675
decoupled_1614,isic2018_lesion_ISIC_0035008,clinical_mask,0.755859375,2.75,0.9810148044289672,1.0,0.0,1.0,1.2559879720446798,0.8054110301768991,1.0,0.9811673238788051,0.9811673238788051,3.1630946806341935,0.008801874241551873,1.9085559336533833,0.0,1.0,7.476965173033387,1.5356066422201342,11.481677383358683,3.9480392161232665,4.5358444744343025,0.587805258311036,0.1911763943444301
decoupled_1615,ph2_lesion_IMD437,clinical_mask,0.755859375,2.75,0.9810148044289672,1.0,0.0,1.0,1.2559879720446798,0.8054110301768991,1.0,0.9811673238788051,0.9811673238788051,3.1630946806341935,0.008801874241551873,1.9085559336533833,0.0,1.0,5.2528982905563515,2.0382611284282053,10.70677839722798,4.94325943939267,7.25201327332373,2.3087538339310596,0.18795172268126925
decoupled_1616,isic2018_lesion_ISIC_0035078,clinical_mask,0.755859375,2.75,0.9810148044289672,1.0,0.0,1.0,1.2559879720446798,0.8054110301768991,1.0,0.9811673238788051,0.9811673238788051,3.1630946806341935,0.008801874241551873,1.9085559336533833,0.0,1.0,4.864631651124416,5.148060791897762,25.043419470178478,6.305621739335219,10.646047551664662,4.340425812329443,0.2526251799481666
decoupled_1617,ph2_lesion_IMD057,clinical_mask,0.755859375,2.75,0.9810148044289672,1.0,0.0,1.0,1.2559879720446798,0.8054110301768991,1.0,0.9811673238788051,0.9811673238788051,3.1630946806341935,0.008801874241551873,1.9085559336533833,0.0,1.0,8.584002047889784,6.001197491140857,51.51429155374416,1.7657704256018736,6.56543838098869,4.799667955386816,0.3255288270912141
decoupled_1618,isic2018_lesion_ISIC_0035421,clinical_mask,0.755859375,2.75,0.9810148044289672,1.0,0.0,1.0,1.2559879720446798,0.8054110301768991,1.0,0.9811673238788051,0.9811673238788051,3.1630946806341935,0.008801874241551873,1.9085559336533833,0.0,1.0,7.273959591016675,10.823833511892566,78.73212758539863,2.330907936734864,4.043691891142045,1.7127839544071812,0.18982627315548545
decoupled_1619,ph2_lesion_IMD278,clinical_mask,0.755859375,2.75,0.9810148044289672,1.0,0.0,1.0,1.2559879720446798,0.8054110301768991,1.0,0.9811673238788051,0.9811673238788051,3.1630946806341935,0.008801874241551873,1.9085559336533833,0.0,1.0,6.647347244867686,6.55543752382491,43.57626956289976,6.258705747452245,6.9476616686716675,0.6889559212194225,0.1432074953498504
decoupled_1620,isic2018_lesion_ISIC_0035368,clinical_mask,0.755859375,2.75,0.9810148044289672,1.0,0.0,1.0,1.2559879720446798,0.8054110301768991,1.0,0.9811673238788051,0.9811673238788051,3.1630946806341935,0.008801874241551873,1.9085559336533833,0.0,1.0,8.07730260321398,9.289764844131783,75.03624175875136,4.286728782900509,7.88239008958163,3.595661306681121,0.13480209218639985
decoupled_1621,midas_lesion_289,clinical_mask,0.755859375,2.75,0.9810148044289672,1.0,0.0,1.0,1.2559879720446798,0.8054110301768991,1.0,0.9811673238788051,0.9811673238788051,3.1630946806341935,0.008801874241551873,1.9085559336533833,0.0,1.0,8.43635444803839,1.2647639635254466,10.669997089406566,6.12145778545756,10.439596046949179,4.318138261491619,0.11697978899147657
decoupled_1622,isic2018_lesion_ISIC_0034585,clinical_mask,0.755859375,2.75,0.9810148044289672,1.0,0.0,1.0,1.2559879720446798,0.8054110301768991,1.0,0.9811673238788051,0.9811673238788051,3.1630946806341935,0.008801874241551873,1.9085559336533833,0.0,1.0,4.5005433579742675,6.704178777889276,30.172447269501625,5.567682999711821,10.765043152081848,5.197360152370027,0.3447160416778017
decoupled_1623,ph2_lesion_IMD312,clinical_mask,0.755859375,2.75,0.9810148044289672,1.0,0.0,1.0,1.2559879720446798,0.8054110301768991,1.0,0.9811673238788051,0.9811673238788051,3.1630946806341935,0.008801874241551873,1.9085559336533833,0.0,1.0,6.092805612736743,2.724434388910485,16.599449136286804,6.171190648227319,8.786131268216515,2.614940619989196,0.2124280065485821
decoupled_1624,isic2018_lesion_ISIC_0034585,clinical_mask,0.755859375,2.75,0.9810148044289672,1.0,0.0,1.0,1.2559879720446798,0.8054110301768991,1.0,0.9811673238788051,0.9811673238788051,3.1630946806341935,0.008801874241551873,1.9085559336533833,0.0,1.0,9.28235533720784,2.051036647107691,19.038450968088945,7.105356635924818,8.039308003310358,0.9339513673855402,0.32766846095704477
decoupled_1625,midas_lesion_300,clinical_mask,0.755859375,2.75,0.9810148044289672,1.0,0.0,1.0,1.2559879720446798,0.8054110301768991,1.0,0.9811673238788051,0.9811673238788051,3.1630946806341935,0.008801874241551873,1.9085559336533833,0.0,1.0,9.736706899176792,11.84012579102058,115.28383447655114,3.7236322690138546,5.01673099382569,1.2930987248118355,0.12048919303051746
decoupled_1626,midas_lesion_289,clinical_mask,0.755859375,2.75,0.9810148044289672,1.0,0.0,1.0,1.2559879720446798,0.8054110301768991,1.0,0.9811673238788051,0.9811673238788051,3.1630946806341935,0.008801874241551873,1.9085559336533833,0.0,1.0,6.012055716261671,1.3531060263313384,8.134948820313438,6.479284012937142,10.13011589425926,3.6508318813221186,0.08117936116792468
decoupled_1627,benign_nevi_BCN_0000002637,clinical_mask,0.15252685546875,1.30859375,0.4406849487070295,1.417669542590093,0.7088263668179722,0.9852158486102898,1.1192999836144735,0.7212121212121212,1.0150060024009604,0.5266806701684116,0.3715115930375157,3.3506702010670235,0.12587200220725414,1.7585747731755839,0.284992784992785,1.0,8.028373764548121,1.9749731343912404,15.855822497834005,6.53820942995325,9.145905788906528,2.6076963589532784,0.2647570454288935
decoupled_1628,ph2_lesion_IMD278,clinical_mask,0.755859375,2.75,0.9810148044289672,1.0,0.0,1.0,1.2559879720446798,0.8054110301768991,1.0,0.9811673238788051,0.9811673238788051,3.1630946806341935,0.008801874241551873,1.9085559336533833,0.0,1.0,8.474015017905142,1.6840097952057165,14.270324294872603,7.885635700791103,13.302362983700228,5.416727282909124,0.14386114013091883
decoupled_1629,isic2018_lesion_ISIC_0035149,clinical_mask,0.755859375,2.75,0.9810148044289672,1.0,0.0,1.0,1.2559879720446798,0.8054110301768991,1.0,0.9811673238788051,0.9811673238788051,3.1630946806341935,0.008801874241551873,1.9085559336533833,0.0,1.0,8.086602983913664,2.9177276680879967,23.59450526700785,3.4424999938003795,6.3313919090968005,2.888891915296421,0.1486508932078054
decoupled_1630,ph2_lesion_IMD430,clinical_mask,0.755859375,2.75,0.9810148044289672,1.0,0.0,1.0,1.2559879720446798,0.8054110301768991,1.0,0.9811673238788051,0.9811673238788051,3.1630946806341935,0.008801874241551873,1.9085559336533833,0.0,1.0,7.199192778895526,3.0075383052843048,21.651848049654454,4.3963936193091655,8.153870507965287,3.7574768886561216,0.2142980511987711
decoupled_1631,ph2_lesion_IMD437,clinical_mask,0.755859375,2.75,0.9810148044289672,1.0,0.0,1.0,1.2559879720446798,0.8054110301768991,1.0,0.9811673238788051,0.9811673238788051,3.1630946806341935,0.008801874241551873,1.9085559336533833,0.0,1.0,5.284195826821689,4.933446639884033,26.06929814632269,3.0484756799668036,6.481479579736641,3.4330038997698376,0.183111261824141
decoupled_1632,isic2018_lesion_ISIC_0035376,clinical_mask,0.755859375,2.75,0.9810148044289672,1.0,0.0,1.0,1.2559879720446798,0.8054110301768991,1.0,0.9811673238788051,0.9811673238788051,3.1630946806341935,0.008801874241551873,1.9085559336533833,0.0,1.0,9.195897164789766,5.209071999894586,47.902090435016376,5.109620818312728,7.876156555703516,2.7665357373907877,0.3235285847388868
decoupled_1633,isic2018_lesion_ISIC_0034585,clinical_mask,0.755859375,2.75,0.9810148044289672,1.0,0.0,1.0,1.2559879720446798,0.8054110301768991,1.0,0.9811673238788051,0.9811673238788051,3.1630946806341935,0.008801874241551873,1.9085559336533833,0.0,1.0,7.559749518436778,1.326371790151535,10.027038501866194,4.012903225354988,5.75821246111991,1.745309235764922,0.14036866387998032
decoupled_1634,isic2018_lesion_ISIC_0035149,clinical_mask,0.755859375,2.75,0.9810148044289672,1.0,0.0,1.0,1.2559879720446798,0.8054110301768991,1.0,0.9811673238788051,0.9811673238788051,3.1630946806341935,0.008801874241551873,1.9085559336533833,0.0,1.0,3.8726027340041633,1.7161081558503382,6.6458051361928625,6.726687833564625,9.77128550900769,3.0445976754430646,0.23804574063978917
decoupled_1635,isic2018_lesion_ISIC_0035553,clinical_mask,0.755859375,2.75,0.9810148044289672,1.0,0.0,1.0,1.2559879720446798,0.8054110301768991,1.0,0.9811673238788051,0.9811673238788051,3.1630946806341935,0.008801874241551873,1.9085559336533833,0.0,1.0,4.234146975819721,1.2582820233124252,5.327751023736625,5.520327250860276,6.840344790206927,1.3200175393466518,0.13499225858955838
decoupled_1636,ph2_lesion_IMD078,clinical_mask,0.755859375,2.75,0.9810148044289672,1.0,0.0,1.0,1.2559879720446798,0.8054110301768991,1.0,0.9811673238788051,0.9811673238788051,3.1630946806341935,0.008801874241551873,1.9085559336533833,0.0,1.0,5.274969643544273,6.901720882836718,36.406368145179265,2.758417639712051,6.896159604167108,4.137741964455057,0.03470170956621257
decoupled_1637,isic2018_lesion_ISIC_0035128,clinical_mask,0.755859375,2.75,0.9810148044289672,1.0,0.0,1.0,1.2559879720446798,0.8054110301768991,1.0,0.9811673238788051,0.9811673238788051,3.1630946806341935,0.008801874241551873,1.9085559336533833,0.0,1.0,9.447661372613364,2.8544167911146703,26.96756325875306,7.365928028255949,11.242367811935798,3.8764397836798494,0.2799902050732976
decoupled_1638,ph2_lesion_IMD312,clinical_mask,0.755859375,2.75,0.9810148044289672,1.0,0.0,1.0,1.2559879720446798,0.8054110301768991,1.0,0.9811673238788051,0.9811673238788051,3.1630946806341935,0.008801874241551873,1.9085559336533833,0.0,1.0,7.1781958724787955,1.193652711777304,8.568272968852964,1.8379858540408813,7.077816949428434,5.239831095387553,0.10425770419487548
decoupled_1639,isic2018_lesion_ISIC_0035626,clinical_mask,0.755859375,2.75,0.9810148044289672,1.0,0.0,1.0,1.2559879720446798,0.8054110301768991,1.0,0.9811673238788051,0.9811673238788051,3.1630946806341935,0.008801874241551873,1.9085559336533833,0.0,1.0,6.540002942614079,6.583123859639289,43.0536494136339,1.9004018673258531,7.3353119182117625,5.434910050885909,0.21526595517537164
decoupled_1640,isic2018_lesion_ISIC_0034898,clinical_mask,0.755859375,2.75,0.9810148044289672,1.0,0.0,1.0,1.2559879720446798,0.8054110301768991,1.0,0.9811673238788051,0.9811673238788051,3.1630946806341935,0.008801874241551873,1.9085559336533833,0.0,1.0,8.561096226203976,8.856439207606947,75.82082827784876,5.148504666115509,10.573721699263157,5.425217033147647,0.16267872366941247
decoupled_1641,isic2018_lesion_ISIC_0035117,clinical_mask,0.755859375,2.75,0.9810148044289672,1.0,0.0,1.0,1.2559879720446798,0.8054110301768991,1.0,0.9811673238788051,0.9811673238788051,3.1630946806341935,0.008801874241551873,1.9085559336533833,0.0,1.0,5.434526447424627,2.478925224542727,13.471784693965482,0.7140667234362557,2.380053073039287,1.6659863496030312,0.24534361299588123
decoupled_1642,isic2018_lesion_ISIC_0034733,clinical_mask,0.755859375,2.75,0.9810148044289672,1.0,0.0,1.0,1.2559879720446798,0.8054110301768991,1.0,0.9811673238788051,0.9811673238788051,3.1630946806341935,0.008801874241551873,1.9085559336533833,0.0,1.0,3.1812245273084154,1.5071380543000275,4.7945445443791295,1.627699520889798,3.723611198299677,2.0959116774098794,0.03978326900707123
decoupled_1643,isic2018_lesion_ISIC_0035443,clinical_mask,0.755859375,2.75,0.9810148044289672,1.0,0.0,1.0,1.2559879720446798,0.8054110301768991,1.0,0.9811673238788051,0.9811673238788051,3.1630946806341935,0.008801874241551873,1.9085559336533833,0.0,1.0,8.91570239988235,1.3935546249612627,12.424518314134279,7.25070278965643,8.265477639748202,1.0147748500917722,0.10229281429366996
decoupled_1644,isic2018_lesion_ISIC_0034906,clinical_mask,0.755859375,2.75,0.9810148044289672,1.0,0.0,1.0,1.2559879720446798,0.8054110301768991,1.0,0.9811673238788051,0.9811673238788051,3.1630946806341935,0.008801874241551873,1.9085559336533833,0.0,1.0,6.015271453122724,11.585948620706223,69.69262599548074,0.29302635446892344,1.0393860533752894,0.746359698906366,0.17805348339526095
decoupled_1645,midas_lesion_300,clinical_mask,0.755859375,2.75,0.9810148044289672,1.0,0.0,1.0,1.2559879720446798,0.8054110301768991,1.0,0.9811673238788051,0.9811673238788051,3.1630946806341935,0.008801874241551873,1.9085559336533833,0.0,1.0,5.650501179034767,1.5088171675988344,8.525573184465111,1.02452358681248,3.0357922624044926,2.011268675592013,0.24572724708391144
decoupled_1646,isic2018_lesion_ISIC_0035008,clinical_mask,0.755859375,2.75,0.9810148044289672,1.0,0.0,1.0,1.2559879720446798,0.8054110301768991,1.0,0.9811673238788051,0.9811673238788051,3.1630946806341935,0.008801874241551873,1.9085559336533833,0.0,1.0,6.132218220069237,6.791630986620877,41.647763280143344,4.974148367817467,7.837558100042502,2.863409732225035,0.08723871488481774
decoupled_1647,midas_lesion_647,clinical_mask,0.755859375,2.75,0.9810148044289672,1.0,0.0,1.0,1.2559879720446798,0.8054110301768991,1.0,0.9811673238788051,0.9811673238788051,3.1630946806341935,0.008801874241551873,1.9085559336533833,0.0,1.0,7.302997722740022,6.015597019490282,43.93189133425919,4.811339275795267,7.7387498646752215,2.9274105888799546,0.28982036730785854
decoupled_1648,midas_lesion_259,clinical_mask,0.755859375,2.75,0.9810148044289672,1.0,0.0,1.0,1.2559879720446798,0.8054110301768991,1.0,0.9811673238788051,0.9811673238788051,3.1630946806341935,0.008801874241551873,1.9085559336533833,0.0,1.0,5.930602353019067,11.182420400401085,66.31848873906709,0.9700495763708334,3.6934636448717093,2.723414068500876,0.3314416485499829
decoupled_1649,isic2018_lesion_ISIC_0035210,clinical_mask,0.755859375,2.75,0.9810148044289672,1.0,0.0,1.0,1.2559879720446798,0.8054110301768991,1.0,0.9811673238788051,0.9811673238788051,3.1630946806341935,0.008801874241551873,1.9085559336533833,0.0,1.0,4.377464400123331,5.137940392287234,22.49115115719307,6.473333879615533,10.954259759039711,4.480925879424179,0.1187356421535525
decoupled_1650,isic2018_lesion_ISIC_0035553,clinical_mask,0.755859375,2.75,0.9810148044289672,1.0,0.0,1.0,1.2559879720446798,0.8054110301768991,1.0,0.9811673238788051,0.9811673238788051,3.1630946806341935,0.008801874241551873,1.9085559336533833,0.0,1.0,3.174140754712393,7.23599063153838,22.968052764283037,2.140713192435796,3.216734117166103,1.0760209247303067,0.3059917095278295
decoupled_1651,isic2018_lesion_ISIC_0035210,clinical_mask,0.755859375,2.75,0.9810148044289672,1.0,0.0,1.0,1.2559879720446798,0.8054110301768991,1.0,0.9811673238788051,0.9811673238788051,3.1630946806341935,0.008801874241551873,1.9085559336533833,0.0,1.0,4.494879938907866,4.7359933247127355,21.287721386052844,7.29492883260439,9.82385254244236,2.5289237098379695,0.018705713069646912
decoupled_1652,isic2018_lesion_ISIC_0035630,clinical_mask,0.755859375,2.75,0.9810148044289672,1.0,0.0,1.0,1.2559879720446798,0.8054110301768991,1.0,0.9811673238788051,0.9811673238788051,3.1630946806341935,0.008801874241551873,1.9085559336533833,0.0,1.0,7.919025722011396,1.5045239720513386,11.914364034057305,0.6552343547799906,4.054513935388089,3.3992795806080984,0.20734092842769933
decoupled_1653,isic2018_lesion_ISIC_0035642,clinical_mask,0.755859375,2.75,0.9810148044289672,1.0,0.0,1.0,1.2559879720446798,0.8054110301768991,1.0,0.9811673238788051,0.9811673238788051,3.1630946806341935,0.008801874241551873,1.9085559336533833,0.0,1.0,7.8192966698746975,2.1521252372072386,16.828105700447853,5.033183862241707,6.712553260714242,1.6793693984725353,0.23282833242708859
decoupled_1654,midas_lesion_259,clinical_mask,0.755859375,2.75,0.9810148044289672,1.0,0.0,1.0,1.2559879720446798,0.8054110301768991,1.0,0.9811673238788051,0.9811673238788051,3.1630946806341935,0.008801874241551873,1.9085559336533833,0.0,1.0,5.748701950911849,1.7229951950584552,9.904985839244285,5.8539156642516925,9.067462053607251,3.2135463893555585,0.12003787840879591
decoupled_1655,isic2018_lesion_ISIC_0036062,clinical_mask,0.755859375,2.75,0.9810148044289672,1.0,0.0,1.0,1.2559879720446798,0.8054110301768991,1.0,0.9811673238788051,0.9811673238788051,3.1630946806341935,0.008801874241551873,1.9085559336533833,0.0,1.0,6.837519095149547,2.413472886782453,16.502166949000724,1.941404312116981,2.6059071432702754,0.6645028311532943,0.18070231595276473
decoupled_1656,isic2018_lesion_ISIC_0035117,clinical_mask,0.755859375,2.75,0.9810148044289672,1.0,0.0,1.0,1.2559879720446798,0.8054110301768991,1.0,0.9811673238788051,0.9811673238788051,3.1630946806341935,0.008801874241551873,1.9085559336533833,0.0,1.0,7.033489623597341,9.962648328208077,70.07218364000092,3.686826515584481,6.810877913324025,3.124051397739544,0.08423422962890928
decoupled_1657,isic2018_lesion_ISIC_0035128,clinical_mask,0.755859375,2.75,0.9810148044289672,1.0,0.0,1.0,1.2559879720446798,0.8054110301768991,1.0,0.9811673238788051,0.9811673238788051,3.1630946806341935,0.008801874241551873,1.9085559336533833,0.0,1.0,3.653984613310289,1.3941814916698185,5.094317718723504,2.1065699438901837,3.4048324178696094,1.2982624739794257,0.34890358462775956
decoupled_1658,isic2018_lesion_ISIC_0034870,clinical_mask,0.755859375,2.75,0.9810148044289672,1.0,0.0,1.0,1.2559879720446798,0.8054110301768991,1.0,0.9811673238788051,0.9811673238788051,3.1630946806341935,0.008801874241551873,1.9085559336533833,0.0,1.0,3.1428646127968953,11.332372706709316,35.61611315894208,4.659857946667148,8.611730614627824,3.951872667960676,0.08095275961258615
decoupled_1659,ph2_lesion_IMD278,clinical_mask,0.755859375,2.75,0.9810148044289672,1.0,0.0,1.0,1.2559879720446798,0.8054110301768991,1.0,0.9811673238788051,0.9811673238788051,3.1630946806341935,0.008801874241551873,1.9085559336533833,0.0,1.0,8.875443608202968,3.3108087256764294,29.384896142287477,3.928484963588355,6.848458727355711,2.9199737637673557,0.23744366731355454
decoupled_1660,isic2018_lesion_ISIC_0035149,clinical_mask,0.755859375,2.75,0.9810148044289672,1.0,0.0,1.0,1.2559879720446798,0.8054110301768991,1.0,0.9811673238788051,0.9811673238788051,3.1630946806341935,0.008801874241551873,1.9085559336533833,0.0,1.0,9.788752443780115,8.011052965785497,78.41821429608473,6.562631062424979,9.903569451253777,3.340938388828798,0.0939613445694269
decoupled_1661,midas_lesion_275,clinical_mask,0.755859375,2.75,0.9810148044289672,1.0,0.0,1.0,1.2559879720446798,0.8054110301768991,1.0,0.9811673238788051,0.9811673238788051,3.1630946806341935,0.008801874241551873,1.9085559336533833,0.0,1.0,9.395463882218735,6.568041462824465,61.70979634088236,3.580488511161686,6.996116777091148,3.4156282659294614,0.17761356547018733
decoupled_1662,isic2018_lesion_ISIC_0035630,clinical_mask,0.755859375,2.75,0.9810148044289672,1.0,0.0,1.0,1.2559879720446798,0.8054110301768991,1.0,0.9811673238788051,0.9811673238788051,3.1630946806341935,0.008801874241551873,1.9085559336533833,0.0,1.0,5.776727656389497,3.8042806852762157,21.9762934473035,2.364698371337427,4.8613888567990005,2.4966904854615732,0.0964232130850853
decoupled_1663,midas_lesion_564,clinical_mask,0.755859375,2.75,0.9810148044289672,1.0,0.0,1.0,1.2559879720446798,0.8054110301768991,1.0,0.9811673238788051,0.9811673238788051,3.1630946806341935,0.008801874241551873,1.9085559336533833,0.0,1.0,3.716681283755282,1.9462306088706036,7.233518877861019,1.9679123796143378,5.823710068704239,3.855797689089901,0.08720087379273342
decoupled_1664,isic2018_lesion_ISIC_0035691,clinical_mask,0.755859375,2.75,0.9810148044289672,1.0,0.0,1.0,1.2559879720446798,0.8054110301768991,1.0,0.9811673238788051,0.9811673238788051,3.1630946806341935,0.008801874241551873,1.9085559336533833,0.0,1.0,5.410822088149201,1.6907171866568453,9.148169898376334,0.9540899543250729,4.9252132636779455,3.9711233093528726,0.176771483409509
decoupled_1665,isic2018_lesion_ISIC_0035317,clinical_mask,0.755859375,2.75,0.9810148044289672,1.0,0.0,1.0,1.2559879720446798,0.8054110301768991,1.0,0.9811673238788051,0.9811673238788051,3.1630946806341935,0.008801874241551873,1.9085559336533833,0.0,1.0,4.252575235547447,1.3472931312045577,5.729465404783679,1.061983240546133,4.944141182549567,3.882157942003434,0.2292780795206559
decoupled_1666,midas_lesion_415,clinical_mask,0.755859375,2.75,0.9810148044289672,1.0,0.0,1.0,1.2559879720446798,0.8054110301768991,1.0,0.9811673238788051,0.9811673238788051,3.1630946806341935,0.008801874241551873,1.9085559336533833,0.0,1.0,6.37937557194684,2.2974749652941875,14.656455670757152,5.491099223221408,9.14972324105173,3.6586240178303218,0.2061810909730822
decoupled_1667,melanoma_BCN_0000018489,clinical_mask,0.0595855712890625,1.00390625,0.275439114253714,1.3180420505522392,0.6514388593266779,0.8058192323565829,0.7429586708212474,0.5223381487426432,1.2409731113956464,0.3570778055381461,0.27091533641778426,4.1126580779429185,0.2534256500244032,1.6452713136997572,0.4147940074906367,1.0,9.268837338330151,10.219590753299615,94.72372435663702,0.7699232660104003,4.519929576510527,3.7500063105001264,0.13354626839959885
decoupled_1668,midas_lesion_415,clinical_mask,0.755859375,2.75,0.9810148044289672,1.0,0.0,1.0,1.2559879720446798,0.8054110301768991,1.0,0.9811673238788051,0.9811673238788051,3.1630946806341935,0.008801874241551873,1.9085559336533833,0.0,1.0,3.072683432556584,2.654547704352917,8.15658475209632,3.882346554917658,5.70435675391061,1.822010198992952,0.18968780680594813
decoupled_1669,midas_lesion_138,clinical_mask,0.755859375,2.75,0.9810148044289672,1.0,0.0,1.0,1.2559879720446798,0.8054110301768991,1.0,0.9811673238788051,0.9811673238788051,3.1630946806341935,0.008801874241551873,1.9085559336533833,0.0,1.0,8.602818045448382,2.677919155542851,23.037651235555934,4.862457789422434,8.004475502137804,3.1420177127153703,0.13950016682858957
decoupled_1670,midas_lesion_544,clinical_mask,0.755859375,2.75,0.9810148044289672,1.0,0.0,1.0,1.2559879720446798,0.8054110301768991,1.0,0.9811673238788051,0.9811673238788051,3.1630946806341935,0.008801874241551873,1.9085559336533833,0.0,1.0,7.746777521692739,8.505067951103289,65.88686922407628,2.9022537182519828,5.612573547745102,2.7103198294931192,0.29867670825079073
decoupled_1671,isic2018_lesion_ISIC_0034579,clinical_mask,0.755859375,2.75,0.9810148044289672,1.0,0.0,1.0,1.2559879720446798,0.8054110301768991,1.0,0.9811673238788051,0.9811673238788051,3.1630946806341935,0.008801874241551873,1.9085559336533833,0.0,1.0,5.732981976508681,1.5855302652324914,9.0898164337869,7.238671099159374,12.189368128362489,4.9506970292031145,0.036165903767968605
decoupled_1672,midas_lesion_755,clinical_mask,0.755859375,2.75,0.9810148044289672,1.0,0.0,1.0,1.2559879720446798,0.8054110301768991,1.0,0.9811673238788051,0.9811673238788051,3.1630946806341935,0.008801874241551873,1.9085559336533833,0.0,1.0,6.688336566092097,8.915467755754158,59.629648994625576,2.4727252487666034,4.481419947222996,2.0086946984563925,0.10678707728633696
decoupled_1673,isic2018_lesion_ISIC_0035626,clinical_mask,0.755859375,2.75,0.9810148044289672,1.0,0.0,1.0,1.2559879720446798,0.8054110301768991,1.0,0.9811673238788051,0.9811673238788051,3.1630946806341935,0.008801874241551873,1.9085559336533833,0.0,1.0,7.362819100789487,8.139796633967004,59.931850133114224,7.2985466529483105,8.584583667489058,1.2860370145407476,0.27995993594454094
decoupled_1674,isic2018_lesion_ISIC_0035376,clinical_mask,0.755859375,2.75,0.9810148044289672,1.0,0.0,1.0,1.2559879720446798,0.8054110301768991,1.0,0.9811673238788051,0.9811673238788051,3.1630946806341935,0.008801874241551873,1.9085559336533833,0.0,1.0,9.062717858657624,10.199601916707115,92.4361144417401,4.415513563098425,6.386345111009265,1.9708315479108407,0.053125684319577274
decoupled_1675,isic2018_lesion_ISIC_0034753,clinical_mask,0.755859375,2.75,0.9810148044289672,1.0,0.0,1.0,1.2559879720446798,0.8054110301768991,1.0,0.9811673238788051,0.9811673238788051,3.1630946806341935,0.008801874241551873,1.9085559336533833,0.0,1.0,3.6177800717784274,1.4251617900688396,5.155921923171118,0.53570166130336,3.048325196256922,2.512623534953562,0.017321509985303827
decoupled_1676,isic2018_lesion_ISIC_0035368,clinical_mask,0.755859375,2.75,0.9810148044289672,1.0,0.0,1.0,1.2559879720446798,0.8054110301768991,1.0,0.9811673238788051,0.9811673238788051,3.1630946806341935,0.008801874241551873,1.9085559336533833,0.0,1.0,7.03089044120801,4.823510323658534,33.913572627678946,3.9972446336577256,6.818329000660058,2.8210843670023324,0.32849792280156526
decoupled_1677,isic2018_lesion_ISIC_0035117,clinical_mask,0.755859375,2.75,0.9810148044289672,1.0,0.0,1.0,1.2559879720446798,0.8054110301768991,1.0,0.9811673238788051,0.9811673238788051,3.1630946806341935,0.008801874241551873,1.9085559336533833,0.0,1.0,7.018380712172407,1.3481173169209428,9.461600574823562,5.646339222376108,9.20660245723267,3.5602632348565617,0.2767659218189501
decoupled_1678,midas_lesion_536,clinical_mask,0.755859375,2.75,0.9810148044289672,1.0,0.0,1.0,1.2559879720446798,0.8054110301768991,1.0,0.9811673238788051,0.9811673238788051,3.1630946806341935,0.008801874241551873,1.9085559336533833,0.0,1.0,4.14167010373793,9.56996647292719,39.63564403469687,2.8131800374115565,3.7299530975150486,0.916773060103492,0.2068502714083344
decoupled_1679,isic2018_lesion_ISIC_0035078,clinical_mask,0.755859375,2.75,0.9810148044289672,1.0,0.0,1.0,1.2559879720446798,0.8054110301768991,1.0,0.9811673238788051,0.9811673238788051,3.1630946806341935,0.008801874241551873,1.9085559336533833,0.0,1.0,5.23086316403357,10.247566324026153,53.603617205339305,4.86561712550086,8.929391753828686,4.063774628327826,0.2032212977368672
decoupled_1680,isic2018_lesion_ISIC_0035691,clinical_mask,0.755859375,2.75,0.9810148044289672,1.0,0.0,1.0,1.2559879720446798,0.8054110301768991,1.0,0.9811673238788051,0.9811673238788051,3.1630946806341935,0.008801874241551873,1.9085559336533833,0.0,1.0,8.723563683541702,1.2937770586458346,11.286346563402205,7.281534011298834,8.451459469028116,1.1699254577292821,0.3457247668468226
decoupled_1681,isic2018_lesion_ISIC_0035001,clinical_mask,0.755859375,2.75,0.9810148044289672,1.0,0.0,1.0,1.2559879720446798,0.8054110301768991,1.0,0.9811673238788051,0.9811673238788051,3.1630946806341935,0.008801874241551873,1.9085559336533833,0.0,1.0,7.8276633140683805,1.5308923449040936,11.983309845993892,7.39815838467457,8.664740645276323,1.2665822606017532,0.0771193080003966
decoupled_1682,midas_lesion_415,clinical_mask,0.755859375,2.75,0.9810148044289672,1.0,0.0,1.0,1.2559879720446798,0.8054110301768991,1.0,0.9811673238788051,0.9811673238788051,3.1630946806341935,0.008801874241551873,1.9085559336533833,0.0,1.0,6.241789817251654,11.45205462771606,71.48131796188778,1.3513000269767672,4.76140048412708,3.4101004571503126,0.036570421397335684
decoupled_1683,isic2018_lesion_ISIC_0035553,clinical_mask,0.755859375,2.75,0.9810148044289672,1.0,0.0,1.0,1.2559879720446798,0.8054110301768991,1.0,0.9811673238788051,0.9811673238788051,3.1630946806341935,0.008801874241551873,1.9085559336533833,0.0,1.0,7.772042715325035,6.898936268355562,53.61882736796452,1.2382206848399007,4.527584683953164,3.289363999113264,0.08245298349835638
decoupled_1684,isic2018_lesion_ISIC_0035630,clinical_mask,0.755859375,2.75,0.9810148044289672,1.0,0.0,1.0,1.2559879720446798,0.8054110301768991,1.0,0.9811673238788051,0.9811673238788051,3.1630946806341935,0.008801874241551873,1.9085559336533833,0.0,1.0,5.496493228999095,4.627531997665733,25.43519829214636,2.847835668835776,4.951736384244703,2.103900715408927,0.16547210822345626
decoupled_1685,isic2018_lesion_ISIC_0035691,clinical_mask,0.755859375,2.75,0.9810148044289672,1.0,0.0,1.0,1.2559879720446798,0.8054110301768991,1.0,0.9811673238788051,0.9811673238788051,3.1630946806341935,0.008801874241551873,1.9085559336533833,0.0,1.0,4.777700920036106,5.5859474686059745,26.687986360032124,4.923016603850858,7.873684263391753,2.950667659540895,0.17791151282721399
decoupled_1686,isic2018_lesion_ISIC_0035691,clinical_mask,0.755859375,2.75,0.9810148044289672,1.0,0.0,1.0,1.2559879720446798,0.8054110301768991,1.0,0.9811673238788051,0.9811673238788051,3.1630946806341935,0.008801874241551873,1.9085559336533833,0.0,1.0,9.272354642110027,1.5997865484342502,14.833788228759497,3.3051929207210327,5.640776648686244,2.3355837279652114,0.09811554670485305
decoupled_1687,midas_lesion_640,clinical_mask,0.755859375,2.75,0.9810148044289672,1.0,0.0,1.0,1.2559879720446798,0.8054110301768991,1.0,0.9811673238788051,0.9811673238788051,3.1630946806341935,0.008801874241551873,1.9085559336533833,0.0,1.0,7.534670830785842,1.441657000316594,10.862410948283657,3.808449525657187,7.7763063989424595,3.9678568732852724,0.16321719056914585
decoupled_1688,midas_lesion_564,clinical_mask,0.755859375,2.75,0.9810148044289672,1.0,0.0,1.0,1.2559879720446798,0.8054110301768991,1.0,0.9811673238788051,0.9811673238788051,3.1630946806341935,0.008801874241551873,1.9085559336533833,0.0,1.0,8.081739191031833,3.147663239890442,25.438593365992816,5.466133834146926,10.752825418126967,5.2866915839800415,0.11822626517835551
decoupled_1689,midas_lesion_143,clinical_mask,0.755859375,2.75,0.9810148044289672,1.0,0.0,1.0,1.2559879720446798,0.8054110301768991,1.0,0.9811673238788051,0.9811673238788051,3.1630946806341935,0.008801874241551873,1.9085559336533833,0.0,1.0,3.6512105878645986,2.2898641568886995,8.360776254403662,1.7568896192169456,4.069109298503547,2.312219679286602,0.0923941846227533
decoupled_1690,isic2018_lesion_ISIC_0035421,clinical_mask,0.755859375,2.75,0.9810148044289672,1.0,0.0,1.0,1.2559879720446798,0.8054110301768991,1.0,0.9811673238788051,0.9811673238788051,3.1630946806341935,0.008801874241551873,1.9085559336533833,0.0,1.0,3.340627445826928,2.008796549405318,6.710640886025833,2.8303308047679985,4.685625843627614,1.8552950388596154,0.0007356272689434784
decoupled_1691,isic2018_lesion_ISIC_0034753,clinical_mask,0.755859375,2.75,0.9810148044289672,1.0,0.0,1.0,1.2559879720446798,0.8054110301768991,1.0,0.9811673238788051,0.9811673238788051,3.1630946806341935,0.008801874241551873,1.9085559336533833,0.0,1.0,5.388722253990535,1.9608459012851394,10.566453944901358,2.524353886670573,7.996020879131282,5.471666992460709,0.2600069699996228
decoupled_1692,melanoma_BCN_0000018489,clinical_mask,0.0595855712890625,1.00390625,0.275439114253714,1.3180420505522392,0.6514388593266779,0.8058192323565829,0.7429586708212474,0.5223381487426432,1.2409731113956464,0.3570778055381461,0.27091533641778426,4.1126580779429185,0.2534256500244032,1.6452713136997572,0.4147940074906367,1.0,8.997189432036663,1.1368918178534895,10.228831048960366,2.1203514109336234,4.06152667242239,1.941175261488767,0.08414825539606749
decoupled_1693,midas_lesion_226,clinical_mask,0.755859375,2.75,0.9810148044289672,1.0,0.0,1.0,1.2559879720446798,0.8054110301768991,1.0,0.9811673238788051,0.9811673238788051,3.1630946806341935,0.008801874241551873,1.9085559336533833,0.0,1.0,9.440223862213319,2.9949935104111853,28.273409204157705,4.580328911152485,8.994601515789007,4.414272604636523,0.07004867083679357
decoupled_1694,isic2018_lesion_ISIC_0036062,clinical_mask,0.755859375,2.75,0.9810148044289672,1.0,0.0,1.0,1.2559879720446798,0.8054110301768991,1.0,0.9811673238788051,0.9811673238788051,3.1630946806341935,0.008801874241551873,1.9085559336533833,0.0,1.0,6.6520037137597265,1.5064832026646404,10.021131858841835,5.591499863491199,9.03553559360946,3.4440357301182605,0.12179099101357473
decoupled_1695,midas_lesion_564,clinical_mask,0.755859375,2.75,0.9810148044289672,1.0,0.0,1.0,1.2559879720446798,0.8054110301768991,1.0,0.9811673238788051,0.9811673238788051,3.1630946806341935,0.008801874241551873,1.9085559336533833,0.0,1.0,9.337947469052974,5.297182125406268,49.464808421050115,1.9260780064926184,6.4918134111754195,4.565735404682801,0.07386417351255943
decoupled_1696,ph2_lesion_IMD256,clinical_mask,0.755859375,2.75,0.9810148044289672,1.0,0.0,1.0,1.2559879720446798,0.8054110301768991,1.0,0.9811673238788051,0.9811673238788051,3.1630946806341935,0.008801874241551873,1.9085559336533833,0.0,1.0,7.020757137331433,2.803624228534881,19.6835648128816,3.0534474349411287,4.446172667224522,1.392725232283393,0.17598745376966643
decoupled_1697,isic2018_lesion_ISIC_0035368,clinical_mask,0.755859375,2.75,0.9810148044289672,1.0,0.0,1.0,1.2559879720446798,0.8054110301768991,1.0,0.9811673238788051,0.9811673238788051,3.1630946806341935,0.008801874241551873,1.9085559336533833,0.0,1.0,8.356256837974541,1.2071008268908432,10.08684453883133,2.693128639072007,7.570090271687821,4.876961632615814,0.13205091087611934
decoupled_1698,isic2018_lesion_ISIC_0035210,clinical_mask,0.755859375,2.75,0.9810148044289672,1.0,0.0,1.0,1.2559879720446798,0.8054110301768991,1.0,0.9811673238788051,0.9811673238788051,3.1630946806341935,0.008801874241551873,1.9085559336533833,0.0,1.0,5.020625090965062,2.327727024409476,11.686644703667659,2.0801291577529804,3.6472761172894996,1.5671469595365193,0.020452351829312064
decoupled_1699,isic2018_lesion_ISIC_0035317,clinical_mask,0.755859375,2.75,0.9810148044289672,1.0,0.0,1.0,1.2559879720446798,0.8054110301768991,1.0,0.9811673238788051,0.9811673238788051,3.1630946806341935,0.008801874241551873,1.9085559336533833,0.0,1.0,8.2006523764549,1.373536222125412,11.263893084119646,6.993381856543402,7.527727366303296,0.5343455097598939,0.2555647883648623
decoupled_1700,benign_nevi_BCN_0000002637,clinical_mask,0.15252685546875,1.30859375,0.4406849487070295,1.417669542590093,0.7088263668179722,0.9852158486102898,1.1192999836144735,0.7212121212121212,1.0150060024009604,0.5266806701684116,0.3715115930375157,3.3506702010670235,0.12587200220725414,1.7585747731755839,0.284992784992785,1.0,5.423217320026266,1.7175402260010233,9.314593901490577,7.047625392456908,7.957378883401752,0.9097534909448441,0.10586002770890664
decoupled_1701,isic2018_lesion_ISIC_0035001,clinical_mask,0.755859375,2.75,0.9810148044289672,1.0,0.0,1.0,1.2559879720446798,0.8054110301768991,1.0,0.9811673238788051,0.9811673238788051,3.1630946806341935,0.008801874241551873,1.9085559336533833,0.0,1.0,4.170427758304486,8.577805742661406,35.773119174538756,1.4768203969732143,4.523080407208964,3.0462600102357493,0.035026146974054664
decoupled_1702,isic2018_lesion_ISIC_0035915,clinical_mask,0.755859375,2.75,0.9810148044289672,1.0,0.0,1.0,1.2559879720446798,0.8054110301768991,1.0,0.9811673238788051,0.9811673238788051,3.1630946806341935,0.008801874241551873,1.9085559336533833,0.0,1.0,4.300333304071081,1.7246457208987185,7.4165514313044385,0.8109854836203936,4.336350608965293,3.525365125344899,0.06602373624622843
decoupled_1703,ph2_lesion_IMD430,clinical_mask,0.755859375,2.75,0.9810148044289672,1.0,0.0,1.0,1.2559879720446798,0.8054110301768991,1.0,0.9811673238788051,0.9811673238788051,3.1630946806341935,0.008801874241551873,1.9085559336533833,0.0,1.0,7.903705108050789,8.092196341214622,63.95833355740792,4.033113361884345,7.267916177449724,3.234802815565379,0.24840735089290011
decoupled_1704,midas_lesion_226,clinical_mask,0.755859375,2.75,0.9810148044289672,1.0,0.0,1.0,1.2559879720446798,0.8054110301768991,1.0,0.9811673238788051,0.9811673238788051,3.1630946806341935,0.008801874241551873,1.9085559336533833,0.0,1.0,3.1485705514961935,6.034168045256586,18.99900381007424,5.564451962198003,7.155730194444525,1.5912782322465215,0.2724042004835566
decoupled_1705,isic2018_lesion_ISIC_0035443,clinical_mask,0.755859375,2.75,0.9810148044289672,1.0,0.0,1.0,1.2559879720446798,0.8054110301768991,1.0,0.9811673238788051,0.9811673238788051,3.1630946806341935,0.008801874241551873,1.9085559336533833,0.0,1.0,8.638065614097892,1.5926685940151872,13.757575816616225,7.913106285306675,11.313358043261452,3.400251757954777,0.25912727831750787
decoupled_1706,ph2_lesion_IMD433,clinical_mask,0.755859375,2.75,0.9810148044289672,1.0,0.0,1.0,1.2559879720446798,0.8054110301768991,1.0,0.9811673238788051,0.9811673238788051,3.1630946806341935,0.008801874241551873,1.9085559336533833,0.0,1.0,4.02586379195841,1.2012452264078253,4.836049662258146,3.464883941586705,6.495825179148618,3.0309412375619127,0.016162179576457613
decoupled_1707,isic2018_lesion_ISIC_0034970,clinical_mask,0.755859375,2.75,0.9810148044289672,1.0,0.0,1.0,1.2559879720446798,0.8054110301768991,1.0,0.9811673238788051,0.9811673238788051,3.1630946806341935,0.008801874241551873,1.9085559336533833,0.0,1.0,3.124641100897379,3.949507656820192,12.340793952809273,4.69939385828439,6.873590284660162,2.1741964263757723,0.2487733413418478
decoupled_1708,isic2018_lesion_ISIC_0035842,clinical_mask,0.755859375,2.75,0.9810148044289672,1.0,0.0,1.0,1.2559879720446798,0.8054110301768991,1.0,0.9811673238788051,0.9811673238788051,3.1630946806341935,0.008801874241551873,1.9085559336533833,0.0,1.0,8.52025020202684,2.323782055716103,19.79920452968147,7.418971928942553,11.107303345295737,3.6883314163531837,0.08236729538242912
decoupled_1709,ph2_lesion_IMD437,clinical_mask,0.755859375,2.75,0.9810148044289672,1.0,0.0,1.0,1.2559879720446798,0.8054110301768991,1.0,0.9811673238788051,0.9811673238788051,3.1630946806341935,0.008801874241551873,1.9085559336533833,0.0,1.0,6.356982313769865,1.4285848235303331,9.08148845690237,4.964428280396068,8.651647611847043,3.687219331450975,0.20020235643781914
decoupled_1710,isic2018_lesion_ISIC_0035608,clinical_mask,0.755859375,2.75,0.9810148044289672,1.0,0.0,1.0,1.2559879720446798,0.8054110301768991,1.0,0.9811673238788051,0.9811673238788051,3.1630946806341935,0.008801874241551873,1.9085559336533833,0.0,1.0,9.961963437553608,3.71155379570024,36.974363209279105,3.319931252164159,4.519958880347752,1.200027628183593,0.21272446411964616
decoupled_1711,squamous_cell_carcinoma_BCN_0000004833,clinical_mask,0.164306640625,2.015625,0.45738573688555156,1.8852126082925396,0.8477198850396415,0.7619317176720326,0.5082126929549741,0.4817897091722595,1.3124535661218424,0.702400355573212,0.37258415973007136,4.972584571971463,0.32249627842615697,1.80638791826563,0.43843400447427294,1.0,3.6627806225874644,5.474073376739991,20.050329890945168,6.499800251012407,7.012206935094153,0.5124066840817463,0.1632152914656234
decoupled_1712,isic2018_lesion_ISIC_0035317,clinical_mask,0.755859375,2.75,0.9810148044289672,1.0,0.0,1.0,1.2559879720446798,0.8054110301768991,1.0,0.9811673238788051,0.9811673238788051,3.1630946806341935,0.008801874241551873,1.9085559336533833,0.0,1.0,4.472446211707682,10.022894994524687,44.82685874860583,4.433192696791471,9.004172134840207,4.570979438048736,0.0407632666730024
decoupled_1713,midas_lesion_640,clinical_mask,0.755859375,2.75,0.9810148044289672,1.0,0.0,1.0,1.2559879720446798,0.8054110301768991,1.0,0.9811673238788051,0.9811673238788051,3.1630946806341935,0.008801874241551873,1.9085559336533833,0.0,1.0,3.9784437138957256,5.537951586552281,22.032428677377784,7.669980265668575,9.34564030301276,1.6756600373441843,0.12478173559535796
decoupled_1714,squamous_cell_carcinoma_BCN_0000004833,clinical_mask,0.164306640625,2.015625,0.45738573688555156,1.8852126082925396,0.8477198850396415,0.7619317176720326,0.5082126929549741,0.4817897091722595,1.3124535661218424,0.702400355573212,0.37258415973007136,4.972584571971463,0.32249627842615697,1.80638791826563,0.43843400447427294,1.0,9.404013105178947,1.7791095809347617,16.730769814659922,6.497690249639277,10.068757180427905,3.5710669307886285,0.08487449331215044
decoupled_1715,midas_lesion_619,clinical_mask,0.755859375,2.75,0.9810148044289672,1.0,0.0,1.0,1.2559879720446798,0.8054110301768991,1.0,0.9811673238788051,0.9811673238788051,3.1630946806341935,0.008801874241551873,1.9085559336533833,0.0,1.0,3.1656595064598494,1.4716587740986249,4.65877058849036,1.6748698456915787,7.147762228009391,5.472892382317813,0.2829207416896151
decoupled_1716,isic2018_lesion_ISIC_0035210,clinical_mask,0.755859375,2.75,0.9810148044289672,1.0,0.0,1.0,1.2559879720446798,0.8054110301768991,1.0,0.9811673238788051,0.9811673238788051,3.1630946806341935,0.008801874241551873,1.9085559336533833,0.0,1.0,8.099006688577848,8.340802347689475,67.55221400204289,5.582988212121921,9.11135730234573,3.5283690902238094,0.2260970234400291
decoupled_1717,isic2018_lesion_ISIC_0035915,clinical_mask,0.755859375,2.75,0.9810148044289672,1.0,0.0,1.0,1.2559879720446798,0.8054110301768991,1.0,0.9811673238788051,0.9811673238788051,3.1630946806341935,0.008801874241551873,1.9085559336533833,0.0,1.0,9.104841176671826,1.6819259637881327,15.313668771211638,4.92622397513886,7.204078199613465,2.2778542244746056,0.18235251348409542
decoupled_1718,midas_lesion_536,clinical_mask,0.755859375,2.75,0.9810148044289672,1.0,0.0,1.0,1.2559879720446798,0.8054110301768991,1.0,0.9811673238788051,0.9811673238788051,3.1630946806341935,0.008801874241551873,1.9085559336533833,0.0,1.0,7.632380136897251,1.110998716246067,8.479564533994827,6.680998852093795,10.332865719782273,3.6518668676884776,0.10831027939114661
decoupled_1719,isic2018_lesion_ISIC_0035287,clinical_mask,0.755859375,2.75,0.9810148044289672,1.0,0.0,1.0,1.2559879720446798,0.8054110301768991,1.0,0.9811673238788051,0.9811673238788051,3.1630946806341935,0.008801874241551873,1.9085559336533833,0.0,1.0,3.4937795193030508,1.8018884347442763,6.295400909378584,3.792062062498792,8.843282104623581,5.05122004212479,0.13371023206634905
decoupled_1720,ph2_lesion_IMD331,clinical_mask,0.755859375,2.75,0.9810148044289672,1.0,0.0,1.0,1.2559879720446798,0.8054110301768991,1.0,0.9811673238788051,0.9811673238788051,3.1630946806341935,0.008801874241551873,1.9085559336533833,0.0,1.0,5.95035016899526,1.2353371167410359,7.35068842136614,7.171529304794188,11.175306276948273,4.0037769721540855,0.08282195771459214
decoupled_1721,isic2018_lesion_ISIC_0035128,clinical_mask,0.755859375,2.75,0.9810148044289672,1.0,0.0,1.0,1.2559879720446798,0.8054110301768991,1.0,0.9811673238788051,0.9811673238788051,3.1630946806341935,0.008801874241551873,1.9085559336533833,0.0,1.0,6.7300511706291735,1.6930903986274328,11.394585019263568,2.272977138923029,5.044760933086079,2.7717837941630497,0.014429641506548746
decoupled_1722,benign_nevi_BCN_0000002637,clinical_mask,0.15252685546875,1.30859375,0.4406849487070295,1.417669542590093,0.7088263668179722,0.9852158486102898,1.1192999836144735,0.7212121212121212,1.0150060024009604,0.5266806701684116,0.3715115930375157,3.3506702010670235,0.12587200220725414,1.7585747731755839,0.284992784992785,1.0,9.096341607835155,3.5916969679449173,32.67130257225272,1.571908772345302,2.7324153693935473,1.1605065970482453,0.11159804266469857
decoupled_1723,basal_cell_carcinoma_BCN_0000016844,clinical_mask,0.2169952392578125,2.78125,0.525630021633387,2.4365315915937504,0.9118968473174451,0.6912122095849129,0.35251695750773615,0.5605439495467087,1.44673370367766,0.9482634593695075,0.3891857846789676,5.97055805285277,0.37169938227061444,1.783892277965634,0.35644461962948365,1.0,5.121828055518032,1.7329897164183907,8.876075349475952,0.4310081719874571,5.258265013396351,4.827256841408894,0.1992435972242834
decoupled_1724,isic2018_lesion_ISIC_0034579,clinical_mask,0.755859375,2.75,0.9810148044289672,1.0,0.0,1.0,1.2559879720446798,0.8054110301768991,1.0,0.9811673238788051,0.9811673238788051,3.1630946806341935,0.008801874241551873,1.9085559336533833,0.0,1.0,8.2130146713228,10.394370572262451,85.36911800915748,2.708352616547093,3.3814354321808384,0.6730828156337454,0.0745073564036789
decoupled_1725,midas_lesion_626,clinical_mask,0.755859375,2.75,0.9810148044289672,1.0,0.0,1.0,1.2559879720446798,0.8054110301768991,1.0,0.9811673238788051,0.9811673238788051,3.1630946806341935,0.008801874241551873,1.9085559336533833,0.0,1.0,8.473355070422503,1.6558990838619747,14.03102089834984,6.029797852481843,6.545585108137369,0.5157872556555265,0.13146114392012698
decoupled_1726,isic2018_lesion_ISIC_0035348,clinical_mask,0.755859375,2.75,0.9810148044289672,1.0,0.0,1.0,1.2559879720446798,0.8054110301768991,1.0,0.9811673238788051,0.9811673238788051,3.1630946806341935,0.008801874241551873,1.9085559336533833,0.0,1.0,3.7218784639074896,5.242404386163766,19.511591983957086,5.002164760904324,7.48529356275043,2.4831288018461057,0.18963944099368485
decoupled_1727,isic2018_lesion_ISIC_0035553,clinical_mask,0.755859375,2.75,0.9810148044289672,1.0,0.0,1.0,1.2559879720446798,0.8054110301768991,1.0,0.9811673238788051,0.9811673238788051,3.1630946806341935,0.008801874241551873,1.9085559336533833,0.0,1.0,5.304178580264975,8.39991162820869,44.554631334463224,5.837934322801281,9.547585811340571,3.70965148853929,0.1843039202281226
decoupled_1728,midas_lesion_415,clinical_mask,0.755859375,2.75,0.9810148044289672,1.0,0.0,1.0,1.2559879720446798,0.8054110301768991,1.0,0.9811673238788051,0.9811673238788051,3.1630946806341935,0.008801874241551873,1.9085559336533833,0.0,1.0,4.720172963894858,4.329475258303374,20.435872062095292,2.6079579667209005,7.72433425446635,5.1163762877454495,0.16673878898668204
decoupled_1729,isic2018_lesion_ISIC_0034538,clinical_mask,0.755859375,2.75,0.9810148044289672,1.0,0.0,1.0,1.2559879720446798,0.8054110301768991,1.0,0.9811673238788051,0.9811673238788051,3.1630946806341935,0.008801874241551873,1.9085559336533833,0.0,1.0,7.94124799365971,9.190940751430464,72.98753980214244,1.2280758389639217,6.401748184799209,5.173672345835287,0.308912468124634
decoupled_1730,ph2_lesion_IMD331,clinical_mask,0.755859375,2.75,0.9810148044289672,1.0,0.0,1.0,1.2559879720446798,0.8054110301768991,1.0,0.9811673238788051,0.9811673238788051,3.1630946806341935,0.008801874241551873,1.9085559336533833,0.0,1.0,8.49235509159967,3.4814052498658983,29.565329599620483,3.563184571229298,6.945640239467569,3.382455668238271,0.05404182599281282
decoupled_1731,midas_lesion_226,clinical_mask,0.755859375,2.75,0.9810148044289672,1.0,0.0,1.0,1.2559879720446798,0.8054110301768991,1.0,0.9811673238788051,0.9811673238788051,3.1630946806341935,0.008801874241551873,1.9085559336533833,0.0,1.0,9.578277247909668,2.993680587702793,28.674302660702505,5.508530906575306,10.681587611188707,5.173056704613401,0.1710747630534051
decoupled_1732,midas_lesion_755,clinical_mask,0.755859375,2.75,0.9810148044289672,1.0,0.0,1.0,1.2559879720446798,0.8054110301768991,1.0,0.9811673238788051,0.9811673238788051,3.1630946806341935,0.008801874241551873,1.9085559336533833,0.0,1.0,7.03610738557537,11.736171295774097,82.57696153257379,7.433734131477685,11.094683409892431,3.660949278414746,0.2552163046182251
decoupled_1733,ph2_lesion_IMD057,clinical_mask,0.755859375,2.75,0.9810148044289672,1.0,0.0,1.0,1.2559879720446798,0.8054110301768991,1.0,0.9811673238788051,0.9811673238788051,3.1630946806341935,0.008801874241551873,1.9085559336533833,0.0,1.0,8.497138842227358,1.7476408728644341,14.849947143080508,7.13136462418711,8.933618277445149,1.802253653258039,0.19276869027591365
decoupled_1734,ph2_lesion_IMD031,clinical_mask,0.755859375,2.75,0.9810148044289672,1.0,0.0,1.0,1.2559879720446798,0.8054110301768991,1.0,0.9811673238788051,0.9811673238788051,3.1630946806341935,0.008801874241551873,1.9085559336533833,0.0,1.0,7.229671976089039,3.710574802914618,26.82623866781392,3.428463432786241,4.4414368510096285,1.0129734182233876,0.0818221050910537
decoupled_1735,isic2018_lesion_ISIC_0035149,clinical_mask,0.755859375,2.75,0.9810148044289672,1.0,0.0,1.0,1.2559879720446798,0.8054110301768991,1.0,0.9811673238788051,0.9811673238788051,3.1630946806341935,0.008801874241551873,1.9085559336533833,0.0,1.0,5.550391148163973,8.302706605572276,46.08326924937091,7.538466774293427,8.571169835720816,1.032703061427389,0.24216887585864183
decoupled_1736,midas_lesion_138,clinical_mask,0.755859375,2.75,0.9810148044289672,1.0,0.0,1.0,1.2559879720446798,0.8054110301768991,1.0,0.9811673238788051,0.9811673238788051,3.1630946806341935,0.008801874241551873,1.9085559336533833,0.0,1.0,4.3642454047339205,3.891307169915259,16.982619434710827,5.53134162765755,6.86166210010572,1.3303204724481699,0.09126665265098712
decoupled_1737,melanoma_BCN_0000018489,clinical_mask,0.0595855712890625,1.00390625,0.275439114253714,1.3180420505522392,0.6514388593266779,0.8058192323565829,0.7429586708212474,0.5223381487426432,1.2409731113956464,0.3570778055381461,0.27091533641778426,4.1126580779429185,0.2534256500244032,1.6452713136997572,0.4147940074906367,1.0,9.829883160402431,3.709838479410633,36.46727879657154,7.062410721975016,11.180236306448101,4.117825584473086,0.289818226724491
decoupled_1738,isic2018_lesion_ISIC_0035128,clinical_mask,0.755859375,2.75,0.9810148044289672,1.0,0.0,1.0,1.2559879720446798,0.8054110301768991,1.0,0.9811673238788051,0.9811673238788051,3.1630946806341935,0.008801874241551873,1.9085559336533833,0.0,1.0,7.451034061053509,10.529182167150786,78.45329496247771,4.088603968633562,8.512462451520808,4.423858482887246,0.03446752103881994
decoupled_1739,midas_lesion_626,clinical_mask,0.755859375,2.75,0.9810148044289672,1.0,0.0,1.0,1.2559879720446798,0.8054110301768991,1.0,0.9811673238788051,0.9811673238788051,3.1630946806341935,0.008801874241551873,1.9085559336533833,0.0,1.0,7.177319767683213,7.806142546637771,56.02718120933625,5.919767932478549,6.981554408195774,1.0617864757172253,0.31554360832306944
decoupled_1740,isic2018_lesion_ISIC_0034870,clinical_mask,0.755859375,2.75,0.9810148044289672,1.0,0.0,1.0,1.2559879720446798,0.8054110301768991,1.0,0.9811673238788051,0.9811673238788051,3.1630946806341935,0.008801874241551873,1.9085559336533833,0.0,1.0,8.86257948731976,1.4408781422246961,12.769897067007996,7.176828200300198,10.98857060737852,3.811742407078322,0.034082264634118904
decoupled_1741,ph2_lesion_IMD430,clinical_mask,0.755859375,2.75,0.9810148044289672,1.0,0.0,1.0,1.2559879720446798,0.8054110301768991,1.0,0.9811673238788051,0.9811673238788051,3.1630946806341935,0.008801874241551873,1.9085559336533833,0.0,1.0,4.978995099756098,1.418499998745354,7.062704542757149,4.31275763524155,9.06062475160698,4.74786711636543,0.08604629073490282
decoupled_1742,isic2018_lesion_ISIC_0035348,clinical_mask,0.755859375,2.75,0.9810148044289672,1.0,0.0,1.0,1.2559879720446798,0.8054110301768991,1.0,0.9811673238788051,0.9811673238788051,3.1630946806341935,0.008801874241551873,1.9085559336533833,0.0,1.0,4.022074386010965,5.020133381616549,20.191349888558534,5.898270612311631,6.714521029377621,0.8162504170659899,0.2937744514319156
decoupled_1743,isic2018_lesion_ISIC_0034579,clinical_mask,0.755859375,2.75,0.9810148044289672,1.0,0.0,1.0,1.2559879720446798,0.8054110301768991,1.0,0.9811673238788051,0.9811673238788051,3.1630946806341935,0.008801874241551873,1.9085559336533833,0.0,1.0,4.555329224033339,1.5302185553460166,6.970649304325787,5.65387640326987,6.633859868142392,0.9799834648725216,0.24119517487350833
decoupled_1744,isic2018_lesion_ISIC_0035626,clinical_mask,0.755859375,2.75,0.9810148044289672,1.0,0.0,1.0,1.2559879720446798,0.8054110301768991,1.0,0.9811673238788051,0.9811673238788051,3.1630946806341935,0.008801874241551873,1.9085559336533833,0.0,1.0,3.2659298211207655,6.6681934484719605,21.77785183636669,5.431820831435322,9.35870919653344,3.926888365098118,0.1933263153925321
decoupled_1745,midas_lesion_619,clinical_mask,0.755859375,2.75,0.9810148044289672,1.0,0.0,1.0,1.2559879720446798,0.8054110301768991,1.0,0.9811673238788051,0.9811673238788051,3.1630946806341935,0.008801874241551873,1.9085559336533833,0.0,1.0,5.260557405106435,6.466643671953984,34.0181502546822,7.62773627121731,11.047381924913815,3.419645653696505,0.30418516066078666
decoupled_1746,ph2_lesion_IMD433,clinical_mask,0.755859375,2.75,0.9810148044289672,1.0,0.0,1.0,1.2559879720446798,0.8054110301768991,1.0,0.9811673238788051,0.9811673238788051,3.1630946806341935,0.008801874241551873,1.9085559336533833,0.0,1.0,6.494372868218459,2.231884852712325,14.494692432442676,2.6588756070175577,7.588453003705917,4.929577396688359,0.26589442825474974
decoupled_1747,isic2018_lesion_ISIC_0034748,clinical_mask,0.755859375,2.75,0.9810148044289672,1.0,0.0,1.0,1.2559879720446798,0.8054110301768991,1.0,0.9811673238788051,0.9811673238788051,3.1630946806341935,0.008801874241551873,1.9085559336533833,0.0,1.0,6.343243431775431,1.5130606005533462,9.597711716338202,2.630697445023327,6.68624096192358,4.0555435169002525,0.12420729793009566
decoupled_1748,midas_lesion_415,clinical_mask,0.755859375,2.75,0.9810148044289672,1.0,0.0,1.0,1.2559879720446798,0.8054110301768991,1.0,0.9811673238788051,0.9811673238788051,3.1630946806341935,0.008801874241551873,1.9085559336533833,0.0,1.0,8.381033549484084,9.584104126369187,80.324698224849,3.711653645696583,9.01563825096331,5.303984605266727,0.33920698106949443
decoupled_1749,midas_lesion_619,clinical_mask,0.755859375,2.75,0.9810148044289672,1.0,0.0,1.0,1.2559879720446798,0.8054110301768991,1.0,0.9811673238788051,0.9811673238788051,3.1630946806341935,0.008801874241551873,1.9085559336533833,0.0,1.0,3.6436780497343246,1.845691357035537,6.725105084214745,6.693789600360876,11.903504254663234,5.209714654302358,0.09862371804199714
decoupled_1750,midas_lesion_277,clinical_mask,0.755859375,2.75,0.9810148044289672,1.0,0.0,1.0,1.2559879720446798,0.8054110301768991,1.0,0.9811673238788051,0.9811673238788051,3.1630946806341935,0.008801874241551873,1.9085559336533833,0.0,1.0,9.73607487739751,7.152522360040585,69.63749325961508,7.565449760804019,8.360207021785188,0.7947572609811688,0.2538350539333481
decoupled_1751,ph2_lesion_IMD370,clinical_mask,0.755859375,2.75,0.9810148044289672,1.0,0.0,1.0,1.2559879720446798,0.8054110301768991,1.0,0.9811673238788051,0.9811673238788051,3.1630946806341935,0.008801874241551873,1.9085559336533833,0.0,1.0,4.28284451219223,3.079354940630132,13.18839840856979,3.4197307317797736,8.362723757610095,4.9429930258303205,0.14146540168156685
decoupled_1752,midas_lesion_626,clinical_mask,0.755859375,2.75,0.9810148044289672,1.0,0.0,1.0,1.2559879720446798,0.8054110301768991,1.0,0.9811673238788051,0.9811673238788051,3.1630946806341935,0.008801874241551873,1.9085559336533833,0.0,1.0,6.649272194278099,11.177812577976844,74.32431836759343,5.041251136004034,8.953887795531186,3.912636659527152,0.004309352691062601
decoupled_1753,midas_lesion_442,clinical_mask,0.755859375,2.75,0.9810148044289672,1.0,0.0,1.0,1.2559879720446798,0.8054110301768991,1.0,0.9811673238788051,0.9811673238788051,3.1630946806341935,0.008801874241551873,1.9085559336533833,0.0,1.0,8.379628932627178,1.2887103391641972,10.79891444383609,4.886836966192745,8.740913387376258,3.854076421183513,0.04627821490014179
decoupled_1754,midas_lesion_289,clinical_mask,0.755859375,2.75,0.9810148044289672,1.0,0.0,1.0,1.2559879720446798,0.8054110301768991,1.0,0.9811673238788051,0.9811673238788051,3.1630946806341935,0.008801874241551873,1.9085559336533833,0.0,1.0,6.429608227510298,1.4329911123130659,9.213571445677221,1.5595612875612694,4.896045957158963,3.3364846695976933,0.24069327406656135
decoupled_1755,midas_lesion_218,clinical_mask,0.755859375,2.75,0.9810148044289672,1.0,0.0,1.0,1.2559879720446798,0.8054110301768991,1.0,0.9811673238788051,0.9811673238788051,3.1630946806341935,0.008801874241551873,1.9085559336533833,0.0,1.0,3.530530653749442,1.9630048059783451,6.930448640964023,7.145800119693094,11.306056083980563,4.160255964287469,0.24246866317043514
decoupled_1756,midas_lesion_415,clinical_mask,0.755859375,2.75,0.9810148044289672,1.0,0.0,1.0,1.2559879720446798,0.8054110301768991,1.0,0.9811673238788051,0.9811673238788051,3.1630946806341935,0.008801874241551873,1.9085559336533833,0.0,1.0,7.281030647577661,9.394417083745942,68.40103870288137,5.678666440958346,7.368910761306333,1.690244320347987,0.09142896150955745
decoupled_1757,basal_cell_carcinoma_BCN_0000016844,clinical_mask,0.2169952392578125,2.78125,0.525630021633387,2.4365315915937504,0.9118968473174451,0.6912122095849129,0.35251695750773615,0.5605439495467087,1.44673370367766,0.9482634593695075,0.3891857846789676,5.97055805285277,0.37169938227061444,1.783892277965634,0.35644461962948365,1.0,6.2735691807870095,1.1353055883543988,7.122418149875419,2.502179569501936,6.856182879900661,4.354003310398725,0.04334102795205455
decoupled_1758,isic2018_lesion_ISIC_0035078,clinical_mask,0.755859375,2.75,0.9810148044289672,1.0,0.0,1.0,1.2559879720446798,0.8054110301768991,1.0,0.9811673238788051,0.9811673238788051,3.1630946806341935,0.008801874241551873,1.9085559336533833,0.0,1.0,7.667717465973885,2.195965652117079,16.83804418541686,4.288234589498951,7.677438144544683,3.3892035550457322,0.23653476140496613
decoupled_1759,midas_lesion_619,clinical_mask,0.755859375,2.75,0.9810148044289672,1.0,0.0,1.0,1.2559879720446798,0.8054110301768991,1.0,0.9811673238788051,0.9811673238788051,3.1630946806341935,0.008801874241551873,1.9085559336533833,0.0,1.0,9.629309985920571,1.7674472725974364,17.019297671610573,4.352875870647998,5.15248290877569,0.7996070381276921,0.17132863961420952
decoupled_1760,squamous_cell_carcinoma_BCN_0000004833,clinical_mask,0.164306640625,2.015625,0.45738573688555156,1.8852126082925396,0.8477198850396415,0.7619317176720326,0.5082126929549741,0.4817897091722595,1.3124535661218424,0.702400355573212,0.37258415973007136,4.972584571971463,0.32249627842615697,1.80638791826563,0.43843400447427294,1.0,9.493137509980418,1.789644988356261,16.98934596851329,6.622728936621378,11.29604597332624,4.673317036704862,0.12687956151303267
decoupled_1761,squamous_cell_carcinoma_BCN_0000004833,clinical_mask,0.164306640625,2.015625,0.45738573688555156,1.8852126082925396,0.8477198850396415,0.7619317176720326,0.5082126929549741,0.4817897091722595,1.3124535661218424,0.702400355573212,0.37258415973007136,4.972584571971463,0.32249627842615697,1.80638791826563,0.43843400447427294,1.0,3.9609490802434566,1.4552954982042001,5.764351365094369,6.1804608050076,8.97071418049232,2.7902533754847205,0.33134897541154124
decoupled_1762,midas_lesion_415,clinical_mask,0.755859375,2.75,0.9810148044289672,1.0,0.0,1.0,1.2559879720446798,0.8054110301768991,1.0,0.9811673238788051,0.9811673238788051,3.1630946806341935,0.008801874241551873,1.9085559336533833,0.0,1.0,3.595139566211164,8.653072827264964,31.10900449060697,3.376134704099016,8.712352848026375,5.3362181439273595,0.1524330957027286
decoupled_1763,ph2_lesion_IMD057,clinical_mask,0.755859375,2.75,0.9810148044289672,1.0,0.0,1.0,1.2559879720446798,0.8054110301768991,1.0,0.9811673238788051,0.9811673238788051,3.1630946806341935,0.008801874241551873,1.9085559336533833,0.0,1.0,6.2092436874792565,1.3972137600567704,8.675640719691659,0.6131471452926769,1.4235863679146346,0.8104392226219577,0.1565927243159431
decoupled_1764,midas_lesion_536,clinical_mask,0.755859375,2.75,0.9810148044289672,1.0,0.0,1.0,1.2559879720446798,0.8054110301768991,1.0,0.9811673238788051,0.9811673238788051,3.1630946806341935,0.008801874241551873,1.9085559336533833,0.0,1.0,7.32564180343914,9.786678964124349,71.69370453642779,2.1937731415648902,5.098157763187853,2.9043846216229627,0.24775306489656723
decoupled_1765,midas_lesion_277,clinical_mask,0.755859375,2.75,0.9810148044289672,1.0,0.0,1.0,1.2559879720446798,0.8054110301768991,1.0,0.9811673238788051,0.9811673238788051,3.1630946806341935,0.008801874241551873,1.9085559336533833,0.0,1.0,7.518201404567016,1.6428851322664713,12.351541308948052,5.766617744793433,8.294965409424744,2.528347664631311,0.10630870541515793
decoupled_1766,isic2018_lesion_ISIC_0035287,clinical_mask,0.755859375,2.75,0.9810148044289672,1.0,0.0,1.0,1.2559879720446798,0.8054110301768991,1.0,0.9811673238788051,0.9811673238788051,3.1630946806341935,0.008801874241551873,1.9085559336533833,0.0,1.0,9.218332264598695,2.9003536892486363,26.736423992348563,6.837469203772372,8.003864136871794,1.166394933099422,0.3056527867756872
decoupled_1767,ph2_lesion_IMD433,clinical_mask,0.755859375,2.75,0.9810148044289672,1.0,0.0,1.0,1.2559879720446798,0.8054110301768991,1.0,0.9811673238788051,0.9811673238788051,3.1630946806341935,0.008801874241551873,1.9085559336533833,0.0,1.0,7.975886550713576,8.822272307096396,70.36544304090297,6.328315780314667,11.246399959955486,4.918084179640819,0.2549703151326268
decoupled_1768,ph2_lesion_IMD331,clinical_mask,0.755859375,2.75,0.9810148044289672,1.0,0.0,1.0,1.2559879720446798,0.8054110301768991,1.0,0.9811673238788051,0.9811673238788051,3.1630946806341935,0.008801874241551873,1.9085559336533833,0.0,1.0,7.414296816088478,1.1450162755921278,8.489490526492201,3.9499831759802424,6.230391896690117,2.2804087207098744,0.0864020083122921
decoupled_1769,midas_lesion_226,clinical_mask,0.755859375,2.75,0.9810148044289672,1.0,0.0,1.0,1.2559879720446798,0.8054110301768991,1.0,0.9811673238788051,0.9811673238788051,3.1630946806341935,0.008801874241551873,1.9085559336533833,0.0,1.0,6.370260761437619,5.821240356492205,37.08281902585943,1.3271459863042852,2.237910654830496,0.9107646685262107,0.17640424811209596
decoupled_1770,midas_lesion_277,clinical_mask,0.755859375,2.75,0.9810148044289672,1.0,0.0,1.0,1.2559879720446798,0.8054110301768991,1.0,0.9811673238788051,0.9811673238788051,3.1630946806341935,0.008801874241551873,1.9085559336533833,0.0,1.0,3.625760365742301,6.400138962925411,23.205370187017987,3.0308311905066763,5.2896723943126975,2.2588412038060213,0.1646791588016757
decoupled_1771,isic2018_lesion_ISIC_0035630,clinical_mask,0.755859375,2.75,0.9810148044289672,1.0,0.0,1.0,1.2559879720446798,0.8054110301768991,1.0,0.9811673238788051,0.9811673238788051,3.1630946806341935,0.008801874241551873,1.9085559336533833,0.0,1.0,8.255524513083268,6.821773758362812,56.31732048487237,3.7065462628624677,7.827951064093723,4.121404801231256,0.010812612671561066
decoupled_1772,isic2018_lesion_ISIC_0034733,clinical_mask,0.755859375,2.75,0.9810148044289672,1.0,0.0,1.0,1.2559879720446798,0.8054110301768991,1.0,0.9811673238788051,0.9811673238788051,3.1630946806341935,0.008801874241551873,1.9085559336533833,0.0,1.0,9.73275155651693,6.82205536755082,66.39736999717492,5.2508659622827984,10.665868934290291,5.415002972007493,0.08192616564698496
decoupled_1773,ph2_lesion_IMD256,clinical_mask,0.755859375,2.75,0.9810148044289672,1.0,0.0,1.0,1.2559879720446798,0.8054110301768991,1.0,0.9811673238788051,0.9811673238788051,3.1630946806341935,0.008801874241551873,1.9085559336533833,0.0,1.0,7.029048111444268,7.103452365721897,49.93050843601182,4.762121372616889,6.297616846919718,1.535495474302829,0.34803537252692757
decoupled_1774,isic2018_lesion_ISIC_0035553,clinical_mask,0.755859375,2.75,0.9810148044289672,1.0,0.0,1.0,1.2559879720446798,0.8054110301768991,1.0,0.9811673238788051,0.9811673238788051,3.1630946806341935,0.008801874241551873,1.9085559336533833,0.0,1.0,9.193420636666307,1.6922755124946876,15.557800619493712,1.5697552692790078,4.927326975098817,3.357571705819809,0.3176431270297477
decoupled_1775,ph2_lesion_IMD430,clinical_mask,0.755859375,2.75,0.9810148044289672,1.0,0.0,1.0,1.2559879720446798,0.8054110301768991,1.0,0.9811673238788051,0.9811673238788051,3.1630946806341935,0.008801874241551873,1.9085559336533833,0.0,1.0,4.264951249738967,1.4096711314795705,6.012178653924738,2.271433811605788,4.034283245469238,1.7628494338634502,0.062451637550332895
decoupled_1776,midas_lesion_289,clinical_mask,0.755859375,2.75,0.9810148044289672,1.0,0.0,1.0,1.2559879720446798,0.8054110301768991,1.0,0.9811673238788051,0.9811673238788051,3.1630946806341935,0.008801874241551873,1.9085559336533833,0.0,1.0,4.234622264524093,9.636467092973753,40.80679810326042,6.950047786895792,10.26851254326857,3.318464756372779,0.14016008121340232
decoupled_1777,midas_lesion_486,clinical_mask,0.755859375,2.75,0.9810148044289672,1.0,0.0,1.0,1.2559879720446798,0.8054110301768991,1.0,0.9811673238788051,0.9811673238788051,3.1630946806341935,0.008801874241551873,1.9085559336533833,0.0,1.0,6.976351266341783,2.424203787151434,16.912097160364453,0.21979584544599948,3.3688092210055234,3.149013375559524,0.014529488739366435
decoupled_1778,melanoma_BCN_0000018489,clinical_mask,0.0595855712890625,1.00390625,0.275439114253714,1.3180420505522392,0.6514388593266779,0.8058192323565829,0.7429586708212474,0.5223381487426432,1.2409731113956464,0.3570778055381461,0.27091533641778426,4.1126580779429185,0.2534256500244032,1.6452713136997572,0.4147940074906367,1.0,9.609765441095774,1.7025565547129822,16.361169140991905,0.4090761603265317,3.5267060737282168,3.117629913401685,0.009685783520713847
decoupled_1779,isic2018_lesion_ISIC_0035642,clinical_mask,0.755859375,2.75,0.9810148044289672,1.0,0.0,1.0,1.2559879720446798,0.8054110301768991,1.0,0.9811673238788051,0.9811673238788051,3.1630946806341935,0.008801874241551873,1.9085559336533833,0.0,1.0,6.632409895844764,2.103917974923851,13.954046396930625,7.090996853306402,8.151200901562545,1.0602040482561428,0.19002571121523856
decoupled_1780,isic2018_lesion_ISIC_0035008,clinical_mask,0.755859375,2.75,0.9810148044289672,1.0,0.0,1.0,1.2559879720446798,0.8054110301768991,1.0,0.9811673238788051,0.9811673238788051,3.1630946806341935,0.008801874241551873,1.9085559336533833,0.0,1.0,3.3416409439187174,7.986162090338357,26.68688622584614,2.0427206968252754,6.648601423291952,4.605880726466676,0.15938682572593652
decoupled_1781,ph2_lesion_IMD398,clinical_mask,0.755859375,2.75,0.9810148044289672,1.0,0.0,1.0,1.2559879720446798,0.8054110301768991,1.0,0.9811673238788051,0.9811673238788051,3.1630946806341935,0.008801874241551873,1.9085559336533833,0.0,1.0,8.525139087202906,11.124658186948055,94.83925834132268,4.597921108443681,8.69161828507826,4.093697176634579,0.33506640541308164
decoupled_1782,isic2018_lesion_ISIC_0035348,clinical_mask,0.755859375,2.75,0.9810148044289672,1.0,0.0,1.0,1.2559879720446798,0.8054110301768991,1.0,0.9811673238788051,0.9811673238788051,3.1630946806341935,0.008801874241551873,1.9085559336533833,0.0,1.0,8.660166084980427,8.35232911041115,72.33255729257738,2.5328375678040738,5.36170437431533,2.8288668065112565,0.05528261134547301
decoupled_1783,isic2018_lesion_ISIC_0034753,clinical_mask,0.755859375,2.75,0.9810148044289672,1.0,0.0,1.0,1.2559879720446798,0.8054110301768991,1.0,0.9811673238788051,0.9811673238788051,3.1630946806341935,0.008801874241551873,1.9085559336533833,0.0,1.0,7.774952181808012,1.2006547079656265,9.33503294129541,2.8518156331749522,3.435775071812917,0.5839594386379647,0.23189883511060227
decoupled_1784,isic2018_lesion_ISIC_0035368,clinical_mask,0.755859375,2.75,0.9810148044289672,1.0,0.0,1.0,1.2559879720446798,0.8054110301768991,1.0,0.9811673238788051,0.9811673238788051,3.1630946806341935,0.008801874241551873,1.9085559336533833,0.0,1.0,5.465680486178961,4.3263186711998065,23.646275538168474,7.258177672868701,8.48061782292821,1.2224401500595086,0.049130060568987166
decoupled_1785,basal_cell_carcinoma_BCN_0000016844,clinical_mask,0.2169952392578125,2.78125,0.525630021633387,2.4365315915937504,0.9118968473174451,0.6912122095849129,0.35251695750773615,0.5605439495467087,1.44673370367766,0.9482634593695075,0.3891857846789676,5.97055805285277,0.37169938227061444,1.783892277965634,0.35644461962948365,1.0,4.643599118619255,1.3026474643400332,6.0489726172809855,1.8866677283349427,6.743651009366665,4.856983281031722,0.301048008609248
decoupled_1786,midas_lesion_140,clinical_mask,0.755859375,2.75,0.9810148044289672,1.0,0.0,1.0,1.2559879720446798,0.8054110301768991,1.0,0.9811673238788051,0.9811673238788051,3.1630946806341935,0.008801874241551873,1.9085559336533833,0.0,1.0,5.394792335842668,1.2353256113039275,6.664325140132587,3.211507207799981,5.078109625018297,1.8666024172183162,0.09375670123180206
decoupled_1787,isic2018_lesion_ISIC_0035287,clinical_mask,0.755859375,2.75,0.9810148044289672,1.0,0.0,1.0,1.2559879720446798,0.8054110301768991,1.0,0.9811673238788051,0.9811673238788051,3.1630946806341935,0.008801874241551873,1.9085559336533833,0.0,1.0,4.83012608125755,1.2018277845861836,5.804979727509705,3.7211778314426924,8.384732633407495,4.6635548019648025,0.20251080876994776
decoupled_1788,midas_lesion_178,clinical_mask,0.755859375,2.75,0.9810148044289672,1.0,0.0,1.0,1.2559879720446798,0.8054110301768991,1.0,0.9811673238788051,0.9811673238788051,3.1630946806341935,0.008801874241551873,1.9085559336533833,0.0,1.0,9.099726513754277,3.450534130820301,31.39891691683956,0.38509584935930496,3.632229234211465,3.24713338485216,0.08163906775362889
decoupled_1789,midas_lesion_289,clinical_mask,0.755859375,2.75,0.9810148044289672,1.0,0.0,1.0,1.2559879720446798,0.8054110301768991,1.0,0.9811673238788051,0.9811673238788051,3.1630946806341935,0.008801874241551873,1.9085559336533833,0.0,1.0,5.044577667311932,6.569029019079921,33.137977085574576,7.803322313255506,12.392582687044879,4.589260373789373,0.2620752718033066
decoupled_1790,isic2018_lesion_ISIC_0035008,clinical_mask,0.755859375,2.75,0.9810148044289672,1.0,0.0,1.0,1.2559879720446798,0.8054110301768991,1.0,0.9811673238788051,0.9811673238788051,3.1630946806341935,0.008801874241551873,1.9085559336533833,0.0,1.0,6.1934105495011025,10.8348341624265,67.10457620366722,2.8731058000414444,3.998083360505262,1.1249775604638175,0.23409556479574614
decoupled_1791,midas_lesion_178,clinical_mask,0.755859375,2.75,0.9810148044289672,1.0,0.0,1.0,1.2559879720446798,0.8054110301768991,1.0,0.9811673238788051,0.9811673238788051,3.1630946806341935,0.008801874241551873,1.9085559336533833,0.0,1.0,5.401170517392823,7.407616879227044,40.00980189222255,0.24238553305162194,0.7926674662078318,0.5502819331562099,0.21056169562530763
decoupled_1792,midas_lesion_442,clinical_mask,0.755859375,2.75,0.9810148044289672,1.0,0.0,1.0,1.2559879720446798,0.8054110301768991,1.0,0.9811673238788051,0.9811673238788051,3.1630946806341935,0.008801874241551873,1.9085559336533833,0.0,1.0,5.0688162154668035,3.1383866469667483,15.907905126549544,4.083233129758913,8.005023845264263,3.9217907155053506,0.19860815218173958
decoupled_1793,isic2018_lesion_ISIC_0035117,clinical_mask,0.755859375,2.75,0.9810148044289672,1.0,0.0,1.0,1.2559879720446798,0.8054110301768991,1.0,0.9811673238788051,0.9811673238788051,3.1630946806341935,0.008801874241551873,1.9085559336533833,0.0,1.0,4.2924507416454345,2.4737766600207025,10.618564458971031,4.4838480288978495,6.59520697878712,2.1113589498892704,0.11607704760677186
decoupled_1794,isic2018_lesion_ISIC_0035128,clinical_mask,0.755859375,2.75,0.9810148044289672,1.0,0.0,1.0,1.2559879720446798,0.8054110301768991,1.0,0.9811673238788051,0.9811673238788051,3.1630946806341935,0.008801874241551873,1.9085559336533833,0.0,1.0,9.46638086699588,1.7633496181842143,16.69253908740354,4.903970597501821,6.331880418219713,1.4279098207178924,0.09606862142121092
decoupled_1795,isic2018_lesion_ISIC_0035553,clinical_mask,0.755859375,2.75,0.9810148044289672,1.0,0.0,1.0,1.2559879720446798,0.8054110301768991,1.0,0.9811673238788051,0.9811673238788051,3.1630946806341935,0.008801874241551873,1.9085559336533833,0.0,1.0,6.50054770044763,3.491717657853189,22.698077191369933,4.127737125745912,5.553501528905743,1.4257644031598309,0.082607337988465
decoupled_1796,ph2_lesion_IMD370,clinical_mask,0.755859375,2.75,0.9810148044289672,1.0,0.0,1.0,1.2559879720446798,0.8054110301768991,1.0,0.9811673238788051,0.9811673238788051,3.1630946806341935,0.008801874241551873,1.9085559336533833,0.0,1.0,8.5782851827042,7.693703368504722,65.99878160616545,6.330673824509899,11.752623051377903,5.421949226868004,0.2902737232902435
decoupled_1797,ph2_lesion_IMD031,clinical_mask,0.755859375,2.75,0.9810148044289672,1.0,0.0,1.0,1.2559879720446798,0.8054110301768991,1.0,0.9811673238788051,0.9811673238788051,3.1630946806341935,0.008801874241551873,1.9085559336533833,0.0,1.0,4.397338555355328,2.2469851245875425,9.880754321658697,7.643093185049302,8.525788670959257,0.882695485909955,0.1542499632139513
decoupled_1798,midas_lesion_218,clinical_mask,0.755859375,2.75,0.9810148044289672,1.0,0.0,1.0,1.2559879720446798,0.8054110301768991,1.0,0.9811673238788051,0.9811673238788051,3.1630946806341935,0.008801874241551873,1.9085559336533833,0.0,1.0,7.241303212002573,2.531697805739015,18.332791452517796,2.4523361402778767,3.4499139669225296,0.9975778266446529,0.040466680997701863
decoupled_1799,midas_lesion_218,clinical_mask,0.755859375,2.75,0.9810148044289672,1.0,0.0,1.0,1.2559879720446798,0.8054110301768991,1.0,0.9811673238788051,0.9811673238788051,3.1630946806341935,0.008801874241551873,1.9085559336533833,0.0,1.0,3.442738316019269,2.990899239524084,10.296883411262456,0.6991400907357459,4.941309697120084,4.242169606384338,0.1584851976104229
decoupled_1800,ph2_lesion_IMD370,clinical_mask,0.755859375,2.75,0.9810148044289672,1.0,0.0,1.0,1.2559879720446798,0.8054110301768991,1.0,0.9811673238788051,0.9811673238788051,3.1630946806341935,0.008801874241551873,1.9085559336533833,0.0,1.0,6.908556003642291,1.280539395998424,8.846678132125385,5.163389458708929,8.65142913033359,3.4880396716246604,0.09407830539911051
decoupled_1801,ph2_lesion_IMD331,clinical_mask,0.755859375,2.75,0.9810148044289672,1.0,0.0,1.0,1.2559879720446798,0.8054110301768991,1.0,0.9811673238788051,0.9811673238788051,3.1630946806341935,0.008801874241551873,1.9085559336533833,0.0,1.0,5.096944028916757,8.633097831181917,44.00241644169687,3.460906939964176,8.449841777466798,4.988934837502622,0.1824619035848175
decoupled_1802,midas_lesion_442,clinical_mask,0.755859375,2.75,0.9810148044289672,1.0,0.0,1.0,1.2559879720446798,0.8054110301768991,1.0,0.9811673238788051,0.9811673238788051,3.1630946806341935,0.008801874241551873,1.9085559336533833,0.0,1.0,3.175795573743012,10.761871121742319,34.177502673622,0.38763461866956134,3.744195254740207,3.356560636070646,0.15367325715553268
decoupled_1803,midas_lesion_564,clinical_mask,0.755859375,2.75,0.9810148044289672,1.0,0.0,1.0,1.2559879720446798,0.8054110301768991,1.0,0.9811673238788051,0.9811673238788051,3.1630946806341935,0.008801874241551873,1.9085559336533833,0.0,1.0,7.199580452637592,1.5664081013955486,11.277481147660556,3.557007633835366,4.445796496221747,0.8887888623863809,0.3067048648961695
decoupled_1804,isic2018_lesion_ISIC_0036062,clinical_mask,0.755859375,2.75,0.9810148044289672,1.0,0.0,1.0,1.2559879720446798,0.8054110301768991,1.0,0.9811673238788051,0.9811673238788051,3.1630946806341935,0.008801874241551873,1.9085559336533833,0.0,1.0,4.27117579552178,1.3145148884400988,5.614524174358364,5.395577302339905,8.9228408816336,3.5272635792936953,0.2717350942675721
decoupled_1805,isic2018_lesion_ISIC_0035029,clinical_mask,0.755859375,2.75,0.9810148044289672,1.0,0.0,1.0,1.2559879720446798,0.8054110301768991,1.0,0.9811673238788051,0.9811673238788051,3.1630946806341935,0.008801874241551873,1.9085559336533833,0.0,1.0,8.516808459913873,7.0957569660414395,60.43320295787453,7.272427847805653,12.61442452254299,5.341996674737337,0.34692612224487024
decoupled_1806,midas_lesion_178,clinical_mask,0.755859375,2.75,0.9810148044289672,1.0,0.0,1.0,1.2559879720446798,0.8054110301768991,1.0,0.9811673238788051,0.9811673238788051,3.1630946806341935,0.008801874241551873,1.9085559336533833,0.0,1.0,7.16148801238929,6.897358574964924,49.39535075176178,6.081207923072786,11.540684372023595,5.4594764489508085,0.11725745170543127
decoupled_1807,midas_lesion_626,clinical_mask,0.755859375,2.75,0.9810148044289672,1.0,0.0,1.0,1.2559879720446798,0.8054110301768991,1.0,0.9811673238788051,0.9811673238788051,3.1630946806341935,0.008801874241551873,1.9085559336533833,0.0,1.0,4.713268918097444,11.134396170960654,52.47940339437204,0.31474682113111035,1.2793307419144688,0.9645839207833584,0.016929391753034033
decoupled_1808,isic2018_lesion_ISIC_0034585,clinical_mask,0.755859375,2.75,0.9810148044289672,1.0,0.0,1.0,1.2559879720446798,0.8054110301768991,1.0,0.9811673238788051,0.9811673238788051,3.1630946806341935,0.008801874241551873,1.9085559336533833,0.0,1.0,8.790795574612895,1.4875248608219587,13.076526963640337,7.6488071489308105,10.182479590929198,2.5336724419983874,0.05529300550141627
decoupled_1809,isic2018_lesion_ISIC_0034753,clinical_mask,0.755859375,2.75,0.9810148044289672,1.0,0.0,1.0,1.2559879720446798,0.8054110301768991,1.0,0.9811673238788051,0.9811673238788051,3.1630946806341935,0.008801874241551873,1.9085559336533833,0.0,1.0,6.2024403790376486,1.3045228361134273,8.091225114086635,0.9188077184448502,5.759538384386853,4.840730665942003,0.2586579287216436
decoupled_1810,ph2_lesion_IMD312,clinical_mask,0.755859375,2.75,0.9810148044289672,1.0,0.0,1.0,1.2559879720446798,0.8054110301768991,1.0,0.9811673238788051,0.9811673238788051,3.1630946806341935,0.008801874241551873,1.9085559336533833,0.0,1.0,6.331026401764574,10.928288889629105,69.18728548635232,7.2396019435097525,8.027014925784613,0.7874129822748603,0.08684600046313051
decoupled_1811,isic2018_lesion_ISIC_0035001,clinical_mask,0.755859375,2.75,0.9810148044289672,1.0,0.0,1.0,1.2559879720446798,0.8054110301768991,1.0,0.9811673238788051,0.9811673238788051,3.1630946806341935,0.008801874241551873,1.9085559336533833,0.0,1.0,3.137497944362603,4.983191904132304,15.634754355579469,2.904579232409331,5.527577023581188,2.6229977911718567,0.0026380195750148657
decoupled_1812,midas_lesion_300,clinical_mask,0.755859375,2.75,0.9810148044289672,1.0,0.0,1.0,1.2559879720446798,0.8054110301768991,1.0,0.9811673238788051,0.9811673238788051,3.1630946806341935,0.008801874241551873,1.9085559336533833,0.0,1.0,4.474058195085316,8.913891145518456,39.881267729705286,0.6763032271864196,5.384734290144463,4.708431062958043,0.008926419109427602
decoupled_1813,midas_lesion_226,clinical_mask,0.755859375,2.75,0.9810148044289672,1.0,0.0,1.0,1.2559879720446798,0.8054110301768991,1.0,0.9811673238788051,0.9811673238788051,3.1630946806341935,0.008801874241551873,1.9085559336533833,0.0,1.0,8.352517113786885,2.411442572867868,20.141615358793143,6.795857205793988,8.45214297941622,1.6562857736222316,0.013146979226543187
decoupled_1814,ph2_lesion_IMD398,clinical_mask,0.755859375,2.75,0.9810148044289672,1.0,0.0,1.0,1.2559879720446798,0.8054110301768991,1.0,0.9811673238788051,0.9811673238788051,3.1630946806341935,0.008801874241551873,1.9085559336533833,0.0,1.0,3.086198219558292,5.851813333932935,18.059855892371296,2.369073591302547,6.073150583140842,3.704076991838295,0.19215373267979888
decoupled_1815,midas_lesion_536,clinical_mask,0.755859375,2.75,0.9810148044289672,1.0,0.0,1.0,1.2559879720446798,0.8054110301768991,1.0,0.9811673238788051,0.9811673238788051,3.1630946806341935,0.008801874241551873,1.9085559336533833,0.0,1.0,5.681170661843799,6.546600144917447,37.192352678127364,1.7935476020407521,2.3451858594114228,0.5516382573706706,0.06362144395598225
decoupled_1816,isic2018_lesion_ISIC_0035001,clinical_mask,0.755859375,2.75,0.9810148044289672,1.0,0.0,1.0,1.2559879720446798,0.8054110301768991,1.0,0.9811673238788051,0.9811673238788051,3.1630946806341935,0.008801874241551873,1.9085559336533833,0.0,1.0,3.958075252422987,10.582306491442594,41.88556543733406,6.332461577326832,10.200529760274538,3.868068182947706,0.03384841000995012
decoupled_1817,isic2018_lesion_ISIC_0035210,clinical_mask,0.755859375,2.75,0.9810148044289672,1.0,0.0,1.0,1.2559879720446798,0.8054110301768991,1.0,0.9811673238788051,0.9811673238788051,3.1630946806341935,0.008801874241551873,1.9085559336533833,0.0,1.0,7.719696588786442,1.528481209705072,11.799411180584418,2.920372012022147,5.183806619995265,2.263434607973118,0.3178497497205817
decoupled_1818,midas_lesion_277,clinical_mask,0.755859375,2.75,0.9810148044289672,1.0,0.0,1.0,1.2559879720446798,0.8054110301768991,1.0,0.9811673238788051,0.9811673238788051,3.1630946806341935,0.008801874241551873,1.9085559336533833,0.0,1.0,7.444702334097634,3.3965469015470346,25.286280645819296,4.417537212439134,9.819308841530646,5.401771629091511,0.2072825684861242
decoupled_1819,midas_lesion_178,clinical_mask,0.755859375,2.75,0.9810148044289672,1.0,0.0,1.0,1.2559879720446798,0.8054110301768991,1.0,0.9811673238788051,0.9811673238788051,3.1630946806341935,0.008801874241551873,1.9085559336533833,0.0,1.0,9.506716775368561,1.630695969771061,15.50256473134845,6.450394952258659,7.67378779281639,1.2233928405577315,0.2268054126183933
decoupled_1820,ph2_lesion_IMD256,clinical_mask,0.755859375,2.75,0.9810148044289672,1.0,0.0,1.0,1.2559879720446798,0.8054110301768991,1.0,0.9811673238788051,0.9811673238788051,3.1630946806341935,0.008801874241551873,1.9085559336533833,0.0,1.0,7.5879584771056825,2.955132133642839,22.42341992444258,2.471563929736512,5.317662698101113,2.8460987683646013,0.24600295545494025
decoupled_1821,isic2018_lesion_ISIC_0035842,clinical_mask,0.755859375,2.75,0.9810148044289672,1.0,0.0,1.0,1.2559879720446798,0.8054110301768991,1.0,0.9811673238788051,0.9811673238788051,3.1630946806341935,0.008801874241551873,1.9085559336533833,0.0,1.0,7.172799532865912,7.269467942690594,52.14243626351481,0.4112349907481667,3.592288735249155,3.1810537445009883,0.3094766308182377
decoupled_1822,isic2018_lesion_ISIC_0035372,clinical_mask,0.755859375,2.75,0.9810148044289672,1.0,0.0,1.0,1.2559879720446798,0.8054110301768991,1.0,0.9811673238788051,0.9811673238788051,3.1630946806341935,0.008801874241551873,1.9085559336533833,0.0,1.0,8.765567698952168,6.647255389035281,58.266967124813384,6.821590190312109,8.205563796412338,1.3839736061002297,0.2609238024934294
decoupled_1823,ph2_lesion_IMD278,clinical_mask,0.755859375,2.75,0.9810148044289672,1.0,0.0,1.0,1.2559879720446798,0.8054110301768991,1.0,0.9811673238788051,0.9811673238788051,3.1630946806341935,0.008801874241551873,1.9085559336533833,0.0,1.0,4.475860760697181,4.0945550334995895,18.326658206955944,6.235864477258793,10.173819681751164,3.937955204492371,0.012117416904602035
decoupled_1824,midas_lesion_143,clinical_mask,0.755859375,2.75,0.9810148044289672,1.0,0.0,1.0,1.2559879720446798,0.8054110301768991,1.0,0.9811673238788051,0.9811673238788051,3.1630946806341935,0.008801874241551873,1.9085559336533833,0.0,1.0,6.846068882736967,1.802535999922342,12.34028561908151,6.074685851095309,7.123051372488341,1.0483655213930323,0.2595480907155061
decoupled_1825,midas_lesion_277,clinical_mask,0.755859375,2.75,0.9810148044289672,1.0,0.0,1.0,1.2559879720446798,0.8054110301768991,1.0,0.9811673238788051,0.9811673238788051,3.1630946806341935,0.008801874241551873,1.9085559336533833,0.0,1.0,5.688622868721239,11.629427689708663,66.1554283058167,1.0602078083750344,3.7041159448947774,2.6439081365197428,0.3117092340555957
decoupled_1826,midas_lesion_140,clinical_mask,0.755859375,2.75,0.9810148044289672,1.0,0.0,1.0,1.2559879720446798,0.8054110301768991,1.0,0.9811673238788051,0.9811673238788051,3.1630946806341935,0.008801874241551873,1.9085559336533833,0.0,1.0,5.764027533887636,8.496422896204566,48.97361551327645,0.7618862326399274,6.205663458172035,5.4437772255321075,0.24903260061516985
decoupled_1827,ph2_lesion_IMD433,clinical_mask,0.755859375,2.75,0.9810148044289672,1.0,0.0,1.0,1.2559879720446798,0.8054110301768991,1.0,0.9811673238788051,0.9811673238788051,3.1630946806341935,0.008801874241551873,1.9085559336533833,0.0,1.0,5.190806177561749,1.774291215847007,9.21000180401219,5.493843023888304,10.2724184030317,4.778575379143397,0.07775996992607385
decoupled_1828,isic2018_lesion_ISIC_0035630,clinical_mask,0.755859375,2.75,0.9810148044289672,1.0,0.0,1.0,1.2559879720446798,0.8054110301768991,1.0,0.9811673238788051,0.9811673238788051,3.1630946806341935,0.008801874241551873,1.9085559336533833,0.0,1.0,5.932987542369009,1.338861748376973,7.943450074074971,2.985308625585708,8.186043592728808,5.2007349671431005,0.2032318930186908
decoupled_1829,benign_nevi_BCN_0000002637,clinical_mask,0.15252685546875,1.30859375,0.4406849487070295,1.417669542590093,0.7088263668179722,0.9852158486102898,1.1192999836144735,0.7212121212121212,1.0150060024009604,0.5266806701684116,0.3715115930375157,3.3506702010670235,0.12587200220725414,1.7585747731755839,0.284992784992785,1.0,3.8319554429754574,2.2120183819566988,8.476355878700737,2.857853181244118,5.229391014402931,2.371537833158813,0.3258817664827165
decoupled_1830,ph2_lesion_IMD312,clinical_mask,0.755859375,2.75,0.9810148044289672,1.0,0.0,1.0,1.2559879720446798,0.8054110301768991,1.0,0.9811673238788051,0.9811673238788051,3.1630946806341935,0.008801874241551873,1.9085559336533833,0.0,1.0,5.314925611291667,9.357333693040813,49.73353249854505,1.5607229732829557,6.241031484863785,4.680308511580829,0.29099770964821614
decoupled_1831,isic2018_lesion_ISIC_0034970,clinical_mask,0.755859375,2.75,0.9810148044289672,1.0,0.0,1.0,1.2559879720446798,0.8054110301768991,1.0,0.9811673238788051,0.9811673238788051,3.1630946806341935,0.008801874241551873,1.9085559336533833,0.0,1.0,7.535880640633737,1.9973643597935278,15.051899411259845,1.0229600409800934,5.197863254100351,4.174903213120258,0.22741280097348748
decoupled_1832,midas_lesion_755,clinical_mask,0.755859375,2.75,0.9810148044289672,1.0,0.0,1.0,1.2559879720446798,0.8054110301768991,1.0,0.9811673238788051,0.9811673238788051,3.1630946806341935,0.008801874241551873,1.9085559336533833,0.0,1.0,4.663906083203969,4.717415421406385,22.001582480897454,2.1774547820272914,5.510992413883152,3.3335376318558603,0.0019793541205544497
decoupled_1833,isic2018_lesion_ISIC_0035608,clinical_mask,0.755859375,2.75,0.9810148044289672,1.0,0.0,1.0,1.2559879720446798,0.8054110301768991,1.0,0.9811673238788051,0.9811673238788051,3.1630946806341935,0.008801874241551873,1.9085559336533833,0.0,1.0,4.047853375075368,3.061536405536839,12.392650472068404,6.993279023682053,10.893335304088769,3.900056280406716,0.09649650462523757
decoupled_1834,midas_lesion_140,clinical_mask,0.755859375,2.75,0.9810148044289672,1.0,0.0,1.0,1.2559879720446798,0.8054110301768991,1.0,0.9811673238788051,0.9811673238788051,3.1630946806341935,0.008801874241551873,1.9085559336533833,0.0,1.0,9.465679512338589,2.932964467633117,27.76250167169185,3.220210561761935,5.781964657350445,2.5617540955885096,0.0895117864121954
decoupled_1835,midas_lesion_442,clinical_mask,0.755859375,2.75,0.9810148044289672,1.0,0.0,1.0,1.2559879720446798,0.8054110301768991,1.0,0.9811673238788051,0.9811673238788051,3.1630946806341935,0.008801874241551873,1.9085559336533833,0.0,1.0,8.246147036332488,1.190047777448655,9.813308953102291,3.01858660400109,3.766394939532169,0.747808335531079,0.26852105383992775
decoupled_1836,isic2018_lesion_ISIC_0035691,clinical_mask,0.755859375,2.75,0.9810148044289672,1.0,0.0,1.0,1.2559879720446798,0.8054110301768991,1.0,0.9811673238788051,0.9811673238788051,3.1630946806341935,0.008801874241551873,1.9085559336533833,0.0,1.0,8.856460365322235,1.622487467390799,14.369495948178663,5.876741563401672,7.222284537074541,1.3455429736728695,0.0308156520412172
decoupled_1837,ph2_lesion_IMD031,clinical_mask,0.755859375,2.75,0.9810148044289672,1.0,0.0,1.0,1.2559879720446798,0.8054110301768991,1.0,0.9811673238788051,0.9811673238788051,3.1630946806341935,0.008801874241551873,1.9085559336533833,0.0,1.0,5.330361755227885,3.353517585331776,17.875461882336662,5.3041791501617555,6.866036567252433,1.5618574170906774,0.14954394498883808
decoupled_1838,ph2_lesion_IMD312,clinical_mask,0.755859375,2.75,0.9810148044289672,1.0,0.0,1.0,1.2559879720446798,0.8054110301768991,1.0,0.9811673238788051,0.9811673238788051,3.1630946806341935,0.008801874241551873,1.9085559336533833,0.0,1.0,4.151762405668595,5.745209787297198,23.852746007579775,3.768693699664853,6.514114199014805,2.745420499349952,0.07582593904030918
decoupled_1839,isic2018_lesion_ISIC_0035691,clinical_mask,0.755859375,2.75,0.9810148044289672,1.0,0.0,1.0,1.2559879720446798,0.8054110301768991,1.0,0.9811673238788051,0.9811673238788051,3.1630946806341935,0.008801874241551873,1.9085559336533833,0.0,1.0,3.0189191859683007,1.8583739654386728,5.610280818966801,4.384393031964084,8.858938148766155,4.474545116802071,0.09359262320120157
decoupled_1840,isic2018_lesion_ISIC_0035368,clinical_mask,0.755859375,2.75,0.9810148044289672,1.0,0.0,1.0,1.2559879720446798,0.8054110301768991,1.0,0.9811673238788051,0.9811673238788051,3.1630946806341935,0.008801874241551873,1.9085559336533833,0.0,1.0,8.023199048710687,4.743969501553178,38.06181159197397,7.546232253218787,8.126651700853133,0.5804194476343456,0.2532251477308815
decoupled_1841,isic2018_lesion_ISIC_0035368,clinical_mask,0.755859375,2.75,0.9810148044289672,1.0,0.0,1.0,1.2559879720446798,0.8054110301768991,1.0,0.9811673238788051,0.9811673238788051,3.1630946806341935,0.008801874241551873,1.9085559336533833,0.0,1.0,9.677376006488483,11.202273378712897,108.40861161328087,6.368108220781464,8.39970542664907,2.031597205867607,0.2556434588253293
decoupled_1842,isic2018_lesion_ISIC_0035376,clinical_mask,0.755859375,2.75,0.9810148044289672,1.0,0.0,1.0,1.2559879720446798,0.8054110301768991,1.0,0.9811673238788051,0.9811673238788051,3.1630946806341935,0.008801874241551873,1.9085559336533833,0.0,1.0,3.811894562175806,2.1901042371348107,8.348446432132377,7.87471830836148,13.059246428887018,5.184528120525538,0.03452745703726509
decoupled_1843,midas_lesion_626,clinical_mask,0.755859375,2.75,0.9810148044289672,1.0,0.0,1.0,1.2559879720446798,0.8054110301768991,1.0,0.9811673238788051,0.9811673238788051,3.1630946806341935,0.008801874241551873,1.9085559336533833,0.0,1.0,7.6019228464698445,1.4566380092135034,11.073249761276482,0.6544326290696761,4.46418092454378,3.8097482954741038,0.07677857875912555
decoupled_1844,midas_lesion_564,clinical_mask,0.755859375,2.75,0.9810148044289672,1.0,0.0,1.0,1.2559879720446798,0.8054110301768991,1.0,0.9811673238788051,0.9811673238788051,3.1630946806341935,0.008801874241551873,1.9085559336533833,0.0,1.0,9.034830389831615,5.701955182099781,51.51619796069296,4.825239744176503,9.114083381457355,4.288843637280852,0.044285794178951315
decoupled_1845,midas_lesion_647,clinical_mask,0.755859375,2.75,0.9810148044289672,1.0,0.0,1.0,1.2559879720446798,0.8054110301768991,1.0,0.9811673238788051,0.9811673238788051,3.1630946806341935,0.008801874241551873,1.9085559336533833,0.0,1.0,6.306678800365749,5.385775851360964,33.96635838529998,3.0747172524626305,5.864510912332351,2.7897936598697206,0.09188871736930353
decoupled_1846,ph2_lesion_IMD433,clinical_mask,0.755859375,2.75,0.9810148044289672,1.0,0.0,1.0,1.2559879720446798,0.8054110301768991,1.0,0.9811673238788051,0.9811673238788051,3.1630946806341935,0.008801874241551873,1.9085559336533833,0.0,1.0,3.5752667626153114,1.7956122435377222,6.419792772865528,2.9128561662859602,8.076144696368647,5.163288530082687,0.099874398960467
decoupled_1847,isic2018_lesion_ISIC_0035643,clinical_mask,0.755859375,2.75,0.9810148044289672,1.0,0.0,1.0,1.2559879720446798,0.8054110301768991,1.0,0.9811673238788051,0.9811673238788051,3.1630946806341935,0.008801874241551873,1.9085559336533833,0.0,1.0,7.276405037370798,9.459751929515319,68.83298659220338,2.8815653611001144,7.985297747537044,5.1037323864369295,0.2725673311381757
decoupled_1848,benign_nevi_BCN_0000002637,clinical_mask,0.15252685546875,1.30859375,0.4406849487070295,1.417669542590093,0.7088263668179722,0.9852158486102898,1.1192999836144735,0.7212121212121212,1.0150060024009604,0.5266806701684116,0.3715115930375157,3.3506702010670235,0.12587200220725414,1.7585747731755839,0.284992784992785,1.0,5.009493601911946,1.3706300567626424,6.866162499940664,0.7584544909161186,2.763073187124422,2.0046186962083032,0.2259347540667829
decoupled_1849,ph2_lesion_IMD256,clinical_mask,0.755859375,2.75,0.9810148044289672,1.0,0.0,1.0,1.2559879720446798,0.8054110301768991,1.0,0.9811673238788051,0.9811673238788051,3.1630946806341935,0.008801874241551873,1.9085559336533833,0.0,1.0,9.676132140115776,8.514026584770527,82.38284627869824,3.772371928563534,6.5423841404249155,2.7700122118613812,0.19318509674577317
decoupled_1850,isic2018_lesion_ISIC_0035915,clinical_mask,0.755859375,2.75,0.9810148044289672,1.0,0.0,1.0,1.2559879720446798,0.8054110301768991,1.0,0.9811673238788051,0.9811673238788051,3.1630946806341935,0.008801874241551873,1.9085559336533833,0.0,1.0,7.079226410813059,4.406243507978506,31.192795414155025,4.301148897854024,8.806688553326865,4.50553965547284,0.24409779380364455
decoupled_1851,isic2018_lesion_ISIC_0034538,clinical_mask,0.755859375,2.75,0.9810148044289672,1.0,0.0,1.0,1.2559879720446798,0.8054110301768991,1.0,0.9811673238788051,0.9811673238788051,3.1630946806341935,0.008801874241551873,1.9085559336533833,0.0,1.0,9.948313507214344,2.669297821355459,26.555011570968333,2.2855474892246956,3.0024145562422415,0.7168670670175459,0.0696203426922857
decoupled_1852,midas_lesion_626,clinical_mask,0.755859375,2.75,0.9810148044289672,1.0,0.0,1.0,1.2559879720446798,0.8054110301768991,1.0,0.9811673238788051,0.9811673238788051,3.1630946806341935,0.008801874241551873,1.9085559336533833,0.0,1.0,9.09433050955915,5.392359121383165,49.039896076094486,5.624540888375784,9.450706758320006,3.826165869944222,0.08296545173284246
decoupled_1853,isic2018_lesion_ISIC_0035443,clinical_mask,0.755859375,2.75,0.9810148044289672,1.0,0.0,1.0,1.2559879720446798,0.8054110301768991,1.0,0.9811673238788051,0.9811673238788051,3.1630946806341935,0.008801874241551873,1.9085559336533833,0.0,1.0,6.910124275276631,6.263413814973817,43.28096784895359,4.409216630101653,9.448721400490331,5.039504770388678,0.20489000804484458
decoupled_1854,ph2_lesion_IMD057,clinical_mask,0.755859375,2.75,0.9810148044289672,1.0,0.0,1.0,1.2559879720446798,0.8054110301768991,1.0,0.9811673238788051,0.9811673238788051,3.1630946806341935,0.008801874241551873,1.9085559336533833,0.0,1.0,4.221368005111944,5.03076908947722,21.236727675425282,3.5639272062022047,5.730152251535492,2.1662250453332876,0.013870549534853482
decoupled_1855,ph2_lesion_IMD312,clinical_mask,0.755859375,2.75,0.9810148044289672,1.0,0.0,1.0,1.2559879720446798,0.8054110301768991,1.0,0.9811673238788051,0.9811673238788051,3.1630946806341935,0.008801874241551873,1.9085559336533833,0.0,1.0,4.119292528669696,5.306419835910401,21.85869558405039,4.4253863537955285,6.063433488565623,1.638047134770095,0.11335395756641921
decoupled_1856,isic2018_lesion_ISIC_0035210,clinical_mask,0.755859375,2.75,0.9810148044289672,1.0,0.0,1.0,1.2559879720446798,0.8054110301768991,1.0,0.9811673238788051,0.9811673238788051,3.1630946806341935,0.008801874241551873,1.9085559336533833,0.0,1.0,5.910197602190717,6.327006527087549,37.393858805437844,3.8550425788105254,9.180128058515457,5.325085479704931,0.0020977103931510807
decoupled_1857,isic2018_lesion_ISIC_0035149,clinical_mask,0.755859375,2.75,0.9810148044289672,1.0,0.0,1.0,1.2559879720446798,0.8054110301768991,1.0,0.9811673238788051,0.9811673238788051,3.1630946806341935,0.008801874241551873,1.9085559336533833,0.0,1.0,6.811633042217766,4.301285224277222,29.298776557689777,6.320973960908378,11.03349809674137,4.712524135832992,0.24743783355706422
decoupled_1858,midas_lesion_536,clinical_mask,0.755859375,2.75,0.9810148044289672,1.0,0.0,1.0,1.2559879720446798,0.8054110301768991,1.0,0.9811673238788051,0.9811673238788051,3.1630946806341935,0.008801874241551873,1.9085559336533833,0.0,1.0,5.960891310883477,3.8285772719952678,22.82173299368256,7.985995666371914,9.493305185946392,1.507309519574478,0.09019245670657595
decoupled_1859,midas_lesion_755,clinical_mask,0.755859375,2.75,0.9810148044289672,1.0,0.0,1.0,1.2559879720446798,0.8054110301768991,1.0,0.9811673238788051,0.9811673238788051,3.1630946806341935,0.008801874241551873,1.9085559336533833,0.0,1.0,8.775197308962472,6.363014196433802,55.83670505343591,6.2731925147693515,9.64789681233692,3.374704297567569,0.27095913430726465
decoupled_1860,midas_lesion_277,clinical_mask,0.755859375,2.75,0.9810148044289672,1.0,0.0,1.0,1.2559879720446798,0.8054110301768991,1.0,0.9811673238788051,0.9811673238788051,3.1630946806341935,0.008801874241551873,1.9085559336533833,0.0,1.0,5.72712031046506,5.42550855662831,31.07254024926797,2.7898379966947537,7.635071322021583,4.845233325326829,0.012114169596158991
decoupled_1861,midas_lesion_564,clinical_mask,0.755859375,2.75,0.9810148044289672,1.0,0.0,1.0,1.2559879720446798,0.8054110301768991,1.0,0.9811673238788051,0.9811673238788051,3.1630946806341935,0.008801874241551873,1.9085559336533833,0.0,1.0,9.864985784702238,3.2894093129724635,32.44997611254051,4.62135108045687,5.881238542524143,1.2598874620672724,0.29546902229202127
decoupled_1862,isic2018_lesion_ISIC_0035078,clinical_mask,0.755859375,2.75,0.9810148044289672,1.0,0.0,1.0,1.2559879720446798,0.8054110301768991,1.0,0.9811673238788051,0.9811673238788051,3.1630946806341935,0.008801874241551873,1.9085559336533833,0.0,1.0,3.0523720113551738,10.135362166274508,30.93689580128445,0.6124278496425126,3.526643043022478,2.9142151933799654,0.1120333816530676
decoupled_1863,midas_lesion_218,clinical_mask,0.755859375,2.75,0.9810148044289672,1.0,0.0,1.0,1.2559879720446798,0.8054110301768991,1.0,0.9811673238788051,0.9811673238788051,3.1630946806341935,0.008801874241551873,1.9085559336533833,0.0,1.0,4.489275091498704,8.260888072195566,37.0853990561663,5.8263041373880755,6.7790998128942315,0.952795675506156,0.3163370097567233
decoupled_1864,midas_lesion_300,clinical_mask,0.755859375,2.75,0.9810148044289672,1.0,0.0,1.0,1.2559879720446798,0.8054110301768991,1.0,0.9811673238788051,0.9811673238788051,3.1630946806341935,0.008801874241551873,1.9085559336533833,0.0,1.0,6.44806656860069,2.6795260875449785,17.277762584792182,6.7913131466752645,11.077377893471915,4.286064746796651,0.11575083819972044
decoupled_1865,midas_lesion_357,clinical_mask,0.755859375,2.75,0.9810148044289672,1.0,0.0,1.0,1.2559879720446798,0.8054110301768991,1.0,0.9811673238788051,0.9811673238788051,3.1630946806341935,0.008801874241551873,1.9085559336533833,0.0,1.0,3.945585030997833,1.8636356241263283,7.3531328217871454,5.735272486511248,10.121962824322672,4.386690337811424,0.04486428467299125
decoupled_1866,isic2018_lesion_ISIC_0034961,clinical_mask,0.755859375,2.75,0.9810148044289672,1.0,0.0,1.0,1.2559879720446798,0.8054110301768991,1.0,0.9811673238788051,0.9811673238788051,3.1630946806341935,0.008801874241551873,1.9085559336533833,0.0,1.0,5.137875092614085,2.960932137962418,15.212899482557678,7.66005831451553,11.359394357207904,3.699336042692374,0.19145314602270797
decoupled_1867,isic2018_lesion_ISIC_0034982,clinical_mask,0.755859375,2.75,0.9810148044289672,1.0,0.0,1.0,1.2559879720446798,0.8054110301768991,1.0,0.9811673238788051,0.9811673238788051,3.1630946806341935,0.008801874241551873,1.9085559336533833,0.0,1.0,9.159250472220577,2.4470514490156727,22.41315713994485,6.86820665349852,9.012723224978991,2.1445165714804713,0.1363317177584529
decoupled_1868,isic2018_lesion_ISIC_0035915,clinical_mask,0.755859375,2.75,0.9810148044289672,1.0,0.0,1.0,1.2559879720446798,0.8054110301768991,1.0,0.9811673238788051,0.9811673238788051,3.1630946806341935,0.008801874241551873,1.9085559336533833,0.0,1.0,8.431547662420378,4.443198151898417,37.46303699130964,2.911342422170024,3.823035779466774,0.91169335729675,0.2905766350330038
decoupled_1869,isic2018_lesion_ISIC_0034898,clinical_mask,0.755859375,2.75,0.9810148044289672,1.0,0.0,1.0,1.2559879720446798,0.8054110301768991,1.0,0.9811673238788051,0.9811673238788051,3.1630946806341935,0.008801874241551873,1.9085559336533833,0.0,1.0,9.449829655566571,4.69562924295332,44.37289647160589,5.037636223300874,5.636917496155607,0.599281272854733,0.048791019863969
decoupled_1870,isic2018_lesion_ISIC_0035608,clinical_mask,0.755859375,2.75,0.9810148044289672,1.0,0.0,1.0,1.2559879720446798,0.8054110301768991,1.0,0.9811673238788051,0.9811673238788051,3.1630946806341935,0.008801874241551873,1.9085559336533833,0.0,1.0,7.332513519367638,7.133607132010156,52.30727073732187,6.750267738980745,10.551191614716563,3.800923875735818,0.2558632350326872
decoupled_1871,isic2018_lesion_ISIC_0035119,clinical_mask,0.755859375,2.75,0.9810148044289672,1.0,0.0,1.0,1.2559879720446798,0.8054110301768991,1.0,0.9811673238788051,0.9811673238788051,3.1630946806341935,0.008801874241551873,1.9085559336533833,0.0,1.0,5.448210170063366,2.048077056433892,11.158354247936572,4.347668118814602,8.78671696263918,4.439048843824577,0.2569831290624633
decoupled_1872,midas_lesion_289,clinical_mask,0.755859375,2.75,0.9810148044289672,1.0,0.0,1.0,1.2559879720446798,0.8054110301768991,1.0,0.9811673238788051,0.9811673238788051,3.1630946806341935,0.008801874241551873,1.9085559336533833,0.0,1.0,9.884628634214568,5.6010031069024455,55.36383569081267,1.7691969398601495,5.996875094427951,4.227678154567801,0.3479156684898341
decoupled_1873,midas_lesion_76,clinical_mask,0.755859375,2.75,0.9810148044289672,1.0,0.0,1.0,1.2559879720446798,0.8054110301768991,1.0,0.9811673238788051,0.9811673238788051,3.1630946806341935,0.008801874241551873,1.9085559336533833,0.0,1.0,3.631566176612437,7.525486921103404,27.329303765218388,3.3171889823732097,8.177011962492584,4.8598229801193735,0.27309241230989717
decoupled_1874,isic2018_lesion_ISIC_0034669,clinical_mask,0.755859375,2.75,0.9810148044289672,1.0,0.0,1.0,1.2559879720446798,0.8054110301768991,1.0,0.9811673238788051,0.9811673238788051,3.1630946806341935,0.008801874241551873,1.9085559336533833,0.0,1.0,5.970495736211479,7.8476547237023615,46.85438906712482,6.382240460775727,10.620663263779889,4.238422803004162,0.23212639956233902
decoupled_1875,midas_lesion_415,clinical_mask,0.755859375,2.75,0.9810148044289672,1.0,0.0,1.0,1.2559879720446798,0.8054110301768991,1.0,0.9811673238788051,0.9811673238788051,3.1630946806341935,0.008801874241551873,1.9085559336533833,0.0,1.0,9.726106160335235,3.668492477240068,35.68014728202809,7.643004355482142,11.123428691493757,3.480424336011615,0.34728191140608455
decoupled_1876,squamous_cell_carcinoma_BCN_0000004833,clinical_mask,0.164306640625,2.015625,0.45738573688555156,1.8852126082925396,0.8477198850396415,0.7619317176720326,0.5082126929549741,0.4817897091722595,1.3124535661218424,0.702400355573212,0.37258415973007136,4.972584571971463,0.32249627842615697,1.80638791826563,0.43843400447427294,1.0,9.11825810311703,1.5566962806911553,14.19435847550427,0.230100219613856,5.183092573645583,4.952992354031727,0.06301993136300513
decoupled_1877,isic2018_lesion_ISIC_0035691,clinical_mask,0.755859375,2.75,0.9810148044289672,1.0,0.0,1.0,1.2559879720446798,0.8054110301768991,1.0,0.9811673238788051,0.9811673238788051,3.1630946806341935,0.008801874241551873,1.9085559336533833,0.0,1.0,3.077794856574947,1.5241473217371135,4.6910127875049685,6.081856862831908,7.999851830308189,1.9179949674762806,0.34415989092437965
decoupled_1878,midas_lesion_626,clinical_mask,0.755859375,2.75,0.9810148044289672,1.0,0.0,1.0,1.2559879720446798,0.8054110301768991,1.0,0.9811673238788051,0.9811673238788051,3.1630946806341935,0.008801874241551873,1.9085559336533833,0.0,1.0,5.860995686733841,9.006169888498489,52.78512287048184,2.439512685551481,6.08030490936759,3.640792223816109,0.19358632695641922
decoupled_1879,isic2018_lesion_ISIC_0034585,clinical_mask,0.755859375,2.75,0.9810148044289672,1.0,0.0,1.0,1.2559879720446798,0.8054110301768991,1.0,0.9811673238788051,0.9811673238788051,3.1630946806341935,0.008801874241551873,1.9085559336533833,0.0,1.0,8.374832041779191,10.835333216584376,90.74409580560521,7.248808853696954,9.366673118088798,2.1178642643918435,0.21217886804688862
decoupled_1880,basal_cell_carcinoma_BCN_0000016844,clinical_mask,0.2169952392578125,2.78125,0.525630021633387,2.4365315915937504,0.9118968473174451,0.6912122095849129,0.35251695750773615,0.5605439495467087,1.44673370367766,0.9482634593695075,0.3891857846789676,5.97055805285277,0.37169938227061444,1.783892277965634,0.35644461962948365,1.0,3.0008688118077664,7.679378919149112,23.044808692528605,6.349832854680952,9.454297058165125,3.1044642034841727,0.2163686594988776
decoupled_1881,ph2_lesion_IMD433,clinical_mask,0.755859375,2.75,0.9810148044289672,1.0,0.0,1.0,1.2559879720446798,0.8054110301768991,1.0,0.9811673238788051,0.9811673238788051,3.1630946806341935,0.008801874241551873,1.9085559336533833,0.0,1.0,9.005872145703652,7.618471377331669,68.6109791699518,1.9188001392118155,6.181619105344414,4.262818966132598,0.045328714130758736
decoupled_1882,isic2018_lesion_ISIC_0035078,clinical_mask,0.755859375,2.75,0.9810148044289672,1.0,0.0,1.0,1.2559879720446798,0.8054110301768991,1.0,0.9811673238788051,0.9811673238788051,3.1630946806341935,0.008801874241551873,1.9085559336533833,0.0,1.0,9.392261848866344,2.658543314521374,24.96973494653778,5.868481364986149,10.333896197871846,4.465414832885697,0.11014200428375114
decoupled_1883,isic2018_lesion_ISIC_0035317,clinical_mask,0.755859375,2.75,0.9810148044289672,1.0,0.0,1.0,1.2559879720446798,0.8054110301768991,1.0,0.9811673238788051,0.9811673238788051,3.1630946806341935,0.008801874241551873,1.9085559336533833,0.0,1.0,3.854178280130389,1.405868363602901,5.418467311720754,6.995797710985173,7.6957045814792675,0.699906870494095,0.08289527322897319
decoupled_1884,midas_lesion_69,clinical_mask,0.755859375,2.75,0.9810148044289672,1.0,0.0,1.0,1.2559879720446798,0.8054110301768991,1.0,0.9811673238788051,0.9811673238788051,3.1630946806341935,0.008801874241551873,1.9085559336533833,0.0,1.0,9.025779587662143,2.303845911053798,20.794005397108265,7.691099407318261,12.006284498812313,4.315185091494052,0.22893966541821129
decoupled_1885,midas_lesion_259,clinical_mask,0.755859375,2.75,0.9810148044289672,1.0,0.0,1.0,1.2559879720446798,0.8054110301768991,1.0,0.9811673238788051,0.9811673238788051,3.1630946806341935,0.008801874241551873,1.9085559336533833,0.0,1.0,5.833453460483302,1.3718713808349787,8.002747853869812,1.4905554637608545,2.304276267886708,0.8137208041258537,0.10762752983065382
decoupled_1886,isic2018_lesion_ISIC_0035376,clinical_mask,0.755859375,2.75,0.9810148044289672,1.0,0.0,1.0,1.2559879720446798,0.8054110301768991,1.0,0.9811673238788051,0.9811673238788051,3.1630946806341935,0.008801874241551873,1.9085559336533833,0.0,1.0,8.300777247499282,9.281028650602924,77.03975145631371,7.043919694611716,9.736408881935512,2.6924891873237957,0.0604312615821442
decoupled_1887,isic2018_lesion_ISIC_0035691,clinical_mask,0.755859375,2.75,0.9810148044289672,1.0,0.0,1.0,1.2559879720446798,0.8054110301768991,1.0,0.9811673238788051,0.9811673238788051,3.1630946806341935,0.008801874241551873,1.9085559336533833,0.0,1.0,8.28394692780185,3.4856494379253906,28.874934952696286,5.025505765107376,7.679685853171024,2.654180088063648,0.34367854727768643
decoupled_1888,midas_lesion_143,clinical_mask,0.755859375,2.75,0.9810148044289672,1.0,0.0,1.0,1.2559879720446798,0.8054110301768991,1.0,0.9811673238788051,0.9811673238788051,3.1630946806341935,0.008801874241551873,1.9085559336533833,0.0,1.0,7.062344418685181,7.724013157950278,54.54964121590105,7.354020838814452,11.821814479470774,4.467793640656322,0.23419371936325217
decoupled_1889,midas_lesion_536,clinical_mask,0.755859375,2.75,0.9810148044289672,1.0,0.0,1.0,1.2559879720446798,0.8054110301768991,1.0,0.9811673238788051,0.9811673238788051,3.1630946806341935,0.008801874241551873,1.9085559336533833,0.0,1.0,9.826326224250344,1.3765948801917463,13.526870371396917,4.759448258614095,9.360527661045701,4.601079402431606,0.01080267193098987
decoupled_1890,isic2018_lesion_ISIC_0035348,clinical_mask,0.755859375,2.75,0.9810148044289672,1.0,0.0,1.0,1.2559879720446798,0.8054110301768991,1.0,0.9811673238788051,0.9811673238788051,3.1630946806341935,0.008801874241551873,1.9085559336533833,0.0,1.0,6.274893476937265,3.103484522756567,19.474034787620944,7.430888764938778,11.372717493997918,3.9418287290591403,0.036844147614913836
decoupled_1891,midas_lesion_69,clinical_mask,0.755859375,2.75,0.9810148044289672,1.0,0.0,1.0,1.2559879720446798,0.8054110301768991,1.0,0.9811673238788051,0.9811673238788051,3.1630946806341935,0.008801874241551873,1.9085559336533833,0.0,1.0,3.8863948681665494,3.431814502077635,13.337386269374063,6.8772565483712205,7.754828064649962,0.8775715162787412,0.21210670980138752
decoupled_1892,isic2018_lesion_ISIC_0035078,clinical_mask,0.755859375,2.75,0.9810148044289672,1.0,0.0,1.0,1.2559879720446798,0.8054110301768991,1.0,0.9811673238788051,0.9811673238788051,3.1630946806341935,0.008801874241551873,1.9085559336533833,0.0,1.0,6.925161361155844,4.500242582117855,31.164906045510776,4.263435978654443,9.158933612074858,4.8954976334204146,0.24020015964642474
decoupled_1893,basal_cell_carcinoma_BCN_0000016844,clinical_mask,0.2169952392578125,2.78125,0.525630021633387,2.4365315915937504,0.9118968473174451,0.6912122095849129,0.35251695750773615,0.5605439495467087,1.44673370367766,0.9482634593695075,0.3891857846789676,5.97055805285277,0.37169938227061444,1.783892277965634,0.35644461962948365,1.0,5.820689740203399,2.119573653551664,12.337380618833603,5.689569277047159,7.890537409737483,2.200968132690324,0.0036986402374780177
decoupled_1894,isic2018_lesion_ISIC_0035119,clinical_mask,0.755859375,2.75,0.9810148044289672,1.0,0.0,1.0,1.2559879720446798,0.8054110301768991,1.0,0.9811673238788051,0.9811673238788051,3.1630946806341935,0.008801874241551873,1.9085559336533833,0.0,1.0,9.943508599395845,4.527126475905291,45.015521043716866,0.8156351239203121,5.7244547534784775,4.908819629558165,0.32218303329813675
decoupled_1895,midas_lesion_226,clinical_mask,0.755859375,2.75,0.9810148044289672,1.0,0.0,1.0,1.2559879720446798,0.8054110301768991,1.0,0.9811673238788051,0.9811673238788051,3.1630946806341935,0.008801874241551873,1.9085559336533833,0.0,1.0,9.532193827852165,5.62482995193954,53.61696935059607,4.768702058768539,8.82340081689389,4.054698758125352,0.24101738650387483
decoupled_1896,isic2018_lesion_ISIC_0035008,clinical_mask,0.755859375,2.75,0.9810148044289672,1.0,0.0,1.0,1.2559879720446798,0.8054110301768991,1.0,0.9811673238788051,0.9811673238788051,3.1630946806341935,0.008801874241551873,1.9085559336533833,0.0,1.0,3.970957969891324,4.0632267965132565,16.134902831090308,3.3105857020225,6.060731992510878,2.7501462904883778,0.17853833509192052
decoupled_1897,midas_lesion_234,clinical_mask,0.755859375,2.75,0.9810148044289672,1.0,0.0,1.0,1.2559879720446798,0.8054110301768991,1.0,0.9811673238788051,0.9811673238788051,3.1630946806341935,0.008801874241551873,1.9085559336533833,0.0,1.0,9.778099816503474,7.552651079020151,73.8505761298817,6.929514006842083,10.847479636955478,3.917965630113396,0.30426299731984785
decoupled_1898,isic2018_lesion_ISIC_0035210,clinical_mask,0.755859375,2.75,0.9810148044289672,1.0,0.0,1.0,1.2559879720446798,0.8054110301768991,1.0,0.9811673238788051,0.9811673238788051,3.1630946806341935,0.008801874241551873,1.9085559336533833,0.0,1.0,8.338781971772184,1.4888836139315509,12.415475837919432,1.228097401284612,5.216071048544744,3.987973647260132,0.018046427960820205
decoupled_1899,isic2018_lesion_ISIC_0035915,clinical_mask,0.755859375,2.75,0.9810148044289672,1.0,0.0,1.0,1.2559879720446798,0.8054110301768991,1.0,0.9811673238788051,0.9811673238788051,3.1630946806341935,0.008801874241551873,1.9085559336533833,0.0,1.0,9.321758204804782,7.416101692140461,69.13110679637697,0.9462212926007547,2.756045653383553,1.8098243607827982,0.0038989410855497396
decoupled_1900,isic2018_lesion_ISIC_0034748,clinical_mask,0.755859375,2.75,0.9810148044289672,1.0,0.0,1.0,1.2559879720446798,0.8054110301768991,1.0,0.9811673238788051,0.9811673238788051,3.1630946806341935,0.008801874241551873,1.9085559336533833,0.0,1.0,4.015061866363753,1.313411202135634,5.273427232549759,7.75484436003658,9.998000711901657,2.2431563518650766,0.18643435049379387
decoupled_1901,midas_lesion_536,clinical_mask,0.755859375,2.75,0.9810148044289672,1.0,0.0,1.0,1.2559879720446798,0.8054110301768991,1.0,0.9811673238788051,0.9811673238788051,3.1630946806341935,0.008801874241551873,1.9085559336533833,0.0,1.0,5.813961837439649,5.528515753962721,32.14257961122315,6.743297577331464,11.347186423437837,4.603888846106373,0.007247398500656715
decoupled_1902,ph2_lesion_IMD398,clinical_mask,0.755859375,2.75,0.9810148044289672,1.0,0.0,1.0,1.2559879720446798,0.8054110301768991,1.0,0.9811673238788051,0.9811673238788051,3.1630946806341935,0.008801874241551873,1.9085559336533833,0.0,1.0,5.2603340837712205,9.992981726215508,52.5664223729144,3.3948328262534946,5.716352994787358,2.3215201685338633,0.18332175071354473
decoupled_1903,isic2018_lesion_ISIC_0034870,clinical_mask,0.755859375,2.75,0.9810148044289672,1.0,0.0,1.0,1.2559879720446798,0.8054110301768991,1.0,0.9811673238788051,0.9811673238788051,3.1630946806341935,0.008801874241551873,1.9085559336533833,0.0,1.0,6.603541364910004,7.940275469319974,52.433937510434646,3.103353769832654,7.377431803562948,4.274078033730294,0.23503439834915854
decoupled_1904,midas_lesion_300,clinical_mask,0.755859375,2.75,0.9810148044289672,1.0,0.0,1.0,1.2559879720446798,0.8054110301768991,1.0,0.9811673238788051,0.9811673238788051,3.1630946806341935,0.008801874241551873,1.9085559336533833,0.0,1.0,7.065723181694369,2.3461484062679534,16.577235181862775,3.3756134613266315,4.99282125393381,1.6172077926071786,0.20272191211092594
decoupled_1905,midas_lesion_415,clinical_mask,0.755859375,2.75,0.9810148044289672,1.0,0.0,1.0,1.2559879720446798,0.8054110301768991,1.0,0.9811673238788051,0.9811673238788051,3.1630946806341935,0.008801874241551873,1.9085559336533833,0.0,1.0,8.036906685814248,2.787604230823643,22.40371508011062,5.616005058584883,9.333884942384252,3.7178798837993687,0.1804128862397784
decoupled_1906,midas_lesion_805,clinical_mask,0.755859375,2.75,0.9810148044289672,1.0,0.0,1.0,1.2559879720446798,0.8054110301768991,1.0,0.9811673238788051,0.9811673238788051,3.1630946806341935,0.008801874241551873,1.9085559336533833,0.0,1.0,6.820351037092761,11.381672157734732,77.62699950485589,2.321771732877871,2.866143988109082,0.5443722552312114,0.19881566574332613
decoupled_1907,midas_lesion_69,clinical_mask,0.755859375,2.75,0.9810148044289672,1.0,0.0,1.0,1.2559879720446798,0.8054110301768991,1.0,0.9811673238788051,0.9811673238788051,3.1630946806341935,0.008801874241551873,1.9085559336533833,0.0,1.0,6.699521189916769,2.1341148059563375,14.297547364219598,3.032457169219417,5.875619401577772,2.843162232358355,0.34227069346258143
decoupled_1908,ph2_lesion_IMD433,clinical_mask,0.755859375,2.75,0.9810148044289672,1.0,0.0,1.0,1.2559879720446798,0.8054110301768991,1.0,0.9811673238788051,0.9811673238788051,3.1630946806341935,0.008801874241551873,1.9085559336533833,0.0,1.0,6.130052273632408,1.2867966137315283,7.888130507707439,3.7074912344111297,6.922503274365077,3.2150120399539475,0.20415916509865353
decoupled_1909,isic2018_lesion_ISIC_0035372,clinical_mask,0.755859375,2.75,0.9810148044289672,1.0,0.0,1.0,1.2559879720446798,0.8054110301768991,1.0,0.9811673238788051,0.9811673238788051,3.1630946806341935,0.008801874241551873,1.9085559336533833,0.0,1.0,6.434042567852123,1.5516075994350724,9.983109343368103,4.904985520259935,10.057029194197863,5.1520436739379285,0.037264488608362456
decoupled_1910,isic2018_lesion_ISIC_0034898,clinical_mask,0.755859375,2.75,0.9810148044289672,1.0,0.0,1.0,1.2559879720446798,0.8054110301768991,1.0,0.9811673238788051,0.9811673238788051,3.1630946806341935,0.008801874241551873,1.9085559336533833,0.0,1.0,9.454178672937555,2.1784206656593117,20.595178197962696,7.166976622457253,10.665101508352016,3.4981248858947636,0.013536271176382685
decoupled_1911,isic2018_lesion_ISIC_0034753,clinical_mask,0.755859375,2.75,0.9810148044289672,1.0,0.0,1.0,1.2559879720446798,0.8054110301768991,1.0,0.9811673238788051,0.9811673238788051,3.1630946806341935,0.008801874241551873,1.9085559336533833,0.0,1.0,4.632422716764757,5.1160296068928375,23.69961177061145,6.94265057565445,9.182074391931774,2.2394238162773243,0.05803719597520503
decoupled_1912,isic2018_lesion_ISIC_0034585,clinical_mask,0.755859375,2.75,0.9810148044289672,1.0,0.0,1.0,1.2559879720446798,0.8054110301768991,1.0,0.9811673238788051,0.9811673238788051,3.1630946806341935,0.008801874241551873,1.9085559336533833,0.0,1.0,6.322078646639539,8.685890996560934,54.912885996396504,1.4114124721772605,3.1698468063045784,1.7584343341273179,0.10350363154174289
decoupled_1913,isic2018_lesion_ISIC_0035642,clinical_mask,0.755859375,2.75,0.9810148044289672,1.0,0.0,1.0,1.2559879720446798,0.8054110301768991,1.0,0.9811673238788051,0.9811673238788051,3.1630946806341935,0.008801874241551873,1.9085559336533833,0.0,1.0,7.921124886999388,2.355546287424932,18.658576319800645,7.744274105113248,9.58487547614226,1.8406013710290123,0.28289646326859474
decoupled_1914,isic2018_lesion_ISIC_0035421,clinical_mask,0.755859375,2.75,0.9810148044289672,1.0,0.0,1.0,1.2559879720446798,0.8054110301768991,1.0,0.9811673238788051,0.9811673238788051,3.1630946806341935,0.008801874241551873,1.9085559336533833,0.0,1.0,6.4374355293401315,8.64959335239361,55.681199561042845,7.499309500846208,11.714699318669688,4.215389817823479,0.15205589778892442
decoupled_1915,isic2018_lesion_ISIC_0035128,clinical_mask,0.755859375,2.75,0.9810148044289672,1.0,0.0,1.0,1.2559879720446798,0.8054110301768991,1.0,0.9811673238788051,0.9811673238788051,3.1630946806341935,0.008801874241551873,1.9085559336533833,0.0,1.0,8.376280585623835,1.5641122765167004,13.101443295522737,7.205930845177855,8.8683765275779,1.662445682400044,0.1179776284879301
decoupled_1916,isic2018_lesion_ISIC_0035421,clinical_mask,0.755859375,2.75,0.9810148044289672,1.0,0.0,1.0,1.2559879720446798,0.8054110301768991,1.0,0.9811673238788051,0.9811673238788051,3.1630946806341935,0.008801874241551873,1.9085559336533833,0.0,1.0,6.742678262019617,2.1336921669255258,14.386799791770276,1.369709108053301,4.443197463951,3.073488355897699,0.23009341485113988
decoupled_1917,midas_lesion_178,clinical_mask,0.755859375,2.75,0.9810148044289672,1.0,0.0,1.0,1.2559879720446798,0.8054110301768991,1.0,0.9811673238788051,0.9811673238788051,3.1630946806341935,0.008801874241551873,1.9085559336533833,0.0,1.0,8.034080835845147,1.6012639447186445,12.864683971393864,4.1638427207924495,7.604523945766683,3.4406812249742336,0.003551642224351586
decoupled_1918,midas_lesion_415,clinical_mask,0.755859375,2.75,0.9810148044289672,1.0,0.0,1.0,1.2559879720446798,0.8054110301768991,1.0,0.9811673238788051,0.9811673238788051,3.1630946806341935,0.008801874241551873,1.9085559336533833,0.0,1.0,4.110940407893181,8.607028040960769,35.382979365455306,2.8648330202113894,6.614010001823244,3.7491769816118548,0.07001790276253322
decoupled_1919,ph2_lesion_IMD433,clinical_mask,0.755859375,2.75,0.9810148044289672,1.0,0.0,1.0,1.2559879720446798,0.8054110301768991,1.0,0.9811673238788051,0.9811673238788051,3.1630946806341935,0.008801874241551873,1.9085559336533833,0.0,1.0,4.170334217199325,6.749231204987393,28.146549833948356,5.054582354196213,8.511305112339894,3.4567227581436812,0.06303461831616275
decoupled_1920,midas_lesion_234,clinical_mask,0.755859375,2.75,0.9810148044289672,1.0,0.0,1.0,1.2559879720446798,0.8054110301768991,1.0,0.9811673238788051,0.9811673238788051,3.1630946806341935,0.008801874241551873,1.9085559336533833,0.0,1.0,9.883565749560336,3.352148323998653,33.13117836251917,6.892648185239671,11.916455003466911,5.02380681822724,0.030655200911543275
decoupled_1921,isic2018_lesion_ISIC_0035608,clinical_mask,0.755859375,2.75,0.9810148044289672,1.0,0.0,1.0,1.2559879720446798,0.8054110301768991,1.0,0.9811673238788051,0.9811673238788051,3.1630946806341935,0.008801874241551873,1.9085559336533833,0.0,1.0,7.367301316751595,2.8033300721596883,20.652977331911416,4.858866207824954,6.880717111737091,2.0218509039121377,0.13826108983643384
decoupled_1922,isic2018_lesion_ISIC_0035078,clinical_mask,0.755859375,2.75,0.9810148044289672,1.0,0.0,1.0,1.2559879720446798,0.8054110301768991,1.0,0.9811673238788051,0.9811673238788051,3.1630946806341935,0.008801874241551873,1.9085559336533833,0.0,1.0,3.4827093516351426,1.3796999505406804,4.805093920198571,1.5950668749680068,5.455500485895997,3.8604336109279904,0.27678013261492956
decoupled_1923,isic2018_lesion_ISIC_0035915,clinical_mask,0.755859375,2.75,0.9810148044289672,1.0,0.0,1.0,1.2559879720446798,0.8054110301768991,1.0,0.9811673238788051,0.9811673238788051,3.1630946806341935,0.008801874241551873,1.9085559336533833,0.0,1.0,9.275099148098867,1.556797946206241,14.439455304619571,7.717067302885358,8.689249935538653,0.9721826326532952,0.18201296480023385
decoupled_1924,isic2018_lesion_ISIC_0034585,clinical_mask,0.755859375,2.75,0.9810148044289672,1.0,0.0,1.0,1.2559879720446798,0.8054110301768991,1.0,0.9811673238788051,0.9811673238788051,3.1630946806341935,0.008801874241551873,1.9085559336533833,0.0,1.0,7.811356064990679,4.293836073846853,33.540682457519374,3.156877716732436,6.152379270153368,2.995501553420932,0.006849287831201483
decoupled_1925,isic2018_lesion_ISIC_0035842,clinical_mask,0.755859375,2.75,0.9810148044289672,1.0,0.0,1.0,1.2559879720446798,0.8054110301768991,1.0,0.9811673238788051,0.9811673238788051,3.1630946806341935,0.008801874241551873,1.9085559336533833,0.0,1.0,6.896708600654559,1.3038466929992811,8.992250701543147,2.0906417200659915,5.5238573164030464,3.433215596337055,0.2521275395673538
decoupled_1926,midas_lesion_234,clinical_mask,0.755859375,2.75,0.9810148044289672,1.0,0.0,1.0,1.2559879720446798,0.8054110301768991,1.0,0.9811673238788051,0.9811673238788051,3.1630946806341935,0.008801874241551873,1.9085559336533833,0.0,1.0,6.735054696421173,8.459179621460766,56.973037437389614,5.401741126719219,8.315088936781642,2.9133478100624233,0.26800718931457174
decoupled_1927,isic2018_lesion_ISIC_0035915,clinical_mask,0.755859375,2.75,0.9810148044289672,1.0,0.0,1.0,1.2559879720446798,0.8054110301768991,1.0,0.9811673238788051,0.9811673238788051,3.1630946806341935,0.008801874241551873,1.9085559336533833,0.0,1.0,4.116640743077681,3.0703740376883992,12.63962686003599,2.7430934839616232,5.2465352824368505,2.5034417984752273,0.15858943144924237
decoupled_1928,isic2018_lesion_ISIC_0035842,clinical_mask,0.755859375,2.75,0.9810148044289672,1.0,0.0,1.0,1.2559879720446798,0.8054110301768991,1.0,0.9811673238788051,0.9811673238788051,3.1630946806341935,0.008801874241551873,1.9085559336533833,0.0,1.0,9.486379043155326,10.611986673960546,100.66932799010291,2.7719987604189607,5.355875510544693,2.5838767501257323,0.3162235819254089
decoupled_1929,midas_lesion_544,clinical_mask,0.755859375,2.75,0.9810148044289672,1.0,0.0,1.0,1.2559879720446798,0.8054110301768991,1.0,0.9811673238788051,0.9811673238788051,3.1630946806341935,0.008801874241551873,1.9085559336533833,0.0,1.0,3.372024687604812,1.7474353157656601,5.8923950247543155,1.411146250871578,5.050905985481344,3.6397597346097657,0.20274589460490122
decoupled_1930,ph2_lesion_IMD331,clinical_mask,0.755859375,2.75,0.9810148044289672,1.0,0.0,1.0,1.2559879720446798,0.8054110301768991,1.0,0.9811673238788051,0.9811673238788051,3.1630946806341935,0.008801874241551873,1.9085559336533833,0.0,1.0,7.708941132601286,2.134334322237111,16.453457647416354,6.4116225163505725,7.436724627532572,1.0251021111819991,0.27605168733681834
decoupled_1931,ph2_lesion_IMD331,clinical_mask,0.755859375,2.75,0.9810148044289672,1.0,0.0,1.0,1.2559879720446798,0.8054110301768991,1.0,0.9811673238788051,0.9811673238788051,3.1630946806341935,0.008801874241551873,1.9085559336533833,0.0,1.0,7.390739451470998,7.714845855746085,57.01841562808013,3.1961303301842334,5.004263634937133,1.8081333047528996,0.038610230619092266
decoupled_1932,midas_lesion_226,clinical_mask,0.755859375,2.75,0.9810148044289672,1.0,0.0,1.0,1.2559879720446798,0.8054110301768991,1.0,0.9811673238788051,0.9811673238788051,3.1630946806341935,0.008801874241551873,1.9085559336533833,0.0,1.0,8.992522316671964,4.632875605678935,41.66123727443296,0.5480232497127235,4.1213196107257595,3.573296361013036,0.2176302598801327
decoupled_1933,ph2_lesion_IMD031,clinical_mask,0.755859375,2.75,0.9810148044289672,1.0,0.0,1.0,1.2559879720446798,0.8054110301768991,1.0,0.9811673238788051,0.9811673238788051,3.1630946806341935,0.008801874241551873,1.9085559336533833,0.0,1.0,5.246385371681017,11.698238923759144,61.37346956403945,1.0157964436745444,5.000053774084018,3.9842573304094735,0.10799253659235467
decoupled_1934,isic2018_lesion_ISIC_0035626,clinical_mask,0.755859375,2.75,0.9810148044289672,1.0,0.0,1.0,1.2559879720446798,0.8054110301768991,1.0,0.9811673238788051,0.9811673238788051,3.1630946806341935,0.008801874241551873,1.9085559336533833,0.0,1.0,4.495012664413349,6.227518339791644,27.992773805229834,2.0814793591740095,3.892984443342831,1.8115050841688216,0.12681023858413856
decoupled_1935,isic2018_lesion_ISIC_0034733,clinical_mask,0.755859375,2.75,0.9810148044289672,1.0,0.0,1.0,1.2559879720446798,0.8054110301768991,1.0,0.9811673238788051,0.9811673238788051,3.1630946806341935,0.008801874241551873,1.9085559336533833,0.0,1.0,9.597339140016958,2.50979479393044,24.087351809199408,3.198459222989871,5.4077660160899885,2.2093067931001173,0.1217838923192663
decoupled_1936,isic2018_lesion_ISIC_0034585,clinical_mask,0.755859375,2.75,0.9810148044289672,1.0,0.0,1.0,1.2559879720446798,0.8054110301768991,1.0,0.9811673238788051,0.9811673238788051,3.1630946806341935,0.008801874241551873,1.9085559336533833,0.0,1.0,3.805429343755139,1.479253750284977,5.629195628194289,3.010808408866654,6.361929797884173,3.351121389017519,0.06948121251748646
decoupled_1937,midas_lesion_178,clinical_mask,0.755859375,2.75,0.9810148044289672,1.0,0.0,1.0,1.2559879720446798,0.8054110301768991,1.0,0.9811673238788051,0.9811673238788051,3.1630946806341935,0.008801874241551873,1.9085559336533833,0.0,1.0,5.537111545424283,2.3430939877067507,12.973972771345272,0.6813688170004963,5.781865945707578,5.100497128707081,0.2661676838869675
decoupled_1938,isic2018_lesion_ISIC_0035287,clinical_mask,0.755859375,2.75,0.9810148044289672,1.0,0.0,1.0,1.2559879720446798,0.8054110301768991,1.0,0.9811673238788051,0.9811673238788051,3.1630946806341935,0.008801874241551873,1.9085559336533833,0.0,1.0,9.76141047903726,1.711193977966462,16.703666828187274,5.861240775109496,11.154275461562294,5.293034686452798,0.12187758519077095
decoupled_1939,midas_lesion_647,clinical_mask,0.755859375,2.75,0.9810148044289672,1.0,0.0,1.0,1.2559879720446798,0.8054110301768991,1.0,0.9811673238788051,0.9811673238788051,3.1630946806341935,0.008801874241551873,1.9085559336533833,0.0,1.0,9.657388303355575,5.091114705826656,49.166871611091906,6.214626238328203,8.507832479775859,2.2932062414476553,0.12657266137293552
decoupled_1940,midas_lesion_544,clinical_mask,0.755859375,2.75,0.9810148044289672,1.0,0.0,1.0,1.2559879720446798,0.8054110301768991,1.0,0.9811673238788051,0.9811673238788051,3.1630946806341935,0.008801874241551873,1.9085559336533833,0.0,1.0,4.61508250164144,4.715980354528725,21.76463841227031,6.272961436315016,11.600072801302353,5.327111364987338,0.21222552182275028
decoupled_1941,midas_lesion_275,clinical_mask,0.755859375,2.75,0.9810148044289672,1.0,0.0,1.0,1.2559879720446798,0.8054110301768991,1.0,0.9811673238788051,0.9811673238788051,3.1630946806341935,0.008801874241551873,1.9085559336533833,0.0,1.0,5.255143091198725,1.292763255215343,6.793655889200484,0.21948069872767845,1.6938874027617035,1.474406704034025,0.28557285259868764
decoupled_1942,isic2018_lesion_ISIC_0034961,clinical_mask,0.755859375,2.75,0.9810148044289672,1.0,0.0,1.0,1.2559879720446798,0.8054110301768991,1.0,0.9811673238788051,0.9811673238788051,3.1630946806341935,0.008801874241551873,1.9085559336533833,0.0,1.0,9.27053942224041,6.594419624922633,61.13382709964108,7.09825584308896,11.87845438952258,4.780198546433619,0.26499847185894654
decoupled_1943,midas_lesion_536,clinical_mask,0.755859375,2.75,0.9810148044289672,1.0,0.0,1.0,1.2559879720446798,0.8054110301768991,1.0,0.9811673238788051,0.9811673238788051,3.1630946806341935,0.008801874241551873,1.9085559336533833,0.0,1.0,5.090011324029877,2.919710894455593,14.86136151567237,5.344908015704606,7.444096691640721,2.099188675936115,0.18139772429328638
decoupled_1944,melanoma_BCN_0000018489,clinical_mask,0.0595855712890625,1.00390625,0.275439114253714,1.3180420505522392,0.6514388593266779,0.8058192323565829,0.7429586708212474,0.5223381487426432,1.2409731113956464,0.3570778055381461,0.27091533641778426,4.1126580779429185,0.2534256500244032,1.6452713136997572,0.4147940074906367,1.0,4.911848956097565,10.917068125988564,53.62298967828293,4.8864537055977015,8.290992290038796,3.4045385844410943,0.2360755915130713
decoupled_1945,midas_lesion_69,clinical_mask,0.755859375,2.75,0.9810148044289672,1.0,0.0,1.0,1.2559879720446798,0.8054110301768991,1.0,0.9811673238788051,0.9811673238788051,3.1630946806341935,0.008801874241551873,1.9085559336533833,0.0,1.0,7.41209650693057,3.5582778786699594,26.374299035177927,4.309960386354408,6.757529746829098,2.4475693604746898,0.297842325928601
decoupled_1946,isic2018_lesion_ISIC_0035372,clinical_mask,0.755859375,2.75,0.9810148044289672,1.0,0.0,1.0,1.2559879720446798,0.8054110301768991,1.0,0.9811673238788051,0.9811673238788051,3.1630946806341935,0.008801874241551873,1.9085559336533833,0.0,1.0,5.01519807717392,5.609923197504759,28.13487603321924,6.819511056854128,8.842748131098702,2.023237074244574,0.09371689406233351
decoupled_1947,isic2018_lesion_ISIC_0034669,clinical_mask,0.755859375,2.75,0.9810148044289672,1.0,0.0,1.0,1.2559879720446798,0.8054110301768991,1.0,0.9811673238788051,0.9811673238788051,3.1630946806341935,0.008801874241551873,1.9085559336533833,0.0,1.0,5.72554394846356,1.8158684457318255,10.396834590665785,2.142415124678328,6.38041231935736,4.237997194679032,0.12579847156654647
decoupled_1948,isic2018_lesion_ISIC_0035117,clinical_mask,0.755859375,2.75,0.9810148044289672,1.0,0.0,1.0,1.2559879720446798,0.8054110301768991,1.0,0.9811673238788051,0.9811673238788051,3.1630946806341935,0.008801874241551873,1.9085559336533833,0.0,1.0,8.183049828254275,1.8425247451758793,15.07747179956573,1.0547950885466204,3.780916631326493,2.7261215427798726,0.16554023153250935
decoupled_1949,midas_lesion_140,clinical_mask,0.755859375,2.75,0.9810148044289672,1.0,0.0,1.0,1.2559879720446798,0.8054110301768991,1.0,0.9811673238788051,0.9811673238788051,3.1630946806341935,0.008801874241551873,1.9085559336533833,0.0,1.0,8.707029820448879,1.9075290476517945,16.608912301276625,7.333162356613098,12.126907585678211,4.793745229065113,0.17109887984848074
decoupled_1950,ph2_lesion_IMD078,clinical_mask,0.755859375,2.75,0.9810148044289672,1.0,0.0,1.0,1.2559879720446798,0.8054110301768991,1.0,0.9811673238788051,0.9811673238788051,3.1630946806341935,0.008801874241551873,1.9085559336533833,0.0,1.0,4.651530134295074,4.329445918851765,20.13854815633981,1.988509700537798,5.920811511850599,3.9323018113128008,0.33497873120036936
decoupled_1951,midas_lesion_178,clinical_mask,0.755859375,2.75,0.9810148044289672,1.0,0.0,1.0,1.2559879720446798,0.8054110301768991,1.0,0.9811673238788051,0.9811673238788051,3.1630946806341935,0.008801874241551873,1.9085559336533833,0.0,1.0,3.049204100227405,4.933232683409421,15.04243332562785,7.75128024671416,10.366261228812268,2.6149809820981087,0.3492770692496821
decoupled_1952,midas_lesion_486,clinical_mask,0.755859375,2.75,0.9810148044289672,1.0,0.0,1.0,1.2559879720446798,0.8054110301768991,1.0,0.9811673238788051,0.9811673238788051,3.1630946806341935,0.008801874241551873,1.9085559336533833,0.0,1.0,3.269509658394943,1.50728804265691,4.928092813449975,4.77345290708812,6.668868063653822,1.8954151565657016,0.34144183918754717
decoupled_1953,midas_lesion_218,clinical_mask,0.755859375,2.75,0.9810148044289672,1.0,0.0,1.0,1.2559879720446798,0.8054110301768991,1.0,0.9811673238788051,0.9811673238788051,3.1630946806341935,0.008801874241551873,1.9085559336533833,0.0,1.0,8.104705263757353,1.761991872505265,14.280424803791096,5.46038538377489,7.898334938210629,2.4379495544357397,0.04902446182331001
decoupled_1954,isic2018_lesion_ISIC_0035368,clinical_mask,0.755859375,2.75,0.9810148044289672,1.0,0.0,1.0,1.2559879720446798,0.8054110301768991,1.0,0.9811673238788051,0.9811673238788051,3.1630946806341935,0.008801874241551873,1.9085559336533833,0.0,1.0,5.104903737838584,1.4201373197557197,7.249664311865042,4.525345347397271,8.816859542746133,4.291514195348863,0.06381946420594078
decoupled_1955,isic2018_lesion_ISIC_0035008,clinical_mask,0.755859375,2.75,0.9810148044289672,1.0,0.0,1.0,1.2559879720446798,0.8054110301768991,1.0,0.9811673238788051,0.9811673238788051,3.1630946806341935,0.008801874241551873,1.9085559336533833,0.0,1.0,5.6288699156917525,1.237879435601649,6.967862314311608,6.152680157001217,8.654893674733282,2.5022135177320655,0.16628665208205518
decoupled_1956,midas_lesion_619,clinical_mask,0.755859375,2.75,0.9810148044289672,1.0,0.0,1.0,1.2559879720446798,0.8054110301768991,1.0,0.9811673238788051,0.9811673238788051,3.1630946806341935,0.008801874241551873,1.9085559336533833,0.0,1.0,6.651464409202495,6.591331303891455,43.84200557709629,6.569746797221818,7.621706116819748,1.0519593195979304,0.05179628359023156
decoupled_1957,midas_lesion_178,clinical_mask,0.755859375,2.75,0.9810148044289672,1.0,0.0,1.0,1.2559879720446798,0.8054110301768991,1.0,0.9811673238788051,0.9811673238788051,3.1630946806341935,0.008801874241551873,1.9085559336533833,0.0,1.0,9.7315489743626,3.865462314296356,37.616935820127985,7.308009944024728,8.095968352553086,0.7879584085283584,0.044544838866506155
decoupled_1958,ph2_lesion_IMD312,clinical_mask,0.755859375,2.75,0.9810148044289672,1.0,0.0,1.0,1.2559879720446798,0.8054110301768991,1.0,0.9811673238788051,0.9811673238788051,3.1630946806341935,0.008801874241551873,1.9085559336533833,0.0,1.0,4.283235686238143,1.8777382895587884,8.042795651253973,4.597667500321923,8.773906696703538,4.176239196381615,0.3282790973022118
decoupled_1959,ph2_lesion_IMD057,clinical_mask,0.755859375,2.75,0.9810148044289672,1.0,0.0,1.0,1.2559879720446798,0.8054110301768991,1.0,0.9811673238788051,0.9811673238788051,3.1630946806341935,0.008801874241551873,1.9085559336533833,0.0,1.0,3.6302174731971992,5.466627106674044,19.845045242101563,0.7362681494410783,1.2500702064738518,0.5138020570327735,0.30787111458523536
decoupled_1960,midas_lesion_143,clinical_mask,0.755859375,2.75,0.9810148044289672,1.0,0.0,1.0,1.2559879720446798,0.8054110301768991,1.0,0.9811673238788051,0.9811673238788051,3.1630946806341935,0.008801874241551873,1.9085559336533833,0.0,1.0,4.930914151963064,9.056323029111448,44.655951388994644,3.0584431338332783,5.991807867122936,2.9333647332896575,0.26670473460756255
decoupled_1961,basal_cell_carcinoma_BCN_0000016844,clinical_mask,0.2169952392578125,2.78125,0.525630021633387,2.4365315915937504,0.9118968473174451,0.6912122095849129,0.35251695750773615,0.5605439495467087,1.44673370367766,0.9482634593695075,0.3891857846789676,5.97055805285277,0.37169938227061444,1.783892277965634,0.35644461962948365,1.0,4.204240683029344,4.244645258748256,17.845510281857035,6.443089311997976,10.73934096022671,4.296251648228733,0.14028358421490486
decoupled_1962,midas_lesion_544,clinical_mask,0.755859375,2.75,0.9810148044289672,1.0,0.0,1.0,1.2559879720446798,0.8054110301768991,1.0,0.9811673238788051,0.9811673238788051,3.1630946806341935,0.008801874241551873,1.9085559336533833,0.0,1.0,5.405299064546908,1.5000089327877726,8.107996881209752,1.6145907870686607,6.133323915188435,4.5187331281197745,0.04301327879088199
decoupled_1963,midas_lesion_805,clinical_mask,0.755859375,2.75,0.9810148044289672,1.0,0.0,1.0,1.2559879720446798,0.8054110301768991,1.0,0.9811673238788051,0.9811673238788051,3.1630946806341935,0.008801874241551873,1.9085559336533833,0.0,1.0,5.185362127395806,1.2459451194180315,6.460676635043906,2.5129774905826143,7.929129907288001,5.416152416705387,0.31118034532699473
decoupled_1964,ph2_lesion_IMD398,clinical_mask,0.755859375,2.75,0.9810148044289672,1.0,0.0,1.0,1.2559879720446798,0.8054110301768991,1.0,0.9811673238788051,0.9811673238788051,3.1630946806341935,0.008801874241551873,1.9085559336533833,0.0,1.0,3.674919999356081,2.2248260513589035,8.176057751227255,5.304719059409239,6.627218238893832,1.322499179484593,0.20546041317709043
decoupled_1965,isic2018_lesion_ISIC_0035626,clinical_mask,0.755859375,2.75,0.9810148044289672,1.0,0.0,1.0,1.2559879720446798,0.8054110301768991,1.0,0.9811673238788051,0.9811673238788051,3.1630946806341935,0.008801874241551873,1.9085559336533833,0.0,1.0,3.68555246865212,1.3240977309282915,4.880031660959435,4.362873119412936,5.834767847254928,1.4718947278419918,0.34644287587616285
decoupled_1966,midas_lesion_259,clinical_mask,0.755859375,2.75,0.9810148044289672,1.0,0.0,1.0,1.2559879720446798,0.8054110301768991,1.0,0.9811673238788051,0.9811673238788051,3.1630946806341935,0.008801874241551873,1.9085559336533833,0.0,1.0,8.476517986301694,11.179405077367658,94.76242821445943,6.048895249674634,11.442074030798405,5.393178781123772,0.08539981195246452
decoupled_1967,midas_lesion_626,clinical_mask,0.755859375,2.75,0.9810148044289672,1.0,0.0,1.0,1.2559879720446798,0.8054110301768991,1.0,0.9811673238788051,0.9811673238788051,3.1630946806341935,0.008801874241551873,1.9085559336533833,0.0,1.0,6.477791040634353,1.3447668118690597,8.711118405667817,3.3142936409984234,6.510309940127459,3.1960162991290355,0.05182902546447384
decoupled_1968,ph2_lesion_IMD078,clinical_mask,0.755859375,2.75,0.9810148044289672,1.0,0.0,1.0,1.2559879720446798,0.8054110301768991,1.0,0.9811673238788051,0.9811673238788051,3.1630946806341935,0.008801874241551873,1.9085559336533833,0.0,1.0,5.862249604121537,8.583017895940781,50.31579326264691,7.779879879557509,9.877296357397551,2.097416477840042,0.2663518498844001
decoupled_1969,isic2018_lesion_ISIC_0035117,clinical_mask,0.755859375,2.75,0.9810148044289672,1.0,0.0,1.0,1.2559879720446798,0.8054110301768991,1.0,0.9811673238788051,0.9811673238788051,3.1630946806341935,0.008801874241551873,1.9085559336533833,0.0,1.0,9.172893156042473,4.0886582125097695,37.50482493492772,2.965011689400648,3.8922776769779635,0.9272659875773153,0.29702422780184945
decoupled_1970,isic2018_lesion_ISIC_0034906,clinical_mask,0.755859375,2.75,0.9810148044289672,1.0,0.0,1.0,1.2559879720446798,0.8054110301768991,1.0,0.9811673238788051,0.9811673238788051,3.1630946806341935,0.008801874241551873,1.9085559336533833,0.0,1.0,6.129975040521992,1.747509924252158,10.712192218730205,7.959327042620049,8.742149744618349,0.7828227019982998,0.309983846198164
decoupled_1971,midas_lesion_289,clinical_mask,0.755859375,2.75,0.9810148044289672,1.0,0.0,1.0,1.2559879720446798,0.8054110301768991,1.0,0.9811673238788051,0.9811673238788051,3.1630946806341935,0.008801874241551873,1.9085559336533833,0.0,1.0,9.827967817818951,1.9170791005987295,18.840991704897615,5.482955045089953,9.778459379001035,4.295504333911082,0.31814383013903236
decoupled_1972,isic2018_lesion_ISIC_0035287,clinical_mask,0.755859375,2.75,0.9810148044289672,1.0,0.0,1.0,1.2559879720446798,0.8054110301768991,1.0,0.9811673238788051,0.9811673238788051,3.1630946806341935,0.008801874241551873,1.9085559336533833,0.0,1.0,7.776529966822758,1.3901075651233652,10.810213137288867,5.541926022059647,8.377963717602901,2.8360376955432542,0.21781465953951862
decoupled_1973,ph2_lesion_IMD331,clinical_mask,0.755859375,2.75,0.9810148044289672,1.0,0.0,1.0,1.2559879720446798,0.8054110301768991,1.0,0.9811673238788051,0.9811673238788051,3.1630946806341935,0.008801874241551873,1.9085559336533833,0.0,1.0,5.470636003426893,2.097343609698167,11.473803462772114,3.1356848167442095,3.6793233257123896,0.5436385089681801,0.14143592062168694
decoupled_1974,midas_lesion_415,clinical_mask,0.755859375,2.75,0.9810148044289672,1.0,0.0,1.0,1.2559879720446798,0.8054110301768991,1.0,0.9811673238788051,0.9811673238788051,3.1630946806341935,0.008801874241551873,1.9085559336533833,0.0,1.0,9.295346681462764,1.7217542479682941,16.004302635146498,3.100602054434949,5.451406533483101,2.350804479048152,0.34148606270964305
decoupled_1975,ph2_lesion_IMD031,clinical_mask,0.755859375,2.75,0.9810148044289672,1.0,0.0,1.0,1.2559879720446798,0.8054110301768991,1.0,0.9811673238788051,0.9811673238788051,3.1630946806341935,0.008801874241551873,1.9085559336533833,0.0,1.0,5.69910075288794,11.136217570865444,63.46642594244316,1.2539145651516335,6.12795972069806,4.874045155546426,0.21965904571651648
decoupled_1976,ph2_lesion_IMD278,clinical_mask,0.755859375,2.75,0.9810148044289672,1.0,0.0,1.0,1.2559879720446798,0.8054110301768991,1.0,0.9811673238788051,0.9811673238788051,3.1630946806341935,0.008801874241551873,1.9085559336533833,0.0,1.0,3.5705847296037687,8.34955992484058,29.812811166547366,4.527297725834654,8.530871848292254,4.0035741224576,0.13551628951701725
decoupled_1977,ph2_lesion_IMD430,clinical_mask,0.755859375,2.75,0.9810148044289672,1.0,0.0,1.0,1.2559879720446798,0.8054110301768991,1.0,0.9811673238788051,0.9811673238788051,3.1630946806341935,0.008801874241551873,1.9085559336533833,0.0,1.0,6.744985892490827,2.677545441723007,18.060006230924802,5.763592659471898,6.79954295184767,1.0359502923757722,0.14386286786439065
decoupled_1978,melanoma_BCN_0000018489,clinical_mask,0.0595855712890625,1.00390625,0.275439114253714,1.3180420505522392,0.6514388593266779,0.8058192323565829,0.7429586708212474,0.5223381487426432,1.2409731113956464,0.3570778055381461,0.27091533641778426,4.1126580779429185,0.2534256500244032,1.6452713136997572,0.4147940074906367,1.0,6.667917793645713,2.7247689465114124,18.16853534201673,5.661038681692193,9.377263877901198,3.716225196209005,0.27207206883577684
decoupled_1979,midas_lesion_138,clinical_mask,0.755859375,2.75,0.9810148044289672,1.0,0.0,1.0,1.2559879720446798,0.8054110301768991,1.0,0.9811673238788051,0.9811673238788051,3.1630946806341935,0.008801874241551873,1.9085559336533833,0.0,1.0,3.597433348428865,6.184909320110012,22.249799045172253,5.00516290434174,7.390728838240511,2.3855659338987714,0.028047491663148492
decoupled_1980,midas_lesion_805,clinical_mask,0.755859375,2.75,0.9810148044289672,1.0,0.0,1.0,1.2559879720446798,0.8054110301768991,1.0,0.9811673238788051,0.9811673238788051,3.1630946806341935,0.008801874241551873,1.9085559336533833,0.0,1.0,3.450826912833053,6.633640138984054,22.891543921655767,3.243413059415548,8.511289090409157,5.267876030993609,0.1781657229714507
decoupled_1981,isic2018_lesion_ISIC_0035287,clinical_mask,0.755859375,2.75,0.9810148044289672,1.0,0.0,1.0,1.2559879720446798,0.8054110301768991,1.0,0.9811673238788051,0.9811673238788051,3.1630946806341935,0.008801874241551873,1.9085559336533833,0.0,1.0,8.46884035276744,2.1240699467533717,17.98840927716554,3.7841602958650697,5.193728414928414,1.4095681190633447,0.021331307480598888
decoupled_1982,isic2018_lesion_ISIC_0034733,clinical_mask,0.755859375,2.75,0.9810148044289672,1.0,0.0,1.0,1.2559879720446798,0.8054110301768991,1.0,0.9811673238788051,0.9811673238788051,3.1630946806341935,0.008801874241551873,1.9085559336533833,0.0,1.0,3.4246520561408524,11.34924315583822,38.86720890928386,4.897796291487753,6.731220907029107,1.8334246155413547,0.088125050749713
decoupled_1983,ph2_lesion_IMD398,clinical_mask,0.755859375,2.75,0.9810148044289672,1.0,0.0,1.0,1.2559879720446798,0.8054110301768991,1.0,0.9811673238788051,0.9811673238788051,3.1630946806341935,0.008801874241551873,1.9085559336533833,0.0,1.0,4.749169149608191,9.100546181073591,43.22003316773934,3.436512229320817,8.75519731719352,5.318685087872703,0.06780375526176072
decoupled_1984,isic2018_lesion_ISIC_0035287,clinical_mask,0.755859375,2.75,0.9810148044289672,1.0,0.0,1.0,1.2559879720446798,0.8054110301768991,1.0,0.9811673238788051,0.9811673238788051,3.1630946806341935,0.008801874241551873,1.9085559336533833,0.0,1.0,6.578027363615496,11.408548293949558,75.04574285672906,6.772354913232901,8.059386895990052,1.287031982757151,0.3019703943394032
decoupled_1985,isic2018_lesion_ISIC_0035421,clinical_mask,0.755859375,2.75,0.9810148044289672,1.0,0.0,1.0,1.2559879720446798,0.8054110301768991,1.0,0.9811673238788051,0.9811673238788051,3.1630946806341935,0.008801874241551873,1.9085559336533833,0.0,1.0,5.840201049803996,5.374080257498285,31.385709161572414,0.9867489840930814,4.461215880050077,3.474466895956996,0.030415348407823863
decoupled_1986,midas_lesion_275,clinical_mask,0.755859375,2.75,0.9810148044289672,1.0,0.0,1.0,1.2559879720446798,0.8054110301768991,1.0,0.9811673238788051,0.9811673238788051,3.1630946806341935,0.008801874241551873,1.9085559336533833,0.0,1.0,7.234040594369346,1.8946167214728191,13.705734273905334,5.108470798638891,9.091055550243585,3.982584751604694,0.31251768118086354
decoupled_1987,isic2018_lesion_ISIC_0035691,clinical_mask,0.755859375,2.75,0.9810148044289672,1.0,0.0,1.0,1.2559879720446798,0.8054110301768991,1.0,0.9811673238788051,0.9811673238788051,3.1630946806341935,0.008801874241551873,1.9085559336533833,0.0,1.0,6.452091062359604,2.258966901121837,14.575060152894377,6.804121098220344,9.89892831069972,3.0948072124793757,0.21827830930498024
decoupled_1988,squamous_cell_carcinoma_BCN_0000004833,clinical_mask,0.164306640625,2.015625,0.45738573688555156,1.8852126082925396,0.8477198850396415,0.7619317176720326,0.5082126929549741,0.4817897091722595,1.3124535661218424,0.702400355573212,0.37258415973007136,4.972584571971463,0.32249627842615697,1.80638791826563,0.43843400447427294,1.0,3.2174678169966944,9.078958552700922,29.211256955162103,4.794865108118428,9.932927311425317,5.138062203306889,0.3308581719505209
decoupled_1989,midas_lesion_647,clinical_mask,0.755859375,2.75,0.9810148044289672,1.0,0.0,1.0,1.2559879720446798,0.8054110301768991,1.0,0.9811673238788051,0.9811673238788051,3.1630946806341935,0.008801874241551873,1.9085559336533833,0.0,1.0,7.97518732372974,1.794988768779998,14.315371675011493,6.470756996855203,10.127964137352128,3.6572071404969257,0.07783520563362387
decoupled_1990,isic2018_lesion_ISIC_0035376,clinical_mask,0.755859375,2.75,0.9810148044289672,1.0,0.0,1.0,1.2559879720446798,0.8054110301768991,1.0,0.9811673238788051,0.9811673238788051,3.1630946806341935,0.008801874241551873,1.9085559336533833,0.0,1.0,9.670067862522066,3.145941499404548,30.4214677907664,7.888364424023925,13.131953301609375,5.2435888775854504,0.0016514444325288035
decoupled_1991,isic2018_lesion_ISIC_0035008,clinical_mask,0.755859375,2.75,0.9810148044289672,1.0,0.0,1.0,1.2559879720446798,0.8054110301768991,1.0,0.9811673238788051,0.9811673238788051,3.1630946806341935,0.008801874241551873,1.9085559336533833,0.0,1.0,5.856189416910464,5.729805096344658,33.55482396617323,0.24979014240047268,3.8526896715791734,3.6028995291787007,0.15594417024721605
decoupled_1992,midas_lesion_226,clinical_mask,0.755859375,2.75,0.9810148044289672,1.0,0.0,1.0,1.2559879720446798,0.8054110301768991,1.0,0.9811673238788051,0.9811673238788051,3.1630946806341935,0.008801874241551873,1.9085559336533833,0.0,1.0,8.695056658348001,1.3392431301660992,11.64479489609756,5.4654190025570255,6.9765313560200255,1.511112353463,0.07246746140005782
decoupled_1993,isic2018_lesion_ISIC_0034538,clinical_mask,0.755859375,2.75,0.9810148044289672,1.0,0.0,1.0,1.2559879720446798,0.8054110301768991,1.0,0.9811673238788051,0.9811673238788051,3.1630946806341935,0.008801874241551873,1.9085559336533833,0.0,1.0,4.605879704278204,2.499097670727465,11.510543240612565,6.951676934354213,7.781097293935069,0.8294203595808565,0.00032107972437570573
decoupled_1994,isic2018_lesion_ISIC_0034753,clinical_mask,0.755859375,2.75,0.9810148044289672,1.0,0.0,1.0,1.2559879720446798,0.8054110301768991,1.0,0.9811673238788051,0.9811673238788051,3.1630946806341935,0.008801874241551873,1.9085559336533833,0.0,1.0,3.983142483000381,2.202209478516666,8.771714130345847,7.9010055653123965,8.937417554137014,1.036411988824617,0.24923442035492918
decoupled_1995,isic2018_lesion_ISIC_0035630,clinical_mask,0.755859375,2.75,0.9810148044289672,1.0,0.0,1.0,1.2559879720446798,0.8054110301768991,1.0,0.9811673238788051,0.9811673238788051,3.1630946806341935,0.008801874241551873,1.9085559336533833,0.0,1.0,7.179354443784278,8.141361792534113,58.44972196368531,3.0745409456215764,6.53394398693031,3.4594030413087333,0.037585012086345654
decoupled_1996,isic2018_lesion_ISIC_0035372,clinical_mask,0.755859375,2.75,0.9810148044289672,1.0,0.0,1.0,1.2559879720446798,0.8054110301768991,1.0,0.9811673238788051,0.9811673238788051,3.1630946806341935,0.008801874241551873,1.9085559336533833,0.0,1.0,7.9786557628522665,9.563435419492615,76.30335912240024,6.7252457122588245,9.817474163402238,3.0922284511434137,0.2890820000872514
decoupled_1997,ph2_lesion_IMD078,clinical_mask,0.755859375,2.75,0.9810148044289672,1.0,0.0,1.0,1.2559879720446798,0.8054110301768991,1.0,0.9811673238788051,0.9811673238788051,3.1630946806341935,0.008801874241551873,1.9085559336533833,0.0,1.0,3.7103128526287086,9.005381737522807,33.41278360355872,2.3773824467324194,3.854884994136177,1.4775025474037577,0.09287026134452434
decoupled_1998,isic2018_lesion_ISIC_0035348,clinical_mask,0.755859375,2.75,0.9810148044289672,1.0,0.0,1.0,1.2559879720446798,0.8054110301768991,1.0,0.9811673238788051,0.9811673238788051,3.1630946806341935,0.008801874241551873,1.9085559336533833,0.0,1.0,9.537389183592868,9.580091550819539,91.3690615346157,2.758986267239575,7.577810107723764,4.818823840484189,0.07297521919264076
decoupled_1999,ph2_lesion_IMD398,clinical_mask,0.755859375,2.75,0.9810148044289672,1.0,0.0,1.0,1.2559879720446798,0.8054110301768991,1.0,0.9811673238788051,0.9811673238788051,3.1630946806341935,0.008801874241551873,1.9085559336533833,0.0,1.0,9.84554762215605,1.7022231014320055,16.759318608682978,5.204166722864032,9.45128689951881,4.247120176654778,0.22474233606334418
decoupled_2000,isic2018_lesion_ISIC_0034906,clinical_mask,0.755859375,2.75,0.9810148044289672,1.0,0.0,1.0,1.2559879720446798,0.8054110301768991,1.0,0.9811673238788051,0.9811673238788051,3.1630946806341935,0.008801874241551873,1.9085559336533833,0.0,1.0,5.8570720784235775,7.25668265889605,42.502913383400625,2.912714621645848,3.815120324132721,0.902405702486873,0.12900537936867704
decoupled_2001,isic2018_lesion_ISIC_0034870,clinical_mask,0.755859375,2.75,0.9810148044289672,1.0,0.0,1.0,1.2559879720446798,0.8054110301768991,1.0,0.9811673238788051,0.9811673238788051,3.1630946806341935,0.008801874241551873,1.9085559336533833,0.0,1.0,9.176057752239391,4.29959022633089,39.453288227776284,6.501011551495871,7.7300626551148754,1.2290511036190042,0.3366203406109675
decoupled_2002,isic2018_lesion_ISIC_0035368,clinical_mask,0.755859375,2.75,0.9810148044289672,1.0,0.0,1.0,1.2559879720446798,0.8054110301768991,1.0,0.9811673238788051,0.9811673238788051,3.1630946806341935,0.008801874241551873,1.9085559336533833,0.0,1.0,8.657310735335969,8.457447121735207,73.2187477605345,0.29412750762489537,0.9664237050723561,0.6722961974474607,0.2845817007514726
decoupled_2003,midas_lesion_300,clinical_mask,0.755859375,2.75,0.9810148044289672,1.0,0.0,1.0,1.2559879720446798,0.8054110301768991,1.0,0.9811673238788051,0.9811673238788051,3.1630946806341935,0.008801874241551873,1.9085559336533833,0.0,1.0,3.9799125030683706,4.026213189713959,16.02397621376137,3.4866410092919744,5.404856684766612,1.9182156754746376,0.1730601285472983
decoupled_2004,isic2018_lesion_ISIC_0035330,clinical_mask,0.755859375,2.75,0.9810148044289672,1.0,0.0,1.0,1.2559879720446798,0.8054110301768991,1.0,0.9811673238788051,0.9811673238788051,3.1630946806341935,0.008801874241551873,1.9085559336533833,0.0,1.0,3.316821990284045,1.5643775705550216,5.188761927124026,4.9497655171907775,6.20243877345705,1.2526732562662728,0.15687779248113742
decoupled_2005,isic2018_lesion_ISIC_0034753,clinical_mask,0.755859375,2.75,0.9810148044289672,1.0,0.0,1.0,1.2559879720446798,0.8054110301768991,1.0,0.9811673238788051,0.9811673238788051,3.1630946806341935,0.008801874241551873,1.9085559336533833,0.0,1.0,7.196309916706388,8.09291543461449,58.239127597182446,3.467653596031958,8.051544753293378,4.583891157261419,0.16661300027747575
decoupled_2006,isic2018_lesion_ISIC_0036062,clinical_mask,0.755859375,2.75,0.9810148044289672,1.0,0.0,1.0,1.2559879720446798,0.8054110301768991,1.0,0.9811673238788051,0.9811673238788051,3.1630946806341935,0.008801874241551873,1.9085559336533833,0.0,1.0,5.017317253035502,6.237105564578107,31.29353735816147,2.9938564468216895,4.922715389530214,1.928858942708524,0.13734004170653222
decoupled_2007,isic2018_lesion_ISIC_0036062,clinical_mask,0.755859375,2.75,0.9810148044289672,1.0,0.0,1.0,1.2559879720446798,0.8054110301768991,1.0,0.9811673238788051,0.9811673238788051,3.1630946806341935,0.008801874241551873,1.9085559336533833,0.0,1.0,5.051319992712237,1.8489160123140702,9.339466417847849,6.1812339707291555,6.85606073042344,0.6748267596942847,0.27028899502733944
decoupled_2008,ph2_lesion_IMD278,clinical_mask,0.755859375,2.75,0.9810148044289672,1.0,0.0,1.0,1.2559879720446798,0.8054110301768991,1.0,0.9811673238788051,0.9811673238788051,3.1630946806341935,0.008801874241551873,1.9085559336533833,0.0,1.0,3.1977872860630523,3.407476767086128,10.896385883343251,5.702959065127029,7.995520379642981,2.292561314515952,0.2605008433533395
decoupled_2009,ph2_lesion_IMD256,clinical_mask,0.755859375,2.75,0.9810148044289672,1.0,0.0,1.0,1.2559879720446798,0.8054110301768991,1.0,0.9811673238788051,0.9811673238788051,3.1630946806341935,0.008801874241551873,1.9085559336533833,0.0,1.0,6.6893515791325395,7.088771295887032,47.419283462251336,5.4809039323296975,9.59343944349347,4.112535511163772,0.3395418004691069
decoupled_2010,midas_lesion_647,clinical_mask,0.755859375,2.75,0.9810148044289672,1.0,0.0,1.0,1.2559879720446798,0.8054110301768991,1.0,0.9811673238788051,0.9811673238788051,3.1630946806341935,0.008801874241551873,1.9085559336533833,0.0,1.0,4.473667331708111,3.5262828990922928,15.775416608030158,7.964139362094718,11.510286743645654,3.546147381550936,0.15688417314621145
decoupled_2011,isic2018_lesion_ISIC_0035001,clinical_mask,0.755859375,2.75,0.9810148044289672,1.0,0.0,1.0,1.2559879720446798,0.8054110301768991,1.0,0.9811673238788051,0.9811673238788051,3.1630946806341935,0.008801874241551873,1.9085559336533833,0.0,1.0,5.053492804723618,1.676407316502012,8.471712311728945,2.3464777733041546,6.829525253071916,4.483047479767761,0.06950913728563742
decoupled_2012,ph2_lesion_IMD370,clinical_mask,0.755859375,2.75,0.9810148044289672,1.0,0.0,1.0,1.2559879720446798,0.8054110301768991,1.0,0.9811673238788051,0.9811673238788051,3.1630946806341935,0.008801874241551873,1.9085559336533833,0.0,1.0,8.456124110386197,9.313973041589385,78.76011200047107,6.497631321413013,8.323357905160035,1.8257265837470227,0.11804257441520562
decoupled_2013,midas_lesion_218,clinical_mask,0.755859375,2.75,0.9810148044289672,1.0,0.0,1.0,1.2559879720446798,0.8054110301768991,1.0,0.9811673238788051,0.9811673238788051,3.1630946806341935,0.008801874241551873,1.9085559336533833,0.0,1.0,7.959105201554424,4.1047486971830685,32.6701267068235,5.024635108425582,7.618383810456591,2.593748702031009,0.13747366383604465
decoupled_2014,isic2018_lesion_ISIC_0035915,clinical_mask,0.755859375,2.75,0.9810148044289672,1.0,0.0,1.0,1.2559879720446798,0.8054110301768991,1.0,0.9811673238788051,0.9811673238788051,3.1630946806341935,0.008801874241551873,1.9085559336533833,0.0,1.0,6.203075397353556,3.597489750143386,22.31550016134603,2.115465668158682,5.694191280922826,3.5787256127641442,0.2796171098110775
decoupled_2015,isic2018_lesion_ISIC_0035443,clinical_mask,0.755859375,2.75,0.9810148044289672,1.0,0.0,1.0,1.2559879720446798,0.8054110301768991,1.0,0.9811673238788051,0.9811673238788051,3.1630946806341935,0.008801874241551873,1.9085559336533833,0.0,1.0,4.194137508231985,7.741079627539389,32.46715242007344,0.35830518876654827,5.381581605722564,5.023276416956016,0.04355098058663842
decoupled_2016,isic2018_lesion_ISIC_0035443,clinical_mask,0.755859375,2.75,0.9810148044289672,1.0,0.0,1.0,1.2559879720446798,0.8054110301768991,1.0,0.9811673238788051,0.9811673238788051,3.1630946806341935,0.008801874241551873,1.9085559336533833,0.0,1.0,5.352561713403681,1.1023422744662155,5.900355053374197,1.0865938084134563,5.695966702707437,4.609372894293982,0.032685165626107425
decoupled_2017,isic2018_lesion_ISIC_0034870,clinical_mask,0.755859375,2.75,0.9810148044289672,1.0,0.0,1.0,1.2559879720446798,0.8054110301768991,1.0,0.9811673238788051,0.9811673238788051,3.1630946806341935,0.008801874241551873,1.9085559336533833,0.0,1.0,6.691627221550344,1.7981087275026768,12.03227330826416,4.123735942432216,7.930401464405692,3.8066655219734766,0.23496298577142335
decoupled_2018,ph2_lesion_IMD398,clinical_mask,0.755859375,2.75,0.9810148044289672,1.0,0.0,1.0,1.2559879720446798,0.8054110301768991,1.0,0.9811673238788051,0.9811673238788051,3.1630946806341935,0.008801874241551873,1.9085559336533833,0.0,1.0,6.8698075976248285,1.4822868216571001,10.183025269279106,5.700997579438185,10.258840248921043,4.557842669482858,0.20118040878042265
decoupled_2019,isic2018_lesion_ISIC_0035372,clinical_mask,0.755859375,2.75,0.9810148044289672,1.0,0.0,1.0,1.2559879720446798,0.8054110301768991,1.0,0.9811673238788051,0.9811673238788051,3.1630946806341935,0.008801874241551873,1.9085559336533833,0.0,1.0,3.2703601554287074,5.589630996051548,18.28010649303626,6.142572694765395,8.6850114986836,2.5424388039182055,0.051091953892168585
decoupled_2020,isic2018_lesion_ISIC_0035008,clinical_mask,0.755859375,2.75,0.9810148044289672,1.0,0.0,1.0,1.2559879720446798,0.8054110301768991,1.0,0.9811673238788051,0.9811673238788051,3.1630946806341935,0.008801874241551873,1.9085559336533833,0.0,1.0,6.01265705562035,1.3618833082881938,8.188537282510593,5.2891044582610665,7.142353085886631,1.8532486276255646,0.17895978259737286
decoupled_2021,midas_lesion_536,clinical_mask,0.755859375,2.75,0.9810148044289672,1.0,0.0,1.0,1.2559879720446798,0.8054110301768991,1.0,0.9811673238788051,0.9811673238788051,3.1630946806341935,0.008801874241551873,1.9085559336533833,0.0,1.0,8.419256991666181,2.9937319153295268,25.204998359312306,4.6730978186223275,7.528298615498676,2.855200796876349,0.33455943489532713
decoupled_2022,midas_lesion_805,clinical_mask,0.755859375,2.75,0.9810148044289672,1.0,0.0,1.0,1.2559879720446798,0.8054110301768991,1.0,0.9811673238788051,0.9811673238788051,3.1630946806341935,0.008801874241551873,1.9085559336533833,0.0,1.0,6.975669999339878,1.7568363001270724,12.25511027254769,0.9559105996828072,3.3021339978464317,2.3462233981636245,0.09195510485348704
decoupled_2023,midas_lesion_234,clinical_mask,0.755859375,2.75,0.9810148044289672,1.0,0.0,1.0,1.2559879720446798,0.8054110301768991,1.0,0.9811673238788051,0.9811673238788051,3.1630946806341935,0.008801874241551873,1.9085559336533833,0.0,1.0,4.665559078863277,2.5957921753810034,12.110821750691096,6.984161306782392,7.849588996143436,0.8654276893610442,0.2697468525342311
decoupled_2024,isic2018_lesion_ISIC_0035317,clinical_mask,0.755859375,2.75,0.9810148044289672,1.0,0.0,1.0,1.2559879720446798,0.8054110301768991,1.0,0.9811673238788051,0.9811673238788051,3.1630946806341935,0.008801874241551873,1.9085559336533833,0.0,1.0,5.763774123790292,2.377446785828807,13.703066264848479,3.737282800342623,4.834079561876393,1.0967967615337706,0.1844992125094532
decoupled_2025,isic2018_lesion_ISIC_0035008,clinical_mask,0.755859375,2.75,0.9810148044289672,1.0,0.0,1.0,1.2559879720446798,0.8054110301768991,1.0,0.9811673238788051,0.9811673238788051,3.1630946806341935,0.008801874241551873,1.9085559336533833,0.0,1.0,8.647879919349059,3.4184996894151847,29.56277481839457,0.22064006562699656,5.45362792446027,5.232987858833273,0.02906767195671424
decoupled_2026,isic2018_lesion_ISIC_0035915,clinical_mask,0.755859375,2.75,0.9810148044289672,1.0,0.0,1.0,1.2559879720446798,0.8054110301768991,1.0,0.9811673238788051,0.9811673238788051,3.1630946806341935,0.008801874241551873,1.9085559336533833,0.0,1.0,6.227733238812066,5.473552749594368,34.08782639304002,6.677814574256398,9.726664236463819,3.048849662207421,0.0019056467226606754
decoupled_2027,melanoma_BCN_0000018489,clinical_mask,0.0595855712890625,1.00390625,0.275439114253714,1.3180420505522392,0.6514388593266779,0.8058192323565829,0.7429586708212474,0.5223381487426432,1.2409731113956464,0.3570778055381461,0.27091533641778426,4.1126580779429185,0.2534256500244032,1.6452713136997572,0.4147940074906367,1.0,8.577031814279632,7.49425513230605,64.2784646941174,0.5579490569199179,1.7764130476561624,1.2184639907362445,0.300946831105796
decoupled_2028,isic2018_lesion_ISIC_0035642,clinical_mask,0.755859375,2.75,0.9810148044289672,1.0,0.0,1.0,1.2559879720446798,0.8054110301768991,1.0,0.9811673238788051,0.9811673238788051,3.1630946806341935,0.008801874241551873,1.9085559336533833,0.0,1.0,7.338033000531757,2.828072334760831,20.752488120365875,5.47302174730395,8.814702317498718,3.341680570194767,0.1593294481787837
decoupled_2029,isic2018_lesion_ISIC_0035078,clinical_mask,0.755859375,2.75,0.9810148044289672,1.0,0.0,1.0,1.2559879720446798,0.8054110301768991,1.0,0.9811673238788051,0.9811673238788051,3.1630946806341935,0.008801874241551873,1.9085559336533833,0.0,1.0,6.36270586102309,4.069485748828574,25.892940825421505,4.770706028878698,7.162716236439806,2.392010207561108,0.31365818235129217
decoupled_2030,ph2_lesion_IMD256,clinical_mask,0.755859375,2.75,0.9810148044289672,1.0,0.0,1.0,1.2559879720446798,0.8054110301768991,1.0,0.9811673238788051,0.9811673238788051,3.1630946806341935,0.008801874241551873,1.9085559336533833,0.0,1.0,3.6351339236116305,1.2647051697385179,4.5973726658834915,5.145122839089707,9.311362581981825,4.1662397428921185,0.1185747039707606
decoupled_2031,midas_lesion_544,clinical_mask,0.755859375,2.75,0.9810148044289672,1.0,0.0,1.0,1.2559879720446798,0.8054110301768991,1.0,0.9811673238788051,0.9811673238788051,3.1630946806341935,0.008801874241551873,1.9085559336533833,0.0,1.0,8.562716253504924,4.203593373325236,35.99417730089759,5.327295162497247,10.393027451436678,5.065732288939431,0.12397464033155398
decoupled_2032,isic2018_lesion_ISIC_0034970,clinical_mask,0.755859375,2.75,0.9810148044289672,1.0,0.0,1.0,1.2559879720446798,0.8054110301768991,1.0,0.9811673238788051,0.9811673238788051,3.1630946806341935,0.008801874241551873,1.9085559336533833,0.0,1.0,8.495961048687594,1.5192458070046972,12.907453199693858,6.304610822560246,8.470646854916442,2.166036032356196,0.13896188839949433
decoupled_2033,isic2018_lesion_ISIC_0034585,clinical_mask,0.755859375,2.75,0.9810148044289672,1.0,0.0,1.0,1.2559879720446798,0.8054110301768991,1.0,0.9811673238788051,0.9811673238788051,3.1630946806341935,0.008801874241551873,1.9085559336533833,0.0,1.0,6.186462739281945,10.101285847565798,62.49122851480185,7.342526859307254,10.721116373359644,3.37858951405239,0.3242822687506115
decoupled_2034,ph2_lesion_IMD278,clinical_mask,0.755859375,2.75,0.9810148044289672,1.0,0.0,1.0,1.2559879720446798,0.8054110301768991,1.0,0.9811673238788051,0.9811673238788051,3.1630946806341935,0.008801874241551873,1.9085559336533833,0.0,1.0,6.878328656000418,1.4333272787348628,9.858896094749106,3.075576674201447,6.840339965214851,3.7647632910134043,0.03018201781853652
decoupled_2035,midas_lesion_300,clinical_mask,0.755859375,2.75,0.9810148044289672,1.0,0.0,1.0,1.2559879720446798,0.8054110301768991,1.0,0.9811673238788051,0.9811673238788051,3.1630946806341935,0.008801874241551873,1.9085559336533833,0.0,1.0,9.613061979459907,3.4276050454944156,32.94977974344731,4.268739160891969,5.629833080714688,1.3610939198227188,0.03364461306545918
decoupled_2036,midas_lesion_640,clinical_mask,0.755859375,2.75,0.9810148044289672,1.0,0.0,1.0,1.2559879720446798,0.8054110301768991,1.0,0.9811673238788051,0.9811673238788051,3.1630946806341935,0.008801874241551873,1.9085559336533833,0.0,1.0,3.419954414657544,2.215054658825847,7.575385959159216,1.8995646455363757,6.166892065619306,4.26732742008293,0.27338323682154236
decoupled_2037,isic2018_lesion_ISIC_0034982,clinical_mask,0.755859375,2.75,0.9810148044289672,1.0,0.0,1.0,1.2559879720446798,0.8054110301768991,1.0,0.9811673238788051,0.9811673238788051,3.1630946806341935,0.008801874241551873,1.9085559336533833,0.0,1.0,6.564974496825817,1.7602545085199974,11.556025956356446,5.513018353244343,10.635554302440621,5.122535949196278,0.32095580890605296
decoupled_2038,isic2018_lesion_ISIC_0035372,clinical_mask,0.755859375,2.75,0.9810148044289672,1.0,0.0,1.0,1.2559879720446798,0.8054110301768991,1.0,0.9811673238788051,0.9811673238788051,3.1630946806341935,0.008801874241551873,1.9085559336533833,0.0,1.0,7.366228709332938,1.9435963183657716,14.316974999699747,4.433615191122786,8.84254644903855,4.408931257915765,0.07559617510368939
decoupled_2039,midas_lesion_226,clinical_mask,0.755859375,2.75,0.9810148044289672,1.0,0.0,1.0,1.2559879720446798,0.8054110301768991,1.0,0.9811673238788051,0.9811673238788051,3.1630946806341935,0.008801874241551873,1.9085559336533833,0.0,1.0,9.059053632459626,8.715154903262635,78.95105568384969,6.509004948620947,10.291883108062116,3.782878159441169,0.11062500832427681
decoupled_2040,isic2018_lesion_ISIC_0035368,clinical_mask,0.755859375,2.75,0.9810148044289672,1.0,0.0,1.0,1.2559879720446798,0.8054110301768991,1.0,0.9811673238788051,0.9811673238788051,3.1630946806341935,0.008801874241551873,1.9085559336533833,0.0,1.0,7.4251836991632425,5.190411851841482,38.53976147423707,6.077612458447255,8.854842061113247,2.777229602665993,0.13613278663120945
decoupled_2041,midas_lesion_415,clinical_mask,0.755859375,2.75,0.9810148044289672,1.0,0.0,1.0,1.2559879720446798,0.8054110301768991,1.0,0.9811673238788051,0.9811673238788051,3.1630946806341935,0.008801874241551873,1.9085559336533833,0.0,1.0,7.822596171398821,1.5085839232136822,11.801042821965163,1.2564603350044488,3.754598549566959,2.4981382145625104,0.3096624023002902
decoupled_2042,midas_lesion_536,clinical_mask,0.755859375,2.75,0.9810148044289672,1.0,0.0,1.0,1.2559879720446798,0.8054110301768991,1.0,0.9811673238788051,0.9811673238788051,3.1630946806341935,0.008801874241551873,1.9085559336533833,0.0,1.0,8.891492257646274,5.977275629351032,53.14689998019246,6.005391327243513,7.57010148128896,1.5647101540454473,0.3033756213165133
decoupled_2043,isic2018_lesion_ISIC_0035376,clinical_mask,0.755859375,2.75,0.9810148044289672,1.0,0.0,1.0,1.2559879720446798,0.8054110301768991,1.0,0.9811673238788051,0.9811673238788051,3.1630946806341935,0.008801874241551873,1.9085559336533833,0.0,1.0,3.767319439379599,1.2287203098969013,4.628981909035121,0.591905878619377,2.128635330673006,1.536729452053629,0.2552799063614435
decoupled_2044,isic2018_lesion_ISIC_0034579,clinical_mask,0.755859375,2.75,0.9810148044289672,1.0,0.0,1.0,1.2559879720446798,0.8054110301768991,1.0,0.9811673238788051,0.9811673238788051,3.1630946806341935,0.008801874241551873,1.9085559336533833,0.0,1.0,3.518023759350925,1.2677351963108159,4.4599225411868595,2.2005785213225524,7.020931795661156,4.820353274338603,0.1900837640490764
decoupled_2045,isic2018_lesion_ISIC_0034753,clinical_mask,0.755859375,2.75,0.9810148044289672,1.0,0.0,1.0,1.2559879720446798,0.8054110301768991,1.0,0.9811673238788051,0.9811673238788051,3.1630946806341935,0.008801874241551873,1.9085559336533833,0.0,1.0,5.573682673083,1.3439813895197463,7.490925783712224,6.402470028419755,7.13041972105758,0.727949692637825,0.031209890602346715
decoupled_2046,isic2018_lesion_ISIC_0035608,clinical_mask,0.755859375,2.75,0.9810148044289672,1.0,0.0,1.0,1.2559879720446798,0.8054110301768991,1.0,0.9811673238788051,0.9811673238788051,3.1630946806341935,0.008801874241551873,1.9085559336533833,0.0,1.0,3.863152641756805,5.867315231137669,22.666334335189422,7.768088921058121,12.24754740407119,4.479458483013069,0.1758700256305693
decoupled_2047,isic2018_lesion_ISIC_0035149,clinical_mask,0.755859375,2.75,0.9810148044289672,1.0,0.0,1.0,1.2559879720446798,0.8054110301768991,1.0,0.9811673238788051,0.9811673238788051,3.1630946806341935,0.008801874241551873,1.9085559336533833,0.0,1.0,7.817470842598847,10.209020382369562,79.80871917067138,3.931588091943208,4.637242695452194,0.7056546035089863,0.29372748221179545
