area_frac,perimeter_norm,equivalent_diameter_norm,aspect_ratio,eccentricity,solidity,compactness,extent,convexity,major_axis_norm,minor_axis_norm,boundary_curvature_mean,boundary_curvature_std,fractal_dimension,asymmetry_score,number_of_components,sample_id,geometry_id,source_geometry_type,source_dir,mask_path,E_bg,E_lesion,contrast,heterogeneity
0.2169952392578125,2.78125,0.525630021633387,2.4365315915937504,0.9118968473174451,0.6912122095849129,0.35251695750773615,0.5605439495467087,1.44673370367766,0.9482634593695075,0.3891857846789676,5.97055805285277,0.37169938227061444,1.783892277965634,0.35644461962948365,1.0,basal_cell_carcinoma_BCN_0000016844__cancer_observed,basal_cell_carcinoma_BCN_0000016844,clinical_mask,H:\My Drive\MN_simulation\magnetic_sensitivity_shape_ratio\packages\lesions\basal_cell_carcinoma_BCN_0000016844__cancer_observed,H:\My Drive\MN_simulation\magnetic_sensitivity_shape_ratio\packages\lesions\basal_cell_carcinoma_BCN_0000016844__cancer_observed\interp_lesion_mask.csv,3.00000023841858,34.79068240994651,11.596893215010567,0.146907685143797
0.2169952392578125,2.78125,0.525630021633387,2.4365315915937504,0.9118968473174451,0.6912122095849129,0.35251695750773615,0.5605439495467087,1.44673370367766,0.9482634593695075,0.3891857846789676,5.97055805285277,0.37169938227061444,1.783892277965634,0.35644461962948365,1.0,basal_cell_carcinoma_BCN_0000016844__cancer_homogenized,basal_cell_carcinoma_BCN_0000016844,clinical_mask,H:\My Drive\MN_simulation\magnetic_sensitivity_shape_ratio\packages\lesions\basal_cell_carcinoma_BCN_0000016844__cancer_homogenized,H:\My Drive\MN_simulation\magnetic_sensitivity_shape_ratio\packages\lesions\basal_cell_carcinoma_BCN_0000016844__cancer_homogenized\interp_lesion_mask.csv,3.00000023841858,34.7906824099465,11.596893215010562,0.0
0.2169952392578125,2.78125,0.525630021633387,2.4365315915937504,0.9118968473174451,0.6912122095849129,0.35251695750773615,0.5605439495467087,1.44673370367766,0.9482634593695075,0.3891857846789676,5.97055805285277,0.37169938227061444,1.783892277965634,0.35644461962948365,1.0,basal_cell_carcinoma_BCN_0000016844__normal_3kPa,basal_cell_carcinoma_BCN_0000016844,clinical_mask,H:\My Drive\MN_simulation\magnetic_sensitivity_shape_ratio\packages\lesions\basal_cell_carcinoma_BCN_0000016844__normal_3kPa,H:\My Drive\MN_simulation\magnetic_sensitivity_shape_ratio\packages\lesions\basal_cell_carcinoma_BCN_0000016844__normal_3kPa\interp_lesion_mask.csv,3.0,3.0,1.0,0.0
0.2169952392578125,2.78125,0.525630021633387,2.4365315915937504,0.9118968473174451,0.6912122095849129,0.35251695750773615,0.5605439495467087,1.44673370367766,0.9482634593695075,0.3891857846789676,5.97055805285277,0.37169938227061444,1.783892277965634,0.35644461962948365,1.0,basal_cell_carcinoma_BCN_0000016844__normal_9p5kPa,basal_cell_carcinoma_BCN_0000016844,clinical_mask,H:\My Drive\MN_simulation\magnetic_sensitivity_shape_ratio\packages\lesions\basal_cell_carcinoma_BCN_0000016844__normal_9p5kPa,H:\My Drive\MN_simulation\magnetic_sensitivity_shape_ratio\packages\lesions\basal_cell_carcinoma_BCN_0000016844__normal_9p5kPa\interp_lesion_mask.csv,9.5,9.5,1.0,0.0
0.15252685546875,1.30859375,0.4406849487070295,1.417669542590093,0.7088263668179722,0.9852158486102898,1.1192999836144735,0.7212121212121212,1.0150060024009604,0.5266806701684116,0.3715115930375157,3.3506702010670235,0.12587200220725414,1.7585747731755839,0.284992784992785,1.0,benign_nevi_BCN_0000002637__cancer_observed,benign_nevi_BCN_0000002637,clinical_mask,H:\My Drive\MN_simulation\magnetic_sensitivity_shape_ratio\packages\lesions\benign_nevi_BCN_0000002637__cancer_observed,H:\My Drive\MN_simulation\magnetic_sensitivity_shape_ratio\packages\lesions\benign_nevi_BCN_0000002637__cancer_observed\interp_lesion_mask.csv,3.00000023841858,22.421188148416103,7.473728788846766,0.1173685056620438
0.15252685546875,1.30859375,0.4406849487070295,1.417669542590093,0.7088263668179722,0.9852158486102898,1.1192999836144735,0.7212121212121212,1.0150060024009604,0.5266806701684116,0.3715115930375157,3.3506702010670235,0.12587200220725414,1.7585747731755839,0.284992784992785,1.0,benign_nevi_BCN_0000002637__cancer_homogenized,benign_nevi_BCN_0000002637,clinical_mask,H:\My Drive\MN_simulation\magnetic_sensitivity_shape_ratio\packages\lesions\benign_nevi_BCN_0000002637__cancer_homogenized,H:\My Drive\MN_simulation\magnetic_sensitivity_shape_ratio\packages\lesions\benign_nevi_BCN_0000002637__cancer_homogenized\interp_lesion_mask.csv,3.00000023841858,22.4211881484161,7.473728788846765,0.0
0.15252685546875,1.30859375,0.4406849487070295,1.417669542590093,0.7088263668179722,0.9852158486102898,1.1192999836144735,0.7212121212121212,1.0150060024009604,0.5266806701684116,0.3715115930375157,3.3506702010670235,0.12587200220725414,1.7585747731755839,0.284992784992785,1.0,benign_nevi_BCN_0000002637__normal_3kPa,benign_nevi_BCN_0000002637,clinical_mask,H:\My Drive\MN_simulation\magnetic_sensitivity_shape_ratio\packages\lesions\benign_nevi_BCN_0000002637__normal_3kPa,H:\My Drive\MN_simulation\magnetic_sensitivity_shape_ratio\packages\lesions\benign_nevi_BCN_0000002637__normal_3kPa\interp_lesion_mask.csv,3.0,3.0,1.0,0.0
0.15252685546875,1.30859375,0.4406849487070295,1.417669542590093,0.7088263668179722,0.9852158486102898,1.1192999836144735,0.7212121212121212,1.0150060024009604,0.5266806701684116,0.3715115930375157,3.3506702010670235,0.12587200220725414,1.7585747731755839,0.284992784992785,1.0,benign_nevi_BCN_0000002637__normal_9p5kPa,benign_nevi_BCN_0000002637,clinical_mask,H:\My Drive\MN_simulation\magnetic_sensitivity_shape_ratio\packages\lesions\benign_nevi_BCN_0000002637__normal_9p5kPa,H:\My Drive\MN_simulation\magnetic_sensitivity_shape_ratio\packages\lesions\benign_nevi_BCN_0000002637__normal_9p5kPa\interp_lesion_mask.csv,9.5,9.5,1.0,0.0
0.0595855712890625,1.00390625,0.275439114253714,1.3180420505522392,0.6514388593266779,0.8058192323565829,0.7429586708212474,0.5223381487426432,1.2409731113956464,0.3570778055381461,0.27091533641778426,4.1126580779429185,0.2534256500244032,1.6452713136997572,0.4147940074906367,1.0,melanoma_BCN_0000018489__cancer_observed,melanoma_BCN_0000018489,clinical_mask,H:\My Drive\MN_simulation\magnetic_sensitivity_shape_ratio\packages\lesions\melanoma_BCN_0000018489__cancer_observed,H:\My Drive\MN_simulation\magnetic_sensitivity_shape_ratio\packages\lesions\melanoma_BCN_0000018489__cancer_observed\interp_lesion_mask.csv,3.00000023841858,24.52131932804435,8.173772459755043,0.1304875174833426
0.0595855712890625,1.00390625,0.275439114253714,1.3180420505522392,0.6514388593266779,0.8058192323565829,0.7429586708212474,0.5223381487426432,1.2409731113956464,0.3570778055381461,0.27091533641778426,4.1126580779429185,0.2534256500244032,1.6452713136997572,0.4147940074906367,1.0,melanoma_BCN_0000018489__cancer_homogenized,melanoma_BCN_0000018489,clinical_mask,H:\My Drive\MN_simulation\magnetic_sensitivity_shape_ratio\packages\lesions\melanoma_BCN_0000018489__cancer_homogenized,H:\My Drive\MN_simulation\magnetic_sensitivity_shape_ratio\packages\lesions\melanoma_BCN_0000018489__cancer_homogenized\interp_lesion_mask.csv,3.00000023841858,24.521319328044296,8.173772459755025,1.4488264808563416e-16
0.0595855712890625,1.00390625,0.275439114253714,1.3180420505522392,0.6514388593266779,0.8058192323565829,0.7429586708212474,0.5223381487426432,1.2409731113956464,0.3570778055381461,0.27091533641778426,4.1126580779429185,0.2534256500244032,1.6452713136997572,0.4147940074906367,1.0,melanoma_BCN_0000018489__normal_3kPa,melanoma_BCN_0000018489,clinical_mask,H:\My Drive\MN_simulation\magnetic_sensitivity_shape_ratio\packages\lesions\melanoma_BCN_0000018489__normal_3kPa,H:\My Drive\MN_simulation\magnetic_sensitivity_shape_ratio\packages\lesions\melanoma_BCN_0000018489__normal_3kPa\interp_lesion_mask.csv,3.0,3.0,1.0,0.0
0.0595855712890625,1.00390625,0.275439114253714,1.3180420505522392,0.6514388593266779,0.8058192323565829,0.7429586708212474,0.5223381487426432,1.2409731113956464,0.3570778055381461,0.27091533641778426,4.1126580779429185,0.2534256500244032,1.6452713136997572,0.4147940074906367,1.0,melanoma_BCN_0000018489__normal_9p5kPa,melanoma_BCN_0000018489,clinical_mask,H:\My Drive\MN_simulation\magnetic_sensitivity_shape_ratio\packages\lesions\melanoma_BCN_0000018489__normal_9p5kPa,H:\My Drive\MN_simulation\magnetic_sensitivity_shape_ratio\packages\lesions\melanoma_BCN_0000018489__normal_9p5kPa\interp_lesion_mask.csv,9.5,9.5,1.0,0.0
0.164306640625,2.015625,0.45738573688555156,1.8852126082925396,0.8477198850396415,0.7619317176720326,0.5082126929549741,0.4817897091722595,1.3124535661218424,0.702400355573212,0.37258415973007136,4.972584571971463,0.32249627842615697,1.80638791826563,0.43843400447427294,1.0,squamous_cell_carcinoma_BCN_0000004833__cancer_observed,squamous_cell_carcinoma_BCN_0000004833,clinical_mask,H:\My Drive\MN_simulation\magnetic_sensitivity_shape_ratio\packages\lesions\squamous_cell_carcinoma_BCN_0000004833__cancer_observed,H:\My Drive\MN_simulation\magnetic_sensitivity_shape_ratio\packages\lesions\squamous_cell_carcinoma_BCN_0000004833__cancer_observed\interp_lesion_mask.csv,3.00000023841858,85.92716858999867,28.642387253707124,0.1597802045848971
0.164306640625,2.015625,0.45738573688555156,1.8852126082925396,0.8477198850396415,0.7619317176720326,0.5082126929549741,0.4817897091722595,1.3124535661218424,0.702400355573212,0.37258415973007136,4.972584571971463,0.32249627842615697,1.80638791826563,0.43843400447427294,1.0,squamous_cell_carcinoma_BCN_0000004833__cancer_homogenized,squamous_cell_carcinoma_BCN_0000004833,clinical_mask,H:\My Drive\MN_simulation\magnetic_sensitivity_shape_ratio\packages\lesions\squamous_cell_carcinoma_BCN_0000004833__cancer_homogenized,H:\My Drive\MN_simulation\magnetic_sensitivity_shape_ratio\packages\lesions\squamous_cell_carcinoma_BCN_0000004833__cancer_homogenized\interp_lesion_mask.csv,3.00000023841858,85.9271685899987,28.64238725370713,0.0
0.164306640625,2.015625,0.45738573688555156,1.8852126082925396,0.8477198850396415,0.7619317176720326,0.5082126929549741,0.4817897091722595,1.3124535661218424,0.702400355573212,0.37258415973007136,4.972584571971463,0.32249627842615697,1.80638791826563,0.43843400447427294,1.0,squamous_cell_carcinoma_BCN_0000004833__normal_3kPa,squamous_cell_carcinoma_BCN_0000004833,clinical_mask,H:\My Drive\MN_simulation\magnetic_sensitivity_shape_ratio\packages\lesions\squamous_cell_carcinoma_BCN_0000004833__normal_3kPa,H:\My Drive\MN_simulation\magnetic_sensitivity_shape_ratio\packages\lesions\squamous_cell_carcinoma_BCN_0000004833__normal_3kPa\interp_lesion_mask.csv,3.0,3.0,1.0,0.0
0.164306640625,2.015625,0.45738573688555156,1.8852126082925396,0.8477198850396415,0.7619317176720326,0.5082126929549741,0.4817897091722595,1.3124535661218424,0.702400355573212,0.37258415973007136,4.972584571971463,0.32249627842615697,1.80638791826563,0.43843400447427294,1.0,squamous_cell_carcinoma_BCN_0000004833__normal_9p5kPa,squamous_cell_carcinoma_BCN_0000004833,clinical_mask,H:\My Drive\MN_simulation\magnetic_sensitivity_shape_ratio\packages\lesions\squamous_cell_carcinoma_BCN_0000004833__normal_9p5kPa,H:\My Drive\MN_simulation\magnetic_sensitivity_shape_ratio\packages\lesions\squamous_cell_carcinoma_BCN_0000004833__normal_9p5kPa\interp_lesion_mask.csv,9.5,9.5,1.0,0.0
0.755859375,2.75,0.9810148044289672,1.0,0.0,1.0,1.2559879720446798,0.8054110301768991,1.0,0.9811673238788051,0.9811673238788051,3.1630946806341935,0.008801874241551873,1.9085559336533833,0.0,1.0,midas_lesion_619,midas_lesion_619,clinical_mask,H:\My Drive\MN_simulation\Clincal_ontology\Image_export\lesions\midas_lesion_619,H:\My Drive\MN_simulation\Clincal_ontology\Image_export\lesions\midas_lesion_619\interp_lesion_mask.csv,71.81391906738281,189.2799053537137,2.6356994272393472,0.053398151515899
0.755859375,2.75,0.9810148044289672,1.0,0.0,1.0,1.2559879720446798,0.8054110301768991,1.0,0.9811673238788051,0.9811673238788051,3.1630946806341935,0.008801874241551873,1.9085559336533833,0.0,1.0,midas_lesion_626,midas_lesion_626,clinical_mask,H:\My Drive\MN_simulation\Clincal_ontology\Image_export\lesions\midas_lesion_626,H:\My Drive\MN_simulation\Clincal_ontology\Image_export\lesions\midas_lesion_626\interp_lesion_mask.csv,73.73615264892578,179.82700844698175,2.4387902268671127,0.0745838532394107
0.755859375,2.75,0.9810148044289672,1.0,0.0,1.0,1.2559879720446798,0.8054110301768991,1.0,0.9811673238788051,0.9811673238788051,3.1630946806341935,0.008801874241551873,1.9085559336533833,0.0,1.0,midas_lesion_536,midas_lesion_536,clinical_mask,H:\My Drive\MN_simulation\Clincal_ontology\Image_export\lesions\midas_lesion_536,H:\My Drive\MN_simulation\Clincal_ontology\Image_export\lesions\midas_lesion_536\interp_lesion_mask.csv,72.50569915771484,181.6675486897313,2.5055623323425507,0.0425290894428684
0.755859375,2.75,0.9810148044289672,1.0,0.0,1.0,1.2559879720446798,0.8054110301768991,1.0,0.9811673238788051,0.9811673238788051,3.1630946806341935,0.008801874241551873,1.9085559336533833,0.0,1.0,midas_lesion_564,midas_lesion_564,clinical_mask,H:\My Drive\MN_simulation\Clincal_ontology\Image_export\lesions\midas_lesion_564,H:\My Drive\MN_simulation\Clincal_ontology\Image_export\lesions\midas_lesion_564\interp_lesion_mask.csv,73.52970123291016,201.6974701105162,2.7430747946551044,0.0868237216486451
0.755859375,2.75,0.9810148044289672,1.0,0.0,1.0,1.2559879720446798,0.8054110301768991,1.0,0.9811673238788051,0.9811673238788051,3.1630946806341935,0.008801874241551873,1.9085559336533833,0.0,1.0,midas_lesion_544,midas_lesion_544,clinical_mask,H:\My Drive\MN_simulation\Clincal_ontology\Image_export\lesions\midas_lesion_544,H:\My Drive\MN_simulation\Clincal_ontology\Image_export\lesions\midas_lesion_544\interp_lesion_mask.csv,75.05059051513672,171.67422030939304,2.2874466294141764,0.0629497251875366
0.755859375,2.75,0.9810148044289672,1.0,0.0,1.0,1.2559879720446798,0.8054110301768991,1.0,0.9811673238788051,0.9811673238788051,3.1630946806341935,0.008801874241551873,1.9085559336533833,0.0,1.0,midas_lesion_486,midas_lesion_486,clinical_mask,H:\My Drive\MN_simulation\Clincal_ontology\Image_export\lesions\midas_lesion_486,H:\My Drive\MN_simulation\Clincal_ontology\Image_export\lesions\midas_lesion_486\interp_lesion_mask.csv,74.83599853515625,180.7619436101396,2.415441059762458,0.092560477601305
0.755859375,2.75,0.9810148044289672,1.0,0.0,1.0,1.2559879720446798,0.8054110301768991,1.0,0.9811673238788051,0.9811673238788051,3.1630946806341935,0.008801874241551873,1.9085559336533833,0.0,1.0,midas_lesion_442,midas_lesion_442,clinical_mask,H:\My Drive\MN_simulation\Clincal_ontology\Image_export\lesions\midas_lesion_442,H:\My Drive\MN_simulation\Clincal_ontology\Image_export\lesions\midas_lesion_442\interp_lesion_mask.csv,73.93870544433594,191.91753283951635,2.595630146432569,0.046049032555837
0.755859375,2.75,0.9810148044289672,1.0,0.0,1.0,1.2559879720446798,0.8054110301768991,1.0,0.9811673238788051,0.9811673238788051,3.1630946806341935,0.008801874241551873,1.9085559336533833,0.0,1.0,midas_lesion_415,midas_lesion_415,clinical_mask,H:\My Drive\MN_simulation\Clincal_ontology\Image_export\lesions\midas_lesion_415,H:\My Drive\MN_simulation\Clincal_ontology\Image_export\lesions\midas_lesion_415\interp_lesion_mask.csv,74.1078872680664,178.2635418302945,2.405459774955823,0.0530528163954958
0.755859375,2.75,0.9810148044289672,1.0,0.0,1.0,1.2559879720446798,0.8054110301768991,1.0,0.9811673238788051,0.9811673238788051,3.1630946806341935,0.008801874241551873,1.9085559336533833,0.0,1.0,midas_lesion_357,midas_lesion_357,clinical_mask,H:\My Drive\MN_simulation\Clincal_ontology\Image_export\lesions\midas_lesion_357,H:\My Drive\MN_simulation\Clincal_ontology\Image_export\lesions\midas_lesion_357\interp_lesion_mask.csv,72.48716735839844,205.92556326025831,2.840855433653521,0.0456998062803291
0.755859375,2.75,0.9810148044289672,1.0,0.0,1.0,1.2559879720446798,0.8054110301768991,1.0,0.9811673238788051,0.9811673238788051,3.1630946806341935,0.008801874241551873,1.9085559336533833,0.0,1.0,midas_lesion_300,midas_lesion_300,clinical_mask,H:\My Drive\MN_simulation\Clincal_ontology\Image_export\lesions\midas_lesion_300,H:\My Drive\MN_simulation\Clincal_ontology\Image_export\lesions\midas_lesion_300\interp_lesion_mask.csv,74.26590728759766,189.10343176080275,2.546302047162667,0.0880989079778695
0.755859375,2.75,0.9810148044289672,1.0,0.0,1.0,1.2559879720446798,0.8054110301768991,1.0,0.9811673238788051,0.9811673238788051,3.1630946806341935,0.008801874241551873,1.9085559336533833,0.0,1.0,midas_lesion_289,midas_lesion_289,clinical_mask,H:\My Drive\MN_simulation\Clincal_ontology\Image_export\lesions\midas_lesion_289,H:\My Drive\MN_simulation\Clincal_ontology\Image_export\lesions\midas_lesion_289\interp_lesion_mask.csv,75.11048889160156,176.9051135947846,2.3552651061836607,0.0848305002188503
0.755859375,2.75,0.9810148044289672,1.0,0.0,1.0,1.2559879720446798,0.8054110301768991,1.0,0.9811673238788051,0.9811673238788051,3.1630946806341935,0.008801874241551873,1.9085559336533833,0.0,1.0,midas_lesion_277,midas_lesion_277,clinical_mask,H:\My Drive\MN_simulation\Clincal_ontology\Image_export\lesions\midas_lesion_277,H:\My Drive\MN_simulation\Clincal_ontology\Image_export\lesions\midas_lesion_277\interp_lesion_mask.csv,74.88233184814453,185.5353360533406,2.47769175283686,0.101287684582252
0.755859375,2.75,0.9810148044289672,1.0,0.0,1.0,1.2559879720446798,0.8054110301768991,1.0,0.9811673238788051,0.9811673238788051,3.1630946806341935,0.008801874241551873,1.9085559336533833,0.0,1.0,midas_lesion_259,midas_lesion_259,clinical_mask,H:\My Drive\MN_simulation\Clincal_ontology\Image_export\lesions\midas_lesion_259,H:\My Drive\MN_simulation\Clincal_ontology\Image_export\lesions\midas_lesion_259\interp_lesion_mask.csv,74.05288696289062,172.33599931386706,2.327201630913162,0.0437798377567217
0.755859375,2.75,0.9810148044289672,1.0,0.0,1.0,1.2559879720446798,0.8054110301768991,1.0,0.9811673238788051,0.9811673238788051,3.1630946806341935,0.008801874241551873,1.9085559336533833,0.0,1.0,midas_lesion_275,midas_lesion_275,clinical_mask,H:\My Drive\MN_simulation\Clincal_ontology\Image_export\lesions\midas_lesion_275,H:\My Drive\MN_simulation\Clincal_ontology\Image_export\lesions\midas_lesion_275\interp_lesion_mask.csv,72.94979858398438,177.8571820714985,2.4380763966981784,0.0446750223184092
0.755859375,2.75,0.9810148044289672,1.0,0.0,1.0,1.2559879720446798,0.8054110301768991,1.0,0.9811673238788051,0.9811673238788051,3.1630946806341935,0.008801874241551873,1.9085559336533833,0.0,1.0,midas_lesion_234,midas_lesion_234,clinical_mask,H:\My Drive\MN_simulation\Clincal_ontology\Image_export\lesions\midas_lesion_234,H:\My Drive\MN_simulation\Clincal_ontology\Image_export\lesions\midas_lesion_234\interp_lesion_mask.csv,74.39509582519531,185.9285388325536,2.499204238803942,0.0953922697044228
0.755859375,2.75,0.9810148044289672,1.0,0.0,1.0,1.2559879720446798,0.8054110301768991,1.0,0.9811673238788051,0.9811673238788051,3.1630946806341935,0.008801874241551873,1.9085559336533833,0.0,1.0,midas_lesion_226,midas_lesion_226,clinical_mask,H:\My Drive\MN_simulation\Clincal_ontology\Image_export\lesions\midas_lesion_226,H:\My Drive\MN_simulation\Clincal_ontology\Image_export\lesions\midas_lesion_226\interp_lesion_mask.csv,74.80931091308594,177.84188230647598,2.377269355055203,0.0777441937473453
0.755859375,2.75,0.9810148044289672,1.0,0.0,1.0,1.2559879720446798,0.8054110301768991,1.0,0.9811673238788051,0.9811673238788051,3.1630946806341935,0.008801874241551873,1.9085559336533833,0.0,1.0,midas_lesion_218,midas_lesion_218,clinical_mask,H:\My Drive\MN_simulation\Clincal_ontology\Image_export\lesions\midas_lesion_218,H:\My Drive\MN_simulation\Clincal_ontology\Image_export\lesions\midas_lesion_218\interp_lesion_mask.csv,73.4294204711914,193.52424567367987,2.635513727765362,0.055788916197029
0.755859375,2.75,0.9810148044289672,1.0,0.0,1.0,1.2559879720446798,0.8054110301768991,1.0,0.9811673238788051,0.9811673238788051,3.1630946806341935,0.008801874241551873,1.9085559336533833,0.0,1.0,midas_lesion_143,midas_lesion_143,clinical_mask,H:\My Drive\MN_simulation\Clincal_ontology\Image_export\lesions\midas_lesion_143,H:\My Drive\MN_simulation\Clincal_ontology\Image_export\lesions\midas_lesion_143\interp_lesion_mask.csv,72.62757110595703,173.14584885826406,2.384023673401661,0.068691246768218
0.755859375,2.75,0.9810148044289672,1.0,0.0,1.0,1.2559879720446798,0.8054110301768991,1.0,0.9811673238788051,0.9811673238788051,3.1630946806341935,0.008801874241551873,1.9085559336533833,0.0,1.0,midas_lesion_178,midas_lesion_178,clinical_mask,H:\My Drive\MN_simulation\Clincal_ontology\Image_export\lesions\midas_lesion_178,H:\My Drive\MN_simulation\Clincal_ontology\Image_export\lesions\midas_lesion_178\interp_lesion_mask.csv,71.99722290039062,185.3748965596044,2.574750651369896,0.0451110098852998
0.755859375,2.75,0.9810148044289672,1.0,0.0,1.0,1.2559879720446798,0.8054110301768991,1.0,0.9811673238788051,0.9811673238788051,3.1630946806341935,0.008801874241551873,1.9085559336533833,0.0,1.0,midas_lesion_140,midas_lesion_140,clinical_mask,H:\My Drive\MN_simulation\Clincal_ontology\Image_export\lesions\midas_lesion_140,H:\My Drive\MN_simulation\Clincal_ontology\Image_export\lesions\midas_lesion_140\interp_lesion_mask.csv,72.0247573852539,187.13120769530303,2.598151170358758,0.0506986463239207
0.755859375,2.75,0.9810148044289672,1.0,0.0,1.0,1.2559879720446798,0.8054110301768991,1.0,0.9811673238788051,0.9811673238788051,3.1630946806341935,0.008801874241551873,1.9085559336533833,0.0,1.0,midas_lesion_138,midas_lesion_138,clinical_mask,H:\My Drive\MN_simulation\Clincal_ontology\Image_export\lesions\midas_lesion_138,H:\My Drive\MN_simulation\Clincal_ontology\Image_export\lesions\midas_lesion_138\interp_lesion_mask.csv,74.18177795410156,201.42452779173544,2.715283097101861,0.0863219812468266
0.755859375,2.75,0.9810148044289672,1.0,0.0,1.0,1.2559879720446798,0.8054110301768991,1.0,0.9811673238788051,0.9811673238788051,3.1630946806341935,0.008801874241551873,1.9085559336533833,0.0,1.0,midas_lesion_76,midas_lesion_76,clinical_mask,H:\My Drive\MN_simulation\Clincal_ontology\Image_export\lesions\midas_lesion_76,H:\My Drive\MN_simulation\Clincal_ontology\Image_export\lesions\midas_lesion_76\interp_lesion_mask.csv,74.59484100341797,168.2537401775981,2.2555680515478094,0.0548488203501447
0.755859375,2.75,0.9810148044289672,1.0,0.0,1.0,1.2559879720446798,0.8054110301768991,1.0,0.9811673238788051,0.9811673238788051,3.1630946806341935,0.008801874241551873,1.9085559336533833,0.0,1.0,midas_lesion_69,midas_lesion_69,clinical_mask,H:\My Drive\MN_simulation\Clincal_ontology\Image_export\lesions\midas_lesion_69,H:\My Drive\MN_simulation\Clincal_ontology\Image_export\lesions\midas_lesion_69\interp_lesion_mask.csv,73.48416900634766,177.8045065236646,2.419630090779221,0.0551437170676101
0.755859375,2.75,0.9810148044289672,1.0,0.0,1.0,1.2559879720446798,0.8054110301768991,1.0,0.9811673238788051,0.9811673238788051,3.1630946806341935,0.008801874241551873,1.9085559336533833,0.0,1.0,midas_lesion_640,midas_lesion_640,clinical_mask,H:\My Drive\MN_simulation\Clincal_ontology\Image_export\lesions\midas_lesion_640,H:\My Drive\MN_simulation\Clincal_ontology\Image_export\lesions\midas_lesion_640\interp_lesion_mask.csv,75.23422241210938,185.5080113571128,2.4657397313280955,0.1160589585300699
0.755859375,2.75,0.9810148044289672,1.0,0.0,1.0,1.2559879720446798,0.8054110301768991,1.0,0.9811673238788051,0.9811673238788051,3.1630946806341935,0.008801874241551873,1.9085559336533833,0.0,1.0,midas_lesion_647,midas_lesion_647,clinical_mask,H:\My Drive\MN_simulation\Clincal_ontology\Image_export\lesions\midas_lesion_647,H:\My Drive\MN_simulation\Clincal_ontology\Image_export\lesions\midas_lesion_647\interp_lesion_mask.csv,71.55779266357422,186.7572664364364,2.609880202907702,0.0636700442897261
0.755859375,2.75,0.9810148044289672,1.0,0.0,1.0,1.2559879720446798,0.8054110301768991,1.0,0.9811673238788051,0.9811673238788051,3.1630946806341935,0.008801874241551873,1.9085559336533833,0.0,1.0,midas_lesion_755,midas_lesion_755,clinical_mask,H:\My Drive\MN_simulation\Clincal_ontology\Image_export\lesions\midas_lesion_755,H:\My Drive\MN_simulation\Clincal_ontology\Image_export\lesions\midas_lesion_755\interp_lesion_mask.csv,74.81333923339844,175.67008295970984,2.3481117773885782,0.0867008867932127
0.755859375,2.75,0.9810148044289672,1.0,0.0,1.0,1.2559879720446798,0.8054110301768991,1.0,0.9811673238788051,0.9811673238788051,3.1630946806341935,0.008801874241551873,1.9085559336533833,0.0,1.0,midas_lesion_805,midas_lesion_805,clinical_mask,H:\My Drive\MN_simulation\Clincal_ontology\Image_export\lesions\midas_lesion_805,H:\My Drive\MN_simulation\Clincal_ontology\Image_export\lesions\midas_lesion_805\interp_lesion_mask.csv,75.12617492675781,187.5901389898256,2.4970010675069165,0.0891610660663398
0.755859375,2.75,0.9810148044289672,1.0,0.0,1.0,1.2559879720446798,0.8054110301768991,1.0,0.9811673238788051,0.9811673238788051,3.1630946806341935,0.008801874241551873,1.9085559336533833,0.0,1.0,ph2_lesion_IMD057,ph2_lesion_IMD057,clinical_mask,H:\My Drive\MN_simulation\Clincal_ontology\Image_export\lesions\ph2_lesion_IMD057,H:\My Drive\MN_simulation\Clincal_ontology\Image_export\lesions\ph2_lesion_IMD057\interp_lesion_mask.csv,78.73936462402344,185.4424686776883,2.355143066789616,0.0713709311103554
0.755859375,2.75,0.9810148044289672,1.0,0.0,1.0,1.2559879720446798,0.8054110301768991,1.0,0.9811673238788051,0.9811673238788051,3.1630946806341935,0.008801874241551873,1.9085559336533833,0.0,1.0,ph2_lesion_IMD078,ph2_lesion_IMD078,clinical_mask,H:\My Drive\MN_simulation\Clincal_ontology\Image_export\lesions\ph2_lesion_IMD078,H:\My Drive\MN_simulation\Clincal_ontology\Image_export\lesions\ph2_lesion_IMD078\interp_lesion_mask.csv,72.09097290039062,184.63848624611396,2.5611873278674184,0.0644362925065477
0.755859375,2.75,0.9810148044289672,1.0,0.0,1.0,1.2559879720446798,0.8054110301768991,1.0,0.9811673238788051,0.9811673238788051,3.1630946806341935,0.008801874241551873,1.9085559336533833,0.0,1.0,ph2_lesion_IMD031,ph2_lesion_IMD031,clinical_mask,H:\My Drive\MN_simulation\Clincal_ontology\Image_export\lesions\ph2_lesion_IMD031,H:\My Drive\MN_simulation\Clincal_ontology\Image_export\lesions\ph2_lesion_IMD031\interp_lesion_mask.csv,74.89350891113281,183.17994721484123,2.4458721440358606,0.0690431674124817
0.755859375,2.75,0.9810148044289672,1.0,0.0,1.0,1.2559879720446798,0.8054110301768991,1.0,0.9811673238788051,0.9811673238788051,3.1630946806341935,0.008801874241551873,1.9085559336533833,0.0,1.0,ph2_lesion_IMD256,ph2_lesion_IMD256,clinical_mask,H:\My Drive\MN_simulation\Clincal_ontology\Image_export\lesions\ph2_lesion_IMD256,H:\My Drive\MN_simulation\Clincal_ontology\Image_export\lesions\ph2_lesion_IMD256\interp_lesion_mask.csv,75.6025161743164,186.6913614100572,2.469380264799702,0.0661349630768554
0.755859375,2.75,0.9810148044289672,1.0,0.0,1.0,1.2559879720446798,0.8054110301768991,1.0,0.9811673238788051,0.9811673238788051,3.1630946806341935,0.008801874241551873,1.9085559336533833,0.0,1.0,isic2018_lesion_ISIC_0034753,isic2018_lesion_ISIC_0034753,clinical_mask,H:\My Drive\MN_simulation\Clincal_ontology\Image_export\lesions\isic2018_lesion_ISIC_0034753,H:\My Drive\MN_simulation\Clincal_ontology\Image_export\lesions\isic2018_lesion_ISIC_0034753\interp_lesion_mask.csv,73.65019989013672,146.22148256523664,1.9853507904032004,0.0631846154200172
0.755859375,2.75,0.9810148044289672,1.0,0.0,1.0,1.2559879720446798,0.8054110301768991,1.0,0.9811673238788051,0.9811673238788051,3.1630946806341935,0.008801874241551873,1.9085559336533833,0.0,1.0,isic2018_lesion_ISIC_0034870,isic2018_lesion_ISIC_0034870,clinical_mask,H:\My Drive\MN_simulation\Clincal_ontology\Image_export\lesions\isic2018_lesion_ISIC_0034870,H:\My Drive\MN_simulation\Clincal_ontology\Image_export\lesions\isic2018_lesion_ISIC_0034870\interp_lesion_mask.csv,73.70065307617188,140.09557992112113,1.9008729783754843,0.022247131862942
0.755859375,2.75,0.9810148044289672,1.0,0.0,1.0,1.2559879720446798,0.8054110301768991,1.0,0.9811673238788051,0.9811673238788051,3.1630946806341935,0.008801874241551873,1.9085559336533833,0.0,1.0,isic2018_lesion_ISIC_0034748,isic2018_lesion_ISIC_0034748,clinical_mask,H:\My Drive\MN_simulation\Clincal_ontology\Image_export\lesions\isic2018_lesion_ISIC_0034748,H:\My Drive\MN_simulation\Clincal_ontology\Image_export\lesions\isic2018_lesion_ISIC_0034748\interp_lesion_mask.csv,74.2966537475586,158.5962195581244,2.134634758881532,0.077828326465853
0.755859375,2.75,0.9810148044289672,1.0,0.0,1.0,1.2559879720446798,0.8054110301768991,1.0,0.9811673238788051,0.9811673238788051,3.1630946806341935,0.008801874241551873,1.9085559336533833,0.0,1.0,isic2018_lesion_ISIC_0034585,isic2018_lesion_ISIC_0034585,clinical_mask,H:\My Drive\MN_simulation\Clincal_ontology\Image_export\lesions\isic2018_lesion_ISIC_0034585,H:\My Drive\MN_simulation\Clincal_ontology\Image_export\lesions\isic2018_lesion_ISIC_0034585\interp_lesion_mask.csv,77.29214477539062,163.93575626935146,2.120988578409169,0.0365082726968775
0.755859375,2.75,0.9810148044289672,1.0,0.0,1.0,1.2559879720446798,0.8054110301768991,1.0,0.9811673238788051,0.9811673238788051,3.1630946806341935,0.008801874241551873,1.9085559336533833,0.0,1.0,isic2018_lesion_ISIC_0034733,isic2018_lesion_ISIC_0034733,clinical_mask,H:\My Drive\MN_simulation\Clincal_ontology\Image_export\lesions\isic2018_lesion_ISIC_0034733,H:\My Drive\MN_simulation\Clincal_ontology\Image_export\lesions\isic2018_lesion_ISIC_0034733\interp_lesion_mask.csv,75.58960723876953,152.02994817295124,2.0112546383886465,0.0462224060470546
0.755859375,2.75,0.9810148044289672,1.0,0.0,1.0,1.2559879720446798,0.8054110301768991,1.0,0.9811673238788051,0.9811673238788051,3.1630946806341935,0.008801874241551873,1.9085559336533833,0.0,1.0,isic2018_lesion_ISIC_0034669,isic2018_lesion_ISIC_0034669,clinical_mask,H:\My Drive\MN_simulation\Clincal_ontology\Image_export\lesions\isic2018_lesion_ISIC_0034669,H:\My Drive\MN_simulation\Clincal_ontology\Image_export\lesions\isic2018_lesion_ISIC_0034669\interp_lesion_mask.csv,76.04106903076172,147.31671181020812,1.937330888267924,0.0388330151032364
0.755859375,2.75,0.9810148044289672,1.0,0.0,1.0,1.2559879720446798,0.8054110301768991,1.0,0.9811673238788051,0.9811673238788051,3.1630946806341935,0.008801874241551873,1.9085559336533833,0.0,1.0,isic2018_lesion_ISIC_0034579,isic2018_lesion_ISIC_0034579,clinical_mask,H:\My Drive\MN_simulation\Clincal_ontology\Image_export\lesions\isic2018_lesion_ISIC_0034579,H:\My Drive\MN_simulation\Clincal_ontology\Image_export\lesions\isic2018_lesion_ISIC_0034579\interp_lesion_mask.csv,73.91184997558594,143.71147621016786,1.9443631333492213,0.0423866158090626
0.755859375,2.75,0.9810148044289672,1.0,0.0,1.0,1.2559879720446798,0.8054110301768991,1.0,0.9811673238788051,0.9811673238788051,3.1630946806341935,0.008801874241551873,1.9085559336533833,0.0,1.0,isic2018_lesion_ISIC_0034538,isic2018_lesion_ISIC_0034538,clinical_mask,H:\My Drive\MN_simulation\Clincal_ontology\Image_export\lesions\isic2018_lesion_ISIC_0034538,H:\My Drive\MN_simulation\Clincal_ontology\Image_export\lesions\isic2018_lesion_ISIC_0034538\interp_lesion_mask.csv,72.8926010131836,183.83629980752636,2.5220159145408614,0.1656220537488887
0.755859375,2.75,0.9810148044289672,1.0,0.0,1.0,1.2559879720446798,0.8054110301768991,1.0,0.9811673238788051,0.9811673238788051,3.1630946806341935,0.008801874241551873,1.9085559336533833,0.0,1.0,ph2_lesion_IMD437,ph2_lesion_IMD437,clinical_mask,H:\My Drive\MN_simulation\Clincal_ontology\Image_export\lesions\ph2_lesion_IMD437,H:\My Drive\MN_simulation\Clincal_ontology\Image_export\lesions\ph2_lesion_IMD437\interp_lesion_mask.csv,72.7990951538086,180.4153726168689,2.4782639431944946,0.0658302942783841
0.755859375,2.75,0.9810148044289672,1.0,0.0,1.0,1.2559879720446798,0.8054110301768991,1.0,0.9811673238788051,0.9811673238788051,3.1630946806341935,0.008801874241551873,1.9085559336533833,0.0,1.0,ph2_lesion_IMD433,ph2_lesion_IMD433,clinical_mask,H:\My Drive\MN_simulation\Clincal_ontology\Image_export\lesions\ph2_lesion_IMD433,H:\My Drive\MN_simulation\Clincal_ontology\Image_export\lesions\ph2_lesion_IMD433\interp_lesion_mask.csv,70.8724594116211,185.7409973834528,2.6207782109646462,0.0692169148840824
0.755859375,2.75,0.9810148044289672,1.0,0.0,1.0,1.2559879720446798,0.8054110301768991,1.0,0.9811673238788051,0.9811673238788051,3.1630946806341935,0.008801874241551873,1.9085559336533833,0.0,1.0,ph2_lesion_IMD430,ph2_lesion_IMD430,clinical_mask,H:\My Drive\MN_simulation\Clincal_ontology\Image_export\lesions\ph2_lesion_IMD430,H:\My Drive\MN_simulation\Clincal_ontology\Image_export\lesions\ph2_lesion_IMD430\interp_lesion_mask.csv,72.6790542602539,185.90152919877715,2.557841885683994,0.0713030897644638
0.755859375,2.75,0.9810148044289672,1.0,0.0,1.0,1.2559879720446798,0.8054110301768991,1.0,0.9811673238788051,0.9811673238788051,3.1630946806341935,0.008801874241551873,1.9085559336533833,0.0,1.0,ph2_lesion_IMD370,ph2_lesion_IMD370,clinical_mask,H:\My Drive\MN_simulation\Clincal_ontology\Image_export\lesions\ph2_lesion_IMD370,H:\My Drive\MN_simulation\Clincal_ontology\Image_export\lesions\ph2_lesion_IMD370\interp_lesion_mask.csv,72.43589782714844,181.79049264676195,2.509674044222701,0.0696795244629958
0.755859375,2.75,0.9810148044289672,1.0,0.0,1.0,1.2559879720446798,0.8054110301768991,1.0,0.9811673238788051,0.9811673238788051,3.1630946806341935,0.008801874241551873,1.9085559336533833,0.0,1.0,ph2_lesion_IMD398,ph2_lesion_IMD398,clinical_mask,H:\My Drive\MN_simulation\Clincal_ontology\Image_export\lesions\ph2_lesion_IMD398,H:\My Drive\MN_simulation\Clincal_ontology\Image_export\lesions\ph2_lesion_IMD398\interp_lesion_mask.csv,74.25086212158203,174.40757094982058,2.348896241288579,0.050427712717822
0.755859375,2.75,0.9810148044289672,1.0,0.0,1.0,1.2559879720446798,0.8054110301768991,1.0,0.9811673238788051,0.9811673238788051,3.1630946806341935,0.008801874241551873,1.9085559336533833,0.0,1.0,ph2_lesion_IMD278,ph2_lesion_IMD278,clinical_mask,H:\My Drive\MN_simulation\Clincal_ontology\Image_export\lesions\ph2_lesion_IMD278,H:\My Drive\MN_simulation\Clincal_ontology\Image_export\lesions\ph2_lesion_IMD278\interp_lesion_mask.csv,71.17301940917969,176.39672656391943,2.478421289812081,0.0676793893475328
0.755859375,2.75,0.9810148044289672,1.0,0.0,1.0,1.2559879720446798,0.8054110301768991,1.0,0.9811673238788051,0.9811673238788051,3.1630946806341935,0.008801874241551873,1.9085559336533833,0.0,1.0,ph2_lesion_IMD312,ph2_lesion_IMD312,clinical_mask,H:\My Drive\MN_simulation\Clincal_ontology\Image_export\lesions\ph2_lesion_IMD312,H:\My Drive\MN_simulation\Clincal_ontology\Image_export\lesions\ph2_lesion_IMD312\interp_lesion_mask.csv,72.19912719726562,182.2424779887039,2.5241645579838243,0.0654847410044553
0.755859375,2.75,0.9810148044289672,1.0,0.0,1.0,1.2559879720446798,0.8054110301768991,1.0,0.9811673238788051,0.9811673238788051,3.1630946806341935,0.008801874241551873,1.9085559336533833,0.0,1.0,ph2_lesion_IMD331,ph2_lesion_IMD331,clinical_mask,H:\My Drive\MN_simulation\Clincal_ontology\Image_export\lesions\ph2_lesion_IMD331,H:\My Drive\MN_simulation\Clincal_ontology\Image_export\lesions\ph2_lesion_IMD331\interp_lesion_mask.csv,72.10826873779297,179.80088935280338,2.493485039928121,0.0557653795564176
0.755859375,2.75,0.9810148044289672,1.0,0.0,1.0,1.2559879720446798,0.8054110301768991,1.0,0.9811673238788051,0.9811673238788051,3.1630946806341935,0.008801874241551873,1.9085559336533833,0.0,1.0,isic2018_lesion_ISIC_0035372,isic2018_lesion_ISIC_0035372,clinical_mask,H:\My Drive\MN_simulation\Clincal_ontology\Image_export\lesions\isic2018_lesion_ISIC_0035372,H:\My Drive\MN_simulation\Clincal_ontology\Image_export\lesions\isic2018_lesion_ISIC_0035372\interp_lesion_mask.csv,74.30972290039062,165.68794460444488,2.229694017652889,0.1016000107485178
0.755859375,2.75,0.9810148044289672,1.0,0.0,1.0,1.2559879720446798,0.8054110301768991,1.0,0.9811673238788051,0.9811673238788051,3.1630946806341935,0.008801874241551873,1.9085559336533833,0.0,1.0,isic2018_lesion_ISIC_0035376,isic2018_lesion_ISIC_0035376,clinical_mask,H:\My Drive\MN_simulation\Clincal_ontology\Image_export\lesions\isic2018_lesion_ISIC_0035376,H:\My Drive\MN_simulation\Clincal_ontology\Image_export\lesions\isic2018_lesion_ISIC_0035376\interp_lesion_mask.csv,73.36946868896484,160.7688516030324,2.19122278620525,0.1062960479394143
0.755859375,2.75,0.9810148044289672,1.0,0.0,1.0,1.2559879720446798,0.8054110301768991,1.0,0.9811673238788051,0.9811673238788051,3.1630946806341935,0.008801874241551873,1.9085559336533833,0.0,1.0,isic2018_lesion_ISIC_0035317,isic2018_lesion_ISIC_0035317,clinical_mask,H:\My Drive\MN_simulation\Clincal_ontology\Image_export\lesions\isic2018_lesion_ISIC_0035317,H:\My Drive\MN_simulation\Clincal_ontology\Image_export\lesions\isic2018_lesion_ISIC_0035317\interp_lesion_mask.csv,74.7756118774414,145.71401723225912,1.9486837161705488,0.0492609281296346
0.755859375,2.75,0.9810148044289672,1.0,0.0,1.0,1.2559879720446798,0.8054110301768991,1.0,0.9811673238788051,0.9811673238788051,3.1630946806341935,0.008801874241551873,1.9085559336533833,0.0,1.0,isic2018_lesion_ISIC_0035348,isic2018_lesion_ISIC_0035348,clinical_mask,H:\My Drive\MN_simulation\Clincal_ontology\Image_export\lesions\isic2018_lesion_ISIC_0035348,H:\My Drive\MN_simulation\Clincal_ontology\Image_export\lesions\isic2018_lesion_ISIC_0035348\interp_lesion_mask.csv,73.02633666992188,150.78816908212903,2.064846409641081,0.0631055023636909
0.755859375,2.75,0.9810148044289672,1.0,0.0,1.0,1.2559879720446798,0.8054110301768991,1.0,0.9811673238788051,0.9811673238788051,3.1630946806341935,0.008801874241551873,1.9085559336533833,0.0,1.0,isic2018_lesion_ISIC_0035330,isic2018_lesion_ISIC_0035330,clinical_mask,H:\My Drive\MN_simulation\Clincal_ontology\Image_export\lesions\isic2018_lesion_ISIC_0035330,H:\My Drive\MN_simulation\Clincal_ontology\Image_export\lesions\isic2018_lesion_ISIC_0035330\interp_lesion_mask.csv,74.8415298461914,160.61963650607322,2.146129786980122,0.0958417638938287
0.755859375,2.75,0.9810148044289672,1.0,0.0,1.0,1.2559879720446798,0.8054110301768991,1.0,0.9811673238788051,0.9811673238788051,3.1630946806341935,0.008801874241551873,1.9085559336533833,0.0,1.0,isic2018_lesion_ISIC_0035368,isic2018_lesion_ISIC_0035368,clinical_mask,H:\My Drive\MN_simulation\Clincal_ontology\Image_export\lesions\isic2018_lesion_ISIC_0035368,H:\My Drive\MN_simulation\Clincal_ontology\Image_export\lesions\isic2018_lesion_ISIC_0035368\interp_lesion_mask.csv,75.18046569824219,148.94256334526594,1.9811338219570036,0.0405909033403801
0.755859375,2.75,0.9810148044289672,1.0,0.0,1.0,1.2559879720446798,0.8054110301768991,1.0,0.9811673238788051,0.9811673238788051,3.1630946806341935,0.008801874241551873,1.9085559336533833,0.0,1.0,isic2018_lesion_ISIC_0035149,isic2018_lesion_ISIC_0035149,clinical_mask,H:\My Drive\MN_simulation\Clincal_ontology\Image_export\lesions\isic2018_lesion_ISIC_0035149,H:\My Drive\MN_simulation\Clincal_ontology\Image_export\lesions\isic2018_lesion_ISIC_0035149\interp_lesion_mask.csv,73.6856460571289,154.8290357170795,2.101210262810747,0.075994352660707
0.755859375,2.75,0.9810148044289672,1.0,0.0,1.0,1.2559879720446798,0.8054110301768991,1.0,0.9811673238788051,0.9811673238788051,3.1630946806341935,0.008801874241551873,1.9085559336533833,0.0,1.0,isic2018_lesion_ISIC_0035287,isic2018_lesion_ISIC_0035287,clinical_mask,H:\My Drive\MN_simulation\Clincal_ontology\Image_export\lesions\isic2018_lesion_ISIC_0035287,H:\My Drive\MN_simulation\Clincal_ontology\Image_export\lesions\isic2018_lesion_ISIC_0035287\interp_lesion_mask.csv,72.93978118896484,146.42591804681825,2.007490503261493,0.0598241170604506
0.755859375,2.75,0.9810148044289672,1.0,0.0,1.0,1.2559879720446798,0.8054110301768991,1.0,0.9811673238788051,0.9811673238788051,3.1630946806341935,0.008801874241551873,1.9085559336533833,0.0,1.0,isic2018_lesion_ISIC_0035210,isic2018_lesion_ISIC_0035210,clinical_mask,H:\My Drive\MN_simulation\Clincal_ontology\Image_export\lesions\isic2018_lesion_ISIC_0035210,H:\My Drive\MN_simulation\Clincal_ontology\Image_export\lesions\isic2018_lesion_ISIC_0035210\interp_lesion_mask.csv,74.54051208496094,141.67151877430365,1.9005976054045228,0.0242069987604234
0.755859375,2.75,0.9810148044289672,1.0,0.0,1.0,1.2559879720446798,0.8054110301768991,1.0,0.9811673238788051,0.9811673238788051,3.1630946806341935,0.008801874241551873,1.9085559336533833,0.0,1.0,isic2018_lesion_ISIC_0035119,isic2018_lesion_ISIC_0035119,clinical_mask,H:\My Drive\MN_simulation\Clincal_ontology\Image_export\lesions\isic2018_lesion_ISIC_0035119,H:\My Drive\MN_simulation\Clincal_ontology\Image_export\lesions\isic2018_lesion_ISIC_0035119\interp_lesion_mask.csv,72.07254791259766,148.41253458067428,2.0592103218087154,0.0915160423396266
0.755859375,2.75,0.9810148044289672,1.0,0.0,1.0,1.2559879720446798,0.8054110301768991,1.0,0.9811673238788051,0.9811673238788051,3.1630946806341935,0.008801874241551873,1.9085559336533833,0.0,1.0,isic2018_lesion_ISIC_0035128,isic2018_lesion_ISIC_0035128,clinical_mask,H:\My Drive\MN_simulation\Clincal_ontology\Image_export\lesions\isic2018_lesion_ISIC_0035128,H:\My Drive\MN_simulation\Clincal_ontology\Image_export\lesions\isic2018_lesion_ISIC_0035128\interp_lesion_mask.csv,76.27649688720703,156.76241865330582,2.055186394901124,0.0687059059007032
0.755859375,2.75,0.9810148044289672,1.0,0.0,1.0,1.2559879720446798,0.8054110301768991,1.0,0.9811673238788051,0.9811673238788051,3.1630946806341935,0.008801874241551873,1.9085559336533833,0.0,1.0,isic2018_lesion_ISIC_0035117,isic2018_lesion_ISIC_0035117,clinical_mask,H:\My Drive\MN_simulation\Clincal_ontology\Image_export\lesions\isic2018_lesion_ISIC_0035117,H:\My Drive\MN_simulation\Clincal_ontology\Image_export\lesions\isic2018_lesion_ISIC_0035117\interp_lesion_mask.csv,75.80997467041016,155.16157944750725,2.0467172047225244,0.0706464812512393
0.755859375,2.75,0.9810148044289672,1.0,0.0,1.0,1.2559879720446798,0.8054110301768991,1.0,0.9811673238788051,0.9811673238788051,3.1630946806341935,0.008801874241551873,1.9085559336533833,0.0,1.0,isic2018_lesion_ISIC_0035078,isic2018_lesion_ISIC_0035078,clinical_mask,H:\My Drive\MN_simulation\Clincal_ontology\Image_export\lesions\isic2018_lesion_ISIC_0035078,H:\My Drive\MN_simulation\Clincal_ontology\Image_export\lesions\isic2018_lesion_ISIC_0035078\interp_lesion_mask.csv,75.90409851074219,155.00173716582069,2.04207335581338,0.0833247611494775
0.755859375,2.75,0.9810148044289672,1.0,0.0,1.0,1.2559879720446798,0.8054110301768991,1.0,0.9811673238788051,0.9811673238788051,3.1630946806341935,0.008801874241551873,1.9085559336533833,0.0,1.0,isic2018_lesion_ISIC_0035008,isic2018_lesion_ISIC_0035008,clinical_mask,H:\My Drive\MN_simulation\Clincal_ontology\Image_export\lesions\isic2018_lesion_ISIC_0035008,H:\My Drive\MN_simulation\Clincal_ontology\Image_export\lesions\isic2018_lesion_ISIC_0035008\interp_lesion_mask.csv,74.6963882446289,142.1259545121698,1.9027152162526344,0.0246432735802827
0.755859375,2.75,0.9810148044289672,1.0,0.0,1.0,1.2559879720446798,0.8054110301768991,1.0,0.9811673238788051,0.9811673238788051,3.1630946806341935,0.008801874241551873,1.9085559336533833,0.0,1.0,isic2018_lesion_ISIC_0035029,isic2018_lesion_ISIC_0035029,clinical_mask,H:\My Drive\MN_simulation\Clincal_ontology\Image_export\lesions\isic2018_lesion_ISIC_0035029,H:\My Drive\MN_simulation\Clincal_ontology\Image_export\lesions\isic2018_lesion_ISIC_0035029\interp_lesion_mask.csv,75.60701751708984,152.06634420941967,2.011272884491804,0.0675437520013567
0.755859375,2.75,0.9810148044289672,1.0,0.0,1.0,1.2559879720446798,0.8054110301768991,1.0,0.9811673238788051,0.9811673238788051,3.1630946806341935,0.008801874241551873,1.9085559336533833,0.0,1.0,isic2018_lesion_ISIC_0034970,isic2018_lesion_ISIC_0034970,clinical_mask,H:\My Drive\MN_simulation\Clincal_ontology\Image_export\lesions\isic2018_lesion_ISIC_0034970,H:\My Drive\MN_simulation\Clincal_ontology\Image_export\lesions\isic2018_lesion_ISIC_0034970\interp_lesion_mask.csv,77.1823959350586,158.93067178060844,2.059157011844164,0.0358999937755727
0.755859375,2.75,0.9810148044289672,1.0,0.0,1.0,1.2559879720446798,0.8054110301768991,1.0,0.9811673238788051,0.9811673238788051,3.1630946806341935,0.008801874241551873,1.9085559336533833,0.0,1.0,isic2018_lesion_ISIC_0035001,isic2018_lesion_ISIC_0035001,clinical_mask,H:\My Drive\MN_simulation\Clincal_ontology\Image_export\lesions\isic2018_lesion_ISIC_0035001,H:\My Drive\MN_simulation\Clincal_ontology\Image_export\lesions\isic2018_lesion_ISIC_0035001\interp_lesion_mask.csv,73.06426239013672,154.47249661428367,2.1142004526023466,0.0972376007052653
0.755859375,2.75,0.9810148044289672,1.0,0.0,1.0,1.2559879720446798,0.8054110301768991,1.0,0.9811673238788051,0.9811673238788051,3.1630946806341935,0.008801874241551873,1.9085559336533833,0.0,1.0,isic2018_lesion_ISIC_0034982,isic2018_lesion_ISIC_0034982,clinical_mask,H:\My Drive\MN_simulation\Clincal_ontology\Image_export\lesions\isic2018_lesion_ISIC_0034982,H:\My Drive\MN_simulation\Clincal_ontology\Image_export\lesions\isic2018_lesion_ISIC_0034982\interp_lesion_mask.csv,75.17057037353516,148.23150136982133,1.971935301717603,0.0389887190039976
0.755859375,2.75,0.9810148044289672,1.0,0.0,1.0,1.2559879720446798,0.8054110301768991,1.0,0.9811673238788051,0.9811673238788051,3.1630946806341935,0.008801874241551873,1.9085559336533833,0.0,1.0,isic2018_lesion_ISIC_0034961,isic2018_lesion_ISIC_0034961,clinical_mask,H:\My Drive\MN_simulation\Clincal_ontology\Image_export\lesions\isic2018_lesion_ISIC_0034961,H:\My Drive\MN_simulation\Clincal_ontology\Image_export\lesions\isic2018_lesion_ISIC_0034961\interp_lesion_mask.csv,73.54698944091797,147.12130507634285,2.0003715474245056,0.0637259023256072
0.755859375,2.75,0.9810148044289672,1.0,0.0,1.0,1.2559879720446798,0.8054110301768991,1.0,0.9811673238788051,0.9811673238788051,3.1630946806341935,0.008801874241551873,1.9085559336533833,0.0,1.0,isic2018_lesion_ISIC_0034906,isic2018_lesion_ISIC_0034906,clinical_mask,H:\My Drive\MN_simulation\Clincal_ontology\Image_export\lesions\isic2018_lesion_ISIC_0034906,H:\My Drive\MN_simulation\Clincal_ontology\Image_export\lesions\isic2018_lesion_ISIC_0034906\interp_lesion_mask.csv,75.09888458251953,142.99565487252957,1.9040982521571843,0.0321875611435156
0.755859375,2.75,0.9810148044289672,1.0,0.0,1.0,1.2559879720446798,0.8054110301768991,1.0,0.9811673238788051,0.9811673238788051,3.1630946806341935,0.008801874241551873,1.9085559336533833,0.0,1.0,isic2018_lesion_ISIC_0034898,isic2018_lesion_ISIC_0034898,clinical_mask,H:\My Drive\MN_simulation\Clincal_ontology\Image_export\lesions\isic2018_lesion_ISIC_0034898,H:\My Drive\MN_simulation\Clincal_ontology\Image_export\lesions\isic2018_lesion_ISIC_0034898\interp_lesion_mask.csv,72.64433288574219,148.61738310427012,2.045822119917066,0.0664282937181954
0.755859375,2.75,0.9810148044289672,1.0,0.0,1.0,1.2559879720446798,0.8054110301768991,1.0,0.9811673238788051,0.9811673238788051,3.1630946806341935,0.008801874241551873,1.9085559336533833,0.0,1.0,isic2018_lesion_ISIC_0036062,isic2018_lesion_ISIC_0036062,clinical_mask,H:\My Drive\MN_simulation\Clincal_ontology\Image_export\lesions\isic2018_lesion_ISIC_0036062,H:\My Drive\MN_simulation\Clincal_ontology\Image_export\lesions\isic2018_lesion_ISIC_0036062\interp_lesion_mask.csv,73.4033432006836,153.5525728072923,2.0919016234380767,0.0927456208596331
0.755859375,2.75,0.9810148044289672,1.0,0.0,1.0,1.2559879720446798,0.8054110301768991,1.0,0.9811673238788051,0.9811673238788051,3.1630946806341935,0.008801874241551873,1.9085559336533833,0.0,1.0,isic2018_lesion_ISIC_0035915,isic2018_lesion_ISIC_0035915,clinical_mask,H:\My Drive\MN_simulation\Clincal_ontology\Image_export\lesions\isic2018_lesion_ISIC_0035915,H:\My Drive\MN_simulation\Clincal_ontology\Image_export\lesions\isic2018_lesion_ISIC_0035915\interp_lesion_mask.csv,75.0294418334961,152.17686335245767,2.0282286477642426,0.0772805789392
0.755859375,2.75,0.9810148044289672,1.0,0.0,1.0,1.2559879720446798,0.8054110301768991,1.0,0.9811673238788051,0.9811673238788051,3.1630946806341935,0.008801874241551873,1.9085559336533833,0.0,1.0,isic2018_lesion_ISIC_0035882,isic2018_lesion_ISIC_0035882,clinical_mask,H:\My Drive\MN_simulation\Clincal_ontology\Image_export\lesions\isic2018_lesion_ISIC_0035882,H:\My Drive\MN_simulation\Clincal_ontology\Image_export\lesions\isic2018_lesion_ISIC_0035882\interp_lesion_mask.csv,72.69440460205078,146.81668277119482,2.019642138551238,0.0626689935055342
0.755859375,2.75,0.9810148044289672,1.0,0.0,1.0,1.2559879720446798,0.8054110301768991,1.0,0.9811673238788051,0.9811673238788051,3.1630946806341935,0.008801874241551873,1.9085559336533833,0.0,1.0,isic2018_lesion_ISIC_0035691,isic2018_lesion_ISIC_0035691,clinical_mask,H:\My Drive\MN_simulation\Clincal_ontology\Image_export\lesions\isic2018_lesion_ISIC_0035691,H:\My Drive\MN_simulation\Clincal_ontology\Image_export\lesions\isic2018_lesion_ISIC_0035691\interp_lesion_mask.csv,77.07923126220703,146.71674048253732,1.903453603259721,0.0292780727944376
0.755859375,2.75,0.9810148044289672,1.0,0.0,1.0,1.2559879720446798,0.8054110301768991,1.0,0.9811673238788051,0.9811673238788051,3.1630946806341935,0.008801874241551873,1.9085559336533833,0.0,1.0,isic2018_lesion_ISIC_0035643,isic2018_lesion_ISIC_0035643,clinical_mask,H:\My Drive\MN_simulation\Clincal_ontology\Image_export\lesions\isic2018_lesion_ISIC_0035643,H:\My Drive\MN_simulation\Clincal_ontology\Image_export\lesions\isic2018_lesion_ISIC_0035643\interp_lesion_mask.csv,72.39832305908203,139.54340395570108,1.9274397259426024,0.0621890044246731
0.755859375,2.75,0.9810148044289672,1.0,0.0,1.0,1.2559879720446798,0.8054110301768991,1.0,0.9811673238788051,0.9811673238788051,3.1630946806341935,0.008801874241551873,1.9085559336533833,0.0,1.0,isic2018_lesion_ISIC_0035842,isic2018_lesion_ISIC_0035842,clinical_mask,H:\My Drive\MN_simulation\Clincal_ontology\Image_export\lesions\isic2018_lesion_ISIC_0035842,H:\My Drive\MN_simulation\Clincal_ontology\Image_export\lesions\isic2018_lesion_ISIC_0035842\interp_lesion_mask.csv,80.49542236328125,171.53937466446436,2.131045090866107,0.0839815365340087
0.755859375,2.75,0.9810148044289672,1.0,0.0,1.0,1.2559879720446798,0.8054110301768991,1.0,0.9811673238788051,0.9811673238788051,3.1630946806341935,0.008801874241551873,1.9085559336533833,0.0,1.0,isic2018_lesion_ISIC_0035642,isic2018_lesion_ISIC_0035642,clinical_mask,H:\My Drive\MN_simulation\Clincal_ontology\Image_export\lesions\isic2018_lesion_ISIC_0035642,H:\My Drive\MN_simulation\Clincal_ontology\Image_export\lesions\isic2018_lesion_ISIC_0035642\interp_lesion_mask.csv,76.00466918945312,145.37910874438225,1.9127654957881977,0.0333398718776475
0.755859375,2.75,0.9810148044289672,1.0,0.0,1.0,1.2559879720446798,0.8054110301768991,1.0,0.9811673238788051,0.9811673238788051,3.1630946806341935,0.008801874241551873,1.9085559336533833,0.0,1.0,isic2018_lesion_ISIC_0035630,isic2018_lesion_ISIC_0035630,clinical_mask,H:\My Drive\MN_simulation\Clincal_ontology\Image_export\lesions\isic2018_lesion_ISIC_0035630,H:\My Drive\MN_simulation\Clincal_ontology\Image_export\lesions\isic2018_lesion_ISIC_0035630\interp_lesion_mask.csv,72.76629638671875,152.57996057909588,2.0968493403622595,0.0935865051886887
0.755859375,2.75,0.9810148044289672,1.0,0.0,1.0,1.2559879720446798,0.8054110301768991,1.0,0.9811673238788051,0.9811673238788051,3.1630946806341935,0.008801874241551873,1.9085559336533833,0.0,1.0,isic2018_lesion_ISIC_0035608,isic2018_lesion_ISIC_0035608,clinical_mask,H:\My Drive\MN_simulation\Clincal_ontology\Image_export\lesions\isic2018_lesion_ISIC_0035608,H:\My Drive\MN_simulation\Clincal_ontology\Image_export\lesions\isic2018_lesion_ISIC_0035608\interp_lesion_mask.csv,74.92269134521484,139.14304127064787,1.8571548722072788,0.0484757277482447
0.755859375,2.75,0.9810148044289672,1.0,0.0,1.0,1.2559879720446798,0.8054110301768991,1.0,0.9811673238788051,0.9811673238788051,3.1630946806341935,0.008801874241551873,1.9085559336533833,0.0,1.0,isic2018_lesion_ISIC_0035626,isic2018_lesion_ISIC_0035626,clinical_mask,H:\My Drive\MN_simulation\Clincal_ontology\Image_export\lesions\isic2018_lesion_ISIC_0035626,H:\My Drive\MN_simulation\Clincal_ontology\Image_export\lesions\isic2018_lesion_ISIC_0035626\interp_lesion_mask.csv,73.99005889892578,154.51099647107975,2.08826697492091,0.0818138777110438
0.755859375,2.75,0.9810148044289672,1.0,0.0,1.0,1.2559879720446798,0.8054110301768991,1.0,0.9811673238788051,0.9811673238788051,3.1630946806341935,0.008801874241551873,1.9085559336533833,0.0,1.0,isic2018_lesion_ISIC_0035553,isic2018_lesion_ISIC_0035553,clinical_mask,H:\My Drive\MN_simulation\Clincal_ontology\Image_export\lesions\isic2018_lesion_ISIC_0035553,H:\My Drive\MN_simulation\Clincal_ontology\Image_export\lesions\isic2018_lesion_ISIC_0035553\interp_lesion_mask.csv,77.27401733398438,146.6711700202883,1.8980658063416576,0.0305671812473715
0.755859375,2.75,0.9810148044289672,1.0,0.0,1.0,1.2559879720446798,0.8054110301768991,1.0,0.9811673238788051,0.9811673238788051,3.1630946806341935,0.008801874241551873,1.9085559336533833,0.0,1.0,isic2018_lesion_ISIC_0035421,isic2018_lesion_ISIC_0035421,clinical_mask,H:\My Drive\MN_simulation\Clincal_ontology\Image_export\lesions\isic2018_lesion_ISIC_0035421,H:\My Drive\MN_simulation\Clincal_ontology\Image_export\lesions\isic2018_lesion_ISIC_0035421\interp_lesion_mask.csv,74.19766235351562,153.2217075338043,2.0650476399617244,0.0723071307849522
0.755859375,2.75,0.9810148044289672,1.0,0.0,1.0,1.2559879720446798,0.8054110301768991,1.0,0.9811673238788051,0.9811673238788051,3.1630946806341935,0.008801874241551873,1.9085559336533833,0.0,1.0,isic2018_lesion_ISIC_0035443,isic2018_lesion_ISIC_0035443,clinical_mask,H:\My Drive\MN_simulation\Clincal_ontology\Image_export\lesions\isic2018_lesion_ISIC_0035443,H:\My Drive\MN_simulation\Clincal_ontology\Image_export\lesions\isic2018_lesion_ISIC_0035443\interp_lesion_mask.csv,75.30252075195312,140.67581839154855,1.868142221359832,0.0255946985643653
0.125,1.3333333333333333,0.39894228040143265,2.202237899876217,0.8909591074068032,0.9162855438456952,0.8835729338221293,0.6301107616573226,1.091362847222222,0.6129796337380672,0.27834396718561666,3.771236166328254,0.318209432489269,1.7323221723686189,0.44195268699576096,1.0,M2c_PGF_05_E25_Z1p5_H0p75_twofoci_nearboundary_rim_soft_r3,M2c_PGF_05_E25_Z1p5_H0p75_twofoci_nearboundary_rim_soft_r3,synthetic_simulation,H:\My Drive\MN_simulation\outputs\method2b\targeted_comsol_prior_gate_failure_repair_20260525\lesions\M2c_PGF_05_E25_Z1p5_H0p75_twofoci_nearboundary_rim_soft_r3,H:\My Drive\MN_simulation\outputs\method2b\targeted_comsol_prior_gate_failure_repair_20260525\lesions\M2c_PGF_05_E25_Z1p5_H0p75_twofoci_nearboundary_rim_soft_r3\interp_lesion_mask.csv,3.0,24.574071813440703,8.1913572711469,0.1683848475645601
0.12535264756944445,1.3385416666666667,0.39950462816176074,2.2063783485569886,0.8913928856723589,0.9196019900497514,0.8791836153303417,0.5865701954810866,1.087426963860636,0.6141471760888835,0.2783507989418709,3.7806383818522713,0.31759619846843706,1.7253589993943854,0.5544554455445545,1.0,M2c_PGF_04_E25_Z1p5_H0p75_twofoci_center_checker_r2,M2c_PGF_04_E25_Z1p5_H0p75_twofoci_center_checker_r2,synthetic_simulation,H:\My Drive\MN_simulation\outputs\method2b\targeted_comsol_prior_gate_failure_repair_20260525\lesions\M2c_PGF_04_E25_Z1p5_H0p75_twofoci_center_checker_r2,H:\My Drive\MN_simulation\outputs\method2b\targeted_comsol_prior_gate_failure_repair_20260525\lesions\M2c_PGF_04_E25_Z1p5_H0p75_twofoci_center_checker_r2\interp_lesion_mask.csv,3.0,24.62824035455039,8.209413451516797,0.1900174559661234
0.11930338541666667,1.3385416666666667,0.3897457993786211,2.062670028968762,0.8746203180879653,0.914060064428972,0.8367560138980399,0.7873254564983888,1.0940200090950434,0.5833104343745164,0.2827938672605546,3.875301628302353,0.29984194800697145,1.7217293176463742,0.11743644826351593,1.0,M2c_PGF_03_E90_Z0p18_H1p4_twofoci_nearboundary_rim_soft_r2,M2c_PGF_03_E90_Z0p18_H1p4_twofoci_nearboundary_rim_soft_r2,synthetic_simulation,H:\My Drive\MN_simulation\outputs\method2b\targeted_comsol_prior_gate_failure_repair_20260525\lesions\M2c_PGF_03_E90_Z0p18_H1p4_twofoci_nearboundary_rim_soft_r2,H:\My Drive\MN_simulation\outputs\method2b\targeted_comsol_prior_gate_failure_repair_20260525\lesions\M2c_PGF_03_E90_Z0p18_H1p4_twofoci_nearboundary_rim_soft_r2\interp_lesion_mask.csv,3.0,88.41855488332365,29.47285162777455,0.2464006963413765
0.12245008680555555,1.34375,0.39485224170198996,2.1427469434683557,0.884420613423339,0.9157115326097985,0.8521813135210821,0.7208559565633983,1.0920469649977842,0.6002754640915776,0.28014295664794747,3.840068120795864,0.3114953910115313,1.6931730302213115,0.26572979878633024,1.0,M2c_PGF_02_E35_Z1p2_H0p75_twofoci_nearboundary_rim_soft_r1,M2c_PGF_02_E35_Z1p2_H0p75_twofoci_nearboundary_rim_soft_r1,synthetic_simulation,H:\My Drive\MN_simulation\outputs\method2b\targeted_comsol_prior_gate_failure_repair_20260525\lesions\M2c_PGF_02_E35_Z1p2_H0p75_twofoci_nearboundary_rim_soft_r1,H:\My Drive\MN_simulation\outputs\method2b\targeted_comsol_prior_gate_failure_repair_20260525\lesions\M2c_PGF_02_E35_Z1p2_H0p75_twofoci_nearboundary_rim_soft_r1\interp_lesion_mask.csv,3.0,34.4054145755027,11.468471525167566,0.2082984664895717
0.12245008680555555,1.34375,0.39485224170198996,2.1427469434683557,0.884420613423339,0.9157115326097985,0.8521813135210821,0.7208559565633983,1.0920469649977842,0.6002754640915776,0.28014295664794747,3.840068120795864,0.3114953910115313,1.6931730302213115,0.26572979878633024,1.0,M2c_PGF_01_E16_Z1p2_H0p75_twofoci_nearboundary_rim_soft_r1,M2c_PGF_01_E16_Z1p2_H0p75_twofoci_nearboundary_rim_soft_r1,synthetic_simulation,H:\My Drive\MN_simulation\outputs\method2b\targeted_comsol_prior_gate_failure_repair_20260525\lesions\M2c_PGF_01_E16_Z1p2_H0p75_twofoci_nearboundary_rim_soft_r1,H:\My Drive\MN_simulation\outputs\method2b\targeted_comsol_prior_gate_failure_repair_20260525\lesions\M2c_PGF_01_E16_Z1p2_H0p75_twofoci_nearboundary_rim_soft_r1\interp_lesion_mask.csv,3.0,15.758449671297972,5.252816557099324,0.1847535333791568
0.12245008680555555,1.34375,0.39485224170198996,2.1427469434683557,0.884420613423339,0.9157115326097985,0.8521813135210821,0.7208559565633983,1.0920469649977842,0.6002754640915776,0.28014295664794747,3.840068120795864,0.3114953910115313,1.6931730302213115,0.26572979878633024,1.0,M2c_PGF_07_E45_Z3_H0p75_twofoci_nearboundary_rim_soft_r1,M2c_PGF_07_E45_Z3_H0p75_twofoci_nearboundary_rim_soft_r1,synthetic_simulation,H:\My Drive\MN_simulation\outputs\method2b\targeted_comsol_prior_gate_failure_repair_20260525\lesions\M2c_PGF_07_E45_Z3_H0p75_twofoci_nearboundary_rim_soft_r1,H:\My Drive\MN_simulation\outputs\method2b\targeted_comsol_prior_gate_failure_repair_20260525\lesions\M2c_PGF_07_E45_Z3_H0p75_twofoci_nearboundary_rim_soft_r1\interp_lesion_mask.csv,3.0,44.21960663034729,14.739868876782433,0.2127146028420817
0.1254340277777778,1.3385416666666667,0.39963428834632736,2.201609534457968,0.8908930435665154,0.9182802105054115,0.8797543902375027,0.6235167206040992,1.0889922145328719,0.6135873728991887,0.27869945296646476,3.7794117647058822,0.317041606045379,1.7341816623853368,0.4599514563106796,1.0,M2c_PGF_06_E45_Z3_H0p75_twofoci_center_checker_r1,M2c_PGF_06_E45_Z3_H0p75_twofoci_center_checker_r1,synthetic_simulation,H:\My Drive\MN_simulation\outputs\method2b\targeted_comsol_prior_gate_failure_repair_20260525\lesions\M2c_PGF_06_E45_Z3_H0p75_twofoci_center_checker_r1,H:\My Drive\MN_simulation\outputs\method2b\targeted_comsol_prior_gate_failure_repair_20260525\lesions\M2c_PGF_06_E45_Z3_H0p75_twofoci_center_checker_r1\interp_lesion_mask.csv,3.0,44.19662118768448,14.732207062561493,0.1863086930953852
0.1364474826388889,1.2916666666666667,0.41680970559165,1.387351496659968,0.6931453198884554,0.9785040365723182,1.0277192408660678,0.7202176403207331,1.0219681908548703,0.5042719719757744,0.36347816194367694,3.4967749981481444,0.1647322238840289,1.7416393519431024,0.2547250859106529,1.0,M2c_PGF_10_E25_Z1p5_H0p75_lobed_center_core_shell_r2,M2c_PGF_10_E25_Z1p5_H0p75_lobed_center_core_shell_r2,synthetic_simulation,H:\My Drive\MN_simulation\outputs\method2b\targeted_comsol_prior_gate_failure_repair_20260525\lesions\M2c_PGF_10_E25_Z1p5_H0p75_lobed_center_core_shell_r2,H:\My Drive\MN_simulation\outputs\method2b\targeted_comsol_prior_gate_failure_repair_20260525\lesions\M2c_PGF_10_E25_Z1p5_H0p75_lobed_center_core_shell_r2\interp_lesion_mask.csv,3.0,24.67480567000682,8.224935223335606,0.2743920193891768
0.1433376736111111,1.1979166666666667,0.4272039258855289,1.003940680814696,0.08851563880047521,1.0,1.2552117642017744,0.7955435109906654,1.0,0.4280933390510167,0.4264129815953068,3.164072539317818,0.007694556207595775,1.7493355121494916,0.016561276723878353,1.0,M2c_PGF_08_E25_Z1p5_H0p75_cylinder_nearboundary_nan_r2,M2c_PGF_08_E25_Z1p5_H0p75_cylinder_nearboundary_nan_r2,ellipse_or_cylinder,H:\My Drive\MN_simulation\outputs\method2b\targeted_comsol_prior_gate_failure_repair_20260525\lesions\M2c_PGF_08_E25_Z1p5_H0p75_cylinder_nearboundary_nan_r2,H:\My Drive\MN_simulation\outputs\method2b\targeted_comsol_prior_gate_failure_repair_20260525\lesions\M2c_PGF_08_E25_Z1p5_H0p75_cylinder_nearboundary_nan_r2\interp_lesion_mask.csv,3.0,24.662755488266463,8.220918496088823,0.0613793637453557
0.1367730034722222,1.2291666666666667,0.41730659792655217,1.7198207616565868,0.8135778931462243,1.0,1.1375976845302884,0.7120463211410818,1.0,0.5473192765604561,0.3182420451961869,3.3236140201143267,0.18686893619863743,1.7267610668009659,0.4058748764298828,1.0,M2c_PGF_09_E25_Z1p5_H0p75_ellipse_center_checker_r2,M2c_PGF_09_E25_Z1p5_H0p75_ellipse_center_checker_r2,ellipse_or_cylinder,H:\My Drive\MN_simulation\outputs\method2b\targeted_comsol_prior_gate_failure_repair_20260525\lesions\M2c_PGF_09_E25_Z1p5_H0p75_ellipse_center_checker_r2,H:\My Drive\MN_simulation\outputs\method2b\targeted_comsol_prior_gate_failure_repair_20260525\lesions\M2c_PGF_09_E25_Z1p5_H0p75_ellipse_center_checker_r2\interp_lesion_mask.csv,3.0,24.765863171481925,8.255287723827308,0.1986817405380415
0.12068684895833333,1.3385416666666667,0.3919990671203564,2.095273790370054,0.8787596400503631,0.9180767643417251,0.8464591873197771,0.7944642857142857,1.0892335356259835,0.5906005734278161,0.28187274433643733,3.8530258300136113,0.3042773912781918,1.676396017510178,0.11892857142857143,1.0,M2c_PGF_11_E25_Z1p5_H0p75_twofoci_nearboundary_rim_soft_r4,M2c_PGF_11_E25_Z1p5_H0p75_twofoci_nearboundary_rim_soft_r4,synthetic_simulation,H:\My Drive\MN_simulation\outputs\method2b\targeted_comsol_prior_gate_failure_repair_20260525\lesions\M2c_PGF_11_E25_Z1p5_H0p75_twofoci_nearboundary_rim_soft_r4,H:\My Drive\MN_simulation\outputs\method2b\targeted_comsol_prior_gate_failure_repair_20260525\lesions\M2c_PGF_11_E25_Z1p5_H0p75_twofoci_nearboundary_rim_soft_r4\interp_lesion_mask.csv,3.0,24.603972861722895,8.201324287240967,0.2104593470343175
0.1438259548611111,1.1979166666666667,0.4279309445324808,1.000522741799527,0.03232126843255812,1.0,1.2594876559042028,0.779018513076697,1.0,0.42808197640442897,0.42785831697786936,3.1586970464590207,0.006517372552166495,1.7181479866613532,0.0005877167205406994,1.0,M2c_PGF_12_E16_Z1p2_H0p75_cylinder_nearboundary_nan_r1,M2c_PGF_12_E16_Z1p2_H0p75_cylinder_nearboundary_nan_r1,ellipse_or_cylinder,H:\My Drive\MN_simulation\outputs\method2b\targeted_comsol_prior_gate_failure_repair_20260525\lesions\M2c_PGF_12_E16_Z1p2_H0p75_cylinder_nearboundary_nan_r1,H:\My Drive\MN_simulation\outputs\method2b\targeted_comsol_prior_gate_failure_repair_20260525\lesions\M2c_PGF_12_E16_Z1p2_H0p75_cylinder_nearboundary_nan_r1\interp_lesion_mask.csv,3.0,15.783687497380445,5.261229165793481,0.0591518939515924
0.1364474826388889,1.296875,0.41680970559165,1.3889328144366588,0.693997686372381,0.9795520934761439,1.019481043696499,0.700752298690443,1.0208747514910539,0.5047703208303665,0.3634231372343937,3.510874897334226,0.16565709590573308,1.725263574114034,0.2287545277235999,1.0,M2c_PGF_14_E16_Z1p2_H0p75_lobed_center_core_shell_r1,M2c_PGF_14_E16_Z1p2_H0p75_lobed_center_core_shell_r1,synthetic_simulation,H:\My Drive\MN_simulation\outputs\method2b\targeted_comsol_prior_gate_failure_repair_20260525\lesions\M2c_PGF_14_E16_Z1p2_H0p75_lobed_center_core_shell_r1,H:\My Drive\MN_simulation\outputs\method2b\targeted_comsol_prior_gate_failure_repair_20260525\lesions\M2c_PGF_14_E16_Z1p2_H0p75_lobed_center_core_shell_r1\interp_lesion_mask.csv,3.0,15.83254249240233,5.27751416413411,0.2563252692968364
0.1367458767361111,1.21875,0.41726521283219475,1.7182493275411994,0.8131975771887892,1.0,1.1568974042476547,0.6935883324160704,1.0,0.5470145506418478,0.31835574842017894,3.295774647887324,0.18358206213074182,1.7496814025896394,0.4368464501926252,1.0,M2c_PGF_13_E16_Z1p2_H0p75_ellipse_center_checker_r1,M2c_PGF_13_E16_Z1p2_H0p75_ellipse_center_checker_r1,ellipse_or_cylinder,H:\My Drive\MN_simulation\outputs\method2b\targeted_comsol_prior_gate_failure_repair_20260525\lesions\M2c_PGF_13_E16_Z1p2_H0p75_ellipse_center_checker_r1,H:\My Drive\MN_simulation\outputs\method2b\targeted_comsol_prior_gate_failure_repair_20260525\lesions\M2c_PGF_13_E16_Z1p2_H0p75_ellipse_center_checker_r1\interp_lesion_mask.csv,3.0,15.800101830799685,5.266700610266561,0.1744560010848697
0.11930338541666667,1.3385416666666667,0.3897457993786211,2.062670028968762,0.8746203180879653,0.914060064428972,0.8367560138980399,0.7873254564983888,1.0940200090950434,0.5833104343745164,0.2827938672605546,3.875301628302353,0.29984194800697145,1.7217293176463742,0.11743644826351593,1.0,M2c_PGF_15_E16_Z1p2_H0p75_twofoci_nearboundary_rim_soft_r2,M2c_PGF_15_E16_Z1p2_H0p75_twofoci_nearboundary_rim_soft_r2,synthetic_simulation,H:\My Drive\MN_simulation\outputs\method2b\targeted_comsol_prior_gate_failure_repair_20260525\lesions\M2c_PGF_15_E16_Z1p2_H0p75_twofoci_nearboundary_rim_soft_r2,H:\My Drive\MN_simulation\outputs\method2b\targeted_comsol_prior_gate_failure_repair_20260525\lesions\M2c_PGF_15_E16_Z1p2_H0p75_twofoci_nearboundary_rim_soft_r2\interp_lesion_mask.csv,3.0,15.76369210900238,5.254564036334127,0.2065149512944888
0.1438259548611111,1.1979166666666667,0.4279309445324808,1.000522741799527,0.03232126843255812,1.0,1.2594876559042028,0.779018513076697,1.0,0.42808197640442897,0.42785831697786936,3.1586970464590207,0.006517372552166495,1.7181479866613532,0.0005877167205406994,1.0,M2c_PGF_16_E35_Z1p2_H0p75_cylinder_nearboundary_nan_r1,M2c_PGF_16_E35_Z1p2_H0p75_cylinder_nearboundary_nan_r1,ellipse_or_cylinder,H:\My Drive\MN_simulation\outputs\method2b\targeted_comsol_prior_gate_failure_repair_20260525\lesions\M2c_PGF_16_E35_Z1p2_H0p75_cylinder_nearboundary_nan_r1,H:\My Drive\MN_simulation\outputs\method2b\targeted_comsol_prior_gate_failure_repair_20260525\lesions\M2c_PGF_16_E35_Z1p2_H0p75_cylinder_nearboundary_nan_r1\interp_lesion_mask.csv,3.0,34.46753845509032,11.489179485030109,0.0666766060683927
0.1364474826388889,1.296875,0.41680970559165,1.3889328144366588,0.693997686372381,0.9795520934761439,1.019481043696499,0.700752298690443,1.0208747514910539,0.5047703208303665,0.3634231372343937,3.510874897334226,0.16565709590573308,1.725263574114034,0.2287545277235999,1.0,M2c_PGF_18_E35_Z1p2_H0p75_lobed_center_core_shell_r1,M2c_PGF_18_E35_Z1p2_H0p75_lobed_center_core_shell_r1,synthetic_simulation,H:\My Drive\MN_simulation\outputs\method2b\targeted_comsol_prior_gate_failure_repair_20260525\lesions\M2c_PGF_18_E35_Z1p2_H0p75_lobed_center_core_shell_r1,H:\My Drive\MN_simulation\outputs\method2b\targeted_comsol_prior_gate_failure_repair_20260525\lesions\M2c_PGF_18_E35_Z1p2_H0p75_lobed_center_core_shell_r1\interp_lesion_mask.csv,3.0,34.587796904374954,11.529265634791653,0.2888190335666975
0.1367458767361111,1.21875,0.41726521283219475,1.7182493275411994,0.8131975771887892,1.0,1.1568974042476547,0.6935883324160704,1.0,0.5470145506418478,0.31835574842017894,3.295774647887324,0.18358206213074182,1.7496814025896394,0.4368464501926252,1.0,M2c_PGF_17_E35_Z1p2_H0p75_ellipse_center_checker_r1,M2c_PGF_17_E35_Z1p2_H0p75_ellipse_center_checker_r1,ellipse_or_cylinder,H:\My Drive\MN_simulation\outputs\method2b\targeted_comsol_prior_gate_failure_repair_20260525\lesions\M2c_PGF_17_E35_Z1p2_H0p75_ellipse_center_checker_r1,H:\My Drive\MN_simulation\outputs\method2b\targeted_comsol_prior_gate_failure_repair_20260525\lesions\M2c_PGF_17_E35_Z1p2_H0p75_ellipse_center_checker_r1\interp_lesion_mask.csv,3.0,34.28386050591146,11.427953501970489,0.1904398673414346
0.11930338541666667,1.3385416666666667,0.3897457993786211,2.062670028968762,0.8746203180879653,0.914060064428972,0.8367560138980399,0.7873254564983888,1.0940200090950434,0.5833104343745164,0.2827938672605546,3.875301628302353,0.29984194800697145,1.7217293176463742,0.11743644826351593,1.0,M2c_PGF_19_E35_Z1p2_H0p75_twofoci_nearboundary_rim_soft_r2,M2c_PGF_19_E35_Z1p2_H0p75_twofoci_nearboundary_rim_soft_r2,synthetic_simulation,H:\My Drive\MN_simulation\outputs\method2b\targeted_comsol_prior_gate_failure_repair_20260525\lesions\M2c_PGF_19_E35_Z1p2_H0p75_twofoci_nearboundary_rim_soft_r2,H:\My Drive\MN_simulation\outputs\method2b\targeted_comsol_prior_gate_failure_repair_20260525\lesions\M2c_PGF_19_E35_Z1p2_H0p75_twofoci_nearboundary_rim_soft_r2\interp_lesion_mask.csv,3.0,34.41831903754433,11.472773012514777,0.2328232852840478
0.11930338541666667,1.3385416666666667,0.3897457993786211,2.062670028968762,0.8746203180879653,0.914060064428972,0.8367560138980399,0.7873254564983888,1.0940200090950434,0.5833104343745164,0.2827938672605546,3.875301628302353,0.29984194800697145,1.7217293176463742,0.11743644826351593,1.0,M2c_PGF_21_E45_Z3_H0p75_twofoci_nearboundary_rim_soft_r2,M2c_PGF_21_E45_Z3_H0p75_twofoci_nearboundary_rim_soft_r2,synthetic_simulation,H:\My Drive\MN_simulation\outputs\method2b\targeted_comsol_prior_gate_failure_repair_20260525\lesions\M2c_PGF_21_E45_Z3_H0p75_twofoci_nearboundary_rim_soft_r2,H:\My Drive\MN_simulation\outputs\method2b\targeted_comsol_prior_gate_failure_repair_20260525\lesions\M2c_PGF_21_E45_Z3_H0p75_twofoci_nearboundary_rim_soft_r2\interp_lesion_mask.csv,3.0,44.23654373677693,14.745514578925643,0.2377574824774946
0.1433376736111111,1.1979166666666667,0.4272039258855289,1.003940680814696,0.08851563880047521,1.0,1.2552117642017744,0.7955435109906654,1.0,0.4280933390510167,0.4264129815953068,3.164072539317818,0.007694556207595775,1.7493355121494916,0.016561276723878353,1.0,M2c_PGF_20_E45_Z3_H0p75_cylinder_nearboundary_nan_r2,M2c_PGF_20_E45_Z3_H0p75_cylinder_nearboundary_nan_r2,ellipse_or_cylinder,H:\My Drive\MN_simulation\outputs\method2b\targeted_comsol_prior_gate_failure_repair_20260525\lesions\M2c_PGF_20_E45_Z3_H0p75_cylinder_nearboundary_nan_r2,H:\My Drive\MN_simulation\outputs\method2b\targeted_comsol_prior_gate_failure_repair_20260525\lesions\M2c_PGF_20_E45_Z3_H0p75_cylinder_nearboundary_nan_r2\interp_lesion_mask.csv,3.0,44.35616956850871,14.785389856169568,0.0651533204776096
0.125,1.3333333333333333,0.39894228040143265,2.202237899876217,0.8909591074068032,0.9162855438456952,0.8835729338221293,0.6301107616573226,1.091362847222222,0.6129796337380672,0.27834396718561666,3.771236166328254,0.318209432489269,1.7323221723686189,0.44195268699576096,1.0,M2c_PGF_23_E90_Z0p18_H1p4_twofoci_nearboundary_rim_soft_r3,M2c_PGF_23_E90_Z0p18_H1p4_twofoci_nearboundary_rim_soft_r3,synthetic_simulation,H:\My Drive\MN_simulation\outputs\method2b\targeted_comsol_prior_gate_failure_repair_20260525\lesions\M2c_PGF_23_E90_Z0p18_H1p4_twofoci_nearboundary_rim_soft_r3,H:\My Drive\MN_simulation\outputs\method2b\targeted_comsol_prior_gate_failure_repair_20260525\lesions\M2c_PGF_23_E90_Z0p18_H1p4_twofoci_nearboundary_rim_soft_r3\interp_lesion_mask.csv,3.0,88.31564762587914,29.43854920862638,0.1852844808467742
0.1433376736111111,1.1979166666666667,0.4272039258855289,1.003940680814696,0.08851563880047521,1.0,1.2552117642017744,0.7955435109906654,1.0,0.4280933390510167,0.4264129815953068,3.164072539317818,0.007694556207595775,1.7493355121494916,0.016561276723878353,1.0,M2c_PGF_22_E90_Z0p18_H1p4_cylinder_nearboundary_nan_r2,M2c_PGF_22_E90_Z0p18_H1p4_cylinder_nearboundary_nan_r2,ellipse_or_cylinder,H:\My Drive\MN_simulation\outputs\method2b\targeted_comsol_prior_gate_failure_repair_20260525\lesions\M2c_PGF_22_E90_Z0p18_H1p4_cylinder_nearboundary_nan_r2,H:\My Drive\MN_simulation\outputs\method2b\targeted_comsol_prior_gate_failure_repair_20260525\lesions\M2c_PGF_22_E90_Z0p18_H1p4_cylinder_nearboundary_nan_r2\interp_lesion_mask.csv,3.0,88.66635124905375,29.55545041635125,0.0675152242246265
0.1365017361111111,1.265625,0.4168925621088369,1.3879280116920847,0.693456533578011,0.9798461688248469,1.0708729518104516,0.6498773085367429,1.020568362480127,0.5042808395233108,0.3633335700952671,3.4255945371902006,0.16267687372493833,1.7993194879368666,0.3259718455379052,1.0,M2c_PGF_26_E16_Z1p2_H0p75_lobed_nearboundary_hotspot_r3,M2c_PGF_26_E16_Z1p2_H0p75_lobed_nearboundary_hotspot_r3,synthetic_simulation,H:\My Drive\MN_simulation\outputs\method2b\targeted_comsol_prior_gate_failure_repair_20260525\lesions\M2c_PGF_26_E16_Z1p2_H0p75_lobed_nearboundary_hotspot_r3,H:\My Drive\MN_simulation\outputs\method2b\targeted_comsol_prior_gate_failure_repair_20260525\lesions\M2c_PGF_26_E16_Z1p2_H0p75_lobed_nearboundary_hotspot_r3\interp_lesion_mask.csv,3.0,15.705144989920598,5.235048329973533,0.0648906718331785
0.12245008680555555,1.34375,0.39485224170198996,2.1427469434683557,0.884420613423339,0.9157115326097985,0.8521813135210821,0.7208559565633983,1.0920469649977842,0.6002754640915776,0.28014295664794747,3.840068120795864,0.3114953910115313,1.6931730302213115,0.26572979878633024,1.0,M2c_PGF_25_E8_Z1p2_H0p75_twofoci_nearboundary_rim_soft_r1,M2c_PGF_25_E8_Z1p2_H0p75_twofoci_nearboundary_rim_soft_r1,synthetic_simulation,H:\My Drive\MN_simulation\outputs\method2b\targeted_comsol_prior_gate_failure_repair_20260525\lesions\M2c_PGF_25_E8_Z1p2_H0p75_twofoci_nearboundary_rim_soft_r1,H:\My Drive\MN_simulation\outputs\method2b\targeted_comsol_prior_gate_failure_repair_20260525\lesions\M2c_PGF_25_E8_Z1p2_H0p75_twofoci_nearboundary_rim_soft_r1\interp_lesion_mask.csv,3.0,7.907096027422297,2.6356986758074323,0.1416171600436687
0.13658311631944445,1.28125,0.41701681601714724,1.3876443190002805,0.6933034568437915,0.977290372670808,1.0455363216884532,0.6906721536351166,1.0232373386295923,0.5046134655128375,0.3636475562241937,3.4668525400224595,0.16247324521963186,1.8224928723301024,0.3229080932784637,1.0,M2c_PGF_24_E8_Z1p2_H0p75_lobed_nearboundary_hotspot_r2,M2c_PGF_24_E8_Z1p2_H0p75_lobed_nearboundary_hotspot_r2,synthetic_simulation,H:\My Drive\MN_simulation\outputs\method2b\targeted_comsol_prior_gate_failure_repair_20260525\lesions\M2c_PGF_24_E8_Z1p2_H0p75_lobed_nearboundary_hotspot_r2,H:\My Drive\MN_simulation\outputs\method2b\targeted_comsol_prior_gate_failure_repair_20260525\lesions\M2c_PGF_24_E8_Z1p2_H0p75_lobed_nearboundary_hotspot_r2\interp_lesion_mask.csv,3.0,7.894794592904902,2.6315981976349674,0.0491484727201537
0.11930338541666667,1.3385416666666667,0.3897457993786211,2.062670028968762,0.8746203180879653,0.914060064428972,0.8367560138980399,0.7873254564983888,1.0940200090950434,0.5833104343745164,0.2827938672605546,3.875301628302353,0.29984194800697145,1.7217293176463742,0.11743644826351593,1.0,M2c_PGF_27_E16_Z1p2_H0p75_twofoci_nearboundary_rim_soft_r2,M2c_PGF_27_E16_Z1p2_H0p75_twofoci_nearboundary_rim_soft_r2,synthetic_simulation,H:\My Drive\MN_simulation\outputs\method2b\targeted_comsol_prior_gate_failure_repair_20260525\lesions\M2c_PGF_27_E16_Z1p2_H0p75_twofoci_nearboundary_rim_soft_r2,H:\My Drive\MN_simulation\outputs\method2b\targeted_comsol_prior_gate_failure_repair_20260525\lesions\M2c_PGF_27_E16_Z1p2_H0p75_twofoci_nearboundary_rim_soft_r2\interp_lesion_mask.csv,3.0,15.76369210900238,5.254564036334127,0.2065149512944888
0.1365017361111111,1.265625,0.4168925621088369,1.3879280116920847,0.693456533578011,0.9798461688248469,1.0708729518104516,0.6498773085367429,1.020568362480127,0.5042808395233108,0.3633335700952671,3.4255945371902006,0.16267687372493833,1.7993194879368666,0.3259718455379052,1.0,M2c_PGF_28_E35_Z1p2_H0p75_lobed_nearboundary_hotspot_r3,M2c_PGF_28_E35_Z1p2_H0p75_lobed_nearboundary_hotspot_r3,synthetic_simulation,H:\My Drive\MN_simulation\outputs\method2b\targeted_comsol_prior_gate_failure_repair_20260525\lesions\M2c_PGF_28_E35_Z1p2_H0p75_lobed_nearboundary_hotspot_r3,H:\My Drive\MN_simulation\outputs\method2b\targeted_comsol_prior_gate_failure_repair_20260525\lesions\M2c_PGF_28_E35_Z1p2_H0p75_lobed_nearboundary_hotspot_r3\interp_lesion_mask.csv,3.0,34.28818517944778,11.429395059815926,0.073270536406281
0.11930338541666667,1.3385416666666667,0.3897457993786211,2.062670028968762,0.8746203180879653,0.914060064428972,0.8367560138980399,0.7873254564983888,1.0940200090950434,0.5833104343745164,0.2827938672605546,3.875301628302353,0.29984194800697145,1.7217293176463742,0.11743644826351593,1.0,M2c_PGF_29_E35_Z1p2_H0p75_twofoci_nearboundary_rim_soft_r2,M2c_PGF_29_E35_Z1p2_H0p75_twofoci_nearboundary_rim_soft_r2,synthetic_simulation,H:\My Drive\MN_simulation\outputs\method2b\targeted_comsol_prior_gate_failure_repair_20260525\lesions\M2c_PGF_29_E35_Z1p2_H0p75_twofoci_nearboundary_rim_soft_r2,H:\My Drive\MN_simulation\outputs\method2b\targeted_comsol_prior_gate_failure_repair_20260525\lesions\M2c_PGF_29_E35_Z1p2_H0p75_twofoci_nearboundary_rim_soft_r2\interp_lesion_mask.csv,3.0,34.41831903754433,11.472773012514777,0.2328232852840478
0.12245008680555555,1.34375,0.39485224170198996,2.1427469434683557,0.884420613423339,0.9157115326097985,0.8521813135210821,0.7208559565633983,1.0920469649977842,0.6002754640915776,0.28014295664794747,3.840068120795864,0.3114953910115313,1.6931730302213115,0.26572979878633024,1.0,M2c_PGF_31_E60_Z1p2_H0p75_twofoci_nearboundary_rim_soft_r1,M2c_PGF_31_E60_Z1p2_H0p75_twofoci_nearboundary_rim_soft_r1,synthetic_simulation,H:\My Drive\MN_simulation\outputs\method2b\targeted_comsol_prior_gate_failure_repair_20260525\lesions\M2c_PGF_31_E60_Z1p2_H0p75_twofoci_nearboundary_rim_soft_r1,H:\My Drive\MN_simulation\outputs\method2b\targeted_comsol_prior_gate_failure_repair_20260525\lesions\M2c_PGF_31_E60_Z1p2_H0p75_twofoci_nearboundary_rim_soft_r1\interp_lesion_mask.csv,3.0,58.94089471261418,19.64696490420473,0.2165813324558131
0.13658311631944445,1.28125,0.41701681601714724,1.3876443190002805,0.6933034568437915,0.977290372670808,1.0455363216884532,0.6906721536351166,1.0232373386295923,0.5046134655128375,0.3636475562241937,3.4668525400224595,0.16247324521963186,1.8224928723301024,0.3229080932784637,1.0,M2c_PGF_30_E60_Z1p2_H0p75_lobed_nearboundary_hotspot_r2,M2c_PGF_30_E60_Z1p2_H0p75_lobed_nearboundary_hotspot_r2,synthetic_simulation,H:\My Drive\MN_simulation\outputs\method2b\targeted_comsol_prior_gate_failure_repair_20260525\lesions\M2c_PGF_30_E60_Z1p2_H0p75_lobed_nearboundary_hotspot_r2,H:\My Drive\MN_simulation\outputs\method2b\targeted_comsol_prior_gate_failure_repair_20260525\lesions\M2c_PGF_30_E60_Z1p2_H0p75_lobed_nearboundary_hotspot_r2\interp_lesion_mask.csv,3.0,58.711706035343255,19.570568678447756,0.0792439689211752
0.12245008680555555,1.34375,0.39485224170198996,2.1427469434683557,0.884420613423339,0.9157115326097985,0.8521813135210821,0.7208559565633983,1.0920469649977842,0.6002754640915776,0.28014295664794747,3.840068120795864,0.3114953910115313,1.6931730302213115,0.26572979878633024,1.0,M2c_PPC_01_E25_Z1p5_H0p75_twofoci_nearboundary_rim_soft_r1,M2c_PPC_01_E25_Z1p5_H0p75_twofoci_nearboundary_rim_soft_r1,synthetic_simulation,H:\My Drive\MN_simulation\outputs\method2b\targeted_comsol_prior_pair_calibration_20260524\lesions\M2c_PPC_01_E25_Z1p5_H0p75_twofoci_nearboundary_rim_soft_r1,H:\My Drive\MN_simulation\outputs\method2b\targeted_comsol_prior_pair_calibration_20260524\lesions\M2c_PPC_01_E25_Z1p5_H0p75_twofoci_nearboundary_rim_soft_r1\interp_lesion_mask.csv,3.0,24.591222520658103,8.197074173552702,0.2003574293097435
0.1254340277777778,1.3385416666666667,0.39963428834632736,2.201609534457968,0.8908930435665154,0.9182802105054115,0.8797543902375027,0.6235167206040992,1.0889922145328719,0.6135873728991887,0.27869945296646476,3.7794117647058822,0.317041606045379,1.7341816623853368,0.4599514563106796,1.0,M2c_PPC_02_E16_Z1p2_H0p75_twofoci_center_checker_r1,M2c_PPC_02_E16_Z1p2_H0p75_twofoci_center_checker_r1,synthetic_simulation,H:\My Drive\MN_simulation\outputs\method2b\targeted_comsol_prior_pair_calibration_20260524\lesions\M2c_PPC_02_E16_Z1p2_H0p75_twofoci_center_checker_r1,H:\My Drive\MN_simulation\outputs\method2b\targeted_comsol_prior_pair_calibration_20260524\lesions\M2c_PPC_02_E16_Z1p2_H0p75_twofoci_center_checker_r1\interp_lesion_mask.csv,3.0,15.728978384696749,5.242992794898916,0.1565883293498403
0.1254340277777778,1.3385416666666667,0.39963428834632736,2.201609534457968,0.8908930435665154,0.9182802105054115,0.8797543902375027,0.6235167206040992,1.0889922145328719,0.6135873728991887,0.27869945296646476,3.7794117647058822,0.317041606045379,1.7341816623853368,0.4599514563106796,1.0,M2c_PPC_04_E35_Z1p2_H0p75_twofoci_center_checker_r1,M2c_PPC_04_E35_Z1p2_H0p75_twofoci_center_checker_r1,synthetic_simulation,H:\My Drive\MN_simulation\outputs\method2b\targeted_comsol_prior_pair_calibration_20260524\lesions\M2c_PPC_04_E35_Z1p2_H0p75_twofoci_center_checker_r1,H:\My Drive\MN_simulation\outputs\method2b\targeted_comsol_prior_pair_calibration_20260524\lesions\M2c_PPC_04_E35_Z1p2_H0p75_twofoci_center_checker_r1\interp_lesion_mask.csv,3.0,34.405770561895125,11.468590187298377,0.1882373165085873
0.12245008680555555,1.34375,0.39485224170198996,2.1427469434683557,0.884420613423339,0.9157115326097985,0.8521813135210821,0.7208559565633983,1.0920469649977842,0.6002754640915776,0.28014295664794747,3.840068120795864,0.3114953910115313,1.6931730302213115,0.26572979878633024,1.0,M2c_PPC_03_E16_Z1p2_H0p75_twofoci_nearboundary_rim_soft_r1,M2c_PPC_03_E16_Z1p2_H0p75_twofoci_nearboundary_rim_soft_r1,synthetic_simulation,H:\My Drive\MN_simulation\outputs\method2b\targeted_comsol_prior_pair_calibration_20260524\lesions\M2c_PPC_03_E16_Z1p2_H0p75_twofoci_nearboundary_rim_soft_r1,H:\My Drive\MN_simulation\outputs\method2b\targeted_comsol_prior_pair_calibration_20260524\lesions\M2c_PPC_03_E16_Z1p2_H0p75_twofoci_nearboundary_rim_soft_r1\interp_lesion_mask.csv,3.0,15.758449671297972,5.252816557099324,0.1847535333791568
0.12245008680555555,1.34375,0.39485224170198996,2.1427469434683557,0.884420613423339,0.9157115326097985,0.8521813135210821,0.7208559565633983,1.0920469649977842,0.6002754640915776,0.28014295664794747,3.840068120795864,0.3114953910115313,1.6931730302213115,0.26572979878633024,1.0,M2c_PPC_05_E35_Z1p2_H0p75_twofoci_nearboundary_rim_soft_r1,M2c_PPC_05_E35_Z1p2_H0p75_twofoci_nearboundary_rim_soft_r1,synthetic_simulation,H:\My Drive\MN_simulation\outputs\method2b\targeted_comsol_prior_pair_calibration_20260524\lesions\M2c_PPC_05_E35_Z1p2_H0p75_twofoci_nearboundary_rim_soft_r1,H:\My Drive\MN_simulation\outputs\method2b\targeted_comsol_prior_pair_calibration_20260524\lesions\M2c_PPC_05_E35_Z1p2_H0p75_twofoci_nearboundary_rim_soft_r1\interp_lesion_mask.csv,3.0,34.4054145755027,11.468471525167566,0.2082984664895717
0.11930338541666667,1.3385416666666667,0.3897457993786211,2.062670028968762,0.8746203180879653,0.914060064428972,0.8367560138980399,0.7873254564983888,1.0940200090950434,0.5833104343745164,0.2827938672605546,3.875301628302353,0.29984194800697145,1.7217293176463742,0.11743644826351593,1.0,M2c_PPC_07_E90_Z0p18_H1p4_twofoci_nearboundary_rim_soft_r2,M2c_PPC_07_E90_Z0p18_H1p4_twofoci_nearboundary_rim_soft_r2,synthetic_simulation,H:\My Drive\MN_simulation\outputs\method2b\targeted_comsol_prior_pair_calibration_20260524\lesions\M2c_PPC_07_E90_Z0p18_H1p4_twofoci_nearboundary_rim_soft_r2,H:\My Drive\MN_simulation\outputs\method2b\targeted_comsol_prior_pair_calibration_20260524\lesions\M2c_PPC_07_E90_Z0p18_H1p4_twofoci_nearboundary_rim_soft_r2\interp_lesion_mask.csv,3.0,88.41855488332365,29.47285162777455,0.2464006963413765
0.12535264756944445,1.3385416666666667,0.39950462816176074,2.2063783485569886,0.8913928856723589,0.9196019900497514,0.8791836153303417,0.5865701954810866,1.087426963860636,0.6141471760888835,0.2783507989418709,3.7806383818522713,0.31759619846843706,1.7253589993943854,0.5544554455445545,1.0,M2c_PPC_06_E90_Z0p18_H1p4_twofoci_center_checker_r2,M2c_PPC_06_E90_Z0p18_H1p4_twofoci_center_checker_r2,synthetic_simulation,H:\My Drive\MN_simulation\outputs\method2b\targeted_comsol_prior_pair_calibration_20260524\lesions\M2c_PPC_06_E90_Z0p18_H1p4_twofoci_center_checker_r2,H:\My Drive\MN_simulation\outputs\method2b\targeted_comsol_prior_pair_calibration_20260524\lesions\M2c_PPC_06_E90_Z0p18_H1p4_twofoci_center_checker_r2\interp_lesion_mask.csv,3.0,88.29879283630663,29.432930945435544,0.1936894908833204
0.1367458767361111,1.21875,0.41726521283219475,1.7182493275411994,0.8131975771887892,1.0,1.1568974042476547,0.6935883324160704,1.0,0.5470145506418478,0.31835574842017894,3.295774647887324,0.18358206213074182,1.7496814025896394,0.4368464501926252,1.0,M2c_PPC_09_E16_Z1p2_H0p75_ellipse_center_checker_r1,M2c_PPC_09_E16_Z1p2_H0p75_ellipse_center_checker_r1,ellipse_or_cylinder,H:\My Drive\MN_simulation\outputs\method2b\targeted_comsol_prior_pair_calibration_20260524\lesions\M2c_PPC_09_E16_Z1p2_H0p75_ellipse_center_checker_r1,H:\My Drive\MN_simulation\outputs\method2b\targeted_comsol_prior_pair_calibration_20260524\lesions\M2c_PPC_09_E16_Z1p2_H0p75_ellipse_center_checker_r1\interp_lesion_mask.csv,3.0,15.871114900590545,5.290371633530181,0.1721217176754974
0.1367458767361111,1.21875,0.41726521283219475,1.7182493275411994,0.8131975771887892,1.0,1.1568974042476547,0.6935883324160704,1.0,0.5470145506418478,0.31835574842017894,3.295774647887324,0.18358206213074182,1.7496814025896394,0.4368464501926252,1.0,M2c_PPC_08_E25_Z1p5_H0p75_ellipse_center_checker_r1,M2c_PPC_08_E25_Z1p5_H0p75_ellipse_center_checker_r1,ellipse_or_cylinder,H:\My Drive\MN_simulation\outputs\method2b\targeted_comsol_prior_pair_calibration_20260524\lesions\M2c_PPC_08_E25_Z1p5_H0p75_ellipse_center_checker_r1,H:\My Drive\MN_simulation\outputs\method2b\targeted_comsol_prior_pair_calibration_20260524\lesions\M2c_PPC_08_E25_Z1p5_H0p75_ellipse_center_checker_r1\interp_lesion_mask.csv,3.0,24.78789260495398,8.262630868317993,0.1805307148988867
0.1367458767361111,1.21875,0.41726521283219475,1.7182493275411994,0.8131975771887892,1.0,1.1568974042476547,0.6935883324160704,1.0,0.5470145506418478,0.31835574842017894,3.295774647887324,0.18358206213074182,1.7496814025896394,0.4368464501926252,1.0,M2c_PPC_10_E35_Z1p2_H0p75_ellipse_center_checker_r1,M2c_PPC_10_E35_Z1p2_H0p75_ellipse_center_checker_r1,ellipse_or_cylinder,H:\My Drive\MN_simulation\outputs\method2b\targeted_comsol_prior_pair_calibration_20260524\lesions\M2c_PPC_10_E35_Z1p2_H0p75_ellipse_center_checker_r1,H:\My Drive\MN_simulation\outputs\method2b\targeted_comsol_prior_pair_calibration_20260524\lesions\M2c_PPC_10_E35_Z1p2_H0p75_ellipse_center_checker_r1\interp_lesion_mask.csv,3.0,34.65736982039149,11.552456606797165,0.1971149679831386
0.1252712673611111,1.328125,0.39937492588200624,2.2078224133888145,0.8915435514655687,0.9169976171564734,0.8924490503208098,0.581758629377677,1.090515374621048,0.6136035837218554,0.277922526739833,3.7524353287554457,0.318031817931586,1.675789923201105,0.6122448979591837,1.0,M2c_PPC_12_E25_Z2p2_H0p75_twofoci_halfpitchxshift_checker_r1,M2c_PPC_12_E25_Z2p2_H0p75_twofoci_halfpitchxshift_checker_r1,synthetic_simulation,H:\My Drive\MN_simulation\outputs\method2b\targeted_comsol_prior_pair_calibration_20260524\lesions\M2c_PPC_12_E25_Z2p2_H0p75_twofoci_halfpitchxshift_checker_r1,H:\My Drive\MN_simulation\outputs\method2b\targeted_comsol_prior_pair_calibration_20260524\lesions\M2c_PPC_12_E25_Z2p2_H0p75_twofoci_halfpitchxshift_checker_r1\interp_lesion_mask.csv,3.0,24.323496043773925,8.107832014591308,0.164379207714926
0.1252712673611111,1.328125,0.39937492588200624,2.2078224133888145,0.8915435514655687,0.9169976171564734,0.8924490503208098,0.581758629377677,1.090515374621048,0.6136035837218554,0.277922526739833,3.7524353287554457,0.318031817931586,1.675789923201105,0.6122448979591837,1.0,M2c_PPC_11_E25_Z0p9_H0p75_twofoci_halfpitchxshift_checker_r1,M2c_PPC_11_E25_Z0p9_H0p75_twofoci_halfpitchxshift_checker_r1,synthetic_simulation,H:\My Drive\MN_simulation\outputs\method2b\targeted_comsol_prior_pair_calibration_20260524\lesions\M2c_PPC_11_E25_Z0p9_H0p75_twofoci_halfpitchxshift_checker_r1,H:\My Drive\MN_simulation\outputs\method2b\targeted_comsol_prior_pair_calibration_20260524\lesions\M2c_PPC_11_E25_Z0p9_H0p75_twofoci_halfpitchxshift_checker_r1\interp_lesion_mask.csv,3.0,24.31082440967306,8.103608136557687,0.1687764681979721
0.12562391493055555,1.3333333333333333,0.39993666530343197,2.2020593774332644,0.8909403445166364,0.9154887812592669,0.8879831285873006,0.5603145795523291,1.092312675448067,0.6142909344399726,0.2789620210677491,3.7618595308981777,0.31714347037206886,1.6770250235064141,0.6459770114942529,1.0,M2c_PPC_14_E25_Z0p3_H0p75_twofoci_halfpitchxshift_checker_r2,M2c_PPC_14_E25_Z0p3_H0p75_twofoci_halfpitchxshift_checker_r2,synthetic_simulation,H:\My Drive\MN_simulation\outputs\method2b\targeted_comsol_prior_pair_calibration_20260524\lesions\M2c_PPC_14_E25_Z0p3_H0p75_twofoci_halfpitchxshift_checker_r2,H:\My Drive\MN_simulation\outputs\method2b\targeted_comsol_prior_pair_calibration_20260524\lesions\M2c_PPC_14_E25_Z0p3_H0p75_twofoci_halfpitchxshift_checker_r2\interp_lesion_mask.csv,3.0,24.353275831527057,8.11775861050902,0.1596078363096125
0.1252712673611111,1.328125,0.39937492588200624,2.2078224133888145,0.8915435514655687,0.9169976171564734,0.8924490503208098,0.581758629377677,1.090515374621048,0.6136035837218554,0.277922526739833,3.7524353287554457,0.318031817931586,1.675789923201105,0.6122448979591837,1.0,M2c_PPC_13_E25_Z3p8_H0p75_twofoci_halfpitchxshift_checker_r1,M2c_PPC_13_E25_Z3p8_H0p75_twofoci_halfpitchxshift_checker_r1,synthetic_simulation,H:\My Drive\MN_simulation\outputs\method2b\targeted_comsol_prior_pair_calibration_20260524\lesions\M2c_PPC_13_E25_Z3p8_H0p75_twofoci_halfpitchxshift_checker_r1,H:\My Drive\MN_simulation\outputs\method2b\targeted_comsol_prior_pair_calibration_20260524\lesions\M2c_PPC_13_E25_Z3p8_H0p75_twofoci_halfpitchxshift_checker_r1\interp_lesion_mask.csv,3.0,24.338068520864155,8.112689506954718,0.1585707808514788
0.11930338541666667,1.3385416666666667,0.3897457993786211,2.062670028968762,0.8746203180879653,0.914060064428972,0.8367560138980399,0.7873254564983888,1.0940200090950434,0.5833104343745164,0.2827938672605546,3.875301628302353,0.29984194800697145,1.7217293176463742,0.11743644826351593,1.0,M2c_PPC_15_E25_Z1p5_H0p75_twofoci_nearboundary_rim_soft_r2,M2c_PPC_15_E25_Z1p5_H0p75_twofoci_nearboundary_rim_soft_r2,synthetic_simulation,H:\My Drive\MN_simulation\outputs\method2b\targeted_comsol_prior_pair_calibration_20260524\lesions\M2c_PPC_15_E25_Z1p5_H0p75_twofoci_nearboundary_rim_soft_r2,H:\My Drive\MN_simulation\outputs\method2b\targeted_comsol_prior_pair_calibration_20260524\lesions\M2c_PPC_15_E25_Z1p5_H0p75_twofoci_nearboundary_rim_soft_r2\interp_lesion_mask.csv,3.0,24.60009433831173,8.20003144610391,0.2239504806942758
0.1438259548611111,1.1979166666666667,0.4279309445324808,1.000522741799527,0.03232126843255812,1.0,1.2594876559042028,0.779018513076697,1.0,0.42808197640442897,0.42785831697786936,3.1586970464590207,0.006517372552166495,1.7181479866613532,0.0005877167205406994,1.0,M2c_PPC_16_E45_Z3_H0p75_cylinder_nearboundary_nan_r1,M2c_PPC_16_E45_Z3_H0p75_cylinder_nearboundary_nan_r1,ellipse_or_cylinder,H:\My Drive\MN_simulation\outputs\method2b\targeted_comsol_prior_pair_calibration_20260524\lesions\M2c_PPC_16_E45_Z3_H0p75_cylinder_nearboundary_nan_r1,H:\My Drive\MN_simulation\outputs\method2b\targeted_comsol_prior_pair_calibration_20260524\lesions\M2c_PPC_16_E45_Z3_H0p75_cylinder_nearboundary_nan_r1\interp_lesion_mask.csv,3.0,44.30114422230604,14.767048074102014,0.068087615180831
0.1364474826388889,1.296875,0.41680970559165,1.3889328144366588,0.693997686372381,0.9795520934761439,1.019481043696499,0.700752298690443,1.0208747514910539,0.5047703208303665,0.3634231372343937,3.510874897334226,0.16565709590573308,1.725263574114034,0.2287545277235999,1.0,M2c_PPC_18_E45_Z3_H0p75_lobed_center_core_shell_r1,M2c_PPC_18_E45_Z3_H0p75_lobed_center_core_shell_r1,synthetic_simulation,H:\My Drive\MN_simulation\outputs\method2b\targeted_comsol_prior_pair_calibration_20260524\lesions\M2c_PPC_18_E45_Z3_H0p75_lobed_center_core_shell_r1,H:\My Drive\MN_simulation\outputs\method2b\targeted_comsol_prior_pair_calibration_20260524\lesions\M2c_PPC_18_E45_Z3_H0p75_lobed_center_core_shell_r1\interp_lesion_mask.csv,3.0,44.45898343699213,14.819661145664044,0.2949093177575746
0.1367458767361111,1.21875,0.41726521283219475,1.7182493275411994,0.8131975771887892,1.0,1.1568974042476547,0.6935883324160704,1.0,0.5470145506418478,0.31835574842017894,3.295774647887324,0.18358206213074182,1.7496814025896394,0.4368464501926252,1.0,M2c_PPC_17_E45_Z3_H0p75_ellipse_center_checker_r1,M2c_PPC_17_E45_Z3_H0p75_ellipse_center_checker_r1,ellipse_or_cylinder,H:\My Drive\MN_simulation\outputs\method2b\targeted_comsol_prior_pair_calibration_20260524\lesions\M2c_PPC_17_E45_Z3_H0p75_ellipse_center_checker_r1,H:\My Drive\MN_simulation\outputs\method2b\targeted_comsol_prior_pair_calibration_20260524\lesions\M2c_PPC_17_E45_Z3_H0p75_ellipse_center_checker_r1\interp_lesion_mask.csv,3.0,44.0600669140088,14.686688971336268,0.1944920031673071
0.1438259548611111,1.1979166666666667,0.4279309445324808,1.000522741799527,0.03232126843255812,1.0,1.2594876559042028,0.779018513076697,1.0,0.42808197640442897,0.42785831697786936,3.1586970464590207,0.006517372552166495,1.7181479866613532,0.0005877167205406994,1.0,M2c_PPC_20_E90_Z0p18_H1p4_cylinder_nearboundary_nan_r1,M2c_PPC_20_E90_Z0p18_H1p4_cylinder_nearboundary_nan_r1,ellipse_or_cylinder,H:\My Drive\MN_simulation\outputs\method2b\targeted_comsol_prior_pair_calibration_20260524\lesions\M2c_PPC_20_E90_Z0p18_H1p4_cylinder_nearboundary_nan_r1,H:\My Drive\MN_simulation\outputs\method2b\targeted_comsol_prior_pair_calibration_20260524\lesions\M2c_PPC_20_E90_Z0p18_H1p4_cylinder_nearboundary_nan_r1\interp_lesion_mask.csv,3.0,88.55237017477681,29.517456724925605,0.0705590684955596
0.12245008680555555,1.34375,0.39485224170198996,2.1427469434683557,0.884420613423339,0.9157115326097985,0.8521813135210821,0.7208559565633983,1.0920469649977842,0.6002754640915776,0.28014295664794747,3.840068120795864,0.3114953910115313,1.6931730302213115,0.26572979878633024,1.0,M2c_PPC_19_E45_Z3_H0p75_twofoci_nearboundary_rim_soft_r1,M2c_PPC_19_E45_Z3_H0p75_twofoci_nearboundary_rim_soft_r1,synthetic_simulation,H:\My Drive\MN_simulation\outputs\method2b\targeted_comsol_prior_pair_calibration_20260524\lesions\M2c_PPC_19_E45_Z3_H0p75_twofoci_nearboundary_rim_soft_r1,H:\My Drive\MN_simulation\outputs\method2b\targeted_comsol_prior_pair_calibration_20260524\lesions\M2c_PPC_19_E45_Z3_H0p75_twofoci_nearboundary_rim_soft_r1\interp_lesion_mask.csv,3.0,44.21960663034729,14.739868876782433,0.2127146028420817
0.12245008680555555,1.34375,0.39485224170198996,2.1427469434683557,0.884420613423339,0.9157115326097985,0.8521813135210821,0.7208559565633983,1.0920469649977842,0.6002754640915776,0.28014295664794747,3.840068120795864,0.3114953910115313,1.6931730302213115,0.26572979878633024,1.0,M2c_PPC_23_E90_Z0p18_H1p4_twofoci_nearboundary_rim_soft_r1,M2c_PPC_23_E90_Z0p18_H1p4_twofoci_nearboundary_rim_soft_r1,synthetic_simulation,H:\My Drive\MN_simulation\outputs\method2b\targeted_comsol_prior_pair_calibration_20260524\lesions\M2c_PPC_23_E90_Z0p18_H1p4_twofoci_nearboundary_rim_soft_r1,H:\My Drive\MN_simulation\outputs\method2b\targeted_comsol_prior_pair_calibration_20260524\lesions\M2c_PPC_23_E90_Z0p18_H1p4_twofoci_nearboundary_rim_soft_r1\interp_lesion_mask.csv,3.0,88.38347087714797,29.461156959049323,0.2204505007690327
0.1364474826388889,1.296875,0.41680970559165,1.3889328144366588,0.693997686372381,0.9795520934761439,1.019481043696499,0.700752298690443,1.0208747514910539,0.5047703208303665,0.3634231372343937,3.510874897334226,0.16565709590573308,1.725263574114034,0.2287545277235999,1.0,M2c_PPC_22_E90_Z0p18_H1p4_lobed_center_core_shell_r1,M2c_PPC_22_E90_Z0p18_H1p4_lobed_center_core_shell_r1,synthetic_simulation,H:\My Drive\MN_simulation\outputs\method2b\targeted_comsol_prior_pair_calibration_20260524\lesions\M2c_PPC_22_E90_Z0p18_H1p4_lobed_center_core_shell_r1,H:\My Drive\MN_simulation\outputs\method2b\targeted_comsol_prior_pair_calibration_20260524\lesions\M2c_PPC_22_E90_Z0p18_H1p4_lobed_center_core_shell_r1\interp_lesion_mask.csv,3.0,88.87932283376942,29.62644094458981,0.3055745971145158
0.1367458767361111,1.21875,0.41726521283219475,1.7182493275411994,0.8131975771887892,1.0,1.1568974042476547,0.6935883324160704,1.0,0.5470145506418478,0.31835574842017894,3.295774647887324,0.18358206213074182,1.7496814025896394,0.4368464501926252,1.0,M2c_PPC_21_E90_Z0p18_H1p4_ellipse_center_checker_r1,M2c_PPC_21_E90_Z0p18_H1p4_ellipse_center_checker_r1,ellipse_or_cylinder,H:\My Drive\MN_simulation\outputs\method2b\targeted_comsol_prior_pair_calibration_20260524\lesions\M2c_PPC_21_E90_Z0p18_H1p4_ellipse_center_checker_r1,H:\My Drive\MN_simulation\outputs\method2b\targeted_comsol_prior_pair_calibration_20260524\lesions\M2c_PPC_21_E90_Z0p18_H1p4_ellipse_center_checker_r1\interp_lesion_mask.csv,3.0,89.05924876576248,29.68641625525416,0.1972430633574528
0.13633897569444445,1.2760416666666667,0.4166439431251256,1.3868559941237943,0.6928774161848661,0.9790591214570954,1.0522045598961967,0.6719251336898395,1.0213887783525668,0.5040761458548041,0.36346682567664557,3.455849669174449,0.16349234646304864,1.7875085209582704,0.34157754010695185,1.0,M2c_PPC_25_E60_Z1p2_H0p75_lobed_nearboundary_hotspot_r1,M2c_PPC_25_E60_Z1p2_H0p75_lobed_nearboundary_hotspot_r1,synthetic_simulation,H:\My Drive\MN_simulation\outputs\method2b\targeted_comsol_prior_pair_calibration_20260524\lesions\M2c_PPC_25_E60_Z1p2_H0p75_lobed_nearboundary_hotspot_r1,H:\My Drive\MN_simulation\outputs\method2b\targeted_comsol_prior_pair_calibration_20260524\lesions\M2c_PPC_25_E60_Z1p2_H0p75_lobed_nearboundary_hotspot_r1\interp_lesion_mask.csv,3.0,58.77502312082901,19.59167437360967,0.0755622172231852
0.13633897569444445,1.2760416666666667,0.4166439431251256,1.3868559941237943,0.6928774161848661,0.9790591214570954,1.0522045598961967,0.6719251336898395,1.0213887783525668,0.5040761458548041,0.36346682567664557,3.455849669174449,0.16349234646304864,1.7875085209582704,0.34157754010695185,1.0,M2c_PPC_24_E8_Z1p2_H0p75_lobed_nearboundary_hotspot_r1,M2c_PPC_24_E8_Z1p2_H0p75_lobed_nearboundary_hotspot_r1,synthetic_simulation,H:\My Drive\MN_simulation\outputs\method2b\targeted_comsol_prior_pair_calibration_20260524\lesions\M2c_PPC_24_E8_Z1p2_H0p75_lobed_nearboundary_hotspot_r1,H:\My Drive\MN_simulation\outputs\method2b\targeted_comsol_prior_pair_calibration_20260524\lesions\M2c_PPC_24_E8_Z1p2_H0p75_lobed_nearboundary_hotspot_r1\interp_lesion_mask.csv,3.0,7.893427202238475,2.631142400746158,0.0496834720304617
0.13658311631944445,1.28125,0.41701681601714724,1.3876443190002805,0.6933034568437915,0.977290372670808,1.0455363216884532,0.6906721536351166,1.0232373386295923,0.5046134655128375,0.3636475562241937,3.4668525400224595,0.16247324521963186,1.8224928723301024,0.3229080932784637,1.0,M2c_PPC_27_E35_Z1p2_H0p75_lobed_nearboundary_hotspot_r2,M2c_PPC_27_E35_Z1p2_H0p75_lobed_nearboundary_hotspot_r2,synthetic_simulation,H:\My Drive\MN_simulation\outputs\method2b\targeted_comsol_prior_pair_calibration_20260524\lesions\M2c_PPC_27_E35_Z1p2_H0p75_lobed_nearboundary_hotspot_r2,H:\My Drive\MN_simulation\outputs\method2b\targeted_comsol_prior_pair_calibration_20260524\lesions\M2c_PPC_27_E35_Z1p2_H0p75_lobed_nearboundary_hotspot_r2\interp_lesion_mask.csv,3.0,34.31369255148754,11.437897517162511,0.071440406313384
0.13658311631944445,1.28125,0.41701681601714724,1.3876443190002805,0.6933034568437915,0.977290372670808,1.0455363216884532,0.6906721536351166,1.0232373386295923,0.5046134655128375,0.3636475562241937,3.4668525400224595,0.16247324521963186,1.8224928723301024,0.3229080932784637,1.0,M2c_PPC_26_E16_Z1p2_H0p75_lobed_nearboundary_hotspot_r2,M2c_PPC_26_E16_Z1p2_H0p75_lobed_nearboundary_hotspot_r2,synthetic_simulation,H:\My Drive\MN_simulation\outputs\method2b\targeted_comsol_prior_pair_calibration_20260524\lesions\M2c_PPC_26_E16_Z1p2_H0p75_lobed_nearboundary_hotspot_r2,H:\My Drive\MN_simulation\outputs\method2b\targeted_comsol_prior_pair_calibration_20260524\lesions\M2c_PPC_26_E16_Z1p2_H0p75_lobed_nearboundary_hotspot_r2\interp_lesion_mask.csv,3.0,15.724481783764505,5.241493927921501,0.0633977926262582
0.12245008680555555,1.34375,0.39485224170198996,2.1427469434683557,0.884420613423339,0.9157115326097985,0.8521813135210821,0.7208559565633983,1.0920469649977842,0.6002754640915776,0.28014295664794747,3.840068120795864,0.3114953910115313,1.6931730302213115,0.26572979878633024,1.0,M2c_DPS_01_E16_Z1p2_H0p75_twofoci_nb_rim,M2c_DPS_01_E16_Z1p2_H0p75_twofoci_nb_rim,synthetic_simulation,H:\My Drive\MN_simulation\outputs\method2b\targeted_comsol_disease_prior_stabilization_20260523\lesions\M2c_DPS_01_E16_Z1p2_H0p75_twofoci_nb_rim,H:\My Drive\MN_simulation\outputs\method2b\targeted_comsol_disease_prior_stabilization_20260523\lesions\M2c_DPS_01_E16_Z1p2_H0p75_twofoci_nb_rim\interp_lesion_mask.csv,3.0,15.758449671297972,5.252816557099324,0.1847535333791568
0.13633897569444445,1.2760416666666667,0.4166439431251256,1.3868559941237943,0.6928774161848661,0.9790591214570954,1.0522045598961967,0.6719251336898395,1.0213887783525668,0.5040761458548041,0.36346682567664557,3.455849669174449,0.16349234646304864,1.7875085209582704,0.34157754010695185,1.0,M2c_DPS_03_E16_Z1p2_H0p75_lobed_lower_hotspot,M2c_DPS_03_E16_Z1p2_H0p75_lobed_lower_hotspot,synthetic_simulation,H:\My Drive\MN_simulation\outputs\method2b\targeted_comsol_disease_prior_stabilization_20260523\lesions\M2c_DPS_03_E16_Z1p2_H0p75_lobed_lower_hotspot,H:\My Drive\MN_simulation\outputs\method2b\targeted_comsol_disease_prior_stabilization_20260523\lesions\M2c_DPS_03_E16_Z1p2_H0p75_lobed_lower_hotspot\interp_lesion_mask.csv,3.0,15.717066309410024,5.239022103136675,0.0641342686234239
0.0808376736111111,1.7135416666666667,0.3208203901656826,1.9147966450165967,0.8527932500478139,0.4685534591194968,0.34596672638640014,0.40134680134680134,2.1342281879194633,0.6383874545318187,0.3333969986803927,6.026813687304139,0.4022987832885182,1.6180301865990983,0.32026936026936026,3.0,M2c_DPS_02_E16_Z1p2_H0p75_crescent_upper_rim,M2c_DPS_02_E16_Z1p2_H0p75_crescent_upper_rim,synthetic_simulation,H:\My Drive\MN_simulation\outputs\method2b\targeted_comsol_disease_prior_stabilization_20260523\lesions\M2c_DPS_02_E16_Z1p2_H0p75_crescent_upper_rim,H:\My Drive\MN_simulation\outputs\method2b\targeted_comsol_disease_prior_stabilization_20260523\lesions\M2c_DPS_02_E16_Z1p2_H0p75_crescent_upper_rim\interp_lesion_mask.csv,3.0,15.571534105638532,5.1905113685461775,0.0930080746600422
0.0808376736111111,1.7135416666666667,0.3208203901656826,1.9147966450165967,0.8527932500478139,0.4685534591194968,0.34596672638640014,0.40134680134680134,2.1342281879194633,0.6383874545318187,0.3333969986803927,6.026813687304139,0.4022987832885182,1.6180301865990983,0.32026936026936026,3.0,M2c_DPS_06_E35_Z1p2_H0p75_crescent_upper_rim,M2c_DPS_06_E35_Z1p2_H0p75_crescent_upper_rim,synthetic_simulation,H:\My Drive\MN_simulation\outputs\method2b\targeted_comsol_disease_prior_stabilization_20260523\lesions\M2c_DPS_06_E35_Z1p2_H0p75_crescent_upper_rim,H:\My Drive\MN_simulation\outputs\method2b\targeted_comsol_disease_prior_stabilization_20260523\lesions\M2c_DPS_06_E35_Z1p2_H0p75_crescent_upper_rim\interp_lesion_mask.csv,3.0,33.94531472157177,11.31510490719059,0.1050216511548486
0.1367458767361111,1.21875,0.41726521283219475,1.7182493275411994,0.8131975771887892,1.0,1.1568974042476547,0.6935883324160704,1.0,0.5470145506418478,0.31835574842017894,3.295774647887324,0.18358206213074182,1.7496814025896394,0.4368464501926252,1.0,M2c_DPS_04_E16_Z1p2_H0p75_ellipse_upper_checker,M2c_DPS_04_E16_Z1p2_H0p75_ellipse_upper_checker,ellipse_or_cylinder,H:\My Drive\MN_simulation\outputs\method2b\targeted_comsol_disease_prior_stabilization_20260523\lesions\M2c_DPS_04_E16_Z1p2_H0p75_ellipse_upper_checker,H:\My Drive\MN_simulation\outputs\method2b\targeted_comsol_disease_prior_stabilization_20260523\lesions\M2c_DPS_04_E16_Z1p2_H0p75_ellipse_upper_checker\interp_lesion_mask.csv,3.0,15.871672279090372,5.290557426363457,0.1594616154288896
0.12245008680555555,1.34375,0.39485224170198996,2.1427469434683557,0.884420613423339,0.9157115326097985,0.8521813135210821,0.7208559565633983,1.0920469649977842,0.6002754640915776,0.28014295664794747,3.840068120795864,0.3114953910115313,1.6931730302213115,0.26572979878633024,1.0,M2c_DPS_05_E35_Z1p2_H0p75_twofoci_nb_rim,M2c_DPS_05_E35_Z1p2_H0p75_twofoci_nb_rim,synthetic_simulation,H:\My Drive\MN_simulation\outputs\method2b\targeted_comsol_disease_prior_stabilization_20260523\lesions\M2c_DPS_05_E35_Z1p2_H0p75_twofoci_nb_rim,H:\My Drive\MN_simulation\outputs\method2b\targeted_comsol_disease_prior_stabilization_20260523\lesions\M2c_DPS_05_E35_Z1p2_H0p75_twofoci_nb_rim\interp_lesion_mask.csv,3.0,34.4054145755027,11.468471525167566,0.2082984664895717
0.12556966145833334,1.328125,0.3998502952202947,2.2036754630800255,0.8911100162251214,0.917997025285077,0.8945748492713358,0.5623177842565598,1.0893281486282131,0.6141571312375138,0.2786967235089693,3.7479741773682287,0.3173196541690124,1.7564794662942078,0.6124878522837707,1.0,M2c_DPS_09_E90_Z0p18_H1p4_twofoci_lower_core,M2c_DPS_09_E90_Z0p18_H1p4_twofoci_lower_core,synthetic_simulation,H:\My Drive\MN_simulation\outputs\method2b\targeted_comsol_disease_prior_stabilization_20260523\lesions\M2c_DPS_09_E90_Z0p18_H1p4_twofoci_lower_core,H:\My Drive\MN_simulation\outputs\method2b\targeted_comsol_disease_prior_stabilization_20260523\lesions\M2c_DPS_09_E90_Z0p18_H1p4_twofoci_lower_core\interp_lesion_mask.csv,3.0,87.76782636878401,29.255942122928005,0.1403229825546333
0.13633897569444445,1.2760416666666667,0.4166439431251256,1.3868559941237943,0.6928774161848661,0.9790591214570954,1.0522045598961967,0.6719251336898395,1.0213887783525668,0.5040761458548041,0.36346682567664557,3.455849669174449,0.16349234646304864,1.7875085209582704,0.34157754010695185,1.0,M2c_DPS_07_E35_Z1p2_H0p75_lobed_lower_hotspot,M2c_DPS_07_E35_Z1p2_H0p75_lobed_lower_hotspot,synthetic_simulation,H:\My Drive\MN_simulation\outputs\method2b\targeted_comsol_disease_prior_stabilization_20260523\lesions\M2c_DPS_07_E35_Z1p2_H0p75_lobed_lower_hotspot,H:\My Drive\MN_simulation\outputs\method2b\targeted_comsol_disease_prior_stabilization_20260523\lesions\M2c_DPS_07_E35_Z1p2_H0p75_lobed_lower_hotspot\interp_lesion_mask.csv,3.0,34.28032297202842,11.426774324009472,0.0759422809886567
0.1367458767361111,1.21875,0.41726521283219475,1.7182493275411994,0.8131975771887892,1.0,1.1568974042476547,0.6935883324160704,1.0,0.5470145506418478,0.31835574842017894,3.295774647887324,0.18358206213074182,1.7496814025896394,0.4368464501926252,1.0,M2c_DPS_08_E35_Z1p2_H0p75_ellipse_upper_checker,M2c_DPS_08_E35_Z1p2_H0p75_ellipse_upper_checker,ellipse_or_cylinder,H:\My Drive\MN_simulation\outputs\method2b\targeted_comsol_disease_prior_stabilization_20260523\lesions\M2c_DPS_08_E35_Z1p2_H0p75_ellipse_upper_checker,H:\My Drive\MN_simulation\outputs\method2b\targeted_comsol_disease_prior_stabilization_20260523\lesions\M2c_DPS_08_E35_Z1p2_H0p75_ellipse_upper_checker\interp_lesion_mask.csv,3.0,34.67554682968127,11.558515609893757,0.1958783890695018
0.0808376736111111,1.7135416666666667,0.3208203901656826,1.9147966450165967,0.8527932500478139,0.4685534591194968,0.34596672638640014,0.40134680134680134,2.1342281879194633,0.6383874545318187,0.3333969986803927,6.026813687304139,0.4022987832885182,1.6180301865990983,0.32026936026936026,3.0,M2c_DPS_10_E90_Z0p18_H1p4_crescent_upper_rim,M2c_DPS_10_E90_Z0p18_H1p4_crescent_upper_rim,synthetic_simulation,H:\My Drive\MN_simulation\outputs\method2b\targeted_comsol_disease_prior_stabilization_20260523\lesions\M2c_DPS_10_E90_Z0p18_H1p4_crescent_upper_rim,H:\My Drive\MN_simulation\outputs\method2b\targeted_comsol_disease_prior_stabilization_20260523\lesions\M2c_DPS_10_E90_Z0p18_H1p4_crescent_upper_rim\interp_lesion_mask.csv,3.0,87.13257439927327,29.044191466424422,0.1112365242089345
0.08512369791666667,1.6979166666666667,0.3292155196548155,1.8090194706349565,0.8333234831447618,0.4838858905165767,0.37104587101376685,0.34108695652173915,2.0666029318036965,0.6241133020771615,0.3450008760038945,5.819573135980191,0.39416692087973926,1.5681336974206277,0.3334782608695652,2.0,M2c_DPS_13_E25_Z1p5_H0p75_crescent_center_core,M2c_DPS_13_E25_Z1p5_H0p75_crescent_center_core,synthetic_simulation,H:\My Drive\MN_simulation\outputs\method2b\targeted_comsol_disease_prior_stabilization_20260523\lesions\M2c_DPS_13_E25_Z1p5_H0p75_crescent_center_core,H:\My Drive\MN_simulation\outputs\method2b\targeted_comsol_disease_prior_stabilization_20260523\lesions\M2c_DPS_13_E25_Z1p5_H0p75_crescent_center_core\interp_lesion_mask.csv,3.0,23.99515267918884,7.99838422639628,0.2272843866117443
0.13633897569444445,1.2760416666666667,0.4166439431251256,1.3868559941237943,0.6928774161848661,0.9790591214570954,1.0522045598961967,0.6719251336898395,1.0213887783525668,0.5040761458548041,0.36346682567664557,3.455849669174449,0.16349234646304864,1.7875085209582704,0.34157754010695185,1.0,M2c_DPS_11_E90_Z0p18_H1p4_lobed_lower_hotspot,M2c_DPS_11_E90_Z0p18_H1p4_lobed_lower_hotspot,synthetic_simulation,H:\My Drive\MN_simulation\outputs\method2b\targeted_comsol_disease_prior_stabilization_20260523\lesions\M2c_DPS_11_E90_Z0p18_H1p4_lobed_lower_hotspot,H:\My Drive\MN_simulation\outputs\method2b\targeted_comsol_disease_prior_stabilization_20260523\lesions\M2c_DPS_11_E90_Z0p18_H1p4_lobed_lower_hotspot\interp_lesion_mask.csv,3.0,88.13905907426768,29.379686358089227,0.1094821450414628
0.1367458767361111,1.21875,0.41726521283219475,1.7182493275411994,0.8131975771887892,1.0,1.1568974042476547,0.6935883324160704,1.0,0.5470145506418478,0.31835574842017894,3.295774647887324,0.18358206213074182,1.7496814025896394,0.4368464501926252,1.0,M2c_DPS_12_E90_Z0p18_H1p4_ellipse_upper_checker,M2c_DPS_12_E90_Z0p18_H1p4_ellipse_upper_checker,ellipse_or_cylinder,H:\My Drive\MN_simulation\outputs\method2b\targeted_comsol_disease_prior_stabilization_20260523\lesions\M2c_DPS_12_E90_Z0p18_H1p4_ellipse_upper_checker,H:\My Drive\MN_simulation\outputs\method2b\targeted_comsol_disease_prior_stabilization_20260523\lesions\M2c_DPS_12_E90_Z0p18_H1p4_ellipse_upper_checker\interp_lesion_mask.csv,3.0,88.65507149766381,29.55169049922127,0.2079653879579841
0.1251898871527778,1.3229166666666667,0.39924518146603744,2.2125391363165297,0.8920334386726748,0.9200558213716107,0.8989057037830551,0.5575691675727921,1.086890574214518,0.614751363347661,0.2778488087542302,3.738934558931149,0.31963623700325955,1.6639664287659544,0.6572429624259998,1.0,M2c_DPS_16_E25_Z1p5_H0p75_twofoci_half_hotspot,M2c_DPS_16_E25_Z1p5_H0p75_twofoci_half_hotspot,synthetic_simulation,H:\My Drive\MN_simulation\outputs\method2b\targeted_comsol_disease_prior_stabilization_20260523\lesions\M2c_DPS_16_E25_Z1p5_H0p75_twofoci_half_hotspot,H:\My Drive\MN_simulation\outputs\method2b\targeted_comsol_disease_prior_stabilization_20260523\lesions\M2c_DPS_16_E25_Z1p5_H0p75_twofoci_half_hotspot\interp_lesion_mask.csv,3.0,24.44791233597811,8.149304111992704,0.0737413254612117
0.1273871527777778,1.2291666666666667,0.4027336097321484,1.5572148468361184,0.7665604574212035,1.0,1.0595316792055205,0.7905723905723906,1.0,0.5045061626121292,0.3239798051226926,3.443879591964896,0.1627623099068912,1.773503559568101,0.2801346801346801,1.0,M2c_DPS_15_E25_Z1p5_H0p75_ellipse_nb_rim,M2c_DPS_15_E25_Z1p5_H0p75_ellipse_nb_rim,ellipse_or_cylinder,H:\My Drive\MN_simulation\outputs\method2b\targeted_comsol_disease_prior_stabilization_20260523\lesions\M2c_DPS_15_E25_Z1p5_H0p75_ellipse_nb_rim,H:\My Drive\MN_simulation\outputs\method2b\targeted_comsol_disease_prior_stabilization_20260523\lesions\M2c_DPS_15_E25_Z1p5_H0p75_ellipse_nb_rim\interp_lesion_mask.csv,3.0,24.74374341416745,8.24791447138915,0.1647565522660915
0.13631184895833334,1.2916666666666667,0.41660249220295914,1.3911589319055198,0.6951909324500171,0.9780070066173611,1.0266976511634176,0.7000557258289217,1.0224875621890546,0.5047165101653308,0.3628029110045699,3.498514254658647,0.16533879187183245,1.7631916804382035,0.21245472276400112,1.0,M2c_DPS_14_E25_Z1p5_H0p75_lobed_center_gradient,M2c_DPS_14_E25_Z1p5_H0p75_lobed_center_gradient,synthetic_simulation,H:\My Drive\MN_simulation\outputs\method2b\targeted_comsol_disease_prior_stabilization_20260523\lesions\M2c_DPS_14_E25_Z1p5_H0p75_lobed_center_gradient,H:\My Drive\MN_simulation\outputs\method2b\targeted_comsol_disease_prior_stabilization_20260523\lesions\M2c_DPS_14_E25_Z1p5_H0p75_lobed_center_gradient\interp_lesion_mask.csv,3.0,24.58309265850925,8.194364219503084,0.205388679349888
0.1273871527777778,1.2291666666666667,0.4027336097321484,1.5572148468361184,0.7665604574212035,1.0,1.0595316792055205,0.7905723905723906,1.0,0.5045061626121292,0.3239798051226926,3.443879591964896,0.1627623099068912,1.773503559568101,0.2801346801346801,1.0,M2c_DPS_19_E45_Z3_H0p75_ellipse_nb_rim,M2c_DPS_19_E45_Z3_H0p75_ellipse_nb_rim,ellipse_or_cylinder,H:\My Drive\MN_simulation\outputs\method2b\targeted_comsol_disease_prior_stabilization_20260523\lesions\M2c_DPS_19_E45_Z3_H0p75_ellipse_nb_rim,H:\My Drive\MN_simulation\outputs\method2b\targeted_comsol_disease_prior_stabilization_20260523\lesions\M2c_DPS_19_E45_Z3_H0p75_ellipse_nb_rim\interp_lesion_mask.csv,3.0,44.510782881592405,14.836927627197468,0.1748515454912189
0.13631184895833334,1.2916666666666667,0.41660249220295914,1.3911589319055198,0.6951909324500171,0.9780070066173611,1.0266976511634176,0.7000557258289217,1.0224875621890546,0.5047165101653308,0.3628029110045699,3.498514254658647,0.16533879187183245,1.7631916804382035,0.21245472276400112,1.0,M2c_DPS_18_E45_Z3_H0p75_lobed_center_gradient,M2c_DPS_18_E45_Z3_H0p75_lobed_center_gradient,synthetic_simulation,H:\My Drive\MN_simulation\outputs\method2b\targeted_comsol_disease_prior_stabilization_20260523\lesions\M2c_DPS_18_E45_Z3_H0p75_lobed_center_gradient,H:\My Drive\MN_simulation\outputs\method2b\targeted_comsol_disease_prior_stabilization_20260523\lesions\M2c_DPS_18_E45_Z3_H0p75_lobed_center_gradient\interp_lesion_mask.csv,3.0,44.20408598442677,14.734695328142257,0.2180606061911953
0.08512369791666667,1.6979166666666667,0.3292155196548155,1.8090194706349565,0.8333234831447618,0.4838858905165767,0.37104587101376685,0.34108695652173915,2.0666029318036965,0.6241133020771615,0.3450008760038945,5.819573135980191,0.39416692087973926,1.5681336974206277,0.3334782608695652,2.0,M2c_DPS_17_E45_Z3_H0p75_crescent_center_core,M2c_DPS_17_E45_Z3_H0p75_crescent_center_core,synthetic_simulation,H:\My Drive\MN_simulation\outputs\method2b\targeted_comsol_disease_prior_stabilization_20260523\lesions\M2c_DPS_17_E45_Z3_H0p75_crescent_center_core,H:\My Drive\MN_simulation\outputs\method2b\targeted_comsol_disease_prior_stabilization_20260523\lesions\M2c_DPS_17_E45_Z3_H0p75_crescent_center_core\interp_lesion_mask.csv,3.0,43.08165511481506,14.360551704938352,0.2416725643010449
0.0808376736111111,1.7135416666666667,0.3208203901656826,1.9147966450165967,0.8527932500478139,0.4685534591194968,0.34596672638640014,0.40134680134680134,2.1342281879194633,0.6383874545318187,0.3333969986803927,6.026813687304139,0.4022987832885182,1.6180301865990983,0.32026936026936026,3.0,M2c_DPS_22_E85_Z3p9_H0p45_crescent_upper_rim,M2c_DPS_22_E85_Z3p9_H0p45_crescent_upper_rim,synthetic_simulation,H:\My Drive\MN_simulation\outputs\method2b\targeted_comsol_disease_prior_stabilization_20260523\lesions\M2c_DPS_22_E85_Z3p9_H0p45_crescent_upper_rim,H:\My Drive\MN_simulation\outputs\method2b\targeted_comsol_disease_prior_stabilization_20260523\lesions\M2c_DPS_22_E85_Z3p9_H0p45_crescent_upper_rim\interp_lesion_mask.csv,3.0,82.29736897402766,27.432456324675886,0.1110034826025065
0.1251898871527778,1.3229166666666667,0.39924518146603744,2.2125391363165297,0.8920334386726748,0.9200558213716107,0.8989057037830551,0.5575691675727921,1.086890574214518,0.614751363347661,0.2778488087542302,3.738934558931149,0.31963623700325955,1.6639664287659544,0.6572429624259998,1.0,M2c_DPS_20_E45_Z3_H0p75_twofoci_half_hotspot,M2c_DPS_20_E45_Z3_H0p75_twofoci_half_hotspot,synthetic_simulation,H:\My Drive\MN_simulation\outputs\method2b\targeted_comsol_disease_prior_stabilization_20260523\lesions\M2c_DPS_20_E45_Z3_H0p75_twofoci_half_hotspot,H:\My Drive\MN_simulation\outputs\method2b\targeted_comsol_disease_prior_stabilization_20260523\lesions\M2c_DPS_20_E45_Z3_H0p75_twofoci_half_hotspot\interp_lesion_mask.csv,3.0,43.99476497662693,14.664921658875643,0.0891293890443635
0.12245008680555555,1.34375,0.39485224170198996,2.1427469434683557,0.884420613423339,0.9157115326097985,0.8521813135210821,0.7208559565633983,1.0920469649977842,0.6002754640915776,0.28014295664794747,3.840068120795864,0.3114953910115313,1.6931730302213115,0.26572979878633024,1.0,M2c_DPS_21_E85_Z3p9_H0p45_twofoci_nb_rim,M2c_DPS_21_E85_Z3p9_H0p45_twofoci_nb_rim,synthetic_simulation,H:\My Drive\MN_simulation\outputs\method2b\targeted_comsol_disease_prior_stabilization_20260523\lesions\M2c_DPS_21_E85_Z3p9_H0p45_twofoci_nb_rim,H:\My Drive\MN_simulation\outputs\method2b\targeted_comsol_disease_prior_stabilization_20260523\lesions\M2c_DPS_21_E85_Z3p9_H0p45_twofoci_nb_rim\interp_lesion_mask.csv,3.0,83.47637484972566,27.82545828324189,0.2199951778456599
0.12245008680555555,1.34375,0.39485224170198996,2.1427469434683557,0.884420613423339,0.9157115326097985,0.8521813135210821,0.7208559565633983,1.0920469649977842,0.6002754640915776,0.28014295664794747,3.840068120795864,0.3114953910115313,1.6931730302213115,0.26572979878633024,1.0,M2c_DPS_25_E5_Z0p25_H1p1_twofoci_nb_rim,M2c_DPS_25_E5_Z0p25_H1p1_twofoci_nb_rim,synthetic_simulation,H:\My Drive\MN_simulation\outputs\method2b\targeted_comsol_disease_prior_stabilization_20260523\lesions\M2c_DPS_25_E5_Z0p25_H1p1_twofoci_nb_rim,H:\My Drive\MN_simulation\outputs\method2b\targeted_comsol_disease_prior_stabilization_20260523\lesions\M2c_DPS_25_E5_Z0p25_H1p1_twofoci_nb_rim\interp_lesion_mask.csv,3.0,4.962838410968918,1.6542794703229726,0.0902532293714153
0.1367458767361111,1.21875,0.41726521283219475,1.7182493275411994,0.8131975771887892,1.0,1.1568974042476547,0.6935883324160704,1.0,0.5470145506418478,0.31835574842017894,3.295774647887324,0.18358206213074182,1.7496814025896394,0.4368464501926252,1.0,M2c_DPS_24_E85_Z3p9_H0p45_ellipse_upper_checker,M2c_DPS_24_E85_Z3p9_H0p45_ellipse_upper_checker,ellipse_or_cylinder,H:\My Drive\MN_simulation\outputs\method2b\targeted_comsol_disease_prior_stabilization_20260523\lesions\M2c_DPS_24_E85_Z3p9_H0p45_ellipse_upper_checker,H:\My Drive\MN_simulation\outputs\method2b\targeted_comsol_disease_prior_stabilization_20260523\lesions\M2c_DPS_24_E85_Z3p9_H0p45_ellipse_upper_checker\interp_lesion_mask.csv,3.0,84.10853297182304,28.036177657274347,0.1835100581998461
0.13633897569444445,1.2760416666666667,0.4166439431251256,1.3868559941237943,0.6928774161848661,0.9790591214570954,1.0522045598961967,0.6719251336898395,1.0213887783525668,0.5040761458548041,0.36346682567664557,3.455849669174449,0.16349234646304864,1.7875085209582704,0.34157754010695185,1.0,M2c_DPS_23_E85_Z3p9_H0p45_lobed_lower_hotspot,M2c_DPS_23_E85_Z3p9_H0p45_lobed_lower_hotspot,synthetic_simulation,H:\My Drive\MN_simulation\outputs\method2b\targeted_comsol_disease_prior_stabilization_20260523\lesions\M2c_DPS_23_E85_Z3p9_H0p45_lobed_lower_hotspot,H:\My Drive\MN_simulation\outputs\method2b\targeted_comsol_disease_prior_stabilization_20260523\lesions\M2c_DPS_23_E85_Z3p9_H0p45_lobed_lower_hotspot\interp_lesion_mask.csv,3.0,83.25469248648137,27.75156416216046,0.0782694400155419
0.13633897569444445,1.2760416666666667,0.4166439431251256,1.3868559941237943,0.6928774161848661,0.9790591214570954,1.0522045598961967,0.6719251336898395,1.0213887783525668,0.5040761458548041,0.36346682567664557,3.455849669174449,0.16349234646304864,1.7875085209582704,0.34157754010695185,1.0,M2c_DPS_27_E5_Z0p25_H1p1_lobed_lower_hotspot,M2c_DPS_27_E5_Z0p25_H1p1_lobed_lower_hotspot,synthetic_simulation,H:\My Drive\MN_simulation\outputs\method2b\targeted_comsol_disease_prior_stabilization_20260523\lesions\M2c_DPS_27_E5_Z0p25_H1p1_lobed_lower_hotspot,H:\My Drive\MN_simulation\outputs\method2b\targeted_comsol_disease_prior_stabilization_20260523\lesions\M2c_DPS_27_E5_Z0p25_H1p1_lobed_lower_hotspot\interp_lesion_mask.csv,3.0,4.955354326978371,1.651784775659457,0.0315510213139866
0.0808376736111111,1.7135416666666667,0.3208203901656826,1.9147966450165967,0.8527932500478139,0.4685534591194968,0.34596672638640014,0.40134680134680134,2.1342281879194633,0.6383874545318187,0.3333969986803927,6.026813687304139,0.4022987832885182,1.6180301865990983,0.32026936026936026,3.0,M2c_DPS_26_E5_Z0p25_H1p1_crescent_upper_rim,M2c_DPS_26_E5_Z0p25_H1p1_crescent_upper_rim,synthetic_simulation,H:\My Drive\MN_simulation\outputs\method2b\targeted_comsol_disease_prior_stabilization_20260523\lesions\M2c_DPS_26_E5_Z0p25_H1p1_crescent_upper_rim,H:\My Drive\MN_simulation\outputs\method2b\targeted_comsol_disease_prior_stabilization_20260523\lesions\M2c_DPS_26_E5_Z0p25_H1p1_crescent_upper_rim\interp_lesion_mask.csv,3.0,4.934082170098236,1.644694056699412,0.0451577527254612
0.1367458767361111,1.21875,0.41726521283219475,1.7182493275411994,0.8131975771887892,1.0,1.1568974042476547,0.6935883324160704,1.0,0.5470145506418478,0.31835574842017894,3.295774647887324,0.18358206213074182,1.7496814025896394,0.4368464501926252,1.0,M2c_DPS_28_E5_Z0p25_H1p1_ellipse_upper_checker,M2c_DPS_28_E5_Z0p25_H1p1_ellipse_upper_checker,ellipse_or_cylinder,H:\My Drive\MN_simulation\outputs\method2b\targeted_comsol_disease_prior_stabilization_20260523\lesions\M2c_DPS_28_E5_Z0p25_H1p1_ellipse_upper_checker,H:\My Drive\MN_simulation\outputs\method2b\targeted_comsol_disease_prior_stabilization_20260523\lesions\M2c_DPS_28_E5_Z0p25_H1p1_ellipse_upper_checker\interp_lesion_mask.csv,3.0,4.980970191269359,1.6603233970897862,0.0803979212987241
0.1255154079861111,1.3385416666666667,0.39976390647666565,2.2065035919465523,0.8914059656055058,0.9155124653739614,0.8803251651446637,0.6295238095238095,1.0922844175491677,0.6142501621890909,0.27838167335463365,3.7781863407024066,0.3190706503829992,1.734274536685521,0.4224489795918367,1.0,M2c_CFEM_02_E95_Z4p4_H0p35_twofoci_half_checker,M2c_CFEM_02_E95_Z4p4_H0p35_twofoci_half_checker,synthetic_simulation,H:\My Drive\MN_simulation\outputs\method2b\targeted_comsol_counterfactual_20260521\lesions\M2c_CFEM_02_E95_Z4p4_H0p35_twofoci_half_checker,H:\My Drive\MN_simulation\outputs\method2b\targeted_comsol_counterfactual_20260521\lesions\M2c_CFEM_02_E95_Z4p4_H0p35_twofoci_half_checker\interp_lesion_mask.csv,3.0,93.38632879423454,31.128776264744847,0.1772087732827597
0.0852322048611111,1.6770833333333333,0.3294252778918692,1.8092654854447578,0.8333733390184915,0.4882293528086396,0.380806454904484,0.3305976430976431,2.0482176957352003,0.6253195705594516,0.34562068175734534,5.744507242815747,0.38620708165306517,1.5689839406051893,0.33238636363636365,1.0,M2c_CFEM_03_E90_Z0p08_H0p75_crescent_center_hotspot,M2c_CFEM_03_E90_Z0p08_H0p75_crescent_center_hotspot,synthetic_simulation,H:\My Drive\MN_simulation\outputs\method2b\targeted_comsol_counterfactual_20260521\lesions\M2c_CFEM_03_E90_Z0p08_H0p75_crescent_center_hotspot,H:\My Drive\MN_simulation\outputs\method2b\targeted_comsol_counterfactual_20260521\lesions\M2c_CFEM_03_E90_Z0p08_H0p75_crescent_center_hotspot\interp_lesion_mask.csv,3.0,86.11105652552271,28.70368550850757,0.1087748930231695
0.1364474826388889,1.2708333333333333,0.41680970559165,1.3896730088105544,0.6943953103679515,0.9780283881003308,1.061691148048687,0.6570010449320794,1.0224652087475148,0.5047280690098376,0.3631991596655124,3.4403754014038195,0.16315688962652433,1.7876479444975224,0.33646812957157785,1.0,M2c_CFEM_04_E90_Z0p12_H0p25_lobed_nb_gradient,M2c_CFEM_04_E90_Z0p12_H0p25_lobed_nb_gradient,synthetic_simulation,H:\My Drive\MN_simulation\outputs\method2b\targeted_comsol_counterfactual_20260521\lesions\M2c_CFEM_04_E90_Z0p12_H0p25_lobed_nb_gradient,H:\My Drive\MN_simulation\outputs\method2b\targeted_comsol_counterfactual_20260521\lesions\M2c_CFEM_04_E90_Z0p12_H0p25_lobed_nb_gradient\interp_lesion_mask.csv,3.0,88.38000371105852,29.460001237019508,0.1862132910372436
0.1349555121527778,1.2291666666666667,0.4145246613325961,1.6835353595631275,0.804473812838624,1.0,1.1224808569095963,0.7328030637796435,1.0,0.5381703745646099,0.3196668080106518,3.3459192876393455,0.18102245847069526,1.7971476103075297,0.39829135366033286,1.0,M2c_CFEM_01_E95_Z0p15_H1p65_ellipse_nb_core,M2c_CFEM_01_E95_Z0p15_H1p65_ellipse_nb_core,ellipse_or_cylinder,H:\My Drive\MN_simulation\outputs\method2b\targeted_comsol_counterfactual_20260521\lesions\M2c_CFEM_01_E95_Z0p15_H1p65_ellipse_nb_core,H:\My Drive\MN_simulation\outputs\method2b\targeted_comsol_counterfactual_20260521\lesions\M2c_CFEM_01_E95_Z0p15_H1p65_ellipse_nb_core\interp_lesion_mask.csv,3.0,93.31841380967823,31.106137936559417,0.2395370000792757
0.1255154079861111,1.3385416666666667,0.39976390647666565,2.2065035919465523,0.8914059656055058,0.9155124653739614,0.8803251651446637,0.6295238095238095,1.0922844175491677,0.6142501621890909,0.27838167335463365,3.7781863407024066,0.3190706503829992,1.734274536685521,0.4224489795918367,1.0,M2c_CFEM_07_E5_Z4p4_H0p35_twofoci_half_checker,M2c_CFEM_07_E5_Z4p4_H0p35_twofoci_half_checker,synthetic_simulation,H:\My Drive\MN_simulation\outputs\method2b\targeted_comsol_counterfactual_20260521\lesions\M2c_CFEM_07_E5_Z4p4_H0p35_twofoci_half_checker,H:\My Drive\MN_simulation\outputs\method2b\targeted_comsol_counterfactual_20260521\lesions\M2c_CFEM_07_E5_Z4p4_H0p35_twofoci_half_checker\interp_lesion_mask.csv,3.0,4.963157946134168,1.6543859820447226,0.0684984386534791
0.1349555121527778,1.2291666666666667,0.4145246613325961,1.6835353595631275,0.804473812838624,1.0,1.1224808569095963,0.7328030637796435,1.0,0.5381703745646099,0.3196668080106518,3.3459192876393455,0.18102245847069526,1.7971476103075297,0.39829135366033286,1.0,M2c_CFEM_06_E90_Z4p65_H0p75_ellipse_nb_core,M2c_CFEM_06_E90_Z4p65_H0p75_ellipse_nb_core,ellipse_or_cylinder,H:\My Drive\MN_simulation\outputs\method2b\targeted_comsol_counterfactual_20260521\lesions\M2c_CFEM_06_E90_Z4p65_H0p75_ellipse_nb_core,H:\My Drive\MN_simulation\outputs\method2b\targeted_comsol_counterfactual_20260521\lesions\M2c_CFEM_06_E90_Z4p65_H0p75_ellipse_nb_core\interp_lesion_mask.csv,3.0,88.40980436350009,29.469934787833363,0.239095251045373
0.1367458767361111,1.2239583333333333,0.41726521283219475,1.717824382847112,0.8130945228124433,1.0,1.147072417690984,0.6935883324160704,1.0,0.5469489788491894,0.3183963298638708,3.3098591549295775,0.1837056921796557,1.7496543614536169,0.43629609246009904,1.0,M2c_CFEM_05_E90_Z0p12_H1p95_ellipse_half_rim,M2c_CFEM_05_E90_Z0p12_H1p95_ellipse_half_rim,ellipse_or_cylinder,H:\My Drive\MN_simulation\outputs\method2b\targeted_comsol_counterfactual_20260521\lesions\M2c_CFEM_05_E90_Z0p12_H1p95_ellipse_half_rim,H:\My Drive\MN_simulation\outputs\method2b\targeted_comsol_counterfactual_20260521\lesions\M2c_CFEM_05_E90_Z0p12_H1p95_ellipse_half_rim\interp_lesion_mask.csv,3.0,87.8208207852588,29.2736069284196,0.2873240466838732
0.0852322048611111,1.6770833333333333,0.3294252778918692,1.8092654854447578,0.8333733390184915,0.4882293528086396,0.380806454904484,0.3305976430976431,2.0482176957352003,0.6253195705594516,0.34562068175734534,5.744507242815747,0.38620708165306517,1.5689839406051893,0.33238636363636365,1.0,M2c_CFEM_08_E3_Z0p15_H1p65_crescent_center_hotspot,M2c_CFEM_08_E3_Z0p15_H1p65_crescent_center_hotspot,synthetic_simulation,H:\My Drive\MN_simulation\outputs\method2b\targeted_comsol_counterfactual_20260521\lesions\M2c_CFEM_08_E3_Z0p15_H1p65_crescent_center_hotspot,H:\My Drive\MN_simulation\outputs\method2b\targeted_comsol_counterfactual_20260521\lesions\M2c_CFEM_08_E3_Z0p15_H1p65_crescent_center_hotspot\interp_lesion_mask.csv,3.0,3.0,1.0,0.0
0.1349555121527778,1.2291666666666667,0.4145246613325961,1.6835353595631275,0.804473812838624,1.0,1.1224808569095963,0.7328030637796435,1.0,0.5381703745646099,0.3196668080106518,3.3459192876393455,0.18102245847069526,1.7971476103075297,0.39829135366033286,1.0,M2c_CFEM_11_E55_Z1p6_H0p75_ellipse_nb_core,M2c_CFEM_11_E55_Z1p6_H0p75_ellipse_nb_core,ellipse_or_cylinder,H:\My Drive\MN_simulation\outputs\method2b\targeted_comsol_counterfactual_20260521\lesions\M2c_CFEM_11_E55_Z1p6_H0p75_ellipse_nb_core,H:\My Drive\MN_simulation\outputs\method2b\targeted_comsol_counterfactual_20260521\lesions\M2c_CFEM_11_E55_Z1p6_H0p75_ellipse_nb_core\interp_lesion_mask.csv,3.0,54.04953824025292,18.016512746750973,0.2337563851935021
0.1255154079861111,1.3385416666666667,0.39976390647666565,2.2065035919465523,0.8914059656055058,0.9155124653739614,0.8803251651446637,0.6295238095238095,1.0922844175491677,0.6142501621890909,0.27838167335463365,3.7781863407024066,0.3190706503829992,1.734274536685521,0.4224489795918367,1.0,M2c_CFEM_12_E8_Z1p6_H0p75_twofoci_half_checker,M2c_CFEM_12_E8_Z1p6_H0p75_twofoci_half_checker,synthetic_simulation,H:\My Drive\MN_simulation\outputs\method2b\targeted_comsol_counterfactual_20260521\lesions\M2c_CFEM_12_E8_Z1p6_H0p75_twofoci_half_checker,H:\My Drive\MN_simulation\outputs\method2b\targeted_comsol_counterfactual_20260521\lesions\M2c_CFEM_12_E8_Z1p6_H0p75_twofoci_half_checker\interp_lesion_mask.csv,3.0,7.886076169151386,2.6286920563837954,0.1045042821088568
0.1367458767361111,1.2239583333333333,0.41726521283219475,1.717824382847112,0.8130945228124433,1.0,1.147072417690984,0.6935883324160704,1.0,0.5469489788491894,0.3183963298638708,3.3098591549295775,0.1837056921796557,1.7496543614536169,0.43629609246009904,1.0,M2c_CFEM_10_E55_Z0p35_H1p2_ellipse_half_rim,M2c_CFEM_10_E55_Z0p35_H1p2_ellipse_half_rim,ellipse_or_cylinder,H:\My Drive\MN_simulation\outputs\method2b\targeted_comsol_counterfactual_20260521\lesions\M2c_CFEM_10_E55_Z0p35_H1p2_ellipse_half_rim,H:\My Drive\MN_simulation\outputs\method2b\targeted_comsol_counterfactual_20260521\lesions\M2c_CFEM_10_E55_Z0p35_H1p2_ellipse_half_rim\interp_lesion_mask.csv,3.0,53.69750207854549,17.899167359515165,0.2808661969190374
0.1364474826388889,1.2708333333333333,0.41680970559165,1.3896730088105544,0.6943953103679515,0.9780283881003308,1.061691148048687,0.6570010449320794,1.0224652087475148,0.5047280690098376,0.3631991596655124,3.4403754014038195,0.16315688962652433,1.7876479444975224,0.33646812957157785,1.0,M2c_CFEM_09_E85_Z3p9_H0p45_lobed_nb_gradient,M2c_CFEM_09_E85_Z3p9_H0p45_lobed_nb_gradient,synthetic_simulation,H:\My Drive\MN_simulation\outputs\method2b\targeted_comsol_counterfactual_20260521\lesions\M2c_CFEM_09_E85_Z3p9_H0p45_lobed_nb_gradient,H:\My Drive\MN_simulation\outputs\method2b\targeted_comsol_counterfactual_20260521\lesions\M2c_CFEM_09_E85_Z3p9_H0p45_lobed_nb_gradient\interp_lesion_mask.csv,3.0,83.47310694605515,27.824368982018385,0.1858286672822568
0.1364474826388889,1.2708333333333333,0.41680970559165,1.3896730088105544,0.6943953103679515,0.9780283881003308,1.061691148048687,0.6570010449320794,1.0224652087475148,0.5047280690098376,0.3631991596655124,3.4403754014038195,0.16315688962652433,1.7876479444975224,0.33646812957157785,1.0,M2c_CFEM_14_E5_Z0p25_H1p1_lobed_nb_gradient,M2c_CFEM_14_E5_Z0p25_H1p1_lobed_nb_gradient,synthetic_simulation,H:\My Drive\MN_simulation\outputs\method2b\targeted_comsol_counterfactual_20260521\lesions\M2c_CFEM_14_E5_Z0p25_H1p1_lobed_nb_gradient,H:\My Drive\MN_simulation\outputs\method2b\targeted_comsol_counterfactual_20260521\lesions\M2c_CFEM_14_E5_Z0p25_H1p1_lobed_nb_gradient\interp_lesion_mask.csv,3.0,4.962758706001346,1.6542529020004488,0.0762346260422866
0.1367458767361111,1.2239583333333333,0.41726521283219475,1.717824382847112,0.8130945228124433,1.0,1.147072417690984,0.6935883324160704,1.0,0.5469489788491894,0.3183963298638708,3.3098591549295775,0.1837056921796557,1.7496543614536169,0.43629609246009904,1.0,M2c_CFEM_15_E60_Z1p2_H0p75_ellipse_half_rim,M2c_CFEM_15_E60_Z1p2_H0p75_ellipse_half_rim,ellipse_or_cylinder,H:\My Drive\MN_simulation\outputs\method2b\targeted_comsol_counterfactual_20260521\lesions\M2c_CFEM_15_E60_Z1p2_H0p75_ellipse_half_rim,H:\My Drive\MN_simulation\outputs\method2b\targeted_comsol_counterfactual_20260521\lesions\M2c_CFEM_15_E60_Z1p2_H0p75_ellipse_half_rim\interp_lesion_mask.csv,3.0,58.57226189379024,19.52408729793008,0.2822494300851396
0.0852322048611111,1.6770833333333333,0.3294252778918692,1.8092654854447578,0.8333733390184915,0.4882293528086396,0.380806454904484,0.3305976430976431,2.0482176957352003,0.6253195705594516,0.34562068175734534,5.744507242815747,0.38620708165306517,1.5689839406051893,0.33238636363636365,1.0,M2c_CFEM_13_E8_Z3p6_H0p5_crescent_center_hotspot,M2c_CFEM_13_E8_Z3p6_H0p5_crescent_center_hotspot,synthetic_simulation,H:\My Drive\MN_simulation\outputs\method2b\targeted_comsol_counterfactual_20260521\lesions\M2c_CFEM_13_E8_Z3p6_H0p5_crescent_center_hotspot,H:\My Drive\MN_simulation\outputs\method2b\targeted_comsol_counterfactual_20260521\lesions\M2c_CFEM_13_E8_Z3p6_H0p5_crescent_center_hotspot\interp_lesion_mask.csv,3.0,7.859456187283068,2.619818729094356,0.1280173611453098
0.0852322048611111,1.6770833333333333,0.3294252778918692,1.8092654854447578,0.8333733390184915,0.4882293528086396,0.380806454904484,0.3305976430976431,2.0482176957352003,0.6253195705594516,0.34562068175734534,5.744507242815747,0.38620708165306517,1.5689839406051893,0.33238636363636365,1.0,M2c_CFEM_18_E25_Z0p9_H0p75_crescent_center_hotspot,M2c_CFEM_18_E25_Z0p9_H0p75_crescent_center_hotspot,synthetic_simulation,H:\My Drive\MN_simulation\outputs\method2b\targeted_comsol_counterfactual_20260521\lesions\M2c_CFEM_18_E25_Z0p9_H0p75_crescent_center_hotspot,H:\My Drive\MN_simulation\outputs\method2b\targeted_comsol_counterfactual_20260521\lesions\M2c_CFEM_18_E25_Z0p9_H0p75_crescent_center_hotspot\interp_lesion_mask.csv,3.0,24.366274282320703,8.122091427440234,0.2050393402818573
0.1255154079861111,1.3385416666666667,0.39976390647666565,2.2065035919465523,0.8914059656055058,0.9155124653739614,0.8803251651446637,0.6295238095238095,1.0922844175491677,0.6142501621890909,0.27838167335463365,3.7781863407024066,0.3190706503829992,1.734274536685521,0.4224489795918367,1.0,M2c_CFEM_17_E25_Z0p3_H0p75_twofoci_half_checker,M2c_CFEM_17_E25_Z0p3_H0p75_twofoci_half_checker,synthetic_simulation,H:\My Drive\MN_simulation\outputs\method2b\targeted_comsol_counterfactual_20260521\lesions\M2c_CFEM_17_E25_Z0p3_H0p75_twofoci_half_checker,H:\My Drive\MN_simulation\outputs\method2b\targeted_comsol_counterfactual_20260521\lesions\M2c_CFEM_17_E25_Z0p3_H0p75_twofoci_half_checker\interp_lesion_mask.csv,3.0,24.462418122348534,8.154139374116179,0.1559496032281683
0.1349555121527778,1.2291666666666667,0.4145246613325961,1.6835353595631275,0.804473812838624,1.0,1.1224808569095963,0.7328030637796435,1.0,0.5381703745646099,0.3196668080106518,3.3459192876393455,0.18102245847069526,1.7971476103075297,0.39829135366033286,1.0,M2c_CFEM_16_E35_Z1p2_H0p75_ellipse_nb_core,M2c_CFEM_16_E35_Z1p2_H0p75_ellipse_nb_core,ellipse_or_cylinder,H:\My Drive\MN_simulation\outputs\method2b\targeted_comsol_counterfactual_20260521\lesions\M2c_CFEM_16_E35_Z1p2_H0p75_ellipse_nb_core,H:\My Drive\MN_simulation\outputs\method2b\targeted_comsol_counterfactual_20260521\lesions\M2c_CFEM_16_E35_Z1p2_H0p75_ellipse_nb_core\interp_lesion_mask.csv,3.0,34.415100455540255,11.471700151846752,0.2259191596029233
0.1349555121527778,1.2291666666666667,0.4145246613325961,1.6835353595631275,0.804473812838624,1.0,1.1224808569095963,0.7328030637796435,1.0,0.5381703745646099,0.3196668080106518,3.3459192876393455,0.18102245847069526,1.7971476103075297,0.39829135366033286,1.0,M2c_CFEM_21_E16_Z1p2_H0p75_ellipse_nb_core,M2c_CFEM_21_E16_Z1p2_H0p75_ellipse_nb_core,ellipse_or_cylinder,H:\My Drive\MN_simulation\outputs\method2b\targeted_comsol_counterfactual_20260521\lesions\M2c_CFEM_21_E16_Z1p2_H0p75_ellipse_nb_core,H:\My Drive\MN_simulation\outputs\method2b\targeted_comsol_counterfactual_20260521\lesions\M2c_CFEM_21_E16_Z1p2_H0p75_ellipse_nb_core\interp_lesion_mask.csv,3.0,15.76238456006323,5.254128186687743,0.2003888534801868
0.1367458767361111,1.2239583333333333,0.41726521283219475,1.717824382847112,0.8130945228124433,1.0,1.147072417690984,0.6935883324160704,1.0,0.5469489788491894,0.3183963298638708,3.3098591549295775,0.1837056921796557,1.7496543614536169,0.43629609246009904,1.0,M2c_CFEM_20_E25_Z3p8_H0p75_ellipse_half_rim,M2c_CFEM_20_E25_Z3p8_H0p75_ellipse_half_rim,ellipse_or_cylinder,H:\My Drive\MN_simulation\outputs\method2b\targeted_comsol_counterfactual_20260521\lesions\M2c_CFEM_20_E25_Z3p8_H0p75_ellipse_half_rim,H:\My Drive\MN_simulation\outputs\method2b\targeted_comsol_counterfactual_20260521\lesions\M2c_CFEM_20_E25_Z3p8_H0p75_ellipse_half_rim\interp_lesion_mask.csv,3.0,24.44894318707693,8.149647729025645,0.2609833509460635
0.1364474826388889,1.2708333333333333,0.41680970559165,1.3896730088105544,0.6943953103679515,0.9780283881003308,1.061691148048687,0.6570010449320794,1.0224652087475148,0.5047280690098376,0.3631991596655124,3.4403754014038195,0.16315688962652433,1.7876479444975224,0.33646812957157785,1.0,M2c_CFEM_19_E25_Z2p2_H0p75_lobed_nb_gradient,M2c_CFEM_19_E25_Z2p2_H0p75_lobed_nb_gradient,synthetic_simulation,H:\My Drive\MN_simulation\outputs\method2b\targeted_comsol_counterfactual_20260521\lesions\M2c_CFEM_19_E25_Z2p2_H0p75_lobed_nb_gradient,H:\My Drive\MN_simulation\outputs\method2b\targeted_comsol_counterfactual_20260521\lesions\M2c_CFEM_19_E25_Z2p2_H0p75_lobed_nb_gradient\interp_lesion_mask.csv,3.0,24.5903457660148,8.196781922004932,0.1692401820857244
0.1255154079861111,1.3385416666666667,0.39976390647666565,2.2065035919465523,0.8914059656055058,0.9155124653739614,0.8803251651446637,0.6295238095238095,1.0922844175491677,0.6142501621890909,0.27838167335463365,3.7781863407024066,0.3190706503829992,1.734274536685521,0.4224489795918367,1.0,M2c_CFEM_22_E8_Z1p2_H0p75_twofoci_half_checker,M2c_CFEM_22_E8_Z1p2_H0p75_twofoci_half_checker,synthetic_simulation,H:\My Drive\MN_simulation\outputs\method2b\targeted_comsol_counterfactual_20260521\lesions\M2c_CFEM_22_E8_Z1p2_H0p75_twofoci_half_checker,H:\My Drive\MN_simulation\outputs\method2b\targeted_comsol_counterfactual_20260521\lesions\M2c_CFEM_22_E8_Z1p2_H0p75_twofoci_half_checker\interp_lesion_mask.csv,3.0,7.882013387020234,2.6273377956734114,0.1228522622506414
0.0852322048611111,1.6770833333333333,0.3294252778918692,1.8092654854447578,0.8333733390184915,0.4882293528086396,0.380806454904484,0.3305976430976431,2.0482176957352003,0.6253195705594516,0.34562068175734534,5.744507242815747,0.38620708165306517,1.5689839406051893,0.33238636363636365,1.0,M2c_CFEM_23_E45_Z0p5_H0p75_crescent_center_hotspot,M2c_CFEM_23_E45_Z0p5_H0p75_crescent_center_hotspot,synthetic_simulation,H:\My Drive\MN_simulation\outputs\method2b\targeted_comsol_counterfactual_20260521\lesions\M2c_CFEM_23_E45_Z0p5_H0p75_crescent_center_hotspot,H:\My Drive\MN_simulation\outputs\method2b\targeted_comsol_counterfactual_20260521\lesions\M2c_CFEM_23_E45_Z0p5_H0p75_crescent_center_hotspot\interp_lesion_mask.csv,3.0,43.26053795794913,14.420179319316375,0.1813862603320527
0.1364474826388889,1.2708333333333333,0.41680970559165,1.3896730088105544,0.6943953103679515,0.9780283881003308,1.061691148048687,0.6570010449320794,1.0224652087475148,0.5047280690098376,0.3631991596655124,3.4403754014038195,0.16315688962652433,1.7876479444975224,0.33646812957157785,1.0,M2c_CFEM_24_E45_Z1p5_H0p75_lobed_nb_gradient,M2c_CFEM_24_E45_Z1p5_H0p75_lobed_nb_gradient,synthetic_simulation,H:\My Drive\MN_simulation\outputs\method2b\targeted_comsol_counterfactual_20260521\lesions\M2c_CFEM_24_E45_Z1p5_H0p75_lobed_nb_gradient,H:\My Drive\MN_simulation\outputs\method2b\targeted_comsol_counterfactual_20260521\lesions\M2c_CFEM_24_E45_Z1p5_H0p75_lobed_nb_gradient\interp_lesion_mask.csv,3.0,44.21793282602825,14.739310942009418,0.1796785744632481
