condition_id,config_id,split_group_id,same_prior_group,disease,A_contrast,H,z_top,z_bottom,tumor_thickness,targeted_shape,targeted_lateral_position,targeted_heterogeneity_mode,targeted_heterogeneity_scale,ood_split_family,split_role,operator_noise_group,layer_modulus_variation_x,paired_operator_set,policy,model_training_allowed,diffusion_training_allowed
F3NCS_0000_iid_support_two_foci_zb02p9_E10p3,F3NCS_0000_iid_support_two_foci_zb02.9_E10.3,iid_support|two_foci|hotspot|nominal,iid_support|two_foci|hotspot|nominal,iid_support,10.25777,2.6286,0.24452,2.87313,2.6286,two_foci,center,hotspot,0.44909,iid_support,train,nominal,1.23517,MMP;PIEZO;US,method2b_512_full_comsol_bxyz_delta,True,True
F3NCS_0001_iid_support_two_foci_zb02p8_E25p1,F3NCS_0001_iid_support_two_foci_zb02.8_E25.1,iid_support|two_foci|homogeneous|nominal,iid_support|two_foci|homogeneous|nominal,iid_support,25.07582,2.04251,0.74037,2.78288,2.04251,two_foci,half_pitch_x_shift,homogeneous,0.0,iid_support,train,nominal,1.0274,MMP;PIEZO;US,method2b_512_full_comsol_bxyz_delta,True,True
F3NCS_0002_iid_support_cylinder_zb06p0_E09p7,F3NCS_0002_iid_support_cylinder_zb06.0_E09.7,iid_support|cylinder|hotspot|nominal,iid_support|cylinder|hotspot|nominal,iid_support,9.71322,2.93315,3.06682,5.99997,2.93315,cylinder,center,hotspot,0.73465,iid_support,train,nominal,1.09134,MMP;PIEZO;US,method2b_512_full_comsol_bxyz_delta,True,True
F3NCS_0003_iid_support_two_foci_zb05p7_E07p5,F3NCS_0003_iid_support_two_foci_zb05.7_E07.5,iid_support|two_foci|rim_soft|nominal,iid_support|two_foci|rim_soft|nominal,iid_support,7.46524,3.058,2.65101,5.70901,3.058,two_foci,near_boundary,rim_soft,0.34559,iid_support,train,nominal,0.8617,MMP;PIEZO;US,method2b_512_full_comsol_bxyz_delta,True,True
F3NCS_0004_iid_support_two_foci_zb06p6_E21p9,F3NCS_0004_iid_support_two_foci_zb06.6_E21.9,iid_support|two_foci|homogeneous|nominal,iid_support|two_foci|homogeneous|nominal,iid_support,21.86375,0.76142,5.81239,6.57381,0.76142,two_foci,half_pitch_x_shift,homogeneous,0.0,iid_support,train,nominal,0.71767,MMP;PIEZO;US,method2b_512_full_comsol_bxyz_delta,True,True
F3NCS_0005_iid_support_ellipse_zb07p0_E76p7,F3NCS_0005_iid_support_ellipse_zb07.0_E76.7,iid_support|ellipse|homogeneous|nominal,iid_support|ellipse|homogeneous|nominal,iid_support,76.66733,2.69282,4.28992,6.98274,2.69282,ellipse,near_boundary,homogeneous,0.0,iid_support,train,nominal,1.17988,MMP;PIEZO;US,method2b_512_full_comsol_bxyz_delta,True,True
F3NCS_0006_iid_support_two_foci_zb07p0_E64p3,F3NCS_0006_iid_support_two_foci_zb07.0_E64.3,iid_support|two_foci|homogeneous|nominal,iid_support|two_foci|homogeneous|nominal,iid_support,64.3163,2.85136,4.10274,6.9541,2.85136,two_foci,center,homogeneous,0.0,iid_support,validation,nominal,1.06806,MMP;PIEZO;US,method2b_512_full_comsol_bxyz_delta,True,True
F3NCS_0007_iid_support_two_foci_zb06p9_E08p1,F3NCS_0007_iid_support_two_foci_zb06.9_E08.1,iid_support|two_foci|hotspot|nominal,iid_support|two_foci|hotspot|nominal,iid_support,8.09541,0.84517,6.00957,6.85474,0.84517,two_foci,center,hotspot,0.57703,iid_support,train,nominal,0.60012,MMP;PIEZO;US,method2b_512_full_comsol_bxyz_delta,True,True
F3NCS_0008_iid_support_ellipse_zb06p4_E09p6,F3NCS_0008_iid_support_ellipse_zb06.4_E09.6,iid_support|ellipse|homogeneous|nominal,iid_support|ellipse|homogeneous|nominal,iid_support,9.62781,2.79506,3.64737,6.44243,2.79506,ellipse,center,homogeneous,0.0,iid_support,train,nominal,0.78092,MMP;PIEZO;US,method2b_512_full_comsol_bxyz_delta,True,True
F3NCS_0009_iid_support_ellipse_zb07p3_E22p5,F3NCS_0009_iid_support_ellipse_zb07.3_E22.5,iid_support|ellipse|rim_soft|nominal,iid_support|ellipse|rim_soft|nominal,iid_support,22.5255,2.97274,4.28585,7.25858,2.97274,ellipse,near_boundary,rim_soft,0.57988,iid_support,iid_test,nominal,0.94941,MMP;PIEZO;US,method2b_512_full_comsol_bxyz_delta,True,True
F3NCS_0010_iid_support_cylinder_zb06p1_E14p0,F3NCS_0010_iid_support_cylinder_zb06.1_E14.0,iid_support|cylinder|core_shell|nominal,iid_support|cylinder|core_shell|nominal,iid_support,14.01209,3.23093,2.85217,6.0831,3.23093,cylinder,half_pitch_x_shift,core_shell,0.48928,iid_support,iid_test,nominal,1.23202,MMP;PIEZO;US,method2b_512_full_comsol_bxyz_delta,True,True
F3NCS_0011_iid_support_two_foci_zb05p5_E07p3,F3NCS_0011_iid_support_two_foci_zb05.5_E07.3,iid_support|two_foci|lateral_gradient|nominal,iid_support|two_foci|lateral_gradient|nominal,iid_support,7.33054,0.66314,4.88515,5.54829,0.66314,two_foci,center,lateral_gradient,0.20675,iid_support,train,nominal,1.15105,MMP;PIEZO;US,method2b_512_full_comsol_bxyz_delta,True,True
F3NCS_0012_iid_support_two_foci_zb03p8_E09p0,F3NCS_0012_iid_support_two_foci_zb03.8_E09.0,iid_support|two_foci|homogeneous|nominal,iid_support|two_foci|homogeneous|nominal,iid_support,8.96328,2.83276,1.01477,3.84753,2.83276,two_foci,center,homogeneous,0.0,iid_support,train,nominal,0.87877,MMP;PIEZO;US,method2b_512_full_comsol_bxyz_delta,True,True
F3NCS_0013_iid_support_two_foci_zb04p5_E58p2,F3NCS_0013_iid_support_two_foci_zb04.5_E58.2,iid_support|two_foci|homogeneous|nominal,iid_support|two_foci|homogeneous|nominal,iid_support,58.2451,1.94775,2.54279,4.49053,1.94775,two_foci,near_boundary,homogeneous,0.0,iid_support,train,nominal,0.9512,MMP;PIEZO;US,method2b_512_full_comsol_bxyz_delta,True,True
F3NCS_0014_iid_support_ellipse_zb06p0_E08p5,F3NCS_0014_iid_support_ellipse_zb06.0_E08.5,iid_support|ellipse|lateral_gradient|nominal,iid_support|ellipse|lateral_gradient|nominal,iid_support,8.5272,3.14104,2.85271,5.99375,3.14104,ellipse,center,lateral_gradient,0.5935,iid_support,train,nominal,1.13766,MMP;PIEZO;US,method2b_512_full_comsol_bxyz_delta,True,True
F3NCS_0015_iid_support_cylinder_zb01p5_E13p2,F3NCS_0015_iid_support_cylinder_zb01.5_E13.2,iid_support|cylinder|rim_soft|nominal,iid_support|cylinder|rim_soft|nominal,iid_support,13.16643,1.12678,0.35883,1.48561,1.12678,cylinder,near_boundary,rim_soft,0.63919,iid_support,train,nominal,1.16265,MMP;PIEZO;US,method2b_512_full_comsol_bxyz_delta,True,True
F3NCS_0016_iid_support_two_foci_zb07p7_E13p3,F3NCS_0016_iid_support_two_foci_zb07.7_E13.3,iid_support|two_foci|checker|nominal,iid_support|two_foci|checker|nominal,iid_support,13.33043,3.11278,4.63012,7.7429,3.11278,two_foci,half_pitch_x_shift,checker,0.51603,iid_support,train,nominal,1.34136,MMP;PIEZO;US,method2b_512_full_comsol_bxyz_delta,True,True
F3NCS_0017_iid_support_two_foci_zb06p6_E25p4,F3NCS_0017_iid_support_two_foci_zb06.6_E25.4,iid_support|two_foci|lateral_gradient|nominal,iid_support|two_foci|lateral_gradient|nominal,iid_support,25.38346,1.13951,5.49301,6.63252,1.13951,two_foci,near_boundary,lateral_gradient,0.24769,iid_support,train,nominal,0.7505,MMP;PIEZO;US,method2b_512_full_comsol_bxyz_delta,True,True
F3NCS_0018_iid_support_cylinder_zb03p2_E20p0,F3NCS_0018_iid_support_cylinder_zb03.2_E20.0,iid_support|cylinder|core_shell|nominal,iid_support|cylinder|core_shell|nominal,iid_support,20.00578,2.76081,0.46923,3.23004,2.76081,cylinder,center,core_shell,0.45331,iid_support,train,nominal,0.96071,MMP;PIEZO;US,method2b_512_full_comsol_bxyz_delta,True,True
F3NCS_0019_iid_support_two_foci_zb05p4_E27p2,F3NCS_0019_iid_support_two_foci_zb05.4_E27.2,iid_support|two_foci|rim_soft|nominal,iid_support|two_foci|rim_soft|nominal,iid_support,27.15669,2.54379,2.8147,5.35849,2.54379,two_foci,half_pitch_x_shift,rim_soft,0.67736,iid_support,iid_test,nominal,1.00184,MMP;PIEZO;US,method2b_512_full_comsol_bxyz_delta,True,True
F3NCS_0020_iid_support_two_foci_zb05p4_E61p9,F3NCS_0020_iid_support_two_foci_zb05.4_E61.9,iid_support|two_foci|core_shell|nominal,iid_support|two_foci|core_shell|nominal,iid_support,61.88724,2.93488,2.43346,5.36834,2.93488,two_foci,near_boundary,core_shell,0.30694,iid_support,train,nominal,0.8319,MMP;PIEZO;US,method2b_512_full_comsol_bxyz_delta,True,True
F3NCS_0021_iid_support_ellipse_zb05p6_E31p9,F3NCS_0021_iid_support_ellipse_zb05.6_E31.9,iid_support|ellipse|homogeneous|nominal,iid_support|ellipse|homogeneous|nominal,iid_support,31.90755,2.59057,2.96911,5.55968,2.59057,ellipse,half_pitch_x_shift,homogeneous,0.0,iid_support,iid_test,nominal,0.68861,MMP;PIEZO;US,method2b_512_full_comsol_bxyz_delta,True,True
F3NCS_0022_iid_support_cylinder_zb07p6_E14p8,F3NCS_0022_iid_support_cylinder_zb07.6_E14.8,iid_support|cylinder|homogeneous|nominal,iid_support|cylinder|homogeneous|nominal,iid_support,14.76116,2.90251,4.67543,7.57795,2.90251,cylinder,near_boundary,homogeneous,0.0,iid_support,train,nominal,0.85684,MMP;PIEZO;US,method2b_512_full_comsol_bxyz_delta,True,True
F3NCS_0023_iid_support_cylinder_zb05p0_E06p6,F3NCS_0023_iid_support_cylinder_zb05.0_E06.6,iid_support|cylinder|lateral_gradient|nominal,iid_support|cylinder|lateral_gradient|nominal,iid_support,6.59193,2.55638,2.47554,5.03192,2.55638,cylinder,center,lateral_gradient,0.59453,iid_support,iid_test,nominal,1.04695,MMP;PIEZO;US,method2b_512_full_comsol_bxyz_delta,True,True
F3NCS_0024_iid_support_cylinder_zb03p4_E43p6,F3NCS_0024_iid_support_cylinder_zb03.4_E43.6,iid_support|cylinder|lateral_gradient|nominal,iid_support|cylinder|lateral_gradient|nominal,iid_support,43.63929,2.79518,0.59414,3.38933,2.79518,cylinder,near_boundary,lateral_gradient,0.49215,iid_support,validation,nominal,0.6641,MMP;PIEZO;US,method2b_512_full_comsol_bxyz_delta,True,True
F3NCS_0025_iid_support_two_foci_zb02p2_E75p2,F3NCS_0025_iid_support_two_foci_zb02.2_E75.2,iid_support|two_foci|core_shell|nominal,iid_support|two_foci|core_shell|nominal,iid_support,75.2026,1.87485,0.35113,2.22598,1.87485,two_foci,half_pitch_x_shift,core_shell,0.30943,iid_support,train,nominal,0.6701,MMP;PIEZO;US,method2b_512_full_comsol_bxyz_delta,True,True
F3NCS_0026_iid_support_two_foci_zb02p5_E58p3,F3NCS_0026_iid_support_two_foci_zb02.5_E58.3,iid_support|two_foci|homogeneous|nominal,iid_support|two_foci|homogeneous|nominal,iid_support,58.28595,1.92209,0.59694,2.51904,1.92209,two_foci,center,homogeneous,0.0,iid_support,train,nominal,0.77974,MMP;PIEZO;US,method2b_512_full_comsol_bxyz_delta,True,True
F3NCS_0027_iid_support_ellipse_zb02p3_E78p6,F3NCS_0027_iid_support_ellipse_zb02.3_E78.6,iid_support|ellipse|hotspot|nominal,iid_support|ellipse|hotspot|nominal,iid_support,78.59608,0.71012,1.62477,2.33489,0.71012,ellipse,center,hotspot,0.31173,iid_support,iid_test,nominal,0.7864,MMP;PIEZO;US,method2b_512_full_comsol_bxyz_delta,True,True
F3NCS_0028_iid_support_cylinder_zb06p9_E50p3,F3NCS_0028_iid_support_cylinder_zb06.9_E50.3,iid_support|cylinder|homogeneous|nominal,iid_support|cylinder|homogeneous|nominal,iid_support,50.30899,2.6785,4.23904,6.91754,2.6785,cylinder,center,homogeneous,0.0,iid_support,train,nominal,1.00898,MMP;PIEZO;US,method2b_512_full_comsol_bxyz_delta,True,True
F3NCS_0029_iid_support_two_foci_zb07p2_E14p6,F3NCS_0029_iid_support_two_foci_zb07.2_E14.6,iid_support|two_foci|hotspot|nominal,iid_support|two_foci|hotspot|nominal,iid_support,14.60488,0.71984,6.52056,7.24041,0.71984,two_foci,half_pitch_x_shift,hotspot,0.44061,iid_support,train,nominal,0.94145,MMP;PIEZO;US,method2b_512_full_comsol_bxyz_delta,True,True
F3NCS_0030_iid_support_cylinder_zb07p9_E15p6,F3NCS_0030_iid_support_cylinder_zb07.9_E15.6,iid_support|cylinder|rim_soft|nominal,iid_support|cylinder|rim_soft|nominal,iid_support,15.5653,2.9037,4.99328,7.89698,2.9037,cylinder,center,rim_soft,0.41329,iid_support,validation,nominal,0.67731,MMP;PIEZO;US,method2b_512_full_comsol_bxyz_delta,True,True
F3NCS_0031_iid_support_ellipse_zb07p2_E15p0,F3NCS_0031_iid_support_ellipse_zb07.2_E15.0,iid_support|ellipse|core_shell|nominal,iid_support|ellipse|core_shell|nominal,iid_support,14.9742,0.99489,6.25332,7.24821,0.99489,ellipse,half_pitch_x_shift,core_shell,0.47768,iid_support,validation,nominal,1.18403,MMP;PIEZO;US,method2b_512_full_comsol_bxyz_delta,True,True
F3NCS_0032_iid_support_ellipse_zb06p0_E06p8,F3NCS_0032_iid_support_ellipse_zb06.0_E06.8,iid_support|ellipse|homogeneous|nominal,iid_support|ellipse|homogeneous|nominal,iid_support,6.83989,1.24008,4.71794,5.95803,1.24008,ellipse,half_pitch_x_shift,homogeneous,0.0,iid_support,train,nominal,0.82618,MMP;PIEZO;US,method2b_512_full_comsol_bxyz_delta,True,True
F3NCS_0033_iid_support_ellipse_zb02p8_E06p9,F3NCS_0033_iid_support_ellipse_zb02.8_E06.9,iid_support|ellipse|checker|nominal,iid_support|ellipse|checker|nominal,iid_support,6.94102,2.53685,0.2574,2.79425,2.53685,ellipse,center,checker,0.67839,iid_support,train,nominal,1.52433,MMP;PIEZO;US,method2b_512_full_comsol_bxyz_delta,True,True
F3NCS_0034_iid_support_ellipse_zb03p1_E40p4,F3NCS_0034_iid_support_ellipse_zb03.1_E40.4,iid_support|ellipse|checker|nominal,iid_support|ellipse|checker|nominal,iid_support,40.42982,0.51534,2.55583,3.07117,0.51534,ellipse,half_pitch_x_shift,checker,0.39145,iid_support,train,nominal,1.26349,MMP;PIEZO;US,method2b_512_full_comsol_bxyz_delta,True,True
F3NCS_0035_iid_support_ellipse_zb02p8_E30p8,F3NCS_0035_iid_support_ellipse_zb02.8_E30.8,iid_support|ellipse|rim_soft|nominal,iid_support|ellipse|rim_soft|nominal,iid_support,30.78275,1.16265,1.65897,2.82161,1.16265,ellipse,near_boundary,rim_soft,0.65547,iid_support,iid_test,nominal,0.80892,MMP;PIEZO;US,method2b_512_full_comsol_bxyz_delta,True,True
F3NCS_0036_iid_support_cylinder_zb07p9_E11p2,F3NCS_0036_iid_support_cylinder_zb07.9_E11.2,iid_support|cylinder|hotspot|nominal,iid_support|cylinder|hotspot|nominal,iid_support,11.17407,2.02548,5.86322,7.8887,2.02548,cylinder,near_boundary,hotspot,0.26019,iid_support,train,nominal,0.80783,MMP;PIEZO;US,method2b_512_full_comsol_bxyz_delta,True,True
F3NCS_0037_iid_support_ellipse_zb08p0_E07p6,F3NCS_0037_iid_support_ellipse_zb08.0_E07.6,iid_support|ellipse|homogeneous|nominal,iid_support|ellipse|homogeneous|nominal,iid_support,7.56322,1.39729,6.55769,7.95498,1.39729,ellipse,center,homogeneous,0.0,iid_support,iid_test,nominal,0.86064,MMP;PIEZO;US,method2b_512_full_comsol_bxyz_delta,True,True
F3NCS_0038_iid_support_two_foci_zb07p0_E48p1,F3NCS_0038_iid_support_two_foci_zb07.0_E48.1,iid_support|two_foci|checker|nominal,iid_support|two_foci|checker|nominal,iid_support,48.06344,2.36884,4.6523,7.02114,2.36884,two_foci,center,checker,0.33419,iid_support,train,nominal,0.72975,MMP;PIEZO;US,method2b_512_full_comsol_bxyz_delta,True,True
F3NCS_0039_iid_support_cylinder_zb03p5_E74p0,F3NCS_0039_iid_support_cylinder_zb03.5_E74.0,iid_support|cylinder|core_shell|nominal,iid_support|cylinder|core_shell|nominal,iid_support,74.04867,3.17689,0.29627,3.47316,3.17689,cylinder,center,core_shell,0.67836,iid_support,train,nominal,1.02208,MMP;PIEZO;US,method2b_512_full_comsol_bxyz_delta,True,True
F3NCS_0040_iid_support_two_foci_zb05p0_E42p1,F3NCS_0040_iid_support_two_foci_zb05.0_E42.1,iid_support|two_foci|core_shell|nominal,iid_support|two_foci|core_shell|nominal,iid_support,42.06616,1.44772,3.5896,5.03732,1.44772,two_foci,near_boundary,core_shell,0.27649,iid_support,train,nominal,0.96595,MMP;PIEZO;US,method2b_512_full_comsol_bxyz_delta,True,True
F3NCS_0041_iid_support_cylinder_zb04p9_E06p3,F3NCS_0041_iid_support_cylinder_zb04.9_E06.3,iid_support|cylinder|checker|nominal,iid_support|cylinder|checker|nominal,iid_support,6.27409,2.13148,2.81479,4.94627,2.13148,cylinder,half_pitch_x_shift,checker,0.70759,iid_support,train,nominal,1.1986,MMP;PIEZO;US,method2b_512_full_comsol_bxyz_delta,True,True
F3NCS_0042_iid_support_two_foci_zb05p3_E07p9,F3NCS_0042_iid_support_two_foci_zb05.3_E07.9,iid_support|two_foci|homogeneous|nominal,iid_support|two_foci|homogeneous|nominal,iid_support,7.93983,0.53369,4.73107,5.26475,0.53369,two_foci,center,homogeneous,0.0,iid_support,train,nominal,0.665,MMP;PIEZO;US,method2b_512_full_comsol_bxyz_delta,True,True
F3NCS_0043_iid_support_two_foci_zb04p5_E09p2,F3NCS_0043_iid_support_two_foci_zb04.5_E09.2,iid_support|two_foci|rim_soft|nominal,iid_support|two_foci|rim_soft|nominal,iid_support,9.16677,2.33883,2.13773,4.47655,2.33883,two_foci,half_pitch_x_shift,rim_soft,0.49058,iid_support,train,nominal,1.005,MMP;PIEZO;US,method2b_512_full_comsol_bxyz_delta,True,True
F3NCS_0044_iid_support_ellipse_zb07p2_E08p4,F3NCS_0044_iid_support_ellipse_zb07.2_E08.4,iid_support|ellipse|core_shell|nominal,iid_support|ellipse|core_shell|nominal,iid_support,8.35573,0.49141,6.69353,7.18494,0.49141,ellipse,half_pitch_x_shift,core_shell,0.45375,iid_support,iid_test,nominal,0.90946,MMP;PIEZO;US,method2b_512_full_comsol_bxyz_delta,True,True
F3NCS_0045_iid_support_ellipse_zb01p9_E37p5,F3NCS_0045_iid_support_ellipse_zb01.9_E37.5,iid_support|ellipse|core_shell|nominal,iid_support|ellipse|core_shell|nominal,iid_support,37.52101,0.55387,1.32974,1.88361,0.55387,ellipse,center,core_shell,0.30427,iid_support,train,nominal,1.24945,MMP;PIEZO;US,method2b_512_full_comsol_bxyz_delta,True,True
F3NCS_0046_iid_support_cylinder_zb02p9_E40p4,F3NCS_0046_iid_support_cylinder_zb02.9_E40.4,iid_support|cylinder|homogeneous|nominal,iid_support|cylinder|homogeneous|nominal,iid_support,40.36876,2.20196,0.73853,2.94049,2.20196,cylinder,near_boundary,homogeneous,0.0,iid_support,validation,nominal,1.1673,MMP;PIEZO;US,method2b_512_full_comsol_bxyz_delta,True,True
F3NCS_0047_iid_support_ellipse_zb05p8_E09p2,F3NCS_0047_iid_support_ellipse_zb05.8_E09.2,iid_support|ellipse|lateral_gradient|nominal,iid_support|ellipse|lateral_gradient|nominal,iid_support,9.22442,1.51625,4.32844,5.8447,1.51625,ellipse,center,lateral_gradient,0.52193,iid_support,train,nominal,0.92196,MMP;PIEZO;US,method2b_512_full_comsol_bxyz_delta,True,True
F3NCS_0048_iid_support_cylinder_zb05p4_E20p8,F3NCS_0048_iid_support_cylinder_zb05.4_E20.8,iid_support|cylinder|homogeneous|nominal,iid_support|cylinder|homogeneous|nominal,iid_support,20.78003,1.60582,3.80788,5.4137,1.60582,cylinder,center,homogeneous,0.0,iid_support,train,nominal,0.83397,MMP;PIEZO;US,method2b_512_full_comsol_bxyz_delta,True,True
F3NCS_0049_iid_support_two_foci_zb02p4_E19p3,F3NCS_0049_iid_support_two_foci_zb02.4_E19.3,iid_support|two_foci|lateral_gradient|nominal,iid_support|two_foci|lateral_gradient|nominal,iid_support,19.3059,2.04814,0.38466,2.4328,2.04814,two_foci,center,lateral_gradient,0.59232,iid_support,validation,nominal,0.61955,MMP;PIEZO;US,method2b_512_full_comsol_bxyz_delta,True,True
F3NCS_0050_iid_support_cylinder_zb03p4_E11p1,F3NCS_0050_iid_support_cylinder_zb03.4_E11.1,iid_support|cylinder|checker|nominal,iid_support|cylinder|checker|nominal,iid_support,11.05362,1.26555,2.14978,3.41532,1.26555,cylinder,center,checker,0.19317,iid_support,train,nominal,0.70443,MMP;PIEZO;US,method2b_512_full_comsol_bxyz_delta,True,True
F3NCS_0051_iid_support_ellipse_zb05p8_E11p0,F3NCS_0051_iid_support_ellipse_zb05.8_E11.0,iid_support|ellipse|checker|nominal,iid_support|ellipse|checker|nominal,iid_support,10.9785,0.58763,5.22925,5.81688,0.58763,ellipse,center,checker,0.25304,iid_support,validation,nominal,1.09812,MMP;PIEZO;US,method2b_512_full_comsol_bxyz_delta,True,True
F3NCS_0052_iid_support_two_foci_zb03p9_E12p7,F3NCS_0052_iid_support_two_foci_zb03.9_E12.7,iid_support|two_foci|core_shell|nominal,iid_support|two_foci|core_shell|nominal,iid_support,12.66267,0.92874,2.95877,3.88751,0.92874,two_foci,near_boundary,core_shell,0.72101,iid_support,train,nominal,0.76355,MMP;PIEZO;US,method2b_512_full_comsol_bxyz_delta,True,True
F3NCS_0053_iid_support_two_foci_zb03p0_E11p5,F3NCS_0053_iid_support_two_foci_zb03.0_E11.5,iid_support|two_foci|lateral_gradient|nominal,iid_support|two_foci|lateral_gradient|nominal,iid_support,11.49307,1.31665,1.71032,3.02697,1.31665,two_foci,center,lateral_gradient,0.47394,iid_support,validation,nominal,0.80761,MMP;PIEZO;US,method2b_512_full_comsol_bxyz_delta,True,True
F3NCS_0054_iid_support_ellipse_zb05p3_E16p6,F3NCS_0054_iid_support_ellipse_zb05.3_E16.6,iid_support|ellipse|rim_soft|nominal,iid_support|ellipse|rim_soft|nominal,iid_support,16.61778,1.2691,3.98763,5.25673,1.2691,ellipse,half_pitch_x_shift,rim_soft,0.71258,iid_support,train,nominal,0.85638,MMP;PIEZO;US,method2b_512_full_comsol_bxyz_delta,True,True
F3NCS_0055_iid_support_cylinder_zb07p0_E06p0,F3NCS_0055_iid_support_cylinder_zb07.0_E06.0,iid_support|cylinder|homogeneous|nominal,iid_support|cylinder|homogeneous|nominal,iid_support,6.02359,1.74425,5.26024,7.00448,1.74425,cylinder,near_boundary,homogeneous,0.0,iid_support,train,nominal,1.04682,MMP;PIEZO;US,method2b_512_full_comsol_bxyz_delta,True,True
F3NCS_0056_iid_support_cylinder_zb05p4_E06p0,F3NCS_0056_iid_support_cylinder_zb05.4_E06.0,iid_support|cylinder|homogeneous|nominal,iid_support|cylinder|homogeneous|nominal,iid_support,6.04924,2.08952,3.35119,5.44072,2.08952,cylinder,near_boundary,homogeneous,0.0,iid_support,train,nominal,0.96414,MMP;PIEZO;US,method2b_512_full_comsol_bxyz_delta,True,True
F3NCS_0057_iid_support_ellipse_zb02p3_E23p6,F3NCS_0057_iid_support_ellipse_zb02.3_E23.6,iid_support|ellipse|core_shell|nominal,iid_support|ellipse|core_shell|nominal,iid_support,23.59279,2.09693,0.21704,2.31397,2.09693,ellipse,near_boundary,core_shell,0.27803,iid_support,train,nominal,0.94039,MMP;PIEZO;US,method2b_512_full_comsol_bxyz_delta,True,True
F3NCS_0058_iid_support_two_foci_zb02p5_E18p0,F3NCS_0058_iid_support_two_foci_zb02.5_E18.0,iid_support|two_foci|checker|nominal,iid_support|two_foci|checker|nominal,iid_support,17.9769,2.00612,0.49413,2.50025,2.00612,two_foci,center,checker,0.50016,iid_support,train,nominal,0.77506,MMP;PIEZO;US,method2b_512_full_comsol_bxyz_delta,True,True
F3NCS_0059_iid_support_ellipse_zb07p7_E49p7,F3NCS_0059_iid_support_ellipse_zb07.7_E49.7,iid_support|ellipse|rim_soft|nominal,iid_support|ellipse|rim_soft|nominal,iid_support,49.66195,2.19708,5.48378,7.68086,2.19708,ellipse,near_boundary,rim_soft,0.27413,iid_support,validation,nominal,0.69119,MMP;PIEZO;US,method2b_512_full_comsol_bxyz_delta,True,True
F3NCS_0060_iid_support_ellipse_zb05p1_E15p9,F3NCS_0060_iid_support_ellipse_zb05.1_E15.9,iid_support|ellipse|lateral_gradient|nominal,iid_support|ellipse|lateral_gradient|nominal,iid_support,15.89198,1.06393,4.0169,5.08083,1.06393,ellipse,center,lateral_gradient,0.73074,iid_support,validation,nominal,1.51428,MMP;PIEZO;US,method2b_512_full_comsol_bxyz_delta,True,True
F3NCS_0061_iid_support_cylinder_zb06p8_E36p4,F3NCS_0061_iid_support_cylinder_zb06.8_E36.4,iid_support|cylinder|core_shell|nominal,iid_support|cylinder|core_shell|nominal,iid_support,36.42076,2.90466,3.94309,6.84775,2.90466,cylinder,half_pitch_x_shift,core_shell,0.4555,iid_support,train,nominal,1.44351,MMP;PIEZO;US,method2b_512_full_comsol_bxyz_delta,True,True
F3NCS_0062_iid_support_two_foci_zb02p5_E26p0,F3NCS_0062_iid_support_two_foci_zb02.5_E26.0,iid_support|two_foci|homogeneous|nominal,iid_support|two_foci|homogeneous|nominal,iid_support,25.97913,0.63219,1.8574,2.48959,0.63219,two_foci,center,homogeneous,0.0,iid_support,train,nominal,1.22676,MMP;PIEZO;US,method2b_512_full_comsol_bxyz_delta,True,True
F3NCS_0063_iid_support_ellipse_zb02p6_E15p8,F3NCS_0063_iid_support_ellipse_zb02.6_E15.8,iid_support|ellipse|homogeneous|nominal,iid_support|ellipse|homogeneous|nominal,iid_support,15.78465,1.16274,1.45266,2.6154,1.16274,ellipse,center,homogeneous,0.0,iid_support,train,nominal,0.82722,MMP;PIEZO;US,method2b_512_full_comsol_bxyz_delta,True,True
F3NCS_0064_iid_support_two_foci_zb03p1_E32p0,F3NCS_0064_iid_support_two_foci_zb03.1_E32.0,iid_support|two_foci|core_shell|nominal,iid_support|two_foci|core_shell|nominal,iid_support,32.02447,2.24419,0.89125,3.13544,2.24419,two_foci,half_pitch_x_shift,core_shell,0.58394,iid_support,train,nominal,1.30497,MMP;PIEZO;US,method2b_512_full_comsol_bxyz_delta,True,True
F3NCS_0065_iid_support_two_foci_zb05p7_E34p2,F3NCS_0065_iid_support_two_foci_zb05.7_E34.2,iid_support|two_foci|checker|nominal,iid_support|two_foci|checker|nominal,iid_support,34.21728,1.22238,4.52732,5.7497,1.22238,two_foci,center,checker,0.5397,iid_support,train,nominal,1.09559,MMP;PIEZO;US,method2b_512_full_comsol_bxyz_delta,True,True
F3NCS_0066_iid_support_two_foci_zb05p5_E92p5,F3NCS_0066_iid_support_two_foci_zb05.5_E92.5,iid_support|two_foci|homogeneous|nominal,iid_support|two_foci|homogeneous|nominal,iid_support,92.50893,1.95929,3.54162,5.50091,1.95929,two_foci,half_pitch_x_shift,homogeneous,0.0,iid_support,validation,nominal,1.30557,MMP;PIEZO;US,method2b_512_full_comsol_bxyz_delta,True,True
F3NCS_0067_iid_support_cylinder_zb01p7_E23p1,F3NCS_0067_iid_support_cylinder_zb01.7_E23.1,iid_support|cylinder|core_shell|nominal,iid_support|cylinder|core_shell|nominal,iid_support,23.11289,1.49382,0.24713,1.74095,1.49382,cylinder,near_boundary,core_shell,0.56361,iid_support,train,nominal,0.77611,MMP;PIEZO;US,method2b_512_full_comsol_bxyz_delta,True,True
F3NCS_0068_iid_support_cylinder_zb05p9_E53p9,F3NCS_0068_iid_support_cylinder_zb05.9_E53.9,iid_support|cylinder|hotspot|nominal,iid_support|cylinder|hotspot|nominal,iid_support,53.86233,1.29169,4.61515,5.90684,1.29169,cylinder,center,hotspot,0.29346,iid_support,train,nominal,0.92278,MMP;PIEZO;US,method2b_512_full_comsol_bxyz_delta,True,True
F3NCS_0069_iid_support_two_foci_zb03p2_E09p6,F3NCS_0069_iid_support_two_foci_zb03.2_E09.6,iid_support|two_foci|checker|nominal,iid_support|two_foci|checker|nominal,iid_support,9.61006,2.84446,0.33733,3.18179,2.84446,two_foci,half_pitch_x_shift,checker,0.49484,iid_support,train,nominal,1.08363,MMP;PIEZO;US,method2b_512_full_comsol_bxyz_delta,True,True
F3NCS_0070_iid_support_ellipse_zb02p3_E23p3,F3NCS_0070_iid_support_ellipse_zb02.3_E23.3,iid_support|ellipse|homogeneous|nominal,iid_support|ellipse|homogeneous|nominal,iid_support,23.33773,1.7488,0.55013,2.29893,1.7488,ellipse,center,homogeneous,0.0,iid_support,train,nominal,1.04685,MMP;PIEZO;US,method2b_512_full_comsol_bxyz_delta,True,True
F3NCS_0071_iid_support_two_foci_zb06p7_E57p7,F3NCS_0071_iid_support_two_foci_zb06.7_E57.7,iid_support|two_foci|core_shell|nominal,iid_support|two_foci|core_shell|nominal,iid_support,57.72718,2.8001,3.87718,6.67728,2.8001,two_foci,half_pitch_x_shift,core_shell,0.25992,iid_support,train,nominal,1.21807,MMP;PIEZO;US,method2b_512_full_comsol_bxyz_delta,True,True
F3NCS_0072_iid_support_cylinder_zb07p0_E07p5,F3NCS_0072_iid_support_cylinder_zb07.0_E07.5,iid_support|cylinder|checker|nominal,iid_support|cylinder|checker|nominal,iid_support,7.47794,3.19289,3.81476,7.00764,3.19289,cylinder,near_boundary,checker,0.3667,iid_support,train,nominal,0.79152,MMP;PIEZO;US,method2b_512_full_comsol_bxyz_delta,True,True
F3NCS_0073_iid_support_two_foci_zb02p9_E61p2,F3NCS_0073_iid_support_two_foci_zb02.9_E61.2,iid_support|two_foci|homogeneous|nominal,iid_support|two_foci|homogeneous|nominal,iid_support,61.16371,2.01174,0.85829,2.87002,2.01174,two_foci,half_pitch_x_shift,homogeneous,0.0,iid_support,train,nominal,1.05358,MMP;PIEZO;US,method2b_512_full_comsol_bxyz_delta,True,True
F3NCS_0074_iid_support_ellipse_zb07p8_E18p7,F3NCS_0074_iid_support_ellipse_zb07.8_E18.7,iid_support|ellipse|checker|nominal,iid_support|ellipse|checker|nominal,iid_support,18.68813,0.57194,7.2207,7.79264,0.57194,ellipse,half_pitch_x_shift,checker,0.71856,iid_support,train,nominal,0.8756,MMP;PIEZO;US,method2b_512_full_comsol_bxyz_delta,True,True
F3NCS_0075_iid_support_cylinder_zb05p3_E20p5,F3NCS_0075_iid_support_cylinder_zb05.3_E20.5,iid_support|cylinder|core_shell|nominal,iid_support|cylinder|core_shell|nominal,iid_support,20.4813,1.3274,3.97668,5.30408,1.3274,cylinder,center,core_shell,0.6993,iid_support,train,nominal,0.6801,MMP;PIEZO;US,method2b_512_full_comsol_bxyz_delta,True,True
F3NCS_0076_iid_support_two_foci_zb03p6_E07p6,F3NCS_0076_iid_support_two_foci_zb03.6_E07.6,iid_support|two_foci|core_shell|nominal,iid_support|two_foci|core_shell|nominal,iid_support,7.61324,3.11587,0.45883,3.5747,3.11587,two_foci,near_boundary,core_shell,0.40651,iid_support,train,nominal,0.82696,MMP;PIEZO;US,method2b_512_full_comsol_bxyz_delta,True,True
F3NCS_0077_iid_support_ellipse_zb02p5_E15p4,F3NCS_0077_iid_support_ellipse_zb02.5_E15.4,iid_support|ellipse|lateral_gradient|nominal,iid_support|ellipse|lateral_gradient|nominal,iid_support,15.40495,2.22062,0.24633,2.46695,2.22062,ellipse,center,lateral_gradient,0.32969,iid_support,train,nominal,1.29114,MMP;PIEZO;US,method2b_512_full_comsol_bxyz_delta,True,True
F3NCS_0078_iid_support_ellipse_zb04p3_E56p8,F3NCS_0078_iid_support_ellipse_zb04.3_E56.8,iid_support|ellipse|hotspot|nominal,iid_support|ellipse|hotspot|nominal,iid_support,56.78109,1.59524,2.74101,4.33626,1.59524,ellipse,near_boundary,hotspot,0.67308,iid_support,train,nominal,1.17672,MMP;PIEZO;US,method2b_512_full_comsol_bxyz_delta,True,True
F3NCS_0079_iid_support_cylinder_zb04p3_E13p0,F3NCS_0079_iid_support_cylinder_zb04.3_E13.0,iid_support|cylinder|homogeneous|nominal,iid_support|cylinder|homogeneous|nominal,iid_support,12.96904,0.73274,3.54592,4.27866,0.73274,cylinder,near_boundary,homogeneous,0.0,iid_support,iid_test,nominal,1.52238,MMP;PIEZO;US,method2b_512_full_comsol_bxyz_delta,True,True
F3NCS_0080_iid_support_ellipse_zb01p9_E45p6,F3NCS_0080_iid_support_ellipse_zb01.9_E45.6,iid_support|ellipse|rim_soft|nominal,iid_support|ellipse|rim_soft|nominal,iid_support,45.64213,1.37305,0.49177,1.86482,1.37305,ellipse,near_boundary,rim_soft,0.38265,iid_support,train,nominal,0.73279,MMP;PIEZO;US,method2b_512_full_comsol_bxyz_delta,True,True
F3NCS_0081_iid_support_ellipse_zb05p9_E06p8,F3NCS_0081_iid_support_ellipse_zb05.9_E06.8,iid_support|ellipse|core_shell|nominal,iid_support|ellipse|core_shell|nominal,iid_support,6.83117,1.15121,4.70313,5.85434,1.15121,ellipse,center,core_shell,0.7075,iid_support,iid_test,nominal,1.20423,MMP;PIEZO;US,method2b_512_full_comsol_bxyz_delta,True,True
F3NCS_0082_iid_support_ellipse_zb03p6_E13p8,F3NCS_0082_iid_support_ellipse_zb03.6_E13.8,iid_support|ellipse|hotspot|nominal,iid_support|ellipse|hotspot|nominal,iid_support,13.82293,2.54874,1.04574,3.59448,2.54874,ellipse,center,hotspot,0.36143,iid_support,train,nominal,1.57765,MMP;PIEZO;US,method2b_512_full_comsol_bxyz_delta,True,True
F3NCS_0083_iid_support_cylinder_zb03p8_E32p6,F3NCS_0083_iid_support_cylinder_zb03.8_E32.6,iid_support|cylinder|hotspot|nominal,iid_support|cylinder|hotspot|nominal,iid_support,32.62308,1.88318,1.93567,3.81885,1.88318,cylinder,center,hotspot,0.65106,iid_support,train,nominal,0.77891,MMP;PIEZO;US,method2b_512_full_comsol_bxyz_delta,True,True
F3NCS_0084_iid_support_ellipse_zb03p8_E31p3,F3NCS_0084_iid_support_ellipse_zb03.8_E31.3,iid_support|ellipse|checker|nominal,iid_support|ellipse|checker|nominal,iid_support,31.25882,0.87423,2.96047,3.8347,0.87423,ellipse,near_boundary,checker,0.4354,iid_support,train,nominal,1.23175,MMP;PIEZO;US,method2b_512_full_comsol_bxyz_delta,True,True
F3NCS_0085_iid_support_cylinder_zb07p2_E66p5,F3NCS_0085_iid_support_cylinder_zb07.2_E66.5,iid_support|cylinder|rim_soft|nominal,iid_support|cylinder|rim_soft|nominal,iid_support,66.49176,2.81945,4.33459,7.15404,2.81945,cylinder,center,rim_soft,0.37945,iid_support,train,nominal,1.20911,MMP;PIEZO;US,method2b_512_full_comsol_bxyz_delta,True,True
F3NCS_0086_iid_support_cylinder_zb05p0_E34p7,F3NCS_0086_iid_support_cylinder_zb05.0_E34.7,iid_support|cylinder|homogeneous|nominal,iid_support|cylinder|homogeneous|nominal,iid_support,34.67491,1.51696,3.46142,4.97838,1.51696,cylinder,half_pitch_x_shift,homogeneous,0.0,iid_support,train,nominal,1.40243,MMP;PIEZO;US,method2b_512_full_comsol_bxyz_delta,True,True
F3NCS_0087_iid_support_ellipse_zb01p7_E09p9,F3NCS_0087_iid_support_ellipse_zb01.7_E09.9,iid_support|ellipse|homogeneous|nominal,iid_support|ellipse|homogeneous|nominal,iid_support,9.85123,1.44308,0.27821,1.72129,1.44308,ellipse,half_pitch_x_shift,homogeneous,0.0,iid_support,train,nominal,0.67768,MMP;PIEZO;US,method2b_512_full_comsol_bxyz_delta,True,True
F3NCS_0088_iid_support_two_foci_zb03p8_E07p9,F3NCS_0088_iid_support_two_foci_zb03.8_E07.9,iid_support|two_foci|lateral_gradient|nominal,iid_support|two_foci|lateral_gradient|nominal,iid_support,7.86947,1.96119,1.79571,3.75689,1.96119,two_foci,half_pitch_x_shift,lateral_gradient,0.29903,iid_support,train,nominal,0.95027,MMP;PIEZO;US,method2b_512_full_comsol_bxyz_delta,True,True
F3NCS_0089_iid_support_cylinder_zb05p4_E08p5,F3NCS_0089_iid_support_cylinder_zb05.4_E08.5,iid_support|cylinder|homogeneous|nominal,iid_support|cylinder|homogeneous|nominal,iid_support,8.47392,1.48749,3.94696,5.43445,1.48749,cylinder,center,homogeneous,0.0,iid_support,iid_test,nominal,1.06288,MMP;PIEZO;US,method2b_512_full_comsol_bxyz_delta,True,True
F3NCS_0090_iid_support_cylinder_zb03p7_E67p0,F3NCS_0090_iid_support_cylinder_zb03.7_E67.0,iid_support|cylinder|homogeneous|nominal,iid_support|cylinder|homogeneous|nominal,iid_support,66.96697,3.30176,0.40679,3.70855,3.30176,cylinder,center,homogeneous,0.0,iid_support,train,nominal,1.05799,MMP;PIEZO;US,method2b_512_full_comsol_bxyz_delta,True,True
F3NCS_0091_iid_support_two_foci_zb03p9_E39p0,F3NCS_0091_iid_support_two_foci_zb03.9_E39.0,iid_support|two_foci|core_shell|nominal,iid_support|two_foci|core_shell|nominal,iid_support,39.01886,0.93473,2.91636,3.8511,0.93473,two_foci,near_boundary,core_shell,0.28188,iid_support,iid_test,nominal,1.12112,MMP;PIEZO;US,method2b_512_full_comsol_bxyz_delta,True,True
F3NCS_0092_iid_support_two_foci_zb03p4_E12p7,F3NCS_0092_iid_support_two_foci_zb03.4_E12.7,iid_support|two_foci|rim_soft|nominal,iid_support|two_foci|rim_soft|nominal,iid_support,12.68974,3.0058,0.36926,3.37506,3.0058,two_foci,half_pitch_x_shift,rim_soft,0.49041,iid_support,train,nominal,0.78087,MMP;PIEZO;US,method2b_512_full_comsol_bxyz_delta,True,True
F3NCS_0093_iid_support_cylinder_zb07p5_E26p8,F3NCS_0093_iid_support_cylinder_zb07.5_E26.8,iid_support|cylinder|homogeneous|nominal,iid_support|cylinder|homogeneous|nominal,iid_support,26.7518,2.72422,4.74075,7.46497,2.72422,cylinder,center,homogeneous,0.0,iid_support,train,nominal,1.12143,MMP;PIEZO;US,method2b_512_full_comsol_bxyz_delta,True,True
F3NCS_0094_iid_support_ellipse_zb07p0_E09p4,F3NCS_0094_iid_support_ellipse_zb07.0_E09.4,iid_support|ellipse|lateral_gradient|nominal,iid_support|ellipse|lateral_gradient|nominal,iid_support,9.41671,1.27433,5.73231,7.00664,1.27433,ellipse,center,lateral_gradient,0.26821,iid_support,validation,nominal,0.63367,MMP;PIEZO;US,method2b_512_full_comsol_bxyz_delta,True,True
F3NCS_0095_iid_support_cylinder_zb03p2_E06p9,F3NCS_0095_iid_support_cylinder_zb03.2_E06.9,iid_support|cylinder|hotspot|nominal,iid_support|cylinder|hotspot|nominal,iid_support,6.94101,0.91893,2.25759,3.17652,0.91893,cylinder,near_boundary,hotspot,0.5684,iid_support,train,nominal,0.85575,MMP;PIEZO;US,method2b_512_full_comsol_bxyz_delta,True,True
F3NCS_0096_iid_support_two_foci_zb04p0_E57p5,F3NCS_0096_iid_support_two_foci_zb04.0_E57.5,iid_support|two_foci|homogeneous|nominal,iid_support|two_foci|homogeneous|nominal,iid_support,57.45929,3.3778,0.6327,4.01049,3.3778,two_foci,center,homogeneous,0.0,iid_support,train,nominal,0.94239,MMP;PIEZO;US,method2b_512_full_comsol_bxyz_delta,True,True
F3NCS_0097_iid_support_cylinder_zb06p3_E18p9,F3NCS_0097_iid_support_cylinder_zb06.3_E18.9,iid_support|cylinder|lateral_gradient|nominal,iid_support|cylinder|lateral_gradient|nominal,iid_support,18.92111,0.52341,5.78996,6.31337,0.52341,cylinder,center,lateral_gradient,0.39943,iid_support,iid_test,nominal,1.25498,MMP;PIEZO;US,method2b_512_full_comsol_bxyz_delta,True,True
F3NCS_0098_iid_support_cylinder_zb04p5_E44p1,F3NCS_0098_iid_support_cylinder_zb04.5_E44.1,iid_support|cylinder|rim_soft|nominal,iid_support|cylinder|rim_soft|nominal,iid_support,44.0781,0.69469,3.7596,4.45429,0.69469,cylinder,near_boundary,rim_soft,0.67428,iid_support,train,nominal,0.68105,MMP;PIEZO;US,method2b_512_full_comsol_bxyz_delta,True,True
F3NCS_0099_iid_support_two_foci_zb04p8_E13p3,F3NCS_0099_iid_support_two_foci_zb04.8_E13.3,iid_support|two_foci|rim_soft|nominal,iid_support|two_foci|rim_soft|nominal,iid_support,13.26457,0.57476,4.24945,4.82421,0.57476,two_foci,half_pitch_x_shift,rim_soft,0.58814,iid_support,train,nominal,1.35523,MMP;PIEZO;US,method2b_512_full_comsol_bxyz_delta,True,True
F3NCS_0100_iid_support_cylinder_zb03p6_E34p7,F3NCS_0100_iid_support_cylinder_zb03.6_E34.7,iid_support|cylinder|checker|nominal,iid_support|cylinder|checker|nominal,iid_support,34.67513,3.09961,0.47359,3.5732,3.09961,cylinder,half_pitch_x_shift,checker,0.36958,iid_support,iid_test,nominal,0.77866,MMP;PIEZO;US,method2b_512_full_comsol_bxyz_delta,True,True
F3NCS_0101_iid_support_two_foci_zb07p1_E14p3,F3NCS_0101_iid_support_two_foci_zb07.1_E14.3,iid_support|two_foci|checker|nominal,iid_support|two_foci|checker|nominal,iid_support,14.29283,0.87544,6.2339,7.10934,0.87544,two_foci,near_boundary,checker,0.59189,iid_support,train,nominal,0.91343,MMP;PIEZO;US,method2b_512_full_comsol_bxyz_delta,True,True
F3NCS_0102_iid_support_ellipse_zb06p7_E62p9,F3NCS_0102_iid_support_ellipse_zb06.7_E62.9,iid_support|ellipse|homogeneous|nominal,iid_support|ellipse|homogeneous|nominal,iid_support,62.89809,2.70813,3.9744,6.68252,2.70813,ellipse,half_pitch_x_shift,homogeneous,0.0,iid_support,train,nominal,0.92769,MMP;PIEZO;US,method2b_512_full_comsol_bxyz_delta,True,True
F3NCS_0103_iid_support_cylinder_zb04p3_E85p5,F3NCS_0103_iid_support_cylinder_zb04.3_E85.5,iid_support|cylinder|homogeneous|nominal,iid_support|cylinder|homogeneous|nominal,iid_support,85.45786,2.87698,1.41713,4.29411,2.87698,cylinder,near_boundary,homogeneous,0.0,iid_support,validation,nominal,0.79874,MMP;PIEZO;US,method2b_512_full_comsol_bxyz_delta,True,True
F3NCS_0104_iid_support_ellipse_zb03p3_E52p9,F3NCS_0104_iid_support_ellipse_zb03.3_E52.9,iid_support|ellipse|homogeneous|nominal,iid_support|ellipse|homogeneous|nominal,iid_support,52.92256,1.96818,1.3625,3.33067,1.96818,ellipse,half_pitch_x_shift,homogeneous,0.0,iid_support,iid_test,nominal,1.49063,MMP;PIEZO;US,method2b_512_full_comsol_bxyz_delta,True,True
F3NCS_0105_iid_support_cylinder_zb06p2_E71p3,F3NCS_0105_iid_support_cylinder_zb06.2_E71.3,iid_support|cylinder|lateral_gradient|nominal,iid_support|cylinder|lateral_gradient|nominal,iid_support,71.29768,0.57851,5.66962,6.24813,0.57851,cylinder,half_pitch_x_shift,lateral_gradient,0.54501,iid_support,train,nominal,1.40248,MMP;PIEZO;US,method2b_512_full_comsol_bxyz_delta,True,True
F3NCS_0106_iid_support_cylinder_zb05p6_E43p5,F3NCS_0106_iid_support_cylinder_zb05.6_E43.5,iid_support|cylinder|hotspot|nominal,iid_support|cylinder|hotspot|nominal,iid_support,43.46566,2.78362,2.84401,5.62763,2.78362,cylinder,center,hotspot,0.53578,iid_support,train,nominal,0.76039,MMP;PIEZO;US,method2b_512_full_comsol_bxyz_delta,True,True
F3NCS_0107_iid_support_cylinder_zb05p9_E49p9,F3NCS_0107_iid_support_cylinder_zb05.9_E49.9,iid_support|cylinder|homogeneous|nominal,iid_support|cylinder|homogeneous|nominal,iid_support,49.8859,3.027,2.8599,5.8869,3.027,cylinder,near_boundary,homogeneous,0.0,iid_support,train,nominal,0.74254,MMP;PIEZO;US,method2b_512_full_comsol_bxyz_delta,True,True
F3NCS_0108_iid_support_ellipse_zb07p2_E25p3,F3NCS_0108_iid_support_ellipse_zb07.2_E25.3,iid_support|ellipse|lateral_gradient|nominal,iid_support|ellipse|lateral_gradient|nominal,iid_support,25.25961,1.55221,5.62115,7.17336,1.55221,ellipse,near_boundary,lateral_gradient,0.64619,iid_support,train,nominal,1.05202,MMP;PIEZO;US,method2b_512_full_comsol_bxyz_delta,True,True
F3NCS_0109_iid_support_two_foci_zb03p5_E26p2,F3NCS_0109_iid_support_two_foci_zb03.5_E26.2,iid_support|two_foci|hotspot|nominal,iid_support|two_foci|hotspot|nominal,iid_support,26.16932,3.0585,0.47949,3.53799,3.0585,two_foci,center,hotspot,0.44344,iid_support,train,nominal,1.4145,MMP;PIEZO;US,method2b_512_full_comsol_bxyz_delta,True,True
F3NCS_0110_iid_support_two_foci_zb02p5_E72p3,F3NCS_0110_iid_support_two_foci_zb02.5_E72.3,iid_support|two_foci|hotspot|nominal,iid_support|two_foci|hotspot|nominal,iid_support,72.34179,0.6972,1.76468,2.46188,0.6972,two_foci,half_pitch_x_shift,hotspot,0.63076,iid_support,train,nominal,1.19494,MMP;PIEZO;US,method2b_512_full_comsol_bxyz_delta,True,True
F3NCS_0111_iid_support_ellipse_zb03p7_E19p4,F3NCS_0111_iid_support_ellipse_zb03.7_E19.4,iid_support|ellipse|lateral_gradient|nominal,iid_support|ellipse|lateral_gradient|nominal,iid_support,19.43938,3.03304,0.6684,3.70145,3.03304,ellipse,half_pitch_x_shift,lateral_gradient,0.41616,iid_support,iid_test,nominal,2.06965,MMP;PIEZO;US,method2b_512_full_comsol_bxyz_delta,True,True
F3NCS_0112_iid_support_two_foci_zb03p3_E09p1,F3NCS_0112_iid_support_two_foci_zb03.3_E09.1,iid_support|two_foci|checker|nominal,iid_support|two_foci|checker|nominal,iid_support,9.13309,1.88483,1.43842,3.32325,1.88483,two_foci,near_boundary,checker,0.31411,iid_support,train,nominal,0.86896,MMP;PIEZO;US,method2b_512_full_comsol_bxyz_delta,True,True
F3NCS_0113_iid_support_ellipse_zb01p8_E07p9,F3NCS_0113_iid_support_ellipse_zb01.8_E07.9,iid_support|ellipse|checker|nominal,iid_support|ellipse|checker|nominal,iid_support,7.91516,1.25057,0.59786,1.84844,1.25057,ellipse,center,checker,0.36766,iid_support,train,nominal,0.77947,MMP;PIEZO;US,method2b_512_full_comsol_bxyz_delta,True,True
F3NCS_0114_iid_support_two_foci_zb03p4_E08p0,F3NCS_0114_iid_support_two_foci_zb03.4_E08.0,iid_support|two_foci|core_shell|nominal,iid_support|two_foci|core_shell|nominal,iid_support,7.95793,2.18529,1.2194,3.40469,2.18529,two_foci,half_pitch_x_shift,core_shell,0.34272,iid_support,train,nominal,0.96734,MMP;PIEZO;US,method2b_512_full_comsol_bxyz_delta,True,True
F3NCS_0115_iid_support_cylinder_zb07p5_E25p6,F3NCS_0115_iid_support_cylinder_zb07.5_E25.6,iid_support|cylinder|hotspot|nominal,iid_support|cylinder|hotspot|nominal,iid_support,25.57872,2.20474,5.32715,7.53189,2.20474,cylinder,near_boundary,hotspot,0.69768,iid_support,validation,nominal,0.67391,MMP;PIEZO;US,method2b_512_full_comsol_bxyz_delta,True,True
F3NCS_0116_iid_support_ellipse_zb03p2_E37p7,F3NCS_0116_iid_support_ellipse_zb03.2_E37.7,iid_support|ellipse|checker|nominal,iid_support|ellipse|checker|nominal,iid_support,37.69402,2.92027,0.31098,3.23125,2.92027,ellipse,center,checker,0.45371,iid_support,train,nominal,1.15267,MMP;PIEZO;US,method2b_512_full_comsol_bxyz_delta,True,True
F3NCS_0117_iid_support_two_foci_zb02p4_E20p5,F3NCS_0117_iid_support_two_foci_zb02.4_E20.5,iid_support|two_foci|core_shell|nominal,iid_support|two_foci|core_shell|nominal,iid_support,20.51798,1.08773,1.3563,2.44402,1.08773,two_foci,near_boundary,core_shell,0.34777,iid_support,train,nominal,0.6351,MMP;PIEZO;US,method2b_512_full_comsol_bxyz_delta,True,True
F3NCS_0118_iid_support_cylinder_zb06p0_E09p6,F3NCS_0118_iid_support_cylinder_zb06.0_E09.6,iid_support|cylinder|homogeneous|nominal,iid_support|cylinder|homogeneous|nominal,iid_support,9.57215,1.03958,4.98058,6.02016,1.03958,cylinder,half_pitch_x_shift,homogeneous,0.0,iid_support,train,nominal,0.95695,MMP;PIEZO;US,method2b_512_full_comsol_bxyz_delta,True,True
F3NCS_0119_iid_support_ellipse_zb03p7_E15p9,F3NCS_0119_iid_support_ellipse_zb03.7_E15.9,iid_support|ellipse|homogeneous|nominal,iid_support|ellipse|homogeneous|nominal,iid_support,15.89813,2.78634,0.92104,3.70738,2.78634,ellipse,half_pitch_x_shift,homogeneous,0.0,iid_support,train,nominal,1.31523,MMP;PIEZO;US,method2b_512_full_comsol_bxyz_delta,True,True
F3NCS_0120_iid_support_two_foci_zb01p8_E09p2,F3NCS_0120_iid_support_two_foci_zb01.8_E09.2,iid_support|two_foci|rim_soft|nominal,iid_support|two_foci|rim_soft|nominal,iid_support,9.17299,1.50501,0.29255,1.79756,1.50501,two_foci,near_boundary,rim_soft,0.30996,iid_support,train,nominal,0.99131,MMP;PIEZO;US,method2b_512_full_comsol_bxyz_delta,True,True
F3NCS_0121_iid_support_two_foci_zb02p3_E06p9,F3NCS_0121_iid_support_two_foci_zb02.3_E06.9,iid_support|two_foci|homogeneous|nominal,iid_support|two_foci|homogeneous|nominal,iid_support,6.86319,0.76093,1.58213,2.34307,0.76093,two_foci,near_boundary,homogeneous,0.0,iid_support,train,nominal,0.6154,MMP;PIEZO;US,method2b_512_full_comsol_bxyz_delta,True,True
F3NCS_0122_iid_support_ellipse_zb05p4_E25p7,F3NCS_0122_iid_support_ellipse_zb05.4_E25.7,iid_support|ellipse|homogeneous|nominal,iid_support|ellipse|homogeneous|nominal,iid_support,25.74227,3.10579,2.28786,5.39364,3.10579,ellipse,center,homogeneous,0.0,iid_support,train,nominal,0.68955,MMP;PIEZO;US,method2b_512_full_comsol_bxyz_delta,True,True
F3NCS_0123_iid_support_ellipse_zb03p6_E35p0,F3NCS_0123_iid_support_ellipse_zb03.6_E35.0,iid_support|ellipse|hotspot|nominal,iid_support|ellipse|hotspot|nominal,iid_support,34.96087,3.29486,0.34008,3.63495,3.29486,ellipse,center,hotspot,0.37988,iid_support,validation,nominal,1.5415,MMP;PIEZO;US,method2b_512_full_comsol_bxyz_delta,True,True
F3NCS_0124_iid_support_cylinder_zb05p7_E78p0,F3NCS_0124_iid_support_cylinder_zb05.7_E78.0,iid_support|cylinder|homogeneous|nominal,iid_support|cylinder|homogeneous|nominal,iid_support,77.98156,1.86564,3.8806,5.74623,1.86564,cylinder,half_pitch_x_shift,homogeneous,0.0,iid_support,train,nominal,0.91022,MMP;PIEZO;US,method2b_512_full_comsol_bxyz_delta,True,True
F3NCS_0125_iid_support_cylinder_zb06p4_E14p2,F3NCS_0125_iid_support_cylinder_zb06.4_E14.2,iid_support|cylinder|core_shell|nominal,iid_support|cylinder|core_shell|nominal,iid_support,14.16887,2.22879,4.17814,6.40692,2.22879,cylinder,center,core_shell,0.69256,iid_support,iid_test,nominal,1.01766,MMP;PIEZO;US,method2b_512_full_comsol_bxyz_delta,True,True
F3NCS_0126_iid_support_two_foci_zb03p7_E22p7,F3NCS_0126_iid_support_two_foci_zb03.7_E22.7,iid_support|two_foci|checker|nominal,iid_support|two_foci|checker|nominal,iid_support,22.711,0.65807,3.03387,3.69194,0.65807,two_foci,half_pitch_x_shift,checker,0.64373,iid_support,validation,nominal,0.94597,MMP;PIEZO;US,method2b_512_full_comsol_bxyz_delta,True,True
F3NCS_0127_iid_support_ellipse_zb02p0_E60p1,F3NCS_0127_iid_support_ellipse_zb02.0_E60.1,iid_support|ellipse|checker|nominal,iid_support|ellipse|checker|nominal,iid_support,60.09241,0.60916,1.40376,2.01292,0.60916,ellipse,near_boundary,checker,0.2376,iid_support,validation,nominal,0.95973,MMP;PIEZO;US,method2b_512_full_comsol_bxyz_delta,True,True
F3NCS_0128_iid_support_two_foci_zb02p9_E23p9,F3NCS_0128_iid_support_two_foci_zb02.9_E23.9,iid_support|two_foci|checker|nominal,iid_support|two_foci|checker|nominal,iid_support,23.9212,1.64536,1.29316,2.93852,1.64536,two_foci,center,checker,0.67208,iid_support,iid_test,nominal,0.47797,MMP;PIEZO;US,method2b_512_full_comsol_bxyz_delta,True,True
F3NCS_0129_iid_support_cylinder_zb03p4_E06p7,F3NCS_0129_iid_support_cylinder_zb03.4_E06.7,iid_support|cylinder|homogeneous|nominal,iid_support|cylinder|homogeneous|nominal,iid_support,6.68288,2.91724,0.52117,3.43841,2.91724,cylinder,center,homogeneous,0.0,iid_support,train,nominal,1.18298,MMP;PIEZO;US,method2b_512_full_comsol_bxyz_delta,True,True
F3NCS_0130_iid_support_two_foci_zb02p8_E35p4,F3NCS_0130_iid_support_two_foci_zb02.8_E35.4,iid_support|two_foci|rim_soft|nominal,iid_support|two_foci|rim_soft|nominal,iid_support,35.43793,2.50008,0.29671,2.79678,2.50008,two_foci,near_boundary,rim_soft,0.49218,iid_support,validation,nominal,0.91596,MMP;PIEZO;US,method2b_512_full_comsol_bxyz_delta,True,True
F3NCS_0131_iid_support_ellipse_zb05p4_E74p1,F3NCS_0131_iid_support_ellipse_zb05.4_E74.1,iid_support|ellipse|checker|nominal,iid_support|ellipse|checker|nominal,iid_support,74.10292,2.56319,2.8414,5.40459,2.56319,ellipse,center,checker,0.40326,iid_support,iid_test,nominal,1.56768,MMP;PIEZO;US,method2b_512_full_comsol_bxyz_delta,True,True
F3NCS_0132_iid_support_cylinder_zb07p9_E08p3,F3NCS_0132_iid_support_cylinder_zb07.9_E08.3,iid_support|cylinder|homogeneous|nominal,iid_support|cylinder|homogeneous|nominal,iid_support,8.33777,2.59108,5.35883,7.94991,2.59108,cylinder,center,homogeneous,0.0,iid_support,iid_test,nominal,1.49183,MMP;PIEZO;US,method2b_512_full_comsol_bxyz_delta,True,True
F3NCS_0133_iid_support_two_foci_zb03p9_E18p8,F3NCS_0133_iid_support_two_foci_zb03.9_E18.8,iid_support|two_foci|homogeneous|nominal,iid_support|two_foci|homogeneous|nominal,iid_support,18.77808,3.38797,0.53934,3.92731,3.38797,two_foci,center,homogeneous,0.0,iid_support,train,nominal,1.20504,MMP;PIEZO;US,method2b_512_full_comsol_bxyz_delta,True,True
F3NCS_0134_iid_support_cylinder_zb04p8_E73p1,F3NCS_0134_iid_support_cylinder_zb04.8_E73.1,iid_support|cylinder|homogeneous|nominal,iid_support|cylinder|homogeneous|nominal,iid_support,73.072,1.64174,3.16808,4.80982,1.64174,cylinder,half_pitch_x_shift,homogeneous,0.0,iid_support,train,nominal,0.82952,MMP;PIEZO;US,method2b_512_full_comsol_bxyz_delta,True,True
F3NCS_0135_iid_support_two_foci_zb03p3_E32p0,F3NCS_0135_iid_support_two_foci_zb03.3_E32.0,iid_support|two_foci|core_shell|nominal,iid_support|two_foci|core_shell|nominal,iid_support,31.96799,2.80997,0.44276,3.25273,2.80997,two_foci,center,core_shell,0.69572,iid_support,train,nominal,1.17503,MMP;PIEZO;US,method2b_512_full_comsol_bxyz_delta,True,True
F3NCS_0136_iid_support_two_foci_zb07p9_E89p7,F3NCS_0136_iid_support_two_foci_zb07.9_E89.7,iid_support|two_foci|homogeneous|nominal,iid_support|two_foci|homogeneous|nominal,iid_support,89.70511,0.79836,7.08653,7.88489,0.79836,two_foci,center,homogeneous,0.0,iid_support,validation,nominal,1.21415,MMP;PIEZO;US,method2b_512_full_comsol_bxyz_delta,True,True
F3NCS_0137_iid_support_two_foci_zb07p8_E74p7,F3NCS_0137_iid_support_two_foci_zb07.8_E74.7,iid_support|two_foci|rim_soft|nominal,iid_support|two_foci|rim_soft|nominal,iid_support,74.71466,2.85154,4.90221,7.75375,2.85154,two_foci,center,rim_soft,0.43168,iid_support,train,nominal,1.68484,MMP;PIEZO;US,method2b_512_full_comsol_bxyz_delta,True,True
F3NCS_0138_iid_support_cylinder_zb03p1_E70p8,F3NCS_0138_iid_support_cylinder_zb03.1_E70.8,iid_support|cylinder|lateral_gradient|nominal,iid_support|cylinder|lateral_gradient|nominal,iid_support,70.78132,2.62739,0.44377,3.07116,2.62739,cylinder,half_pitch_x_shift,lateral_gradient,0.63398,iid_support,train,nominal,0.78306,MMP;PIEZO;US,method2b_512_full_comsol_bxyz_delta,True,True
F3NCS_0139_iid_support_two_foci_zb03p2_E25p1,F3NCS_0139_iid_support_two_foci_zb03.2_E25.1,iid_support|two_foci|hotspot|nominal,iid_support|two_foci|hotspot|nominal,iid_support,25.09588,2.74228,0.42254,3.16482,2.74228,two_foci,near_boundary,hotspot,0.28978,iid_support,iid_test,nominal,1.05058,MMP;PIEZO;US,method2b_512_full_comsol_bxyz_delta,True,True
F3NCS_0140_iid_support_cylinder_zb02p7_E18p3,F3NCS_0140_iid_support_cylinder_zb02.7_E18.3,iid_support|cylinder|checker|nominal,iid_support|cylinder|checker|nominal,iid_support,18.32595,2.12849,0.53571,2.6642,2.12849,cylinder,center,checker,0.53119,iid_support,train,nominal,0.9313,MMP;PIEZO;US,method2b_512_full_comsol_bxyz_delta,True,True
F3NCS_0141_iid_support_cylinder_zb01p5_E37p1,F3NCS_0141_iid_support_cylinder_zb01.5_E37.1,iid_support|cylinder|hotspot|nominal,iid_support|cylinder|hotspot|nominal,iid_support,37.07172,1.14122,0.38495,1.52617,1.14122,cylinder,half_pitch_x_shift,hotspot,0.37686,iid_support,iid_test,nominal,0.98555,MMP;PIEZO;US,method2b_512_full_comsol_bxyz_delta,True,True
F3NCS_0142_iid_support_two_foci_zb05p0_E19p6,F3NCS_0142_iid_support_two_foci_zb05.0_E19.6,iid_support|two_foci|checker|nominal,iid_support|two_foci|checker|nominal,iid_support,19.58004,0.54883,4.49839,5.04722,0.54883,two_foci,half_pitch_x_shift,checker,0.59263,iid_support,iid_test,nominal,0.99299,MMP;PIEZO;US,method2b_512_full_comsol_bxyz_delta,True,True
F3NCS_0143_iid_support_ellipse_zb06p6_E31p6,F3NCS_0143_iid_support_ellipse_zb06.6_E31.6,iid_support|ellipse|hotspot|nominal,iid_support|ellipse|hotspot|nominal,iid_support,31.62505,1.61364,5.03166,6.6453,1.61364,ellipse,near_boundary,hotspot,0.38411,iid_support,validation,nominal,0.99848,MMP;PIEZO;US,method2b_512_full_comsol_bxyz_delta,True,True
F3NCS_0144_iid_support_ellipse_zb03p5_E44p1,F3NCS_0144_iid_support_ellipse_zb03.5_E44.1,iid_support|ellipse|homogeneous|nominal,iid_support|ellipse|homogeneous|nominal,iid_support,44.09279,2.72167,0.7633,3.48496,2.72167,ellipse,near_boundary,homogeneous,0.0,iid_support,validation,nominal,0.99512,MMP;PIEZO;US,method2b_512_full_comsol_bxyz_delta,True,True
F3NCS_0145_iid_support_cylinder_zb02p7_E89p6,F3NCS_0145_iid_support_cylinder_zb02.7_E89.6,iid_support|cylinder|homogeneous|nominal,iid_support|cylinder|homogeneous|nominal,iid_support,89.60624,0.61448,2.07059,2.68507,0.61448,cylinder,center,homogeneous,0.0,iid_support,train,nominal,1.02969,MMP;PIEZO;US,method2b_512_full_comsol_bxyz_delta,True,True
F3NCS_0146_iid_support_two_foci_zb04p1_E20p6,F3NCS_0146_iid_support_two_foci_zb04.1_E20.6,iid_support|two_foci|rim_soft|nominal,iid_support|two_foci|rim_soft|nominal,iid_support,20.58109,1.26763,2.80177,4.0694,1.26763,two_foci,near_boundary,rim_soft,0.602,iid_support,iid_test,nominal,0.57618,MMP;PIEZO;US,method2b_512_full_comsol_bxyz_delta,True,True
F3NCS_0147_iid_support_two_foci_zb02p9_E18p2,F3NCS_0147_iid_support_two_foci_zb02.9_E18.2,iid_support|two_foci|core_shell|nominal,iid_support|two_foci|core_shell|nominal,iid_support,18.17939,2.25979,0.63048,2.89027,2.25979,two_foci,near_boundary,core_shell,0.62183,iid_support,train,nominal,1.36925,MMP;PIEZO;US,method2b_512_full_comsol_bxyz_delta,True,True
F3NCS_0148_iid_support_two_foci_zb02p2_E12p7,F3NCS_0148_iid_support_two_foci_zb02.2_E12.7,iid_support|two_foci|homogeneous|nominal,iid_support|two_foci|homogeneous|nominal,iid_support,12.65596,0.53241,1.67653,2.20894,0.53241,two_foci,near_boundary,homogeneous,0.0,iid_support,validation,nominal,0.67307,MMP;PIEZO;US,method2b_512_full_comsol_bxyz_delta,True,True
F3NCS_0149_iid_support_cylinder_zb03p2_E32p2,F3NCS_0149_iid_support_cylinder_zb03.2_E32.2,iid_support|cylinder|homogeneous|nominal,iid_support|cylinder|homogeneous|nominal,iid_support,32.20761,0.7225,2.52108,3.24358,0.7225,cylinder,near_boundary,homogeneous,0.0,iid_support,iid_test,nominal,1.62039,MMP;PIEZO;US,method2b_512_full_comsol_bxyz_delta,True,True
F3NCS_0150_iid_support_cylinder_zb06p8_E38p8,F3NCS_0150_iid_support_cylinder_zb06.8_E38.8,iid_support|cylinder|lateral_gradient|nominal,iid_support|cylinder|lateral_gradient|nominal,iid_support,38.80851,0.9371,5.86265,6.79975,0.9371,cylinder,half_pitch_x_shift,lateral_gradient,0.48669,iid_support,train,nominal,1.35082,MMP;PIEZO;US,method2b_512_full_comsol_bxyz_delta,True,True
F3NCS_0151_iid_support_two_foci_zb07p5_E09p1,F3NCS_0151_iid_support_two_foci_zb07.5_E09.1,iid_support|two_foci|lateral_gradient|nominal,iid_support|two_foci|lateral_gradient|nominal,iid_support,9.05906,2.41499,5.0569,7.47189,2.41499,two_foci,half_pitch_x_shift,lateral_gradient,0.26227,iid_support,train,nominal,1.20335,MMP;PIEZO;US,method2b_512_full_comsol_bxyz_delta,True,True
F3NCS_0152_iid_support_cylinder_zb05p9_E21p4,F3NCS_0152_iid_support_cylinder_zb05.9_E21.4,iid_support|cylinder|checker|nominal,iid_support|cylinder|checker|nominal,iid_support,21.35983,0.48063,5.38617,5.86681,0.48063,cylinder,half_pitch_x_shift,checker,0.54024,iid_support,train,nominal,1.08238,MMP;PIEZO;US,method2b_512_full_comsol_bxyz_delta,True,True
F3NCS_0153_iid_support_cylinder_zb05p1_E10p9,F3NCS_0153_iid_support_cylinder_zb05.1_E10.9,iid_support|cylinder|homogeneous|nominal,iid_support|cylinder|homogeneous|nominal,iid_support,10.91673,1.32789,3.77809,5.10598,1.32789,cylinder,half_pitch_x_shift,homogeneous,0.0,iid_support,train,nominal,1.36911,MMP;PIEZO;US,method2b_512_full_comsol_bxyz_delta,True,True
F3NCS_0154_iid_support_two_foci_zb01p7_E23p3,F3NCS_0154_iid_support_two_foci_zb01.7_E23.3,iid_support|two_foci|core_shell|nominal,iid_support|two_foci|core_shell|nominal,iid_support,23.30371,0.66323,1.03676,1.69999,0.66323,two_foci,half_pitch_x_shift,core_shell,0.30655,iid_support,validation,nominal,0.96345,MMP;PIEZO;US,method2b_512_full_comsol_bxyz_delta,True,True
F3NCS_0155_iid_support_ellipse_zb06p3_E24p5,F3NCS_0155_iid_support_ellipse_zb06.3_E24.5,iid_support|ellipse|lateral_gradient|nominal,iid_support|ellipse|lateral_gradient|nominal,iid_support,24.45624,3.33752,2.93425,6.27177,3.33752,ellipse,half_pitch_x_shift,lateral_gradient,0.70802,iid_support,iid_test,nominal,1.24379,MMP;PIEZO;US,method2b_512_full_comsol_bxyz_delta,True,True
F3NCS_0156_iid_support_cylinder_zb03p6_E50p4,F3NCS_0156_iid_support_cylinder_zb03.6_E50.4,iid_support|cylinder|homogeneous|nominal,iid_support|cylinder|homogeneous|nominal,iid_support,50.40695,3.34617,0.22248,3.56864,3.34617,cylinder,near_boundary,homogeneous,0.0,iid_support,train,nominal,0.91602,MMP;PIEZO;US,method2b_512_full_comsol_bxyz_delta,True,True
F3NCS_0157_iid_support_cylinder_zb07p2_E07p1,F3NCS_0157_iid_support_cylinder_zb07.2_E07.1,iid_support|cylinder|lateral_gradient|nominal,iid_support|cylinder|lateral_gradient|nominal,iid_support,7.13704,2.69813,4.51176,7.2099,2.69813,cylinder,near_boundary,lateral_gradient,0.55524,iid_support,train,nominal,0.77892,MMP;PIEZO;US,method2b_512_full_comsol_bxyz_delta,True,True
F3NCS_0158_iid_support_cylinder_zb05p7_E11p3,F3NCS_0158_iid_support_cylinder_zb05.7_E11.3,iid_support|cylinder|hotspot|nominal,iid_support|cylinder|hotspot|nominal,iid_support,11.29434,3.02735,2.67577,5.70313,3.02735,cylinder,center,hotspot,0.45179,iid_support,iid_test,nominal,0.72024,MMP;PIEZO;US,method2b_512_full_comsol_bxyz_delta,True,True
F3NCS_0159_iid_support_two_foci_zb03p1_E84p1,F3NCS_0159_iid_support_two_foci_zb03.1_E84.1,iid_support|two_foci|core_shell|nominal,iid_support|two_foci|core_shell|nominal,iid_support,84.06052,1.98038,1.14993,3.13031,1.98038,two_foci,half_pitch_x_shift,core_shell,0.59423,iid_support,train,nominal,1.10193,MMP;PIEZO;US,method2b_512_full_comsol_bxyz_delta,True,True
F3NCS_0160_iid_support_cylinder_zb07p9_E17p9,F3NCS_0160_iid_support_cylinder_zb07.9_E17.9,iid_support|cylinder|homogeneous|nominal,iid_support|cylinder|homogeneous|nominal,iid_support,17.8846,3.30686,4.60814,7.915,3.30686,cylinder,center,homogeneous,0.0,iid_support,train,nominal,1.44296,MMP;PIEZO;US,method2b_512_full_comsol_bxyz_delta,True,True
F3NCS_0161_iid_support_ellipse_zb01p6_E25p7,F3NCS_0161_iid_support_ellipse_zb01.6_E25.7,iid_support|ellipse|homogeneous|nominal,iid_support|ellipse|homogeneous|nominal,iid_support,25.72584,1.11003,0.4831,1.59313,1.11003,ellipse,center,homogeneous,0.0,iid_support,iid_test,nominal,0.75589,MMP;PIEZO;US,method2b_512_full_comsol_bxyz_delta,True,True
F3NCS_0162_iid_support_ellipse_zb03p2_E17p6,F3NCS_0162_iid_support_ellipse_zb03.2_E17.6,iid_support|ellipse|homogeneous|nominal,iid_support|ellipse|homogeneous|nominal,iid_support,17.5896,1.97234,1.21314,3.18549,1.97234,ellipse,half_pitch_x_shift,homogeneous,0.0,iid_support,iid_test,nominal,1.24686,MMP;PIEZO;US,method2b_512_full_comsol_bxyz_delta,True,True
F3NCS_0163_iid_support_two_foci_zb06p0_E08p1,F3NCS_0163_iid_support_two_foci_zb06.0_E08.1,iid_support|two_foci|hotspot|nominal,iid_support|two_foci|hotspot|nominal,iid_support,8.12272,2.85602,3.10536,5.96138,2.85602,two_foci,near_boundary,hotspot,0.59671,iid_support,iid_test,nominal,1.19316,MMP;PIEZO;US,method2b_512_full_comsol_bxyz_delta,True,True
F3NCS_0164_iid_support_ellipse_zb03p5_E06p8,F3NCS_0164_iid_support_ellipse_zb03.5_E06.8,iid_support|ellipse|checker|nominal,iid_support|ellipse|checker|nominal,iid_support,6.78174,2.71607,0.79625,3.51233,2.71607,ellipse,near_boundary,checker,0.58513,iid_support,train,nominal,0.74458,MMP;PIEZO;US,method2b_512_full_comsol_bxyz_delta,True,True
F3NCS_0165_iid_support_ellipse_zb04p1_E25p8,F3NCS_0165_iid_support_ellipse_zb04.1_E25.8,iid_support|ellipse|homogeneous|nominal,iid_support|ellipse|homogeneous|nominal,iid_support,25.75164,2.56583,1.54767,4.11351,2.56583,ellipse,half_pitch_x_shift,homogeneous,0.0,iid_support,iid_test,nominal,1.24807,MMP;PIEZO;US,method2b_512_full_comsol_bxyz_delta,True,True
F3NCS_0166_iid_support_cylinder_zb03p4_E30p5,F3NCS_0166_iid_support_cylinder_zb03.4_E30.5,iid_support|cylinder|checker|nominal,iid_support|cylinder|checker|nominal,iid_support,30.45439,2.93395,0.45064,3.38459,2.93395,cylinder,half_pitch_x_shift,checker,0.27107,iid_support,train,nominal,1.15346,MMP;PIEZO;US,method2b_512_full_comsol_bxyz_delta,True,True
F3NCS_0167_iid_support_two_foci_zb02p3_E74p7,F3NCS_0167_iid_support_two_foci_zb02.3_E74.7,iid_support|two_foci|core_shell|nominal,iid_support|two_foci|core_shell|nominal,iid_support,74.67347,1.97723,0.33575,2.31298,1.97723,two_foci,near_boundary,core_shell,0.59316,iid_support,train,nominal,0.91195,MMP;PIEZO;US,method2b_512_full_comsol_bxyz_delta,True,True
F3NCS_0168_iid_support_ellipse_zb05p4_E24p7,F3NCS_0168_iid_support_ellipse_zb05.4_E24.7,iid_support|ellipse|homogeneous|nominal,iid_support|ellipse|homogeneous|nominal,iid_support,24.66452,2.42236,2.97916,5.40152,2.42236,ellipse,half_pitch_x_shift,homogeneous,0.0,iid_support,train,nominal,0.84486,MMP;PIEZO;US,method2b_512_full_comsol_bxyz_delta,True,True
F3NCS_0169_iid_support_two_foci_zb06p6_E16p7,F3NCS_0169_iid_support_two_foci_zb06.6_E16.7,iid_support|two_foci|hotspot|nominal,iid_support|two_foci|hotspot|nominal,iid_support,16.69936,2.23725,4.3547,6.59195,2.23725,two_foci,center,hotspot,0.22172,iid_support,train,nominal,1.8819,MMP;PIEZO;US,method2b_512_full_comsol_bxyz_delta,True,True
F3NCS_0170_iid_support_ellipse_zb02p3_E17p6,F3NCS_0170_iid_support_ellipse_zb02.3_E17.6,iid_support|ellipse|lateral_gradient|nominal,iid_support|ellipse|lateral_gradient|nominal,iid_support,17.64796,1.34509,0.92951,2.2746,1.34509,ellipse,half_pitch_x_shift,lateral_gradient,0.68006,iid_support,train,nominal,1.02719,MMP;PIEZO;US,method2b_512_full_comsol_bxyz_delta,True,True
F3NCS_0171_iid_support_cylinder_zb06p0_E53p7,F3NCS_0171_iid_support_cylinder_zb06.0_E53.7,iid_support|cylinder|homogeneous|nominal,iid_support|cylinder|homogeneous|nominal,iid_support,53.71146,2.7218,3.29864,6.02044,2.7218,cylinder,half_pitch_x_shift,homogeneous,0.0,iid_support,train,nominal,1.15436,MMP;PIEZO;US,method2b_512_full_comsol_bxyz_delta,True,True
F3NCS_0172_iid_support_two_foci_zb06p7_E20p9,F3NCS_0172_iid_support_two_foci_zb06.7_E20.9,iid_support|two_foci|core_shell|nominal,iid_support|two_foci|core_shell|nominal,iid_support,20.93146,2.81509,3.89944,6.71454,2.81509,two_foci,half_pitch_x_shift,core_shell,0.54982,iid_support,train,nominal,0.67699,MMP;PIEZO;US,method2b_512_full_comsol_bxyz_delta,True,True
F3NCS_0173_iid_support_ellipse_zb03p6_E40p4,F3NCS_0173_iid_support_ellipse_zb03.6_E40.4,iid_support|ellipse|homogeneous|nominal,iid_support|ellipse|homogeneous|nominal,iid_support,40.36671,0.49401,3.07651,3.57052,0.49401,ellipse,half_pitch_x_shift,homogeneous,0.0,iid_support,train,nominal,0.77499,MMP;PIEZO;US,method2b_512_full_comsol_bxyz_delta,True,True
F3NCS_0174_iid_support_two_foci_zb03p6_E15p6,F3NCS_0174_iid_support_two_foci_zb03.6_E15.6,iid_support|two_foci|rim_soft|nominal,iid_support|two_foci|rim_soft|nominal,iid_support,15.58188,1.18834,2.40256,3.5909,1.18834,two_foci,half_pitch_x_shift,rim_soft,0.6692,iid_support,train,nominal,1.10927,MMP;PIEZO;US,method2b_512_full_comsol_bxyz_delta,True,True
F3NCS_0175_iid_support_two_foci_zb07p6_E41p0,F3NCS_0175_iid_support_two_foci_zb07.6_E41.0,iid_support|two_foci|lateral_gradient|nominal,iid_support|two_foci|lateral_gradient|nominal,iid_support,41.02911,1.95467,5.61637,7.57104,1.95467,two_foci,center,lateral_gradient,0.65107,iid_support,train,nominal,1.1114,MMP;PIEZO;US,method2b_512_full_comsol_bxyz_delta,True,True
F3NCS_0176_iid_support_two_foci_zb01p7_E12p3,F3NCS_0176_iid_support_two_foci_zb01.7_E12.3,iid_support|two_foci|core_shell|nominal,iid_support|two_foci|core_shell|nominal,iid_support,12.26886,0.70061,1.03212,1.73273,0.70061,two_foci,half_pitch_x_shift,core_shell,0.42447,iid_support,train,nominal,1.40428,MMP;PIEZO;US,method2b_512_full_comsol_bxyz_delta,True,True
F3NCS_0177_iid_support_ellipse_zb05p4_E10p7,F3NCS_0177_iid_support_ellipse_zb05.4_E10.7,iid_support|ellipse|rim_soft|nominal,iid_support|ellipse|rim_soft|nominal,iid_support,10.72429,3.33787,2.04757,5.38545,3.33787,ellipse,center,rim_soft,0.22063,iid_support,train,nominal,0.84505,MMP;PIEZO;US,method2b_512_full_comsol_bxyz_delta,True,True
F3NCS_0178_iid_support_two_foci_zb07p0_E22p9,F3NCS_0178_iid_support_two_foci_zb07.0_E22.9,iid_support|two_foci|core_shell|nominal,iid_support|two_foci|core_shell|nominal,iid_support,22.89896,2.29087,4.74352,7.0344,2.29087,two_foci,near_boundary,core_shell,0.54002,iid_support,train,nominal,1.73976,MMP;PIEZO;US,method2b_512_full_comsol_bxyz_delta,True,True
F3NCS_0179_iid_support_two_foci_zb03p8_E90p2,F3NCS_0179_iid_support_two_foci_zb03.8_E90.2,iid_support|two_foci|core_shell|nominal,iid_support|two_foci|core_shell|nominal,iid_support,90.18376,3.02828,0.74327,3.77155,3.02828,two_foci,center,core_shell,0.74888,iid_support,iid_test,nominal,1.37563,MMP;PIEZO;US,method2b_512_full_comsol_bxyz_delta,True,True
F3NCS_0180_iid_support_two_foci_zb02p2_E48p7,F3NCS_0180_iid_support_two_foci_zb02.2_E48.7,iid_support|two_foci|lateral_gradient|nominal,iid_support|two_foci|lateral_gradient|nominal,iid_support,48.68199,1.84882,0.37489,2.22371,1.84882,two_foci,half_pitch_x_shift,lateral_gradient,0.6031,iid_support,train,nominal,1.02819,MMP;PIEZO;US,method2b_512_full_comsol_bxyz_delta,True,True
F3NCS_0181_iid_support_two_foci_zb01p3_E11p1,F3NCS_0181_iid_support_two_foci_zb01.3_E11.1,iid_support|two_foci|lateral_gradient|nominal,iid_support|two_foci|lateral_gradient|nominal,iid_support,11.11288,1.07542,0.23099,1.30641,1.07542,two_foci,near_boundary,lateral_gradient,0.31944,iid_support,train,nominal,0.91762,MMP;PIEZO;US,method2b_512_full_comsol_bxyz_delta,True,True
F3NCS_0182_iid_support_cylinder_zb01p7_E47p9,F3NCS_0182_iid_support_cylinder_zb01.7_E47.9,iid_support|cylinder|lateral_gradient|nominal,iid_support|cylinder|lateral_gradient|nominal,iid_support,47.88701,0.7478,0.91722,1.66502,0.7478,cylinder,center,lateral_gradient,0.28709,iid_support,train,nominal,1.07727,MMP;PIEZO;US,method2b_512_full_comsol_bxyz_delta,True,True
F3NCS_0183_iid_support_cylinder_zb06p6_E10p9,F3NCS_0183_iid_support_cylinder_zb06.6_E10.9,iid_support|cylinder|rim_soft|nominal,iid_support|cylinder|rim_soft|nominal,iid_support,10.94537,2.62787,3.97809,6.60597,2.62787,cylinder,half_pitch_x_shift,rim_soft,0.70215,iid_support,iid_test,nominal,1.21103,MMP;PIEZO;US,method2b_512_full_comsol_bxyz_delta,True,True
F3NCS_0184_iid_support_cylinder_zb03p7_E17p7,F3NCS_0184_iid_support_cylinder_zb03.7_E17.7,iid_support|cylinder|homogeneous|nominal,iid_support|cylinder|homogeneous|nominal,iid_support,17.74465,1.87544,1.78429,3.65973,1.87544,cylinder,near_boundary,homogeneous,0.0,iid_support,iid_test,nominal,0.73675,MMP;PIEZO;US,method2b_512_full_comsol_bxyz_delta,True,True
F3NCS_0185_iid_support_ellipse_zb06p5_E09p4,F3NCS_0185_iid_support_ellipse_zb06.5_E09.4,iid_support|ellipse|rim_soft|nominal,iid_support|ellipse|rim_soft|nominal,iid_support,9.39318,3.28471,3.2599,6.5446,3.28471,ellipse,center,rim_soft,0.29583,iid_support,train,nominal,0.86023,MMP;PIEZO;US,method2b_512_full_comsol_bxyz_delta,True,True
F3NCS_0186_iid_support_cylinder_zb01p8_E10p1,F3NCS_0186_iid_support_cylinder_zb01.8_E10.1,iid_support|cylinder|homogeneous|nominal,iid_support|cylinder|homogeneous|nominal,iid_support,10.09204,1.34163,0.50661,1.84824,1.34163,cylinder,near_boundary,homogeneous,0.0,iid_support,train,nominal,1.16877,MMP;PIEZO;US,method2b_512_full_comsol_bxyz_delta,True,True
F3NCS_0187_iid_support_ellipse_zb03p2_E21p5,F3NCS_0187_iid_support_ellipse_zb03.2_E21.5,iid_support|ellipse|rim_soft|nominal,iid_support|ellipse|rim_soft|nominal,iid_support,21.49279,2.89017,0.28982,3.17999,2.89017,ellipse,near_boundary,rim_soft,0.35904,iid_support,train,nominal,0.98345,MMP;PIEZO;US,method2b_512_full_comsol_bxyz_delta,True,True
F3NCS_0188_iid_support_cylinder_zb02p6_E41p7,F3NCS_0188_iid_support_cylinder_zb02.6_E41.7,iid_support|cylinder|core_shell|nominal,iid_support|cylinder|core_shell|nominal,iid_support,41.66743,0.68226,1.9046,2.58686,0.68226,cylinder,center,core_shell,0.64523,iid_support,iid_test,nominal,1.22219,MMP;PIEZO;US,method2b_512_full_comsol_bxyz_delta,True,True
F3NCS_0189_iid_support_two_foci_zb03p5_E06p8,F3NCS_0189_iid_support_two_foci_zb03.5_E06.8,iid_support|two_foci|homogeneous|nominal,iid_support|two_foci|homogeneous|nominal,iid_support,6.8195,1.20857,2.32521,3.53378,1.20857,two_foci,half_pitch_x_shift,homogeneous,0.0,iid_support,train,nominal,0.87834,MMP;PIEZO;US,method2b_512_full_comsol_bxyz_delta,True,True
F3NCS_0190_iid_support_ellipse_zb03p5_E09p8,F3NCS_0190_iid_support_ellipse_zb03.5_E09.8,iid_support|ellipse|lateral_gradient|nominal,iid_support|ellipse|lateral_gradient|nominal,iid_support,9.81444,3.23249,0.21778,3.45027,3.23249,ellipse,near_boundary,lateral_gradient,0.59703,iid_support,train,nominal,1.21885,MMP;PIEZO;US,method2b_512_full_comsol_bxyz_delta,True,True
F3NCS_0191_iid_support_two_foci_zb07p0_E29p5,F3NCS_0191_iid_support_two_foci_zb07.0_E29.5,iid_support|two_foci|checker|nominal,iid_support|two_foci|checker|nominal,iid_support,29.51123,1.19629,5.82404,7.02033,1.19629,two_foci,near_boundary,checker,0.43228,iid_support,train,nominal,0.84638,MMP;PIEZO;US,method2b_512_full_comsol_bxyz_delta,True,True
F3NCS_0192_iid_support_two_foci_zb07p8_E59p3,F3NCS_0192_iid_support_two_foci_zb07.8_E59.3,iid_support|two_foci|lateral_gradient|nominal,iid_support|two_foci|lateral_gradient|nominal,iid_support,59.27787,2.33235,5.50097,7.83332,2.33235,two_foci,near_boundary,lateral_gradient,0.2061,iid_support,train,nominal,1.00036,MMP;PIEZO;US,method2b_512_full_comsol_bxyz_delta,True,True
F3NCS_0193_iid_support_two_foci_zb02p1_E15p1,F3NCS_0193_iid_support_two_foci_zb02.1_E15.1,iid_support|two_foci|hotspot|nominal,iid_support|two_foci|hotspot|nominal,iid_support,15.09909,1.5391,0.51877,2.05788,1.5391,two_foci,center,hotspot,0.51563,iid_support,train,nominal,1.2636,MMP;PIEZO;US,method2b_512_full_comsol_bxyz_delta,True,True
F3NCS_0194_iid_support_ellipse_zb02p0_E32p8,F3NCS_0194_iid_support_ellipse_zb02.0_E32.8,iid_support|ellipse|lateral_gradient|nominal,iid_support|ellipse|lateral_gradient|nominal,iid_support,32.81475,1.64305,0.33585,1.9789,1.64305,ellipse,half_pitch_x_shift,lateral_gradient,0.47762,iid_support,train,nominal,1.08154,MMP;PIEZO;US,method2b_512_full_comsol_bxyz_delta,True,True
F3NCS_0195_iid_support_cylinder_zb04p7_E62p4,F3NCS_0195_iid_support_cylinder_zb04.7_E62.4,iid_support|cylinder|core_shell|nominal,iid_support|cylinder|core_shell|nominal,iid_support,62.39704,1.06163,3.60603,4.66766,1.06163,cylinder,near_boundary,core_shell,0.28916,iid_support,train,nominal,1.07747,MMP;PIEZO;US,method2b_512_full_comsol_bxyz_delta,True,True
F3NCS_0196_iid_support_ellipse_zb05p1_E83p2,F3NCS_0196_iid_support_ellipse_zb05.1_E83.2,iid_support|ellipse|lateral_gradient|nominal,iid_support|ellipse|lateral_gradient|nominal,iid_support,83.24365,1.75909,3.35139,5.11048,1.75909,ellipse,half_pitch_x_shift,lateral_gradient,0.20531,iid_support,train,nominal,0.98749,MMP;PIEZO;US,method2b_512_full_comsol_bxyz_delta,True,True
F3NCS_0197_iid_support_cylinder_zb02p2_E26p9,F3NCS_0197_iid_support_cylinder_zb02.2_E26.9,iid_support|cylinder|rim_soft|nominal,iid_support|cylinder|rim_soft|nominal,iid_support,26.89298,1.71192,0.48782,2.19974,1.71192,cylinder,near_boundary,rim_soft,0.46099,iid_support,train,nominal,1.30555,MMP;PIEZO;US,method2b_512_full_comsol_bxyz_delta,True,True
F3NCS_0198_iid_support_cylinder_zb05p9_E17p9,F3NCS_0198_iid_support_cylinder_zb05.9_E17.9,iid_support|cylinder|core_shell|nominal,iid_support|cylinder|core_shell|nominal,iid_support,17.86509,2.98469,2.95879,5.94348,2.98469,cylinder,half_pitch_x_shift,core_shell,0.22731,iid_support,iid_test,nominal,0.61689,MMP;PIEZO;US,method2b_512_full_comsol_bxyz_delta,True,True
F3NCS_0199_iid_support_ellipse_zb06p2_E37p7,F3NCS_0199_iid_support_ellipse_zb06.2_E37.7,iid_support|ellipse|rim_soft|nominal,iid_support|ellipse|rim_soft|nominal,iid_support,37.74006,0.63132,5.5623,6.19362,0.63132,ellipse,near_boundary,rim_soft,0.50253,iid_support,iid_test,nominal,1.21966,MMP;PIEZO;US,method2b_512_full_comsol_bxyz_delta,True,True
F3NCS_0200_iid_support_cylinder_zb04p3_E71p3,F3NCS_0200_iid_support_cylinder_zb04.3_E71.3,iid_support|cylinder|hotspot|nominal,iid_support|cylinder|hotspot|nominal,iid_support,71.28682,2.54371,1.72509,4.2688,2.54371,cylinder,half_pitch_x_shift,hotspot,0.34124,iid_support,train,nominal,0.88899,MMP;PIEZO;US,method2b_512_full_comsol_bxyz_delta,True,True
F3NCS_0201_iid_support_cylinder_zb07p6_E81p4,F3NCS_0201_iid_support_cylinder_zb07.6_E81.4,iid_support|cylinder|lateral_gradient|nominal,iid_support|cylinder|lateral_gradient|nominal,iid_support,81.38275,3.22618,4.36663,7.59281,3.22618,cylinder,half_pitch_x_shift,lateral_gradient,0.63748,iid_support,train,nominal,0.87043,MMP;PIEZO;US,method2b_512_full_comsol_bxyz_delta,True,True
F3NCS_0202_iid_support_cylinder_zb03p7_E57p3,F3NCS_0202_iid_support_cylinder_zb03.7_E57.3,iid_support|cylinder|checker|nominal,iid_support|cylinder|checker|nominal,iid_support,57.25613,1.52854,2.13376,3.6623,1.52854,cylinder,near_boundary,checker,0.4598,iid_support,iid_test,nominal,1.30513,MMP;PIEZO;US,method2b_512_full_comsol_bxyz_delta,True,True
F3NCS_0203_iid_support_cylinder_zb05p0_E11p4,F3NCS_0203_iid_support_cylinder_zb05.0_E11.4,iid_support|cylinder|lateral_gradient|nominal,iid_support|cylinder|lateral_gradient|nominal,iid_support,11.43299,3.21244,1.82052,5.03296,3.21244,cylinder,half_pitch_x_shift,lateral_gradient,0.18904,iid_support,train,nominal,0.83815,MMP;PIEZO;US,method2b_512_full_comsol_bxyz_delta,True,True
F3NCS_0204_iid_support_two_foci_zb02p4_E13p8,F3NCS_0204_iid_support_two_foci_zb02.4_E13.8,iid_support|two_foci|homogeneous|nominal,iid_support|two_foci|homogeneous|nominal,iid_support,13.81758,1.26524,1.16904,2.43428,1.26524,two_foci,center,homogeneous,0.0,iid_support,train,nominal,1.15005,MMP;PIEZO;US,method2b_512_full_comsol_bxyz_delta,True,True
F3NCS_0205_iid_support_two_foci_zb03p2_E08p0,F3NCS_0205_iid_support_two_foci_zb03.2_E08.0,iid_support|two_foci|rim_soft|nominal,iid_support|two_foci|rim_soft|nominal,iid_support,7.96567,2.09853,1.11302,3.21156,2.09853,two_foci,center,rim_soft,0.58583,iid_support,train,nominal,1.31986,MMP;PIEZO;US,method2b_512_full_comsol_bxyz_delta,True,True
F3NCS_0206_iid_support_two_foci_zb07p8_E55p5,F3NCS_0206_iid_support_two_foci_zb07.8_E55.5,iid_support|two_foci|hotspot|nominal,iid_support|two_foci|hotspot|nominal,iid_support,55.54177,2.11533,5.73204,7.84736,2.11533,two_foci,center,hotspot,0.67888,iid_support,train,nominal,1.14978,MMP;PIEZO;US,method2b_512_full_comsol_bxyz_delta,True,True
F3NCS_0207_iid_support_two_foci_zb01p2_E15p3,F3NCS_0207_iid_support_two_foci_zb01.2_E15.3,iid_support|two_foci|hotspot|nominal,iid_support|two_foci|hotspot|nominal,iid_support,15.29008,0.60831,0.56571,1.17402,0.60831,two_foci,half_pitch_x_shift,hotspot,0.7435,iid_support,train,nominal,1.02005,MMP;PIEZO;US,method2b_512_full_comsol_bxyz_delta,True,True
F3NCS_0208_iid_support_ellipse_zb05p0_E22p4,F3NCS_0208_iid_support_ellipse_zb05.0_E22.4,iid_support|ellipse|homogeneous|nominal,iid_support|ellipse|homogeneous|nominal,iid_support,22.43896,3.16514,1.84541,5.01055,3.16514,ellipse,half_pitch_x_shift,homogeneous,0.0,iid_support,train,nominal,0.6769,MMP;PIEZO;US,method2b_512_full_comsol_bxyz_delta,True,True
F3NCS_0209_iid_support_two_foci_zb04p8_E62p1,F3NCS_0209_iid_support_two_foci_zb04.8_E62.1,iid_support|two_foci|rim_soft|nominal,iid_support|two_foci|rim_soft|nominal,iid_support,62.06586,2.30583,2.51013,4.81597,2.30583,two_foci,center,rim_soft,0.26275,iid_support,train,nominal,0.7548,MMP;PIEZO;US,method2b_512_full_comsol_bxyz_delta,True,True
F3NCS_0210_iid_support_two_foci_zb02p3_E29p9,F3NCS_0210_iid_support_two_foci_zb02.3_E29.9,iid_support|two_foci|homogeneous|nominal,iid_support|two_foci|homogeneous|nominal,iid_support,29.88746,1.74513,0.5249,2.27004,1.74513,two_foci,near_boundary,homogeneous,0.0,iid_support,train,nominal,0.73496,MMP;PIEZO;US,method2b_512_full_comsol_bxyz_delta,True,True
F3NCS_0211_iid_support_cylinder_zb03p8_E40p7,F3NCS_0211_iid_support_cylinder_zb03.8_E40.7,iid_support|cylinder|rim_soft|nominal,iid_support|cylinder|rim_soft|nominal,iid_support,40.71641,1.22216,2.57082,3.79297,1.22216,cylinder,center,rim_soft,0.45789,iid_support,train,nominal,0.91218,MMP;PIEZO;US,method2b_512_full_comsol_bxyz_delta,True,True
F3NCS_0212_iid_support_two_foci_zb05p8_E72p3,F3NCS_0212_iid_support_two_foci_zb05.8_E72.3,iid_support|two_foci|checker|nominal,iid_support|two_foci|checker|nominal,iid_support,72.3035,2.09945,3.6807,5.78015,2.09945,two_foci,near_boundary,checker,0.27817,iid_support,validation,nominal,1.21437,MMP;PIEZO;US,method2b_512_full_comsol_bxyz_delta,True,True
F3NCS_0213_iid_support_cylinder_zb07p6_E07p8,F3NCS_0213_iid_support_cylinder_zb07.6_E07.8,iid_support|cylinder|checker|nominal,iid_support|cylinder|checker|nominal,iid_support,7.82308,1.46299,6.14568,7.60867,1.46299,cylinder,center,checker,0.23774,iid_support,train,nominal,1.13638,MMP;PIEZO;US,method2b_512_full_comsol_bxyz_delta,True,True
F3NCS_0214_iid_support_two_foci_zb03p2_E50p2,F3NCS_0214_iid_support_two_foci_zb03.2_E50.2,iid_support|two_foci|homogeneous|nominal,iid_support|two_foci|homogeneous|nominal,iid_support,50.24978,2.81447,0.40998,3.22445,2.81447,two_foci,half_pitch_x_shift,homogeneous,0.0,iid_support,train,nominal,0.85621,MMP;PIEZO;US,method2b_512_full_comsol_bxyz_delta,True,True
F3NCS_0215_iid_support_ellipse_zb07p9_E42p5,F3NCS_0215_iid_support_ellipse_zb07.9_E42.5,iid_support|ellipse|core_shell|nominal,iid_support|ellipse|core_shell|nominal,iid_support,42.53491,1.98748,5.86267,7.85015,1.98748,ellipse,near_boundary,core_shell,0.1981,iid_support,train,nominal,1.11279,MMP;PIEZO;US,method2b_512_full_comsol_bxyz_delta,True,True
F3NCS_0216_iid_support_cylinder_zb07p5_E07p4,F3NCS_0216_iid_support_cylinder_zb07.5_E07.4,iid_support|cylinder|homogeneous|nominal,iid_support|cylinder|homogeneous|nominal,iid_support,7.35545,2.1694,5.29572,7.46512,2.1694,cylinder,near_boundary,homogeneous,0.0,iid_support,train,nominal,1.20276,MMP;PIEZO;US,method2b_512_full_comsol_bxyz_delta,True,True
F3NCS_0217_iid_support_ellipse_zb05p0_E33p4,F3NCS_0217_iid_support_ellipse_zb05.0_E33.4,iid_support|ellipse|homogeneous|nominal,iid_support|ellipse|homogeneous|nominal,iid_support,33.4321,1.00022,3.9939,4.99413,1.00022,ellipse,near_boundary,homogeneous,0.0,iid_support,train,nominal,0.97953,MMP;PIEZO;US,method2b_512_full_comsol_bxyz_delta,True,True
F3NCS_0218_iid_support_two_foci_zb03p8_E63p6,F3NCS_0218_iid_support_two_foci_zb03.8_E63.6,iid_support|two_foci|homogeneous|nominal,iid_support|two_foci|homogeneous|nominal,iid_support,63.58807,3.25482,0.52795,3.78277,3.25482,two_foci,center,homogeneous,0.0,iid_support,train,nominal,0.97419,MMP;PIEZO;US,method2b_512_full_comsol_bxyz_delta,True,True
F3NCS_0219_iid_support_cylinder_zb03p5_E26p4,F3NCS_0219_iid_support_cylinder_zb03.5_E26.4,iid_support|cylinder|core_shell|nominal,iid_support|cylinder|core_shell|nominal,iid_support,26.40203,1.76429,1.74322,3.50751,1.76429,cylinder,half_pitch_x_shift,core_shell,0.4767,iid_support,train,nominal,0.7433,MMP;PIEZO;US,method2b_512_full_comsol_bxyz_delta,True,True
F3NCS_0220_iid_support_two_foci_zb02p4_E32p0,F3NCS_0220_iid_support_two_foci_zb02.4_E32.0,iid_support|two_foci|lateral_gradient|nominal,iid_support|two_foci|lateral_gradient|nominal,iid_support,31.99082,1.59957,0.81929,2.41886,1.59957,two_foci,near_boundary,lateral_gradient,0.24875,iid_support,iid_test,nominal,1.09562,MMP;PIEZO;US,method2b_512_full_comsol_bxyz_delta,True,True
F3NCS_0221_iid_support_ellipse_zb03p0_E14p7,F3NCS_0221_iid_support_ellipse_zb03.0_E14.7,iid_support|ellipse|lateral_gradient|nominal,iid_support|ellipse|lateral_gradient|nominal,iid_support,14.68964,2.52927,0.44101,2.97028,2.52927,ellipse,center,lateral_gradient,0.46402,iid_support,validation,nominal,0.91677,MMP;PIEZO;US,method2b_512_full_comsol_bxyz_delta,True,True
F3NCS_0222_iid_support_cylinder_zb07p1_E14p1,F3NCS_0222_iid_support_cylinder_zb07.1_E14.1,iid_support|cylinder|homogeneous|nominal,iid_support|cylinder|homogeneous|nominal,iid_support,14.12595,2.44888,4.69694,7.14582,2.44888,cylinder,near_boundary,homogeneous,0.0,iid_support,validation,nominal,1.31923,MMP;PIEZO;US,method2b_512_full_comsol_bxyz_delta,True,True
F3NCS_0223_iid_support_two_foci_zb05p1_E52p3,F3NCS_0223_iid_support_two_foci_zb05.1_E52.3,iid_support|two_foci|checker|nominal,iid_support|two_foci|checker|nominal,iid_support,52.25329,1.19652,3.86005,5.05658,1.19652,two_foci,center,checker,0.52213,iid_support,iid_test,nominal,0.98011,MMP;PIEZO;US,method2b_512_full_comsol_bxyz_delta,True,True
F3NCS_0224_iid_support_ellipse_zb06p5_E06p8,F3NCS_0224_iid_support_ellipse_zb06.5_E06.8,iid_support|ellipse|lateral_gradient|nominal,iid_support|ellipse|lateral_gradient|nominal,iid_support,6.78131,2.25157,4.26615,6.51772,2.25157,ellipse,near_boundary,lateral_gradient,0.69313,iid_support,train,nominal,1.49321,MMP;PIEZO;US,method2b_512_full_comsol_bxyz_delta,True,True
F3NCS_0225_iid_support_cylinder_zb07p7_E12p0,F3NCS_0225_iid_support_cylinder_zb07.7_E12.0,iid_support|cylinder|homogeneous|nominal,iid_support|cylinder|homogeneous|nominal,iid_support,12.02895,1.54705,6.19886,7.74592,1.54705,cylinder,near_boundary,homogeneous,0.0,iid_support,train,nominal,1.15121,MMP;PIEZO;US,method2b_512_full_comsol_bxyz_delta,True,True
F3NCS_0226_iid_support_ellipse_zb04p1_E10p5,F3NCS_0226_iid_support_ellipse_zb04.1_E10.5,iid_support|ellipse|rim_soft|nominal,iid_support|ellipse|rim_soft|nominal,iid_support,10.46581,1.73212,2.36102,4.09314,1.73212,ellipse,half_pitch_x_shift,rim_soft,0.56068,iid_support,train,nominal,1.05852,MMP;PIEZO;US,method2b_512_full_comsol_bxyz_delta,True,True
F3NCS_0227_iid_support_ellipse_zb05p9_E22p2,F3NCS_0227_iid_support_ellipse_zb05.9_E22.2,iid_support|ellipse|lateral_gradient|nominal,iid_support|ellipse|lateral_gradient|nominal,iid_support,22.19225,2.55636,3.2969,5.85326,2.55636,ellipse,half_pitch_x_shift,lateral_gradient,0.61439,iid_support,train,nominal,0.81413,MMP;PIEZO;US,method2b_512_full_comsol_bxyz_delta,True,True
F3NCS_0228_iid_support_cylinder_zb07p7_E36p5,F3NCS_0228_iid_support_cylinder_zb07.7_E36.5,iid_support|cylinder|lateral_gradient|nominal,iid_support|cylinder|lateral_gradient|nominal,iid_support,36.49713,2.36409,5.34431,7.70839,2.36409,cylinder,near_boundary,lateral_gradient,0.34765,iid_support,train,nominal,0.99337,MMP;PIEZO;US,method2b_512_full_comsol_bxyz_delta,True,True
F3NCS_0229_iid_support_cylinder_zb02p9_E28p9,F3NCS_0229_iid_support_cylinder_zb02.9_E28.9,iid_support|cylinder|core_shell|nominal,iid_support|cylinder|core_shell|nominal,iid_support,28.87782,1.13516,1.71579,2.85095,1.13516,cylinder,near_boundary,core_shell,0.64035,iid_support,train,nominal,0.82107,MMP;PIEZO;US,method2b_512_full_comsol_bxyz_delta,True,True
F3NCS_0230_iid_support_ellipse_zb06p2_E39p9,F3NCS_0230_iid_support_ellipse_zb06.2_E39.9,iid_support|ellipse|homogeneous|nominal,iid_support|ellipse|homogeneous|nominal,iid_support,39.86192,2.57568,3.58628,6.16196,2.57568,ellipse,half_pitch_x_shift,homogeneous,0.0,iid_support,train,nominal,0.84807,MMP;PIEZO;US,method2b_512_full_comsol_bxyz_delta,True,True
F3NCS_0231_iid_support_cylinder_zb05p8_E23p6,F3NCS_0231_iid_support_cylinder_zb05.8_E23.6,iid_support|cylinder|rim_soft|nominal,iid_support|cylinder|rim_soft|nominal,iid_support,23.62439,0.99447,4.79021,5.78467,0.99447,cylinder,center,rim_soft,0.65472,iid_support,train,nominal,1.04725,MMP;PIEZO;US,method2b_512_full_comsol_bxyz_delta,True,True
F3NCS_0232_iid_support_two_foci_zb04p4_E83p3,F3NCS_0232_iid_support_two_foci_zb04.4_E83.3,iid_support|two_foci|hotspot|nominal,iid_support|two_foci|hotspot|nominal,iid_support,83.32219,1.59432,2.83625,4.43057,1.59432,two_foci,near_boundary,hotspot,0.35018,iid_support,train,nominal,0.86673,MMP;PIEZO;US,method2b_512_full_comsol_bxyz_delta,True,True
F3NCS_0233_iid_support_two_foci_zb07p3_E55p1,F3NCS_0233_iid_support_two_foci_zb07.3_E55.1,iid_support|two_foci|checker|nominal,iid_support|two_foci|checker|nominal,iid_support,55.07983,2.56877,4.77017,7.33894,2.56877,two_foci,near_boundary,checker,0.56386,iid_support,validation,nominal,1.19524,MMP;PIEZO;US,method2b_512_full_comsol_bxyz_delta,True,True
F3NCS_0234_iid_support_cylinder_zb03p1_E50p8,F3NCS_0234_iid_support_cylinder_zb03.1_E50.8,iid_support|cylinder|checker|nominal,iid_support|cylinder|checker|nominal,iid_support,50.81259,2.74288,0.37457,3.11745,2.74288,cylinder,near_boundary,checker,0.2293,iid_support,train,nominal,1.27162,MMP;PIEZO;US,method2b_512_full_comsol_bxyz_delta,True,True
F3NCS_0235_iid_support_cylinder_zb05p9_E09p0,F3NCS_0235_iid_support_cylinder_zb05.9_E09.0,iid_support|cylinder|lateral_gradient|nominal,iid_support|cylinder|lateral_gradient|nominal,iid_support,9.0122,1.95601,3.93179,5.88781,1.95601,cylinder,near_boundary,lateral_gradient,0.47121,iid_support,train,nominal,1.38966,MMP;PIEZO;US,method2b_512_full_comsol_bxyz_delta,True,True
F3NCS_0236_iid_support_ellipse_zb04p1_E11p2,F3NCS_0236_iid_support_ellipse_zb04.1_E11.2,iid_support|ellipse|checker|nominal,iid_support|ellipse|checker|nominal,iid_support,11.20572,2.40614,1.72338,4.12952,2.40614,ellipse,near_boundary,checker,0.64054,iid_support,train,nominal,0.87111,MMP;PIEZO;US,method2b_512_full_comsol_bxyz_delta,True,True
F3NCS_0237_iid_support_cylinder_zb03p8_E45p7,F3NCS_0237_iid_support_cylinder_zb03.8_E45.7,iid_support|cylinder|core_shell|nominal,iid_support|cylinder|core_shell|nominal,iid_support,45.66011,3.35551,0.47737,3.83288,3.35551,cylinder,half_pitch_x_shift,core_shell,0.41723,iid_support,train,nominal,0.79043,MMP;PIEZO;US,method2b_512_full_comsol_bxyz_delta,True,True
F3NCS_0238_iid_support_two_foci_zb06p2_E78p4,F3NCS_0238_iid_support_two_foci_zb06.2_E78.4,iid_support|two_foci|lateral_gradient|nominal,iid_support|two_foci|lateral_gradient|nominal,iid_support,78.35891,2.03707,4.19135,6.22842,2.03707,two_foci,near_boundary,lateral_gradient,0.29945,iid_support,train,nominal,1.28589,MMP;PIEZO;US,method2b_512_full_comsol_bxyz_delta,True,True
F3NCS_0239_iid_support_ellipse_zb02p9_E06p8,F3NCS_0239_iid_support_ellipse_zb02.9_E06.8,iid_support|ellipse|homogeneous|nominal,iid_support|ellipse|homogeneous|nominal,iid_support,6.84102,0.57305,2.31629,2.88934,0.57305,ellipse,near_boundary,homogeneous,0.0,iid_support,iid_test,nominal,0.88578,MMP;PIEZO;US,method2b_512_full_comsol_bxyz_delta,True,True
F3NCS_0240_iid_support_ellipse_zb03p4_E30p3,F3NCS_0240_iid_support_ellipse_zb03.4_E30.3,iid_support|ellipse|lateral_gradient|nominal,iid_support|ellipse|lateral_gradient|nominal,iid_support,30.34816,2.32011,1.10905,3.42916,2.32011,ellipse,center,lateral_gradient,0.55112,iid_support,validation,nominal,0.46168,MMP;PIEZO;US,method2b_512_full_comsol_bxyz_delta,True,True
F3NCS_0241_iid_support_two_foci_zb03p4_E08p3,F3NCS_0241_iid_support_two_foci_zb03.4_E08.3,iid_support|two_foci|rim_soft|nominal,iid_support|two_foci|rim_soft|nominal,iid_support,8.27753,0.48062,2.91304,3.39366,0.48062,two_foci,half_pitch_x_shift,rim_soft,0.44254,iid_support,validation,nominal,0.75387,MMP;PIEZO;US,method2b_512_full_comsol_bxyz_delta,True,True
F3NCS_0242_iid_support_two_foci_zb02p7_E12p7,F3NCS_0242_iid_support_two_foci_zb02.7_E12.7,iid_support|two_foci|core_shell|nominal,iid_support|two_foci|core_shell|nominal,iid_support,12.66039,1.3122,1.43259,2.74479,1.3122,two_foci,near_boundary,core_shell,0.52156,iid_support,train,nominal,0.91014,MMP;PIEZO;US,method2b_512_full_comsol_bxyz_delta,True,True
F3NCS_0243_iid_support_two_foci_zb03p9_E11p0,F3NCS_0243_iid_support_two_foci_zb03.9_E11.0,iid_support|two_foci|homogeneous|nominal,iid_support|two_foci|homogeneous|nominal,iid_support,10.95091,1.33163,2.59615,3.92777,1.33163,two_foci,near_boundary,homogeneous,0.0,iid_support,train,nominal,0.9677,MMP;PIEZO;US,method2b_512_full_comsol_bxyz_delta,True,True
F3NCS_0244_iid_support_ellipse_zb03p7_E18p6,F3NCS_0244_iid_support_ellipse_zb03.7_E18.6,iid_support|ellipse|core_shell|nominal,iid_support|ellipse|core_shell|nominal,iid_support,18.56992,3.31201,0.42481,3.73681,3.31201,ellipse,center,core_shell,0.58731,iid_support,train,nominal,0.97491,MMP;PIEZO;US,method2b_512_full_comsol_bxyz_delta,True,True
F3NCS_0245_iid_support_ellipse_zb06p1_E58p0,F3NCS_0245_iid_support_ellipse_zb06.1_E58.0,iid_support|ellipse|core_shell|nominal,iid_support|ellipse|core_shell|nominal,iid_support,57.99488,1.89091,4.24024,6.13115,1.89091,ellipse,half_pitch_x_shift,core_shell,0.46576,iid_support,train,nominal,1.05459,MMP;PIEZO;US,method2b_512_full_comsol_bxyz_delta,True,True
F3NCS_0246_iid_support_two_foci_zb02p7_E18p0,F3NCS_0246_iid_support_two_foci_zb02.7_E18.0,iid_support|two_foci|homogeneous|nominal,iid_support|two_foci|homogeneous|nominal,iid_support,18.03865,0.69906,1.98718,2.68624,0.69906,two_foci,half_pitch_x_shift,homogeneous,0.0,iid_support,train,nominal,1.19126,MMP;PIEZO;US,method2b_512_full_comsol_bxyz_delta,True,True
F3NCS_0247_iid_support_cylinder_zb06p1_E30p3,F3NCS_0247_iid_support_cylinder_zb06.1_E30.3,iid_support|cylinder|core_shell|nominal,iid_support|cylinder|core_shell|nominal,iid_support,30.33041,0.71547,5.4326,6.14806,0.71547,cylinder,half_pitch_x_shift,core_shell,0.60223,iid_support,train,nominal,1.12661,MMP;PIEZO;US,method2b_512_full_comsol_bxyz_delta,True,True
F3NCS_0248_iid_support_two_foci_zb01p9_E26p9,F3NCS_0248_iid_support_two_foci_zb01.9_E26.9,iid_support|two_foci|lateral_gradient|nominal,iid_support|two_foci|lateral_gradient|nominal,iid_support,26.89701,1.10576,0.78455,1.89031,1.10576,two_foci,half_pitch_x_shift,lateral_gradient,0.50914,iid_support,train,nominal,0.84574,MMP;PIEZO;US,method2b_512_full_comsol_bxyz_delta,True,True
F3NCS_0249_iid_support_cylinder_zb07p6_E44p0,F3NCS_0249_iid_support_cylinder_zb07.6_E44.0,iid_support|cylinder|core_shell|nominal,iid_support|cylinder|core_shell|nominal,iid_support,43.96223,0.56901,7.00961,7.57862,0.56901,cylinder,half_pitch_x_shift,core_shell,0.28063,iid_support,train,nominal,0.89964,MMP;PIEZO;US,method2b_512_full_comsol_bxyz_delta,True,True
F3NCS_0250_iid_support_ellipse_zb05p1_E07p7,F3NCS_0250_iid_support_ellipse_zb05.1_E07.7,iid_support|ellipse|checker|nominal,iid_support|ellipse|checker|nominal,iid_support,7.68027,1.34706,3.73498,5.08204,1.34706,ellipse,near_boundary,checker,0.51487,iid_support,train,nominal,0.91389,MMP;PIEZO;US,method2b_512_full_comsol_bxyz_delta,True,True
F3NCS_0251_iid_support_cylinder_zb07p1_E73p4,F3NCS_0251_iid_support_cylinder_zb07.1_E73.4,iid_support|cylinder|core_shell|nominal,iid_support|cylinder|core_shell|nominal,iid_support,73.40691,2.25375,4.86958,7.12334,2.25375,cylinder,near_boundary,core_shell,0.21335,iid_support,train,nominal,1.34772,MMP;PIEZO;US,method2b_512_full_comsol_bxyz_delta,True,True
F3NCS_0252_iid_support_cylinder_zb05p8_E79p4,F3NCS_0252_iid_support_cylinder_zb05.8_E79.4,iid_support|cylinder|lateral_gradient|nominal,iid_support|cylinder|lateral_gradient|nominal,iid_support,79.38274,2.44999,3.35839,5.80839,2.44999,cylinder,center,lateral_gradient,0.69875,iid_support,train,nominal,0.83473,MMP;PIEZO;US,method2b_512_full_comsol_bxyz_delta,True,True
F3NCS_0253_iid_support_cylinder_zb02p9_E09p4,F3NCS_0253_iid_support_cylinder_zb02.9_E09.4,iid_support|cylinder|core_shell|nominal,iid_support|cylinder|core_shell|nominal,iid_support,9.38531,2.64342,0.23786,2.88128,2.64342,cylinder,half_pitch_x_shift,core_shell,0.5379,iid_support,train,nominal,0.88354,MMP;PIEZO;US,method2b_512_full_comsol_bxyz_delta,True,True
F3NCS_0254_iid_support_ellipse_zb05p6_E06p6,F3NCS_0254_iid_support_ellipse_zb05.6_E06.6,iid_support|ellipse|rim_soft|nominal,iid_support|ellipse|rim_soft|nominal,iid_support,6.55265,0.67791,4.90436,5.58227,0.67791,ellipse,half_pitch_x_shift,rim_soft,0.48753,iid_support,train,nominal,0.81452,MMP;PIEZO;US,method2b_512_full_comsol_bxyz_delta,True,True
F3NCS_0255_iid_support_cylinder_zb05p3_E06p8,F3NCS_0255_iid_support_cylinder_zb05.3_E06.8,iid_support|cylinder|checker|nominal,iid_support|cylinder|checker|nominal,iid_support,6.75589,1.86358,3.40236,5.26594,1.86358,cylinder,half_pitch_x_shift,checker,0.37735,iid_support,train,nominal,0.69632,MMP;PIEZO;US,method2b_512_full_comsol_bxyz_delta,True,True
F3NCS_0256_iid_support_two_foci_zb04p2_E07p9,F3NCS_0256_iid_support_two_foci_zb04.2_E07.9,iid_support|two_foci|hotspot|nominal,iid_support|two_foci|hotspot|nominal,iid_support,7.93247,2.93891,1.27076,4.20968,2.93891,two_foci,center,hotspot,0.33131,iid_support,train,nominal,1.07515,MMP;PIEZO;US,method2b_512_full_comsol_bxyz_delta,True,True
F3NCS_0257_iid_support_two_foci_zb04p0_E23p2,F3NCS_0257_iid_support_two_foci_zb04.0_E23.2,iid_support|two_foci|hotspot|nominal,iid_support|two_foci|hotspot|nominal,iid_support,23.21605,1.24298,2.7749,4.01788,1.24298,two_foci,near_boundary,hotspot,0.54911,iid_support,train,nominal,0.72819,MMP;PIEZO;US,method2b_512_full_comsol_bxyz_delta,True,True
F3NCS_0258_iid_support_ellipse_zb05p1_E41p8,F3NCS_0258_iid_support_ellipse_zb05.1_E41.8,iid_support|ellipse|rim_soft|nominal,iid_support|ellipse|rim_soft|nominal,iid_support,41.78471,1.16099,3.92972,5.09072,1.16099,ellipse,center,rim_soft,0.67599,iid_support,validation,nominal,1.77085,MMP;PIEZO;US,method2b_512_full_comsol_bxyz_delta,True,True
F3NCS_0259_iid_support_cylinder_zb03p4_E12p3,F3NCS_0259_iid_support_cylinder_zb03.4_E12.3,iid_support|cylinder|rim_soft|nominal,iid_support|cylinder|rim_soft|nominal,iid_support,12.33841,1.38572,2.05173,3.43746,1.38572,cylinder,half_pitch_x_shift,rim_soft,0.54389,iid_support,train,nominal,1.16044,MMP;PIEZO;US,method2b_512_full_comsol_bxyz_delta,True,True
F3NCS_0260_iid_support_ellipse_zb02p9_E51p1,F3NCS_0260_iid_support_ellipse_zb02.9_E51.1,iid_support|ellipse|core_shell|nominal,iid_support|ellipse|core_shell|nominal,iid_support,51.13615,2.62884,0.30773,2.93657,2.62884,ellipse,center,core_shell,0.21179,iid_support,train,nominal,1.17646,MMP;PIEZO;US,method2b_512_full_comsol_bxyz_delta,True,True
F3NCS_0261_iid_support_cylinder_zb05p5_E08p7,F3NCS_0261_iid_support_cylinder_zb05.5_E08.7,iid_support|cylinder|homogeneous|nominal,iid_support|cylinder|homogeneous|nominal,iid_support,8.67808,0.64933,4.81653,5.46586,0.64933,cylinder,near_boundary,homogeneous,0.0,iid_support,train,nominal,1.24376,MMP;PIEZO;US,method2b_512_full_comsol_bxyz_delta,True,True
F3NCS_0262_iid_support_ellipse_zb05p7_E60p2,F3NCS_0262_iid_support_ellipse_zb05.7_E60.2,iid_support|ellipse|homogeneous|nominal,iid_support|ellipse|homogeneous|nominal,iid_support,60.2203,3.26655,2.42196,5.68851,3.26655,ellipse,near_boundary,homogeneous,0.0,iid_support,iid_test,nominal,1.12062,MMP;PIEZO;US,method2b_512_full_comsol_bxyz_delta,True,True
F3NCS_0263_iid_support_two_foci_zb04p7_E77p5,F3NCS_0263_iid_support_two_foci_zb04.7_E77.5,iid_support|two_foci|homogeneous|nominal,iid_support|two_foci|homogeneous|nominal,iid_support,77.46854,2.63562,2.03335,4.66897,2.63562,two_foci,center,homogeneous,0.0,iid_support,train,nominal,0.89175,MMP;PIEZO;US,method2b_512_full_comsol_bxyz_delta,True,True
F3NCS_0264_iid_support_two_foci_zb05p2_E08p4,F3NCS_0264_iid_support_two_foci_zb05.2_E08.4,iid_support|two_foci|core_shell|nominal,iid_support|two_foci|core_shell|nominal,iid_support,8.36891,1.60507,3.55379,5.15885,1.60507,two_foci,center,core_shell,0.40809,iid_support,train,nominal,1.82208,MMP;PIEZO;US,method2b_512_full_comsol_bxyz_delta,True,True
F3NCS_0265_iid_support_cylinder_zb02p7_E13p4,F3NCS_0265_iid_support_cylinder_zb02.7_E13.4,iid_support|cylinder|lateral_gradient|nominal,iid_support|cylinder|lateral_gradient|nominal,iid_support,13.39237,0.73694,1.97387,2.71081,0.73694,cylinder,half_pitch_x_shift,lateral_gradient,0.36548,iid_support,train,nominal,1.47397,MMP;PIEZO;US,method2b_512_full_comsol_bxyz_delta,True,True
F3NCS_0266_iid_support_cylinder_zb05p1_E09p1,F3NCS_0266_iid_support_cylinder_zb05.1_E09.1,iid_support|cylinder|homogeneous|nominal,iid_support|cylinder|homogeneous|nominal,iid_support,9.10306,2.07874,2.97805,5.05679,2.07874,cylinder,near_boundary,homogeneous,0.0,iid_support,train,nominal,1.01931,MMP;PIEZO;US,method2b_512_full_comsol_bxyz_delta,True,True
F3NCS_0267_iid_support_cylinder_zb07p1_E29p9,F3NCS_0267_iid_support_cylinder_zb07.1_E29.9,iid_support|cylinder|hotspot|nominal,iid_support|cylinder|hotspot|nominal,iid_support,29.9299,1.06329,5.98778,7.05107,1.06329,cylinder,half_pitch_x_shift,hotspot,0.37864,iid_support,train,nominal,1.06235,MMP;PIEZO;US,method2b_512_full_comsol_bxyz_delta,True,True
F3NCS_0268_iid_support_ellipse_zb08p0_E54p3,F3NCS_0268_iid_support_ellipse_zb08.0_E54.3,iid_support|ellipse|homogeneous|nominal,iid_support|ellipse|homogeneous|nominal,iid_support,54.28905,1.34021,6.65443,7.99464,1.34021,ellipse,half_pitch_x_shift,homogeneous,0.0,iid_support,train,nominal,1.08111,MMP;PIEZO;US,method2b_512_full_comsol_bxyz_delta,True,True
F3NCS_0269_iid_support_ellipse_zb03p9_E52p1,F3NCS_0269_iid_support_ellipse_zb03.9_E52.1,iid_support|ellipse|checker|nominal,iid_support|ellipse|checker|nominal,iid_support,52.10183,2.15389,1.7311,3.88499,2.15389,ellipse,near_boundary,checker,0.41637,iid_support,train,nominal,0.9166,MMP;PIEZO;US,method2b_512_full_comsol_bxyz_delta,True,True
F3NCS_0270_iid_support_ellipse_zb02p7_E27p2,F3NCS_0270_iid_support_ellipse_zb02.7_E27.2,iid_support|ellipse|rim_soft|nominal,iid_support|ellipse|rim_soft|nominal,iid_support,27.15852,1.22179,1.50678,2.72857,1.22179,ellipse,near_boundary,rim_soft,0.47775,iid_support,train,nominal,0.92102,MMP;PIEZO;US,method2b_512_full_comsol_bxyz_delta,True,True
F3NCS_0271_iid_support_ellipse_zb04p2_E17p5,F3NCS_0271_iid_support_ellipse_zb04.2_E17.5,iid_support|ellipse|rim_soft|nominal,iid_support|ellipse|rim_soft|nominal,iid_support,17.49133,1.11951,3.06117,4.18068,1.11951,ellipse,center,rim_soft,0.44041,iid_support,validation,nominal,0.70039,MMP;PIEZO;US,method2b_512_full_comsol_bxyz_delta,True,True
F3NCS_0272_iid_support_ellipse_zb02p7_E33p6,F3NCS_0272_iid_support_ellipse_zb02.7_E33.6,iid_support|ellipse|homogeneous|nominal,iid_support|ellipse|homogeneous|nominal,iid_support,33.63761,1.59185,1.09921,2.69105,1.59185,ellipse,center,homogeneous,0.0,iid_support,iid_test,nominal,1.04228,MMP;PIEZO;US,method2b_512_full_comsol_bxyz_delta,True,True
F3NCS_0273_iid_support_ellipse_zb08p0_E06p6,F3NCS_0273_iid_support_ellipse_zb08.0_E06.6,iid_support|ellipse|core_shell|nominal,iid_support|ellipse|core_shell|nominal,iid_support,6.63978,1.93453,6.02459,7.95912,1.93453,ellipse,half_pitch_x_shift,core_shell,0.66497,iid_support,train,nominal,0.93937,MMP;PIEZO;US,method2b_512_full_comsol_bxyz_delta,True,True
F3NCS_0274_iid_support_two_foci_zb08p0_E17p1,F3NCS_0274_iid_support_two_foci_zb08.0_E17.1,iid_support|two_foci|lateral_gradient|nominal,iid_support|two_foci|lateral_gradient|nominal,iid_support,17.11502,1.33654,6.61641,7.95294,1.33654,two_foci,near_boundary,lateral_gradient,0.31035,iid_support,validation,nominal,0.75606,MMP;PIEZO;US,method2b_512_full_comsol_bxyz_delta,True,True
F3NCS_0275_iid_support_two_foci_zb05p9_E73p5,F3NCS_0275_iid_support_two_foci_zb05.9_E73.5,iid_support|two_foci|homogeneous|nominal,iid_support|two_foci|homogeneous|nominal,iid_support,73.4956,1.55741,4.37774,5.93516,1.55741,two_foci,near_boundary,homogeneous,0.0,iid_support,train,nominal,1.5083,MMP;PIEZO;US,method2b_512_full_comsol_bxyz_delta,True,True
F3NCS_0276_iid_support_cylinder_zb06p7_E35p1,F3NCS_0276_iid_support_cylinder_zb06.7_E35.1,iid_support|cylinder|homogeneous|nominal,iid_support|cylinder|homogeneous|nominal,iid_support,35.12813,2.30779,4.3556,6.66339,2.30779,cylinder,center,homogeneous,0.0,iid_support,train,nominal,0.85173,MMP;PIEZO;US,method2b_512_full_comsol_bxyz_delta,True,True
F3NCS_0277_iid_support_cylinder_zb05p5_E90p3,F3NCS_0277_iid_support_cylinder_zb05.5_E90.3,iid_support|cylinder|core_shell|nominal,iid_support|cylinder|core_shell|nominal,iid_support,90.28187,1.65952,3.82238,5.4819,1.65952,cylinder,center,core_shell,0.38133,iid_support,train,nominal,1.23832,MMP;PIEZO;US,method2b_512_full_comsol_bxyz_delta,True,True
F3NCS_0278_iid_support_ellipse_zb02p1_E44p7,F3NCS_0278_iid_support_ellipse_zb02.1_E44.7,iid_support|ellipse|rim_soft|nominal,iid_support|ellipse|rim_soft|nominal,iid_support,44.6736,1.26933,0.83583,2.10516,1.26933,ellipse,near_boundary,rim_soft,0.35255,iid_support,iid_test,nominal,0.67432,MMP;PIEZO;US,method2b_512_full_comsol_bxyz_delta,True,True
F3NCS_0279_iid_support_two_foci_zb02p4_E34p9,F3NCS_0279_iid_support_two_foci_zb02.4_E34.9,iid_support|two_foci|checker|nominal,iid_support|two_foci|checker|nominal,iid_support,34.87521,0.90335,1.45653,2.35988,0.90335,two_foci,center,checker,0.51378,iid_support,train,nominal,0.95458,MMP;PIEZO;US,method2b_512_full_comsol_bxyz_delta,True,True
F3NCS_0280_iid_support_two_foci_zb03p8_E08p4,F3NCS_0280_iid_support_two_foci_zb03.8_E08.4,iid_support|two_foci|checker|nominal,iid_support|two_foci|checker|nominal,iid_support,8.37633,3.28607,0.49279,3.77886,3.28607,two_foci,near_boundary,checker,0.51403,iid_support,train,nominal,0.94465,MMP;PIEZO;US,method2b_512_full_comsol_bxyz_delta,True,True
F3NCS_0281_iid_support_two_foci_zb06p2_E64p0,F3NCS_0281_iid_support_two_foci_zb06.2_E64.0,iid_support|two_foci|lateral_gradient|nominal,iid_support|two_foci|lateral_gradient|nominal,iid_support,64.0004,0.85477,5.31935,6.17412,0.85477,two_foci,center,lateral_gradient,0.51411,iid_support,train,nominal,0.91154,MMP;PIEZO;US,method2b_512_full_comsol_bxyz_delta,True,True
F3NCS_0282_iid_support_two_foci_zb03p5_E17p6,F3NCS_0282_iid_support_two_foci_zb03.5_E17.6,iid_support|two_foci|core_shell|nominal,iid_support|two_foci|core_shell|nominal,iid_support,17.56436,2.43336,1.04648,3.47984,2.43336,two_foci,near_boundary,core_shell,0.63703,iid_support,train,nominal,0.8515,MMP;PIEZO;US,method2b_512_full_comsol_bxyz_delta,True,True
F3NCS_0283_iid_support_cylinder_zb02p7_E53p3,F3NCS_0283_iid_support_cylinder_zb02.7_E53.3,iid_support|cylinder|hotspot|nominal,iid_support|cylinder|hotspot|nominal,iid_support,53.32041,1.78542,0.93758,2.723,1.78542,cylinder,half_pitch_x_shift,hotspot,0.19207,iid_support,train,nominal,1.20153,MMP;PIEZO;US,method2b_512_full_comsol_bxyz_delta,True,True
F3NCS_0284_iid_support_ellipse_zb03p7_E68p9,F3NCS_0284_iid_support_ellipse_zb03.7_E68.9,iid_support|ellipse|rim_soft|nominal,iid_support|ellipse|rim_soft|nominal,iid_support,68.88822,2.51592,1.15457,3.67049,2.51592,ellipse,near_boundary,rim_soft,0.29695,iid_support,iid_test,nominal,0.98089,MMP;PIEZO;US,method2b_512_full_comsol_bxyz_delta,True,True
F3NCS_0285_iid_support_cylinder_zb07p8_E10p6,F3NCS_0285_iid_support_cylinder_zb07.8_E10.6,iid_support|cylinder|core_shell|nominal,iid_support|cylinder|core_shell|nominal,iid_support,10.60953,2.46086,5.30272,7.76358,2.46086,cylinder,near_boundary,core_shell,0.42531,iid_support,train,nominal,1.10512,MMP;PIEZO;US,method2b_512_full_comsol_bxyz_delta,True,True
F3NCS_0286_iid_support_ellipse_zb04p6_E14p8,F3NCS_0286_iid_support_ellipse_zb04.6_E14.8,iid_support|ellipse|rim_soft|nominal,iid_support|ellipse|rim_soft|nominal,iid_support,14.78004,2.32118,2.23253,4.55372,2.32118,ellipse,center,rim_soft,0.73255,iid_support,train,nominal,1.04152,MMP;PIEZO;US,method2b_512_full_comsol_bxyz_delta,True,True
F3NCS_0287_iid_support_cylinder_zb03p8_E65p0,F3NCS_0287_iid_support_cylinder_zb03.8_E65.0,iid_support|cylinder|homogeneous|nominal,iid_support|cylinder|homogeneous|nominal,iid_support,64.97776,2.79261,1.01411,3.80671,2.79261,cylinder,center,homogeneous,0.0,iid_support,train,nominal,1.11183,MMP;PIEZO;US,method2b_512_full_comsol_bxyz_delta,True,True
F3NCS_0288_iid_support_cylinder_zb03p9_E35p1,F3NCS_0288_iid_support_cylinder_zb03.9_E35.1,iid_support|cylinder|lateral_gradient|nominal,iid_support|cylinder|lateral_gradient|nominal,iid_support,35.08286,0.78342,3.14453,3.92795,0.78342,cylinder,near_boundary,lateral_gradient,0.3822,iid_support,iid_test,nominal,0.80485,MMP;PIEZO;US,method2b_512_full_comsol_bxyz_delta,True,True
F3NCS_0289_iid_support_cylinder_zb06p8_E26p3,F3NCS_0289_iid_support_cylinder_zb06.8_E26.3,iid_support|cylinder|hotspot|nominal,iid_support|cylinder|hotspot|nominal,iid_support,26.3139,1.55315,5.21828,6.77143,1.55315,cylinder,half_pitch_x_shift,hotspot,0.55834,iid_support,train,nominal,1.10377,MMP;PIEZO;US,method2b_512_full_comsol_bxyz_delta,True,True
F3NCS_0290_iid_support_two_foci_zb07p8_E12p9,F3NCS_0290_iid_support_two_foci_zb07.8_E12.9,iid_support|two_foci|homogeneous|nominal,iid_support|two_foci|homogeneous|nominal,iid_support,12.92113,1.05898,6.73321,7.79219,1.05898,two_foci,half_pitch_x_shift,homogeneous,0.0,iid_support,train,nominal,0.77341,MMP;PIEZO;US,method2b_512_full_comsol_bxyz_delta,True,True
F3NCS_0291_iid_support_cylinder_zb03p5_E44p0,F3NCS_0291_iid_support_cylinder_zb03.5_E44.0,iid_support|cylinder|homogeneous|nominal,iid_support|cylinder|homogeneous|nominal,iid_support,43.99294,3.24056,0.2334,3.47396,3.24056,cylinder,center,homogeneous,0.0,iid_support,train,nominal,0.97556,MMP;PIEZO;US,method2b_512_full_comsol_bxyz_delta,True,True
F3NCS_0292_iid_support_cylinder_zb04p4_E94p5,F3NCS_0292_iid_support_cylinder_zb04.4_E94.5,iid_support|cylinder|checker|nominal,iid_support|cylinder|checker|nominal,iid_support,94.47328,1.43928,2.94889,4.38817,1.43928,cylinder,center,checker,0.48785,iid_support,train,nominal,1.49669,MMP;PIEZO;US,method2b_512_full_comsol_bxyz_delta,True,True
F3NCS_0293_iid_support_cylinder_zb02p5_E15p8,F3NCS_0293_iid_support_cylinder_zb02.5_E15.8,iid_support|cylinder|homogeneous|nominal,iid_support|cylinder|homogeneous|nominal,iid_support,15.81553,1.87813,0.60753,2.48566,1.87813,cylinder,half_pitch_x_shift,homogeneous,0.0,iid_support,train,nominal,0.85184,MMP;PIEZO;US,method2b_512_full_comsol_bxyz_delta,True,True
F3NCS_0294_iid_support_ellipse_zb02p0_E83p2,F3NCS_0294_iid_support_ellipse_zb02.0_E83.2,iid_support|ellipse|homogeneous|nominal,iid_support|ellipse|homogeneous|nominal,iid_support,83.19407,1.37577,0.65192,2.02769,1.37577,ellipse,half_pitch_x_shift,homogeneous,0.0,iid_support,validation,nominal,1.24613,MMP;PIEZO;US,method2b_512_full_comsol_bxyz_delta,True,True
F3NCS_0295_iid_support_two_foci_zb05p2_E10p9,F3NCS_0295_iid_support_two_foci_zb05.2_E10.9,iid_support|two_foci|checker|nominal,iid_support|two_foci|checker|nominal,iid_support,10.87295,2.43633,2.71556,5.15188,2.43633,two_foci,center,checker,0.71294,iid_support,train,nominal,1.15025,MMP;PIEZO;US,method2b_512_full_comsol_bxyz_delta,True,True
F3NCS_0296_iid_support_cylinder_zb06p2_E15p6,F3NCS_0296_iid_support_cylinder_zb06.2_E15.6,iid_support|cylinder|homogeneous|nominal,iid_support|cylinder|homogeneous|nominal,iid_support,15.63782,3.16054,3.05468,6.21522,3.16054,cylinder,half_pitch_x_shift,homogeneous,0.0,iid_support,iid_test,nominal,1.01647,MMP;PIEZO;US,method2b_512_full_comsol_bxyz_delta,True,True
F3NCS_0297_iid_support_cylinder_zb07p3_E20p3,F3NCS_0297_iid_support_cylinder_zb07.3_E20.3,iid_support|cylinder|rim_soft|nominal,iid_support|cylinder|rim_soft|nominal,iid_support,20.26225,1.52292,5.77827,7.30119,1.52292,cylinder,near_boundary,rim_soft,0.46307,iid_support,validation,nominal,0.9696,MMP;PIEZO;US,method2b_512_full_comsol_bxyz_delta,True,True
F3NCS_0298_iid_support_two_foci_zb05p4_E07p6,F3NCS_0298_iid_support_two_foci_zb05.4_E07.6,iid_support|two_foci|checker|nominal,iid_support|two_foci|checker|nominal,iid_support,7.55392,1.12257,4.2361,5.35866,1.12257,two_foci,half_pitch_x_shift,checker,0.44468,iid_support,train,nominal,0.6298,MMP;PIEZO;US,method2b_512_full_comsol_bxyz_delta,True,True
F3NCS_0299_iid_support_two_foci_zb03p2_E10p8,F3NCS_0299_iid_support_two_foci_zb03.2_E10.8,iid_support|two_foci|homogeneous|nominal,iid_support|two_foci|homogeneous|nominal,iid_support,10.76353,2.79291,0.35791,3.15081,2.79291,two_foci,center,homogeneous,0.0,iid_support,train,nominal,1.27656,MMP;PIEZO;US,method2b_512_full_comsol_bxyz_delta,True,True
F3NCS_0300_iid_support_ellipse_zb07p6_E67p9,F3NCS_0300_iid_support_ellipse_zb07.6_E67.9,iid_support|ellipse|hotspot|nominal,iid_support|ellipse|hotspot|nominal,iid_support,67.85403,1.33499,6.30942,7.64441,1.33499,ellipse,center,hotspot,0.65392,iid_support,iid_test,nominal,0.66604,MMP;PIEZO;US,method2b_512_full_comsol_bxyz_delta,True,True
F3NCS_0301_iid_support_two_foci_zb02p8_E09p1,F3NCS_0301_iid_support_two_foci_zb02.8_E09.1,iid_support|two_foci|homogeneous|nominal,iid_support|two_foci|homogeneous|nominal,iid_support,9.13665,2.16239,0.59985,2.76224,2.16239,two_foci,half_pitch_x_shift,homogeneous,0.0,iid_support,validation,nominal,0.88092,MMP;PIEZO;US,method2b_512_full_comsol_bxyz_delta,True,True
F3NCS_0302_iid_support_ellipse_zb03p4_E19p0,F3NCS_0302_iid_support_ellipse_zb03.4_E19.0,iid_support|ellipse|homogeneous|nominal,iid_support|ellipse|homogeneous|nominal,iid_support,18.99364,3.16812,0.23794,3.40606,3.16812,ellipse,half_pitch_x_shift,homogeneous,0.0,iid_support,validation,nominal,0.69721,MMP;PIEZO;US,method2b_512_full_comsol_bxyz_delta,True,True
F3NCS_0303_iid_support_ellipse_zb04p8_E52p1,F3NCS_0303_iid_support_ellipse_zb04.8_E52.1,iid_support|ellipse|core_shell|nominal,iid_support|ellipse|core_shell|nominal,iid_support,52.14954,3.16919,1.63663,4.80582,3.16919,ellipse,center,core_shell,0.46215,iid_support,train,nominal,0.75788,MMP;PIEZO;US,method2b_512_full_comsol_bxyz_delta,True,True
F3NCS_0304_iid_support_ellipse_zb05p1_E63p1,F3NCS_0304_iid_support_ellipse_zb05.1_E63.1,iid_support|ellipse|rim_soft|nominal,iid_support|ellipse|rim_soft|nominal,iid_support,63.08591,2.81146,2.28271,5.09418,2.81146,ellipse,half_pitch_x_shift,rim_soft,0.58331,iid_support,train,nominal,1.25333,MMP;PIEZO;US,method2b_512_full_comsol_bxyz_delta,True,True
F3NCS_0305_iid_support_two_foci_zb05p1_E10p6,F3NCS_0305_iid_support_two_foci_zb05.1_E10.6,iid_support|two_foci|hotspot|nominal,iid_support|two_foci|hotspot|nominal,iid_support,10.5999,0.86738,4.26179,5.12917,0.86738,two_foci,near_boundary,hotspot,0.23023,iid_support,validation,nominal,0.89687,MMP;PIEZO;US,method2b_512_full_comsol_bxyz_delta,True,True
F3NCS_0306_iid_support_ellipse_zb04p6_E40p2,F3NCS_0306_iid_support_ellipse_zb04.6_E40.2,iid_support|ellipse|homogeneous|nominal,iid_support|ellipse|homogeneous|nominal,iid_support,40.16995,2.83087,1.79759,4.62846,2.83087,ellipse,near_boundary,homogeneous,0.0,iid_support,iid_test,nominal,1.12084,MMP;PIEZO;US,method2b_512_full_comsol_bxyz_delta,True,True
F3NCS_0307_iid_support_two_foci_zb04p2_E74p9,F3NCS_0307_iid_support_two_foci_zb04.2_E74.9,iid_support|two_foci|homogeneous|nominal,iid_support|two_foci|homogeneous|nominal,iid_support,74.89247,2.28252,1.96417,4.24669,2.28252,two_foci,near_boundary,homogeneous,0.0,iid_support,train,nominal,1.62657,MMP;PIEZO;US,method2b_512_full_comsol_bxyz_delta,True,True
F3NCS_0308_iid_support_cylinder_zb06p6_E06p5,F3NCS_0308_iid_support_cylinder_zb06.6_E06.5,iid_support|cylinder|core_shell|nominal,iid_support|cylinder|core_shell|nominal,iid_support,6.48835,0.61179,5.93862,6.55041,0.61179,cylinder,half_pitch_x_shift,core_shell,0.42777,iid_support,train,nominal,0.9744,MMP;PIEZO;US,method2b_512_full_comsol_bxyz_delta,True,True
F3NCS_0309_iid_support_ellipse_zb02p7_E29p7,F3NCS_0309_iid_support_ellipse_zb02.7_E29.7,iid_support|ellipse|core_shell|nominal,iid_support|ellipse|core_shell|nominal,iid_support,29.68185,2.48936,0.2283,2.71766,2.48936,ellipse,center,core_shell,0.40019,iid_support,validation,nominal,1.08798,MMP;PIEZO;US,method2b_512_full_comsol_bxyz_delta,True,True
F3NCS_0310_iid_support_cylinder_zb05p8_E23p2,F3NCS_0310_iid_support_cylinder_zb05.8_E23.2,iid_support|cylinder|rim_soft|nominal,iid_support|cylinder|rim_soft|nominal,iid_support,23.15544,2.21762,3.61618,5.8338,2.21762,cylinder,near_boundary,rim_soft,0.74527,iid_support,train,nominal,0.89053,MMP;PIEZO;US,method2b_512_full_comsol_bxyz_delta,True,True
F3NCS_0311_iid_support_ellipse_zb03p5_E06p4,F3NCS_0311_iid_support_ellipse_zb03.5_E06.4,iid_support|ellipse|hotspot|nominal,iid_support|ellipse|hotspot|nominal,iid_support,6.3811,3.24872,0.21181,3.46053,3.24872,ellipse,half_pitch_x_shift,hotspot,0.73377,iid_support,train,nominal,1.05626,MMP;PIEZO;US,method2b_512_full_comsol_bxyz_delta,True,True
F3NCS_0312_iid_support_cylinder_zb06p5_E39p9,F3NCS_0312_iid_support_cylinder_zb06.5_E39.9,iid_support|cylinder|checker|nominal,iid_support|cylinder|checker|nominal,iid_support,39.94693,3.22314,3.2847,6.50784,3.22314,cylinder,center,checker,0.41107,iid_support,train,nominal,0.98924,MMP;PIEZO;US,method2b_512_full_comsol_bxyz_delta,True,True
F3NCS_0313_iid_support_ellipse_zb06p6_E34p2,F3NCS_0313_iid_support_ellipse_zb06.6_E34.2,iid_support|ellipse|hotspot|nominal,iid_support|ellipse|hotspot|nominal,iid_support,34.19921,0.66433,5.95561,6.61994,0.66433,ellipse,near_boundary,hotspot,0.70938,iid_support,train,nominal,1.26467,MMP;PIEZO;US,method2b_512_full_comsol_bxyz_delta,True,True
F3NCS_0314_iid_support_ellipse_zb07p5_E55p4,F3NCS_0314_iid_support_ellipse_zb07.5_E55.4,iid_support|ellipse|lateral_gradient|nominal,iid_support|ellipse|lateral_gradient|nominal,iid_support,55.41211,1.97152,5.48844,7.45996,1.97152,ellipse,center,lateral_gradient,0.69432,iid_support,train,nominal,0.94421,MMP;PIEZO;US,method2b_512_full_comsol_bxyz_delta,True,True
F3NCS_0315_iid_support_ellipse_zb08p0_E09p3,F3NCS_0315_iid_support_ellipse_zb08.0_E09.3,iid_support|ellipse|homogeneous|nominal,iid_support|ellipse|homogeneous|nominal,iid_support,9.28256,2.72531,5.25745,7.98276,2.72531,ellipse,near_boundary,homogeneous,0.0,iid_support,iid_test,nominal,0.85632,MMP;PIEZO;US,method2b_512_full_comsol_bxyz_delta,True,True
F3NCS_0316_iid_support_two_foci_zb02p8_E06p3,F3NCS_0316_iid_support_two_foci_zb02.8_E06.3,iid_support|two_foci|homogeneous|nominal,iid_support|two_foci|homogeneous|nominal,iid_support,6.31822,0.82435,1.94869,2.77303,0.82435,two_foci,near_boundary,homogeneous,0.0,iid_support,iid_test,nominal,0.86721,MMP;PIEZO;US,method2b_512_full_comsol_bxyz_delta,True,True
F3NCS_0317_iid_support_cylinder_zb06p0_E14p0,F3NCS_0317_iid_support_cylinder_zb06.0_E14.0,iid_support|cylinder|rim_soft|nominal,iid_support|cylinder|rim_soft|nominal,iid_support,13.95299,1.94063,4.10166,6.04229,1.94063,cylinder,half_pitch_x_shift,rim_soft,0.55996,iid_support,train,nominal,0.91461,MMP;PIEZO;US,method2b_512_full_comsol_bxyz_delta,True,True
F3NCS_0318_iid_support_ellipse_zb01p6_E89p1,F3NCS_0318_iid_support_ellipse_zb01.6_E89.1,iid_support|ellipse|checker|nominal,iid_support|ellipse|checker|nominal,iid_support,89.09643,1.0846,0.51189,1.59649,1.0846,ellipse,center,checker,0.18755,iid_support,train,nominal,1.12442,MMP;PIEZO;US,method2b_512_full_comsol_bxyz_delta,True,True
F3NCS_0319_iid_support_cylinder_zb06p5_E87p6,F3NCS_0319_iid_support_cylinder_zb06.5_E87.6,iid_support|cylinder|checker|nominal,iid_support|cylinder|checker|nominal,iid_support,87.61139,2.98803,3.54252,6.53055,2.98803,cylinder,near_boundary,checker,0.21582,iid_support,train,nominal,1.63104,MMP;PIEZO;US,method2b_512_full_comsol_bxyz_delta,True,True
F3NCS_0320_ood_unseen_shape_lobed_zb03p8_E09p9,F3NCS_0320_ood_unseen_shape_lobed_zb03.8_E09.9,ood_unseen_shape|lobed|checker|nominal,ood_unseen_shape|lobed|checker|nominal,ood_unseen_shape,9.88844,0.53922,3.23371,3.77293,0.53922,lobed,near_boundary,checker,0.64803,ood_unseen_shape,ood_test,nominal,1.45854,MMP;PIEZO;US,method2b_512_full_comsol_bxyz_delta,True,True
F3NCS_0321_ood_unseen_shape_crescent_zb03p5_E06p5,F3NCS_0321_ood_unseen_shape_crescent_zb03.5_E06.5,ood_unseen_shape|crescent|rim_soft|nominal,ood_unseen_shape|crescent|rim_soft|nominal,ood_unseen_shape,6.498,3.14233,0.37398,3.51632,3.14233,crescent,center,rim_soft,0.31417,ood_unseen_shape,ood_test,nominal,0.82867,MMP;PIEZO;US,method2b_512_full_comsol_bxyz_delta,True,True
F3NCS_0322_ood_unseen_shape_crescent_zb07p2_E76p5,F3NCS_0322_ood_unseen_shape_crescent_zb07.2_E76.5,ood_unseen_shape|crescent|hotspot|nominal,ood_unseen_shape|crescent|hotspot|nominal,ood_unseen_shape,76.49867,2.42721,4.81508,7.24229,2.42721,crescent,center,hotspot,0.28121,ood_unseen_shape,ood_test,nominal,0.99369,MMP;PIEZO;US,method2b_512_full_comsol_bxyz_delta,True,True
F3NCS_0323_ood_unseen_shape_crescent_zb03p5_E10p3,F3NCS_0323_ood_unseen_shape_crescent_zb03.5_E10.3,ood_unseen_shape|crescent|homogeneous|nominal,ood_unseen_shape|crescent|homogeneous|nominal,ood_unseen_shape,10.33087,1.5623,1.91909,3.48139,1.5623,crescent,half_pitch_x_shift,homogeneous,0.0,ood_unseen_shape,ood_test,nominal,1.10038,MMP;PIEZO;US,method2b_512_full_comsol_bxyz_delta,True,True
F3NCS_0324_ood_unseen_shape_crescent_zb02p9_E59p3,F3NCS_0324_ood_unseen_shape_crescent_zb02.9_E59.3,ood_unseen_shape|crescent|core_shell|nominal,ood_unseen_shape|crescent|core_shell|nominal,ood_unseen_shape,59.31027,2.56959,0.36693,2.93652,2.56959,crescent,near_boundary,core_shell,0.22758,ood_unseen_shape,ood_test,nominal,0.77547,MMP;PIEZO;US,method2b_512_full_comsol_bxyz_delta,True,True
F3NCS_0325_ood_unseen_shape_lobed_zb01p6_E06p9,F3NCS_0325_ood_unseen_shape_lobed_zb01.6_E06.9,ood_unseen_shape|lobed|rim_soft|nominal,ood_unseen_shape|lobed|rim_soft|nominal,ood_unseen_shape,6.86607,1.27367,0.34225,1.61591,1.27367,lobed,center,rim_soft,0.44174,ood_unseen_shape,ood_test,nominal,1.07718,MMP;PIEZO;US,method2b_512_full_comsol_bxyz_delta,True,True
F3NCS_0326_ood_unseen_shape_lobed_zb06p1_E42p4,F3NCS_0326_ood_unseen_shape_lobed_zb06.1_E42.4,ood_unseen_shape|lobed|homogeneous|nominal,ood_unseen_shape|lobed|homogeneous|nominal,ood_unseen_shape,42.37053,3.36557,2.70949,6.07507,3.36557,lobed,near_boundary,homogeneous,0.0,ood_unseen_shape,ood_test,nominal,0.91728,MMP;PIEZO;US,method2b_512_full_comsol_bxyz_delta,True,True
F3NCS_0327_ood_unseen_shape_crescent_zb03p1_E14p7,F3NCS_0327_ood_unseen_shape_crescent_zb03.1_E14.7,ood_unseen_shape|crescent|lateral_gradient|nominal,ood_unseen_shape|crescent|lateral_gradient|nominal,ood_unseen_shape,14.66705,2.68076,0.46498,3.14575,2.68076,crescent,near_boundary,lateral_gradient,0.3778,ood_unseen_shape,ood_test,nominal,1.1195,MMP;PIEZO;US,method2b_512_full_comsol_bxyz_delta,True,True
F3NCS_0328_ood_unseen_shape_lobed_zb03p1_E29p3,F3NCS_0328_ood_unseen_shape_lobed_zb03.1_E29.3,ood_unseen_shape|lobed|core_shell|nominal,ood_unseen_shape|lobed|core_shell|nominal,ood_unseen_shape,29.30622,0.98653,2.09599,3.08252,0.98653,lobed,half_pitch_x_shift,core_shell,0.57333,ood_unseen_shape,ood_test,nominal,0.60835,MMP;PIEZO;US,method2b_512_full_comsol_bxyz_delta,True,True
F3NCS_0329_ood_unseen_shape_lobed_zb05p7_E08p7,F3NCS_0329_ood_unseen_shape_lobed_zb05.7_E08.7,ood_unseen_shape|lobed|hotspot|nominal,ood_unseen_shape|lobed|hotspot|nominal,ood_unseen_shape,8.74284,2.92801,2.79199,5.71999,2.92801,lobed,half_pitch_x_shift,hotspot,0.2116,ood_unseen_shape,ood_test,nominal,0.55579,MMP;PIEZO;US,method2b_512_full_comsol_bxyz_delta,True,True
F3NCS_0330_ood_unseen_shape_lobed_zb02p8_E92p0,F3NCS_0330_ood_unseen_shape_lobed_zb02.8_E92.0,ood_unseen_shape|lobed|checker|nominal,ood_unseen_shape|lobed|checker|nominal,ood_unseen_shape,91.99577,2.01979,0.75216,2.77196,2.01979,lobed,near_boundary,checker,0.47528,ood_unseen_shape,ood_test,nominal,1.15394,MMP;PIEZO;US,method2b_512_full_comsol_bxyz_delta,True,True
F3NCS_0331_ood_unseen_shape_crescent_zb03p2_E14p3,F3NCS_0331_ood_unseen_shape_crescent_zb03.2_E14.3,ood_unseen_shape|crescent|rim_soft|nominal,ood_unseen_shape|crescent|rim_soft|nominal,ood_unseen_shape,14.25009,2.8141,0.39474,3.20884,2.8141,crescent,near_boundary,rim_soft,0.63058,ood_unseen_shape,ood_test,nominal,0.88888,MMP;PIEZO;US,method2b_512_full_comsol_bxyz_delta,True,True
F3NCS_0332_ood_unseen_shape_lobed_zb02p8_E45p3,F3NCS_0332_ood_unseen_shape_lobed_zb02.8_E45.3,ood_unseen_shape|lobed|rim_soft|nominal,ood_unseen_shape|lobed|rim_soft|nominal,ood_unseen_shape,45.31467,2.29012,0.50914,2.79926,2.29012,lobed,center,rim_soft,0.23821,ood_unseen_shape,ood_test,nominal,0.81867,MMP;PIEZO;US,method2b_512_full_comsol_bxyz_delta,True,True
F3NCS_0333_ood_unseen_shape_lobed_zb03p4_E06p5,F3NCS_0333_ood_unseen_shape_lobed_zb03.4_E06.5,ood_unseen_shape|lobed|homogeneous|nominal,ood_unseen_shape|lobed|homogeneous|nominal,ood_unseen_shape,6.47574,2.98952,0.40465,3.39417,2.98952,lobed,center,homogeneous,0.0,ood_unseen_shape,ood_test,nominal,0.434,MMP;PIEZO;US,method2b_512_full_comsol_bxyz_delta,True,True
F3NCS_0334_ood_unseen_shape_crescent_zb03p1_E53p0,F3NCS_0334_ood_unseen_shape_crescent_zb03.1_E53.0,ood_unseen_shape|crescent|checker|nominal,ood_unseen_shape|crescent|checker|nominal,ood_unseen_shape,53.0358,2.65291,0.45755,3.11046,2.65291,crescent,center,checker,0.65132,ood_unseen_shape,ood_test,nominal,1.55016,MMP;PIEZO;US,method2b_512_full_comsol_bxyz_delta,True,True
F3NCS_0335_ood_unseen_shape_crescent_zb02p9_E84p2,F3NCS_0335_ood_unseen_shape_crescent_zb02.9_E84.2,ood_unseen_shape|crescent|homogeneous|nominal,ood_unseen_shape|crescent|homogeneous|nominal,ood_unseen_shape,84.16541,1.49877,1.35963,2.8584,1.49877,crescent,half_pitch_x_shift,homogeneous,0.0,ood_unseen_shape,ood_test,nominal,1.18211,MMP;PIEZO;US,method2b_512_full_comsol_bxyz_delta,True,True
F3NCS_0336_ood_unseen_shape_crescent_zb07p2_E64p1,F3NCS_0336_ood_unseen_shape_crescent_zb07.2_E64.1,ood_unseen_shape|crescent|checker|nominal,ood_unseen_shape|crescent|checker|nominal,ood_unseen_shape,64.11358,1.89907,5.35031,7.24939,1.89907,crescent,half_pitch_x_shift,checker,0.55103,ood_unseen_shape,ood_test,nominal,0.87637,MMP;PIEZO;US,method2b_512_full_comsol_bxyz_delta,True,True
F3NCS_0337_ood_unseen_shape_lobed_zb03p4_E11p4,F3NCS_0337_ood_unseen_shape_lobed_zb03.4_E11.4,ood_unseen_shape|lobed|core_shell|nominal,ood_unseen_shape|lobed|core_shell|nominal,ood_unseen_shape,11.38139,2.98156,0.44017,3.42172,2.98156,lobed,near_boundary,core_shell,0.29,ood_unseen_shape,ood_test,nominal,1.85778,MMP;PIEZO;US,method2b_512_full_comsol_bxyz_delta,True,True
F3NCS_0338_ood_unseen_shape_crescent_zb06p8_E10p9,F3NCS_0338_ood_unseen_shape_crescent_zb06.8_E10.9,ood_unseen_shape|crescent|core_shell|nominal,ood_unseen_shape|crescent|core_shell|nominal,ood_unseen_shape,10.94502,2.33385,4.5016,6.83546,2.33385,crescent,half_pitch_x_shift,core_shell,0.23397,ood_unseen_shape,ood_test,nominal,1.10907,MMP;PIEZO;US,method2b_512_full_comsol_bxyz_delta,True,True
F3NCS_0339_ood_unseen_shape_lobed_zb04p2_E91p6,F3NCS_0339_ood_unseen_shape_lobed_zb04.2_E91.6,ood_unseen_shape|lobed|checker|nominal,ood_unseen_shape|lobed|checker|nominal,ood_unseen_shape,91.63517,2.76237,1.48575,4.24811,2.76237,lobed,half_pitch_x_shift,checker,0.58032,ood_unseen_shape,ood_test,nominal,0.65083,MMP;PIEZO;US,method2b_512_full_comsol_bxyz_delta,True,True
F3NCS_0340_ood_unseen_shape_crescent_zb03p8_E70p0,F3NCS_0340_ood_unseen_shape_crescent_zb03.8_E70.0,ood_unseen_shape|crescent|lateral_gradient|nominal,ood_unseen_shape|crescent|lateral_gradient|nominal,ood_unseen_shape,70.04839,1.16707,2.64562,3.81268,1.16707,crescent,near_boundary,lateral_gradient,0.41721,ood_unseen_shape,ood_test,nominal,0.99757,MMP;PIEZO;US,method2b_512_full_comsol_bxyz_delta,True,True
F3NCS_0341_ood_unseen_shape_lobed_zb04p9_E61p6,F3NCS_0341_ood_unseen_shape_lobed_zb04.9_E61.6,ood_unseen_shape|lobed|rim_soft|nominal,ood_unseen_shape|lobed|rim_soft|nominal,ood_unseen_shape,61.59923,2.60332,2.34214,4.94546,2.60332,lobed,center,rim_soft,0.62555,ood_unseen_shape,ood_test,nominal,1.12312,MMP;PIEZO;US,method2b_512_full_comsol_bxyz_delta,True,True
F3NCS_0342_ood_unseen_shape_crescent_zb05p1_E22p7,F3NCS_0342_ood_unseen_shape_crescent_zb05.1_E22.7,ood_unseen_shape|crescent|homogeneous|nominal,ood_unseen_shape|crescent|homogeneous|nominal,ood_unseen_shape,22.71134,1.45267,3.63076,5.08343,1.45267,crescent,near_boundary,homogeneous,0.0,ood_unseen_shape,ood_test,nominal,1.1863,MMP;PIEZO;US,method2b_512_full_comsol_bxyz_delta,True,True
F3NCS_0343_ood_unseen_shape_lobed_zb07p1_E87p4,F3NCS_0343_ood_unseen_shape_lobed_zb07.1_E87.4,ood_unseen_shape|lobed|checker|nominal,ood_unseen_shape|lobed|checker|nominal,ood_unseen_shape,87.40005,3.35911,3.78785,7.14696,3.35911,lobed,center,checker,0.55485,ood_unseen_shape,ood_test,nominal,1.204,MMP;PIEZO;US,method2b_512_full_comsol_bxyz_delta,True,True
F3NCS_0344_ood_unseen_shape_crescent_zb03p6_E61p5,F3NCS_0344_ood_unseen_shape_crescent_zb03.6_E61.5,ood_unseen_shape|crescent|rim_soft|nominal,ood_unseen_shape|crescent|rim_soft|nominal,ood_unseen_shape,61.49538,3.33633,0.2805,3.61683,3.33633,crescent,center,rim_soft,0.28145,ood_unseen_shape,ood_test,nominal,0.95067,MMP;PIEZO;US,method2b_512_full_comsol_bxyz_delta,True,True
F3NCS_0345_ood_unseen_shape_crescent_zb06p9_E18p0,F3NCS_0345_ood_unseen_shape_crescent_zb06.9_E18.0,ood_unseen_shape|crescent|core_shell|nominal,ood_unseen_shape|crescent|core_shell|nominal,ood_unseen_shape,17.95525,2.3773,4.54801,6.9253,2.3773,crescent,half_pitch_x_shift,core_shell,0.44723,ood_unseen_shape,ood_test,nominal,1.39819,MMP;PIEZO;US,method2b_512_full_comsol_bxyz_delta,True,True
F3NCS_0346_ood_unseen_shape_lobed_zb01p8_E15p9,F3NCS_0346_ood_unseen_shape_lobed_zb01.8_E15.9,ood_unseen_shape|lobed|homogeneous|nominal,ood_unseen_shape|lobed|homogeneous|nominal,ood_unseen_shape,15.90314,1.26462,0.55338,1.818,1.26462,lobed,center,homogeneous,0.0,ood_unseen_shape,ood_test,nominal,0.70596,MMP;PIEZO;US,method2b_512_full_comsol_bxyz_delta,True,True
F3NCS_0347_ood_unseen_shape_lobed_zb02p8_E62p6,F3NCS_0347_ood_unseen_shape_lobed_zb02.8_E62.6,ood_unseen_shape|lobed|core_shell|nominal,ood_unseen_shape|lobed|core_shell|nominal,ood_unseen_shape,62.63624,1.92032,0.83471,2.75503,1.92032,lobed,half_pitch_x_shift,core_shell,0.29398,ood_unseen_shape,ood_test,nominal,1.1839,MMP;PIEZO;US,method2b_512_full_comsol_bxyz_delta,True,True
F3NCS_0348_ood_unseen_shape_lobed_zb05p0_E06p3,F3NCS_0348_ood_unseen_shape_lobed_zb05.0_E06.3,ood_unseen_shape|lobed|rim_soft|nominal,ood_unseen_shape|lobed|rim_soft|nominal,ood_unseen_shape,6.29621,3.03469,1.98383,5.01852,3.03469,lobed,center,rim_soft,0.21682,ood_unseen_shape,ood_test,nominal,1.39598,MMP;PIEZO;US,method2b_512_full_comsol_bxyz_delta,True,True
F3NCS_0349_ood_unseen_shape_lobed_zb03p4_E28p4,F3NCS_0349_ood_unseen_shape_lobed_zb03.4_E28.4,ood_unseen_shape|lobed|rim_soft|nominal,ood_unseen_shape|lobed|rim_soft|nominal,ood_unseen_shape,28.39588,2.98806,0.44537,3.43344,2.98806,lobed,center,rim_soft,0.46132,ood_unseen_shape,ood_test,nominal,0.82486,MMP;PIEZO;US,method2b_512_full_comsol_bxyz_delta,True,True
F3NCS_0350_ood_unseen_shape_lobed_zb06p0_E06p6,F3NCS_0350_ood_unseen_shape_lobed_zb06.0_E06.6,ood_unseen_shape|lobed|rim_soft|nominal,ood_unseen_shape|lobed|rim_soft|nominal,ood_unseen_shape,6.623,1.1945,4.84838,6.04288,1.1945,lobed,center,rim_soft,0.70084,ood_unseen_shape,ood_test,nominal,1.08757,MMP;PIEZO;US,method2b_512_full_comsol_bxyz_delta,True,True
F3NCS_0351_ood_unseen_shape_crescent_zb06p3_E52p9,F3NCS_0351_ood_unseen_shape_crescent_zb06.3_E52.9,ood_unseen_shape|crescent|core_shell|nominal,ood_unseen_shape|crescent|core_shell|nominal,ood_unseen_shape,52.94311,1.83125,4.45301,6.28427,1.83125,crescent,center,core_shell,0.32876,ood_unseen_shape,ood_test,nominal,0.94097,MMP;PIEZO;US,method2b_512_full_comsol_bxyz_delta,True,True
F3NCS_0352_ood_unseen_shape_lobed_zb05p6_E54p3,F3NCS_0352_ood_unseen_shape_lobed_zb05.6_E54.3,ood_unseen_shape|lobed|homogeneous|nominal,ood_unseen_shape|lobed|homogeneous|nominal,ood_unseen_shape,54.3248,2.22367,3.37092,5.5946,2.22367,lobed,half_pitch_x_shift,homogeneous,0.0,ood_unseen_shape,ood_test,nominal,1.08313,MMP;PIEZO;US,method2b_512_full_comsol_bxyz_delta,True,True
F3NCS_0353_ood_unseen_shape_lobed_zb02p2_E51p7,F3NCS_0353_ood_unseen_shape_lobed_zb02.2_E51.7,ood_unseen_shape|lobed|lateral_gradient|nominal,ood_unseen_shape|lobed|lateral_gradient|nominal,ood_unseen_shape,51.6628,0.74162,1.50835,2.24997,0.74162,lobed,near_boundary,lateral_gradient,0.7109,ood_unseen_shape,ood_test,nominal,1.32648,MMP;PIEZO;US,method2b_512_full_comsol_bxyz_delta,True,True
F3NCS_0354_ood_unseen_shape_crescent_zb05p4_E08p7,F3NCS_0354_ood_unseen_shape_crescent_zb05.4_E08.7,ood_unseen_shape|crescent|homogeneous|nominal,ood_unseen_shape|crescent|homogeneous|nominal,ood_unseen_shape,8.71691,1.05186,4.38515,5.43701,1.05186,crescent,center,homogeneous,0.0,ood_unseen_shape,ood_test,nominal,0.67063,MMP;PIEZO;US,method2b_512_full_comsol_bxyz_delta,True,True
F3NCS_0355_ood_unseen_shape_crescent_zb07p5_E72p1,F3NCS_0355_ood_unseen_shape_crescent_zb07.5_E72.1,ood_unseen_shape|crescent|rim_soft|nominal,ood_unseen_shape|crescent|rim_soft|nominal,ood_unseen_shape,72.08063,1.06075,6.45505,7.5158,1.06075,crescent,center,rim_soft,0.38086,ood_unseen_shape,ood_test,nominal,1.04931,MMP;PIEZO;US,method2b_512_full_comsol_bxyz_delta,True,True
F3NCS_0356_ood_unseen_shape_lobed_zb07p8_E66p7,F3NCS_0356_ood_unseen_shape_lobed_zb07.8_E66.7,ood_unseen_shape|lobed|lateral_gradient|nominal,ood_unseen_shape|lobed|lateral_gradient|nominal,ood_unseen_shape,66.72508,3.39694,4.43775,7.83469,3.39694,lobed,center,lateral_gradient,0.1836,ood_unseen_shape,ood_test,nominal,1.27658,MMP;PIEZO;US,method2b_512_full_comsol_bxyz_delta,True,True
F3NCS_0357_ood_unseen_shape_lobed_zb03p8_E28p5,F3NCS_0357_ood_unseen_shape_lobed_zb03.8_E28.5,ood_unseen_shape|lobed|lateral_gradient|nominal,ood_unseen_shape|lobed|lateral_gradient|nominal,ood_unseen_shape,28.49603,2.84103,0.99704,3.83807,2.84103,lobed,near_boundary,lateral_gradient,0.67295,ood_unseen_shape,ood_test,nominal,1.12842,MMP;PIEZO;US,method2b_512_full_comsol_bxyz_delta,True,True
F3NCS_0358_ood_unseen_shape_lobed_zb05p7_E57p3,F3NCS_0358_ood_unseen_shape_lobed_zb05.7_E57.3,ood_unseen_shape|lobed|hotspot|nominal,ood_unseen_shape|lobed|hotspot|nominal,ood_unseen_shape,57.34271,1.20482,4.4559,5.66072,1.20482,lobed,half_pitch_x_shift,hotspot,0.5695,ood_unseen_shape,ood_test,nominal,0.92842,MMP;PIEZO;US,method2b_512_full_comsol_bxyz_delta,True,True
F3NCS_0359_ood_unseen_shape_crescent_zb07p1_E07p1,F3NCS_0359_ood_unseen_shape_crescent_zb07.1_E07.1,ood_unseen_shape|crescent|lateral_gradient|nominal,ood_unseen_shape|crescent|lateral_gradient|nominal,ood_unseen_shape,7.08296,3.06839,4.03744,7.10584,3.06839,crescent,half_pitch_x_shift,lateral_gradient,0.68713,ood_unseen_shape,ood_test,nominal,1.31816,MMP;PIEZO;US,method2b_512_full_comsol_bxyz_delta,True,True
F3NCS_0360_ood_unseen_shape_lobed_zb06p1_E32p9,F3NCS_0360_ood_unseen_shape_lobed_zb06.1_E32.9,ood_unseen_shape|lobed|checker|nominal,ood_unseen_shape|lobed|checker|nominal,ood_unseen_shape,32.89757,2.69295,3.38563,6.07858,2.69295,lobed,near_boundary,checker,0.32032,ood_unseen_shape,ood_test,nominal,1.34202,MMP;PIEZO;US,method2b_512_full_comsol_bxyz_delta,True,True
F3NCS_0361_ood_unseen_shape_crescent_zb07p0_E50p0,F3NCS_0361_ood_unseen_shape_crescent_zb07.0_E50.0,ood_unseen_shape|crescent|lateral_gradient|nominal,ood_unseen_shape|crescent|lateral_gradient|nominal,ood_unseen_shape,50.00989,2.09149,4.93791,7.02939,2.09149,crescent,center,lateral_gradient,0.23497,ood_unseen_shape,ood_test,nominal,0.95388,MMP;PIEZO;US,method2b_512_full_comsol_bxyz_delta,True,True
F3NCS_0362_ood_unseen_shape_lobed_zb07p0_E43p7,F3NCS_0362_ood_unseen_shape_lobed_zb07.0_E43.7,ood_unseen_shape|lobed|checker|nominal,ood_unseen_shape|lobed|checker|nominal,ood_unseen_shape,43.73751,0.89364,6.08136,6.975,0.89364,lobed,half_pitch_x_shift,checker,0.32146,ood_unseen_shape,ood_test,nominal,1.07848,MMP;PIEZO;US,method2b_512_full_comsol_bxyz_delta,True,True
F3NCS_0363_ood_unseen_shape_crescent_zb04p4_E39p7,F3NCS_0363_ood_unseen_shape_crescent_zb04.4_E39.7,ood_unseen_shape|crescent|homogeneous|nominal,ood_unseen_shape|crescent|homogeneous|nominal,ood_unseen_shape,39.69344,0.68674,3.73342,4.42017,0.68674,crescent,center,homogeneous,0.0,ood_unseen_shape,ood_test,nominal,0.86138,MMP;PIEZO;US,method2b_512_full_comsol_bxyz_delta,True,True
F3NCS_0364_ood_unseen_shape_lobed_zb03p1_E17p5,F3NCS_0364_ood_unseen_shape_lobed_zb03.1_E17.5,ood_unseen_shape|lobed|rim_soft|nominal,ood_unseen_shape|lobed|rim_soft|nominal,ood_unseen_shape,17.51406,2.83279,0.24576,3.07855,2.83279,lobed,half_pitch_x_shift,rim_soft,0.52156,ood_unseen_shape,ood_test,nominal,1.48752,MMP;PIEZO;US,method2b_512_full_comsol_bxyz_delta,True,True
F3NCS_0365_ood_unseen_shape_crescent_zb04p6_E10p8,F3NCS_0365_ood_unseen_shape_crescent_zb04.6_E10.8,ood_unseen_shape|crescent|homogeneous|nominal,ood_unseen_shape|crescent|homogeneous|nominal,ood_unseen_shape,10.81938,2.99464,1.63751,4.63215,2.99464,crescent,center,homogeneous,0.0,ood_unseen_shape,ood_test,nominal,0.90501,MMP;PIEZO;US,method2b_512_full_comsol_bxyz_delta,True,True
F3NCS_0366_ood_unseen_shape_crescent_zb01p4_E56p2,F3NCS_0366_ood_unseen_shape_crescent_zb01.4_E56.2,ood_unseen_shape|crescent|rim_soft|nominal,ood_unseen_shape|crescent|rim_soft|nominal,ood_unseen_shape,56.23583,1.04431,0.34727,1.39157,1.04431,crescent,center,rim_soft,0.4564,ood_unseen_shape,ood_test,nominal,1.44788,MMP;PIEZO;US,method2b_512_full_comsol_bxyz_delta,True,True
F3NCS_0367_ood_unseen_shape_crescent_zb02p6_E36p5,F3NCS_0367_ood_unseen_shape_crescent_zb02.6_E36.5,ood_unseen_shape|crescent|lateral_gradient|nominal,ood_unseen_shape|crescent|lateral_gradient|nominal,ood_unseen_shape,36.47984,0.95729,1.65552,2.61281,0.95729,crescent,near_boundary,lateral_gradient,0.43722,ood_unseen_shape,ood_test,nominal,0.78263,MMP;PIEZO;US,method2b_512_full_comsol_bxyz_delta,True,True
F3NCS_0368_ood_unseen_shape_crescent_zb03p1_E21p0,F3NCS_0368_ood_unseen_shape_crescent_zb03.1_E21.0,ood_unseen_shape|crescent|rim_soft|nominal,ood_unseen_shape|crescent|rim_soft|nominal,ood_unseen_shape,20.98366,2.80769,0.28793,3.09562,2.80769,crescent,half_pitch_x_shift,rim_soft,0.59631,ood_unseen_shape,ood_test,nominal,0.86697,MMP;PIEZO;US,method2b_512_full_comsol_bxyz_delta,True,True
F3NCS_0369_ood_unseen_shape_lobed_zb02p7_E27p1,F3NCS_0369_ood_unseen_shape_lobed_zb02.7_E27.1,ood_unseen_shape|lobed|rim_soft|nominal,ood_unseen_shape|lobed|rim_soft|nominal,ood_unseen_shape,27.07885,2.43493,0.23782,2.67275,2.43493,lobed,half_pitch_x_shift,rim_soft,0.51132,ood_unseen_shape,ood_test,nominal,0.72496,MMP;PIEZO;US,method2b_512_full_comsol_bxyz_delta,True,True
F3NCS_0370_ood_unseen_shape_crescent_zb07p7_E18p8,F3NCS_0370_ood_unseen_shape_crescent_zb07.7_E18.8,ood_unseen_shape|crescent|checker|nominal,ood_unseen_shape|crescent|checker|nominal,ood_unseen_shape,18.78432,1.3169,6.4282,7.7451,1.3169,crescent,near_boundary,checker,0.2044,ood_unseen_shape,ood_test,nominal,0.661,MMP;PIEZO;US,method2b_512_full_comsol_bxyz_delta,True,True
F3NCS_0371_ood_unseen_shape_lobed_zb02p8_E27p5,F3NCS_0371_ood_unseen_shape_lobed_zb02.8_E27.5,ood_unseen_shape|lobed|hotspot|nominal,ood_unseen_shape|lobed|hotspot|nominal,ood_unseen_shape,27.45282,0.58489,2.26,2.8449,0.58489,lobed,half_pitch_x_shift,hotspot,0.49277,ood_unseen_shape,ood_test,nominal,1.00968,MMP;PIEZO;US,method2b_512_full_comsol_bxyz_delta,True,True
F3NCS_0372_ood_unseen_shape_lobed_zb02p3_E06p5,F3NCS_0372_ood_unseen_shape_lobed_zb02.3_E06.5,ood_unseen_shape|lobed|lateral_gradient|nominal,ood_unseen_shape|lobed|lateral_gradient|nominal,ood_unseen_shape,6.46457,2.07619,0.25675,2.33294,2.07619,lobed,half_pitch_x_shift,lateral_gradient,0.24117,ood_unseen_shape,ood_test,nominal,1.12443,MMP;PIEZO;US,method2b_512_full_comsol_bxyz_delta,True,True
F3NCS_0373_ood_unseen_shape_lobed_zb04p9_E07p7,F3NCS_0373_ood_unseen_shape_lobed_zb04.9_E07.7,ood_unseen_shape|lobed|lateral_gradient|nominal,ood_unseen_shape|lobed|lateral_gradient|nominal,ood_unseen_shape,7.74648,2.19027,2.70947,4.89973,2.19027,lobed,near_boundary,lateral_gradient,0.26483,ood_unseen_shape,ood_test,nominal,1.06773,MMP;PIEZO;US,method2b_512_full_comsol_bxyz_delta,True,True
F3NCS_0374_ood_unseen_shape_lobed_zb07p3_E27p3,F3NCS_0374_ood_unseen_shape_lobed_zb07.3_E27.3,ood_unseen_shape|lobed|rim_soft|nominal,ood_unseen_shape|lobed|rim_soft|nominal,ood_unseen_shape,27.27952,2.3057,4.96462,7.27033,2.3057,lobed,center,rim_soft,0.5364,ood_unseen_shape,ood_test,nominal,1.35794,MMP;PIEZO;US,method2b_512_full_comsol_bxyz_delta,True,True
F3NCS_0375_ood_unseen_shape_crescent_zb03p4_E11p6,F3NCS_0375_ood_unseen_shape_crescent_zb03.4_E11.6,ood_unseen_shape|crescent|homogeneous|nominal,ood_unseen_shape|crescent|homogeneous|nominal,ood_unseen_shape,11.60706,2.85318,0.58007,3.43325,2.85318,crescent,center,homogeneous,0.0,ood_unseen_shape,ood_test,nominal,0.93507,MMP;PIEZO;US,method2b_512_full_comsol_bxyz_delta,True,True
F3NCS_0376_ood_unseen_shape_crescent_zb04p0_E26p7,F3NCS_0376_ood_unseen_shape_crescent_zb04.0_E26.7,ood_unseen_shape|crescent|checker|nominal,ood_unseen_shape|crescent|checker|nominal,ood_unseen_shape,26.69188,2.18979,1.80413,3.99392,2.18979,crescent,center,checker,0.65944,ood_unseen_shape,ood_test,nominal,0.91152,MMP;PIEZO;US,method2b_512_full_comsol_bxyz_delta,True,True
F3NCS_0377_ood_unseen_shape_crescent_zb06p5_E40p4,F3NCS_0377_ood_unseen_shape_crescent_zb06.5_E40.4,ood_unseen_shape|crescent|rim_soft|nominal,ood_unseen_shape|crescent|rim_soft|nominal,ood_unseen_shape,40.41097,0.67523,5.81898,6.49421,0.67523,crescent,center,rim_soft,0.59198,ood_unseen_shape,ood_test,nominal,1.04276,MMP;PIEZO;US,method2b_512_full_comsol_bxyz_delta,True,True
F3NCS_0378_ood_unseen_shape_crescent_zb05p4_E79p9,F3NCS_0378_ood_unseen_shape_crescent_zb05.4_E79.9,ood_unseen_shape|crescent|checker|nominal,ood_unseen_shape|crescent|checker|nominal,ood_unseen_shape,79.88302,2.20248,3.24433,5.44681,2.20248,crescent,near_boundary,checker,0.33259,ood_unseen_shape,ood_test,nominal,1.19002,MMP;PIEZO;US,method2b_512_full_comsol_bxyz_delta,True,True
F3NCS_0379_ood_unseen_shape_crescent_zb06p4_E88p5,F3NCS_0379_ood_unseen_shape_crescent_zb06.4_E88.5,ood_unseen_shape|crescent|core_shell|nominal,ood_unseen_shape|crescent|core_shell|nominal,ood_unseen_shape,88.48236,2.44047,3.94438,6.38484,2.44047,crescent,center,core_shell,0.32592,ood_unseen_shape,ood_test,nominal,0.97706,MMP;PIEZO;US,method2b_512_full_comsol_bxyz_delta,True,True
F3NCS_0380_ood_unseen_shape_lobed_zb03p5_E55p6,F3NCS_0380_ood_unseen_shape_lobed_zb03.5_E55.6,ood_unseen_shape|lobed|checker|nominal,ood_unseen_shape|lobed|checker|nominal,ood_unseen_shape,55.63013,2.79031,0.75748,3.54779,2.79031,lobed,near_boundary,checker,0.43193,ood_unseen_shape,ood_test,nominal,1.03269,MMP;PIEZO;US,method2b_512_full_comsol_bxyz_delta,True,True
F3NCS_0381_ood_unseen_shape_crescent_zb04p9_E14p7,F3NCS_0381_ood_unseen_shape_crescent_zb04.9_E14.7,ood_unseen_shape|crescent|core_shell|nominal,ood_unseen_shape|crescent|core_shell|nominal,ood_unseen_shape,14.70769,3.36765,1.56926,4.93691,3.36765,crescent,center,core_shell,0.20747,ood_unseen_shape,ood_test,nominal,1.07651,MMP;PIEZO;US,method2b_512_full_comsol_bxyz_delta,True,True
F3NCS_0382_ood_unseen_shape_crescent_zb05p9_E48p6,F3NCS_0382_ood_unseen_shape_crescent_zb05.9_E48.6,ood_unseen_shape|crescent|homogeneous|nominal,ood_unseen_shape|crescent|homogeneous|nominal,ood_unseen_shape,48.609,3.38936,2.55622,5.94558,3.38936,crescent,half_pitch_x_shift,homogeneous,0.0,ood_unseen_shape,ood_test,nominal,0.92646,MMP;PIEZO;US,method2b_512_full_comsol_bxyz_delta,True,True
F3NCS_0383_ood_unseen_shape_crescent_zb05p4_E08p3,F3NCS_0383_ood_unseen_shape_crescent_zb05.4_E08.3,ood_unseen_shape|crescent|core_shell|nominal,ood_unseen_shape|crescent|core_shell|nominal,ood_unseen_shape,8.25117,2.55294,2.80594,5.35888,2.55294,crescent,half_pitch_x_shift,core_shell,0.66033,ood_unseen_shape,ood_test,nominal,0.91139,MMP;PIEZO;US,method2b_512_full_comsol_bxyz_delta,True,True
F3NCS_0384_ood_unseen_depth_range_two_foci_zb11p3_E39p2,F3NCS_0384_ood_unseen_depth_range_two_foci_zb11.3_E39.2,ood_unseen_depth_range|two_foci|rim_soft|nominal,ood_unseen_depth_range|two_foci|rim_soft|nominal,ood_unseen_depth_range,39.24962,3.29612,7.98793,11.28405,3.29612,two_foci,near_boundary,rim_soft,0.56739,ood_unseen_depth_range,ood_test,nominal,1.78032,MMP;PIEZO;US,method2b_512_full_comsol_bxyz_delta,True,True
F3NCS_0385_ood_unseen_depth_range_cylinder_zb11p5_E77p5,F3NCS_0385_ood_unseen_depth_range_cylinder_zb11.5_E77.5,ood_unseen_depth_range|cylinder|homogeneous|nominal,ood_unseen_depth_range|cylinder|homogeneous|nominal,ood_unseen_depth_range,77.48796,2.32705,9.12833,11.45538,2.32705,cylinder,half_pitch_x_shift,homogeneous,0.0,ood_unseen_depth_range,ood_test,nominal,0.95618,MMP;PIEZO;US,method2b_512_full_comsol_bxyz_delta,True,True
F3NCS_0386_ood_unseen_depth_range_ellipse_zb09p6_E94p6,F3NCS_0386_ood_unseen_depth_range_ellipse_zb09.6_E94.6,ood_unseen_depth_range|ellipse|homogeneous|nominal,ood_unseen_depth_range|ellipse|homogeneous|nominal,ood_unseen_depth_range,94.6084,0.70167,8.93902,9.64069,0.70167,ellipse,center,homogeneous,0.0,ood_unseen_depth_range,ood_test,nominal,1.03193,MMP;PIEZO;US,method2b_512_full_comsol_bxyz_delta,True,True
F3NCS_0387_ood_unseen_depth_range_ellipse_zb10p9_E15p1,F3NCS_0387_ood_unseen_depth_range_ellipse_zb10.9_E15.1,ood_unseen_depth_range|ellipse|core_shell|nominal,ood_unseen_depth_range|ellipse|core_shell|nominal,ood_unseen_depth_range,15.07965,1.27405,9.62593,10.89998,1.27405,ellipse,near_boundary,core_shell,0.68315,ood_unseen_depth_range,ood_test,nominal,1.43728,MMP;PIEZO;US,method2b_512_full_comsol_bxyz_delta,True,True
F3NCS_0388_ood_unseen_depth_range_two_foci_zb12p8_E07p0,F3NCS_0388_ood_unseen_depth_range_two_foci_zb12.8_E07.0,ood_unseen_depth_range|two_foci|homogeneous|nominal,ood_unseen_depth_range|two_foci|homogeneous|nominal,ood_unseen_depth_range,7.0425,3.30996,9.46613,12.7761,3.30996,two_foci,center,homogeneous,0.0,ood_unseen_depth_range,ood_test,nominal,1.12691,MMP;PIEZO;US,method2b_512_full_comsol_bxyz_delta,True,True
F3NCS_0389_ood_unseen_depth_range_two_foci_zb08p9_E35p1,F3NCS_0389_ood_unseen_depth_range_two_foci_zb08.9_E35.1,ood_unseen_depth_range|two_foci|rim_soft|nominal,ood_unseen_depth_range|two_foci|rim_soft|nominal,ood_unseen_depth_range,35.12541,3.15424,5.71807,8.87231,3.15424,two_foci,near_boundary,rim_soft,0.31175,ood_unseen_depth_range,ood_test,nominal,1.32949,MMP;PIEZO;US,method2b_512_full_comsol_bxyz_delta,True,True
F3NCS_0390_ood_unseen_depth_range_two_foci_zb08p6_E39p9,F3NCS_0390_ood_unseen_depth_range_two_foci_zb08.6_E39.9,ood_unseen_depth_range|two_foci|checker|nominal,ood_unseen_depth_range|two_foci|checker|nominal,ood_unseen_depth_range,39.86926,0.56025,7.99532,8.55557,0.56025,two_foci,half_pitch_x_shift,checker,0.61308,ood_unseen_depth_range,ood_test,nominal,0.73441,MMP;PIEZO;US,method2b_512_full_comsol_bxyz_delta,True,True
F3NCS_0391_ood_unseen_depth_range_ellipse_zb11p5_E49p0,F3NCS_0391_ood_unseen_depth_range_ellipse_zb11.5_E49.0,ood_unseen_depth_range|ellipse|homogeneous|nominal,ood_unseen_depth_range|ellipse|homogeneous|nominal,ood_unseen_depth_range,49.01313,1.46627,10.01233,11.47861,1.46627,ellipse,center,homogeneous,0.0,ood_unseen_depth_range,ood_test,nominal,0.91491,MMP;PIEZO;US,method2b_512_full_comsol_bxyz_delta,True,True
F3NCS_0392_ood_unseen_depth_range_two_foci_zb09p8_E39p6,F3NCS_0392_ood_unseen_depth_range_two_foci_zb09.8_E39.6,ood_unseen_depth_range|two_foci|lateral_gradient|nominal,ood_unseen_depth_range|two_foci|lateral_gradient|nominal,ood_unseen_depth_range,39.58948,1.10739,8.73082,9.8382,1.10739,two_foci,half_pitch_x_shift,lateral_gradient,0.58235,ood_unseen_depth_range,ood_test,nominal,0.64917,MMP;PIEZO;US,method2b_512_full_comsol_bxyz_delta,True,True
F3NCS_0393_ood_unseen_depth_range_two_foci_zb13p5_E10p5,F3NCS_0393_ood_unseen_depth_range_two_foci_zb13.5_E10.5,ood_unseen_depth_range|two_foci|core_shell|nominal,ood_unseen_depth_range|two_foci|core_shell|nominal,ood_unseen_depth_range,10.49662,1.24422,12.278,13.52222,1.24422,two_foci,half_pitch_x_shift,core_shell,0.73572,ood_unseen_depth_range,ood_test,nominal,0.90969,MMP;PIEZO;US,method2b_512_full_comsol_bxyz_delta,True,True
F3NCS_0394_ood_unseen_depth_range_cylinder_zb13p1_E17p7,F3NCS_0394_ood_unseen_depth_range_cylinder_zb13.1_E17.7,ood_unseen_depth_range|cylinder|checker|nominal,ood_unseen_depth_range|cylinder|checker|nominal,ood_unseen_depth_range,17.7117,2.40377,10.73304,13.13682,2.40377,cylinder,center,checker,0.27381,ood_unseen_depth_range,ood_test,nominal,1.59928,MMP;PIEZO;US,method2b_512_full_comsol_bxyz_delta,True,True
F3NCS_0395_ood_unseen_depth_range_ellipse_zb11p9_E19p2,F3NCS_0395_ood_unseen_depth_range_ellipse_zb11.9_E19.2,ood_unseen_depth_range|ellipse|rim_soft|nominal,ood_unseen_depth_range|ellipse|rim_soft|nominal,ood_unseen_depth_range,19.16307,1.14225,10.7887,11.93095,1.14225,ellipse,center,rim_soft,0.21007,ood_unseen_depth_range,ood_test,nominal,0.9694,MMP;PIEZO;US,method2b_512_full_comsol_bxyz_delta,True,True
F3NCS_0396_ood_unseen_depth_range_ellipse_zb12p8_E35p8,F3NCS_0396_ood_unseen_depth_range_ellipse_zb12.8_E35.8,ood_unseen_depth_range|ellipse|hotspot|nominal,ood_unseen_depth_range|ellipse|hotspot|nominal,ood_unseen_depth_range,35.78927,2.47867,10.35384,12.83251,2.47867,ellipse,center,hotspot,0.51257,ood_unseen_depth_range,ood_test,nominal,0.94556,MMP;PIEZO;US,method2b_512_full_comsol_bxyz_delta,True,True
F3NCS_0397_ood_unseen_depth_range_ellipse_zb11p0_E90p4,F3NCS_0397_ood_unseen_depth_range_ellipse_zb11.0_E90.4,ood_unseen_depth_range|ellipse|rim_soft|nominal,ood_unseen_depth_range|ellipse|rim_soft|nominal,ood_unseen_depth_range,90.37362,0.89249,10.062,10.9545,0.89249,ellipse,center,rim_soft,0.6505,ood_unseen_depth_range,ood_test,nominal,0.98639,MMP;PIEZO;US,method2b_512_full_comsol_bxyz_delta,True,True
F3NCS_0398_ood_unseen_depth_range_two_foci_zb09p3_E06p2,F3NCS_0398_ood_unseen_depth_range_two_foci_zb09.3_E06.2,ood_unseen_depth_range|two_foci|core_shell|nominal,ood_unseen_depth_range|two_foci|core_shell|nominal,ood_unseen_depth_range,6.21706,2.41127,6.92358,9.33485,2.41127,two_foci,near_boundary,core_shell,0.41948,ood_unseen_depth_range,ood_test,nominal,0.64256,MMP;PIEZO;US,method2b_512_full_comsol_bxyz_delta,True,True
F3NCS_0399_ood_unseen_depth_range_two_foci_zb12p6_E13p2,F3NCS_0399_ood_unseen_depth_range_two_foci_zb12.6_E13.2,ood_unseen_depth_range|two_foci|homogeneous|nominal,ood_unseen_depth_range|two_foci|homogeneous|nominal,ood_unseen_depth_range,13.20551,3.1765,9.4623,12.6388,3.1765,two_foci,near_boundary,homogeneous,0.0,ood_unseen_depth_range,ood_test,nominal,0.68934,MMP;PIEZO;US,method2b_512_full_comsol_bxyz_delta,True,True
F3NCS_0400_ood_unseen_depth_range_ellipse_zb13p7_E19p7,F3NCS_0400_ood_unseen_depth_range_ellipse_zb13.7_E19.7,ood_unseen_depth_range|ellipse|homogeneous|nominal,ood_unseen_depth_range|ellipse|homogeneous|nominal,ood_unseen_depth_range,19.68637,2.52475,11.21794,13.74269,2.52475,ellipse,near_boundary,homogeneous,0.0,ood_unseen_depth_range,ood_test,nominal,1.39528,MMP;PIEZO;US,method2b_512_full_comsol_bxyz_delta,True,True
F3NCS_0401_ood_unseen_depth_range_ellipse_zb09p5_E63p3,F3NCS_0401_ood_unseen_depth_range_ellipse_zb09.5_E63.3,ood_unseen_depth_range|ellipse|homogeneous|nominal,ood_unseen_depth_range|ellipse|homogeneous|nominal,ood_unseen_depth_range,63.3434,2.08673,7.39067,9.4774,2.08673,ellipse,near_boundary,homogeneous,0.0,ood_unseen_depth_range,ood_test,nominal,1.05728,MMP;PIEZO;US,method2b_512_full_comsol_bxyz_delta,True,True
F3NCS_0402_ood_unseen_depth_range_cylinder_zb09p7_E17p8,F3NCS_0402_ood_unseen_depth_range_cylinder_zb09.7_E17.8,ood_unseen_depth_range|cylinder|core_shell|nominal,ood_unseen_depth_range|cylinder|core_shell|nominal,ood_unseen_depth_range,17.8412,0.73092,9.01403,9.74494,0.73092,cylinder,near_boundary,core_shell,0.29318,ood_unseen_depth_range,ood_test,nominal,0.78943,MMP;PIEZO;US,method2b_512_full_comsol_bxyz_delta,True,True
F3NCS_0403_ood_unseen_depth_range_cylinder_zb13p3_E13p7,F3NCS_0403_ood_unseen_depth_range_cylinder_zb13.3_E13.7,ood_unseen_depth_range|cylinder|core_shell|nominal,ood_unseen_depth_range|cylinder|core_shell|nominal,ood_unseen_depth_range,13.73139,0.6106,12.66388,13.27448,0.6106,cylinder,center,core_shell,0.59007,ood_unseen_depth_range,ood_test,nominal,0.98209,MMP;PIEZO;US,method2b_512_full_comsol_bxyz_delta,True,True
F3NCS_0404_ood_unseen_depth_range_two_foci_zb08p6_E25p9,F3NCS_0404_ood_unseen_depth_range_two_foci_zb08.6_E25.9,ood_unseen_depth_range|two_foci|lateral_gradient|nominal,ood_unseen_depth_range|two_foci|lateral_gradient|nominal,ood_unseen_depth_range,25.93259,1.03434,7.60063,8.63497,1.03434,two_foci,center,lateral_gradient,0.57218,ood_unseen_depth_range,ood_test,nominal,0.96659,MMP;PIEZO;US,method2b_512_full_comsol_bxyz_delta,True,True
F3NCS_0405_ood_unseen_depth_range_cylinder_zb09p6_E16p6,F3NCS_0405_ood_unseen_depth_range_cylinder_zb09.6_E16.6,ood_unseen_depth_range|cylinder|checker|nominal,ood_unseen_depth_range|cylinder|checker|nominal,ood_unseen_depth_range,16.56801,2.0781,7.5606,9.6387,2.0781,cylinder,near_boundary,checker,0.37279,ood_unseen_depth_range,ood_test,nominal,1.63243,MMP;PIEZO;US,method2b_512_full_comsol_bxyz_delta,True,True
F3NCS_0406_ood_unseen_depth_range_two_foci_zb12p7_E08p4,F3NCS_0406_ood_unseen_depth_range_two_foci_zb12.7_E08.4,ood_unseen_depth_range|two_foci|core_shell|nominal,ood_unseen_depth_range|two_foci|core_shell|nominal,ood_unseen_depth_range,8.39085,2.1399,10.52734,12.66725,2.1399,two_foci,near_boundary,core_shell,0.73075,ood_unseen_depth_range,ood_test,nominal,1.14262,MMP;PIEZO;US,method2b_512_full_comsol_bxyz_delta,True,True
F3NCS_0407_ood_unseen_depth_range_two_foci_zb10p5_E11p3,F3NCS_0407_ood_unseen_depth_range_two_foci_zb10.5_E11.3,ood_unseen_depth_range|two_foci|homogeneous|nominal,ood_unseen_depth_range|two_foci|homogeneous|nominal,ood_unseen_depth_range,11.34075,1.89702,8.65125,10.54826,1.89702,two_foci,half_pitch_x_shift,homogeneous,0.0,ood_unseen_depth_range,ood_test,nominal,0.72883,MMP;PIEZO;US,method2b_512_full_comsol_bxyz_delta,True,True
F3NCS_0408_ood_unseen_depth_range_ellipse_zb12p1_E31p3,F3NCS_0408_ood_unseen_depth_range_ellipse_zb12.1_E31.3,ood_unseen_depth_range|ellipse|rim_soft|nominal,ood_unseen_depth_range|ellipse|rim_soft|nominal,ood_unseen_depth_range,31.31398,0.49809,11.65092,12.14901,0.49809,ellipse,half_pitch_x_shift,rim_soft,0.41462,ood_unseen_depth_range,ood_test,nominal,1.30463,MMP;PIEZO;US,method2b_512_full_comsol_bxyz_delta,True,True
F3NCS_0409_ood_unseen_depth_range_two_foci_zb08p9_E07p6,F3NCS_0409_ood_unseen_depth_range_two_foci_zb08.9_E07.6,ood_unseen_depth_range|two_foci|homogeneous|nominal,ood_unseen_depth_range|two_foci|homogeneous|nominal,ood_unseen_depth_range,7.62912,0.96025,7.91116,8.87141,0.96025,two_foci,half_pitch_x_shift,homogeneous,0.0,ood_unseen_depth_range,ood_test,nominal,0.85728,MMP;PIEZO;US,method2b_512_full_comsol_bxyz_delta,True,True
F3NCS_0410_ood_unseen_depth_range_ellipse_zb13p0_E23p5,F3NCS_0410_ood_unseen_depth_range_ellipse_zb13.0_E23.5,ood_unseen_depth_range|ellipse|checker|nominal,ood_unseen_depth_range|ellipse|checker|nominal,ood_unseen_depth_range,23.47584,2.83946,10.14076,12.98022,2.83946,ellipse,half_pitch_x_shift,checker,0.67096,ood_unseen_depth_range,ood_test,nominal,1.32284,MMP;PIEZO;US,method2b_512_full_comsol_bxyz_delta,True,True
F3NCS_0411_ood_unseen_depth_range_two_foci_zb14p0_E48p4,F3NCS_0411_ood_unseen_depth_range_two_foci_zb14.0_E48.4,ood_unseen_depth_range|two_foci|homogeneous|nominal,ood_unseen_depth_range|two_foci|homogeneous|nominal,ood_unseen_depth_range,48.38945,0.56083,13.40837,13.9692,0.56083,two_foci,half_pitch_x_shift,homogeneous,0.0,ood_unseen_depth_range,ood_test,nominal,0.89551,MMP;PIEZO;US,method2b_512_full_comsol_bxyz_delta,True,True
F3NCS_0412_ood_unseen_depth_range_ellipse_zb12p8_E74p8,F3NCS_0412_ood_unseen_depth_range_ellipse_zb12.8_E74.8,ood_unseen_depth_range|ellipse|checker|nominal,ood_unseen_depth_range|ellipse|checker|nominal,ood_unseen_depth_range,74.81447,2.35365,10.40988,12.76352,2.35365,ellipse,half_pitch_x_shift,checker,0.66607,ood_unseen_depth_range,ood_test,nominal,0.88884,MMP;PIEZO;US,method2b_512_full_comsol_bxyz_delta,True,True
F3NCS_0413_ood_unseen_depth_range_ellipse_zb12p0_E10p1,F3NCS_0413_ood_unseen_depth_range_ellipse_zb12.0_E10.1,ood_unseen_depth_range|ellipse|hotspot|nominal,ood_unseen_depth_range|ellipse|hotspot|nominal,ood_unseen_depth_range,10.05617,2.04897,9.90203,11.95099,2.04897,ellipse,half_pitch_x_shift,hotspot,0.41274,ood_unseen_depth_range,ood_test,nominal,1.54189,MMP;PIEZO;US,method2b_512_full_comsol_bxyz_delta,True,True
F3NCS_0414_ood_unseen_depth_range_cylinder_zb10p0_E74p1,F3NCS_0414_ood_unseen_depth_range_cylinder_zb10.0_E74.1,ood_unseen_depth_range|cylinder|homogeneous|nominal,ood_unseen_depth_range|cylinder|homogeneous|nominal,ood_unseen_depth_range,74.13767,1.05322,8.94274,9.99597,1.05322,cylinder,center,homogeneous,0.0,ood_unseen_depth_range,ood_test,nominal,1.02838,MMP;PIEZO;US,method2b_512_full_comsol_bxyz_delta,True,True
F3NCS_0415_ood_unseen_depth_range_two_foci_zb11p6_E74p6,F3NCS_0415_ood_unseen_depth_range_two_foci_zb11.6_E74.6,ood_unseen_depth_range|two_foci|checker|nominal,ood_unseen_depth_range|two_foci|checker|nominal,ood_unseen_depth_range,74.55049,3.02071,8.58714,11.60785,3.02071,two_foci,half_pitch_x_shift,checker,0.50577,ood_unseen_depth_range,ood_test,nominal,0.63641,MMP;PIEZO;US,method2b_512_full_comsol_bxyz_delta,True,True
F3NCS_0416_ood_unseen_depth_range_two_foci_zb10p5_E76p3,F3NCS_0416_ood_unseen_depth_range_two_foci_zb10.5_E76.3,ood_unseen_depth_range|two_foci|core_shell|nominal,ood_unseen_depth_range|two_foci|core_shell|nominal,ood_unseen_depth_range,76.27231,0.67072,9.78256,10.45328,0.67072,two_foci,near_boundary,core_shell,0.19391,ood_unseen_depth_range,ood_test,nominal,0.76816,MMP;PIEZO;US,method2b_512_full_comsol_bxyz_delta,True,True
F3NCS_0417_ood_unseen_depth_range_two_foci_zb13p3_E17p8,F3NCS_0417_ood_unseen_depth_range_two_foci_zb13.3_E17.8,ood_unseen_depth_range|two_foci|checker|nominal,ood_unseen_depth_range|two_foci|checker|nominal,ood_unseen_depth_range,17.83199,0.4929,12.80177,13.29467,0.4929,two_foci,center,checker,0.70457,ood_unseen_depth_range,ood_test,nominal,0.88943,MMP;PIEZO;US,method2b_512_full_comsol_bxyz_delta,True,True
F3NCS_0418_ood_unseen_depth_range_ellipse_zb13p8_E28p3,F3NCS_0418_ood_unseen_depth_range_ellipse_zb13.8_E28.3,ood_unseen_depth_range|ellipse|core_shell|nominal,ood_unseen_depth_range|ellipse|core_shell|nominal,ood_unseen_depth_range,28.31946,1.46672,12.30665,13.77337,1.46672,ellipse,half_pitch_x_shift,core_shell,0.68947,ood_unseen_depth_range,ood_test,nominal,0.8506,MMP;PIEZO;US,method2b_512_full_comsol_bxyz_delta,True,True
F3NCS_0419_ood_unseen_depth_range_ellipse_zb09p0_E16p3,F3NCS_0419_ood_unseen_depth_range_ellipse_zb09.0_E16.3,ood_unseen_depth_range|ellipse|lateral_gradient|nominal,ood_unseen_depth_range|ellipse|lateral_gradient|nominal,ood_unseen_depth_range,16.34229,0.89302,8.13577,9.02879,0.89302,ellipse,near_boundary,lateral_gradient,0.4051,ood_unseen_depth_range,ood_test,nominal,1.1494,MMP;PIEZO;US,method2b_512_full_comsol_bxyz_delta,True,True
F3NCS_0420_ood_unseen_depth_range_cylinder_zb13p3_E28p6,F3NCS_0420_ood_unseen_depth_range_cylinder_zb13.3_E28.6,ood_unseen_depth_range|cylinder|rim_soft|nominal,ood_unseen_depth_range|cylinder|rim_soft|nominal,ood_unseen_depth_range,28.56311,0.52066,12.72999,13.25065,0.52066,cylinder,center,rim_soft,0.3479,ood_unseen_depth_range,ood_test,nominal,1.00394,MMP;PIEZO;US,method2b_512_full_comsol_bxyz_delta,True,True
F3NCS_0421_ood_unseen_depth_range_cylinder_zb11p0_E23p8,F3NCS_0421_ood_unseen_depth_range_cylinder_zb11.0_E23.8,ood_unseen_depth_range|cylinder|checker|nominal,ood_unseen_depth_range|cylinder|checker|nominal,ood_unseen_depth_range,23.75858,1.34851,9.66183,11.01033,1.34851,cylinder,half_pitch_x_shift,checker,0.6015,ood_unseen_depth_range,ood_test,nominal,0.98541,MMP;PIEZO;US,method2b_512_full_comsol_bxyz_delta,True,True
F3NCS_0422_ood_unseen_depth_range_ellipse_zb11p4_E23p6,F3NCS_0422_ood_unseen_depth_range_ellipse_zb11.4_E23.6,ood_unseen_depth_range|ellipse|hotspot|nominal,ood_unseen_depth_range|ellipse|hotspot|nominal,ood_unseen_depth_range,23.57906,1.43998,9.97894,11.41892,1.43998,ellipse,near_boundary,hotspot,0.64462,ood_unseen_depth_range,ood_test,nominal,1.36007,MMP;PIEZO;US,method2b_512_full_comsol_bxyz_delta,True,True
F3NCS_0423_ood_unseen_depth_range_ellipse_zb09p3_E11p4,F3NCS_0423_ood_unseen_depth_range_ellipse_zb09.3_E11.4,ood_unseen_depth_range|ellipse|rim_soft|nominal,ood_unseen_depth_range|ellipse|rim_soft|nominal,ood_unseen_depth_range,11.35764,1.83288,7.48657,9.31945,1.83288,ellipse,center,rim_soft,0.22128,ood_unseen_depth_range,ood_test,nominal,0.78203,MMP;PIEZO;US,method2b_512_full_comsol_bxyz_delta,True,True
F3NCS_0424_ood_unseen_depth_range_ellipse_zb11p1_E21p4,F3NCS_0424_ood_unseen_depth_range_ellipse_zb11.1_E21.4,ood_unseen_depth_range|ellipse|rim_soft|nominal,ood_unseen_depth_range|ellipse|rim_soft|nominal,ood_unseen_depth_range,21.43018,2.2171,8.902,11.1191,2.2171,ellipse,half_pitch_x_shift,rim_soft,0.63971,ood_unseen_depth_range,ood_test,nominal,0.92373,MMP;PIEZO;US,method2b_512_full_comsol_bxyz_delta,True,True
F3NCS_0425_ood_unseen_depth_range_two_foci_zb13p1_E09p6,F3NCS_0425_ood_unseen_depth_range_two_foci_zb13.1_E09.6,ood_unseen_depth_range|two_foci|lateral_gradient|nominal,ood_unseen_depth_range|two_foci|lateral_gradient|nominal,ood_unseen_depth_range,9.63884,1.849,11.25239,13.10139,1.849,two_foci,near_boundary,lateral_gradient,0.42098,ood_unseen_depth_range,ood_test,nominal,0.56296,MMP;PIEZO;US,method2b_512_full_comsol_bxyz_delta,True,True
F3NCS_0426_ood_unseen_depth_range_cylinder_zb10p6_E06p2,F3NCS_0426_ood_unseen_depth_range_cylinder_zb10.6_E06.2,ood_unseen_depth_range|cylinder|rim_soft|nominal,ood_unseen_depth_range|cylinder|rim_soft|nominal,ood_unseen_depth_range,6.21728,2.64132,7.92051,10.56182,2.64132,cylinder,center,rim_soft,0.46623,ood_unseen_depth_range,ood_test,nominal,1.38941,MMP;PIEZO;US,method2b_512_full_comsol_bxyz_delta,True,True
F3NCS_0427_ood_unseen_depth_range_ellipse_zb13p9_E58p6,F3NCS_0427_ood_unseen_depth_range_ellipse_zb13.9_E58.6,ood_unseen_depth_range|ellipse|core_shell|nominal,ood_unseen_depth_range|ellipse|core_shell|nominal,ood_unseen_depth_range,58.61292,1.23763,12.6631,13.90073,1.23763,ellipse,near_boundary,core_shell,0.48035,ood_unseen_depth_range,ood_test,nominal,0.89985,MMP;PIEZO;US,method2b_512_full_comsol_bxyz_delta,True,True
F3NCS_0428_ood_unseen_depth_range_ellipse_zb10p2_E73p0,F3NCS_0428_ood_unseen_depth_range_ellipse_zb10.2_E73.0,ood_unseen_depth_range|ellipse|core_shell|nominal,ood_unseen_depth_range|ellipse|core_shell|nominal,ood_unseen_depth_range,72.98302,1.63478,8.57856,10.21334,1.63478,ellipse,half_pitch_x_shift,core_shell,0.51008,ood_unseen_depth_range,ood_test,nominal,1.12341,MMP;PIEZO;US,method2b_512_full_comsol_bxyz_delta,True,True
F3NCS_0429_ood_unseen_depth_range_two_foci_zb09p5_E07p0,F3NCS_0429_ood_unseen_depth_range_two_foci_zb09.5_E07.0,ood_unseen_depth_range|two_foci|rim_soft|nominal,ood_unseen_depth_range|two_foci|rim_soft|nominal,ood_unseen_depth_range,7.01419,0.91025,8.57043,9.48068,0.91025,two_foci,near_boundary,rim_soft,0.58288,ood_unseen_depth_range,ood_test,nominal,1.13322,MMP;PIEZO;US,method2b_512_full_comsol_bxyz_delta,True,True
F3NCS_0430_ood_unseen_depth_range_two_foci_zb11p3_E33p1,F3NCS_0430_ood_unseen_depth_range_two_foci_zb11.3_E33.1,ood_unseen_depth_range|two_foci|hotspot|nominal,ood_unseen_depth_range|two_foci|hotspot|nominal,ood_unseen_depth_range,33.14928,0.94442,10.35742,11.30183,0.94442,two_foci,half_pitch_x_shift,hotspot,0.55228,ood_unseen_depth_range,ood_test,nominal,1.36043,MMP;PIEZO;US,method2b_512_full_comsol_bxyz_delta,True,True
F3NCS_0431_ood_unseen_depth_range_cylinder_zb08p8_E06p7,F3NCS_0431_ood_unseen_depth_range_cylinder_zb08.8_E06.7,ood_unseen_depth_range|cylinder|rim_soft|nominal,ood_unseen_depth_range|cylinder|rim_soft|nominal,ood_unseen_depth_range,6.71947,0.75893,8.07433,8.83327,0.75893,cylinder,center,rim_soft,0.27679,ood_unseen_depth_range,ood_test,nominal,0.99272,MMP;PIEZO;US,method2b_512_full_comsol_bxyz_delta,True,True
F3NCS_0432_ood_unseen_depth_range_cylinder_zb09p3_E08p3,F3NCS_0432_ood_unseen_depth_range_cylinder_zb09.3_E08.3,ood_unseen_depth_range|cylinder|homogeneous|nominal,ood_unseen_depth_range|cylinder|homogeneous|nominal,ood_unseen_depth_range,8.34739,3.34294,5.9909,9.33383,3.34294,cylinder,center,homogeneous,0.0,ood_unseen_depth_range,ood_test,nominal,1.22397,MMP;PIEZO;US,method2b_512_full_comsol_bxyz_delta,True,True
F3NCS_0433_ood_unseen_depth_range_cylinder_zb12p9_E86p3,F3NCS_0433_ood_unseen_depth_range_cylinder_zb12.9_E86.3,ood_unseen_depth_range|cylinder|lateral_gradient|nominal,ood_unseen_depth_range|cylinder|lateral_gradient|nominal,ood_unseen_depth_range,86.33868,2.66195,10.26621,12.92816,2.66195,cylinder,near_boundary,lateral_gradient,0.57017,ood_unseen_depth_range,ood_test,nominal,0.72277,MMP;PIEZO;US,method2b_512_full_comsol_bxyz_delta,True,True
F3NCS_0434_ood_unseen_depth_range_ellipse_zb13p9_E71p4,F3NCS_0434_ood_unseen_depth_range_ellipse_zb13.9_E71.4,ood_unseen_depth_range|ellipse|hotspot|nominal,ood_unseen_depth_range|ellipse|hotspot|nominal,ood_unseen_depth_range,71.44983,1.79684,12.06622,13.86306,1.79684,ellipse,near_boundary,hotspot,0.20067,ood_unseen_depth_range,ood_test,nominal,1.48674,MMP;PIEZO;US,method2b_512_full_comsol_bxyz_delta,True,True
F3NCS_0435_ood_unseen_depth_range_cylinder_zb10p5_E25p4,F3NCS_0435_ood_unseen_depth_range_cylinder_zb10.5_E25.4,ood_unseen_depth_range|cylinder|hotspot|nominal,ood_unseen_depth_range|cylinder|hotspot|nominal,ood_unseen_depth_range,25.39863,1.61275,8.88145,10.4942,1.61275,cylinder,near_boundary,hotspot,0.33488,ood_unseen_depth_range,ood_test,nominal,1.35512,MMP;PIEZO;US,method2b_512_full_comsol_bxyz_delta,True,True
F3NCS_0436_ood_unseen_depth_range_ellipse_zb11p9_E84p1,F3NCS_0436_ood_unseen_depth_range_ellipse_zb11.9_E84.1,ood_unseen_depth_range|ellipse|hotspot|nominal,ood_unseen_depth_range|ellipse|hotspot|nominal,ood_unseen_depth_range,84.05361,1.87989,10.02497,11.90485,1.87989,ellipse,half_pitch_x_shift,hotspot,0.32239,ood_unseen_depth_range,ood_test,nominal,0.66954,MMP;PIEZO;US,method2b_512_full_comsol_bxyz_delta,True,True
F3NCS_0437_ood_unseen_depth_range_ellipse_zb10p1_E14p8,F3NCS_0437_ood_unseen_depth_range_ellipse_zb10.1_E14.8,ood_unseen_depth_range|ellipse|rim_soft|nominal,ood_unseen_depth_range|ellipse|rim_soft|nominal,ood_unseen_depth_range,14.80989,2.37549,7.74945,10.12494,2.37549,ellipse,center,rim_soft,0.19412,ood_unseen_depth_range,ood_test,nominal,0.7745,MMP;PIEZO;US,method2b_512_full_comsol_bxyz_delta,True,True
F3NCS_0438_ood_unseen_depth_range_ellipse_zb10p1_E24p0,F3NCS_0438_ood_unseen_depth_range_ellipse_zb10.1_E24.0,ood_unseen_depth_range|ellipse|homogeneous|nominal,ood_unseen_depth_range|ellipse|homogeneous|nominal,ood_unseen_depth_range,24.03491,1.25669,8.83267,10.08936,1.25669,ellipse,half_pitch_x_shift,homogeneous,0.0,ood_unseen_depth_range,ood_test,nominal,2.02774,MMP;PIEZO;US,method2b_512_full_comsol_bxyz_delta,True,True
F3NCS_0439_ood_unseen_depth_range_ellipse_zb10p5_E33p5,F3NCS_0439_ood_unseen_depth_range_ellipse_zb10.5_E33.5,ood_unseen_depth_range|ellipse|homogeneous|nominal,ood_unseen_depth_range|ellipse|homogeneous|nominal,ood_unseen_depth_range,33.49268,1.69487,8.85096,10.54583,1.69487,ellipse,center,homogeneous,0.0,ood_unseen_depth_range,ood_test,nominal,0.86052,MMP;PIEZO;US,method2b_512_full_comsol_bxyz_delta,True,True
F3NCS_0440_ood_unseen_depth_range_two_foci_zb12p0_E12p1,F3NCS_0440_ood_unseen_depth_range_two_foci_zb12.0_E12.1,ood_unseen_depth_range|two_foci|checker|nominal,ood_unseen_depth_range|two_foci|checker|nominal,ood_unseen_depth_range,12.08714,0.69627,11.34459,12.04086,0.69627,two_foci,near_boundary,checker,0.23006,ood_unseen_depth_range,ood_test,nominal,0.70566,MMP;PIEZO;US,method2b_512_full_comsol_bxyz_delta,True,True
F3NCS_0441_ood_unseen_depth_range_ellipse_zb12p4_E06p2,F3NCS_0441_ood_unseen_depth_range_ellipse_zb12.4_E06.2,ood_unseen_depth_range|ellipse|hotspot|nominal,ood_unseen_depth_range|ellipse|hotspot|nominal,ood_unseen_depth_range,6.18933,1.19423,11.24863,12.44287,1.19423,ellipse,half_pitch_x_shift,hotspot,0.28628,ood_unseen_depth_range,ood_test,nominal,1.39176,MMP;PIEZO;US,method2b_512_full_comsol_bxyz_delta,True,True
F3NCS_0442_ood_unseen_depth_range_ellipse_zb11p7_E13p1,F3NCS_0442_ood_unseen_depth_range_ellipse_zb11.7_E13.1,ood_unseen_depth_range|ellipse|homogeneous|nominal,ood_unseen_depth_range|ellipse|homogeneous|nominal,ood_unseen_depth_range,13.08631,1.49998,10.21907,11.71905,1.49998,ellipse,center,homogeneous,0.0,ood_unseen_depth_range,ood_test,nominal,0.87217,MMP;PIEZO;US,method2b_512_full_comsol_bxyz_delta,True,True
F3NCS_0443_ood_unseen_depth_range_ellipse_zb11p2_E14p1,F3NCS_0443_ood_unseen_depth_range_ellipse_zb11.2_E14.1,ood_unseen_depth_range|ellipse|lateral_gradient|nominal,ood_unseen_depth_range|ellipse|lateral_gradient|nominal,ood_unseen_depth_range,14.05831,2.84178,8.38034,11.22211,2.84178,ellipse,half_pitch_x_shift,lateral_gradient,0.72068,ood_unseen_depth_range,ood_test,nominal,1.35428,MMP;PIEZO;US,method2b_512_full_comsol_bxyz_delta,True,True
F3NCS_0444_ood_unseen_depth_range_ellipse_zb10p4_E07p3,F3NCS_0444_ood_unseen_depth_range_ellipse_zb10.4_E07.3,ood_unseen_depth_range|ellipse|rim_soft|nominal,ood_unseen_depth_range|ellipse|rim_soft|nominal,ood_unseen_depth_range,7.30181,3.04138,7.40112,10.4425,3.04138,ellipse,center,rim_soft,0.5319,ood_unseen_depth_range,ood_test,nominal,0.8632,MMP;PIEZO;US,method2b_512_full_comsol_bxyz_delta,True,True
F3NCS_0445_ood_unseen_depth_range_two_foci_zb13p3_E51p9,F3NCS_0445_ood_unseen_depth_range_two_foci_zb13.3_E51.9,ood_unseen_depth_range|two_foci|homogeneous|nominal,ood_unseen_depth_range|two_foci|homogeneous|nominal,ood_unseen_depth_range,51.85697,1.73659,11.52756,13.26415,1.73659,two_foci,half_pitch_x_shift,homogeneous,0.0,ood_unseen_depth_range,ood_test,nominal,0.73175,MMP;PIEZO;US,method2b_512_full_comsol_bxyz_delta,True,True
F3NCS_0446_ood_unseen_depth_range_cylinder_zb12p2_E10p8,F3NCS_0446_ood_unseen_depth_range_cylinder_zb12.2_E10.8,ood_unseen_depth_range|cylinder|checker|nominal,ood_unseen_depth_range|cylinder|checker|nominal,ood_unseen_depth_range,10.81159,1.0508,11.12902,12.17982,1.0508,cylinder,near_boundary,checker,0.70829,ood_unseen_depth_range,ood_test,nominal,0.46617,MMP;PIEZO;US,method2b_512_full_comsol_bxyz_delta,True,True
F3NCS_0447_ood_unseen_depth_range_two_foci_zb11p7_E11p2,F3NCS_0447_ood_unseen_depth_range_two_foci_zb11.7_E11.2,ood_unseen_depth_range|two_foci|homogeneous|nominal,ood_unseen_depth_range|two_foci|homogeneous|nominal,ood_unseen_depth_range,11.20986,2.05579,9.6463,11.70209,2.05579,two_foci,near_boundary,homogeneous,0.0,ood_unseen_depth_range,ood_test,nominal,1.36042,MMP;PIEZO;US,method2b_512_full_comsol_bxyz_delta,True,True
F3NCS_0448_ood_unseen_layer_modulus_ellipse_zb07p4_E21p0,F3NCS_0448_ood_unseen_layer_modulus_ellipse_zb07.4_E21.0,ood_unseen_layer_modulus|ellipse|checker|nominal,ood_unseen_layer_modulus|ellipse|checker|nominal,ood_unseen_layer_modulus,20.98662,2.08836,5.32373,7.41209,2.08836,ellipse,center,checker,0.4213,ood_unseen_layer_modulus,ood_test,nominal,0.29813,MMP;PIEZO;US,method2b_512_full_comsol_bxyz_delta,True,True
F3NCS_0449_ood_unseen_layer_modulus_ellipse_zb05p8_E54p9,F3NCS_0449_ood_unseen_layer_modulus_ellipse_zb05.8_E54.9,ood_unseen_layer_modulus|ellipse|homogeneous|nominal,ood_unseen_layer_modulus|ellipse|homogeneous|nominal,ood_unseen_layer_modulus,54.9331,3.01039,2.77373,5.78412,3.01039,ellipse,center,homogeneous,0.0,ood_unseen_layer_modulus,ood_test,nominal,2.12002,MMP;PIEZO;US,method2b_512_full_comsol_bxyz_delta,True,True
F3NCS_0450_ood_unseen_layer_modulus_crescent_zb09p9_E11p6,F3NCS_0450_ood_unseen_layer_modulus_crescent_zb09.9_E11.6,ood_unseen_layer_modulus|crescent|checker|nominal,ood_unseen_layer_modulus|crescent|checker|nominal,ood_unseen_layer_modulus,11.57829,1.13908,8.71538,9.85446,1.13908,crescent,near_boundary,checker,0.4499,ood_unseen_layer_modulus,ood_test,nominal,3.38556,MMP;PIEZO;US,method2b_512_full_comsol_bxyz_delta,True,True
F3NCS_0451_ood_unseen_layer_modulus_cylinder_zb09p3_E36p6,F3NCS_0451_ood_unseen_layer_modulus_cylinder_zb09.3_E36.6,ood_unseen_layer_modulus|cylinder|rim_soft|nominal,ood_unseen_layer_modulus|cylinder|rim_soft|nominal,ood_unseen_layer_modulus,36.60846,1.18961,8.07533,9.26494,1.18961,cylinder,near_boundary,rim_soft,0.46658,ood_unseen_layer_modulus,ood_test,nominal,2.43887,MMP;PIEZO;US,method2b_512_full_comsol_bxyz_delta,True,True
F3NCS_0452_ood_unseen_layer_modulus_two_foci_zb09p4_E11p5,F3NCS_0452_ood_unseen_layer_modulus_two_foci_zb09.4_E11.5,ood_unseen_layer_modulus|two_foci|core_shell|nominal,ood_unseen_layer_modulus|two_foci|core_shell|nominal,ood_unseen_layer_modulus,11.45403,3.24633,6.13279,9.37912,3.24633,two_foci,center,core_shell,0.42231,ood_unseen_layer_modulus,ood_test,nominal,2.13344,MMP;PIEZO;US,method2b_512_full_comsol_bxyz_delta,True,True
F3NCS_0453_ood_unseen_layer_modulus_lobed_zb09p7_E21p6,F3NCS_0453_ood_unseen_layer_modulus_lobed_zb09.7_E21.6,ood_unseen_layer_modulus|lobed|checker|nominal,ood_unseen_layer_modulus|lobed|checker|nominal,ood_unseen_layer_modulus,21.59852,2.21155,7.48243,9.69399,2.21155,lobed,center,checker,0.27764,ood_unseen_layer_modulus,ood_test,nominal,0.32275,MMP;PIEZO;US,method2b_512_full_comsol_bxyz_delta,True,True
F3NCS_0454_ood_unseen_layer_modulus_crescent_zb06p1_E76p6,F3NCS_0454_ood_unseen_layer_modulus_crescent_zb06.1_E76.6,ood_unseen_layer_modulus|crescent|rim_soft|nominal,ood_unseen_layer_modulus|crescent|rim_soft|nominal,ood_unseen_layer_modulus,76.56592,1.68652,4.46021,6.14672,1.68652,crescent,near_boundary,rim_soft,0.72427,ood_unseen_layer_modulus,ood_test,nominal,1.9143,MMP;PIEZO;US,method2b_512_full_comsol_bxyz_delta,True,True
F3NCS_0455_ood_unseen_layer_modulus_ellipse_zb06p0_E06p3,F3NCS_0455_ood_unseen_layer_modulus_ellipse_zb06.0_E06.3,ood_unseen_layer_modulus|ellipse|hotspot|nominal,ood_unseen_layer_modulus|ellipse|hotspot|nominal,ood_unseen_layer_modulus,6.34309,1.10891,4.93366,6.04258,1.10891,ellipse,center,hotspot,0.61778,ood_unseen_layer_modulus,ood_test,nominal,0.26916,MMP;PIEZO;US,method2b_512_full_comsol_bxyz_delta,True,True
F3NCS_0456_ood_unseen_layer_modulus_ellipse_zb02p7_E65p7,F3NCS_0456_ood_unseen_layer_modulus_ellipse_zb02.7_E65.7,ood_unseen_layer_modulus|ellipse|checker|nominal,ood_unseen_layer_modulus|ellipse|checker|nominal,ood_unseen_layer_modulus,65.67776,2.48762,0.22132,2.70894,2.48762,ellipse,half_pitch_x_shift,checker,0.49134,ood_unseen_layer_modulus,ood_test,nominal,0.53865,MMP;PIEZO;US,method2b_512_full_comsol_bxyz_delta,True,True
F3NCS_0457_ood_unseen_layer_modulus_lobed_zb07p1_E19p6,F3NCS_0457_ood_unseen_layer_modulus_lobed_zb07.1_E19.6,ood_unseen_layer_modulus|lobed|homogeneous|nominal,ood_unseen_layer_modulus|lobed|homogeneous|nominal,ood_unseen_layer_modulus,19.57787,0.6163,6.50672,7.12303,0.6163,lobed,near_boundary,homogeneous,0.0,ood_unseen_layer_modulus,ood_test,nominal,3.31328,MMP;PIEZO;US,method2b_512_full_comsol_bxyz_delta,True,True
F3NCS_0458_ood_unseen_layer_modulus_lobed_zb02p9_E06p6,F3NCS_0458_ood_unseen_layer_modulus_lobed_zb02.9_E06.6,ood_unseen_layer_modulus|lobed|core_shell|nominal,ood_unseen_layer_modulus|lobed|core_shell|nominal,ood_unseen_layer_modulus,6.57398,2.74066,0.20899,2.94965,2.74066,lobed,half_pitch_x_shift,core_shell,0.27166,ood_unseen_layer_modulus,ood_test,nominal,0.42311,MMP;PIEZO;US,method2b_512_full_comsol_bxyz_delta,True,True
F3NCS_0459_ood_unseen_layer_modulus_ellipse_zb09p5_E34p1,F3NCS_0459_ood_unseen_layer_modulus_ellipse_zb09.5_E34.1,ood_unseen_layer_modulus|ellipse|rim_soft|nominal,ood_unseen_layer_modulus|ellipse|rim_soft|nominal,ood_unseen_layer_modulus,34.09306,2.94256,6.51614,9.4587,2.94256,ellipse,near_boundary,rim_soft,0.26585,ood_unseen_layer_modulus,ood_test,nominal,2.83069,MMP;PIEZO;US,method2b_512_full_comsol_bxyz_delta,True,True
F3NCS_0460_ood_unseen_layer_modulus_two_foci_zb03p6_E86p4,F3NCS_0460_ood_unseen_layer_modulus_two_foci_zb03.6_E86.4,ood_unseen_layer_modulus|two_foci|lateral_gradient|nominal,ood_unseen_layer_modulus|two_foci|lateral_gradient|nominal,ood_unseen_layer_modulus,86.40532,2.96545,0.58559,3.55104,2.96545,two_foci,half_pitch_x_shift,lateral_gradient,0.29543,ood_unseen_layer_modulus,ood_test,nominal,3.22031,MMP;PIEZO;US,method2b_512_full_comsol_bxyz_delta,True,True
F3NCS_0461_ood_unseen_layer_modulus_cylinder_zb08p2_E46p7,F3NCS_0461_ood_unseen_layer_modulus_cylinder_zb08.2_E46.7,ood_unseen_layer_modulus|cylinder|hotspot|nominal,ood_unseen_layer_modulus|cylinder|hotspot|nominal,ood_unseen_layer_modulus,46.66869,2.05918,6.12859,8.18777,2.05918,cylinder,half_pitch_x_shift,hotspot,0.47576,ood_unseen_layer_modulus,ood_test,nominal,1.93085,MMP;PIEZO;US,method2b_512_full_comsol_bxyz_delta,True,True
F3NCS_0462_ood_unseen_layer_modulus_two_foci_zb09p7_E30p7,F3NCS_0462_ood_unseen_layer_modulus_two_foci_zb09.7_E30.7,ood_unseen_layer_modulus|two_foci|lateral_gradient|nominal,ood_unseen_layer_modulus|two_foci|lateral_gradient|nominal,ood_unseen_layer_modulus,30.73037,1.61678,8.03844,9.65522,1.61678,two_foci,near_boundary,lateral_gradient,0.63973,ood_unseen_layer_modulus,ood_test,nominal,0.41398,MMP;PIEZO;US,method2b_512_full_comsol_bxyz_delta,True,True
F3NCS_0463_ood_unseen_layer_modulus_lobed_zb03p1_E09p1,F3NCS_0463_ood_unseen_layer_modulus_lobed_zb03.1_E09.1,ood_unseen_layer_modulus|lobed|hotspot|nominal,ood_unseen_layer_modulus|lobed|hotspot|nominal,ood_unseen_layer_modulus,9.10709,2.69827,0.43988,3.13814,2.69827,lobed,center,hotspot,0.48213,ood_unseen_layer_modulus,ood_test,nominal,0.41574,MMP;PIEZO;US,method2b_512_full_comsol_bxyz_delta,True,True
F3NCS_0464_ood_unseen_layer_modulus_lobed_zb05p9_E29p2,F3NCS_0464_ood_unseen_layer_modulus_lobed_zb05.9_E29.2,ood_unseen_layer_modulus|lobed|lateral_gradient|nominal,ood_unseen_layer_modulus|lobed|lateral_gradient|nominal,ood_unseen_layer_modulus,29.22322,1.33893,4.56035,5.89929,1.33893,lobed,half_pitch_x_shift,lateral_gradient,0.30728,ood_unseen_layer_modulus,ood_test,nominal,0.30045,MMP;PIEZO;US,method2b_512_full_comsol_bxyz_delta,True,True
F3NCS_0465_ood_unseen_layer_modulus_two_foci_zb03p6_E42p2,F3NCS_0465_ood_unseen_layer_modulus_two_foci_zb03.6_E42.2,ood_unseen_layer_modulus|two_foci|hotspot|nominal,ood_unseen_layer_modulus|two_foci|hotspot|nominal,ood_unseen_layer_modulus,42.15597,3.15392,0.49271,3.64663,3.15392,two_foci,center,hotspot,0.7313,ood_unseen_layer_modulus,ood_test,nominal,3.26031,MMP;PIEZO;US,method2b_512_full_comsol_bxyz_delta,True,True
F3NCS_0466_ood_unseen_layer_modulus_two_foci_zb03p5_E33p5,F3NCS_0466_ood_unseen_layer_modulus_two_foci_zb03.5_E33.5,ood_unseen_layer_modulus|two_foci|core_shell|nominal,ood_unseen_layer_modulus|two_foci|core_shell|nominal,ood_unseen_layer_modulus,33.50705,2.76774,0.75954,3.52728,2.76774,two_foci,center,core_shell,0.41365,ood_unseen_layer_modulus,ood_test,nominal,0.26966,MMP;PIEZO;US,method2b_512_full_comsol_bxyz_delta,True,True
F3NCS_0467_ood_unseen_layer_modulus_cylinder_zb03p5_E16p4,F3NCS_0467_ood_unseen_layer_modulus_cylinder_zb03.5_E16.4,ood_unseen_layer_modulus|cylinder|homogeneous|nominal,ood_unseen_layer_modulus|cylinder|homogeneous|nominal,ood_unseen_layer_modulus,16.42578,3.13921,0.35726,3.49647,3.13921,cylinder,near_boundary,homogeneous,0.0,ood_unseen_layer_modulus,ood_test,nominal,2.26704,MMP;PIEZO;US,method2b_512_full_comsol_bxyz_delta,True,True
F3NCS_0468_ood_unseen_layer_modulus_lobed_zb04p2_E55p5,F3NCS_0468_ood_unseen_layer_modulus_lobed_zb04.2_E55.5,ood_unseen_layer_modulus|lobed|homogeneous|nominal,ood_unseen_layer_modulus|lobed|homogeneous|nominal,ood_unseen_layer_modulus,55.4514,2.94825,1.23124,4.17949,2.94825,lobed,near_boundary,homogeneous,0.0,ood_unseen_layer_modulus,ood_test,nominal,3.41997,MMP;PIEZO;US,method2b_512_full_comsol_bxyz_delta,True,True
F3NCS_0469_ood_unseen_layer_modulus_ellipse_zb08p2_E21p5,F3NCS_0469_ood_unseen_layer_modulus_ellipse_zb08.2_E21.5,ood_unseen_layer_modulus|ellipse|lateral_gradient|nominal,ood_unseen_layer_modulus|ellipse|lateral_gradient|nominal,ood_unseen_layer_modulus,21.49099,1.62519,6.55805,8.18324,1.62519,ellipse,center,lateral_gradient,0.55543,ood_unseen_layer_modulus,ood_test,nominal,3.25782,MMP;PIEZO;US,method2b_512_full_comsol_bxyz_delta,True,True
F3NCS_0470_ood_unseen_layer_modulus_lobed_zb05p9_E43p7,F3NCS_0470_ood_unseen_layer_modulus_lobed_zb05.9_E43.7,ood_unseen_layer_modulus|lobed|lateral_gradient|nominal,ood_unseen_layer_modulus|lobed|lateral_gradient|nominal,ood_unseen_layer_modulus,43.72534,1.89133,3.95885,5.85018,1.89133,lobed,half_pitch_x_shift,lateral_gradient,0.4366,ood_unseen_layer_modulus,ood_test,nominal,0.50741,MMP;PIEZO;US,method2b_512_full_comsol_bxyz_delta,True,True
F3NCS_0471_ood_unseen_layer_modulus_lobed_zb02p0_E78p3,F3NCS_0471_ood_unseen_layer_modulus_lobed_zb02.0_E78.3,ood_unseen_layer_modulus|lobed|core_shell|nominal,ood_unseen_layer_modulus|lobed|core_shell|nominal,ood_unseen_layer_modulus,78.33545,0.81006,1.22654,2.0366,0.81006,lobed,half_pitch_x_shift,core_shell,0.20218,ood_unseen_layer_modulus,ood_test,nominal,0.47709,MMP;PIEZO;US,method2b_512_full_comsol_bxyz_delta,True,True
F3NCS_0472_ood_unseen_layer_modulus_lobed_zb07p9_E07p2,F3NCS_0472_ood_unseen_layer_modulus_lobed_zb07.9_E07.2,ood_unseen_layer_modulus|lobed|core_shell|nominal,ood_unseen_layer_modulus|lobed|core_shell|nominal,ood_unseen_layer_modulus,7.23006,2.30793,5.62134,7.92927,2.30793,lobed,half_pitch_x_shift,core_shell,0.60499,ood_unseen_layer_modulus,ood_test,nominal,0.47326,MMP;PIEZO;US,method2b_512_full_comsol_bxyz_delta,True,True
F3NCS_0473_ood_unseen_layer_modulus_ellipse_zb05p9_E08p4,F3NCS_0473_ood_unseen_layer_modulus_ellipse_zb05.9_E08.4,ood_unseen_layer_modulus|ellipse|hotspot|nominal,ood_unseen_layer_modulus|ellipse|hotspot|nominal,ood_unseen_layer_modulus,8.41667,2.9788,2.94059,5.91939,2.9788,ellipse,half_pitch_x_shift,hotspot,0.19269,ood_unseen_layer_modulus,ood_test,nominal,0.27851,MMP;PIEZO;US,method2b_512_full_comsol_bxyz_delta,True,True
F3NCS_0474_ood_unseen_layer_modulus_cylinder_zb09p4_E22p6,F3NCS_0474_ood_unseen_layer_modulus_cylinder_zb09.4_E22.6,ood_unseen_layer_modulus|cylinder|rim_soft|nominal,ood_unseen_layer_modulus|cylinder|rim_soft|nominal,ood_unseen_layer_modulus,22.63081,1.85653,7.58879,9.44532,1.85653,cylinder,center,rim_soft,0.73122,ood_unseen_layer_modulus,ood_test,nominal,0.4681,MMP;PIEZO;US,method2b_512_full_comsol_bxyz_delta,True,True
F3NCS_0475_ood_unseen_layer_modulus_lobed_zb08p1_E22p1,F3NCS_0475_ood_unseen_layer_modulus_lobed_zb08.1_E22.1,ood_unseen_layer_modulus|lobed|lateral_gradient|nominal,ood_unseen_layer_modulus|lobed|lateral_gradient|nominal,ood_unseen_layer_modulus,22.12069,2.71024,5.43422,8.14446,2.71024,lobed,near_boundary,lateral_gradient,0.32755,ood_unseen_layer_modulus,ood_test,nominal,1.88625,MMP;PIEZO;US,method2b_512_full_comsol_bxyz_delta,True,True
F3NCS_0476_ood_unseen_layer_modulus_ellipse_zb05p7_E79p4,F3NCS_0476_ood_unseen_layer_modulus_ellipse_zb05.7_E79.4,ood_unseen_layer_modulus|ellipse|rim_soft|nominal,ood_unseen_layer_modulus|ellipse|rim_soft|nominal,ood_unseen_layer_modulus,79.38599,1.13511,4.58801,5.72312,1.13511,ellipse,near_boundary,rim_soft,0.52243,ood_unseen_layer_modulus,ood_test,nominal,3.16097,MMP;PIEZO;US,method2b_512_full_comsol_bxyz_delta,True,True
F3NCS_0477_ood_unseen_layer_modulus_ellipse_zb03p5_E10p4,F3NCS_0477_ood_unseen_layer_modulus_ellipse_zb03.5_E10.4,ood_unseen_layer_modulus|ellipse|rim_soft|nominal,ood_unseen_layer_modulus|ellipse|rim_soft|nominal,ood_unseen_layer_modulus,10.40187,2.61108,0.90476,3.51584,2.61108,ellipse,near_boundary,rim_soft,0.20121,ood_unseen_layer_modulus,ood_test,nominal,0.36325,MMP;PIEZO;US,method2b_512_full_comsol_bxyz_delta,True,True
F3NCS_0478_ood_unseen_layer_modulus_ellipse_zb07p1_E27p2,F3NCS_0478_ood_unseen_layer_modulus_ellipse_zb07.1_E27.2,ood_unseen_layer_modulus|ellipse|checker|nominal,ood_unseen_layer_modulus|ellipse|checker|nominal,ood_unseen_layer_modulus,27.2306,0.82375,6.31479,7.13854,0.82375,ellipse,center,checker,0.18287,ood_unseen_layer_modulus,ood_test,nominal,0.51558,MMP;PIEZO;US,method2b_512_full_comsol_bxyz_delta,True,True
F3NCS_0479_ood_unseen_layer_modulus_cylinder_zb03p7_E09p1,F3NCS_0479_ood_unseen_layer_modulus_cylinder_zb03.7_E09.1,ood_unseen_layer_modulus|cylinder|homogeneous|nominal,ood_unseen_layer_modulus|cylinder|homogeneous|nominal,ood_unseen_layer_modulus,9.11411,3.1084,0.57545,3.68386,3.1084,cylinder,near_boundary,homogeneous,0.0,ood_unseen_layer_modulus,ood_test,nominal,3.18916,MMP;PIEZO;US,method2b_512_full_comsol_bxyz_delta,True,True
F3NCS_0480_ood_unseen_operator_noise_lobed_zb10p0_E66p7,F3NCS_0480_ood_unseen_operator_noise_lobed_zb10.0_E66.7,ood_unseen_operator_noise|lobed|core_shell|calibration_shift,ood_unseen_operator_noise|lobed|core_shell|calibration_shift,ood_unseen_operator_noise,66.66194,3.38447,6.5852,9.96967,3.38447,lobed,near_boundary,core_shell,0.30458,ood_unseen_operator_noise,ood_test,calibration_shift,1.79943,MMP;PIEZO;US,method2b_512_full_comsol_bxyz_delta,True,True
F3NCS_0481_ood_unseen_operator_noise_ellipse_zb05p4_E11p5,F3NCS_0481_ood_unseen_operator_noise_ellipse_zb05.4_E11.5,ood_unseen_operator_noise|ellipse|core_shell|high_noise,ood_unseen_operator_noise|ellipse|core_shell|high_noise,ood_unseen_operator_noise,11.46484,2.07376,3.33187,5.40563,2.07376,ellipse,near_boundary,core_shell,0.48736,ood_unseen_operator_noise,ood_test,high_noise,0.83592,MMP;PIEZO;US,method2b_512_full_comsol_bxyz_delta,True,True
F3NCS_0482_ood_unseen_operator_noise_lobed_zb01p7_E06p9,F3NCS_0482_ood_unseen_operator_noise_lobed_zb01.7_E06.9,ood_unseen_operator_noise|lobed|checker|calibration_shift,ood_unseen_operator_noise|lobed|checker|calibration_shift,ood_unseen_operator_noise,6.88936,1.24456,0.49739,1.74195,1.24456,lobed,half_pitch_x_shift,checker,0.40395,ood_unseen_operator_noise,ood_test,calibration_shift,0.77518,MMP;PIEZO;US,method2b_512_full_comsol_bxyz_delta,True,True
F3NCS_0483_ood_unseen_operator_noise_lobed_zb08p7_E31p8,F3NCS_0483_ood_unseen_operator_noise_lobed_zb08.7_E31.8,ood_unseen_operator_noise|lobed|homogeneous|high_noise,ood_unseen_operator_noise|lobed|homogeneous|high_noise,ood_unseen_operator_noise,31.82916,0.67721,8.01083,8.68804,0.67721,lobed,near_boundary,homogeneous,0.0,ood_unseen_operator_noise,ood_test,high_noise,0.54547,MMP;PIEZO;US,method2b_512_full_comsol_bxyz_delta,True,True
F3NCS_0484_ood_unseen_operator_noise_cylinder_zb10p1_E08p6,F3NCS_0484_ood_unseen_operator_noise_cylinder_zb10.1_E08.6,ood_unseen_operator_noise|cylinder|core_shell|lateral_psf_shift,ood_unseen_operator_noise|cylinder|core_shell|lateral_psf_shift,ood_unseen_operator_noise,8.55222,2.3456,7.74129,10.08688,2.3456,cylinder,half_pitch_x_shift,core_shell,0.71661,ood_unseen_operator_noise,ood_test,lateral_psf_shift,0.88045,MMP;PIEZO;US,method2b_512_full_comsol_bxyz_delta,True,True
F3NCS_0485_ood_unseen_operator_noise_two_foci_zb07p5_E25p6,F3NCS_0485_ood_unseen_operator_noise_two_foci_zb07.5_E25.6,ood_unseen_operator_noise|two_foci|checker|high_noise,ood_unseen_operator_noise|two_foci|checker|high_noise,ood_unseen_operator_noise,25.57817,1.03639,6.44439,7.48078,1.03639,two_foci,half_pitch_x_shift,checker,0.30371,ood_unseen_operator_noise,ood_test,high_noise,0.72325,MMP;PIEZO;US,method2b_512_full_comsol_bxyz_delta,True,True
F3NCS_0486_ood_unseen_operator_noise_cylinder_zb04p8_E14p8,F3NCS_0486_ood_unseen_operator_noise_cylinder_zb04.8_E14.8,ood_unseen_operator_noise|cylinder|homogeneous|lateral_psf_shift,ood_unseen_operator_noise|cylinder|homogeneous|lateral_psf_shift,ood_unseen_operator_noise,14.76838,1.55405,3.26986,4.82392,1.55405,cylinder,near_boundary,homogeneous,0.0,ood_unseen_operator_noise,ood_test,lateral_psf_shift,0.89988,MMP;PIEZO;US,method2b_512_full_comsol_bxyz_delta,True,True
F3NCS_0487_ood_unseen_operator_noise_two_foci_zb04p8_E08p4,F3NCS_0487_ood_unseen_operator_noise_two_foci_zb04.8_E08.4,ood_unseen_operator_noise|two_foci|hotspot|lateral_psf_shift,ood_unseen_operator_noise|two_foci|hotspot|lateral_psf_shift,ood_unseen_operator_noise,8.36973,2.90628,1.85337,4.75965,2.90628,two_foci,center,hotspot,0.59593,ood_unseen_operator_noise,ood_test,lateral_psf_shift,0.67722,MMP;PIEZO;US,method2b_512_full_comsol_bxyz_delta,True,True
F3NCS_0488_ood_unseen_operator_noise_ellipse_zb02p0_E51p8,F3NCS_0488_ood_unseen_operator_noise_ellipse_zb02.0_E51.8,ood_unseen_operator_noise|ellipse|homogeneous|high_noise,ood_unseen_operator_noise|ellipse|homogeneous|high_noise,ood_unseen_operator_noise,51.82302,1.80365,0.23941,2.04306,1.80365,ellipse,center,homogeneous,0.0,ood_unseen_operator_noise,ood_test,high_noise,1.1814,MMP;PIEZO;US,method2b_512_full_comsol_bxyz_delta,True,True
F3NCS_0489_ood_unseen_operator_noise_two_foci_zb07p5_E23p2,F3NCS_0489_ood_unseen_operator_noise_two_foci_zb07.5_E23.2,ood_unseen_operator_noise|two_foci|homogeneous|calibration_shift,ood_unseen_operator_noise|two_foci|homogeneous|calibration_shift,ood_unseen_operator_noise,23.1844,0.68808,6.77048,7.45855,0.68808,two_foci,center,homogeneous,0.0,ood_unseen_operator_noise,ood_test,calibration_shift,1.36037,MMP;PIEZO;US,method2b_512_full_comsol_bxyz_delta,True,True
F3NCS_0490_ood_unseen_operator_noise_crescent_zb05p7_E09p8,F3NCS_0490_ood_unseen_operator_noise_crescent_zb05.7_E09.8,ood_unseen_operator_noise|crescent|rim_soft|lateral_psf_shift,ood_unseen_operator_noise|crescent|rim_soft|lateral_psf_shift,ood_unseen_operator_noise,9.79217,0.79833,4.86574,5.66407,0.79833,crescent,half_pitch_x_shift,rim_soft,0.42152,ood_unseen_operator_noise,ood_test,lateral_psf_shift,0.48944,MMP;PIEZO;US,method2b_512_full_comsol_bxyz_delta,True,True
F3NCS_0491_ood_unseen_operator_noise_two_foci_zb01p9_E52p0,F3NCS_0491_ood_unseen_operator_noise_two_foci_zb01.9_E52.0,ood_unseen_operator_noise|two_foci|core_shell|lateral_psf_shift,ood_unseen_operator_noise|two_foci|core_shell|lateral_psf_shift,ood_unseen_operator_noise,51.95388,1.34315,0.57938,1.92253,1.34315,two_foci,half_pitch_x_shift,core_shell,0.30732,ood_unseen_operator_noise,ood_test,lateral_psf_shift,1.13616,MMP;PIEZO;US,method2b_512_full_comsol_bxyz_delta,True,True
F3NCS_0492_ood_unseen_operator_noise_two_foci_zb05p8_E11p8,F3NCS_0492_ood_unseen_operator_noise_two_foci_zb05.8_E11.8,ood_unseen_operator_noise|two_foci|homogeneous|calibration_shift,ood_unseen_operator_noise|two_foci|homogeneous|calibration_shift,ood_unseen_operator_noise,11.82324,1.59938,4.23534,5.83473,1.59938,two_foci,near_boundary,homogeneous,0.0,ood_unseen_operator_noise,ood_test,calibration_shift,1.78823,MMP;PIEZO;US,method2b_512_full_comsol_bxyz_delta,True,True
F3NCS_0493_ood_unseen_operator_noise_two_foci_zb02p7_E17p6,F3NCS_0493_ood_unseen_operator_noise_two_foci_zb02.7_E17.6,ood_unseen_operator_noise|two_foci|core_shell|high_noise,ood_unseen_operator_noise|two_foci|core_shell|high_noise,ood_unseen_operator_noise,17.63362,1.34698,1.37377,2.72075,1.34698,two_foci,near_boundary,core_shell,0.69365,ood_unseen_operator_noise,ood_test,high_noise,1.0284,MMP;PIEZO;US,method2b_512_full_comsol_bxyz_delta,True,True
F3NCS_0494_ood_unseen_operator_noise_cylinder_zb03p5_E15p1,F3NCS_0494_ood_unseen_operator_noise_cylinder_zb03.5_E15.1,ood_unseen_operator_noise|cylinder|core_shell|high_noise,ood_unseen_operator_noise|cylinder|core_shell|high_noise,ood_unseen_operator_noise,15.08823,3.09747,0.43779,3.53526,3.09747,cylinder,half_pitch_x_shift,core_shell,0.74572,ood_unseen_operator_noise,ood_test,high_noise,0.56141,MMP;PIEZO;US,method2b_512_full_comsol_bxyz_delta,True,True
F3NCS_0495_ood_unseen_operator_noise_ellipse_zb11p4_E39p6,F3NCS_0495_ood_unseen_operator_noise_ellipse_zb11.4_E39.6,ood_unseen_operator_noise|ellipse|rim_soft|lateral_psf_shift,ood_unseen_operator_noise|ellipse|rim_soft|lateral_psf_shift,ood_unseen_operator_noise,39.63303,2.62666,8.77238,11.39904,2.62666,ellipse,near_boundary,rim_soft,0.47995,ood_unseen_operator_noise,ood_test,lateral_psf_shift,1.11651,MMP;PIEZO;US,method2b_512_full_comsol_bxyz_delta,True,True
F3NCS_0496_ood_unseen_operator_noise_two_foci_zb05p4_E16p3,F3NCS_0496_ood_unseen_operator_noise_two_foci_zb05.4_E16.3,ood_unseen_operator_noise|two_foci|checker|calibration_shift,ood_unseen_operator_noise|two_foci|checker|calibration_shift,ood_unseen_operator_noise,16.31975,1.39882,3.95692,5.35573,1.39882,two_foci,center,checker,0.54865,ood_unseen_operator_noise,ood_test,calibration_shift,1.50308,MMP;PIEZO;US,method2b_512_full_comsol_bxyz_delta,True,True
F3NCS_0497_ood_unseen_operator_noise_two_foci_zb06p2_E23p1,F3NCS_0497_ood_unseen_operator_noise_two_foci_zb06.2_E23.1,ood_unseen_operator_noise|two_foci|hotspot|lateral_psf_shift,ood_unseen_operator_noise|two_foci|hotspot|lateral_psf_shift,ood_unseen_operator_noise,23.05683,2.80475,3.40661,6.21136,2.80475,two_foci,near_boundary,hotspot,0.58487,ood_unseen_operator_noise,ood_test,lateral_psf_shift,0.84801,MMP;PIEZO;US,method2b_512_full_comsol_bxyz_delta,True,True
F3NCS_0498_ood_unseen_operator_noise_crescent_zb04p0_E08p5,F3NCS_0498_ood_unseen_operator_noise_crescent_zb04.0_E08.5,ood_unseen_operator_noise|crescent|hotspot|high_noise,ood_unseen_operator_noise|crescent|hotspot|high_noise,ood_unseen_operator_noise,8.49398,2.44118,1.5857,4.02688,2.44118,crescent,near_boundary,hotspot,0.54125,ood_unseen_operator_noise,ood_test,high_noise,2.00673,MMP;PIEZO;US,method2b_512_full_comsol_bxyz_delta,True,True
F3NCS_0499_ood_unseen_operator_noise_lobed_zb01p5_E71p0,F3NCS_0499_ood_unseen_operator_noise_lobed_zb01.5_E71.0,ood_unseen_operator_noise|lobed|hotspot|lateral_psf_shift,ood_unseen_operator_noise|lobed|hotspot|lateral_psf_shift,ood_unseen_operator_noise,70.97706,1.0553,0.39898,1.45427,1.0553,lobed,center,hotspot,0.36159,ood_unseen_operator_noise,ood_test,lateral_psf_shift,0.80637,MMP;PIEZO;US,method2b_512_full_comsol_bxyz_delta,True,True
F3NCS_0500_ood_unseen_operator_noise_cylinder_zb02p3_E45p6,F3NCS_0500_ood_unseen_operator_noise_cylinder_zb02.3_E45.6,ood_unseen_operator_noise|cylinder|hotspot|high_noise,ood_unseen_operator_noise|cylinder|hotspot|high_noise,ood_unseen_operator_noise,45.60724,1.81604,0.52776,2.3438,1.81604,cylinder,center,hotspot,0.22629,ood_unseen_operator_noise,ood_test,high_noise,1.12847,MMP;PIEZO;US,method2b_512_full_comsol_bxyz_delta,True,True
F3NCS_0501_ood_unseen_operator_noise_two_foci_zb09p3_E50p3,F3NCS_0501_ood_unseen_operator_noise_two_foci_zb09.3_E50.3,ood_unseen_operator_noise|two_foci|core_shell|lateral_psf_shift,ood_unseen_operator_noise|two_foci|core_shell|lateral_psf_shift,ood_unseen_operator_noise,50.2853,2.3153,7.01779,9.33309,2.3153,two_foci,half_pitch_x_shift,core_shell,0.44169,ood_unseen_operator_noise,ood_test,lateral_psf_shift,1.57653,MMP;PIEZO;US,method2b_512_full_comsol_bxyz_delta,True,True
F3NCS_0502_ood_unseen_operator_noise_cylinder_zb11p5_E11p1,F3NCS_0502_ood_unseen_operator_noise_cylinder_zb11.5_E11.1,ood_unseen_operator_noise|cylinder|homogeneous|high_noise,ood_unseen_operator_noise|cylinder|homogeneous|high_noise,ood_unseen_operator_noise,11.09611,1.37125,10.17278,11.54402,1.37125,cylinder,center,homogeneous,0.0,ood_unseen_operator_noise,ood_test,high_noise,1.09019,MMP;PIEZO;US,method2b_512_full_comsol_bxyz_delta,True,True
F3NCS_0503_ood_unseen_operator_noise_two_foci_zb07p9_E32p0,F3NCS_0503_ood_unseen_operator_noise_two_foci_zb07.9_E32.0,ood_unseen_operator_noise|two_foci|hotspot|high_noise,ood_unseen_operator_noise|two_foci|hotspot|high_noise,ood_unseen_operator_noise,31.97286,0.56475,7.37963,7.94438,0.56475,two_foci,near_boundary,hotspot,0.20764,ood_unseen_operator_noise,ood_test,high_noise,0.62344,MMP;PIEZO;US,method2b_512_full_comsol_bxyz_delta,True,True
F3NCS_0504_ood_unseen_operator_noise_crescent_zb10p9_E39p6,F3NCS_0504_ood_unseen_operator_noise_crescent_zb10.9_E39.6,ood_unseen_operator_noise|crescent|homogeneous|high_noise,ood_unseen_operator_noise|crescent|homogeneous|high_noise,ood_unseen_operator_noise,39.61494,3.05463,7.80555,10.86018,3.05463,crescent,center,homogeneous,0.0,ood_unseen_operator_noise,ood_test,high_noise,0.7291,MMP;PIEZO;US,method2b_512_full_comsol_bxyz_delta,True,True
F3NCS_0505_ood_unseen_operator_noise_lobed_zb06p3_E74p2,F3NCS_0505_ood_unseen_operator_noise_lobed_zb06.3_E74.2,ood_unseen_operator_noise|lobed|homogeneous|high_noise,ood_unseen_operator_noise|lobed|homogeneous|high_noise,ood_unseen_operator_noise,74.17688,2.3515,3.90499,6.2565,2.3515,lobed,half_pitch_x_shift,homogeneous,0.0,ood_unseen_operator_noise,ood_test,high_noise,0.98835,MMP;PIEZO;US,method2b_512_full_comsol_bxyz_delta,True,True
F3NCS_0506_ood_unseen_operator_noise_lobed_zb06p9_E36p9,F3NCS_0506_ood_unseen_operator_noise_lobed_zb06.9_E36.9,ood_unseen_operator_noise|lobed|rim_soft|high_noise,ood_unseen_operator_noise|lobed|rim_soft|high_noise,ood_unseen_operator_noise,36.94834,2.94647,3.95108,6.89755,2.94647,lobed,near_boundary,rim_soft,0.6246,ood_unseen_operator_noise,ood_test,high_noise,1.11179,MMP;PIEZO;US,method2b_512_full_comsol_bxyz_delta,True,True
F3NCS_0507_ood_unseen_operator_noise_ellipse_zb01p4_E08p8,F3NCS_0507_ood_unseen_operator_noise_ellipse_zb01.4_E08.8,ood_unseen_operator_noise|ellipse|lateral_gradient|calibration_shift,ood_unseen_operator_noise|ellipse|lateral_gradient|calibration_shift,ood_unseen_operator_noise,8.83857,0.48774,0.86683,1.35457,0.48774,ellipse,half_pitch_x_shift,lateral_gradient,0.65092,ood_unseen_operator_noise,ood_test,calibration_shift,1.69168,MMP;PIEZO;US,method2b_512_full_comsol_bxyz_delta,True,True
F3NCS_0508_ood_unseen_operator_noise_two_foci_zb03p5_E13p6,F3NCS_0508_ood_unseen_operator_noise_two_foci_zb03.5_E13.6,ood_unseen_operator_noise|two_foci|checker|high_noise,ood_unseen_operator_noise|two_foci|checker|high_noise,ood_unseen_operator_noise,13.62005,3.0937,0.41427,3.50796,3.0937,two_foci,center,checker,0.49268,ood_unseen_operator_noise,ood_test,high_noise,1.02389,MMP;PIEZO;US,method2b_512_full_comsol_bxyz_delta,True,True
F3NCS_0509_ood_unseen_operator_noise_crescent_zb11p1_E35p5,F3NCS_0509_ood_unseen_operator_noise_crescent_zb11.1_E35.5,ood_unseen_operator_noise|crescent|rim_soft|calibration_shift,ood_unseen_operator_noise|crescent|rim_soft|calibration_shift,ood_unseen_operator_noise,35.53812,0.94935,10.16133,11.11068,0.94935,crescent,near_boundary,rim_soft,0.36561,ood_unseen_operator_noise,ood_test,calibration_shift,0.8555,MMP;PIEZO;US,method2b_512_full_comsol_bxyz_delta,True,True
F3NCS_0510_ood_unseen_operator_noise_ellipse_zb02p7_E08p0,F3NCS_0510_ood_unseen_operator_noise_ellipse_zb02.7_E08.0,ood_unseen_operator_noise|ellipse|lateral_gradient|high_noise,ood_unseen_operator_noise|ellipse|lateral_gradient|high_noise,ood_unseen_operator_noise,7.99763,1.76622,0.88523,2.65145,1.76622,ellipse,half_pitch_x_shift,lateral_gradient,0.5465,ood_unseen_operator_noise,ood_test,high_noise,0.78064,MMP;PIEZO;US,method2b_512_full_comsol_bxyz_delta,True,True
F3NCS_0511_ood_unseen_operator_noise_crescent_zb08p1_E09p7,F3NCS_0511_ood_unseen_operator_noise_crescent_zb08.1_E09.7,ood_unseen_operator_noise|crescent|checker|calibration_shift,ood_unseen_operator_noise|crescent|checker|calibration_shift,ood_unseen_operator_noise,9.66654,1.7074,6.38725,8.09465,1.7074,crescent,near_boundary,checker,0.48888,ood_unseen_operator_noise,ood_test,calibration_shift,1.14933,MMP;PIEZO;US,method2b_512_full_comsol_bxyz_delta,True,True
