model,mae_norm,rmse_norm,psnr_norm,ssim_norm,mae_kpa,rmse_kpa,spearman_pixel,n_eval_samples,eval_condition_ids,dataset,split_mode,fold,split_column,test_group,train_count,val_count,test_count,crps_norm,cov50,width50_norm,cov80,width80_norm,cov90,width90_norm,cov95,width95_norm,uncertainty_error_spearman,failure_auroc_top10_abs_error,uce,ence,ause_abs_error,pit_mean,posterior_std_norm_mean,calibration_split,calibration_target_coverage,calibration_scale_90,residual_scale
train_mean_prior,0.1440892666578292,0.2195225340582517,13.170417853325851,0.0332627339073671,4.060465335845947,11.480061371004568,,52,F3NCS_0009_iid_support_ellipse_zb07p3_E22p5;F3NCS_0010_iid_support_cylinder_zb06p1_E14p0;F3NCS_0019_iid_support_two_foci_zb05p4_E27p2;F3NCS_0021_iid_support_ellipse_zb05p6_E31p9;F3NCS_0023_iid_support_cylinder_zb05p0_E06p6;F3NCS_0027_iid_support_ellipse_zb02p3_E78p6;F3NCS_0035_iid_support_ellipse_zb02p8_E30p8;F3NCS_0037_iid_support_ellipse_zb08p0_E07p6;F3NCS_0044_iid_support_ellipse_zb07p2_E08p4;F3NCS_0079_iid_support_cylinder_zb04p3_E13p0;F3NCS_0081_iid_support_ellipse_zb05p9_E06p8;F3NCS_0089_iid_support_cylinder_zb05p4_E08p5;F3NCS_0091_iid_support_two_foci_zb03p9_E39p0;F3NCS_0097_iid_support_cylinder_zb06p3_E18p9;F3NCS_0100_iid_support_cylinder_zb03p6_E34p7;F3NCS_0104_iid_support_ellipse_zb03p3_E52p9;F3NCS_0111_iid_support_ellipse_zb03p7_E19p4;F3NCS_0125_iid_support_cylinder_zb06p4_E14p2;F3NCS_0128_iid_support_two_foci_zb02p9_E23p9;F3NCS_0131_iid_support_ellipse_zb05p4_E74p1;F3NCS_0132_iid_support_cylinder_zb07p9_E08p3;F3NCS_0139_iid_support_two_foci_zb03p2_E25p1;F3NCS_0141_iid_support_cylinder_zb01p5_E37p1;F3NCS_0142_iid_support_two_foci_zb05p0_E19p6;F3NCS_0146_iid_support_two_foci_zb04p1_E20p6;F3NCS_0149_iid_support_cylinder_zb03p2_E32p2;F3NCS_0155_iid_support_ellipse_zb06p3_E24p5;F3NCS_0158_iid_support_cylinder_zb05p7_E11p3;F3NCS_0161_iid_support_ellipse_zb01p6_E25p7;F3NCS_0162_iid_support_ellipse_zb03p2_E17p6;F3NCS_0163_iid_support_two_foci_zb06p0_E08p1;F3NCS_0165_iid_support_ellipse_zb04p1_E25p8;F3NCS_0179_iid_support_two_foci_zb03p8_E90p2;F3NCS_0183_iid_support_cylinder_zb06p6_E10p9;F3NCS_0184_iid_support_cylinder_zb03p7_E17p7;F3NCS_0188_iid_support_cylinder_zb02p6_E41p7;F3NCS_0198_iid_support_cylinder_zb05p9_E17p9;F3NCS_0199_iid_support_ellipse_zb06p2_E37p7;F3NCS_0202_iid_support_cylinder_zb03p7_E57p3;F3NCS_0220_iid_support_two_foci_zb02p4_E32p0;F3NCS_0223_iid_support_two_foci_zb05p1_E52p3;F3NCS_0239_iid_support_ellipse_zb02p9_E06p8;F3NCS_0262_iid_support_ellipse_zb05p7_E60p2;F3NCS_0272_iid_support_ellipse_zb02p7_E33p6;F3NCS_0278_iid_support_ellipse_zb02p1_E44p7;F3NCS_0284_iid_support_ellipse_zb03p7_E68p9;F3NCS_0288_iid_support_cylinder_zb03p9_E35p1;F3NCS_0296_iid_support_cylinder_zb06p2_E15p6;F3NCS_0300_iid_support_ellipse_zb07p6_E67p9;F3NCS_0306_iid_support_ellipse_zb04p6_E40p2;F3NCS_0315_iid_support_ellipse_zb08p0_E09p3;F3NCS_0316_iid_support_two_foci_zb02p8_E06p3,method2b_512_full_comsol_recalibrated_9model,fig3_true_ood,0,split_role/ood_split_family,iid_test,230,38,52,,,,,,,,,,,,,,,,,,,,
srcnn_bz_single_channel,0.1212297976016998,0.2054013565991852,13.747933847530929,0.1648515299535714,3.809593677520752,11.034559925812522,0.3277563594987074,52,F3NCS_0009_iid_support_ellipse_zb07p3_E22p5;F3NCS_0010_iid_support_cylinder_zb06p1_E14p0;F3NCS_0019_iid_support_two_foci_zb05p4_E27p2;F3NCS_0021_iid_support_ellipse_zb05p6_E31p9;F3NCS_0023_iid_support_cylinder_zb05p0_E06p6;F3NCS_0027_iid_support_ellipse_zb02p3_E78p6;F3NCS_0035_iid_support_ellipse_zb02p8_E30p8;F3NCS_0037_iid_support_ellipse_zb08p0_E07p6;F3NCS_0044_iid_support_ellipse_zb07p2_E08p4;F3NCS_0079_iid_support_cylinder_zb04p3_E13p0;F3NCS_0081_iid_support_ellipse_zb05p9_E06p8;F3NCS_0089_iid_support_cylinder_zb05p4_E08p5;F3NCS_0091_iid_support_two_foci_zb03p9_E39p0;F3NCS_0097_iid_support_cylinder_zb06p3_E18p9;F3NCS_0100_iid_support_cylinder_zb03p6_E34p7;F3NCS_0104_iid_support_ellipse_zb03p3_E52p9;F3NCS_0111_iid_support_ellipse_zb03p7_E19p4;F3NCS_0125_iid_support_cylinder_zb06p4_E14p2;F3NCS_0128_iid_support_two_foci_zb02p9_E23p9;F3NCS_0131_iid_support_ellipse_zb05p4_E74p1;F3NCS_0132_iid_support_cylinder_zb07p9_E08p3;F3NCS_0139_iid_support_two_foci_zb03p2_E25p1;F3NCS_0141_iid_support_cylinder_zb01p5_E37p1;F3NCS_0142_iid_support_two_foci_zb05p0_E19p6;F3NCS_0146_iid_support_two_foci_zb04p1_E20p6;F3NCS_0149_iid_support_cylinder_zb03p2_E32p2;F3NCS_0155_iid_support_ellipse_zb06p3_E24p5;F3NCS_0158_iid_support_cylinder_zb05p7_E11p3;F3NCS_0161_iid_support_ellipse_zb01p6_E25p7;F3NCS_0162_iid_support_ellipse_zb03p2_E17p6;F3NCS_0163_iid_support_two_foci_zb06p0_E08p1;F3NCS_0165_iid_support_ellipse_zb04p1_E25p8;F3NCS_0179_iid_support_two_foci_zb03p8_E90p2;F3NCS_0183_iid_support_cylinder_zb06p6_E10p9;F3NCS_0184_iid_support_cylinder_zb03p7_E17p7;F3NCS_0188_iid_support_cylinder_zb02p6_E41p7;F3NCS_0198_iid_support_cylinder_zb05p9_E17p9;F3NCS_0199_iid_support_ellipse_zb06p2_E37p7;F3NCS_0202_iid_support_cylinder_zb03p7_E57p3;F3NCS_0220_iid_support_two_foci_zb02p4_E32p0;F3NCS_0223_iid_support_two_foci_zb05p1_E52p3;F3NCS_0239_iid_support_ellipse_zb02p9_E06p8;F3NCS_0262_iid_support_ellipse_zb05p7_E60p2;F3NCS_0272_iid_support_ellipse_zb02p7_E33p6;F3NCS_0278_iid_support_ellipse_zb02p1_E44p7;F3NCS_0284_iid_support_ellipse_zb03p7_E68p9;F3NCS_0288_iid_support_cylinder_zb03p9_E35p1;F3NCS_0296_iid_support_cylinder_zb06p2_E15p6;F3NCS_0300_iid_support_ellipse_zb07p6_E67p9;F3NCS_0306_iid_support_ellipse_zb04p6_E40p2;F3NCS_0315_iid_support_ellipse_zb08p0_E09p3;F3NCS_0316_iid_support_two_foci_zb02p8_E06p3,method2b_512_full_comsol_recalibrated_9model,fig3_true_ood,0,split_role/ood_split_family,iid_test,230,38,52,0.1212297827005386,0.0,0.0,0.0,0.0,0.0,0.0,0.0,0.0,,0.5,0.2038440173626919,,0.0971306178054731,0.141667291522026,0.0,,,,
unet_canonical_bxyz,0.0728605315089225,0.1535780617122615,16.273416357675906,0.4403744517610623,2.846763610839844,9.237141925649397,0.5630034713120502,52,F3NCS_0009_iid_support_ellipse_zb07p3_E22p5;F3NCS_0010_iid_support_cylinder_zb06p1_E14p0;F3NCS_0019_iid_support_two_foci_zb05p4_E27p2;F3NCS_0021_iid_support_ellipse_zb05p6_E31p9;F3NCS_0023_iid_support_cylinder_zb05p0_E06p6;F3NCS_0027_iid_support_ellipse_zb02p3_E78p6;F3NCS_0035_iid_support_ellipse_zb02p8_E30p8;F3NCS_0037_iid_support_ellipse_zb08p0_E07p6;F3NCS_0044_iid_support_ellipse_zb07p2_E08p4;F3NCS_0079_iid_support_cylinder_zb04p3_E13p0;F3NCS_0081_iid_support_ellipse_zb05p9_E06p8;F3NCS_0089_iid_support_cylinder_zb05p4_E08p5;F3NCS_0091_iid_support_two_foci_zb03p9_E39p0;F3NCS_0097_iid_support_cylinder_zb06p3_E18p9;F3NCS_0100_iid_support_cylinder_zb03p6_E34p7;F3NCS_0104_iid_support_ellipse_zb03p3_E52p9;F3NCS_0111_iid_support_ellipse_zb03p7_E19p4;F3NCS_0125_iid_support_cylinder_zb06p4_E14p2;F3NCS_0128_iid_support_two_foci_zb02p9_E23p9;F3NCS_0131_iid_support_ellipse_zb05p4_E74p1;F3NCS_0132_iid_support_cylinder_zb07p9_E08p3;F3NCS_0139_iid_support_two_foci_zb03p2_E25p1;F3NCS_0141_iid_support_cylinder_zb01p5_E37p1;F3NCS_0142_iid_support_two_foci_zb05p0_E19p6;F3NCS_0146_iid_support_two_foci_zb04p1_E20p6;F3NCS_0149_iid_support_cylinder_zb03p2_E32p2;F3NCS_0155_iid_support_ellipse_zb06p3_E24p5;F3NCS_0158_iid_support_cylinder_zb05p7_E11p3;F3NCS_0161_iid_support_ellipse_zb01p6_E25p7;F3NCS_0162_iid_support_ellipse_zb03p2_E17p6;F3NCS_0163_iid_support_two_foci_zb06p0_E08p1;F3NCS_0165_iid_support_ellipse_zb04p1_E25p8;F3NCS_0179_iid_support_two_foci_zb03p8_E90p2;F3NCS_0183_iid_support_cylinder_zb06p6_E10p9;F3NCS_0184_iid_support_cylinder_zb03p7_E17p7;F3NCS_0188_iid_support_cylinder_zb02p6_E41p7;F3NCS_0198_iid_support_cylinder_zb05p9_E17p9;F3NCS_0199_iid_support_ellipse_zb06p2_E37p7;F3NCS_0202_iid_support_cylinder_zb03p7_E57p3;F3NCS_0220_iid_support_two_foci_zb02p4_E32p0;F3NCS_0223_iid_support_two_foci_zb05p1_E52p3;F3NCS_0239_iid_support_ellipse_zb02p9_E06p8;F3NCS_0262_iid_support_ellipse_zb05p7_E60p2;F3NCS_0272_iid_support_ellipse_zb02p7_E33p6;F3NCS_0278_iid_support_ellipse_zb02p1_E44p7;F3NCS_0284_iid_support_ellipse_zb03p7_E68p9;F3NCS_0288_iid_support_cylinder_zb03p9_E35p1;F3NCS_0296_iid_support_cylinder_zb06p2_E15p6;F3NCS_0300_iid_support_ellipse_zb07p6_E67p9;F3NCS_0306_iid_support_ellipse_zb04p6_E40p2;F3NCS_0315_iid_support_ellipse_zb08p0_E09p3;F3NCS_0316_iid_support_two_foci_zb02p8_E06p3,method2b_512_full_comsol_recalibrated_9model,fig3_true_ood,0,split_role/ood_split_family,iid_test,230,38,52,0.0728605315089225,0.0,0.0,0.0,0.0,0.0,0.0,0.0,0.0,,0.5,0.1518046131439137,,0.0634230786748285,0.1061025783419609,0.0,,,,
vanilla_diffusion,0.4428971409797668,0.4568089979953222,6.805307003246371,0.0533448841351156,12.39109706878662,14.04783414933097,0.2541694911032594,52,F3NCS_0009_iid_support_ellipse_zb07p3_E22p5;F3NCS_0010_iid_support_cylinder_zb06p1_E14p0;F3NCS_0019_iid_support_two_foci_zb05p4_E27p2;F3NCS_0021_iid_support_ellipse_zb05p6_E31p9;F3NCS_0023_iid_support_cylinder_zb05p0_E06p6;F3NCS_0027_iid_support_ellipse_zb02p3_E78p6;F3NCS_0035_iid_support_ellipse_zb02p8_E30p8;F3NCS_0037_iid_support_ellipse_zb08p0_E07p6;F3NCS_0044_iid_support_ellipse_zb07p2_E08p4;F3NCS_0079_iid_support_cylinder_zb04p3_E13p0;F3NCS_0081_iid_support_ellipse_zb05p9_E06p8;F3NCS_0089_iid_support_cylinder_zb05p4_E08p5;F3NCS_0091_iid_support_two_foci_zb03p9_E39p0;F3NCS_0097_iid_support_cylinder_zb06p3_E18p9;F3NCS_0100_iid_support_cylinder_zb03p6_E34p7;F3NCS_0104_iid_support_ellipse_zb03p3_E52p9;F3NCS_0111_iid_support_ellipse_zb03p7_E19p4;F3NCS_0125_iid_support_cylinder_zb06p4_E14p2;F3NCS_0128_iid_support_two_foci_zb02p9_E23p9;F3NCS_0131_iid_support_ellipse_zb05p4_E74p1;F3NCS_0132_iid_support_cylinder_zb07p9_E08p3;F3NCS_0139_iid_support_two_foci_zb03p2_E25p1;F3NCS_0141_iid_support_cylinder_zb01p5_E37p1;F3NCS_0142_iid_support_two_foci_zb05p0_E19p6;F3NCS_0146_iid_support_two_foci_zb04p1_E20p6;F3NCS_0149_iid_support_cylinder_zb03p2_E32p2;F3NCS_0155_iid_support_ellipse_zb06p3_E24p5;F3NCS_0158_iid_support_cylinder_zb05p7_E11p3;F3NCS_0161_iid_support_ellipse_zb01p6_E25p7;F3NCS_0162_iid_support_ellipse_zb03p2_E17p6;F3NCS_0163_iid_support_two_foci_zb06p0_E08p1;F3NCS_0165_iid_support_ellipse_zb04p1_E25p8;F3NCS_0179_iid_support_two_foci_zb03p8_E90p2;F3NCS_0183_iid_support_cylinder_zb06p6_E10p9;F3NCS_0184_iid_support_cylinder_zb03p7_E17p7;F3NCS_0188_iid_support_cylinder_zb02p6_E41p7;F3NCS_0198_iid_support_cylinder_zb05p9_E17p9;F3NCS_0199_iid_support_ellipse_zb06p2_E37p7;F3NCS_0202_iid_support_cylinder_zb03p7_E57p3;F3NCS_0220_iid_support_two_foci_zb02p4_E32p0;F3NCS_0223_iid_support_two_foci_zb05p1_E52p3;F3NCS_0239_iid_support_ellipse_zb02p9_E06p8;F3NCS_0262_iid_support_ellipse_zb05p7_E60p2;F3NCS_0272_iid_support_ellipse_zb02p7_E33p6;F3NCS_0278_iid_support_ellipse_zb02p1_E44p7;F3NCS_0284_iid_support_ellipse_zb03p7_E68p9;F3NCS_0288_iid_support_cylinder_zb03p9_E35p1;F3NCS_0296_iid_support_cylinder_zb06p2_E15p6;F3NCS_0300_iid_support_ellipse_zb07p6_E67p9;F3NCS_0306_iid_support_ellipse_zb04p6_E40p2;F3NCS_0315_iid_support_ellipse_zb08p0_E09p3;F3NCS_0316_iid_support_two_foci_zb02p8_E06p3,method2b_512_full_comsol_recalibrated_9model,fig3_true_ood,0,split_role/ood_split_family,iid_test,230,38,52,0.405331015586853,0.0165452230721712,0.0716581493616104,0.0412785448133945,0.1779415756464004,0.050908014178276,0.2339367866516113,0.058626614511013,0.273790955543518,0.4762668243186304,0.9065213233542972,0.3774460844018694,5.553711965367981,0.0942635928955974,0.0888564735651016,0.0793570578098297,,,,
vanilla_diffusion_calibrated90,0.4428971409797668,0.4568089979953222,6.805307003246371,0.0533449380085445,12.39109706878662,14.04783414933097,0.2541694736729473,52,F3NCS_0009_iid_support_ellipse_zb07p3_E22p5;F3NCS_0010_iid_support_cylinder_zb06p1_E14p0;F3NCS_0019_iid_support_two_foci_zb05p4_E27p2;F3NCS_0021_iid_support_ellipse_zb05p6_E31p9;F3NCS_0023_iid_support_cylinder_zb05p0_E06p6;F3NCS_0027_iid_support_ellipse_zb02p3_E78p6;F3NCS_0035_iid_support_ellipse_zb02p8_E30p8;F3NCS_0037_iid_support_ellipse_zb08p0_E07p6;F3NCS_0044_iid_support_ellipse_zb07p2_E08p4;F3NCS_0079_iid_support_cylinder_zb04p3_E13p0;F3NCS_0081_iid_support_ellipse_zb05p9_E06p8;F3NCS_0089_iid_support_cylinder_zb05p4_E08p5;F3NCS_0091_iid_support_two_foci_zb03p9_E39p0;F3NCS_0097_iid_support_cylinder_zb06p3_E18p9;F3NCS_0100_iid_support_cylinder_zb03p6_E34p7;F3NCS_0104_iid_support_ellipse_zb03p3_E52p9;F3NCS_0111_iid_support_ellipse_zb03p7_E19p4;F3NCS_0125_iid_support_cylinder_zb06p4_E14p2;F3NCS_0128_iid_support_two_foci_zb02p9_E23p9;F3NCS_0131_iid_support_ellipse_zb05p4_E74p1;F3NCS_0132_iid_support_cylinder_zb07p9_E08p3;F3NCS_0139_iid_support_two_foci_zb03p2_E25p1;F3NCS_0141_iid_support_cylinder_zb01p5_E37p1;F3NCS_0142_iid_support_two_foci_zb05p0_E19p6;F3NCS_0146_iid_support_two_foci_zb04p1_E20p6;F3NCS_0149_iid_support_cylinder_zb03p2_E32p2;F3NCS_0155_iid_support_ellipse_zb06p3_E24p5;F3NCS_0158_iid_support_cylinder_zb05p7_E11p3;F3NCS_0161_iid_support_ellipse_zb01p6_E25p7;F3NCS_0162_iid_support_ellipse_zb03p2_E17p6;F3NCS_0163_iid_support_two_foci_zb06p0_E08p1;F3NCS_0165_iid_support_ellipse_zb04p1_E25p8;F3NCS_0179_iid_support_two_foci_zb03p8_E90p2;F3NCS_0183_iid_support_cylinder_zb06p6_E10p9;F3NCS_0184_iid_support_cylinder_zb03p7_E17p7;F3NCS_0188_iid_support_cylinder_zb02p6_E41p7;F3NCS_0198_iid_support_cylinder_zb05p9_E17p9;F3NCS_0199_iid_support_ellipse_zb06p2_E37p7;F3NCS_0202_iid_support_cylinder_zb03p7_E57p3;F3NCS_0220_iid_support_two_foci_zb02p4_E32p0;F3NCS_0223_iid_support_two_foci_zb05p1_E52p3;F3NCS_0239_iid_support_ellipse_zb02p9_E06p8;F3NCS_0262_iid_support_ellipse_zb05p7_E60p2;F3NCS_0272_iid_support_ellipse_zb02p7_E33p6;F3NCS_0278_iid_support_ellipse_zb02p1_E44p7;F3NCS_0284_iid_support_ellipse_zb03p7_E68p9;F3NCS_0288_iid_support_cylinder_zb03p9_E35p1;F3NCS_0296_iid_support_cylinder_zb06p2_E15p6;F3NCS_0300_iid_support_ellipse_zb07p6_E67p9;F3NCS_0306_iid_support_ellipse_zb04p6_E40p2;F3NCS_0315_iid_support_ellipse_zb08p0_E09p3;F3NCS_0316_iid_support_two_foci_zb02p8_E06p3,method2b_512_full_comsol_recalibrated_9model,fig3_true_ood,0,split_role/ood_split_family,iid_test,230,38,52,0.2326208055019378,0.3928410410881042,0.6504186987876892,0.7596012949943542,1.615120530128479,0.898695707321167,2.123371362686157,0.9555476307868958,2.4851152896881104,0.4762667952152128,0.9065213254360796,0.2938114759136108,0.3758757816411404,0.0942635955449044,0.2830313146114349,0.7202993035316467,validation,0.9,9.076688766479492,
likelihood_guided_diffusion,0.4422736763954162,0.4560962470189815,6.818870026597712,0.0527055501006543,12.361303329467772,14.04810026636164,0.229206076098081,52,F3NCS_0009_iid_support_ellipse_zb07p3_E22p5;F3NCS_0010_iid_support_cylinder_zb06p1_E14p0;F3NCS_0019_iid_support_two_foci_zb05p4_E27p2;F3NCS_0021_iid_support_ellipse_zb05p6_E31p9;F3NCS_0023_iid_support_cylinder_zb05p0_E06p6;F3NCS_0027_iid_support_ellipse_zb02p3_E78p6;F3NCS_0035_iid_support_ellipse_zb02p8_E30p8;F3NCS_0037_iid_support_ellipse_zb08p0_E07p6;F3NCS_0044_iid_support_ellipse_zb07p2_E08p4;F3NCS_0079_iid_support_cylinder_zb04p3_E13p0;F3NCS_0081_iid_support_ellipse_zb05p9_E06p8;F3NCS_0089_iid_support_cylinder_zb05p4_E08p5;F3NCS_0091_iid_support_two_foci_zb03p9_E39p0;F3NCS_0097_iid_support_cylinder_zb06p3_E18p9;F3NCS_0100_iid_support_cylinder_zb03p6_E34p7;F3NCS_0104_iid_support_ellipse_zb03p3_E52p9;F3NCS_0111_iid_support_ellipse_zb03p7_E19p4;F3NCS_0125_iid_support_cylinder_zb06p4_E14p2;F3NCS_0128_iid_support_two_foci_zb02p9_E23p9;F3NCS_0131_iid_support_ellipse_zb05p4_E74p1;F3NCS_0132_iid_support_cylinder_zb07p9_E08p3;F3NCS_0139_iid_support_two_foci_zb03p2_E25p1;F3NCS_0141_iid_support_cylinder_zb01p5_E37p1;F3NCS_0142_iid_support_two_foci_zb05p0_E19p6;F3NCS_0146_iid_support_two_foci_zb04p1_E20p6;F3NCS_0149_iid_support_cylinder_zb03p2_E32p2;F3NCS_0155_iid_support_ellipse_zb06p3_E24p5;F3NCS_0158_iid_support_cylinder_zb05p7_E11p3;F3NCS_0161_iid_support_ellipse_zb01p6_E25p7;F3NCS_0162_iid_support_ellipse_zb03p2_E17p6;F3NCS_0163_iid_support_two_foci_zb06p0_E08p1;F3NCS_0165_iid_support_ellipse_zb04p1_E25p8;F3NCS_0179_iid_support_two_foci_zb03p8_E90p2;F3NCS_0183_iid_support_cylinder_zb06p6_E10p9;F3NCS_0184_iid_support_cylinder_zb03p7_E17p7;F3NCS_0188_iid_support_cylinder_zb02p6_E41p7;F3NCS_0198_iid_support_cylinder_zb05p9_E17p9;F3NCS_0199_iid_support_ellipse_zb06p2_E37p7;F3NCS_0202_iid_support_cylinder_zb03p7_E57p3;F3NCS_0220_iid_support_two_foci_zb02p4_E32p0;F3NCS_0223_iid_support_two_foci_zb05p1_E52p3;F3NCS_0239_iid_support_ellipse_zb02p9_E06p8;F3NCS_0262_iid_support_ellipse_zb05p7_E60p2;F3NCS_0272_iid_support_ellipse_zb02p7_E33p6;F3NCS_0278_iid_support_ellipse_zb02p1_E44p7;F3NCS_0284_iid_support_ellipse_zb03p7_E68p9;F3NCS_0288_iid_support_cylinder_zb03p9_E35p1;F3NCS_0296_iid_support_cylinder_zb06p2_E15p6;F3NCS_0300_iid_support_ellipse_zb07p6_E67p9;F3NCS_0306_iid_support_ellipse_zb04p6_E40p2;F3NCS_0315_iid_support_ellipse_zb08p0_E09p3;F3NCS_0316_iid_support_two_foci_zb02p8_E06p3,method2b_512_full_comsol_recalibrated_9model,fig3_true_ood,0,split_role/ood_split_family,iid_test,230,38,52,0.4048219621181488,0.0159395653754472,0.0716866105794906,0.040076620876789,0.1776219010353088,0.0515840984880924,0.2336723804473877,0.0590773373842239,0.2719528079032898,0.5000703199758119,0.9135071380400034,0.3772845223626861,5.572415073015836,0.0917917913877212,0.0891126468777656,0.0788002386689186,,,,
likelihood_guided_diffusion_calibrated90,0.4422736763954162,0.4560962470189815,6.818870026597712,0.0527056556624861,12.361303329467772,14.04810026636164,0.2292060806754447,52,F3NCS_0009_iid_support_ellipse_zb07p3_E22p5;F3NCS_0010_iid_support_cylinder_zb06p1_E14p0;F3NCS_0019_iid_support_two_foci_zb05p4_E27p2;F3NCS_0021_iid_support_ellipse_zb05p6_E31p9;F3NCS_0023_iid_support_cylinder_zb05p0_E06p6;F3NCS_0027_iid_support_ellipse_zb02p3_E78p6;F3NCS_0035_iid_support_ellipse_zb02p8_E30p8;F3NCS_0037_iid_support_ellipse_zb08p0_E07p6;F3NCS_0044_iid_support_ellipse_zb07p2_E08p4;F3NCS_0079_iid_support_cylinder_zb04p3_E13p0;F3NCS_0081_iid_support_ellipse_zb05p9_E06p8;F3NCS_0089_iid_support_cylinder_zb05p4_E08p5;F3NCS_0091_iid_support_two_foci_zb03p9_E39p0;F3NCS_0097_iid_support_cylinder_zb06p3_E18p9;F3NCS_0100_iid_support_cylinder_zb03p6_E34p7;F3NCS_0104_iid_support_ellipse_zb03p3_E52p9;F3NCS_0111_iid_support_ellipse_zb03p7_E19p4;F3NCS_0125_iid_support_cylinder_zb06p4_E14p2;F3NCS_0128_iid_support_two_foci_zb02p9_E23p9;F3NCS_0131_iid_support_ellipse_zb05p4_E74p1;F3NCS_0132_iid_support_cylinder_zb07p9_E08p3;F3NCS_0139_iid_support_two_foci_zb03p2_E25p1;F3NCS_0141_iid_support_cylinder_zb01p5_E37p1;F3NCS_0142_iid_support_two_foci_zb05p0_E19p6;F3NCS_0146_iid_support_two_foci_zb04p1_E20p6;F3NCS_0149_iid_support_cylinder_zb03p2_E32p2;F3NCS_0155_iid_support_ellipse_zb06p3_E24p5;F3NCS_0158_iid_support_cylinder_zb05p7_E11p3;F3NCS_0161_iid_support_ellipse_zb01p6_E25p7;F3NCS_0162_iid_support_ellipse_zb03p2_E17p6;F3NCS_0163_iid_support_two_foci_zb06p0_E08p1;F3NCS_0165_iid_support_ellipse_zb04p1_E25p8;F3NCS_0179_iid_support_two_foci_zb03p8_E90p2;F3NCS_0183_iid_support_cylinder_zb06p6_E10p9;F3NCS_0184_iid_support_cylinder_zb03p7_E17p7;F3NCS_0188_iid_support_cylinder_zb02p6_E41p7;F3NCS_0198_iid_support_cylinder_zb05p9_E17p9;F3NCS_0199_iid_support_ellipse_zb06p2_E37p7;F3NCS_0202_iid_support_cylinder_zb03p7_E57p3;F3NCS_0220_iid_support_two_foci_zb02p4_E32p0;F3NCS_0223_iid_support_two_foci_zb05p1_E52p3;F3NCS_0239_iid_support_ellipse_zb02p9_E06p8;F3NCS_0262_iid_support_ellipse_zb05p7_E60p2;F3NCS_0272_iid_support_ellipse_zb02p7_E33p6;F3NCS_0278_iid_support_ellipse_zb02p1_E44p7;F3NCS_0284_iid_support_ellipse_zb03p7_E68p9;F3NCS_0288_iid_support_cylinder_zb03p9_E35p1;F3NCS_0296_iid_support_cylinder_zb06p2_E15p6;F3NCS_0300_iid_support_ellipse_zb07p6_E67p9;F3NCS_0306_iid_support_ellipse_zb04p6_E40p2;F3NCS_0315_iid_support_ellipse_zb08p0_E09p3;F3NCS_0316_iid_support_two_foci_zb02p8_E06p3,method2b_512_full_comsol_recalibrated_9model,fig3_true_ood,0,split_role/ood_split_family,iid_test,230,38,52,0.2316613495349884,0.3942307829856872,0.653899073600769,0.7569532990455627,1.6202021837234497,0.8960289359092712,2.131474256515503,0.9557400941848756,2.48065447807312,0.5000703353503144,0.9135071392645812,0.2926070911485128,0.3763531885770453,0.0917917912596365,0.285563975572586,0.7187869548797607,validation,0.9,9.12163543701172,
prior_init_diffusion_unet,0.0757148191332817,0.1544032635472348,16.22687048860972,0.2418081707392747,2.8619420528411865,9.286173840563611,0.5479165313605956,52,F3NCS_0009_iid_support_ellipse_zb07p3_E22p5;F3NCS_0010_iid_support_cylinder_zb06p1_E14p0;F3NCS_0019_iid_support_two_foci_zb05p4_E27p2;F3NCS_0021_iid_support_ellipse_zb05p6_E31p9;F3NCS_0023_iid_support_cylinder_zb05p0_E06p6;F3NCS_0027_iid_support_ellipse_zb02p3_E78p6;F3NCS_0035_iid_support_ellipse_zb02p8_E30p8;F3NCS_0037_iid_support_ellipse_zb08p0_E07p6;F3NCS_0044_iid_support_ellipse_zb07p2_E08p4;F3NCS_0079_iid_support_cylinder_zb04p3_E13p0;F3NCS_0081_iid_support_ellipse_zb05p9_E06p8;F3NCS_0089_iid_support_cylinder_zb05p4_E08p5;F3NCS_0091_iid_support_two_foci_zb03p9_E39p0;F3NCS_0097_iid_support_cylinder_zb06p3_E18p9;F3NCS_0100_iid_support_cylinder_zb03p6_E34p7;F3NCS_0104_iid_support_ellipse_zb03p3_E52p9;F3NCS_0111_iid_support_ellipse_zb03p7_E19p4;F3NCS_0125_iid_support_cylinder_zb06p4_E14p2;F3NCS_0128_iid_support_two_foci_zb02p9_E23p9;F3NCS_0131_iid_support_ellipse_zb05p4_E74p1;F3NCS_0132_iid_support_cylinder_zb07p9_E08p3;F3NCS_0139_iid_support_two_foci_zb03p2_E25p1;F3NCS_0141_iid_support_cylinder_zb01p5_E37p1;F3NCS_0142_iid_support_two_foci_zb05p0_E19p6;F3NCS_0146_iid_support_two_foci_zb04p1_E20p6;F3NCS_0149_iid_support_cylinder_zb03p2_E32p2;F3NCS_0155_iid_support_ellipse_zb06p3_E24p5;F3NCS_0158_iid_support_cylinder_zb05p7_E11p3;F3NCS_0161_iid_support_ellipse_zb01p6_E25p7;F3NCS_0162_iid_support_ellipse_zb03p2_E17p6;F3NCS_0163_iid_support_two_foci_zb06p0_E08p1;F3NCS_0165_iid_support_ellipse_zb04p1_E25p8;F3NCS_0179_iid_support_two_foci_zb03p8_E90p2;F3NCS_0183_iid_support_cylinder_zb06p6_E10p9;F3NCS_0184_iid_support_cylinder_zb03p7_E17p7;F3NCS_0188_iid_support_cylinder_zb02p6_E41p7;F3NCS_0198_iid_support_cylinder_zb05p9_E17p9;F3NCS_0199_iid_support_ellipse_zb06p2_E37p7;F3NCS_0202_iid_support_cylinder_zb03p7_E57p3;F3NCS_0220_iid_support_two_foci_zb02p4_E32p0;F3NCS_0223_iid_support_two_foci_zb05p1_E52p3;F3NCS_0239_iid_support_ellipse_zb02p9_E06p8;F3NCS_0262_iid_support_ellipse_zb05p7_E60p2;F3NCS_0272_iid_support_ellipse_zb02p7_E33p6;F3NCS_0278_iid_support_ellipse_zb02p1_E44p7;F3NCS_0284_iid_support_ellipse_zb03p7_E68p9;F3NCS_0288_iid_support_cylinder_zb03p9_E35p1;F3NCS_0296_iid_support_cylinder_zb06p2_E15p6;F3NCS_0300_iid_support_ellipse_zb07p6_E67p9;F3NCS_0306_iid_support_ellipse_zb04p6_E40p2;F3NCS_0315_iid_support_ellipse_zb08p0_E09p3;F3NCS_0316_iid_support_two_foci_zb02p8_E06p3,method2b_512_full_comsol_recalibrated_9model,fig3_true_ood,0,split_role/ood_split_family,iid_test,230,38,52,0.0710141956806182,0.0044649564661085,0.0112017756327986,0.0081974910572171,0.0208688601851463,0.0123244067654013,0.026257349178195,0.0218083299696445,0.0302589852362871,0.6355409009723775,0.8518104372536578,0.1225406411942331,13.890242248978,0.013162957551584,0.1116092354059219,0.0084822261705994,,,,
prior_init_diffusion_unet_calibrated90,0.0757148191332817,0.1544032635472348,16.22687048860972,0.2418082499733338,2.8619418144226074,9.286173840563611,0.5479165293630727,52,F3NCS_0009_iid_support_ellipse_zb07p3_E22p5;F3NCS_0010_iid_support_cylinder_zb06p1_E14p0;F3NCS_0019_iid_support_two_foci_zb05p4_E27p2;F3NCS_0021_iid_support_ellipse_zb05p6_E31p9;F3NCS_0023_iid_support_cylinder_zb05p0_E06p6;F3NCS_0027_iid_support_ellipse_zb02p3_E78p6;F3NCS_0035_iid_support_ellipse_zb02p8_E30p8;F3NCS_0037_iid_support_ellipse_zb08p0_E07p6;F3NCS_0044_iid_support_ellipse_zb07p2_E08p4;F3NCS_0079_iid_support_cylinder_zb04p3_E13p0;F3NCS_0081_iid_support_ellipse_zb05p9_E06p8;F3NCS_0089_iid_support_cylinder_zb05p4_E08p5;F3NCS_0091_iid_support_two_foci_zb03p9_E39p0;F3NCS_0097_iid_support_cylinder_zb06p3_E18p9;F3NCS_0100_iid_support_cylinder_zb03p6_E34p7;F3NCS_0104_iid_support_ellipse_zb03p3_E52p9;F3NCS_0111_iid_support_ellipse_zb03p7_E19p4;F3NCS_0125_iid_support_cylinder_zb06p4_E14p2;F3NCS_0128_iid_support_two_foci_zb02p9_E23p9;F3NCS_0131_iid_support_ellipse_zb05p4_E74p1;F3NCS_0132_iid_support_cylinder_zb07p9_E08p3;F3NCS_0139_iid_support_two_foci_zb03p2_E25p1;F3NCS_0141_iid_support_cylinder_zb01p5_E37p1;F3NCS_0142_iid_support_two_foci_zb05p0_E19p6;F3NCS_0146_iid_support_two_foci_zb04p1_E20p6;F3NCS_0149_iid_support_cylinder_zb03p2_E32p2;F3NCS_0155_iid_support_ellipse_zb06p3_E24p5;F3NCS_0158_iid_support_cylinder_zb05p7_E11p3;F3NCS_0161_iid_support_ellipse_zb01p6_E25p7;F3NCS_0162_iid_support_ellipse_zb03p2_E17p6;F3NCS_0163_iid_support_two_foci_zb06p0_E08p1;F3NCS_0165_iid_support_ellipse_zb04p1_E25p8;F3NCS_0179_iid_support_two_foci_zb03p8_E90p2;F3NCS_0183_iid_support_cylinder_zb06p6_E10p9;F3NCS_0184_iid_support_cylinder_zb03p7_E17p7;F3NCS_0188_iid_support_cylinder_zb02p6_E41p7;F3NCS_0198_iid_support_cylinder_zb05p9_E17p9;F3NCS_0199_iid_support_ellipse_zb06p2_E37p7;F3NCS_0202_iid_support_cylinder_zb03p7_E57p3;F3NCS_0220_iid_support_two_foci_zb02p4_E32p0;F3NCS_0223_iid_support_two_foci_zb05p1_E52p3;F3NCS_0239_iid_support_ellipse_zb02p9_E06p8;F3NCS_0262_iid_support_ellipse_zb05p7_E60p2;F3NCS_0272_iid_support_ellipse_zb02p7_E33p6;F3NCS_0278_iid_support_ellipse_zb02p1_E44p7;F3NCS_0284_iid_support_ellipse_zb03p7_E68p9;F3NCS_0288_iid_support_cylinder_zb03p9_E35p1;F3NCS_0296_iid_support_cylinder_zb06p2_E15p6;F3NCS_0300_iid_support_ellipse_zb07p6_E67p9;F3NCS_0306_iid_support_ellipse_zb04p6_E40p2;F3NCS_0315_iid_support_ellipse_zb08p0_E09p3;F3NCS_0316_iid_support_two_foci_zb02p8_E06p3,method2b_512_full_comsol_recalibrated_9model,fig3_true_ood,0,split_role/ood_split_family,iid_test,230,38,52,0.0638052523136138,0.8304490447044373,0.15017731487751,0.8882540464401245,0.2797797322273254,0.9131657481193542,0.3520208597183227,0.927382230758667,0.4056690037250519,0.6355408966524521,0.8518104368862844,0.0281476864304706,0.228343265108379,0.0131629579231892,0.4301493763923645,0.1137175112962722,validation,0.9,13.406564712524414,
residual_likelihood_guided_diffusion,0.0757138431072235,0.1544089996391848,16.226547813200895,0.2416992461165556,2.862013339996338,9.286239978036724,0.5477244041153722,52,F3NCS_0009_iid_support_ellipse_zb07p3_E22p5;F3NCS_0010_iid_support_cylinder_zb06p1_E14p0;F3NCS_0019_iid_support_two_foci_zb05p4_E27p2;F3NCS_0021_iid_support_ellipse_zb05p6_E31p9;F3NCS_0023_iid_support_cylinder_zb05p0_E06p6;F3NCS_0027_iid_support_ellipse_zb02p3_E78p6;F3NCS_0035_iid_support_ellipse_zb02p8_E30p8;F3NCS_0037_iid_support_ellipse_zb08p0_E07p6;F3NCS_0044_iid_support_ellipse_zb07p2_E08p4;F3NCS_0079_iid_support_cylinder_zb04p3_E13p0;F3NCS_0081_iid_support_ellipse_zb05p9_E06p8;F3NCS_0089_iid_support_cylinder_zb05p4_E08p5;F3NCS_0091_iid_support_two_foci_zb03p9_E39p0;F3NCS_0097_iid_support_cylinder_zb06p3_E18p9;F3NCS_0100_iid_support_cylinder_zb03p6_E34p7;F3NCS_0104_iid_support_ellipse_zb03p3_E52p9;F3NCS_0111_iid_support_ellipse_zb03p7_E19p4;F3NCS_0125_iid_support_cylinder_zb06p4_E14p2;F3NCS_0128_iid_support_two_foci_zb02p9_E23p9;F3NCS_0131_iid_support_ellipse_zb05p4_E74p1;F3NCS_0132_iid_support_cylinder_zb07p9_E08p3;F3NCS_0139_iid_support_two_foci_zb03p2_E25p1;F3NCS_0141_iid_support_cylinder_zb01p5_E37p1;F3NCS_0142_iid_support_two_foci_zb05p0_E19p6;F3NCS_0146_iid_support_two_foci_zb04p1_E20p6;F3NCS_0149_iid_support_cylinder_zb03p2_E32p2;F3NCS_0155_iid_support_ellipse_zb06p3_E24p5;F3NCS_0158_iid_support_cylinder_zb05p7_E11p3;F3NCS_0161_iid_support_ellipse_zb01p6_E25p7;F3NCS_0162_iid_support_ellipse_zb03p2_E17p6;F3NCS_0163_iid_support_two_foci_zb06p0_E08p1;F3NCS_0165_iid_support_ellipse_zb04p1_E25p8;F3NCS_0179_iid_support_two_foci_zb03p8_E90p2;F3NCS_0183_iid_support_cylinder_zb06p6_E10p9;F3NCS_0184_iid_support_cylinder_zb03p7_E17p7;F3NCS_0188_iid_support_cylinder_zb02p6_E41p7;F3NCS_0198_iid_support_cylinder_zb05p9_E17p9;F3NCS_0199_iid_support_ellipse_zb06p2_E37p7;F3NCS_0202_iid_support_cylinder_zb03p7_E57p3;F3NCS_0220_iid_support_two_foci_zb02p4_E32p0;F3NCS_0223_iid_support_two_foci_zb05p1_E52p3;F3NCS_0239_iid_support_ellipse_zb02p9_E06p8;F3NCS_0262_iid_support_ellipse_zb05p7_E60p2;F3NCS_0272_iid_support_ellipse_zb02p7_E33p6;F3NCS_0278_iid_support_ellipse_zb02p1_E44p7;F3NCS_0284_iid_support_ellipse_zb03p7_E68p9;F3NCS_0288_iid_support_cylinder_zb03p9_E35p1;F3NCS_0296_iid_support_cylinder_zb06p2_E15p6;F3NCS_0300_iid_support_ellipse_zb07p6_E67p9;F3NCS_0306_iid_support_ellipse_zb04p6_E40p2;F3NCS_0315_iid_support_ellipse_zb08p0_E09p3;F3NCS_0316_iid_support_two_foci_zb02p8_E06p3,method2b_512_full_comsol_recalibrated_9model,fig3_true_ood,0,split_role/ood_split_family,iid_test,230,38,52,0.071020022034645,0.0043381908908486,0.0111756809055805,0.0083759017288684,0.020835842937231,0.0120145361870527,0.0262220818549394,0.0215078499168157,0.0302228331565856,0.6348312898188124,0.8509875556925777,0.1229973551893213,14.03123717028992,0.0135923268014265,0.1115443855524063,0.0084696570411324,,,,
residual_likelihood_guided_diffusion_calibrated90,0.0757138431072235,0.1544089996391848,16.226547813200895,0.2416992001235485,2.862013339996338,9.286239978036724,0.5477244091107732,52,F3NCS_0009_iid_support_ellipse_zb07p3_E22p5;F3NCS_0010_iid_support_cylinder_zb06p1_E14p0;F3NCS_0019_iid_support_two_foci_zb05p4_E27p2;F3NCS_0021_iid_support_ellipse_zb05p6_E31p9;F3NCS_0023_iid_support_cylinder_zb05p0_E06p6;F3NCS_0027_iid_support_ellipse_zb02p3_E78p6;F3NCS_0035_iid_support_ellipse_zb02p8_E30p8;F3NCS_0037_iid_support_ellipse_zb08p0_E07p6;F3NCS_0044_iid_support_ellipse_zb07p2_E08p4;F3NCS_0079_iid_support_cylinder_zb04p3_E13p0;F3NCS_0081_iid_support_ellipse_zb05p9_E06p8;F3NCS_0089_iid_support_cylinder_zb05p4_E08p5;F3NCS_0091_iid_support_two_foci_zb03p9_E39p0;F3NCS_0097_iid_support_cylinder_zb06p3_E18p9;F3NCS_0100_iid_support_cylinder_zb03p6_E34p7;F3NCS_0104_iid_support_ellipse_zb03p3_E52p9;F3NCS_0111_iid_support_ellipse_zb03p7_E19p4;F3NCS_0125_iid_support_cylinder_zb06p4_E14p2;F3NCS_0128_iid_support_two_foci_zb02p9_E23p9;F3NCS_0131_iid_support_ellipse_zb05p4_E74p1;F3NCS_0132_iid_support_cylinder_zb07p9_E08p3;F3NCS_0139_iid_support_two_foci_zb03p2_E25p1;F3NCS_0141_iid_support_cylinder_zb01p5_E37p1;F3NCS_0142_iid_support_two_foci_zb05p0_E19p6;F3NCS_0146_iid_support_two_foci_zb04p1_E20p6;F3NCS_0149_iid_support_cylinder_zb03p2_E32p2;F3NCS_0155_iid_support_ellipse_zb06p3_E24p5;F3NCS_0158_iid_support_cylinder_zb05p7_E11p3;F3NCS_0161_iid_support_ellipse_zb01p6_E25p7;F3NCS_0162_iid_support_ellipse_zb03p2_E17p6;F3NCS_0163_iid_support_two_foci_zb06p0_E08p1;F3NCS_0165_iid_support_ellipse_zb04p1_E25p8;F3NCS_0179_iid_support_two_foci_zb03p8_E90p2;F3NCS_0183_iid_support_cylinder_zb06p6_E10p9;F3NCS_0184_iid_support_cylinder_zb03p7_E17p7;F3NCS_0188_iid_support_cylinder_zb02p6_E41p7;F3NCS_0198_iid_support_cylinder_zb05p9_E17p9;F3NCS_0199_iid_support_ellipse_zb06p2_E37p7;F3NCS_0202_iid_support_cylinder_zb03p7_E57p3;F3NCS_0220_iid_support_two_foci_zb02p4_E32p0;F3NCS_0223_iid_support_two_foci_zb05p1_E52p3;F3NCS_0239_iid_support_ellipse_zb02p9_E06p8;F3NCS_0262_iid_support_ellipse_zb05p7_E60p2;F3NCS_0272_iid_support_ellipse_zb02p7_E33p6;F3NCS_0278_iid_support_ellipse_zb02p1_E44p7;F3NCS_0284_iid_support_ellipse_zb03p7_E68p9;F3NCS_0288_iid_support_cylinder_zb03p9_E35p1;F3NCS_0296_iid_support_cylinder_zb06p2_E15p6;F3NCS_0300_iid_support_ellipse_zb07p6_E67p9;F3NCS_0306_iid_support_ellipse_zb04p6_E40p2;F3NCS_0315_iid_support_ellipse_zb08p0_E09p3;F3NCS_0316_iid_support_two_foci_zb02p8_E06p3,method2b_512_full_comsol_recalibrated_9model,fig3_true_ood,0,split_role/ood_split_family,iid_test,230,38,52,0.0638194903731346,0.8304678201675415,0.1502935737371444,0.8883244395256042,0.280206024646759,0.9138888120651244,0.352641612291336,0.9292086362838744,0.4064448475837707,0.634831293058657,0.8509875572845289,0.0286415889362168,0.2366546800752018,0.0135923268043428,0.43037810921669,0.1139022409915924,validation,0.9,13.448269844055176,
explicit_residual_target_diffusion,0.0829149186611175,0.156618405190704,16.103144053342675,0.2641043324883168,2.9605367183685303,9.350691140481944,0.538591875370316,52,F3NCS_0009_iid_support_ellipse_zb07p3_E22p5;F3NCS_0010_iid_support_cylinder_zb06p1_E14p0;F3NCS_0019_iid_support_two_foci_zb05p4_E27p2;F3NCS_0021_iid_support_ellipse_zb05p6_E31p9;F3NCS_0023_iid_support_cylinder_zb05p0_E06p6;F3NCS_0027_iid_support_ellipse_zb02p3_E78p6;F3NCS_0035_iid_support_ellipse_zb02p8_E30p8;F3NCS_0037_iid_support_ellipse_zb08p0_E07p6;F3NCS_0044_iid_support_ellipse_zb07p2_E08p4;F3NCS_0079_iid_support_cylinder_zb04p3_E13p0;F3NCS_0081_iid_support_ellipse_zb05p9_E06p8;F3NCS_0089_iid_support_cylinder_zb05p4_E08p5;F3NCS_0091_iid_support_two_foci_zb03p9_E39p0;F3NCS_0097_iid_support_cylinder_zb06p3_E18p9;F3NCS_0100_iid_support_cylinder_zb03p6_E34p7;F3NCS_0104_iid_support_ellipse_zb03p3_E52p9;F3NCS_0111_iid_support_ellipse_zb03p7_E19p4;F3NCS_0125_iid_support_cylinder_zb06p4_E14p2;F3NCS_0128_iid_support_two_foci_zb02p9_E23p9;F3NCS_0131_iid_support_ellipse_zb05p4_E74p1;F3NCS_0132_iid_support_cylinder_zb07p9_E08p3;F3NCS_0139_iid_support_two_foci_zb03p2_E25p1;F3NCS_0141_iid_support_cylinder_zb01p5_E37p1;F3NCS_0142_iid_support_two_foci_zb05p0_E19p6;F3NCS_0146_iid_support_two_foci_zb04p1_E20p6;F3NCS_0149_iid_support_cylinder_zb03p2_E32p2;F3NCS_0155_iid_support_ellipse_zb06p3_E24p5;F3NCS_0158_iid_support_cylinder_zb05p7_E11p3;F3NCS_0161_iid_support_ellipse_zb01p6_E25p7;F3NCS_0162_iid_support_ellipse_zb03p2_E17p6;F3NCS_0163_iid_support_two_foci_zb06p0_E08p1;F3NCS_0165_iid_support_ellipse_zb04p1_E25p8;F3NCS_0179_iid_support_two_foci_zb03p8_E90p2;F3NCS_0183_iid_support_cylinder_zb06p6_E10p9;F3NCS_0184_iid_support_cylinder_zb03p7_E17p7;F3NCS_0188_iid_support_cylinder_zb02p6_E41p7;F3NCS_0198_iid_support_cylinder_zb05p9_E17p9;F3NCS_0199_iid_support_ellipse_zb06p2_E37p7;F3NCS_0202_iid_support_cylinder_zb03p7_E57p3;F3NCS_0220_iid_support_two_foci_zb02p4_E32p0;F3NCS_0223_iid_support_two_foci_zb05p1_E52p3;F3NCS_0239_iid_support_ellipse_zb02p9_E06p8;F3NCS_0262_iid_support_ellipse_zb05p7_E60p2;F3NCS_0272_iid_support_ellipse_zb02p7_E33p6;F3NCS_0278_iid_support_ellipse_zb02p1_E44p7;F3NCS_0284_iid_support_ellipse_zb03p7_E68p9;F3NCS_0288_iid_support_cylinder_zb03p9_E35p1;F3NCS_0296_iid_support_cylinder_zb06p2_E15p6;F3NCS_0300_iid_support_ellipse_zb07p6_E67p9;F3NCS_0306_iid_support_ellipse_zb04p6_E40p2;F3NCS_0315_iid_support_ellipse_zb08p0_E09p3;F3NCS_0316_iid_support_two_foci_zb02p8_E06p3,method2b_512_full_comsol_recalibrated_9model,fig3_true_ood,0,split_role/ood_split_family,iid_test,230,38,52,0.0549332424998283,0.726698637008667,0.0490507446229457,0.819443941116333,0.1251124441623687,0.8636897206306458,0.1910248398780822,0.8902165293693542,0.2497697919607162,0.8111918321653859,0.7725915734444505,0.0728416605813871,2.015221797084048,0.0197238067795487,0.498698890209198,0.0743667408823967,,,,0.7357025146484375
explicit_residual_target_diffusion_calibrated90,0.0829149186611175,0.156618405190704,16.103144053342675,0.2641043273302225,2.9605369567871094,9.350691140481944,0.5385918772045175,52,F3NCS_0009_iid_support_ellipse_zb07p3_E22p5;F3NCS_0010_iid_support_cylinder_zb06p1_E14p0;F3NCS_0019_iid_support_two_foci_zb05p4_E27p2;F3NCS_0021_iid_support_ellipse_zb05p6_E31p9;F3NCS_0023_iid_support_cylinder_zb05p0_E06p6;F3NCS_0027_iid_support_ellipse_zb02p3_E78p6;F3NCS_0035_iid_support_ellipse_zb02p8_E30p8;F3NCS_0037_iid_support_ellipse_zb08p0_E07p6;F3NCS_0044_iid_support_ellipse_zb07p2_E08p4;F3NCS_0079_iid_support_cylinder_zb04p3_E13p0;F3NCS_0081_iid_support_ellipse_zb05p9_E06p8;F3NCS_0089_iid_support_cylinder_zb05p4_E08p5;F3NCS_0091_iid_support_two_foci_zb03p9_E39p0;F3NCS_0097_iid_support_cylinder_zb06p3_E18p9;F3NCS_0100_iid_support_cylinder_zb03p6_E34p7;F3NCS_0104_iid_support_ellipse_zb03p3_E52p9;F3NCS_0111_iid_support_ellipse_zb03p7_E19p4;F3NCS_0125_iid_support_cylinder_zb06p4_E14p2;F3NCS_0128_iid_support_two_foci_zb02p9_E23p9;F3NCS_0131_iid_support_ellipse_zb05p4_E74p1;F3NCS_0132_iid_support_cylinder_zb07p9_E08p3;F3NCS_0139_iid_support_two_foci_zb03p2_E25p1;F3NCS_0141_iid_support_cylinder_zb01p5_E37p1;F3NCS_0142_iid_support_two_foci_zb05p0_E19p6;F3NCS_0146_iid_support_two_foci_zb04p1_E20p6;F3NCS_0149_iid_support_cylinder_zb03p2_E32p2;F3NCS_0155_iid_support_ellipse_zb06p3_E24p5;F3NCS_0158_iid_support_cylinder_zb05p7_E11p3;F3NCS_0161_iid_support_ellipse_zb01p6_E25p7;F3NCS_0162_iid_support_ellipse_zb03p2_E17p6;F3NCS_0163_iid_support_two_foci_zb06p0_E08p1;F3NCS_0165_iid_support_ellipse_zb04p1_E25p8;F3NCS_0179_iid_support_two_foci_zb03p8_E90p2;F3NCS_0183_iid_support_cylinder_zb06p6_E10p9;F3NCS_0184_iid_support_cylinder_zb03p7_E17p7;F3NCS_0188_iid_support_cylinder_zb02p6_E41p7;F3NCS_0198_iid_support_cylinder_zb05p9_E17p9;F3NCS_0199_iid_support_ellipse_zb06p2_E37p7;F3NCS_0202_iid_support_cylinder_zb03p7_E57p3;F3NCS_0220_iid_support_two_foci_zb02p4_E32p0;F3NCS_0223_iid_support_two_foci_zb05p1_E52p3;F3NCS_0239_iid_support_ellipse_zb02p9_E06p8;F3NCS_0262_iid_support_ellipse_zb05p7_E60p2;F3NCS_0272_iid_support_ellipse_zb02p7_E33p6;F3NCS_0278_iid_support_ellipse_zb02p1_E44p7;F3NCS_0284_iid_support_ellipse_zb03p7_E68p9;F3NCS_0288_iid_support_cylinder_zb03p9_E35p1;F3NCS_0296_iid_support_cylinder_zb06p2_E15p6;F3NCS_0300_iid_support_ellipse_zb07p6_E67p9;F3NCS_0306_iid_support_ellipse_zb04p6_E40p2;F3NCS_0315_iid_support_ellipse_zb08p0_E09p3;F3NCS_0316_iid_support_two_foci_zb02p8_E06p3,method2b_512_full_comsol_recalibrated_9model,fig3_true_ood,0,split_role/ood_split_family,iid_test,230,38,52,0.0558748580515384,0.7014207243919373,0.0743964239954948,0.8772395253181458,0.1897609978914261,0.91851806640625,0.28973188996315,0.9390587210655212,0.3788317143917084,0.8111918334801367,0.7725915741791973,0.0345404132437848,0.988724874188365,0.0197238067665952,0.5660874247550964,0.1127938032150268,validation,0.9,1.5167236328125,0.7357025146484375
explicit_residual_likelihood_guided_diffusion,0.0826150029897689,0.1565062210252685,16.109367896759778,0.2691000129740972,2.9529032707214355,9.333977631628136,0.5404704742682108,52,F3NCS_0009_iid_support_ellipse_zb07p3_E22p5;F3NCS_0010_iid_support_cylinder_zb06p1_E14p0;F3NCS_0019_iid_support_two_foci_zb05p4_E27p2;F3NCS_0021_iid_support_ellipse_zb05p6_E31p9;F3NCS_0023_iid_support_cylinder_zb05p0_E06p6;F3NCS_0027_iid_support_ellipse_zb02p3_E78p6;F3NCS_0035_iid_support_ellipse_zb02p8_E30p8;F3NCS_0037_iid_support_ellipse_zb08p0_E07p6;F3NCS_0044_iid_support_ellipse_zb07p2_E08p4;F3NCS_0079_iid_support_cylinder_zb04p3_E13p0;F3NCS_0081_iid_support_ellipse_zb05p9_E06p8;F3NCS_0089_iid_support_cylinder_zb05p4_E08p5;F3NCS_0091_iid_support_two_foci_zb03p9_E39p0;F3NCS_0097_iid_support_cylinder_zb06p3_E18p9;F3NCS_0100_iid_support_cylinder_zb03p6_E34p7;F3NCS_0104_iid_support_ellipse_zb03p3_E52p9;F3NCS_0111_iid_support_ellipse_zb03p7_E19p4;F3NCS_0125_iid_support_cylinder_zb06p4_E14p2;F3NCS_0128_iid_support_two_foci_zb02p9_E23p9;F3NCS_0131_iid_support_ellipse_zb05p4_E74p1;F3NCS_0132_iid_support_cylinder_zb07p9_E08p3;F3NCS_0139_iid_support_two_foci_zb03p2_E25p1;F3NCS_0141_iid_support_cylinder_zb01p5_E37p1;F3NCS_0142_iid_support_two_foci_zb05p0_E19p6;F3NCS_0146_iid_support_two_foci_zb04p1_E20p6;F3NCS_0149_iid_support_cylinder_zb03p2_E32p2;F3NCS_0155_iid_support_ellipse_zb06p3_E24p5;F3NCS_0158_iid_support_cylinder_zb05p7_E11p3;F3NCS_0161_iid_support_ellipse_zb01p6_E25p7;F3NCS_0162_iid_support_ellipse_zb03p2_E17p6;F3NCS_0163_iid_support_two_foci_zb06p0_E08p1;F3NCS_0165_iid_support_ellipse_zb04p1_E25p8;F3NCS_0179_iid_support_two_foci_zb03p8_E90p2;F3NCS_0183_iid_support_cylinder_zb06p6_E10p9;F3NCS_0184_iid_support_cylinder_zb03p7_E17p7;F3NCS_0188_iid_support_cylinder_zb02p6_E41p7;F3NCS_0198_iid_support_cylinder_zb05p9_E17p9;F3NCS_0199_iid_support_ellipse_zb06p2_E37p7;F3NCS_0202_iid_support_cylinder_zb03p7_E57p3;F3NCS_0220_iid_support_two_foci_zb02p4_E32p0;F3NCS_0223_iid_support_two_foci_zb05p1_E52p3;F3NCS_0239_iid_support_ellipse_zb02p9_E06p8;F3NCS_0262_iid_support_ellipse_zb05p7_E60p2;F3NCS_0272_iid_support_ellipse_zb02p7_E33p6;F3NCS_0278_iid_support_ellipse_zb02p1_E44p7;F3NCS_0284_iid_support_ellipse_zb03p7_E68p9;F3NCS_0288_iid_support_cylinder_zb03p9_E35p1;F3NCS_0296_iid_support_cylinder_zb06p2_E15p6;F3NCS_0300_iid_support_ellipse_zb07p6_E67p9;F3NCS_0306_iid_support_ellipse_zb04p6_E40p2;F3NCS_0315_iid_support_ellipse_zb08p0_E09p3;F3NCS_0316_iid_support_two_foci_zb02p8_E06p3,method2b_512_full_comsol_recalibrated_9model,fig3_true_ood,0,split_role/ood_split_family,iid_test,230,38,52,0.0547182150185108,0.7298255562782288,0.0486636199057102,0.8154202699661255,0.1240554526448249,0.859910249710083,0.1905103027820587,0.88812255859375,0.248814657330513,0.8106406314421181,0.777231373656038,0.0720871935776046,2.0101712992533103,0.0190874403763989,0.5070492625236511,0.0742115899920463,,,,0.7357025146484375
explicit_residual_likelihood_guided_diffusion_calibrated90,0.0826150029897689,0.1565062210252685,16.109367896759778,0.2691000585372631,2.9529032707214355,9.333977631628136,0.5404704756491778,52,F3NCS_0009_iid_support_ellipse_zb07p3_E22p5;F3NCS_0010_iid_support_cylinder_zb06p1_E14p0;F3NCS_0019_iid_support_two_foci_zb05p4_E27p2;F3NCS_0021_iid_support_ellipse_zb05p6_E31p9;F3NCS_0023_iid_support_cylinder_zb05p0_E06p6;F3NCS_0027_iid_support_ellipse_zb02p3_E78p6;F3NCS_0035_iid_support_ellipse_zb02p8_E30p8;F3NCS_0037_iid_support_ellipse_zb08p0_E07p6;F3NCS_0044_iid_support_ellipse_zb07p2_E08p4;F3NCS_0079_iid_support_cylinder_zb04p3_E13p0;F3NCS_0081_iid_support_ellipse_zb05p9_E06p8;F3NCS_0089_iid_support_cylinder_zb05p4_E08p5;F3NCS_0091_iid_support_two_foci_zb03p9_E39p0;F3NCS_0097_iid_support_cylinder_zb06p3_E18p9;F3NCS_0100_iid_support_cylinder_zb03p6_E34p7;F3NCS_0104_iid_support_ellipse_zb03p3_E52p9;F3NCS_0111_iid_support_ellipse_zb03p7_E19p4;F3NCS_0125_iid_support_cylinder_zb06p4_E14p2;F3NCS_0128_iid_support_two_foci_zb02p9_E23p9;F3NCS_0131_iid_support_ellipse_zb05p4_E74p1;F3NCS_0132_iid_support_cylinder_zb07p9_E08p3;F3NCS_0139_iid_support_two_foci_zb03p2_E25p1;F3NCS_0141_iid_support_cylinder_zb01p5_E37p1;F3NCS_0142_iid_support_two_foci_zb05p0_E19p6;F3NCS_0146_iid_support_two_foci_zb04p1_E20p6;F3NCS_0149_iid_support_cylinder_zb03p2_E32p2;F3NCS_0155_iid_support_ellipse_zb06p3_E24p5;F3NCS_0158_iid_support_cylinder_zb05p7_E11p3;F3NCS_0161_iid_support_ellipse_zb01p6_E25p7;F3NCS_0162_iid_support_ellipse_zb03p2_E17p6;F3NCS_0163_iid_support_two_foci_zb06p0_E08p1;F3NCS_0165_iid_support_ellipse_zb04p1_E25p8;F3NCS_0179_iid_support_two_foci_zb03p8_E90p2;F3NCS_0183_iid_support_cylinder_zb06p6_E10p9;F3NCS_0184_iid_support_cylinder_zb03p7_E17p7;F3NCS_0188_iid_support_cylinder_zb02p6_E41p7;F3NCS_0198_iid_support_cylinder_zb05p9_E17p9;F3NCS_0199_iid_support_ellipse_zb06p2_E37p7;F3NCS_0202_iid_support_cylinder_zb03p7_E57p3;F3NCS_0220_iid_support_two_foci_zb02p4_E32p0;F3NCS_0223_iid_support_two_foci_zb05p1_E52p3;F3NCS_0239_iid_support_ellipse_zb02p9_E06p8;F3NCS_0262_iid_support_ellipse_zb05p7_E60p2;F3NCS_0272_iid_support_ellipse_zb02p7_E33p6;F3NCS_0278_iid_support_ellipse_zb02p1_E44p7;F3NCS_0284_iid_support_ellipse_zb03p7_E68p9;F3NCS_0288_iid_support_cylinder_zb03p9_E35p1;F3NCS_0296_iid_support_cylinder_zb06p2_E15p6;F3NCS_0300_iid_support_ellipse_zb07p6_E67p9;F3NCS_0306_iid_support_ellipse_zb04p6_E40p2;F3NCS_0315_iid_support_ellipse_zb08p0_E09p3;F3NCS_0316_iid_support_two_foci_zb02p8_E06p3,method2b_512_full_comsol_recalibrated_9model,fig3_true_ood,0,split_role/ood_split_family,iid_test,230,38,52,0.0552326962351799,0.6913499236106873,0.0692864134907722,0.8674222230911255,0.1766280084848404,0.9101139903068542,0.2712452709674835,0.932373046875,0.3542580008506775,0.8106406335829662,0.7772313723090023,0.0406376127922617,1.114207131299675,0.0190874644573212,0.5646060109138489,0.1056611686944961,validation,0.9,1.4237825870513916,0.7357025146484375
train_mean_prior,0.1438805907964706,0.2227556441798263,13.043425660066552,0.0330969039350748,4.35940408706665,13.246117364878684,,64,F3NCS_0384_ood_unseen_depth_range_two_foci_zb11p3_E39p2;F3NCS_0385_ood_unseen_depth_range_cylinder_zb11p5_E77p5;F3NCS_0386_ood_unseen_depth_range_ellipse_zb09p6_E94p6;F3NCS_0387_ood_unseen_depth_range_ellipse_zb10p9_E15p1;F3NCS_0388_ood_unseen_depth_range_two_foci_zb12p8_E07p0;F3NCS_0389_ood_unseen_depth_range_two_foci_zb08p9_E35p1;F3NCS_0390_ood_unseen_depth_range_two_foci_zb08p6_E39p9;F3NCS_0391_ood_unseen_depth_range_ellipse_zb11p5_E49p0;F3NCS_0392_ood_unseen_depth_range_two_foci_zb09p8_E39p6;F3NCS_0393_ood_unseen_depth_range_two_foci_zb13p5_E10p5;F3NCS_0394_ood_unseen_depth_range_cylinder_zb13p1_E17p7;F3NCS_0395_ood_unseen_depth_range_ellipse_zb11p9_E19p2;F3NCS_0396_ood_unseen_depth_range_ellipse_zb12p8_E35p8;F3NCS_0397_ood_unseen_depth_range_ellipse_zb11p0_E90p4;F3NCS_0398_ood_unseen_depth_range_two_foci_zb09p3_E06p2;F3NCS_0399_ood_unseen_depth_range_two_foci_zb12p6_E13p2;F3NCS_0400_ood_unseen_depth_range_ellipse_zb13p7_E19p7;F3NCS_0401_ood_unseen_depth_range_ellipse_zb09p5_E63p3;F3NCS_0402_ood_unseen_depth_range_cylinder_zb09p7_E17p8;F3NCS_0403_ood_unseen_depth_range_cylinder_zb13p3_E13p7;F3NCS_0404_ood_unseen_depth_range_two_foci_zb08p6_E25p9;F3NCS_0405_ood_unseen_depth_range_cylinder_zb09p6_E16p6;F3NCS_0406_ood_unseen_depth_range_two_foci_zb12p7_E08p4;F3NCS_0407_ood_unseen_depth_range_two_foci_zb10p5_E11p3;F3NCS_0408_ood_unseen_depth_range_ellipse_zb12p1_E31p3;F3NCS_0409_ood_unseen_depth_range_two_foci_zb08p9_E07p6;F3NCS_0410_ood_unseen_depth_range_ellipse_zb13p0_E23p5;F3NCS_0411_ood_unseen_depth_range_two_foci_zb14p0_E48p4;F3NCS_0412_ood_unseen_depth_range_ellipse_zb12p8_E74p8;F3NCS_0413_ood_unseen_depth_range_ellipse_zb12p0_E10p1;F3NCS_0414_ood_unseen_depth_range_cylinder_zb10p0_E74p1;F3NCS_0415_ood_unseen_depth_range_two_foci_zb11p6_E74p6;F3NCS_0416_ood_unseen_depth_range_two_foci_zb10p5_E76p3;F3NCS_0417_ood_unseen_depth_range_two_foci_zb13p3_E17p8;F3NCS_0418_ood_unseen_depth_range_ellipse_zb13p8_E28p3;F3NCS_0419_ood_unseen_depth_range_ellipse_zb09p0_E16p3;F3NCS_0420_ood_unseen_depth_range_cylinder_zb13p3_E28p6;F3NCS_0421_ood_unseen_depth_range_cylinder_zb11p0_E23p8;F3NCS_0422_ood_unseen_depth_range_ellipse_zb11p4_E23p6;F3NCS_0423_ood_unseen_depth_range_ellipse_zb09p3_E11p4;F3NCS_0424_ood_unseen_depth_range_ellipse_zb11p1_E21p4;F3NCS_0425_ood_unseen_depth_range_two_foci_zb13p1_E09p6;F3NCS_0426_ood_unseen_depth_range_cylinder_zb10p6_E06p2;F3NCS_0427_ood_unseen_depth_range_ellipse_zb13p9_E58p6;F3NCS_0428_ood_unseen_depth_range_ellipse_zb10p2_E73p0;F3NCS_0429_ood_unseen_depth_range_two_foci_zb09p5_E07p0;F3NCS_0430_ood_unseen_depth_range_two_foci_zb11p3_E33p1;F3NCS_0431_ood_unseen_depth_range_cylinder_zb08p8_E06p7;F3NCS_0432_ood_unseen_depth_range_cylinder_zb09p3_E08p3;F3NCS_0433_ood_unseen_depth_range_cylinder_zb12p9_E86p3;F3NCS_0434_ood_unseen_depth_range_ellipse_zb13p9_E71p4;F3NCS_0435_ood_unseen_depth_range_cylinder_zb10p5_E25p4;F3NCS_0436_ood_unseen_depth_range_ellipse_zb11p9_E84p1;F3NCS_0437_ood_unseen_depth_range_ellipse_zb10p1_E14p8;F3NCS_0438_ood_unseen_depth_range_ellipse_zb10p1_E24p0;F3NCS_0439_ood_unseen_depth_range_ellipse_zb10p5_E33p5;F3NCS_0440_ood_unseen_depth_range_two_foci_zb12p0_E12p1;F3NCS_0441_ood_unseen_depth_range_ellipse_zb12p4_E06p2;F3NCS_0442_ood_unseen_depth_range_ellipse_zb11p7_E13p1;F3NCS_0443_ood_unseen_depth_range_ellipse_zb11p2_E14p1;F3NCS_0444_ood_unseen_depth_range_ellipse_zb10p4_E07p3;F3NCS_0445_ood_unseen_depth_range_two_foci_zb13p3_E51p9;F3NCS_0446_ood_unseen_depth_range_cylinder_zb12p2_E10p8;F3NCS_0447_ood_unseen_depth_range_two_foci_zb11p7_E11p2,method2b_512_full_comsol_recalibrated_9model,fig3_true_ood,1,split_role/ood_split_family,ood_unseen_depth_range,230,38,64,,,,,,,,,,,,,,,,,,,,
srcnn_bz_single_channel,0.118693396449089,0.2112102423025563,13.505700504239233,0.1635866446304135,4.084574222564697,12.963360137506305,0.3192358026449718,64,F3NCS_0384_ood_unseen_depth_range_two_foci_zb11p3_E39p2;F3NCS_0385_ood_unseen_depth_range_cylinder_zb11p5_E77p5;F3NCS_0386_ood_unseen_depth_range_ellipse_zb09p6_E94p6;F3NCS_0387_ood_unseen_depth_range_ellipse_zb10p9_E15p1;F3NCS_0388_ood_unseen_depth_range_two_foci_zb12p8_E07p0;F3NCS_0389_ood_unseen_depth_range_two_foci_zb08p9_E35p1;F3NCS_0390_ood_unseen_depth_range_two_foci_zb08p6_E39p9;F3NCS_0391_ood_unseen_depth_range_ellipse_zb11p5_E49p0;F3NCS_0392_ood_unseen_depth_range_two_foci_zb09p8_E39p6;F3NCS_0393_ood_unseen_depth_range_two_foci_zb13p5_E10p5;F3NCS_0394_ood_unseen_depth_range_cylinder_zb13p1_E17p7;F3NCS_0395_ood_unseen_depth_range_ellipse_zb11p9_E19p2;F3NCS_0396_ood_unseen_depth_range_ellipse_zb12p8_E35p8;F3NCS_0397_ood_unseen_depth_range_ellipse_zb11p0_E90p4;F3NCS_0398_ood_unseen_depth_range_two_foci_zb09p3_E06p2;F3NCS_0399_ood_unseen_depth_range_two_foci_zb12p6_E13p2;F3NCS_0400_ood_unseen_depth_range_ellipse_zb13p7_E19p7;F3NCS_0401_ood_unseen_depth_range_ellipse_zb09p5_E63p3;F3NCS_0402_ood_unseen_depth_range_cylinder_zb09p7_E17p8;F3NCS_0403_ood_unseen_depth_range_cylinder_zb13p3_E13p7;F3NCS_0404_ood_unseen_depth_range_two_foci_zb08p6_E25p9;F3NCS_0405_ood_unseen_depth_range_cylinder_zb09p6_E16p6;F3NCS_0406_ood_unseen_depth_range_two_foci_zb12p7_E08p4;F3NCS_0407_ood_unseen_depth_range_two_foci_zb10p5_E11p3;F3NCS_0408_ood_unseen_depth_range_ellipse_zb12p1_E31p3;F3NCS_0409_ood_unseen_depth_range_two_foci_zb08p9_E07p6;F3NCS_0410_ood_unseen_depth_range_ellipse_zb13p0_E23p5;F3NCS_0411_ood_unseen_depth_range_two_foci_zb14p0_E48p4;F3NCS_0412_ood_unseen_depth_range_ellipse_zb12p8_E74p8;F3NCS_0413_ood_unseen_depth_range_ellipse_zb12p0_E10p1;F3NCS_0414_ood_unseen_depth_range_cylinder_zb10p0_E74p1;F3NCS_0415_ood_unseen_depth_range_two_foci_zb11p6_E74p6;F3NCS_0416_ood_unseen_depth_range_two_foci_zb10p5_E76p3;F3NCS_0417_ood_unseen_depth_range_two_foci_zb13p3_E17p8;F3NCS_0418_ood_unseen_depth_range_ellipse_zb13p8_E28p3;F3NCS_0419_ood_unseen_depth_range_ellipse_zb09p0_E16p3;F3NCS_0420_ood_unseen_depth_range_cylinder_zb13p3_E28p6;F3NCS_0421_ood_unseen_depth_range_cylinder_zb11p0_E23p8;F3NCS_0422_ood_unseen_depth_range_ellipse_zb11p4_E23p6;F3NCS_0423_ood_unseen_depth_range_ellipse_zb09p3_E11p4;F3NCS_0424_ood_unseen_depth_range_ellipse_zb11p1_E21p4;F3NCS_0425_ood_unseen_depth_range_two_foci_zb13p1_E09p6;F3NCS_0426_ood_unseen_depth_range_cylinder_zb10p6_E06p2;F3NCS_0427_ood_unseen_depth_range_ellipse_zb13p9_E58p6;F3NCS_0428_ood_unseen_depth_range_ellipse_zb10p2_E73p0;F3NCS_0429_ood_unseen_depth_range_two_foci_zb09p5_E07p0;F3NCS_0430_ood_unseen_depth_range_two_foci_zb11p3_E33p1;F3NCS_0431_ood_unseen_depth_range_cylinder_zb08p8_E06p7;F3NCS_0432_ood_unseen_depth_range_cylinder_zb09p3_E08p3;F3NCS_0433_ood_unseen_depth_range_cylinder_zb12p9_E86p3;F3NCS_0434_ood_unseen_depth_range_ellipse_zb13p9_E71p4;F3NCS_0435_ood_unseen_depth_range_cylinder_zb10p5_E25p4;F3NCS_0436_ood_unseen_depth_range_ellipse_zb11p9_E84p1;F3NCS_0437_ood_unseen_depth_range_ellipse_zb10p1_E14p8;F3NCS_0438_ood_unseen_depth_range_ellipse_zb10p1_E24p0;F3NCS_0439_ood_unseen_depth_range_ellipse_zb10p5_E33p5;F3NCS_0440_ood_unseen_depth_range_two_foci_zb12p0_E12p1;F3NCS_0441_ood_unseen_depth_range_ellipse_zb12p4_E06p2;F3NCS_0442_ood_unseen_depth_range_ellipse_zb11p7_E13p1;F3NCS_0443_ood_unseen_depth_range_ellipse_zb11p2_E14p1;F3NCS_0444_ood_unseen_depth_range_ellipse_zb10p4_E07p3;F3NCS_0445_ood_unseen_depth_range_two_foci_zb13p3_E51p9;F3NCS_0446_ood_unseen_depth_range_cylinder_zb12p2_E10p8;F3NCS_0447_ood_unseen_depth_range_two_foci_zb11p7_E11p2,method2b_512_full_comsol_recalibrated_9model,fig3_true_ood,1,split_role/ood_split_family,ood_unseen_depth_range,230,38,64,0.118693396449089,0.0,0.0,0.0,0.0,0.0,0.0,0.0,0.0,,0.5,0.2091961400768765,,0.0818335900761906,0.143218994140625,0.0,,,,
unet_canonical_bxyz,0.0714666619896888,0.1551564693737496,16.18460222889306,0.441010080743581,3.064659357070923,10.7808285838155,0.55295092842692,64,F3NCS_0384_ood_unseen_depth_range_two_foci_zb11p3_E39p2;F3NCS_0385_ood_unseen_depth_range_cylinder_zb11p5_E77p5;F3NCS_0386_ood_unseen_depth_range_ellipse_zb09p6_E94p6;F3NCS_0387_ood_unseen_depth_range_ellipse_zb10p9_E15p1;F3NCS_0388_ood_unseen_depth_range_two_foci_zb12p8_E07p0;F3NCS_0389_ood_unseen_depth_range_two_foci_zb08p9_E35p1;F3NCS_0390_ood_unseen_depth_range_two_foci_zb08p6_E39p9;F3NCS_0391_ood_unseen_depth_range_ellipse_zb11p5_E49p0;F3NCS_0392_ood_unseen_depth_range_two_foci_zb09p8_E39p6;F3NCS_0393_ood_unseen_depth_range_two_foci_zb13p5_E10p5;F3NCS_0394_ood_unseen_depth_range_cylinder_zb13p1_E17p7;F3NCS_0395_ood_unseen_depth_range_ellipse_zb11p9_E19p2;F3NCS_0396_ood_unseen_depth_range_ellipse_zb12p8_E35p8;F3NCS_0397_ood_unseen_depth_range_ellipse_zb11p0_E90p4;F3NCS_0398_ood_unseen_depth_range_two_foci_zb09p3_E06p2;F3NCS_0399_ood_unseen_depth_range_two_foci_zb12p6_E13p2;F3NCS_0400_ood_unseen_depth_range_ellipse_zb13p7_E19p7;F3NCS_0401_ood_unseen_depth_range_ellipse_zb09p5_E63p3;F3NCS_0402_ood_unseen_depth_range_cylinder_zb09p7_E17p8;F3NCS_0403_ood_unseen_depth_range_cylinder_zb13p3_E13p7;F3NCS_0404_ood_unseen_depth_range_two_foci_zb08p6_E25p9;F3NCS_0405_ood_unseen_depth_range_cylinder_zb09p6_E16p6;F3NCS_0406_ood_unseen_depth_range_two_foci_zb12p7_E08p4;F3NCS_0407_ood_unseen_depth_range_two_foci_zb10p5_E11p3;F3NCS_0408_ood_unseen_depth_range_ellipse_zb12p1_E31p3;F3NCS_0409_ood_unseen_depth_range_two_foci_zb08p9_E07p6;F3NCS_0410_ood_unseen_depth_range_ellipse_zb13p0_E23p5;F3NCS_0411_ood_unseen_depth_range_two_foci_zb14p0_E48p4;F3NCS_0412_ood_unseen_depth_range_ellipse_zb12p8_E74p8;F3NCS_0413_ood_unseen_depth_range_ellipse_zb12p0_E10p1;F3NCS_0414_ood_unseen_depth_range_cylinder_zb10p0_E74p1;F3NCS_0415_ood_unseen_depth_range_two_foci_zb11p6_E74p6;F3NCS_0416_ood_unseen_depth_range_two_foci_zb10p5_E76p3;F3NCS_0417_ood_unseen_depth_range_two_foci_zb13p3_E17p8;F3NCS_0418_ood_unseen_depth_range_ellipse_zb13p8_E28p3;F3NCS_0419_ood_unseen_depth_range_ellipse_zb09p0_E16p3;F3NCS_0420_ood_unseen_depth_range_cylinder_zb13p3_E28p6;F3NCS_0421_ood_unseen_depth_range_cylinder_zb11p0_E23p8;F3NCS_0422_ood_unseen_depth_range_ellipse_zb11p4_E23p6;F3NCS_0423_ood_unseen_depth_range_ellipse_zb09p3_E11p4;F3NCS_0424_ood_unseen_depth_range_ellipse_zb11p1_E21p4;F3NCS_0425_ood_unseen_depth_range_two_foci_zb13p1_E09p6;F3NCS_0426_ood_unseen_depth_range_cylinder_zb10p6_E06p2;F3NCS_0427_ood_unseen_depth_range_ellipse_zb13p9_E58p6;F3NCS_0428_ood_unseen_depth_range_ellipse_zb10p2_E73p0;F3NCS_0429_ood_unseen_depth_range_two_foci_zb09p5_E07p0;F3NCS_0430_ood_unseen_depth_range_two_foci_zb11p3_E33p1;F3NCS_0431_ood_unseen_depth_range_cylinder_zb08p8_E06p7;F3NCS_0432_ood_unseen_depth_range_cylinder_zb09p3_E08p3;F3NCS_0433_ood_unseen_depth_range_cylinder_zb12p9_E86p3;F3NCS_0434_ood_unseen_depth_range_ellipse_zb13p9_E71p4;F3NCS_0435_ood_unseen_depth_range_cylinder_zb10p5_E25p4;F3NCS_0436_ood_unseen_depth_range_ellipse_zb11p9_E84p1;F3NCS_0437_ood_unseen_depth_range_ellipse_zb10p1_E14p8;F3NCS_0438_ood_unseen_depth_range_ellipse_zb10p1_E24p0;F3NCS_0439_ood_unseen_depth_range_ellipse_zb10p5_E33p5;F3NCS_0440_ood_unseen_depth_range_two_foci_zb12p0_E12p1;F3NCS_0441_ood_unseen_depth_range_ellipse_zb12p4_E06p2;F3NCS_0442_ood_unseen_depth_range_ellipse_zb11p7_E13p1;F3NCS_0443_ood_unseen_depth_range_ellipse_zb11p2_E14p1;F3NCS_0444_ood_unseen_depth_range_ellipse_zb10p4_E07p3;F3NCS_0445_ood_unseen_depth_range_two_foci_zb13p3_E51p9;F3NCS_0446_ood_unseen_depth_range_cylinder_zb12p2_E10p8;F3NCS_0447_ood_unseen_depth_range_two_foci_zb11p7_E11p2,method2b_512_full_comsol_recalibrated_9model,fig3_true_ood,1,split_role/ood_split_family,ood_unseen_depth_range,230,38,64,0.0714666694402694,0.0,0.0,0.0,0.0,0.0,0.0,0.0,0.0,,0.5,0.1534262246712994,,0.0553577665454165,0.1134910583496093,0.0,,,,
vanilla_diffusion,0.4709942936897278,0.4863414685973379,6.261173962320682,0.049326217646012,14.206974029541016,16.32799416813613,0.2212292144521333,64,F3NCS_0384_ood_unseen_depth_range_two_foci_zb11p3_E39p2;F3NCS_0385_ood_unseen_depth_range_cylinder_zb11p5_E77p5;F3NCS_0386_ood_unseen_depth_range_ellipse_zb09p6_E94p6;F3NCS_0387_ood_unseen_depth_range_ellipse_zb10p9_E15p1;F3NCS_0388_ood_unseen_depth_range_two_foci_zb12p8_E07p0;F3NCS_0389_ood_unseen_depth_range_two_foci_zb08p9_E35p1;F3NCS_0390_ood_unseen_depth_range_two_foci_zb08p6_E39p9;F3NCS_0391_ood_unseen_depth_range_ellipse_zb11p5_E49p0;F3NCS_0392_ood_unseen_depth_range_two_foci_zb09p8_E39p6;F3NCS_0393_ood_unseen_depth_range_two_foci_zb13p5_E10p5;F3NCS_0394_ood_unseen_depth_range_cylinder_zb13p1_E17p7;F3NCS_0395_ood_unseen_depth_range_ellipse_zb11p9_E19p2;F3NCS_0396_ood_unseen_depth_range_ellipse_zb12p8_E35p8;F3NCS_0397_ood_unseen_depth_range_ellipse_zb11p0_E90p4;F3NCS_0398_ood_unseen_depth_range_two_foci_zb09p3_E06p2;F3NCS_0399_ood_unseen_depth_range_two_foci_zb12p6_E13p2;F3NCS_0400_ood_unseen_depth_range_ellipse_zb13p7_E19p7;F3NCS_0401_ood_unseen_depth_range_ellipse_zb09p5_E63p3;F3NCS_0402_ood_unseen_depth_range_cylinder_zb09p7_E17p8;F3NCS_0403_ood_unseen_depth_range_cylinder_zb13p3_E13p7;F3NCS_0404_ood_unseen_depth_range_two_foci_zb08p6_E25p9;F3NCS_0405_ood_unseen_depth_range_cylinder_zb09p6_E16p6;F3NCS_0406_ood_unseen_depth_range_two_foci_zb12p7_E08p4;F3NCS_0407_ood_unseen_depth_range_two_foci_zb10p5_E11p3;F3NCS_0408_ood_unseen_depth_range_ellipse_zb12p1_E31p3;F3NCS_0409_ood_unseen_depth_range_two_foci_zb08p9_E07p6;F3NCS_0410_ood_unseen_depth_range_ellipse_zb13p0_E23p5;F3NCS_0411_ood_unseen_depth_range_two_foci_zb14p0_E48p4;F3NCS_0412_ood_unseen_depth_range_ellipse_zb12p8_E74p8;F3NCS_0413_ood_unseen_depth_range_ellipse_zb12p0_E10p1;F3NCS_0414_ood_unseen_depth_range_cylinder_zb10p0_E74p1;F3NCS_0415_ood_unseen_depth_range_two_foci_zb11p6_E74p6;F3NCS_0416_ood_unseen_depth_range_two_foci_zb10p5_E76p3;F3NCS_0417_ood_unseen_depth_range_two_foci_zb13p3_E17p8;F3NCS_0418_ood_unseen_depth_range_ellipse_zb13p8_E28p3;F3NCS_0419_ood_unseen_depth_range_ellipse_zb09p0_E16p3;F3NCS_0420_ood_unseen_depth_range_cylinder_zb13p3_E28p6;F3NCS_0421_ood_unseen_depth_range_cylinder_zb11p0_E23p8;F3NCS_0422_ood_unseen_depth_range_ellipse_zb11p4_E23p6;F3NCS_0423_ood_unseen_depth_range_ellipse_zb09p3_E11p4;F3NCS_0424_ood_unseen_depth_range_ellipse_zb11p1_E21p4;F3NCS_0425_ood_unseen_depth_range_two_foci_zb13p1_E09p6;F3NCS_0426_ood_unseen_depth_range_cylinder_zb10p6_E06p2;F3NCS_0427_ood_unseen_depth_range_ellipse_zb13p9_E58p6;F3NCS_0428_ood_unseen_depth_range_ellipse_zb10p2_E73p0;F3NCS_0429_ood_unseen_depth_range_two_foci_zb09p5_E07p0;F3NCS_0430_ood_unseen_depth_range_two_foci_zb11p3_E33p1;F3NCS_0431_ood_unseen_depth_range_cylinder_zb08p8_E06p7;F3NCS_0432_ood_unseen_depth_range_cylinder_zb09p3_E08p3;F3NCS_0433_ood_unseen_depth_range_cylinder_zb12p9_E86p3;F3NCS_0434_ood_unseen_depth_range_ellipse_zb13p9_E71p4;F3NCS_0435_ood_unseen_depth_range_cylinder_zb10p5_E25p4;F3NCS_0436_ood_unseen_depth_range_ellipse_zb11p9_E84p1;F3NCS_0437_ood_unseen_depth_range_ellipse_zb10p1_E14p8;F3NCS_0438_ood_unseen_depth_range_ellipse_zb10p1_E24p0;F3NCS_0439_ood_unseen_depth_range_ellipse_zb10p5_E33p5;F3NCS_0440_ood_unseen_depth_range_two_foci_zb12p0_E12p1;F3NCS_0441_ood_unseen_depth_range_ellipse_zb12p4_E06p2;F3NCS_0442_ood_unseen_depth_range_ellipse_zb11p7_E13p1;F3NCS_0443_ood_unseen_depth_range_ellipse_zb11p2_E14p1;F3NCS_0444_ood_unseen_depth_range_ellipse_zb10p4_E07p3;F3NCS_0445_ood_unseen_depth_range_two_foci_zb13p3_E51p9;F3NCS_0446_ood_unseen_depth_range_cylinder_zb12p2_E10p8;F3NCS_0447_ood_unseen_depth_range_two_foci_zb11p7_E11p2,method2b_512_full_comsol_recalibrated_9model,fig3_true_ood,1,split_role/ood_split_family,ood_unseen_depth_range,230,38,64,0.4309837222099304,0.0148811340332031,0.0702584832906723,0.0418052673339843,0.1864640861749649,0.0520172119140625,0.2538361251354217,0.0573997497558593,0.3016659319400787,0.5292086761778355,0.9294144953837968,0.3996032371577284,5.333764136277208,0.0977080375957418,0.0763251781463623,0.0867034345865249,,,,
vanilla_diffusion_calibrated90,0.4709942638874054,0.4863414685973379,6.261173962320682,0.049326290434692,14.206974029541016,16.32799416813613,0.2212292201785289,64,F3NCS_0384_ood_unseen_depth_range_two_foci_zb11p3_E39p2;F3NCS_0385_ood_unseen_depth_range_cylinder_zb11p5_E77p5;F3NCS_0386_ood_unseen_depth_range_ellipse_zb09p6_E94p6;F3NCS_0387_ood_unseen_depth_range_ellipse_zb10p9_E15p1;F3NCS_0388_ood_unseen_depth_range_two_foci_zb12p8_E07p0;F3NCS_0389_ood_unseen_depth_range_two_foci_zb08p9_E35p1;F3NCS_0390_ood_unseen_depth_range_two_foci_zb08p6_E39p9;F3NCS_0391_ood_unseen_depth_range_ellipse_zb11p5_E49p0;F3NCS_0392_ood_unseen_depth_range_two_foci_zb09p8_E39p6;F3NCS_0393_ood_unseen_depth_range_two_foci_zb13p5_E10p5;F3NCS_0394_ood_unseen_depth_range_cylinder_zb13p1_E17p7;F3NCS_0395_ood_unseen_depth_range_ellipse_zb11p9_E19p2;F3NCS_0396_ood_unseen_depth_range_ellipse_zb12p8_E35p8;F3NCS_0397_ood_unseen_depth_range_ellipse_zb11p0_E90p4;F3NCS_0398_ood_unseen_depth_range_two_foci_zb09p3_E06p2;F3NCS_0399_ood_unseen_depth_range_two_foci_zb12p6_E13p2;F3NCS_0400_ood_unseen_depth_range_ellipse_zb13p7_E19p7;F3NCS_0401_ood_unseen_depth_range_ellipse_zb09p5_E63p3;F3NCS_0402_ood_unseen_depth_range_cylinder_zb09p7_E17p8;F3NCS_0403_ood_unseen_depth_range_cylinder_zb13p3_E13p7;F3NCS_0404_ood_unseen_depth_range_two_foci_zb08p6_E25p9;F3NCS_0405_ood_unseen_depth_range_cylinder_zb09p6_E16p6;F3NCS_0406_ood_unseen_depth_range_two_foci_zb12p7_E08p4;F3NCS_0407_ood_unseen_depth_range_two_foci_zb10p5_E11p3;F3NCS_0408_ood_unseen_depth_range_ellipse_zb12p1_E31p3;F3NCS_0409_ood_unseen_depth_range_two_foci_zb08p9_E07p6;F3NCS_0410_ood_unseen_depth_range_ellipse_zb13p0_E23p5;F3NCS_0411_ood_unseen_depth_range_two_foci_zb14p0_E48p4;F3NCS_0412_ood_unseen_depth_range_ellipse_zb12p8_E74p8;F3NCS_0413_ood_unseen_depth_range_ellipse_zb12p0_E10p1;F3NCS_0414_ood_unseen_depth_range_cylinder_zb10p0_E74p1;F3NCS_0415_ood_unseen_depth_range_two_foci_zb11p6_E74p6;F3NCS_0416_ood_unseen_depth_range_two_foci_zb10p5_E76p3;F3NCS_0417_ood_unseen_depth_range_two_foci_zb13p3_E17p8;F3NCS_0418_ood_unseen_depth_range_ellipse_zb13p8_E28p3;F3NCS_0419_ood_unseen_depth_range_ellipse_zb09p0_E16p3;F3NCS_0420_ood_unseen_depth_range_cylinder_zb13p3_E28p6;F3NCS_0421_ood_unseen_depth_range_cylinder_zb11p0_E23p8;F3NCS_0422_ood_unseen_depth_range_ellipse_zb11p4_E23p6;F3NCS_0423_ood_unseen_depth_range_ellipse_zb09p3_E11p4;F3NCS_0424_ood_unseen_depth_range_ellipse_zb11p1_E21p4;F3NCS_0425_ood_unseen_depth_range_two_foci_zb13p1_E09p6;F3NCS_0426_ood_unseen_depth_range_cylinder_zb10p6_E06p2;F3NCS_0427_ood_unseen_depth_range_ellipse_zb13p9_E58p6;F3NCS_0428_ood_unseen_depth_range_ellipse_zb10p2_E73p0;F3NCS_0429_ood_unseen_depth_range_two_foci_zb09p5_E07p0;F3NCS_0430_ood_unseen_depth_range_two_foci_zb11p3_E33p1;F3NCS_0431_ood_unseen_depth_range_cylinder_zb08p8_E06p7;F3NCS_0432_ood_unseen_depth_range_cylinder_zb09p3_E08p3;F3NCS_0433_ood_unseen_depth_range_cylinder_zb12p9_E86p3;F3NCS_0434_ood_unseen_depth_range_ellipse_zb13p9_E71p4;F3NCS_0435_ood_unseen_depth_range_cylinder_zb10p5_E25p4;F3NCS_0436_ood_unseen_depth_range_ellipse_zb11p9_E84p1;F3NCS_0437_ood_unseen_depth_range_ellipse_zb10p1_E14p8;F3NCS_0438_ood_unseen_depth_range_ellipse_zb10p1_E24p0;F3NCS_0439_ood_unseen_depth_range_ellipse_zb10p5_E33p5;F3NCS_0440_ood_unseen_depth_range_two_foci_zb12p0_E12p1;F3NCS_0441_ood_unseen_depth_range_ellipse_zb12p4_E06p2;F3NCS_0442_ood_unseen_depth_range_ellipse_zb11p7_E13p1;F3NCS_0443_ood_unseen_depth_range_ellipse_zb11p2_E14p1;F3NCS_0444_ood_unseen_depth_range_ellipse_zb10p4_E07p3;F3NCS_0445_ood_unseen_depth_range_two_foci_zb13p3_E51p9;F3NCS_0446_ood_unseen_depth_range_cylinder_zb12p2_E10p8;F3NCS_0447_ood_unseen_depth_range_two_foci_zb11p7_E11p2,method2b_512_full_comsol_recalibrated_9model,fig3_true_ood,1,split_role/ood_split_family,ood_unseen_depth_range,230,38,64,0.2375634312629699,0.4098701477050781,0.6609883904457092,0.7562904357910156,1.7542448043823242,0.895111083984375,2.388077974319458,0.950641632080078,2.8380582332611084,0.5292086814800323,0.9294144938477924,0.3551447794342929,0.3998829964672607,0.0977080372340632,0.2920671701431274,0.8157017230987549,validation,0.9,9.407951354980469,
likelihood_guided_diffusion,0.4698576331138611,0.4850777173942958,6.283773494696346,0.0492429836012888,14.14031982421875,16.249914550556586,0.2253502388952271,64,F3NCS_0384_ood_unseen_depth_range_two_foci_zb11p3_E39p2;F3NCS_0385_ood_unseen_depth_range_cylinder_zb11p5_E77p5;F3NCS_0386_ood_unseen_depth_range_ellipse_zb09p6_E94p6;F3NCS_0387_ood_unseen_depth_range_ellipse_zb10p9_E15p1;F3NCS_0388_ood_unseen_depth_range_two_foci_zb12p8_E07p0;F3NCS_0389_ood_unseen_depth_range_two_foci_zb08p9_E35p1;F3NCS_0390_ood_unseen_depth_range_two_foci_zb08p6_E39p9;F3NCS_0391_ood_unseen_depth_range_ellipse_zb11p5_E49p0;F3NCS_0392_ood_unseen_depth_range_two_foci_zb09p8_E39p6;F3NCS_0393_ood_unseen_depth_range_two_foci_zb13p5_E10p5;F3NCS_0394_ood_unseen_depth_range_cylinder_zb13p1_E17p7;F3NCS_0395_ood_unseen_depth_range_ellipse_zb11p9_E19p2;F3NCS_0396_ood_unseen_depth_range_ellipse_zb12p8_E35p8;F3NCS_0397_ood_unseen_depth_range_ellipse_zb11p0_E90p4;F3NCS_0398_ood_unseen_depth_range_two_foci_zb09p3_E06p2;F3NCS_0399_ood_unseen_depth_range_two_foci_zb12p6_E13p2;F3NCS_0400_ood_unseen_depth_range_ellipse_zb13p7_E19p7;F3NCS_0401_ood_unseen_depth_range_ellipse_zb09p5_E63p3;F3NCS_0402_ood_unseen_depth_range_cylinder_zb09p7_E17p8;F3NCS_0403_ood_unseen_depth_range_cylinder_zb13p3_E13p7;F3NCS_0404_ood_unseen_depth_range_two_foci_zb08p6_E25p9;F3NCS_0405_ood_unseen_depth_range_cylinder_zb09p6_E16p6;F3NCS_0406_ood_unseen_depth_range_two_foci_zb12p7_E08p4;F3NCS_0407_ood_unseen_depth_range_two_foci_zb10p5_E11p3;F3NCS_0408_ood_unseen_depth_range_ellipse_zb12p1_E31p3;F3NCS_0409_ood_unseen_depth_range_two_foci_zb08p9_E07p6;F3NCS_0410_ood_unseen_depth_range_ellipse_zb13p0_E23p5;F3NCS_0411_ood_unseen_depth_range_two_foci_zb14p0_E48p4;F3NCS_0412_ood_unseen_depth_range_ellipse_zb12p8_E74p8;F3NCS_0413_ood_unseen_depth_range_ellipse_zb12p0_E10p1;F3NCS_0414_ood_unseen_depth_range_cylinder_zb10p0_E74p1;F3NCS_0415_ood_unseen_depth_range_two_foci_zb11p6_E74p6;F3NCS_0416_ood_unseen_depth_range_two_foci_zb10p5_E76p3;F3NCS_0417_ood_unseen_depth_range_two_foci_zb13p3_E17p8;F3NCS_0418_ood_unseen_depth_range_ellipse_zb13p8_E28p3;F3NCS_0419_ood_unseen_depth_range_ellipse_zb09p0_E16p3;F3NCS_0420_ood_unseen_depth_range_cylinder_zb13p3_E28p6;F3NCS_0421_ood_unseen_depth_range_cylinder_zb11p0_E23p8;F3NCS_0422_ood_unseen_depth_range_ellipse_zb11p4_E23p6;F3NCS_0423_ood_unseen_depth_range_ellipse_zb09p3_E11p4;F3NCS_0424_ood_unseen_depth_range_ellipse_zb11p1_E21p4;F3NCS_0425_ood_unseen_depth_range_two_foci_zb13p1_E09p6;F3NCS_0426_ood_unseen_depth_range_cylinder_zb10p6_E06p2;F3NCS_0427_ood_unseen_depth_range_ellipse_zb13p9_E58p6;F3NCS_0428_ood_unseen_depth_range_ellipse_zb10p2_E73p0;F3NCS_0429_ood_unseen_depth_range_two_foci_zb09p5_E07p0;F3NCS_0430_ood_unseen_depth_range_two_foci_zb11p3_E33p1;F3NCS_0431_ood_unseen_depth_range_cylinder_zb08p8_E06p7;F3NCS_0432_ood_unseen_depth_range_cylinder_zb09p3_E08p3;F3NCS_0433_ood_unseen_depth_range_cylinder_zb12p9_E86p3;F3NCS_0434_ood_unseen_depth_range_ellipse_zb13p9_E71p4;F3NCS_0435_ood_unseen_depth_range_cylinder_zb10p5_E25p4;F3NCS_0436_ood_unseen_depth_range_ellipse_zb11p9_E84p1;F3NCS_0437_ood_unseen_depth_range_ellipse_zb10p1_E14p8;F3NCS_0438_ood_unseen_depth_range_ellipse_zb10p1_E24p0;F3NCS_0439_ood_unseen_depth_range_ellipse_zb10p5_E33p5;F3NCS_0440_ood_unseen_depth_range_two_foci_zb12p0_E12p1;F3NCS_0441_ood_unseen_depth_range_ellipse_zb12p4_E06p2;F3NCS_0442_ood_unseen_depth_range_ellipse_zb11p7_E13p1;F3NCS_0443_ood_unseen_depth_range_ellipse_zb11p2_E14p1;F3NCS_0444_ood_unseen_depth_range_ellipse_zb10p4_E07p3;F3NCS_0445_ood_unseen_depth_range_two_foci_zb13p3_E51p9;F3NCS_0446_ood_unseen_depth_range_cylinder_zb12p2_E10p8;F3NCS_0447_ood_unseen_depth_range_two_foci_zb11p7_E11p2,method2b_512_full_comsol_recalibrated_9model,fig3_true_ood,1,split_role/ood_split_family,ood_unseen_depth_range,230,38,64,0.4302748441696167,0.0143547058105468,0.0672462359070777,0.0403785705566406,0.1847973614931106,0.0519752502441406,0.2535085380077362,0.058990478515625,0.3009790778160095,0.5054819917834205,0.9251515421183112,0.3990251622925013,5.357987319154899,0.0988122967129045,0.0767300128936767,0.0860455185174942,,,,
likelihood_guided_diffusion_calibrated90,0.4698576331138611,0.4850777173942958,6.283773494696346,0.0492429890437051,14.140317916870115,16.249914550556586,0.2253501959248234,64,F3NCS_0384_ood_unseen_depth_range_two_foci_zb11p3_E39p2;F3NCS_0385_ood_unseen_depth_range_cylinder_zb11p5_E77p5;F3NCS_0386_ood_unseen_depth_range_ellipse_zb09p6_E94p6;F3NCS_0387_ood_unseen_depth_range_ellipse_zb10p9_E15p1;F3NCS_0388_ood_unseen_depth_range_two_foci_zb12p8_E07p0;F3NCS_0389_ood_unseen_depth_range_two_foci_zb08p9_E35p1;F3NCS_0390_ood_unseen_depth_range_two_foci_zb08p6_E39p9;F3NCS_0391_ood_unseen_depth_range_ellipse_zb11p5_E49p0;F3NCS_0392_ood_unseen_depth_range_two_foci_zb09p8_E39p6;F3NCS_0393_ood_unseen_depth_range_two_foci_zb13p5_E10p5;F3NCS_0394_ood_unseen_depth_range_cylinder_zb13p1_E17p7;F3NCS_0395_ood_unseen_depth_range_ellipse_zb11p9_E19p2;F3NCS_0396_ood_unseen_depth_range_ellipse_zb12p8_E35p8;F3NCS_0397_ood_unseen_depth_range_ellipse_zb11p0_E90p4;F3NCS_0398_ood_unseen_depth_range_two_foci_zb09p3_E06p2;F3NCS_0399_ood_unseen_depth_range_two_foci_zb12p6_E13p2;F3NCS_0400_ood_unseen_depth_range_ellipse_zb13p7_E19p7;F3NCS_0401_ood_unseen_depth_range_ellipse_zb09p5_E63p3;F3NCS_0402_ood_unseen_depth_range_cylinder_zb09p7_E17p8;F3NCS_0403_ood_unseen_depth_range_cylinder_zb13p3_E13p7;F3NCS_0404_ood_unseen_depth_range_two_foci_zb08p6_E25p9;F3NCS_0405_ood_unseen_depth_range_cylinder_zb09p6_E16p6;F3NCS_0406_ood_unseen_depth_range_two_foci_zb12p7_E08p4;F3NCS_0407_ood_unseen_depth_range_two_foci_zb10p5_E11p3;F3NCS_0408_ood_unseen_depth_range_ellipse_zb12p1_E31p3;F3NCS_0409_ood_unseen_depth_range_two_foci_zb08p9_E07p6;F3NCS_0410_ood_unseen_depth_range_ellipse_zb13p0_E23p5;F3NCS_0411_ood_unseen_depth_range_two_foci_zb14p0_E48p4;F3NCS_0412_ood_unseen_depth_range_ellipse_zb12p8_E74p8;F3NCS_0413_ood_unseen_depth_range_ellipse_zb12p0_E10p1;F3NCS_0414_ood_unseen_depth_range_cylinder_zb10p0_E74p1;F3NCS_0415_ood_unseen_depth_range_two_foci_zb11p6_E74p6;F3NCS_0416_ood_unseen_depth_range_two_foci_zb10p5_E76p3;F3NCS_0417_ood_unseen_depth_range_two_foci_zb13p3_E17p8;F3NCS_0418_ood_unseen_depth_range_ellipse_zb13p8_E28p3;F3NCS_0419_ood_unseen_depth_range_ellipse_zb09p0_E16p3;F3NCS_0420_ood_unseen_depth_range_cylinder_zb13p3_E28p6;F3NCS_0421_ood_unseen_depth_range_cylinder_zb11p0_E23p8;F3NCS_0422_ood_unseen_depth_range_ellipse_zb11p4_E23p6;F3NCS_0423_ood_unseen_depth_range_ellipse_zb09p3_E11p4;F3NCS_0424_ood_unseen_depth_range_ellipse_zb11p1_E21p4;F3NCS_0425_ood_unseen_depth_range_two_foci_zb13p1_E09p6;F3NCS_0426_ood_unseen_depth_range_cylinder_zb10p6_E06p2;F3NCS_0427_ood_unseen_depth_range_ellipse_zb13p9_E58p6;F3NCS_0428_ood_unseen_depth_range_ellipse_zb10p2_E73p0;F3NCS_0429_ood_unseen_depth_range_two_foci_zb09p5_E07p0;F3NCS_0430_ood_unseen_depth_range_two_foci_zb11p3_E33p1;F3NCS_0431_ood_unseen_depth_range_cylinder_zb08p8_E06p7;F3NCS_0432_ood_unseen_depth_range_cylinder_zb09p3_E08p3;F3NCS_0433_ood_unseen_depth_range_cylinder_zb12p9_E86p3;F3NCS_0434_ood_unseen_depth_range_ellipse_zb13p9_E71p4;F3NCS_0435_ood_unseen_depth_range_cylinder_zb10p5_E25p4;F3NCS_0436_ood_unseen_depth_range_ellipse_zb11p9_E84p1;F3NCS_0437_ood_unseen_depth_range_ellipse_zb10p1_E14p8;F3NCS_0438_ood_unseen_depth_range_ellipse_zb10p1_E24p0;F3NCS_0439_ood_unseen_depth_range_ellipse_zb10p5_E33p5;F3NCS_0440_ood_unseen_depth_range_two_foci_zb12p0_E12p1;F3NCS_0441_ood_unseen_depth_range_ellipse_zb12p4_E06p2;F3NCS_0442_ood_unseen_depth_range_ellipse_zb11p7_E13p1;F3NCS_0443_ood_unseen_depth_range_ellipse_zb11p2_E14p1;F3NCS_0444_ood_unseen_depth_range_ellipse_zb10p4_E07p3;F3NCS_0445_ood_unseen_depth_range_two_foci_zb13p3_E51p9;F3NCS_0446_ood_unseen_depth_range_cylinder_zb12p2_E10p8;F3NCS_0447_ood_unseen_depth_range_two_foci_zb11p7_E11p2,method2b_512_full_comsol_recalibrated_9model,fig3_true_ood,1,split_role/ood_split_family,ood_unseen_depth_range,230,38,64,0.2366505861282348,0.3653564453125,0.6151692271232605,0.7190322875976562,1.6905279159545898,0.8789329528808594,2.319098234176636,0.948322296142578,2.753359317779541,0.5054819764623538,0.9251624888163632,0.3308177671534597,0.3901802492745105,0.0988122964323982,0.2761954069137573,0.7871452569961548,validation,0.9,9.148009300231934,
prior_init_diffusion_unet,0.0729948133230209,0.1555629526294945,16.161876448248414,0.298662262968719,3.077117681503296,10.786481831793775,0.5432751918159867,64,F3NCS_0384_ood_unseen_depth_range_two_foci_zb11p3_E39p2;F3NCS_0385_ood_unseen_depth_range_cylinder_zb11p5_E77p5;F3NCS_0386_ood_unseen_depth_range_ellipse_zb09p6_E94p6;F3NCS_0387_ood_unseen_depth_range_ellipse_zb10p9_E15p1;F3NCS_0388_ood_unseen_depth_range_two_foci_zb12p8_E07p0;F3NCS_0389_ood_unseen_depth_range_two_foci_zb08p9_E35p1;F3NCS_0390_ood_unseen_depth_range_two_foci_zb08p6_E39p9;F3NCS_0391_ood_unseen_depth_range_ellipse_zb11p5_E49p0;F3NCS_0392_ood_unseen_depth_range_two_foci_zb09p8_E39p6;F3NCS_0393_ood_unseen_depth_range_two_foci_zb13p5_E10p5;F3NCS_0394_ood_unseen_depth_range_cylinder_zb13p1_E17p7;F3NCS_0395_ood_unseen_depth_range_ellipse_zb11p9_E19p2;F3NCS_0396_ood_unseen_depth_range_ellipse_zb12p8_E35p8;F3NCS_0397_ood_unseen_depth_range_ellipse_zb11p0_E90p4;F3NCS_0398_ood_unseen_depth_range_two_foci_zb09p3_E06p2;F3NCS_0399_ood_unseen_depth_range_two_foci_zb12p6_E13p2;F3NCS_0400_ood_unseen_depth_range_ellipse_zb13p7_E19p7;F3NCS_0401_ood_unseen_depth_range_ellipse_zb09p5_E63p3;F3NCS_0402_ood_unseen_depth_range_cylinder_zb09p7_E17p8;F3NCS_0403_ood_unseen_depth_range_cylinder_zb13p3_E13p7;F3NCS_0404_ood_unseen_depth_range_two_foci_zb08p6_E25p9;F3NCS_0405_ood_unseen_depth_range_cylinder_zb09p6_E16p6;F3NCS_0406_ood_unseen_depth_range_two_foci_zb12p7_E08p4;F3NCS_0407_ood_unseen_depth_range_two_foci_zb10p5_E11p3;F3NCS_0408_ood_unseen_depth_range_ellipse_zb12p1_E31p3;F3NCS_0409_ood_unseen_depth_range_two_foci_zb08p9_E07p6;F3NCS_0410_ood_unseen_depth_range_ellipse_zb13p0_E23p5;F3NCS_0411_ood_unseen_depth_range_two_foci_zb14p0_E48p4;F3NCS_0412_ood_unseen_depth_range_ellipse_zb12p8_E74p8;F3NCS_0413_ood_unseen_depth_range_ellipse_zb12p0_E10p1;F3NCS_0414_ood_unseen_depth_range_cylinder_zb10p0_E74p1;F3NCS_0415_ood_unseen_depth_range_two_foci_zb11p6_E74p6;F3NCS_0416_ood_unseen_depth_range_two_foci_zb10p5_E76p3;F3NCS_0417_ood_unseen_depth_range_two_foci_zb13p3_E17p8;F3NCS_0418_ood_unseen_depth_range_ellipse_zb13p8_E28p3;F3NCS_0419_ood_unseen_depth_range_ellipse_zb09p0_E16p3;F3NCS_0420_ood_unseen_depth_range_cylinder_zb13p3_E28p6;F3NCS_0421_ood_unseen_depth_range_cylinder_zb11p0_E23p8;F3NCS_0422_ood_unseen_depth_range_ellipse_zb11p4_E23p6;F3NCS_0423_ood_unseen_depth_range_ellipse_zb09p3_E11p4;F3NCS_0424_ood_unseen_depth_range_ellipse_zb11p1_E21p4;F3NCS_0425_ood_unseen_depth_range_two_foci_zb13p1_E09p6;F3NCS_0426_ood_unseen_depth_range_cylinder_zb10p6_E06p2;F3NCS_0427_ood_unseen_depth_range_ellipse_zb13p9_E58p6;F3NCS_0428_ood_unseen_depth_range_ellipse_zb10p2_E73p0;F3NCS_0429_ood_unseen_depth_range_two_foci_zb09p5_E07p0;F3NCS_0430_ood_unseen_depth_range_two_foci_zb11p3_E33p1;F3NCS_0431_ood_unseen_depth_range_cylinder_zb08p8_E06p7;F3NCS_0432_ood_unseen_depth_range_cylinder_zb09p3_E08p3;F3NCS_0433_ood_unseen_depth_range_cylinder_zb12p9_E86p3;F3NCS_0434_ood_unseen_depth_range_ellipse_zb13p9_E71p4;F3NCS_0435_ood_unseen_depth_range_cylinder_zb10p5_E25p4;F3NCS_0436_ood_unseen_depth_range_ellipse_zb11p9_E84p1;F3NCS_0437_ood_unseen_depth_range_ellipse_zb10p1_E14p8;F3NCS_0438_ood_unseen_depth_range_ellipse_zb10p1_E24p0;F3NCS_0439_ood_unseen_depth_range_ellipse_zb10p5_E33p5;F3NCS_0440_ood_unseen_depth_range_two_foci_zb12p0_E12p1;F3NCS_0441_ood_unseen_depth_range_ellipse_zb12p4_E06p2;F3NCS_0442_ood_unseen_depth_range_ellipse_zb11p7_E13p1;F3NCS_0443_ood_unseen_depth_range_ellipse_zb11p2_E14p1;F3NCS_0444_ood_unseen_depth_range_ellipse_zb10p4_E07p3;F3NCS_0445_ood_unseen_depth_range_two_foci_zb13p3_E51p9;F3NCS_0446_ood_unseen_depth_range_cylinder_zb12p2_E10p8;F3NCS_0447_ood_unseen_depth_range_two_foci_zb11p7_E11p2,method2b_512_full_comsol_recalibrated_9model,fig3_true_ood,1,split_role/ood_split_family,ood_unseen_depth_range,230,38,64,0.0680190697312355,0.011322021484375,0.0119131514802575,0.0404548645019531,0.0222141444683074,0.10260009765625,0.0278287157416343,0.1832122802734375,0.031865794211626,0.6141396071967927,0.843499129655935,0.1223502594489811,12.978669519266582,0.0136494336968912,0.1374377012252807,0.0089767761528491,,,,
prior_init_diffusion_unet_calibrated90,0.0729948133230209,0.1555629526294945,16.161876448248414,0.2986622725147754,3.077117681503296,10.786481831793775,0.5432751921046328,64,F3NCS_0384_ood_unseen_depth_range_two_foci_zb11p3_E39p2;F3NCS_0385_ood_unseen_depth_range_cylinder_zb11p5_E77p5;F3NCS_0386_ood_unseen_depth_range_ellipse_zb09p6_E94p6;F3NCS_0387_ood_unseen_depth_range_ellipse_zb10p9_E15p1;F3NCS_0388_ood_unseen_depth_range_two_foci_zb12p8_E07p0;F3NCS_0389_ood_unseen_depth_range_two_foci_zb08p9_E35p1;F3NCS_0390_ood_unseen_depth_range_two_foci_zb08p6_E39p9;F3NCS_0391_ood_unseen_depth_range_ellipse_zb11p5_E49p0;F3NCS_0392_ood_unseen_depth_range_two_foci_zb09p8_E39p6;F3NCS_0393_ood_unseen_depth_range_two_foci_zb13p5_E10p5;F3NCS_0394_ood_unseen_depth_range_cylinder_zb13p1_E17p7;F3NCS_0395_ood_unseen_depth_range_ellipse_zb11p9_E19p2;F3NCS_0396_ood_unseen_depth_range_ellipse_zb12p8_E35p8;F3NCS_0397_ood_unseen_depth_range_ellipse_zb11p0_E90p4;F3NCS_0398_ood_unseen_depth_range_two_foci_zb09p3_E06p2;F3NCS_0399_ood_unseen_depth_range_two_foci_zb12p6_E13p2;F3NCS_0400_ood_unseen_depth_range_ellipse_zb13p7_E19p7;F3NCS_0401_ood_unseen_depth_range_ellipse_zb09p5_E63p3;F3NCS_0402_ood_unseen_depth_range_cylinder_zb09p7_E17p8;F3NCS_0403_ood_unseen_depth_range_cylinder_zb13p3_E13p7;F3NCS_0404_ood_unseen_depth_range_two_foci_zb08p6_E25p9;F3NCS_0405_ood_unseen_depth_range_cylinder_zb09p6_E16p6;F3NCS_0406_ood_unseen_depth_range_two_foci_zb12p7_E08p4;F3NCS_0407_ood_unseen_depth_range_two_foci_zb10p5_E11p3;F3NCS_0408_ood_unseen_depth_range_ellipse_zb12p1_E31p3;F3NCS_0409_ood_unseen_depth_range_two_foci_zb08p9_E07p6;F3NCS_0410_ood_unseen_depth_range_ellipse_zb13p0_E23p5;F3NCS_0411_ood_unseen_depth_range_two_foci_zb14p0_E48p4;F3NCS_0412_ood_unseen_depth_range_ellipse_zb12p8_E74p8;F3NCS_0413_ood_unseen_depth_range_ellipse_zb12p0_E10p1;F3NCS_0414_ood_unseen_depth_range_cylinder_zb10p0_E74p1;F3NCS_0415_ood_unseen_depth_range_two_foci_zb11p6_E74p6;F3NCS_0416_ood_unseen_depth_range_two_foci_zb10p5_E76p3;F3NCS_0417_ood_unseen_depth_range_two_foci_zb13p3_E17p8;F3NCS_0418_ood_unseen_depth_range_ellipse_zb13p8_E28p3;F3NCS_0419_ood_unseen_depth_range_ellipse_zb09p0_E16p3;F3NCS_0420_ood_unseen_depth_range_cylinder_zb13p3_E28p6;F3NCS_0421_ood_unseen_depth_range_cylinder_zb11p0_E23p8;F3NCS_0422_ood_unseen_depth_range_ellipse_zb11p4_E23p6;F3NCS_0423_ood_unseen_depth_range_ellipse_zb09p3_E11p4;F3NCS_0424_ood_unseen_depth_range_ellipse_zb11p1_E21p4;F3NCS_0425_ood_unseen_depth_range_two_foci_zb13p1_E09p6;F3NCS_0426_ood_unseen_depth_range_cylinder_zb10p6_E06p2;F3NCS_0427_ood_unseen_depth_range_ellipse_zb13p9_E58p6;F3NCS_0428_ood_unseen_depth_range_ellipse_zb10p2_E73p0;F3NCS_0429_ood_unseen_depth_range_two_foci_zb09p5_E07p0;F3NCS_0430_ood_unseen_depth_range_two_foci_zb11p3_E33p1;F3NCS_0431_ood_unseen_depth_range_cylinder_zb08p8_E06p7;F3NCS_0432_ood_unseen_depth_range_cylinder_zb09p3_E08p3;F3NCS_0433_ood_unseen_depth_range_cylinder_zb12p9_E86p3;F3NCS_0434_ood_unseen_depth_range_ellipse_zb13p9_E71p4;F3NCS_0435_ood_unseen_depth_range_cylinder_zb10p5_E25p4;F3NCS_0436_ood_unseen_depth_range_ellipse_zb11p9_E84p1;F3NCS_0437_ood_unseen_depth_range_ellipse_zb10p1_E14p8;F3NCS_0438_ood_unseen_depth_range_ellipse_zb10p1_E24p0;F3NCS_0439_ood_unseen_depth_range_ellipse_zb10p5_E33p5;F3NCS_0440_ood_unseen_depth_range_two_foci_zb12p0_E12p1;F3NCS_0441_ood_unseen_depth_range_ellipse_zb12p4_E06p2;F3NCS_0442_ood_unseen_depth_range_ellipse_zb11p7_E13p1;F3NCS_0443_ood_unseen_depth_range_ellipse_zb11p2_E14p1;F3NCS_0444_ood_unseen_depth_range_ellipse_zb10p4_E07p3;F3NCS_0445_ood_unseen_depth_range_two_foci_zb13p3_E51p9;F3NCS_0446_ood_unseen_depth_range_cylinder_zb12p2_E10p8;F3NCS_0447_ood_unseen_depth_range_two_foci_zb11p7_E11p2,method2b_512_full_comsol_recalibrated_9model,fig3_true_ood,1,split_role/ood_split_family,ood_unseen_depth_range,230,38,64,0.0635887160897255,0.8256874084472656,0.1497526317834854,0.8873405456542969,0.2792398333549499,0.9120330810546876,0.3498170375823974,0.9268836975097656,0.400564581155777,0.6141395775727367,0.8434991299793043,0.0274929419085553,0.2134292290897961,0.0136494337166036,0.4471368789672851,0.112841323018074,validation,0.9,12.570362091064451,
residual_likelihood_guided_diffusion,0.0730425715446472,0.1556303492741267,16.15811415758969,0.2980827649589628,3.0787177085876465,10.787410490829403,0.5430648655639724,64,F3NCS_0384_ood_unseen_depth_range_two_foci_zb11p3_E39p2;F3NCS_0385_ood_unseen_depth_range_cylinder_zb11p5_E77p5;F3NCS_0386_ood_unseen_depth_range_ellipse_zb09p6_E94p6;F3NCS_0387_ood_unseen_depth_range_ellipse_zb10p9_E15p1;F3NCS_0388_ood_unseen_depth_range_two_foci_zb12p8_E07p0;F3NCS_0389_ood_unseen_depth_range_two_foci_zb08p9_E35p1;F3NCS_0390_ood_unseen_depth_range_two_foci_zb08p6_E39p9;F3NCS_0391_ood_unseen_depth_range_ellipse_zb11p5_E49p0;F3NCS_0392_ood_unseen_depth_range_two_foci_zb09p8_E39p6;F3NCS_0393_ood_unseen_depth_range_two_foci_zb13p5_E10p5;F3NCS_0394_ood_unseen_depth_range_cylinder_zb13p1_E17p7;F3NCS_0395_ood_unseen_depth_range_ellipse_zb11p9_E19p2;F3NCS_0396_ood_unseen_depth_range_ellipse_zb12p8_E35p8;F3NCS_0397_ood_unseen_depth_range_ellipse_zb11p0_E90p4;F3NCS_0398_ood_unseen_depth_range_two_foci_zb09p3_E06p2;F3NCS_0399_ood_unseen_depth_range_two_foci_zb12p6_E13p2;F3NCS_0400_ood_unseen_depth_range_ellipse_zb13p7_E19p7;F3NCS_0401_ood_unseen_depth_range_ellipse_zb09p5_E63p3;F3NCS_0402_ood_unseen_depth_range_cylinder_zb09p7_E17p8;F3NCS_0403_ood_unseen_depth_range_cylinder_zb13p3_E13p7;F3NCS_0404_ood_unseen_depth_range_two_foci_zb08p6_E25p9;F3NCS_0405_ood_unseen_depth_range_cylinder_zb09p6_E16p6;F3NCS_0406_ood_unseen_depth_range_two_foci_zb12p7_E08p4;F3NCS_0407_ood_unseen_depth_range_two_foci_zb10p5_E11p3;F3NCS_0408_ood_unseen_depth_range_ellipse_zb12p1_E31p3;F3NCS_0409_ood_unseen_depth_range_two_foci_zb08p9_E07p6;F3NCS_0410_ood_unseen_depth_range_ellipse_zb13p0_E23p5;F3NCS_0411_ood_unseen_depth_range_two_foci_zb14p0_E48p4;F3NCS_0412_ood_unseen_depth_range_ellipse_zb12p8_E74p8;F3NCS_0413_ood_unseen_depth_range_ellipse_zb12p0_E10p1;F3NCS_0414_ood_unseen_depth_range_cylinder_zb10p0_E74p1;F3NCS_0415_ood_unseen_depth_range_two_foci_zb11p6_E74p6;F3NCS_0416_ood_unseen_depth_range_two_foci_zb10p5_E76p3;F3NCS_0417_ood_unseen_depth_range_two_foci_zb13p3_E17p8;F3NCS_0418_ood_unseen_depth_range_ellipse_zb13p8_E28p3;F3NCS_0419_ood_unseen_depth_range_ellipse_zb09p0_E16p3;F3NCS_0420_ood_unseen_depth_range_cylinder_zb13p3_E28p6;F3NCS_0421_ood_unseen_depth_range_cylinder_zb11p0_E23p8;F3NCS_0422_ood_unseen_depth_range_ellipse_zb11p4_E23p6;F3NCS_0423_ood_unseen_depth_range_ellipse_zb09p3_E11p4;F3NCS_0424_ood_unseen_depth_range_ellipse_zb11p1_E21p4;F3NCS_0425_ood_unseen_depth_range_two_foci_zb13p1_E09p6;F3NCS_0426_ood_unseen_depth_range_cylinder_zb10p6_E06p2;F3NCS_0427_ood_unseen_depth_range_ellipse_zb13p9_E58p6;F3NCS_0428_ood_unseen_depth_range_ellipse_zb10p2_E73p0;F3NCS_0429_ood_unseen_depth_range_two_foci_zb09p5_E07p0;F3NCS_0430_ood_unseen_depth_range_two_foci_zb11p3_E33p1;F3NCS_0431_ood_unseen_depth_range_cylinder_zb08p8_E06p7;F3NCS_0432_ood_unseen_depth_range_cylinder_zb09p3_E08p3;F3NCS_0433_ood_unseen_depth_range_cylinder_zb12p9_E86p3;F3NCS_0434_ood_unseen_depth_range_ellipse_zb13p9_E71p4;F3NCS_0435_ood_unseen_depth_range_cylinder_zb10p5_E25p4;F3NCS_0436_ood_unseen_depth_range_ellipse_zb11p9_E84p1;F3NCS_0437_ood_unseen_depth_range_ellipse_zb10p1_E14p8;F3NCS_0438_ood_unseen_depth_range_ellipse_zb10p1_E24p0;F3NCS_0439_ood_unseen_depth_range_ellipse_zb10p5_E33p5;F3NCS_0440_ood_unseen_depth_range_two_foci_zb12p0_E12p1;F3NCS_0441_ood_unseen_depth_range_ellipse_zb12p4_E06p2;F3NCS_0442_ood_unseen_depth_range_ellipse_zb11p7_E13p1;F3NCS_0443_ood_unseen_depth_range_ellipse_zb11p2_E14p1;F3NCS_0444_ood_unseen_depth_range_ellipse_zb10p4_E07p3;F3NCS_0445_ood_unseen_depth_range_two_foci_zb13p3_E51p9;F3NCS_0446_ood_unseen_depth_range_cylinder_zb12p2_E10p8;F3NCS_0447_ood_unseen_depth_range_two_foci_zb11p7_E11p2,method2b_512_full_comsol_recalibrated_9model,fig3_true_ood,1,split_role/ood_split_family,ood_unseen_depth_range,230,38,64,0.0680688098073005,0.0113792419433593,0.0119026647880673,0.0400962829589843,0.0222004428505897,0.1021919250488281,0.0278218928724527,0.18231201171875,0.0318717136979103,0.6142115226202693,0.8449583188149605,0.1223431405494744,12.964851413084292,0.0135329743152056,0.1373533010482788,0.0089754201471805,,,,
residual_likelihood_guided_diffusion_calibrated90,0.0730425640940666,0.1556303492741267,16.15811415758969,0.2980828126892447,3.0787177085876465,10.787410490829403,0.5430648703961091,64,F3NCS_0384_ood_unseen_depth_range_two_foci_zb11p3_E39p2;F3NCS_0385_ood_unseen_depth_range_cylinder_zb11p5_E77p5;F3NCS_0386_ood_unseen_depth_range_ellipse_zb09p6_E94p6;F3NCS_0387_ood_unseen_depth_range_ellipse_zb10p9_E15p1;F3NCS_0388_ood_unseen_depth_range_two_foci_zb12p8_E07p0;F3NCS_0389_ood_unseen_depth_range_two_foci_zb08p9_E35p1;F3NCS_0390_ood_unseen_depth_range_two_foci_zb08p6_E39p9;F3NCS_0391_ood_unseen_depth_range_ellipse_zb11p5_E49p0;F3NCS_0392_ood_unseen_depth_range_two_foci_zb09p8_E39p6;F3NCS_0393_ood_unseen_depth_range_two_foci_zb13p5_E10p5;F3NCS_0394_ood_unseen_depth_range_cylinder_zb13p1_E17p7;F3NCS_0395_ood_unseen_depth_range_ellipse_zb11p9_E19p2;F3NCS_0396_ood_unseen_depth_range_ellipse_zb12p8_E35p8;F3NCS_0397_ood_unseen_depth_range_ellipse_zb11p0_E90p4;F3NCS_0398_ood_unseen_depth_range_two_foci_zb09p3_E06p2;F3NCS_0399_ood_unseen_depth_range_two_foci_zb12p6_E13p2;F3NCS_0400_ood_unseen_depth_range_ellipse_zb13p7_E19p7;F3NCS_0401_ood_unseen_depth_range_ellipse_zb09p5_E63p3;F3NCS_0402_ood_unseen_depth_range_cylinder_zb09p7_E17p8;F3NCS_0403_ood_unseen_depth_range_cylinder_zb13p3_E13p7;F3NCS_0404_ood_unseen_depth_range_two_foci_zb08p6_E25p9;F3NCS_0405_ood_unseen_depth_range_cylinder_zb09p6_E16p6;F3NCS_0406_ood_unseen_depth_range_two_foci_zb12p7_E08p4;F3NCS_0407_ood_unseen_depth_range_two_foci_zb10p5_E11p3;F3NCS_0408_ood_unseen_depth_range_ellipse_zb12p1_E31p3;F3NCS_0409_ood_unseen_depth_range_two_foci_zb08p9_E07p6;F3NCS_0410_ood_unseen_depth_range_ellipse_zb13p0_E23p5;F3NCS_0411_ood_unseen_depth_range_two_foci_zb14p0_E48p4;F3NCS_0412_ood_unseen_depth_range_ellipse_zb12p8_E74p8;F3NCS_0413_ood_unseen_depth_range_ellipse_zb12p0_E10p1;F3NCS_0414_ood_unseen_depth_range_cylinder_zb10p0_E74p1;F3NCS_0415_ood_unseen_depth_range_two_foci_zb11p6_E74p6;F3NCS_0416_ood_unseen_depth_range_two_foci_zb10p5_E76p3;F3NCS_0417_ood_unseen_depth_range_two_foci_zb13p3_E17p8;F3NCS_0418_ood_unseen_depth_range_ellipse_zb13p8_E28p3;F3NCS_0419_ood_unseen_depth_range_ellipse_zb09p0_E16p3;F3NCS_0420_ood_unseen_depth_range_cylinder_zb13p3_E28p6;F3NCS_0421_ood_unseen_depth_range_cylinder_zb11p0_E23p8;F3NCS_0422_ood_unseen_depth_range_ellipse_zb11p4_E23p6;F3NCS_0423_ood_unseen_depth_range_ellipse_zb09p3_E11p4;F3NCS_0424_ood_unseen_depth_range_ellipse_zb11p1_E21p4;F3NCS_0425_ood_unseen_depth_range_two_foci_zb13p1_E09p6;F3NCS_0426_ood_unseen_depth_range_cylinder_zb10p6_E06p2;F3NCS_0427_ood_unseen_depth_range_ellipse_zb13p9_E58p6;F3NCS_0428_ood_unseen_depth_range_ellipse_zb10p2_E73p0;F3NCS_0429_ood_unseen_depth_range_two_foci_zb09p5_E07p0;F3NCS_0430_ood_unseen_depth_range_two_foci_zb11p3_E33p1;F3NCS_0431_ood_unseen_depth_range_cylinder_zb08p8_E06p7;F3NCS_0432_ood_unseen_depth_range_cylinder_zb09p3_E08p3;F3NCS_0433_ood_unseen_depth_range_cylinder_zb12p9_E86p3;F3NCS_0434_ood_unseen_depth_range_ellipse_zb13p9_E71p4;F3NCS_0435_ood_unseen_depth_range_cylinder_zb10p5_E25p4;F3NCS_0436_ood_unseen_depth_range_ellipse_zb11p9_E84p1;F3NCS_0437_ood_unseen_depth_range_ellipse_zb10p1_E14p8;F3NCS_0438_ood_unseen_depth_range_ellipse_zb10p1_E24p0;F3NCS_0439_ood_unseen_depth_range_ellipse_zb10p5_E33p5;F3NCS_0440_ood_unseen_depth_range_two_foci_zb12p0_E12p1;F3NCS_0441_ood_unseen_depth_range_ellipse_zb12p4_E06p2;F3NCS_0442_ood_unseen_depth_range_ellipse_zb11p7_E13p1;F3NCS_0443_ood_unseen_depth_range_ellipse_zb11p2_E14p1;F3NCS_0444_ood_unseen_depth_range_ellipse_zb10p4_E07p3;F3NCS_0445_ood_unseen_depth_range_two_foci_zb13p3_E51p9;F3NCS_0446_ood_unseen_depth_range_cylinder_zb12p2_E10p8;F3NCS_0447_ood_unseen_depth_range_two_foci_zb11p7_E11p2,method2b_512_full_comsol_recalibrated_9model,fig3_true_ood,1,split_role/ood_split_family,ood_unseen_depth_range,230,38,64,0.0636277496814727,0.8259048461914062,0.1501733064651489,0.8876495361328125,0.2800981104373932,0.91241455078125,0.351022720336914,0.9271163940429688,0.402118444442749,0.6142115275421561,0.8449583199467532,0.0269329262150575,0.2069223156939364,0.0135329741217233,0.4472900629043579,0.1132409125566482,validation,0.9,12.616780281066896,
explicit_residual_target_diffusion,0.0742732137441635,0.156975510179587,16.083361935697177,0.3256864012219012,3.09592866897583,11.017658278659422,0.5340725085177304,64,F3NCS_0384_ood_unseen_depth_range_two_foci_zb11p3_E39p2;F3NCS_0385_ood_unseen_depth_range_cylinder_zb11p5_E77p5;F3NCS_0386_ood_unseen_depth_range_ellipse_zb09p6_E94p6;F3NCS_0387_ood_unseen_depth_range_ellipse_zb10p9_E15p1;F3NCS_0388_ood_unseen_depth_range_two_foci_zb12p8_E07p0;F3NCS_0389_ood_unseen_depth_range_two_foci_zb08p9_E35p1;F3NCS_0390_ood_unseen_depth_range_two_foci_zb08p6_E39p9;F3NCS_0391_ood_unseen_depth_range_ellipse_zb11p5_E49p0;F3NCS_0392_ood_unseen_depth_range_two_foci_zb09p8_E39p6;F3NCS_0393_ood_unseen_depth_range_two_foci_zb13p5_E10p5;F3NCS_0394_ood_unseen_depth_range_cylinder_zb13p1_E17p7;F3NCS_0395_ood_unseen_depth_range_ellipse_zb11p9_E19p2;F3NCS_0396_ood_unseen_depth_range_ellipse_zb12p8_E35p8;F3NCS_0397_ood_unseen_depth_range_ellipse_zb11p0_E90p4;F3NCS_0398_ood_unseen_depth_range_two_foci_zb09p3_E06p2;F3NCS_0399_ood_unseen_depth_range_two_foci_zb12p6_E13p2;F3NCS_0400_ood_unseen_depth_range_ellipse_zb13p7_E19p7;F3NCS_0401_ood_unseen_depth_range_ellipse_zb09p5_E63p3;F3NCS_0402_ood_unseen_depth_range_cylinder_zb09p7_E17p8;F3NCS_0403_ood_unseen_depth_range_cylinder_zb13p3_E13p7;F3NCS_0404_ood_unseen_depth_range_two_foci_zb08p6_E25p9;F3NCS_0405_ood_unseen_depth_range_cylinder_zb09p6_E16p6;F3NCS_0406_ood_unseen_depth_range_two_foci_zb12p7_E08p4;F3NCS_0407_ood_unseen_depth_range_two_foci_zb10p5_E11p3;F3NCS_0408_ood_unseen_depth_range_ellipse_zb12p1_E31p3;F3NCS_0409_ood_unseen_depth_range_two_foci_zb08p9_E07p6;F3NCS_0410_ood_unseen_depth_range_ellipse_zb13p0_E23p5;F3NCS_0411_ood_unseen_depth_range_two_foci_zb14p0_E48p4;F3NCS_0412_ood_unseen_depth_range_ellipse_zb12p8_E74p8;F3NCS_0413_ood_unseen_depth_range_ellipse_zb12p0_E10p1;F3NCS_0414_ood_unseen_depth_range_cylinder_zb10p0_E74p1;F3NCS_0415_ood_unseen_depth_range_two_foci_zb11p6_E74p6;F3NCS_0416_ood_unseen_depth_range_two_foci_zb10p5_E76p3;F3NCS_0417_ood_unseen_depth_range_two_foci_zb13p3_E17p8;F3NCS_0418_ood_unseen_depth_range_ellipse_zb13p8_E28p3;F3NCS_0419_ood_unseen_depth_range_ellipse_zb09p0_E16p3;F3NCS_0420_ood_unseen_depth_range_cylinder_zb13p3_E28p6;F3NCS_0421_ood_unseen_depth_range_cylinder_zb11p0_E23p8;F3NCS_0422_ood_unseen_depth_range_ellipse_zb11p4_E23p6;F3NCS_0423_ood_unseen_depth_range_ellipse_zb09p3_E11p4;F3NCS_0424_ood_unseen_depth_range_ellipse_zb11p1_E21p4;F3NCS_0425_ood_unseen_depth_range_two_foci_zb13p1_E09p6;F3NCS_0426_ood_unseen_depth_range_cylinder_zb10p6_E06p2;F3NCS_0427_ood_unseen_depth_range_ellipse_zb13p9_E58p6;F3NCS_0428_ood_unseen_depth_range_ellipse_zb10p2_E73p0;F3NCS_0429_ood_unseen_depth_range_two_foci_zb09p5_E07p0;F3NCS_0430_ood_unseen_depth_range_two_foci_zb11p3_E33p1;F3NCS_0431_ood_unseen_depth_range_cylinder_zb08p8_E06p7;F3NCS_0432_ood_unseen_depth_range_cylinder_zb09p3_E08p3;F3NCS_0433_ood_unseen_depth_range_cylinder_zb12p9_E86p3;F3NCS_0434_ood_unseen_depth_range_ellipse_zb13p9_E71p4;F3NCS_0435_ood_unseen_depth_range_cylinder_zb10p5_E25p4;F3NCS_0436_ood_unseen_depth_range_ellipse_zb11p9_E84p1;F3NCS_0437_ood_unseen_depth_range_ellipse_zb10p1_E14p8;F3NCS_0438_ood_unseen_depth_range_ellipse_zb10p1_E24p0;F3NCS_0439_ood_unseen_depth_range_ellipse_zb10p5_E33p5;F3NCS_0440_ood_unseen_depth_range_two_foci_zb12p0_E12p1;F3NCS_0441_ood_unseen_depth_range_ellipse_zb12p4_E06p2;F3NCS_0442_ood_unseen_depth_range_ellipse_zb11p7_E13p1;F3NCS_0443_ood_unseen_depth_range_ellipse_zb11p2_E14p1;F3NCS_0444_ood_unseen_depth_range_ellipse_zb10p4_E07p3;F3NCS_0445_ood_unseen_depth_range_two_foci_zb13p3_E51p9;F3NCS_0446_ood_unseen_depth_range_cylinder_zb12p2_E10p8;F3NCS_0447_ood_unseen_depth_range_two_foci_zb11p7_E11p2,method2b_512_full_comsol_recalibrated_9model,fig3_true_ood,1,split_role/ood_split_family,ood_unseen_depth_range,230,38,64,0.0521949157118797,0.7694854736328125,0.0336534902453422,0.8235397338867188,0.0944741144776344,0.8586807250976562,0.1479544937610626,0.8819007873535156,0.1976398676633834,0.8383011871933231,0.7805824009417704,0.0854598654836841,1.9622126260326764,0.0170075306725808,0.6397647857666016,0.0593729019165039,,,,0.7410367131233215
explicit_residual_target_diffusion_calibrated90,0.0742732137441635,0.1569755161125032,16.083361607412495,0.3256863562855869,3.09592866897583,11.017658278659422,0.5340725085733168,64,F3NCS_0384_ood_unseen_depth_range_two_foci_zb11p3_E39p2;F3NCS_0385_ood_unseen_depth_range_cylinder_zb11p5_E77p5;F3NCS_0386_ood_unseen_depth_range_ellipse_zb09p6_E94p6;F3NCS_0387_ood_unseen_depth_range_ellipse_zb10p9_E15p1;F3NCS_0388_ood_unseen_depth_range_two_foci_zb12p8_E07p0;F3NCS_0389_ood_unseen_depth_range_two_foci_zb08p9_E35p1;F3NCS_0390_ood_unseen_depth_range_two_foci_zb08p6_E39p9;F3NCS_0391_ood_unseen_depth_range_ellipse_zb11p5_E49p0;F3NCS_0392_ood_unseen_depth_range_two_foci_zb09p8_E39p6;F3NCS_0393_ood_unseen_depth_range_two_foci_zb13p5_E10p5;F3NCS_0394_ood_unseen_depth_range_cylinder_zb13p1_E17p7;F3NCS_0395_ood_unseen_depth_range_ellipse_zb11p9_E19p2;F3NCS_0396_ood_unseen_depth_range_ellipse_zb12p8_E35p8;F3NCS_0397_ood_unseen_depth_range_ellipse_zb11p0_E90p4;F3NCS_0398_ood_unseen_depth_range_two_foci_zb09p3_E06p2;F3NCS_0399_ood_unseen_depth_range_two_foci_zb12p6_E13p2;F3NCS_0400_ood_unseen_depth_range_ellipse_zb13p7_E19p7;F3NCS_0401_ood_unseen_depth_range_ellipse_zb09p5_E63p3;F3NCS_0402_ood_unseen_depth_range_cylinder_zb09p7_E17p8;F3NCS_0403_ood_unseen_depth_range_cylinder_zb13p3_E13p7;F3NCS_0404_ood_unseen_depth_range_two_foci_zb08p6_E25p9;F3NCS_0405_ood_unseen_depth_range_cylinder_zb09p6_E16p6;F3NCS_0406_ood_unseen_depth_range_two_foci_zb12p7_E08p4;F3NCS_0407_ood_unseen_depth_range_two_foci_zb10p5_E11p3;F3NCS_0408_ood_unseen_depth_range_ellipse_zb12p1_E31p3;F3NCS_0409_ood_unseen_depth_range_two_foci_zb08p9_E07p6;F3NCS_0410_ood_unseen_depth_range_ellipse_zb13p0_E23p5;F3NCS_0411_ood_unseen_depth_range_two_foci_zb14p0_E48p4;F3NCS_0412_ood_unseen_depth_range_ellipse_zb12p8_E74p8;F3NCS_0413_ood_unseen_depth_range_ellipse_zb12p0_E10p1;F3NCS_0414_ood_unseen_depth_range_cylinder_zb10p0_E74p1;F3NCS_0415_ood_unseen_depth_range_two_foci_zb11p6_E74p6;F3NCS_0416_ood_unseen_depth_range_two_foci_zb10p5_E76p3;F3NCS_0417_ood_unseen_depth_range_two_foci_zb13p3_E17p8;F3NCS_0418_ood_unseen_depth_range_ellipse_zb13p8_E28p3;F3NCS_0419_ood_unseen_depth_range_ellipse_zb09p0_E16p3;F3NCS_0420_ood_unseen_depth_range_cylinder_zb13p3_E28p6;F3NCS_0421_ood_unseen_depth_range_cylinder_zb11p0_E23p8;F3NCS_0422_ood_unseen_depth_range_ellipse_zb11p4_E23p6;F3NCS_0423_ood_unseen_depth_range_ellipse_zb09p3_E11p4;F3NCS_0424_ood_unseen_depth_range_ellipse_zb11p1_E21p4;F3NCS_0425_ood_unseen_depth_range_two_foci_zb13p1_E09p6;F3NCS_0426_ood_unseen_depth_range_cylinder_zb10p6_E06p2;F3NCS_0427_ood_unseen_depth_range_ellipse_zb13p9_E58p6;F3NCS_0428_ood_unseen_depth_range_ellipse_zb10p2_E73p0;F3NCS_0429_ood_unseen_depth_range_two_foci_zb09p5_E07p0;F3NCS_0430_ood_unseen_depth_range_two_foci_zb11p3_E33p1;F3NCS_0431_ood_unseen_depth_range_cylinder_zb08p8_E06p7;F3NCS_0432_ood_unseen_depth_range_cylinder_zb09p3_E08p3;F3NCS_0433_ood_unseen_depth_range_cylinder_zb12p9_E86p3;F3NCS_0434_ood_unseen_depth_range_ellipse_zb13p9_E71p4;F3NCS_0435_ood_unseen_depth_range_cylinder_zb10p5_E25p4;F3NCS_0436_ood_unseen_depth_range_ellipse_zb11p9_E84p1;F3NCS_0437_ood_unseen_depth_range_ellipse_zb10p1_E14p8;F3NCS_0438_ood_unseen_depth_range_ellipse_zb10p1_E24p0;F3NCS_0439_ood_unseen_depth_range_ellipse_zb10p5_E33p5;F3NCS_0440_ood_unseen_depth_range_two_foci_zb12p0_E12p1;F3NCS_0441_ood_unseen_depth_range_ellipse_zb12p4_E06p2;F3NCS_0442_ood_unseen_depth_range_ellipse_zb11p7_E13p1;F3NCS_0443_ood_unseen_depth_range_ellipse_zb11p2_E14p1;F3NCS_0444_ood_unseen_depth_range_ellipse_zb10p4_E07p3;F3NCS_0445_ood_unseen_depth_range_two_foci_zb13p3_E51p9;F3NCS_0446_ood_unseen_depth_range_cylinder_zb12p2_E10p8;F3NCS_0447_ood_unseen_depth_range_two_foci_zb11p7_E11p2,method2b_512_full_comsol_recalibrated_9model,fig3_true_ood,1,split_role/ood_split_family,ood_unseen_depth_range,230,38,64,0.054117877036333,0.4258079528808594,0.0531653240323066,0.8599472045898438,0.1492489278316497,0.9070053100585938,0.233736515045166,0.9280319213867188,0.312228798866272,0.8383011931976583,0.7805824005375588,0.0510362568648618,0.8750714438277853,0.0170075306712003,0.676348090171814,0.0937964990735054,validation,0.9,1.5797865390777588,0.7410367131233215
explicit_residual_likelihood_guided_diffusion,0.0742877572774887,0.15714412210121,16.07403717829246,0.3272953878622502,3.103115558624268,11.026016333828265,0.5338302036751246,64,F3NCS_0384_ood_unseen_depth_range_two_foci_zb11p3_E39p2;F3NCS_0385_ood_unseen_depth_range_cylinder_zb11p5_E77p5;F3NCS_0386_ood_unseen_depth_range_ellipse_zb09p6_E94p6;F3NCS_0387_ood_unseen_depth_range_ellipse_zb10p9_E15p1;F3NCS_0388_ood_unseen_depth_range_two_foci_zb12p8_E07p0;F3NCS_0389_ood_unseen_depth_range_two_foci_zb08p9_E35p1;F3NCS_0390_ood_unseen_depth_range_two_foci_zb08p6_E39p9;F3NCS_0391_ood_unseen_depth_range_ellipse_zb11p5_E49p0;F3NCS_0392_ood_unseen_depth_range_two_foci_zb09p8_E39p6;F3NCS_0393_ood_unseen_depth_range_two_foci_zb13p5_E10p5;F3NCS_0394_ood_unseen_depth_range_cylinder_zb13p1_E17p7;F3NCS_0395_ood_unseen_depth_range_ellipse_zb11p9_E19p2;F3NCS_0396_ood_unseen_depth_range_ellipse_zb12p8_E35p8;F3NCS_0397_ood_unseen_depth_range_ellipse_zb11p0_E90p4;F3NCS_0398_ood_unseen_depth_range_two_foci_zb09p3_E06p2;F3NCS_0399_ood_unseen_depth_range_two_foci_zb12p6_E13p2;F3NCS_0400_ood_unseen_depth_range_ellipse_zb13p7_E19p7;F3NCS_0401_ood_unseen_depth_range_ellipse_zb09p5_E63p3;F3NCS_0402_ood_unseen_depth_range_cylinder_zb09p7_E17p8;F3NCS_0403_ood_unseen_depth_range_cylinder_zb13p3_E13p7;F3NCS_0404_ood_unseen_depth_range_two_foci_zb08p6_E25p9;F3NCS_0405_ood_unseen_depth_range_cylinder_zb09p6_E16p6;F3NCS_0406_ood_unseen_depth_range_two_foci_zb12p7_E08p4;F3NCS_0407_ood_unseen_depth_range_two_foci_zb10p5_E11p3;F3NCS_0408_ood_unseen_depth_range_ellipse_zb12p1_E31p3;F3NCS_0409_ood_unseen_depth_range_two_foci_zb08p9_E07p6;F3NCS_0410_ood_unseen_depth_range_ellipse_zb13p0_E23p5;F3NCS_0411_ood_unseen_depth_range_two_foci_zb14p0_E48p4;F3NCS_0412_ood_unseen_depth_range_ellipse_zb12p8_E74p8;F3NCS_0413_ood_unseen_depth_range_ellipse_zb12p0_E10p1;F3NCS_0414_ood_unseen_depth_range_cylinder_zb10p0_E74p1;F3NCS_0415_ood_unseen_depth_range_two_foci_zb11p6_E74p6;F3NCS_0416_ood_unseen_depth_range_two_foci_zb10p5_E76p3;F3NCS_0417_ood_unseen_depth_range_two_foci_zb13p3_E17p8;F3NCS_0418_ood_unseen_depth_range_ellipse_zb13p8_E28p3;F3NCS_0419_ood_unseen_depth_range_ellipse_zb09p0_E16p3;F3NCS_0420_ood_unseen_depth_range_cylinder_zb13p3_E28p6;F3NCS_0421_ood_unseen_depth_range_cylinder_zb11p0_E23p8;F3NCS_0422_ood_unseen_depth_range_ellipse_zb11p4_E23p6;F3NCS_0423_ood_unseen_depth_range_ellipse_zb09p3_E11p4;F3NCS_0424_ood_unseen_depth_range_ellipse_zb11p1_E21p4;F3NCS_0425_ood_unseen_depth_range_two_foci_zb13p1_E09p6;F3NCS_0426_ood_unseen_depth_range_cylinder_zb10p6_E06p2;F3NCS_0427_ood_unseen_depth_range_ellipse_zb13p9_E58p6;F3NCS_0428_ood_unseen_depth_range_ellipse_zb10p2_E73p0;F3NCS_0429_ood_unseen_depth_range_two_foci_zb09p5_E07p0;F3NCS_0430_ood_unseen_depth_range_two_foci_zb11p3_E33p1;F3NCS_0431_ood_unseen_depth_range_cylinder_zb08p8_E06p7;F3NCS_0432_ood_unseen_depth_range_cylinder_zb09p3_E08p3;F3NCS_0433_ood_unseen_depth_range_cylinder_zb12p9_E86p3;F3NCS_0434_ood_unseen_depth_range_ellipse_zb13p9_E71p4;F3NCS_0435_ood_unseen_depth_range_cylinder_zb10p5_E25p4;F3NCS_0436_ood_unseen_depth_range_ellipse_zb11p9_E84p1;F3NCS_0437_ood_unseen_depth_range_ellipse_zb10p1_E14p8;F3NCS_0438_ood_unseen_depth_range_ellipse_zb10p1_E24p0;F3NCS_0439_ood_unseen_depth_range_ellipse_zb10p5_E33p5;F3NCS_0440_ood_unseen_depth_range_two_foci_zb12p0_E12p1;F3NCS_0441_ood_unseen_depth_range_ellipse_zb12p4_E06p2;F3NCS_0442_ood_unseen_depth_range_ellipse_zb11p7_E13p1;F3NCS_0443_ood_unseen_depth_range_ellipse_zb11p2_E14p1;F3NCS_0444_ood_unseen_depth_range_ellipse_zb10p4_E07p3;F3NCS_0445_ood_unseen_depth_range_two_foci_zb13p3_E51p9;F3NCS_0446_ood_unseen_depth_range_cylinder_zb12p2_E10p8;F3NCS_0447_ood_unseen_depth_range_two_foci_zb11p7_E11p2,method2b_512_full_comsol_recalibrated_9model,fig3_true_ood,1,split_role/ood_split_family,ood_unseen_depth_range,230,38,64,0.0522159337997436,0.7697067260742188,0.034561313688755,0.8247299194335938,0.0944086387753486,0.8594131469726562,0.1479599773883819,0.8821983337402344,0.1984063982963562,0.8365699804032175,0.7820144970877914,0.0863118817293783,2.142470223553837,0.017389173715877,0.6353476047515869,0.0596568807959556,,,,0.7410367131233215
explicit_residual_likelihood_guided_diffusion_calibrated90,0.0742877572774887,0.15714412210121,16.07403717829246,0.3272953587584197,3.103115558624268,11.026015641883454,0.5338302048685408,64,F3NCS_0384_ood_unseen_depth_range_two_foci_zb11p3_E39p2;F3NCS_0385_ood_unseen_depth_range_cylinder_zb11p5_E77p5;F3NCS_0386_ood_unseen_depth_range_ellipse_zb09p6_E94p6;F3NCS_0387_ood_unseen_depth_range_ellipse_zb10p9_E15p1;F3NCS_0388_ood_unseen_depth_range_two_foci_zb12p8_E07p0;F3NCS_0389_ood_unseen_depth_range_two_foci_zb08p9_E35p1;F3NCS_0390_ood_unseen_depth_range_two_foci_zb08p6_E39p9;F3NCS_0391_ood_unseen_depth_range_ellipse_zb11p5_E49p0;F3NCS_0392_ood_unseen_depth_range_two_foci_zb09p8_E39p6;F3NCS_0393_ood_unseen_depth_range_two_foci_zb13p5_E10p5;F3NCS_0394_ood_unseen_depth_range_cylinder_zb13p1_E17p7;F3NCS_0395_ood_unseen_depth_range_ellipse_zb11p9_E19p2;F3NCS_0396_ood_unseen_depth_range_ellipse_zb12p8_E35p8;F3NCS_0397_ood_unseen_depth_range_ellipse_zb11p0_E90p4;F3NCS_0398_ood_unseen_depth_range_two_foci_zb09p3_E06p2;F3NCS_0399_ood_unseen_depth_range_two_foci_zb12p6_E13p2;F3NCS_0400_ood_unseen_depth_range_ellipse_zb13p7_E19p7;F3NCS_0401_ood_unseen_depth_range_ellipse_zb09p5_E63p3;F3NCS_0402_ood_unseen_depth_range_cylinder_zb09p7_E17p8;F3NCS_0403_ood_unseen_depth_range_cylinder_zb13p3_E13p7;F3NCS_0404_ood_unseen_depth_range_two_foci_zb08p6_E25p9;F3NCS_0405_ood_unseen_depth_range_cylinder_zb09p6_E16p6;F3NCS_0406_ood_unseen_depth_range_two_foci_zb12p7_E08p4;F3NCS_0407_ood_unseen_depth_range_two_foci_zb10p5_E11p3;F3NCS_0408_ood_unseen_depth_range_ellipse_zb12p1_E31p3;F3NCS_0409_ood_unseen_depth_range_two_foci_zb08p9_E07p6;F3NCS_0410_ood_unseen_depth_range_ellipse_zb13p0_E23p5;F3NCS_0411_ood_unseen_depth_range_two_foci_zb14p0_E48p4;F3NCS_0412_ood_unseen_depth_range_ellipse_zb12p8_E74p8;F3NCS_0413_ood_unseen_depth_range_ellipse_zb12p0_E10p1;F3NCS_0414_ood_unseen_depth_range_cylinder_zb10p0_E74p1;F3NCS_0415_ood_unseen_depth_range_two_foci_zb11p6_E74p6;F3NCS_0416_ood_unseen_depth_range_two_foci_zb10p5_E76p3;F3NCS_0417_ood_unseen_depth_range_two_foci_zb13p3_E17p8;F3NCS_0418_ood_unseen_depth_range_ellipse_zb13p8_E28p3;F3NCS_0419_ood_unseen_depth_range_ellipse_zb09p0_E16p3;F3NCS_0420_ood_unseen_depth_range_cylinder_zb13p3_E28p6;F3NCS_0421_ood_unseen_depth_range_cylinder_zb11p0_E23p8;F3NCS_0422_ood_unseen_depth_range_ellipse_zb11p4_E23p6;F3NCS_0423_ood_unseen_depth_range_ellipse_zb09p3_E11p4;F3NCS_0424_ood_unseen_depth_range_ellipse_zb11p1_E21p4;F3NCS_0425_ood_unseen_depth_range_two_foci_zb13p1_E09p6;F3NCS_0426_ood_unseen_depth_range_cylinder_zb10p6_E06p2;F3NCS_0427_ood_unseen_depth_range_ellipse_zb13p9_E58p6;F3NCS_0428_ood_unseen_depth_range_ellipse_zb10p2_E73p0;F3NCS_0429_ood_unseen_depth_range_two_foci_zb09p5_E07p0;F3NCS_0430_ood_unseen_depth_range_two_foci_zb11p3_E33p1;F3NCS_0431_ood_unseen_depth_range_cylinder_zb08p8_E06p7;F3NCS_0432_ood_unseen_depth_range_cylinder_zb09p3_E08p3;F3NCS_0433_ood_unseen_depth_range_cylinder_zb12p9_E86p3;F3NCS_0434_ood_unseen_depth_range_ellipse_zb13p9_E71p4;F3NCS_0435_ood_unseen_depth_range_cylinder_zb10p5_E25p4;F3NCS_0436_ood_unseen_depth_range_ellipse_zb11p9_E84p1;F3NCS_0437_ood_unseen_depth_range_ellipse_zb10p1_E14p8;F3NCS_0438_ood_unseen_depth_range_ellipse_zb10p1_E24p0;F3NCS_0439_ood_unseen_depth_range_ellipse_zb10p5_E33p5;F3NCS_0440_ood_unseen_depth_range_two_foci_zb12p0_E12p1;F3NCS_0441_ood_unseen_depth_range_ellipse_zb12p4_E06p2;F3NCS_0442_ood_unseen_depth_range_ellipse_zb11p7_E13p1;F3NCS_0443_ood_unseen_depth_range_ellipse_zb11p2_E14p1;F3NCS_0444_ood_unseen_depth_range_ellipse_zb10p4_E07p3;F3NCS_0445_ood_unseen_depth_range_two_foci_zb13p3_E51p9;F3NCS_0446_ood_unseen_depth_range_cylinder_zb12p2_E10p8;F3NCS_0447_ood_unseen_depth_range_two_foci_zb11p7_E11p2,method2b_512_full_comsol_recalibrated_9model,fig3_true_ood,1,split_role/ood_split_family,ood_unseen_depth_range,230,38,64,0.05423354357481,0.4377593994140625,0.0562028437852859,0.8604087829589844,0.1535252332687378,0.9097213745117188,0.2406092435121536,0.9303665161132812,0.3226440548896789,0.8365699808387695,0.782014496764422,0.0489560668998339,0.932427220586772,0.0173891736875336,0.6746594905853271,0.0970126986503601,validation,0.9,1.6261777877807615,0.7410367131233215
train_mean_prior,0.1460379064083099,0.2254924993504597,12.937357993226668,0.0317656520346645,4.367835521697998,12.731186693471408,,32,F3NCS_0448_ood_unseen_layer_modulus_ellipse_zb07p4_E21p0;F3NCS_0449_ood_unseen_layer_modulus_ellipse_zb05p8_E54p9;F3NCS_0450_ood_unseen_layer_modulus_crescent_zb09p9_E11p6;F3NCS_0451_ood_unseen_layer_modulus_cylinder_zb09p3_E36p6;F3NCS_0452_ood_unseen_layer_modulus_two_foci_zb09p4_E11p5;F3NCS_0453_ood_unseen_layer_modulus_lobed_zb09p7_E21p6;F3NCS_0454_ood_unseen_layer_modulus_crescent_zb06p1_E76p6;F3NCS_0455_ood_unseen_layer_modulus_ellipse_zb06p0_E06p3;F3NCS_0456_ood_unseen_layer_modulus_ellipse_zb02p7_E65p7;F3NCS_0457_ood_unseen_layer_modulus_lobed_zb07p1_E19p6;F3NCS_0458_ood_unseen_layer_modulus_lobed_zb02p9_E06p6;F3NCS_0459_ood_unseen_layer_modulus_ellipse_zb09p5_E34p1;F3NCS_0460_ood_unseen_layer_modulus_two_foci_zb03p6_E86p4;F3NCS_0461_ood_unseen_layer_modulus_cylinder_zb08p2_E46p7;F3NCS_0462_ood_unseen_layer_modulus_two_foci_zb09p7_E30p7;F3NCS_0463_ood_unseen_layer_modulus_lobed_zb03p1_E09p1;F3NCS_0464_ood_unseen_layer_modulus_lobed_zb05p9_E29p2;F3NCS_0465_ood_unseen_layer_modulus_two_foci_zb03p6_E42p2;F3NCS_0466_ood_unseen_layer_modulus_two_foci_zb03p5_E33p5;F3NCS_0467_ood_unseen_layer_modulus_cylinder_zb03p5_E16p4;F3NCS_0468_ood_unseen_layer_modulus_lobed_zb04p2_E55p5;F3NCS_0469_ood_unseen_layer_modulus_ellipse_zb08p2_E21p5;F3NCS_0470_ood_unseen_layer_modulus_lobed_zb05p9_E43p7;F3NCS_0471_ood_unseen_layer_modulus_lobed_zb02p0_E78p3;F3NCS_0472_ood_unseen_layer_modulus_lobed_zb07p9_E07p2;F3NCS_0473_ood_unseen_layer_modulus_ellipse_zb05p9_E08p4;F3NCS_0474_ood_unseen_layer_modulus_cylinder_zb09p4_E22p6;F3NCS_0475_ood_unseen_layer_modulus_lobed_zb08p1_E22p1;F3NCS_0476_ood_unseen_layer_modulus_ellipse_zb05p7_E79p4;F3NCS_0477_ood_unseen_layer_modulus_ellipse_zb03p5_E10p4;F3NCS_0478_ood_unseen_layer_modulus_ellipse_zb07p1_E27p2;F3NCS_0479_ood_unseen_layer_modulus_cylinder_zb03p7_E09p1,method2b_512_full_comsol_recalibrated_9model,fig3_true_ood,2,split_role/ood_split_family,ood_unseen_layer_modulus,230,38,32,,,,,,,,,,,,,,,,,,,,
srcnn_bz_single_channel,0.1193584948778152,0.2020651696503996,13.890170803643633,0.1598510025069117,4.059882164001465,12.115949576110795,0.4089267578780703,32,F3NCS_0448_ood_unseen_layer_modulus_ellipse_zb07p4_E21p0;F3NCS_0449_ood_unseen_layer_modulus_ellipse_zb05p8_E54p9;F3NCS_0450_ood_unseen_layer_modulus_crescent_zb09p9_E11p6;F3NCS_0451_ood_unseen_layer_modulus_cylinder_zb09p3_E36p6;F3NCS_0452_ood_unseen_layer_modulus_two_foci_zb09p4_E11p5;F3NCS_0453_ood_unseen_layer_modulus_lobed_zb09p7_E21p6;F3NCS_0454_ood_unseen_layer_modulus_crescent_zb06p1_E76p6;F3NCS_0455_ood_unseen_layer_modulus_ellipse_zb06p0_E06p3;F3NCS_0456_ood_unseen_layer_modulus_ellipse_zb02p7_E65p7;F3NCS_0457_ood_unseen_layer_modulus_lobed_zb07p1_E19p6;F3NCS_0458_ood_unseen_layer_modulus_lobed_zb02p9_E06p6;F3NCS_0459_ood_unseen_layer_modulus_ellipse_zb09p5_E34p1;F3NCS_0460_ood_unseen_layer_modulus_two_foci_zb03p6_E86p4;F3NCS_0461_ood_unseen_layer_modulus_cylinder_zb08p2_E46p7;F3NCS_0462_ood_unseen_layer_modulus_two_foci_zb09p7_E30p7;F3NCS_0463_ood_unseen_layer_modulus_lobed_zb03p1_E09p1;F3NCS_0464_ood_unseen_layer_modulus_lobed_zb05p9_E29p2;F3NCS_0465_ood_unseen_layer_modulus_two_foci_zb03p6_E42p2;F3NCS_0466_ood_unseen_layer_modulus_two_foci_zb03p5_E33p5;F3NCS_0467_ood_unseen_layer_modulus_cylinder_zb03p5_E16p4;F3NCS_0468_ood_unseen_layer_modulus_lobed_zb04p2_E55p5;F3NCS_0469_ood_unseen_layer_modulus_ellipse_zb08p2_E21p5;F3NCS_0470_ood_unseen_layer_modulus_lobed_zb05p9_E43p7;F3NCS_0471_ood_unseen_layer_modulus_lobed_zb02p0_E78p3;F3NCS_0472_ood_unseen_layer_modulus_lobed_zb07p9_E07p2;F3NCS_0473_ood_unseen_layer_modulus_ellipse_zb05p9_E08p4;F3NCS_0474_ood_unseen_layer_modulus_cylinder_zb09p4_E22p6;F3NCS_0475_ood_unseen_layer_modulus_lobed_zb08p1_E22p1;F3NCS_0476_ood_unseen_layer_modulus_ellipse_zb05p7_E79p4;F3NCS_0477_ood_unseen_layer_modulus_ellipse_zb03p5_E10p4;F3NCS_0478_ood_unseen_layer_modulus_ellipse_zb07p1_E27p2;F3NCS_0479_ood_unseen_layer_modulus_cylinder_zb03p7_E09p1,method2b_512_full_comsol_recalibrated_9model,fig3_true_ood,2,split_role/ood_split_family,ood_unseen_layer_modulus,230,38,32,0.1193584874272346,0.0,0.0,0.0,0.0,0.0,0.0,0.0,0.0,,0.5,0.2009950849566556,,0.0836110220525913,0.1418914794921875,0.0,,,,
unet_canonical_bxyz,0.073905736207962,0.1527289326178639,16.321573668034425,0.387567738071084,3.0291333198547363,9.79907085140123,0.5515366741819442,32,F3NCS_0448_ood_unseen_layer_modulus_ellipse_zb07p4_E21p0;F3NCS_0449_ood_unseen_layer_modulus_ellipse_zb05p8_E54p9;F3NCS_0450_ood_unseen_layer_modulus_crescent_zb09p9_E11p6;F3NCS_0451_ood_unseen_layer_modulus_cylinder_zb09p3_E36p6;F3NCS_0452_ood_unseen_layer_modulus_two_foci_zb09p4_E11p5;F3NCS_0453_ood_unseen_layer_modulus_lobed_zb09p7_E21p6;F3NCS_0454_ood_unseen_layer_modulus_crescent_zb06p1_E76p6;F3NCS_0455_ood_unseen_layer_modulus_ellipse_zb06p0_E06p3;F3NCS_0456_ood_unseen_layer_modulus_ellipse_zb02p7_E65p7;F3NCS_0457_ood_unseen_layer_modulus_lobed_zb07p1_E19p6;F3NCS_0458_ood_unseen_layer_modulus_lobed_zb02p9_E06p6;F3NCS_0459_ood_unseen_layer_modulus_ellipse_zb09p5_E34p1;F3NCS_0460_ood_unseen_layer_modulus_two_foci_zb03p6_E86p4;F3NCS_0461_ood_unseen_layer_modulus_cylinder_zb08p2_E46p7;F3NCS_0462_ood_unseen_layer_modulus_two_foci_zb09p7_E30p7;F3NCS_0463_ood_unseen_layer_modulus_lobed_zb03p1_E09p1;F3NCS_0464_ood_unseen_layer_modulus_lobed_zb05p9_E29p2;F3NCS_0465_ood_unseen_layer_modulus_two_foci_zb03p6_E42p2;F3NCS_0466_ood_unseen_layer_modulus_two_foci_zb03p5_E33p5;F3NCS_0467_ood_unseen_layer_modulus_cylinder_zb03p5_E16p4;F3NCS_0468_ood_unseen_layer_modulus_lobed_zb04p2_E55p5;F3NCS_0469_ood_unseen_layer_modulus_ellipse_zb08p2_E21p5;F3NCS_0470_ood_unseen_layer_modulus_lobed_zb05p9_E43p7;F3NCS_0471_ood_unseen_layer_modulus_lobed_zb02p0_E78p3;F3NCS_0472_ood_unseen_layer_modulus_lobed_zb07p9_E07p2;F3NCS_0473_ood_unseen_layer_modulus_ellipse_zb05p9_E08p4;F3NCS_0474_ood_unseen_layer_modulus_cylinder_zb09p4_E22p6;F3NCS_0475_ood_unseen_layer_modulus_lobed_zb08p1_E22p1;F3NCS_0476_ood_unseen_layer_modulus_ellipse_zb05p7_E79p4;F3NCS_0477_ood_unseen_layer_modulus_ellipse_zb03p5_E10p4;F3NCS_0478_ood_unseen_layer_modulus_ellipse_zb07p1_E27p2;F3NCS_0479_ood_unseen_layer_modulus_cylinder_zb03p7_E09p1,method2b_512_full_comsol_recalibrated_9model,fig3_true_ood,2,split_role/ood_split_family,ood_unseen_layer_modulus,230,38,32,0.073905736207962,0.0,0.0,0.0,0.0,0.0,0.0,0.0,0.0,,0.5,0.1506318495483229,,0.0532845004689544,0.1163711547851562,0.0,,,,
vanilla_diffusion,0.4324334859848022,0.4453478682008187,7.026012444638631,0.0472406163171399,12.163579940795898,14.485799741990052,0.2779260915529861,32,F3NCS_0448_ood_unseen_layer_modulus_ellipse_zb07p4_E21p0;F3NCS_0449_ood_unseen_layer_modulus_ellipse_zb05p8_E54p9;F3NCS_0450_ood_unseen_layer_modulus_crescent_zb09p9_E11p6;F3NCS_0451_ood_unseen_layer_modulus_cylinder_zb09p3_E36p6;F3NCS_0452_ood_unseen_layer_modulus_two_foci_zb09p4_E11p5;F3NCS_0453_ood_unseen_layer_modulus_lobed_zb09p7_E21p6;F3NCS_0454_ood_unseen_layer_modulus_crescent_zb06p1_E76p6;F3NCS_0455_ood_unseen_layer_modulus_ellipse_zb06p0_E06p3;F3NCS_0456_ood_unseen_layer_modulus_ellipse_zb02p7_E65p7;F3NCS_0457_ood_unseen_layer_modulus_lobed_zb07p1_E19p6;F3NCS_0458_ood_unseen_layer_modulus_lobed_zb02p9_E06p6;F3NCS_0459_ood_unseen_layer_modulus_ellipse_zb09p5_E34p1;F3NCS_0460_ood_unseen_layer_modulus_two_foci_zb03p6_E86p4;F3NCS_0461_ood_unseen_layer_modulus_cylinder_zb08p2_E46p7;F3NCS_0462_ood_unseen_layer_modulus_two_foci_zb09p7_E30p7;F3NCS_0463_ood_unseen_layer_modulus_lobed_zb03p1_E09p1;F3NCS_0464_ood_unseen_layer_modulus_lobed_zb05p9_E29p2;F3NCS_0465_ood_unseen_layer_modulus_two_foci_zb03p6_E42p2;F3NCS_0466_ood_unseen_layer_modulus_two_foci_zb03p5_E33p5;F3NCS_0467_ood_unseen_layer_modulus_cylinder_zb03p5_E16p4;F3NCS_0468_ood_unseen_layer_modulus_lobed_zb04p2_E55p5;F3NCS_0469_ood_unseen_layer_modulus_ellipse_zb08p2_E21p5;F3NCS_0470_ood_unseen_layer_modulus_lobed_zb05p9_E43p7;F3NCS_0471_ood_unseen_layer_modulus_lobed_zb02p0_E78p3;F3NCS_0472_ood_unseen_layer_modulus_lobed_zb07p9_E07p2;F3NCS_0473_ood_unseen_layer_modulus_ellipse_zb05p9_E08p4;F3NCS_0474_ood_unseen_layer_modulus_cylinder_zb09p4_E22p6;F3NCS_0475_ood_unseen_layer_modulus_lobed_zb08p1_E22p1;F3NCS_0476_ood_unseen_layer_modulus_ellipse_zb05p7_E79p4;F3NCS_0477_ood_unseen_layer_modulus_ellipse_zb03p5_E10p4;F3NCS_0478_ood_unseen_layer_modulus_ellipse_zb07p1_E27p2;F3NCS_0479_ood_unseen_layer_modulus_cylinder_zb03p7_E09p1,method2b_512_full_comsol_recalibrated_9model,fig3_true_ood,2,split_role/ood_split_family,ood_unseen_layer_modulus,230,38,32,0.3898424208164215,0.0145187377929687,0.072296530008316,0.0448074340820312,0.2025411576032638,0.0568389892578125,0.2750780880451202,0.06475830078125,0.3266723752021789,0.5162681114439768,0.8978950236024176,0.3501081120695464,4.441746352612698,0.0866036531220255,0.0888373851776123,0.0952025055885315,,,,
vanilla_diffusion_calibrated90,0.4324334859848022,0.4453478682008187,7.026012444638631,0.0472406908520497,12.163579940795898,14.485800268670976,0.2779260759027172,32,F3NCS_0448_ood_unseen_layer_modulus_ellipse_zb07p4_E21p0;F3NCS_0449_ood_unseen_layer_modulus_ellipse_zb05p8_E54p9;F3NCS_0450_ood_unseen_layer_modulus_crescent_zb09p9_E11p6;F3NCS_0451_ood_unseen_layer_modulus_cylinder_zb09p3_E36p6;F3NCS_0452_ood_unseen_layer_modulus_two_foci_zb09p4_E11p5;F3NCS_0453_ood_unseen_layer_modulus_lobed_zb09p7_E21p6;F3NCS_0454_ood_unseen_layer_modulus_crescent_zb06p1_E76p6;F3NCS_0455_ood_unseen_layer_modulus_ellipse_zb06p0_E06p3;F3NCS_0456_ood_unseen_layer_modulus_ellipse_zb02p7_E65p7;F3NCS_0457_ood_unseen_layer_modulus_lobed_zb07p1_E19p6;F3NCS_0458_ood_unseen_layer_modulus_lobed_zb02p9_E06p6;F3NCS_0459_ood_unseen_layer_modulus_ellipse_zb09p5_E34p1;F3NCS_0460_ood_unseen_layer_modulus_two_foci_zb03p6_E86p4;F3NCS_0461_ood_unseen_layer_modulus_cylinder_zb08p2_E46p7;F3NCS_0462_ood_unseen_layer_modulus_two_foci_zb09p7_E30p7;F3NCS_0463_ood_unseen_layer_modulus_lobed_zb03p1_E09p1;F3NCS_0464_ood_unseen_layer_modulus_lobed_zb05p9_E29p2;F3NCS_0465_ood_unseen_layer_modulus_two_foci_zb03p6_E42p2;F3NCS_0466_ood_unseen_layer_modulus_two_foci_zb03p5_E33p5;F3NCS_0467_ood_unseen_layer_modulus_cylinder_zb03p5_E16p4;F3NCS_0468_ood_unseen_layer_modulus_lobed_zb04p2_E55p5;F3NCS_0469_ood_unseen_layer_modulus_ellipse_zb08p2_E21p5;F3NCS_0470_ood_unseen_layer_modulus_lobed_zb05p9_E43p7;F3NCS_0471_ood_unseen_layer_modulus_lobed_zb02p0_E78p3;F3NCS_0472_ood_unseen_layer_modulus_lobed_zb07p9_E07p2;F3NCS_0473_ood_unseen_layer_modulus_ellipse_zb05p9_E08p4;F3NCS_0474_ood_unseen_layer_modulus_cylinder_zb09p4_E22p6;F3NCS_0475_ood_unseen_layer_modulus_lobed_zb08p1_E22p1;F3NCS_0476_ood_unseen_layer_modulus_ellipse_zb05p7_E79p4;F3NCS_0477_ood_unseen_layer_modulus_ellipse_zb03p5_E10p4;F3NCS_0478_ood_unseen_layer_modulus_ellipse_zb07p1_E27p2;F3NCS_0479_ood_unseen_layer_modulus_cylinder_zb03p7_E09p1,method2b_512_full_comsol_recalibrated_9model,fig3_true_ood,2,split_role/ood_split_family,ood_unseen_layer_modulus,230,38,32,0.2227029204368591,0.4723129272460937,0.6301210522651672,0.7912826538085938,1.7653050422668457,0.9078369140625,2.397521495819092,0.9606475830078124,2.847206115722656,0.5162681104919937,0.8978950232790591,0.4093708005811412,0.4569537079060921,0.0866036532193427,0.3261227607727051,0.8297646045684814,validation,0.9,8.715785026550293,
likelihood_guided_diffusion,0.4316080212593078,0.4444740164707004,7.043072447901421,0.0479710262734442,12.122724533081056,14.45229199457596,0.3431465147161562,32,F3NCS_0448_ood_unseen_layer_modulus_ellipse_zb07p4_E21p0;F3NCS_0449_ood_unseen_layer_modulus_ellipse_zb05p8_E54p9;F3NCS_0450_ood_unseen_layer_modulus_crescent_zb09p9_E11p6;F3NCS_0451_ood_unseen_layer_modulus_cylinder_zb09p3_E36p6;F3NCS_0452_ood_unseen_layer_modulus_two_foci_zb09p4_E11p5;F3NCS_0453_ood_unseen_layer_modulus_lobed_zb09p7_E21p6;F3NCS_0454_ood_unseen_layer_modulus_crescent_zb06p1_E76p6;F3NCS_0455_ood_unseen_layer_modulus_ellipse_zb06p0_E06p3;F3NCS_0456_ood_unseen_layer_modulus_ellipse_zb02p7_E65p7;F3NCS_0457_ood_unseen_layer_modulus_lobed_zb07p1_E19p6;F3NCS_0458_ood_unseen_layer_modulus_lobed_zb02p9_E06p6;F3NCS_0459_ood_unseen_layer_modulus_ellipse_zb09p5_E34p1;F3NCS_0460_ood_unseen_layer_modulus_two_foci_zb03p6_E86p4;F3NCS_0461_ood_unseen_layer_modulus_cylinder_zb08p2_E46p7;F3NCS_0462_ood_unseen_layer_modulus_two_foci_zb09p7_E30p7;F3NCS_0463_ood_unseen_layer_modulus_lobed_zb03p1_E09p1;F3NCS_0464_ood_unseen_layer_modulus_lobed_zb05p9_E29p2;F3NCS_0465_ood_unseen_layer_modulus_two_foci_zb03p6_E42p2;F3NCS_0466_ood_unseen_layer_modulus_two_foci_zb03p5_E33p5;F3NCS_0467_ood_unseen_layer_modulus_cylinder_zb03p5_E16p4;F3NCS_0468_ood_unseen_layer_modulus_lobed_zb04p2_E55p5;F3NCS_0469_ood_unseen_layer_modulus_ellipse_zb08p2_E21p5;F3NCS_0470_ood_unseen_layer_modulus_lobed_zb05p9_E43p7;F3NCS_0471_ood_unseen_layer_modulus_lobed_zb02p0_E78p3;F3NCS_0472_ood_unseen_layer_modulus_lobed_zb07p9_E07p2;F3NCS_0473_ood_unseen_layer_modulus_ellipse_zb05p9_E08p4;F3NCS_0474_ood_unseen_layer_modulus_cylinder_zb09p4_E22p6;F3NCS_0475_ood_unseen_layer_modulus_lobed_zb08p1_E22p1;F3NCS_0476_ood_unseen_layer_modulus_ellipse_zb05p7_E79p4;F3NCS_0477_ood_unseen_layer_modulus_ellipse_zb03p5_E10p4;F3NCS_0478_ood_unseen_layer_modulus_ellipse_zb07p1_E27p2;F3NCS_0479_ood_unseen_layer_modulus_cylinder_zb03p7_E09p1,method2b_512_full_comsol_recalibrated_9model,fig3_true_ood,2,split_role/ood_split_family,ood_unseen_layer_modulus,230,38,32,0.3891285955905914,0.0208892822265625,0.0744356215000152,0.047393798828125,0.2024802565574646,0.0563430786132812,0.2756789624691009,0.0638580322265625,0.3275276124477386,0.4709918546426737,0.8922506328562693,0.3490797089419734,4.394222925370764,0.0898617897075468,0.0872681140899658,0.0953360348939895,,,,
likelihood_guided_diffusion_calibrated90,0.4316080212593078,0.4444740499960811,7.043071792750084,0.0479709524661302,12.122724533081056,14.452292522477997,0.3431465398225393,32,F3NCS_0448_ood_unseen_layer_modulus_ellipse_zb07p4_E21p0;F3NCS_0449_ood_unseen_layer_modulus_ellipse_zb05p8_E54p9;F3NCS_0450_ood_unseen_layer_modulus_crescent_zb09p9_E11p6;F3NCS_0451_ood_unseen_layer_modulus_cylinder_zb09p3_E36p6;F3NCS_0452_ood_unseen_layer_modulus_two_foci_zb09p4_E11p5;F3NCS_0453_ood_unseen_layer_modulus_lobed_zb09p7_E21p6;F3NCS_0454_ood_unseen_layer_modulus_crescent_zb06p1_E76p6;F3NCS_0455_ood_unseen_layer_modulus_ellipse_zb06p0_E06p3;F3NCS_0456_ood_unseen_layer_modulus_ellipse_zb02p7_E65p7;F3NCS_0457_ood_unseen_layer_modulus_lobed_zb07p1_E19p6;F3NCS_0458_ood_unseen_layer_modulus_lobed_zb02p9_E06p6;F3NCS_0459_ood_unseen_layer_modulus_ellipse_zb09p5_E34p1;F3NCS_0460_ood_unseen_layer_modulus_two_foci_zb03p6_E86p4;F3NCS_0461_ood_unseen_layer_modulus_cylinder_zb08p2_E46p7;F3NCS_0462_ood_unseen_layer_modulus_two_foci_zb09p7_E30p7;F3NCS_0463_ood_unseen_layer_modulus_lobed_zb03p1_E09p1;F3NCS_0464_ood_unseen_layer_modulus_lobed_zb05p9_E29p2;F3NCS_0465_ood_unseen_layer_modulus_two_foci_zb03p6_E42p2;F3NCS_0466_ood_unseen_layer_modulus_two_foci_zb03p5_E33p5;F3NCS_0467_ood_unseen_layer_modulus_cylinder_zb03p5_E16p4;F3NCS_0468_ood_unseen_layer_modulus_lobed_zb04p2_E55p5;F3NCS_0469_ood_unseen_layer_modulus_ellipse_zb08p2_E21p5;F3NCS_0470_ood_unseen_layer_modulus_lobed_zb05p9_E43p7;F3NCS_0471_ood_unseen_layer_modulus_lobed_zb02p0_E78p3;F3NCS_0472_ood_unseen_layer_modulus_lobed_zb07p9_E07p2;F3NCS_0473_ood_unseen_layer_modulus_ellipse_zb05p9_E08p4;F3NCS_0474_ood_unseen_layer_modulus_cylinder_zb09p4_E22p6;F3NCS_0475_ood_unseen_layer_modulus_lobed_zb08p1_E22p1;F3NCS_0476_ood_unseen_layer_modulus_ellipse_zb05p7_E79p4;F3NCS_0477_ood_unseen_layer_modulus_ellipse_zb03p5_E10p4;F3NCS_0478_ood_unseen_layer_modulus_ellipse_zb07p1_E27p2;F3NCS_0479_ood_unseen_layer_modulus_cylinder_zb03p7_E09p1,method2b_512_full_comsol_recalibrated_9model,fig3_true_ood,2,split_role/ood_split_family,ood_unseen_layer_modulus,230,38,32,0.2232500612735748,0.4528579711914062,0.6295706033706665,0.7630462646484375,1.7125622034072876,0.8886566162109375,2.331670999526977,0.9479446411132812,2.77020263671875,0.4709918845511724,0.8922506347964193,0.3859762858156192,0.4390152818513242,0.0898617900275806,0.3128225803375244,0.8063446283340454,validation,0.9,8.457921028137207,
prior_init_diffusion_unet,0.0772917345166206,0.1534062588093938,16.283138425611273,0.2184860878624022,3.059909582138061,9.82647875657491,0.5510844970339682,32,F3NCS_0448_ood_unseen_layer_modulus_ellipse_zb07p4_E21p0;F3NCS_0449_ood_unseen_layer_modulus_ellipse_zb05p8_E54p9;F3NCS_0450_ood_unseen_layer_modulus_crescent_zb09p9_E11p6;F3NCS_0451_ood_unseen_layer_modulus_cylinder_zb09p3_E36p6;F3NCS_0452_ood_unseen_layer_modulus_two_foci_zb09p4_E11p5;F3NCS_0453_ood_unseen_layer_modulus_lobed_zb09p7_E21p6;F3NCS_0454_ood_unseen_layer_modulus_crescent_zb06p1_E76p6;F3NCS_0455_ood_unseen_layer_modulus_ellipse_zb06p0_E06p3;F3NCS_0456_ood_unseen_layer_modulus_ellipse_zb02p7_E65p7;F3NCS_0457_ood_unseen_layer_modulus_lobed_zb07p1_E19p6;F3NCS_0458_ood_unseen_layer_modulus_lobed_zb02p9_E06p6;F3NCS_0459_ood_unseen_layer_modulus_ellipse_zb09p5_E34p1;F3NCS_0460_ood_unseen_layer_modulus_two_foci_zb03p6_E86p4;F3NCS_0461_ood_unseen_layer_modulus_cylinder_zb08p2_E46p7;F3NCS_0462_ood_unseen_layer_modulus_two_foci_zb09p7_E30p7;F3NCS_0463_ood_unseen_layer_modulus_lobed_zb03p1_E09p1;F3NCS_0464_ood_unseen_layer_modulus_lobed_zb05p9_E29p2;F3NCS_0465_ood_unseen_layer_modulus_two_foci_zb03p6_E42p2;F3NCS_0466_ood_unseen_layer_modulus_two_foci_zb03p5_E33p5;F3NCS_0467_ood_unseen_layer_modulus_cylinder_zb03p5_E16p4;F3NCS_0468_ood_unseen_layer_modulus_lobed_zb04p2_E55p5;F3NCS_0469_ood_unseen_layer_modulus_ellipse_zb08p2_E21p5;F3NCS_0470_ood_unseen_layer_modulus_lobed_zb05p9_E43p7;F3NCS_0471_ood_unseen_layer_modulus_lobed_zb02p0_E78p3;F3NCS_0472_ood_unseen_layer_modulus_lobed_zb07p9_E07p2;F3NCS_0473_ood_unseen_layer_modulus_ellipse_zb05p9_E08p4;F3NCS_0474_ood_unseen_layer_modulus_cylinder_zb09p4_E22p6;F3NCS_0475_ood_unseen_layer_modulus_lobed_zb08p1_E22p1;F3NCS_0476_ood_unseen_layer_modulus_ellipse_zb05p7_E79p4;F3NCS_0477_ood_unseen_layer_modulus_ellipse_zb03p5_E10p4;F3NCS_0478_ood_unseen_layer_modulus_ellipse_zb07p1_E27p2;F3NCS_0479_ood_unseen_layer_modulus_cylinder_zb03p7_E09p1,method2b_512_full_comsol_recalibrated_9model,fig3_true_ood,2,split_role/ood_split_family,ood_unseen_layer_modulus,230,38,32,0.0723354741930961,0.0033645629882812,0.0116730332374572,0.0067672729492187,0.021897092461586,0.009674072265625,0.0276849269866943,0.0160598754882812,0.0320222191512584,0.6499449328022286,0.8664931454186376,0.1151000209176889,11.69473073999544,0.0105783355232246,0.1202342510223388,0.0089405104517936,,,,
prior_init_diffusion_unet_calibrated90,0.0772917345166206,0.1534062527384382,16.28313876934987,0.2184859809931367,3.059909582138061,9.82647875657491,0.5510845003428595,32,F3NCS_0448_ood_unseen_layer_modulus_ellipse_zb07p4_E21p0;F3NCS_0449_ood_unseen_layer_modulus_ellipse_zb05p8_E54p9;F3NCS_0450_ood_unseen_layer_modulus_crescent_zb09p9_E11p6;F3NCS_0451_ood_unseen_layer_modulus_cylinder_zb09p3_E36p6;F3NCS_0452_ood_unseen_layer_modulus_two_foci_zb09p4_E11p5;F3NCS_0453_ood_unseen_layer_modulus_lobed_zb09p7_E21p6;F3NCS_0454_ood_unseen_layer_modulus_crescent_zb06p1_E76p6;F3NCS_0455_ood_unseen_layer_modulus_ellipse_zb06p0_E06p3;F3NCS_0456_ood_unseen_layer_modulus_ellipse_zb02p7_E65p7;F3NCS_0457_ood_unseen_layer_modulus_lobed_zb07p1_E19p6;F3NCS_0458_ood_unseen_layer_modulus_lobed_zb02p9_E06p6;F3NCS_0459_ood_unseen_layer_modulus_ellipse_zb09p5_E34p1;F3NCS_0460_ood_unseen_layer_modulus_two_foci_zb03p6_E86p4;F3NCS_0461_ood_unseen_layer_modulus_cylinder_zb08p2_E46p7;F3NCS_0462_ood_unseen_layer_modulus_two_foci_zb09p7_E30p7;F3NCS_0463_ood_unseen_layer_modulus_lobed_zb03p1_E09p1;F3NCS_0464_ood_unseen_layer_modulus_lobed_zb05p9_E29p2;F3NCS_0465_ood_unseen_layer_modulus_two_foci_zb03p6_E42p2;F3NCS_0466_ood_unseen_layer_modulus_two_foci_zb03p5_E33p5;F3NCS_0467_ood_unseen_layer_modulus_cylinder_zb03p5_E16p4;F3NCS_0468_ood_unseen_layer_modulus_lobed_zb04p2_E55p5;F3NCS_0469_ood_unseen_layer_modulus_ellipse_zb08p2_E21p5;F3NCS_0470_ood_unseen_layer_modulus_lobed_zb05p9_E43p7;F3NCS_0471_ood_unseen_layer_modulus_lobed_zb02p0_E78p3;F3NCS_0472_ood_unseen_layer_modulus_lobed_zb07p9_E07p2;F3NCS_0473_ood_unseen_layer_modulus_ellipse_zb05p9_E08p4;F3NCS_0474_ood_unseen_layer_modulus_cylinder_zb09p4_E22p6;F3NCS_0475_ood_unseen_layer_modulus_lobed_zb08p1_E22p1;F3NCS_0476_ood_unseen_layer_modulus_ellipse_zb05p7_E79p4;F3NCS_0477_ood_unseen_layer_modulus_ellipse_zb03p5_E10p4;F3NCS_0478_ood_unseen_layer_modulus_ellipse_zb07p1_E27p2;F3NCS_0479_ood_unseen_layer_modulus_cylinder_zb03p7_E09p1,method2b_512_full_comsol_recalibrated_9model,fig3_true_ood,2,split_role/ood_split_family,ood_unseen_layer_modulus,230,38,32,0.0645935907959938,0.8252182006835938,0.1571031808853149,0.8878402709960938,0.2947051525115967,0.9143218994140624,0.372601568698883,0.9297637939453124,0.4309755563735962,0.6499449441717707,0.866493145741996,0.0371749962006004,0.3127413698562031,0.0105783355737907,0.4319682121276855,0.1203271374106407,validation,0.9,13.458642959594728,
residual_likelihood_guided_diffusion,0.0773470103740692,0.1534171497170132,16.28252180237425,0.2177450119052082,3.0601513385772705,9.822327958578809,0.5507713541390782,32,F3NCS_0448_ood_unseen_layer_modulus_ellipse_zb07p4_E21p0;F3NCS_0449_ood_unseen_layer_modulus_ellipse_zb05p8_E54p9;F3NCS_0450_ood_unseen_layer_modulus_crescent_zb09p9_E11p6;F3NCS_0451_ood_unseen_layer_modulus_cylinder_zb09p3_E36p6;F3NCS_0452_ood_unseen_layer_modulus_two_foci_zb09p4_E11p5;F3NCS_0453_ood_unseen_layer_modulus_lobed_zb09p7_E21p6;F3NCS_0454_ood_unseen_layer_modulus_crescent_zb06p1_E76p6;F3NCS_0455_ood_unseen_layer_modulus_ellipse_zb06p0_E06p3;F3NCS_0456_ood_unseen_layer_modulus_ellipse_zb02p7_E65p7;F3NCS_0457_ood_unseen_layer_modulus_lobed_zb07p1_E19p6;F3NCS_0458_ood_unseen_layer_modulus_lobed_zb02p9_E06p6;F3NCS_0459_ood_unseen_layer_modulus_ellipse_zb09p5_E34p1;F3NCS_0460_ood_unseen_layer_modulus_two_foci_zb03p6_E86p4;F3NCS_0461_ood_unseen_layer_modulus_cylinder_zb08p2_E46p7;F3NCS_0462_ood_unseen_layer_modulus_two_foci_zb09p7_E30p7;F3NCS_0463_ood_unseen_layer_modulus_lobed_zb03p1_E09p1;F3NCS_0464_ood_unseen_layer_modulus_lobed_zb05p9_E29p2;F3NCS_0465_ood_unseen_layer_modulus_two_foci_zb03p6_E42p2;F3NCS_0466_ood_unseen_layer_modulus_two_foci_zb03p5_E33p5;F3NCS_0467_ood_unseen_layer_modulus_cylinder_zb03p5_E16p4;F3NCS_0468_ood_unseen_layer_modulus_lobed_zb04p2_E55p5;F3NCS_0469_ood_unseen_layer_modulus_ellipse_zb08p2_E21p5;F3NCS_0470_ood_unseen_layer_modulus_lobed_zb05p9_E43p7;F3NCS_0471_ood_unseen_layer_modulus_lobed_zb02p0_E78p3;F3NCS_0472_ood_unseen_layer_modulus_lobed_zb07p9_E07p2;F3NCS_0473_ood_unseen_layer_modulus_ellipse_zb05p9_E08p4;F3NCS_0474_ood_unseen_layer_modulus_cylinder_zb09p4_E22p6;F3NCS_0475_ood_unseen_layer_modulus_lobed_zb08p1_E22p1;F3NCS_0476_ood_unseen_layer_modulus_ellipse_zb05p7_E79p4;F3NCS_0477_ood_unseen_layer_modulus_ellipse_zb03p5_E10p4;F3NCS_0478_ood_unseen_layer_modulus_ellipse_zb07p1_E27p2;F3NCS_0479_ood_unseen_layer_modulus_cylinder_zb03p7_E09p1,method2b_512_full_comsol_recalibrated_9model,fig3_true_ood,2,split_role/ood_split_family,ood_unseen_layer_modulus,230,38,32,0.0723921731114387,0.0033645629882812,0.0116557674482464,0.0067214965820312,0.0218849964439868,0.0096588134765625,0.0276840664446353,0.0155410766601562,0.0320429764688015,0.6540366466087615,0.8658395809572746,0.1157848471756487,11.786792445087798,0.0105839617392873,0.1201176643371582,0.0089407283812761,,,,
residual_likelihood_guided_diffusion_calibrated90,0.0773470103740692,0.1534171436464885,16.282522146064043,0.2177448961883783,3.0601513385772705,9.822327570208824,0.5507713563530579,32,F3NCS_0448_ood_unseen_layer_modulus_ellipse_zb07p4_E21p0;F3NCS_0449_ood_unseen_layer_modulus_ellipse_zb05p8_E54p9;F3NCS_0450_ood_unseen_layer_modulus_crescent_zb09p9_E11p6;F3NCS_0451_ood_unseen_layer_modulus_cylinder_zb09p3_E36p6;F3NCS_0452_ood_unseen_layer_modulus_two_foci_zb09p4_E11p5;F3NCS_0453_ood_unseen_layer_modulus_lobed_zb09p7_E21p6;F3NCS_0454_ood_unseen_layer_modulus_crescent_zb06p1_E76p6;F3NCS_0455_ood_unseen_layer_modulus_ellipse_zb06p0_E06p3;F3NCS_0456_ood_unseen_layer_modulus_ellipse_zb02p7_E65p7;F3NCS_0457_ood_unseen_layer_modulus_lobed_zb07p1_E19p6;F3NCS_0458_ood_unseen_layer_modulus_lobed_zb02p9_E06p6;F3NCS_0459_ood_unseen_layer_modulus_ellipse_zb09p5_E34p1;F3NCS_0460_ood_unseen_layer_modulus_two_foci_zb03p6_E86p4;F3NCS_0461_ood_unseen_layer_modulus_cylinder_zb08p2_E46p7;F3NCS_0462_ood_unseen_layer_modulus_two_foci_zb09p7_E30p7;F3NCS_0463_ood_unseen_layer_modulus_lobed_zb03p1_E09p1;F3NCS_0464_ood_unseen_layer_modulus_lobed_zb05p9_E29p2;F3NCS_0465_ood_unseen_layer_modulus_two_foci_zb03p6_E42p2;F3NCS_0466_ood_unseen_layer_modulus_two_foci_zb03p5_E33p5;F3NCS_0467_ood_unseen_layer_modulus_cylinder_zb03p5_E16p4;F3NCS_0468_ood_unseen_layer_modulus_lobed_zb04p2_E55p5;F3NCS_0469_ood_unseen_layer_modulus_ellipse_zb08p2_E21p5;F3NCS_0470_ood_unseen_layer_modulus_lobed_zb05p9_E43p7;F3NCS_0471_ood_unseen_layer_modulus_lobed_zb02p0_E78p3;F3NCS_0472_ood_unseen_layer_modulus_lobed_zb07p9_E07p2;F3NCS_0473_ood_unseen_layer_modulus_ellipse_zb05p9_E08p4;F3NCS_0474_ood_unseen_layer_modulus_cylinder_zb09p4_E22p6;F3NCS_0475_ood_unseen_layer_modulus_lobed_zb08p1_E22p1;F3NCS_0476_ood_unseen_layer_modulus_ellipse_zb05p7_E79p4;F3NCS_0477_ood_unseen_layer_modulus_ellipse_zb03p5_E10p4;F3NCS_0478_ood_unseen_layer_modulus_ellipse_zb07p1_E27p2;F3NCS_0479_ood_unseen_layer_modulus_cylinder_zb03p7_E09p1,method2b_512_full_comsol_recalibrated_9model,fig3_true_ood,2,split_role/ood_split_family,ood_unseen_layer_modulus,230,38,32,0.0647687464952468,0.8255233764648438,0.1579960733652115,0.8880386352539062,0.2966551482677459,0.9144515991210938,0.375262588262558,0.9301986694335938,0.4343484342098236,0.6540366695461777,0.8658395851609332,0.0363559353980071,0.3054750686575218,0.0105839613134018,0.4321632385253906,0.1211932227015495,validation,0.9,13.555183410644531,
explicit_residual_target_diffusion,0.0870962738990783,0.1562542199518645,16.12336489701399,0.1860406058840453,3.194842576980591,9.843212100878992,0.5479126359836398,32,F3NCS_0448_ood_unseen_layer_modulus_ellipse_zb07p4_E21p0;F3NCS_0449_ood_unseen_layer_modulus_ellipse_zb05p8_E54p9;F3NCS_0450_ood_unseen_layer_modulus_crescent_zb09p9_E11p6;F3NCS_0451_ood_unseen_layer_modulus_cylinder_zb09p3_E36p6;F3NCS_0452_ood_unseen_layer_modulus_two_foci_zb09p4_E11p5;F3NCS_0453_ood_unseen_layer_modulus_lobed_zb09p7_E21p6;F3NCS_0454_ood_unseen_layer_modulus_crescent_zb06p1_E76p6;F3NCS_0455_ood_unseen_layer_modulus_ellipse_zb06p0_E06p3;F3NCS_0456_ood_unseen_layer_modulus_ellipse_zb02p7_E65p7;F3NCS_0457_ood_unseen_layer_modulus_lobed_zb07p1_E19p6;F3NCS_0458_ood_unseen_layer_modulus_lobed_zb02p9_E06p6;F3NCS_0459_ood_unseen_layer_modulus_ellipse_zb09p5_E34p1;F3NCS_0460_ood_unseen_layer_modulus_two_foci_zb03p6_E86p4;F3NCS_0461_ood_unseen_layer_modulus_cylinder_zb08p2_E46p7;F3NCS_0462_ood_unseen_layer_modulus_two_foci_zb09p7_E30p7;F3NCS_0463_ood_unseen_layer_modulus_lobed_zb03p1_E09p1;F3NCS_0464_ood_unseen_layer_modulus_lobed_zb05p9_E29p2;F3NCS_0465_ood_unseen_layer_modulus_two_foci_zb03p6_E42p2;F3NCS_0466_ood_unseen_layer_modulus_two_foci_zb03p5_E33p5;F3NCS_0467_ood_unseen_layer_modulus_cylinder_zb03p5_E16p4;F3NCS_0468_ood_unseen_layer_modulus_lobed_zb04p2_E55p5;F3NCS_0469_ood_unseen_layer_modulus_ellipse_zb08p2_E21p5;F3NCS_0470_ood_unseen_layer_modulus_lobed_zb05p9_E43p7;F3NCS_0471_ood_unseen_layer_modulus_lobed_zb02p0_E78p3;F3NCS_0472_ood_unseen_layer_modulus_lobed_zb07p9_E07p2;F3NCS_0473_ood_unseen_layer_modulus_ellipse_zb05p9_E08p4;F3NCS_0474_ood_unseen_layer_modulus_cylinder_zb09p4_E22p6;F3NCS_0475_ood_unseen_layer_modulus_lobed_zb08p1_E22p1;F3NCS_0476_ood_unseen_layer_modulus_ellipse_zb05p7_E79p4;F3NCS_0477_ood_unseen_layer_modulus_ellipse_zb03p5_E10p4;F3NCS_0478_ood_unseen_layer_modulus_ellipse_zb07p1_E27p2;F3NCS_0479_ood_unseen_layer_modulus_cylinder_zb03p7_E09p1,method2b_512_full_comsol_recalibrated_9model,fig3_true_ood,2,split_role/ood_split_family,ood_unseen_layer_modulus,230,38,32,0.059457778930664,0.5371322631835938,0.0459973402321338,0.754058837890625,0.1151196956634521,0.825653076171875,0.1855231970548629,0.8619918823242188,0.2472999989986419,0.7734928180249081,0.784814488072459,0.0684644510617303,1.024902731855578,0.0163701342228209,0.3728749752044678,0.0715800672769546,,,,0.7200860381126404
explicit_residual_target_diffusion_calibrated90,0.0870962738990783,0.1562542199518645,16.12336489701399,0.186040598899126,3.194842576980591,9.843212100878992,0.547912634559836,32,F3NCS_0448_ood_unseen_layer_modulus_ellipse_zb07p4_E21p0;F3NCS_0449_ood_unseen_layer_modulus_ellipse_zb05p8_E54p9;F3NCS_0450_ood_unseen_layer_modulus_crescent_zb09p9_E11p6;F3NCS_0451_ood_unseen_layer_modulus_cylinder_zb09p3_E36p6;F3NCS_0452_ood_unseen_layer_modulus_two_foci_zb09p4_E11p5;F3NCS_0453_ood_unseen_layer_modulus_lobed_zb09p7_E21p6;F3NCS_0454_ood_unseen_layer_modulus_crescent_zb06p1_E76p6;F3NCS_0455_ood_unseen_layer_modulus_ellipse_zb06p0_E06p3;F3NCS_0456_ood_unseen_layer_modulus_ellipse_zb02p7_E65p7;F3NCS_0457_ood_unseen_layer_modulus_lobed_zb07p1_E19p6;F3NCS_0458_ood_unseen_layer_modulus_lobed_zb02p9_E06p6;F3NCS_0459_ood_unseen_layer_modulus_ellipse_zb09p5_E34p1;F3NCS_0460_ood_unseen_layer_modulus_two_foci_zb03p6_E86p4;F3NCS_0461_ood_unseen_layer_modulus_cylinder_zb08p2_E46p7;F3NCS_0462_ood_unseen_layer_modulus_two_foci_zb09p7_E30p7;F3NCS_0463_ood_unseen_layer_modulus_lobed_zb03p1_E09p1;F3NCS_0464_ood_unseen_layer_modulus_lobed_zb05p9_E29p2;F3NCS_0465_ood_unseen_layer_modulus_two_foci_zb03p6_E42p2;F3NCS_0466_ood_unseen_layer_modulus_two_foci_zb03p5_E33p5;F3NCS_0467_ood_unseen_layer_modulus_cylinder_zb03p5_E16p4;F3NCS_0468_ood_unseen_layer_modulus_lobed_zb04p2_E55p5;F3NCS_0469_ood_unseen_layer_modulus_ellipse_zb08p2_E21p5;F3NCS_0470_ood_unseen_layer_modulus_lobed_zb05p9_E43p7;F3NCS_0471_ood_unseen_layer_modulus_lobed_zb02p0_E78p3;F3NCS_0472_ood_unseen_layer_modulus_lobed_zb07p9_E07p2;F3NCS_0473_ood_unseen_layer_modulus_ellipse_zb05p9_E08p4;F3NCS_0474_ood_unseen_layer_modulus_cylinder_zb09p4_E22p6;F3NCS_0475_ood_unseen_layer_modulus_lobed_zb08p1_E22p1;F3NCS_0476_ood_unseen_layer_modulus_ellipse_zb05p7_E79p4;F3NCS_0477_ood_unseen_layer_modulus_ellipse_zb03p5_E10p4;F3NCS_0478_ood_unseen_layer_modulus_ellipse_zb07p1_E27p2;F3NCS_0479_ood_unseen_layer_modulus_cylinder_zb03p7_E09p1,method2b_512_full_comsol_recalibrated_9model,fig3_true_ood,2,split_role/ood_split_family,ood_unseen_layer_modulus,230,38,32,0.0592550188302993,0.744720458984375,0.0897684097290039,0.8727798461914062,0.2246676236391067,0.9208831787109376,0.3620671033859253,0.9477767944335938,0.4826306998729706,0.7734928112233684,0.7848144867790257,0.0086751881603057,0.069137323807998,0.0163701342943526,0.5090014934539795,0.1396956741809845,validation,0.9,1.951600193977356,0.7200860381126404
explicit_residual_likelihood_guided_diffusion,0.0862703472375869,0.1555301655177193,16.16370731636392,0.1917171364184469,3.17368483543396,9.842331557030358,0.5537761881251229,32,F3NCS_0448_ood_unseen_layer_modulus_ellipse_zb07p4_E21p0;F3NCS_0449_ood_unseen_layer_modulus_ellipse_zb05p8_E54p9;F3NCS_0450_ood_unseen_layer_modulus_crescent_zb09p9_E11p6;F3NCS_0451_ood_unseen_layer_modulus_cylinder_zb09p3_E36p6;F3NCS_0452_ood_unseen_layer_modulus_two_foci_zb09p4_E11p5;F3NCS_0453_ood_unseen_layer_modulus_lobed_zb09p7_E21p6;F3NCS_0454_ood_unseen_layer_modulus_crescent_zb06p1_E76p6;F3NCS_0455_ood_unseen_layer_modulus_ellipse_zb06p0_E06p3;F3NCS_0456_ood_unseen_layer_modulus_ellipse_zb02p7_E65p7;F3NCS_0457_ood_unseen_layer_modulus_lobed_zb07p1_E19p6;F3NCS_0458_ood_unseen_layer_modulus_lobed_zb02p9_E06p6;F3NCS_0459_ood_unseen_layer_modulus_ellipse_zb09p5_E34p1;F3NCS_0460_ood_unseen_layer_modulus_two_foci_zb03p6_E86p4;F3NCS_0461_ood_unseen_layer_modulus_cylinder_zb08p2_E46p7;F3NCS_0462_ood_unseen_layer_modulus_two_foci_zb09p7_E30p7;F3NCS_0463_ood_unseen_layer_modulus_lobed_zb03p1_E09p1;F3NCS_0464_ood_unseen_layer_modulus_lobed_zb05p9_E29p2;F3NCS_0465_ood_unseen_layer_modulus_two_foci_zb03p6_E42p2;F3NCS_0466_ood_unseen_layer_modulus_two_foci_zb03p5_E33p5;F3NCS_0467_ood_unseen_layer_modulus_cylinder_zb03p5_E16p4;F3NCS_0468_ood_unseen_layer_modulus_lobed_zb04p2_E55p5;F3NCS_0469_ood_unseen_layer_modulus_ellipse_zb08p2_E21p5;F3NCS_0470_ood_unseen_layer_modulus_lobed_zb05p9_E43p7;F3NCS_0471_ood_unseen_layer_modulus_lobed_zb02p0_E78p3;F3NCS_0472_ood_unseen_layer_modulus_lobed_zb07p9_E07p2;F3NCS_0473_ood_unseen_layer_modulus_ellipse_zb05p9_E08p4;F3NCS_0474_ood_unseen_layer_modulus_cylinder_zb09p4_E22p6;F3NCS_0475_ood_unseen_layer_modulus_lobed_zb08p1_E22p1;F3NCS_0476_ood_unseen_layer_modulus_ellipse_zb05p7_E79p4;F3NCS_0477_ood_unseen_layer_modulus_ellipse_zb03p5_E10p4;F3NCS_0478_ood_unseen_layer_modulus_ellipse_zb07p1_E27p2;F3NCS_0479_ood_unseen_layer_modulus_cylinder_zb03p7_E09p1,method2b_512_full_comsol_recalibrated_9model,fig3_true_ood,2,split_role/ood_split_family,ood_unseen_layer_modulus,230,38,32,0.0589447319507598,0.5441513061523438,0.0447927787899971,0.749053955078125,0.1139515042304992,0.8236618041992188,0.1823766678571701,0.8604888916015625,0.2428512722253799,0.7593830394194143,0.7613011053257617,0.0718909476427465,1.169776119423607,0.0188250777156188,0.3816196918487549,0.0709437802433967,,,,0.7200860381126404
explicit_residual_likelihood_guided_diffusion_calibrated90,0.0862703472375869,0.1555301655177193,16.16370731636392,0.1917171557433903,3.173684597015381,9.842331557030358,0.5537761925626925,32,F3NCS_0448_ood_unseen_layer_modulus_ellipse_zb07p4_E21p0;F3NCS_0449_ood_unseen_layer_modulus_ellipse_zb05p8_E54p9;F3NCS_0450_ood_unseen_layer_modulus_crescent_zb09p9_E11p6;F3NCS_0451_ood_unseen_layer_modulus_cylinder_zb09p3_E36p6;F3NCS_0452_ood_unseen_layer_modulus_two_foci_zb09p4_E11p5;F3NCS_0453_ood_unseen_layer_modulus_lobed_zb09p7_E21p6;F3NCS_0454_ood_unseen_layer_modulus_crescent_zb06p1_E76p6;F3NCS_0455_ood_unseen_layer_modulus_ellipse_zb06p0_E06p3;F3NCS_0456_ood_unseen_layer_modulus_ellipse_zb02p7_E65p7;F3NCS_0457_ood_unseen_layer_modulus_lobed_zb07p1_E19p6;F3NCS_0458_ood_unseen_layer_modulus_lobed_zb02p9_E06p6;F3NCS_0459_ood_unseen_layer_modulus_ellipse_zb09p5_E34p1;F3NCS_0460_ood_unseen_layer_modulus_two_foci_zb03p6_E86p4;F3NCS_0461_ood_unseen_layer_modulus_cylinder_zb08p2_E46p7;F3NCS_0462_ood_unseen_layer_modulus_two_foci_zb09p7_E30p7;F3NCS_0463_ood_unseen_layer_modulus_lobed_zb03p1_E09p1;F3NCS_0464_ood_unseen_layer_modulus_lobed_zb05p9_E29p2;F3NCS_0465_ood_unseen_layer_modulus_two_foci_zb03p6_E42p2;F3NCS_0466_ood_unseen_layer_modulus_two_foci_zb03p5_E33p5;F3NCS_0467_ood_unseen_layer_modulus_cylinder_zb03p5_E16p4;F3NCS_0468_ood_unseen_layer_modulus_lobed_zb04p2_E55p5;F3NCS_0469_ood_unseen_layer_modulus_ellipse_zb08p2_E21p5;F3NCS_0470_ood_unseen_layer_modulus_lobed_zb05p9_E43p7;F3NCS_0471_ood_unseen_layer_modulus_lobed_zb02p0_E78p3;F3NCS_0472_ood_unseen_layer_modulus_lobed_zb07p9_E07p2;F3NCS_0473_ood_unseen_layer_modulus_ellipse_zb05p9_E08p4;F3NCS_0474_ood_unseen_layer_modulus_cylinder_zb09p4_E22p6;F3NCS_0475_ood_unseen_layer_modulus_lobed_zb08p1_E22p1;F3NCS_0476_ood_unseen_layer_modulus_ellipse_zb05p7_E79p4;F3NCS_0477_ood_unseen_layer_modulus_ellipse_zb03p5_E10p4;F3NCS_0478_ood_unseen_layer_modulus_ellipse_zb07p1_E27p2;F3NCS_0479_ood_unseen_layer_modulus_cylinder_zb03p7_E09p1,method2b_512_full_comsol_recalibrated_9model,fig3_true_ood,2,split_role/ood_split_family,ood_unseen_layer_modulus,230,38,32,0.059371817857027,0.7360610961914062,0.0896428078413009,0.8759536743164062,0.2280486673116684,0.9223175048828124,0.3649865090847015,0.9441986083984376,0.4860129952430725,0.7593830440377753,0.7613011075892702,0.0185640018248991,0.1984622615432607,0.0188250777408274,0.5195283889770508,0.1419782489538192,validation,0.9,2.0012784004211426,0.7200860381126404
train_mean_prior,0.1387180089950561,0.2099162830506646,13.559077444190562,0.0306947253411635,3.739305257797241,10.71926353714697,,32,F3NCS_0480_ood_unseen_operator_noise_lobed_zb10p0_E66p7;F3NCS_0481_ood_unseen_operator_noise_ellipse_zb05p4_E11p5;F3NCS_0482_ood_unseen_operator_noise_lobed_zb01p7_E06p9;F3NCS_0483_ood_unseen_operator_noise_lobed_zb08p7_E31p8;F3NCS_0484_ood_unseen_operator_noise_cylinder_zb10p1_E08p6;F3NCS_0485_ood_unseen_operator_noise_two_foci_zb07p5_E25p6;F3NCS_0486_ood_unseen_operator_noise_cylinder_zb04p8_E14p8;F3NCS_0487_ood_unseen_operator_noise_two_foci_zb04p8_E08p4;F3NCS_0488_ood_unseen_operator_noise_ellipse_zb02p0_E51p8;F3NCS_0489_ood_unseen_operator_noise_two_foci_zb07p5_E23p2;F3NCS_0490_ood_unseen_operator_noise_crescent_zb05p7_E09p8;F3NCS_0491_ood_unseen_operator_noise_two_foci_zb01p9_E52p0;F3NCS_0492_ood_unseen_operator_noise_two_foci_zb05p8_E11p8;F3NCS_0493_ood_unseen_operator_noise_two_foci_zb02p7_E17p6;F3NCS_0494_ood_unseen_operator_noise_cylinder_zb03p5_E15p1;F3NCS_0495_ood_unseen_operator_noise_ellipse_zb11p4_E39p6;F3NCS_0496_ood_unseen_operator_noise_two_foci_zb05p4_E16p3;F3NCS_0497_ood_unseen_operator_noise_two_foci_zb06p2_E23p1;F3NCS_0498_ood_unseen_operator_noise_crescent_zb04p0_E08p5;F3NCS_0499_ood_unseen_operator_noise_lobed_zb01p5_E71p0;F3NCS_0500_ood_unseen_operator_noise_cylinder_zb02p3_E45p6;F3NCS_0501_ood_unseen_operator_noise_two_foci_zb09p3_E50p3;F3NCS_0502_ood_unseen_operator_noise_cylinder_zb11p5_E11p1;F3NCS_0503_ood_unseen_operator_noise_two_foci_zb07p9_E32p0;F3NCS_0504_ood_unseen_operator_noise_crescent_zb10p9_E39p6;F3NCS_0505_ood_unseen_operator_noise_lobed_zb06p3_E74p2;F3NCS_0506_ood_unseen_operator_noise_lobed_zb06p9_E36p9;F3NCS_0507_ood_unseen_operator_noise_ellipse_zb01p4_E08p8;F3NCS_0508_ood_unseen_operator_noise_two_foci_zb03p5_E13p6;F3NCS_0509_ood_unseen_operator_noise_crescent_zb11p1_E35p5;F3NCS_0510_ood_unseen_operator_noise_ellipse_zb02p7_E08p0;F3NCS_0511_ood_unseen_operator_noise_crescent_zb08p1_E09p7,method2b_512_full_comsol_recalibrated_9model,fig3_true_ood,3,split_role/ood_split_family,ood_unseen_operator_noise,230,38,32,,,,,,,,,,,,,,,,,,,,
srcnn_bz_single_channel,0.1068660914897918,0.1900667987746286,14.421874797701806,0.1758714928291738,3.351691722869873,10.275343662278631,0.3700803445349027,32,F3NCS_0480_ood_unseen_operator_noise_lobed_zb10p0_E66p7;F3NCS_0481_ood_unseen_operator_noise_ellipse_zb05p4_E11p5;F3NCS_0482_ood_unseen_operator_noise_lobed_zb01p7_E06p9;F3NCS_0483_ood_unseen_operator_noise_lobed_zb08p7_E31p8;F3NCS_0484_ood_unseen_operator_noise_cylinder_zb10p1_E08p6;F3NCS_0485_ood_unseen_operator_noise_two_foci_zb07p5_E25p6;F3NCS_0486_ood_unseen_operator_noise_cylinder_zb04p8_E14p8;F3NCS_0487_ood_unseen_operator_noise_two_foci_zb04p8_E08p4;F3NCS_0488_ood_unseen_operator_noise_ellipse_zb02p0_E51p8;F3NCS_0489_ood_unseen_operator_noise_two_foci_zb07p5_E23p2;F3NCS_0490_ood_unseen_operator_noise_crescent_zb05p7_E09p8;F3NCS_0491_ood_unseen_operator_noise_two_foci_zb01p9_E52p0;F3NCS_0492_ood_unseen_operator_noise_two_foci_zb05p8_E11p8;F3NCS_0493_ood_unseen_operator_noise_two_foci_zb02p7_E17p6;F3NCS_0494_ood_unseen_operator_noise_cylinder_zb03p5_E15p1;F3NCS_0495_ood_unseen_operator_noise_ellipse_zb11p4_E39p6;F3NCS_0496_ood_unseen_operator_noise_two_foci_zb05p4_E16p3;F3NCS_0497_ood_unseen_operator_noise_two_foci_zb06p2_E23p1;F3NCS_0498_ood_unseen_operator_noise_crescent_zb04p0_E08p5;F3NCS_0499_ood_unseen_operator_noise_lobed_zb01p5_E71p0;F3NCS_0500_ood_unseen_operator_noise_cylinder_zb02p3_E45p6;F3NCS_0501_ood_unseen_operator_noise_two_foci_zb09p3_E50p3;F3NCS_0502_ood_unseen_operator_noise_cylinder_zb11p5_E11p1;F3NCS_0503_ood_unseen_operator_noise_two_foci_zb07p9_E32p0;F3NCS_0504_ood_unseen_operator_noise_crescent_zb10p9_E39p6;F3NCS_0505_ood_unseen_operator_noise_lobed_zb06p3_E74p2;F3NCS_0506_ood_unseen_operator_noise_lobed_zb06p9_E36p9;F3NCS_0507_ood_unseen_operator_noise_ellipse_zb01p4_E08p8;F3NCS_0508_ood_unseen_operator_noise_two_foci_zb03p5_E13p6;F3NCS_0509_ood_unseen_operator_noise_crescent_zb11p1_E35p5;F3NCS_0510_ood_unseen_operator_noise_ellipse_zb02p7_E08p0;F3NCS_0511_ood_unseen_operator_noise_crescent_zb08p1_E09p7,method2b_512_full_comsol_recalibrated_9model,fig3_true_ood,3,split_role/ood_split_family,ood_unseen_operator_noise,230,38,32,0.1068660914897918,0.0,0.0,0.0,0.0,0.0,0.0,0.0,0.0,,0.5,0.18672601012675,,0.0781421495512705,0.1392822265625,0.0,,,,
unet_canonical_bxyz,0.0721218511462211,0.1493623930906206,16.51517473437114,0.4028736976906657,2.645918369293213,8.196732535307657,0.5206046100600066,32,F3NCS_0480_ood_unseen_operator_noise_lobed_zb10p0_E66p7;F3NCS_0481_ood_unseen_operator_noise_ellipse_zb05p4_E11p5;F3NCS_0482_ood_unseen_operator_noise_lobed_zb01p7_E06p9;F3NCS_0483_ood_unseen_operator_noise_lobed_zb08p7_E31p8;F3NCS_0484_ood_unseen_operator_noise_cylinder_zb10p1_E08p6;F3NCS_0485_ood_unseen_operator_noise_two_foci_zb07p5_E25p6;F3NCS_0486_ood_unseen_operator_noise_cylinder_zb04p8_E14p8;F3NCS_0487_ood_unseen_operator_noise_two_foci_zb04p8_E08p4;F3NCS_0488_ood_unseen_operator_noise_ellipse_zb02p0_E51p8;F3NCS_0489_ood_unseen_operator_noise_two_foci_zb07p5_E23p2;F3NCS_0490_ood_unseen_operator_noise_crescent_zb05p7_E09p8;F3NCS_0491_ood_unseen_operator_noise_two_foci_zb01p9_E52p0;F3NCS_0492_ood_unseen_operator_noise_two_foci_zb05p8_E11p8;F3NCS_0493_ood_unseen_operator_noise_two_foci_zb02p7_E17p6;F3NCS_0494_ood_unseen_operator_noise_cylinder_zb03p5_E15p1;F3NCS_0495_ood_unseen_operator_noise_ellipse_zb11p4_E39p6;F3NCS_0496_ood_unseen_operator_noise_two_foci_zb05p4_E16p3;F3NCS_0497_ood_unseen_operator_noise_two_foci_zb06p2_E23p1;F3NCS_0498_ood_unseen_operator_noise_crescent_zb04p0_E08p5;F3NCS_0499_ood_unseen_operator_noise_lobed_zb01p5_E71p0;F3NCS_0500_ood_unseen_operator_noise_cylinder_zb02p3_E45p6;F3NCS_0501_ood_unseen_operator_noise_two_foci_zb09p3_E50p3;F3NCS_0502_ood_unseen_operator_noise_cylinder_zb11p5_E11p1;F3NCS_0503_ood_unseen_operator_noise_two_foci_zb07p9_E32p0;F3NCS_0504_ood_unseen_operator_noise_crescent_zb10p9_E39p6;F3NCS_0505_ood_unseen_operator_noise_lobed_zb06p3_E74p2;F3NCS_0506_ood_unseen_operator_noise_lobed_zb06p9_E36p9;F3NCS_0507_ood_unseen_operator_noise_ellipse_zb01p4_E08p8;F3NCS_0508_ood_unseen_operator_noise_two_foci_zb03p5_E13p6;F3NCS_0509_ood_unseen_operator_noise_crescent_zb11p1_E35p5;F3NCS_0510_ood_unseen_operator_noise_ellipse_zb02p7_E08p0;F3NCS_0511_ood_unseen_operator_noise_crescent_zb08p1_E09p7,method2b_512_full_comsol_recalibrated_9model,fig3_true_ood,3,split_role/ood_split_family,ood_unseen_operator_noise,230,38,32,0.0721218585968017,0.0,0.0,0.0,0.0,0.0,0.0,0.0,0.0,,0.5,0.1481102000466858,,0.0583406047172922,0.10906982421875,0.0,,,,
vanilla_diffusion,0.4827896952629089,0.4988063332525763,6.041360820021261,0.0421240023133577,14.321561813354492,15.381448029410148,0.2201159283021556,32,F3NCS_0480_ood_unseen_operator_noise_lobed_zb10p0_E66p7;F3NCS_0481_ood_unseen_operator_noise_ellipse_zb05p4_E11p5;F3NCS_0482_ood_unseen_operator_noise_lobed_zb01p7_E06p9;F3NCS_0483_ood_unseen_operator_noise_lobed_zb08p7_E31p8;F3NCS_0484_ood_unseen_operator_noise_cylinder_zb10p1_E08p6;F3NCS_0485_ood_unseen_operator_noise_two_foci_zb07p5_E25p6;F3NCS_0486_ood_unseen_operator_noise_cylinder_zb04p8_E14p8;F3NCS_0487_ood_unseen_operator_noise_two_foci_zb04p8_E08p4;F3NCS_0488_ood_unseen_operator_noise_ellipse_zb02p0_E51p8;F3NCS_0489_ood_unseen_operator_noise_two_foci_zb07p5_E23p2;F3NCS_0490_ood_unseen_operator_noise_crescent_zb05p7_E09p8;F3NCS_0491_ood_unseen_operator_noise_two_foci_zb01p9_E52p0;F3NCS_0492_ood_unseen_operator_noise_two_foci_zb05p8_E11p8;F3NCS_0493_ood_unseen_operator_noise_two_foci_zb02p7_E17p6;F3NCS_0494_ood_unseen_operator_noise_cylinder_zb03p5_E15p1;F3NCS_0495_ood_unseen_operator_noise_ellipse_zb11p4_E39p6;F3NCS_0496_ood_unseen_operator_noise_two_foci_zb05p4_E16p3;F3NCS_0497_ood_unseen_operator_noise_two_foci_zb06p2_E23p1;F3NCS_0498_ood_unseen_operator_noise_crescent_zb04p0_E08p5;F3NCS_0499_ood_unseen_operator_noise_lobed_zb01p5_E71p0;F3NCS_0500_ood_unseen_operator_noise_cylinder_zb02p3_E45p6;F3NCS_0501_ood_unseen_operator_noise_two_foci_zb09p3_E50p3;F3NCS_0502_ood_unseen_operator_noise_cylinder_zb11p5_E11p1;F3NCS_0503_ood_unseen_operator_noise_two_foci_zb07p9_E32p0;F3NCS_0504_ood_unseen_operator_noise_crescent_zb10p9_E39p6;F3NCS_0505_ood_unseen_operator_noise_lobed_zb06p3_E74p2;F3NCS_0506_ood_unseen_operator_noise_lobed_zb06p9_E36p9;F3NCS_0507_ood_unseen_operator_noise_ellipse_zb01p4_E08p8;F3NCS_0508_ood_unseen_operator_noise_two_foci_zb03p5_E13p6;F3NCS_0509_ood_unseen_operator_noise_crescent_zb11p1_E35p5;F3NCS_0510_ood_unseen_operator_noise_ellipse_zb02p7_E08p0;F3NCS_0511_ood_unseen_operator_noise_crescent_zb08p1_E09p7,method2b_512_full_comsol_recalibrated_9model,fig3_true_ood,3,split_role/ood_split_family,ood_unseen_operator_noise,230,38,32,0.4421048760414123,0.0175018310546875,0.0798410177230835,0.037078857421875,0.1891102641820907,0.044036865234375,0.2497409880161285,0.0496673583984375,0.2921172976493835,0.4756685944709031,0.9192954309066655,0.4152946642771654,5.707157765937223,0.1065974365401127,0.0649974346160888,0.0834833607077598,,,,
vanilla_diffusion_calibrated90,0.4827896952629089,0.4988063332525763,6.041360820021261,0.0421240882424172,14.321561813354492,15.381448029410148,0.2201158924423737,32,F3NCS_0480_ood_unseen_operator_noise_lobed_zb10p0_E66p7;F3NCS_0481_ood_unseen_operator_noise_ellipse_zb05p4_E11p5;F3NCS_0482_ood_unseen_operator_noise_lobed_zb01p7_E06p9;F3NCS_0483_ood_unseen_operator_noise_lobed_zb08p7_E31p8;F3NCS_0484_ood_unseen_operator_noise_cylinder_zb10p1_E08p6;F3NCS_0485_ood_unseen_operator_noise_two_foci_zb07p5_E25p6;F3NCS_0486_ood_unseen_operator_noise_cylinder_zb04p8_E14p8;F3NCS_0487_ood_unseen_operator_noise_two_foci_zb04p8_E08p4;F3NCS_0488_ood_unseen_operator_noise_ellipse_zb02p0_E51p8;F3NCS_0489_ood_unseen_operator_noise_two_foci_zb07p5_E23p2;F3NCS_0490_ood_unseen_operator_noise_crescent_zb05p7_E09p8;F3NCS_0491_ood_unseen_operator_noise_two_foci_zb01p9_E52p0;F3NCS_0492_ood_unseen_operator_noise_two_foci_zb05p8_E11p8;F3NCS_0493_ood_unseen_operator_noise_two_foci_zb02p7_E17p6;F3NCS_0494_ood_unseen_operator_noise_cylinder_zb03p5_E15p1;F3NCS_0495_ood_unseen_operator_noise_ellipse_zb11p4_E39p6;F3NCS_0496_ood_unseen_operator_noise_two_foci_zb05p4_E16p3;F3NCS_0497_ood_unseen_operator_noise_two_foci_zb06p2_E23p1;F3NCS_0498_ood_unseen_operator_noise_crescent_zb04p0_E08p5;F3NCS_0499_ood_unseen_operator_noise_lobed_zb01p5_E71p0;F3NCS_0500_ood_unseen_operator_noise_cylinder_zb02p3_E45p6;F3NCS_0501_ood_unseen_operator_noise_two_foci_zb09p3_E50p3;F3NCS_0502_ood_unseen_operator_noise_cylinder_zb11p5_E11p1;F3NCS_0503_ood_unseen_operator_noise_two_foci_zb07p9_E32p0;F3NCS_0504_ood_unseen_operator_noise_crescent_zb10p9_E39p6;F3NCS_0505_ood_unseen_operator_noise_lobed_zb06p3_E74p2;F3NCS_0506_ood_unseen_operator_noise_lobed_zb06p9_E36p9;F3NCS_0507_ood_unseen_operator_noise_ellipse_zb01p4_E08p8;F3NCS_0508_ood_unseen_operator_noise_two_foci_zb03p5_E13p6;F3NCS_0509_ood_unseen_operator_noise_crescent_zb11p1_E35p5;F3NCS_0510_ood_unseen_operator_noise_ellipse_zb02p7_E08p0;F3NCS_0511_ood_unseen_operator_noise_crescent_zb08p1_E09p7,method2b_512_full_comsol_recalibrated_9model,fig3_true_ood,3,split_role/ood_split_family,ood_unseen_operator_noise,230,38,32,0.2504314482212066,0.3824539184570312,0.7129257917404175,0.7531890869140625,1.688625454902649,0.8911361694335938,2.230016231536865,0.9468154907226562,2.608407974243164,0.4756686164606249,0.9192954305833072,0.2807216536633425,0.3452811722830375,0.1065974378699425,0.2624871730804443,0.7454493045806885,validation,0.9,8.929316520690918,
likelihood_guided_diffusion,0.4828145503997803,0.4985552269074061,6.045734523871049,0.0413897881517186,14.322528839111328,15.37499106802332,0.2209538681235238,32,F3NCS_0480_ood_unseen_operator_noise_lobed_zb10p0_E66p7;F3NCS_0481_ood_unseen_operator_noise_ellipse_zb05p4_E11p5;F3NCS_0482_ood_unseen_operator_noise_lobed_zb01p7_E06p9;F3NCS_0483_ood_unseen_operator_noise_lobed_zb08p7_E31p8;F3NCS_0484_ood_unseen_operator_noise_cylinder_zb10p1_E08p6;F3NCS_0485_ood_unseen_operator_noise_two_foci_zb07p5_E25p6;F3NCS_0486_ood_unseen_operator_noise_cylinder_zb04p8_E14p8;F3NCS_0487_ood_unseen_operator_noise_two_foci_zb04p8_E08p4;F3NCS_0488_ood_unseen_operator_noise_ellipse_zb02p0_E51p8;F3NCS_0489_ood_unseen_operator_noise_two_foci_zb07p5_E23p2;F3NCS_0490_ood_unseen_operator_noise_crescent_zb05p7_E09p8;F3NCS_0491_ood_unseen_operator_noise_two_foci_zb01p9_E52p0;F3NCS_0492_ood_unseen_operator_noise_two_foci_zb05p8_E11p8;F3NCS_0493_ood_unseen_operator_noise_two_foci_zb02p7_E17p6;F3NCS_0494_ood_unseen_operator_noise_cylinder_zb03p5_E15p1;F3NCS_0495_ood_unseen_operator_noise_ellipse_zb11p4_E39p6;F3NCS_0496_ood_unseen_operator_noise_two_foci_zb05p4_E16p3;F3NCS_0497_ood_unseen_operator_noise_two_foci_zb06p2_E23p1;F3NCS_0498_ood_unseen_operator_noise_crescent_zb04p0_E08p5;F3NCS_0499_ood_unseen_operator_noise_lobed_zb01p5_E71p0;F3NCS_0500_ood_unseen_operator_noise_cylinder_zb02p3_E45p6;F3NCS_0501_ood_unseen_operator_noise_two_foci_zb09p3_E50p3;F3NCS_0502_ood_unseen_operator_noise_cylinder_zb11p5_E11p1;F3NCS_0503_ood_unseen_operator_noise_two_foci_zb07p9_E32p0;F3NCS_0504_ood_unseen_operator_noise_crescent_zb10p9_E39p6;F3NCS_0505_ood_unseen_operator_noise_lobed_zb06p3_E74p2;F3NCS_0506_ood_unseen_operator_noise_lobed_zb06p9_E36p9;F3NCS_0507_ood_unseen_operator_noise_ellipse_zb01p4_E08p8;F3NCS_0508_ood_unseen_operator_noise_two_foci_zb03p5_E13p6;F3NCS_0509_ood_unseen_operator_noise_crescent_zb11p1_E35p5;F3NCS_0510_ood_unseen_operator_noise_ellipse_zb02p7_E08p0;F3NCS_0511_ood_unseen_operator_noise_crescent_zb08p1_E09p7,method2b_512_full_comsol_recalibrated_9model,fig3_true_ood,3,split_role/ood_split_family,ood_unseen_operator_noise,230,38,32,0.4419154226779938,0.0167922973632812,0.0785877034068107,0.035736083984375,0.1885755062103271,0.0434417724609375,0.250708669424057,0.0489501953125,0.2951903343200683,0.4626781991075415,0.8912800750298987,0.414177783821912,5.597091925243705,0.1042413457303717,0.0657684803009033,0.0843498408794403,,,,
likelihood_guided_diffusion_calibrated90,0.4828145503997803,0.4985552269074061,6.045734523871049,0.041389815218281,14.322528839111328,15.37499106802332,0.2209538494585991,32,F3NCS_0480_ood_unseen_operator_noise_lobed_zb10p0_E66p7;F3NCS_0481_ood_unseen_operator_noise_ellipse_zb05p4_E11p5;F3NCS_0482_ood_unseen_operator_noise_lobed_zb01p7_E06p9;F3NCS_0483_ood_unseen_operator_noise_lobed_zb08p7_E31p8;F3NCS_0484_ood_unseen_operator_noise_cylinder_zb10p1_E08p6;F3NCS_0485_ood_unseen_operator_noise_two_foci_zb07p5_E25p6;F3NCS_0486_ood_unseen_operator_noise_cylinder_zb04p8_E14p8;F3NCS_0487_ood_unseen_operator_noise_two_foci_zb04p8_E08p4;F3NCS_0488_ood_unseen_operator_noise_ellipse_zb02p0_E51p8;F3NCS_0489_ood_unseen_operator_noise_two_foci_zb07p5_E23p2;F3NCS_0490_ood_unseen_operator_noise_crescent_zb05p7_E09p8;F3NCS_0491_ood_unseen_operator_noise_two_foci_zb01p9_E52p0;F3NCS_0492_ood_unseen_operator_noise_two_foci_zb05p8_E11p8;F3NCS_0493_ood_unseen_operator_noise_two_foci_zb02p7_E17p6;F3NCS_0494_ood_unseen_operator_noise_cylinder_zb03p5_E15p1;F3NCS_0495_ood_unseen_operator_noise_ellipse_zb11p4_E39p6;F3NCS_0496_ood_unseen_operator_noise_two_foci_zb05p4_E16p3;F3NCS_0497_ood_unseen_operator_noise_two_foci_zb06p2_E23p1;F3NCS_0498_ood_unseen_operator_noise_crescent_zb04p0_E08p5;F3NCS_0499_ood_unseen_operator_noise_lobed_zb01p5_E71p0;F3NCS_0500_ood_unseen_operator_noise_cylinder_zb02p3_E45p6;F3NCS_0501_ood_unseen_operator_noise_two_foci_zb09p3_E50p3;F3NCS_0502_ood_unseen_operator_noise_cylinder_zb11p5_E11p1;F3NCS_0503_ood_unseen_operator_noise_two_foci_zb07p9_E32p0;F3NCS_0504_ood_unseen_operator_noise_crescent_zb10p9_E39p6;F3NCS_0505_ood_unseen_operator_noise_lobed_zb06p3_E74p2;F3NCS_0506_ood_unseen_operator_noise_lobed_zb06p9_E36p9;F3NCS_0507_ood_unseen_operator_noise_ellipse_zb01p4_E08p8;F3NCS_0508_ood_unseen_operator_noise_two_foci_zb03p5_E13p6;F3NCS_0509_ood_unseen_operator_noise_crescent_zb11p1_E35p5;F3NCS_0510_ood_unseen_operator_noise_ellipse_zb02p7_E08p0;F3NCS_0511_ood_unseen_operator_noise_crescent_zb08p1_E09p7,method2b_512_full_comsol_recalibrated_9model,fig3_true_ood,3,split_role/ood_split_family,ood_unseen_operator_noise,230,38,32,0.2470579743385315,0.383941650390625,0.7049881219863892,0.763214111328125,1.6916580200195312,0.8996200561523438,2.2490367889404297,0.949066162109375,2.648069381713867,0.4626781646138037,0.8912800769700489,0.2860398690370487,0.3451756712556619,0.1042413453933842,0.2652654647827148,0.7566787004470825,validation,0.9,8.970718383789062,
prior_init_diffusion_unet,0.0747037231922149,0.1492624198963195,16.52099043438762,0.2496944279409945,2.670827865600586,8.219607696453265,0.5213958994763418,32,F3NCS_0480_ood_unseen_operator_noise_lobed_zb10p0_E66p7;F3NCS_0481_ood_unseen_operator_noise_ellipse_zb05p4_E11p5;F3NCS_0482_ood_unseen_operator_noise_lobed_zb01p7_E06p9;F3NCS_0483_ood_unseen_operator_noise_lobed_zb08p7_E31p8;F3NCS_0484_ood_unseen_operator_noise_cylinder_zb10p1_E08p6;F3NCS_0485_ood_unseen_operator_noise_two_foci_zb07p5_E25p6;F3NCS_0486_ood_unseen_operator_noise_cylinder_zb04p8_E14p8;F3NCS_0487_ood_unseen_operator_noise_two_foci_zb04p8_E08p4;F3NCS_0488_ood_unseen_operator_noise_ellipse_zb02p0_E51p8;F3NCS_0489_ood_unseen_operator_noise_two_foci_zb07p5_E23p2;F3NCS_0490_ood_unseen_operator_noise_crescent_zb05p7_E09p8;F3NCS_0491_ood_unseen_operator_noise_two_foci_zb01p9_E52p0;F3NCS_0492_ood_unseen_operator_noise_two_foci_zb05p8_E11p8;F3NCS_0493_ood_unseen_operator_noise_two_foci_zb02p7_E17p6;F3NCS_0494_ood_unseen_operator_noise_cylinder_zb03p5_E15p1;F3NCS_0495_ood_unseen_operator_noise_ellipse_zb11p4_E39p6;F3NCS_0496_ood_unseen_operator_noise_two_foci_zb05p4_E16p3;F3NCS_0497_ood_unseen_operator_noise_two_foci_zb06p2_E23p1;F3NCS_0498_ood_unseen_operator_noise_crescent_zb04p0_E08p5;F3NCS_0499_ood_unseen_operator_noise_lobed_zb01p5_E71p0;F3NCS_0500_ood_unseen_operator_noise_cylinder_zb02p3_E45p6;F3NCS_0501_ood_unseen_operator_noise_two_foci_zb09p3_E50p3;F3NCS_0502_ood_unseen_operator_noise_cylinder_zb11p5_E11p1;F3NCS_0503_ood_unseen_operator_noise_two_foci_zb07p9_E32p0;F3NCS_0504_ood_unseen_operator_noise_crescent_zb10p9_E39p6;F3NCS_0505_ood_unseen_operator_noise_lobed_zb06p3_E74p2;F3NCS_0506_ood_unseen_operator_noise_lobed_zb06p9_E36p9;F3NCS_0507_ood_unseen_operator_noise_ellipse_zb01p4_E08p8;F3NCS_0508_ood_unseen_operator_noise_two_foci_zb03p5_E13p6;F3NCS_0509_ood_unseen_operator_noise_crescent_zb11p1_E35p5;F3NCS_0510_ood_unseen_operator_noise_ellipse_zb02p7_E08p0;F3NCS_0511_ood_unseen_operator_noise_crescent_zb08p1_E09p7,method2b_512_full_comsol_recalibrated_9model,fig3_true_ood,3,split_role/ood_split_family,ood_unseen_operator_noise,230,38,32,0.0699460133910179,0.0057754516601562,0.0113305570557713,0.0159225463867187,0.0211440064013004,0.0250091552734375,0.0266223195940256,0.0379104614257812,0.0306960456073284,0.6112756915447091,0.8242012308891722,0.1209892916508915,13.792732759226356,0.0141910702551886,0.1151387691497802,0.0086021125316619,,,,
prior_init_diffusion_unet_calibrated90,0.0747037231922149,0.1492624198963195,16.52099043438762,0.2496944074518978,2.670827865600586,8.219607696453265,0.5213958967146358,32,F3NCS_0480_ood_unseen_operator_noise_lobed_zb10p0_E66p7;F3NCS_0481_ood_unseen_operator_noise_ellipse_zb05p4_E11p5;F3NCS_0482_ood_unseen_operator_noise_lobed_zb01p7_E06p9;F3NCS_0483_ood_unseen_operator_noise_lobed_zb08p7_E31p8;F3NCS_0484_ood_unseen_operator_noise_cylinder_zb10p1_E08p6;F3NCS_0485_ood_unseen_operator_noise_two_foci_zb07p5_E25p6;F3NCS_0486_ood_unseen_operator_noise_cylinder_zb04p8_E14p8;F3NCS_0487_ood_unseen_operator_noise_two_foci_zb04p8_E08p4;F3NCS_0488_ood_unseen_operator_noise_ellipse_zb02p0_E51p8;F3NCS_0489_ood_unseen_operator_noise_two_foci_zb07p5_E23p2;F3NCS_0490_ood_unseen_operator_noise_crescent_zb05p7_E09p8;F3NCS_0491_ood_unseen_operator_noise_two_foci_zb01p9_E52p0;F3NCS_0492_ood_unseen_operator_noise_two_foci_zb05p8_E11p8;F3NCS_0493_ood_unseen_operator_noise_two_foci_zb02p7_E17p6;F3NCS_0494_ood_unseen_operator_noise_cylinder_zb03p5_E15p1;F3NCS_0495_ood_unseen_operator_noise_ellipse_zb11p4_E39p6;F3NCS_0496_ood_unseen_operator_noise_two_foci_zb05p4_E16p3;F3NCS_0497_ood_unseen_operator_noise_two_foci_zb06p2_E23p1;F3NCS_0498_ood_unseen_operator_noise_crescent_zb04p0_E08p5;F3NCS_0499_ood_unseen_operator_noise_lobed_zb01p5_E71p0;F3NCS_0500_ood_unseen_operator_noise_cylinder_zb02p3_E45p6;F3NCS_0501_ood_unseen_operator_noise_two_foci_zb09p3_E50p3;F3NCS_0502_ood_unseen_operator_noise_cylinder_zb11p5_E11p1;F3NCS_0503_ood_unseen_operator_noise_two_foci_zb07p9_E32p0;F3NCS_0504_ood_unseen_operator_noise_crescent_zb10p9_E39p6;F3NCS_0505_ood_unseen_operator_noise_lobed_zb06p3_E74p2;F3NCS_0506_ood_unseen_operator_noise_lobed_zb06p9_E36p9;F3NCS_0507_ood_unseen_operator_noise_ellipse_zb01p4_E08p8;F3NCS_0508_ood_unseen_operator_noise_two_foci_zb03p5_E13p6;F3NCS_0509_ood_unseen_operator_noise_crescent_zb11p1_E35p5;F3NCS_0510_ood_unseen_operator_noise_ellipse_zb02p7_E08p0;F3NCS_0511_ood_unseen_operator_noise_crescent_zb08p1_E09p7,method2b_512_full_comsol_recalibrated_9model,fig3_true_ood,3,split_role/ood_split_family,ood_unseen_operator_noise,230,38,32,0.0617595911026001,0.8192214965820312,0.1388090550899505,0.8816909790039062,0.2590322494506836,0.9057693481445312,0.3261462748050689,0.9204483032226562,0.3760529160499573,0.6112757069533538,0.8242012279789471,0.0242081409816036,0.2074854137663979,0.0141910703684827,0.427386999130249,0.1053832620382309,validation,0.9,12.250858306884766,
residual_likelihood_guided_diffusion,0.074765533208847,0.1492579461091878,16.521250777236677,0.248110708547756,2.671501398086548,8.21671400488577,0.5224103969340724,32,F3NCS_0480_ood_unseen_operator_noise_lobed_zb10p0_E66p7;F3NCS_0481_ood_unseen_operator_noise_ellipse_zb05p4_E11p5;F3NCS_0482_ood_unseen_operator_noise_lobed_zb01p7_E06p9;F3NCS_0483_ood_unseen_operator_noise_lobed_zb08p7_E31p8;F3NCS_0484_ood_unseen_operator_noise_cylinder_zb10p1_E08p6;F3NCS_0485_ood_unseen_operator_noise_two_foci_zb07p5_E25p6;F3NCS_0486_ood_unseen_operator_noise_cylinder_zb04p8_E14p8;F3NCS_0487_ood_unseen_operator_noise_two_foci_zb04p8_E08p4;F3NCS_0488_ood_unseen_operator_noise_ellipse_zb02p0_E51p8;F3NCS_0489_ood_unseen_operator_noise_two_foci_zb07p5_E23p2;F3NCS_0490_ood_unseen_operator_noise_crescent_zb05p7_E09p8;F3NCS_0491_ood_unseen_operator_noise_two_foci_zb01p9_E52p0;F3NCS_0492_ood_unseen_operator_noise_two_foci_zb05p8_E11p8;F3NCS_0493_ood_unseen_operator_noise_two_foci_zb02p7_E17p6;F3NCS_0494_ood_unseen_operator_noise_cylinder_zb03p5_E15p1;F3NCS_0495_ood_unseen_operator_noise_ellipse_zb11p4_E39p6;F3NCS_0496_ood_unseen_operator_noise_two_foci_zb05p4_E16p3;F3NCS_0497_ood_unseen_operator_noise_two_foci_zb06p2_E23p1;F3NCS_0498_ood_unseen_operator_noise_crescent_zb04p0_E08p5;F3NCS_0499_ood_unseen_operator_noise_lobed_zb01p5_E71p0;F3NCS_0500_ood_unseen_operator_noise_cylinder_zb02p3_E45p6;F3NCS_0501_ood_unseen_operator_noise_two_foci_zb09p3_E50p3;F3NCS_0502_ood_unseen_operator_noise_cylinder_zb11p5_E11p1;F3NCS_0503_ood_unseen_operator_noise_two_foci_zb07p9_E32p0;F3NCS_0504_ood_unseen_operator_noise_crescent_zb10p9_E39p6;F3NCS_0505_ood_unseen_operator_noise_lobed_zb06p3_E74p2;F3NCS_0506_ood_unseen_operator_noise_lobed_zb06p9_E36p9;F3NCS_0507_ood_unseen_operator_noise_ellipse_zb01p4_E08p8;F3NCS_0508_ood_unseen_operator_noise_two_foci_zb03p5_E13p6;F3NCS_0509_ood_unseen_operator_noise_crescent_zb11p1_E35p5;F3NCS_0510_ood_unseen_operator_noise_ellipse_zb02p7_E08p0;F3NCS_0511_ood_unseen_operator_noise_crescent_zb08p1_E09p7,method2b_512_full_comsol_recalibrated_9model,fig3_true_ood,3,split_role/ood_split_family,ood_unseen_operator_noise,230,38,32,0.0700104981660842,0.0056381225585937,0.0113267991691827,0.0151519775390625,0.0211188830435276,0.0244293212890625,0.0265772193670272,0.0365066528320312,0.0306399762630462,0.6067100761754165,0.8245341373653384,0.120498221340075,13.667930537575776,0.0138606036652598,0.1148123741149902,0.0085932333022356,,,,
residual_likelihood_guided_diffusion_calibrated90,0.074765533208847,0.1492579461091878,16.521250777236677,0.2481106475461274,2.671501398086548,8.21671400488577,0.5224104004505011,32,F3NCS_0480_ood_unseen_operator_noise_lobed_zb10p0_E66p7;F3NCS_0481_ood_unseen_operator_noise_ellipse_zb05p4_E11p5;F3NCS_0482_ood_unseen_operator_noise_lobed_zb01p7_E06p9;F3NCS_0483_ood_unseen_operator_noise_lobed_zb08p7_E31p8;F3NCS_0484_ood_unseen_operator_noise_cylinder_zb10p1_E08p6;F3NCS_0485_ood_unseen_operator_noise_two_foci_zb07p5_E25p6;F3NCS_0486_ood_unseen_operator_noise_cylinder_zb04p8_E14p8;F3NCS_0487_ood_unseen_operator_noise_two_foci_zb04p8_E08p4;F3NCS_0488_ood_unseen_operator_noise_ellipse_zb02p0_E51p8;F3NCS_0489_ood_unseen_operator_noise_two_foci_zb07p5_E23p2;F3NCS_0490_ood_unseen_operator_noise_crescent_zb05p7_E09p8;F3NCS_0491_ood_unseen_operator_noise_two_foci_zb01p9_E52p0;F3NCS_0492_ood_unseen_operator_noise_two_foci_zb05p8_E11p8;F3NCS_0493_ood_unseen_operator_noise_two_foci_zb02p7_E17p6;F3NCS_0494_ood_unseen_operator_noise_cylinder_zb03p5_E15p1;F3NCS_0495_ood_unseen_operator_noise_ellipse_zb11p4_E39p6;F3NCS_0496_ood_unseen_operator_noise_two_foci_zb05p4_E16p3;F3NCS_0497_ood_unseen_operator_noise_two_foci_zb06p2_E23p1;F3NCS_0498_ood_unseen_operator_noise_crescent_zb04p0_E08p5;F3NCS_0499_ood_unseen_operator_noise_lobed_zb01p5_E71p0;F3NCS_0500_ood_unseen_operator_noise_cylinder_zb02p3_E45p6;F3NCS_0501_ood_unseen_operator_noise_two_foci_zb09p3_E50p3;F3NCS_0502_ood_unseen_operator_noise_cylinder_zb11p5_E11p1;F3NCS_0503_ood_unseen_operator_noise_two_foci_zb07p9_E32p0;F3NCS_0504_ood_unseen_operator_noise_crescent_zb10p9_E39p6;F3NCS_0505_ood_unseen_operator_noise_lobed_zb06p3_E74p2;F3NCS_0506_ood_unseen_operator_noise_lobed_zb06p9_E36p9;F3NCS_0507_ood_unseen_operator_noise_ellipse_zb01p4_E08p8;F3NCS_0508_ood_unseen_operator_noise_two_foci_zb03p5_E13p6;F3NCS_0509_ood_unseen_operator_noise_crescent_zb11p1_E35p5;F3NCS_0510_ood_unseen_operator_noise_ellipse_zb02p7_E08p0;F3NCS_0511_ood_unseen_operator_noise_crescent_zb08p1_E09p7,method2b_512_full_comsol_recalibrated_9model,fig3_true_ood,3,split_role/ood_split_family,ood_unseen_operator_noise,230,38,32,0.0617453306913375,0.8198089599609375,0.1386818885803222,0.8814620971679688,0.2585731744766235,0.9057388305664062,0.3254033923149109,0.9203262329101562,0.3751465082168579,0.606710103470276,0.8245341376886968,0.0238785262991596,0.1979986619775607,0.0138606039292524,0.4267072677612304,0.1052129343152046,validation,0.9,12.243695259094238,
explicit_residual_target_diffusion,0.0729927346110344,0.1485842055094386,16.560547071894117,0.3422355013899505,2.6361243724823,8.34671070846947,0.4906734904313882,32,F3NCS_0480_ood_unseen_operator_noise_lobed_zb10p0_E66p7;F3NCS_0481_ood_unseen_operator_noise_ellipse_zb05p4_E11p5;F3NCS_0482_ood_unseen_operator_noise_lobed_zb01p7_E06p9;F3NCS_0483_ood_unseen_operator_noise_lobed_zb08p7_E31p8;F3NCS_0484_ood_unseen_operator_noise_cylinder_zb10p1_E08p6;F3NCS_0485_ood_unseen_operator_noise_two_foci_zb07p5_E25p6;F3NCS_0486_ood_unseen_operator_noise_cylinder_zb04p8_E14p8;F3NCS_0487_ood_unseen_operator_noise_two_foci_zb04p8_E08p4;F3NCS_0488_ood_unseen_operator_noise_ellipse_zb02p0_E51p8;F3NCS_0489_ood_unseen_operator_noise_two_foci_zb07p5_E23p2;F3NCS_0490_ood_unseen_operator_noise_crescent_zb05p7_E09p8;F3NCS_0491_ood_unseen_operator_noise_two_foci_zb01p9_E52p0;F3NCS_0492_ood_unseen_operator_noise_two_foci_zb05p8_E11p8;F3NCS_0493_ood_unseen_operator_noise_two_foci_zb02p7_E17p6;F3NCS_0494_ood_unseen_operator_noise_cylinder_zb03p5_E15p1;F3NCS_0495_ood_unseen_operator_noise_ellipse_zb11p4_E39p6;F3NCS_0496_ood_unseen_operator_noise_two_foci_zb05p4_E16p3;F3NCS_0497_ood_unseen_operator_noise_two_foci_zb06p2_E23p1;F3NCS_0498_ood_unseen_operator_noise_crescent_zb04p0_E08p5;F3NCS_0499_ood_unseen_operator_noise_lobed_zb01p5_E71p0;F3NCS_0500_ood_unseen_operator_noise_cylinder_zb02p3_E45p6;F3NCS_0501_ood_unseen_operator_noise_two_foci_zb09p3_E50p3;F3NCS_0502_ood_unseen_operator_noise_cylinder_zb11p5_E11p1;F3NCS_0503_ood_unseen_operator_noise_two_foci_zb07p9_E32p0;F3NCS_0504_ood_unseen_operator_noise_crescent_zb10p9_E39p6;F3NCS_0505_ood_unseen_operator_noise_lobed_zb06p3_E74p2;F3NCS_0506_ood_unseen_operator_noise_lobed_zb06p9_E36p9;F3NCS_0507_ood_unseen_operator_noise_ellipse_zb01p4_E08p8;F3NCS_0508_ood_unseen_operator_noise_two_foci_zb03p5_E13p6;F3NCS_0509_ood_unseen_operator_noise_crescent_zb11p1_E35p5;F3NCS_0510_ood_unseen_operator_noise_ellipse_zb02p7_E08p0;F3NCS_0511_ood_unseen_operator_noise_crescent_zb08p1_E09p7,method2b_512_full_comsol_recalibrated_9model,fig3_true_ood,3,split_role/ood_split_family,ood_unseen_operator_noise,230,38,32,0.0522523820400238,0.6974868774414062,0.0282820276916027,0.784881591796875,0.0825034081935882,0.8362274169921875,0.1407360136508941,0.8666915893554688,0.194320797920227,0.8023596175588207,0.7629540521002425,0.08223569917145,4.522158005044069,0.020826807575004,0.5653672218322754,0.0578535720705986,,,,0.7535005211830139
explicit_residual_target_diffusion_calibrated90,0.0729927346110344,0.1485842055094386,16.560547071894117,0.3422355209477246,2.6361243724823,8.34671070846947,0.4906734881536959,32,F3NCS_0480_ood_unseen_operator_noise_lobed_zb10p0_E66p7;F3NCS_0481_ood_unseen_operator_noise_ellipse_zb05p4_E11p5;F3NCS_0482_ood_unseen_operator_noise_lobed_zb01p7_E06p9;F3NCS_0483_ood_unseen_operator_noise_lobed_zb08p7_E31p8;F3NCS_0484_ood_unseen_operator_noise_cylinder_zb10p1_E08p6;F3NCS_0485_ood_unseen_operator_noise_two_foci_zb07p5_E25p6;F3NCS_0486_ood_unseen_operator_noise_cylinder_zb04p8_E14p8;F3NCS_0487_ood_unseen_operator_noise_two_foci_zb04p8_E08p4;F3NCS_0488_ood_unseen_operator_noise_ellipse_zb02p0_E51p8;F3NCS_0489_ood_unseen_operator_noise_two_foci_zb07p5_E23p2;F3NCS_0490_ood_unseen_operator_noise_crescent_zb05p7_E09p8;F3NCS_0491_ood_unseen_operator_noise_two_foci_zb01p9_E52p0;F3NCS_0492_ood_unseen_operator_noise_two_foci_zb05p8_E11p8;F3NCS_0493_ood_unseen_operator_noise_two_foci_zb02p7_E17p6;F3NCS_0494_ood_unseen_operator_noise_cylinder_zb03p5_E15p1;F3NCS_0495_ood_unseen_operator_noise_ellipse_zb11p4_E39p6;F3NCS_0496_ood_unseen_operator_noise_two_foci_zb05p4_E16p3;F3NCS_0497_ood_unseen_operator_noise_two_foci_zb06p2_E23p1;F3NCS_0498_ood_unseen_operator_noise_crescent_zb04p0_E08p5;F3NCS_0499_ood_unseen_operator_noise_lobed_zb01p5_E71p0;F3NCS_0500_ood_unseen_operator_noise_cylinder_zb02p3_E45p6;F3NCS_0501_ood_unseen_operator_noise_two_foci_zb09p3_E50p3;F3NCS_0502_ood_unseen_operator_noise_cylinder_zb11p5_E11p1;F3NCS_0503_ood_unseen_operator_noise_two_foci_zb07p9_E32p0;F3NCS_0504_ood_unseen_operator_noise_crescent_zb10p9_E39p6;F3NCS_0505_ood_unseen_operator_noise_lobed_zb06p3_E74p2;F3NCS_0506_ood_unseen_operator_noise_lobed_zb06p9_E36p9;F3NCS_0507_ood_unseen_operator_noise_ellipse_zb01p4_E08p8;F3NCS_0508_ood_unseen_operator_noise_two_foci_zb03p5_E13p6;F3NCS_0509_ood_unseen_operator_noise_crescent_zb11p1_E35p5;F3NCS_0510_ood_unseen_operator_noise_ellipse_zb02p7_E08p0;F3NCS_0511_ood_unseen_operator_noise_crescent_zb08p1_E09p7,method2b_512_full_comsol_recalibrated_9model,fig3_true_ood,3,split_role/ood_split_family,ood_unseen_operator_noise,230,38,32,0.053360678255558,0.4337310791015625,0.0489495545625686,0.7889480590820312,0.1427940130233764,0.892669677734375,0.2435809969902038,0.9297409057617188,0.3363236784934997,0.8023596163397152,0.7629540485433006,0.0399583138592247,2.19058734967441,0.020826807573405,0.6404438018798828,0.1001309603452682,validation,0.9,1.7307653427124023,0.7535005211830139
explicit_residual_likelihood_guided_diffusion,0.0738041847944259,0.1490187370488918,16.535182432380456,0.3327759820967912,2.6499388217926025,8.376579932742771,0.4984664416304847,32,F3NCS_0480_ood_unseen_operator_noise_lobed_zb10p0_E66p7;F3NCS_0481_ood_unseen_operator_noise_ellipse_zb05p4_E11p5;F3NCS_0482_ood_unseen_operator_noise_lobed_zb01p7_E06p9;F3NCS_0483_ood_unseen_operator_noise_lobed_zb08p7_E31p8;F3NCS_0484_ood_unseen_operator_noise_cylinder_zb10p1_E08p6;F3NCS_0485_ood_unseen_operator_noise_two_foci_zb07p5_E25p6;F3NCS_0486_ood_unseen_operator_noise_cylinder_zb04p8_E14p8;F3NCS_0487_ood_unseen_operator_noise_two_foci_zb04p8_E08p4;F3NCS_0488_ood_unseen_operator_noise_ellipse_zb02p0_E51p8;F3NCS_0489_ood_unseen_operator_noise_two_foci_zb07p5_E23p2;F3NCS_0490_ood_unseen_operator_noise_crescent_zb05p7_E09p8;F3NCS_0491_ood_unseen_operator_noise_two_foci_zb01p9_E52p0;F3NCS_0492_ood_unseen_operator_noise_two_foci_zb05p8_E11p8;F3NCS_0493_ood_unseen_operator_noise_two_foci_zb02p7_E17p6;F3NCS_0494_ood_unseen_operator_noise_cylinder_zb03p5_E15p1;F3NCS_0495_ood_unseen_operator_noise_ellipse_zb11p4_E39p6;F3NCS_0496_ood_unseen_operator_noise_two_foci_zb05p4_E16p3;F3NCS_0497_ood_unseen_operator_noise_two_foci_zb06p2_E23p1;F3NCS_0498_ood_unseen_operator_noise_crescent_zb04p0_E08p5;F3NCS_0499_ood_unseen_operator_noise_lobed_zb01p5_E71p0;F3NCS_0500_ood_unseen_operator_noise_cylinder_zb02p3_E45p6;F3NCS_0501_ood_unseen_operator_noise_two_foci_zb09p3_E50p3;F3NCS_0502_ood_unseen_operator_noise_cylinder_zb11p5_E11p1;F3NCS_0503_ood_unseen_operator_noise_two_foci_zb07p9_E32p0;F3NCS_0504_ood_unseen_operator_noise_crescent_zb10p9_E39p6;F3NCS_0505_ood_unseen_operator_noise_lobed_zb06p3_E74p2;F3NCS_0506_ood_unseen_operator_noise_lobed_zb06p9_E36p9;F3NCS_0507_ood_unseen_operator_noise_ellipse_zb01p4_E08p8;F3NCS_0508_ood_unseen_operator_noise_two_foci_zb03p5_E13p6;F3NCS_0509_ood_unseen_operator_noise_crescent_zb11p1_E35p5;F3NCS_0510_ood_unseen_operator_noise_ellipse_zb02p7_E08p0;F3NCS_0511_ood_unseen_operator_noise_crescent_zb08p1_E09p7,method2b_512_full_comsol_recalibrated_9model,fig3_true_ood,3,split_role/ood_split_family,ood_unseen_operator_noise,230,38,32,0.0527449995279312,0.6926498413085938,0.0287346132099628,0.7818679809570312,0.0847461894154548,0.8304290771484375,0.1415087580680847,0.8602066040039062,0.1942506730556488,0.7939805971900084,0.7585623027779214,0.0830532926386345,4.010025172837975,0.0207443033236441,0.5575547218322754,0.058224331587553,,,,0.7535005211830139
explicit_residual_likelihood_guided_diffusion_calibrated90,0.0738041773438453,0.1490187307991905,16.53518279665825,0.3327759900130331,2.6499388217926025,8.37657947734243,0.4984664432839572,32,F3NCS_0480_ood_unseen_operator_noise_lobed_zb10p0_E66p7;F3NCS_0481_ood_unseen_operator_noise_ellipse_zb05p4_E11p5;F3NCS_0482_ood_unseen_operator_noise_lobed_zb01p7_E06p9;F3NCS_0483_ood_unseen_operator_noise_lobed_zb08p7_E31p8;F3NCS_0484_ood_unseen_operator_noise_cylinder_zb10p1_E08p6;F3NCS_0485_ood_unseen_operator_noise_two_foci_zb07p5_E25p6;F3NCS_0486_ood_unseen_operator_noise_cylinder_zb04p8_E14p8;F3NCS_0487_ood_unseen_operator_noise_two_foci_zb04p8_E08p4;F3NCS_0488_ood_unseen_operator_noise_ellipse_zb02p0_E51p8;F3NCS_0489_ood_unseen_operator_noise_two_foci_zb07p5_E23p2;F3NCS_0490_ood_unseen_operator_noise_crescent_zb05p7_E09p8;F3NCS_0491_ood_unseen_operator_noise_two_foci_zb01p9_E52p0;F3NCS_0492_ood_unseen_operator_noise_two_foci_zb05p8_E11p8;F3NCS_0493_ood_unseen_operator_noise_two_foci_zb02p7_E17p6;F3NCS_0494_ood_unseen_operator_noise_cylinder_zb03p5_E15p1;F3NCS_0495_ood_unseen_operator_noise_ellipse_zb11p4_E39p6;F3NCS_0496_ood_unseen_operator_noise_two_foci_zb05p4_E16p3;F3NCS_0497_ood_unseen_operator_noise_two_foci_zb06p2_E23p1;F3NCS_0498_ood_unseen_operator_noise_crescent_zb04p0_E08p5;F3NCS_0499_ood_unseen_operator_noise_lobed_zb01p5_E71p0;F3NCS_0500_ood_unseen_operator_noise_cylinder_zb02p3_E45p6;F3NCS_0501_ood_unseen_operator_noise_two_foci_zb09p3_E50p3;F3NCS_0502_ood_unseen_operator_noise_cylinder_zb11p5_E11p1;F3NCS_0503_ood_unseen_operator_noise_two_foci_zb07p9_E32p0;F3NCS_0504_ood_unseen_operator_noise_crescent_zb10p9_E39p6;F3NCS_0505_ood_unseen_operator_noise_lobed_zb06p3_E74p2;F3NCS_0506_ood_unseen_operator_noise_lobed_zb06p9_E36p9;F3NCS_0507_ood_unseen_operator_noise_ellipse_zb01p4_E08p8;F3NCS_0508_ood_unseen_operator_noise_two_foci_zb03p5_E13p6;F3NCS_0509_ood_unseen_operator_noise_crescent_zb11p1_E35p5;F3NCS_0510_ood_unseen_operator_noise_ellipse_zb02p7_E08p0;F3NCS_0511_ood_unseen_operator_noise_crescent_zb08p1_E09p7,method2b_512_full_comsol_recalibrated_9model,fig3_true_ood,3,split_role/ood_split_family,ood_unseen_operator_noise,230,38,32,0.0537240579724311,0.4433441162109375,0.0485054403543472,0.78839111328125,0.1430557668209076,0.8871994018554688,0.2388737648725509,0.9284744262695312,0.3279047310352325,0.7939805948296815,0.7585623034246382,0.0429920810226324,1.9679376810872484,0.0207443033717858,0.632195234298706,0.0982855409383773,validation,0.9,1.68804931640625,0.7535005211830139
train_mean_prior,0.1397266536951065,0.2192122225153258,13.182704695087711,0.0261623403639532,4.238651752471924,13.06372298214781,,64,F3NCS_0320_ood_unseen_shape_lobed_zb03p8_E09p9;F3NCS_0321_ood_unseen_shape_crescent_zb03p5_E06p5;F3NCS_0322_ood_unseen_shape_crescent_zb07p2_E76p5;F3NCS_0323_ood_unseen_shape_crescent_zb03p5_E10p3;F3NCS_0324_ood_unseen_shape_crescent_zb02p9_E59p3;F3NCS_0325_ood_unseen_shape_lobed_zb01p6_E06p9;F3NCS_0326_ood_unseen_shape_lobed_zb06p1_E42p4;F3NCS_0327_ood_unseen_shape_crescent_zb03p1_E14p7;F3NCS_0328_ood_unseen_shape_lobed_zb03p1_E29p3;F3NCS_0329_ood_unseen_shape_lobed_zb05p7_E08p7;F3NCS_0330_ood_unseen_shape_lobed_zb02p8_E92p0;F3NCS_0331_ood_unseen_shape_crescent_zb03p2_E14p3;F3NCS_0332_ood_unseen_shape_lobed_zb02p8_E45p3;F3NCS_0333_ood_unseen_shape_lobed_zb03p4_E06p5;F3NCS_0334_ood_unseen_shape_crescent_zb03p1_E53p0;F3NCS_0335_ood_unseen_shape_crescent_zb02p9_E84p2;F3NCS_0336_ood_unseen_shape_crescent_zb07p2_E64p1;F3NCS_0337_ood_unseen_shape_lobed_zb03p4_E11p4;F3NCS_0338_ood_unseen_shape_crescent_zb06p8_E10p9;F3NCS_0339_ood_unseen_shape_lobed_zb04p2_E91p6;F3NCS_0340_ood_unseen_shape_crescent_zb03p8_E70p0;F3NCS_0341_ood_unseen_shape_lobed_zb04p9_E61p6;F3NCS_0342_ood_unseen_shape_crescent_zb05p1_E22p7;F3NCS_0343_ood_unseen_shape_lobed_zb07p1_E87p4;F3NCS_0344_ood_unseen_shape_crescent_zb03p6_E61p5;F3NCS_0345_ood_unseen_shape_crescent_zb06p9_E18p0;F3NCS_0346_ood_unseen_shape_lobed_zb01p8_E15p9;F3NCS_0347_ood_unseen_shape_lobed_zb02p8_E62p6;F3NCS_0348_ood_unseen_shape_lobed_zb05p0_E06p3;F3NCS_0349_ood_unseen_shape_lobed_zb03p4_E28p4;F3NCS_0350_ood_unseen_shape_lobed_zb06p0_E06p6;F3NCS_0351_ood_unseen_shape_crescent_zb06p3_E52p9;F3NCS_0352_ood_unseen_shape_lobed_zb05p6_E54p3;F3NCS_0353_ood_unseen_shape_lobed_zb02p2_E51p7;F3NCS_0354_ood_unseen_shape_crescent_zb05p4_E08p7;F3NCS_0355_ood_unseen_shape_crescent_zb07p5_E72p1;F3NCS_0356_ood_unseen_shape_lobed_zb07p8_E66p7;F3NCS_0357_ood_unseen_shape_lobed_zb03p8_E28p5;F3NCS_0358_ood_unseen_shape_lobed_zb05p7_E57p3;F3NCS_0359_ood_unseen_shape_crescent_zb07p1_E07p1;F3NCS_0360_ood_unseen_shape_lobed_zb06p1_E32p9;F3NCS_0361_ood_unseen_shape_crescent_zb07p0_E50p0;F3NCS_0362_ood_unseen_shape_lobed_zb07p0_E43p7;F3NCS_0363_ood_unseen_shape_crescent_zb04p4_E39p7;F3NCS_0364_ood_unseen_shape_lobed_zb03p1_E17p5;F3NCS_0365_ood_unseen_shape_crescent_zb04p6_E10p8;F3NCS_0366_ood_unseen_shape_crescent_zb01p4_E56p2;F3NCS_0367_ood_unseen_shape_crescent_zb02p6_E36p5;F3NCS_0368_ood_unseen_shape_crescent_zb03p1_E21p0;F3NCS_0369_ood_unseen_shape_lobed_zb02p7_E27p1;F3NCS_0370_ood_unseen_shape_crescent_zb07p7_E18p8;F3NCS_0371_ood_unseen_shape_lobed_zb02p8_E27p5;F3NCS_0372_ood_unseen_shape_lobed_zb02p3_E06p5;F3NCS_0373_ood_unseen_shape_lobed_zb04p9_E07p7;F3NCS_0374_ood_unseen_shape_lobed_zb07p3_E27p3;F3NCS_0375_ood_unseen_shape_crescent_zb03p4_E11p6;F3NCS_0376_ood_unseen_shape_crescent_zb04p0_E26p7;F3NCS_0377_ood_unseen_shape_crescent_zb06p5_E40p4;F3NCS_0378_ood_unseen_shape_crescent_zb05p4_E79p9;F3NCS_0379_ood_unseen_shape_crescent_zb06p4_E88p5;F3NCS_0380_ood_unseen_shape_lobed_zb03p5_E55p6;F3NCS_0381_ood_unseen_shape_crescent_zb04p9_E14p7;F3NCS_0382_ood_unseen_shape_crescent_zb05p9_E48p6;F3NCS_0383_ood_unseen_shape_crescent_zb05p4_E08p3,method2b_512_full_comsol_recalibrated_9model,fig3_true_ood,4,split_role/ood_split_family,ood_unseen_shape,230,38,64,,,,,,,,,,,,,,,,,,,,
srcnn_bz_single_channel,0.1212198883295059,0.2112358067896629,13.504649244252736,0.1311149739194661,4.084589004516602,12.775701610312533,0.3010577254247688,64,F3NCS_0320_ood_unseen_shape_lobed_zb03p8_E09p9;F3NCS_0321_ood_unseen_shape_crescent_zb03p5_E06p5;F3NCS_0322_ood_unseen_shape_crescent_zb07p2_E76p5;F3NCS_0323_ood_unseen_shape_crescent_zb03p5_E10p3;F3NCS_0324_ood_unseen_shape_crescent_zb02p9_E59p3;F3NCS_0325_ood_unseen_shape_lobed_zb01p6_E06p9;F3NCS_0326_ood_unseen_shape_lobed_zb06p1_E42p4;F3NCS_0327_ood_unseen_shape_crescent_zb03p1_E14p7;F3NCS_0328_ood_unseen_shape_lobed_zb03p1_E29p3;F3NCS_0329_ood_unseen_shape_lobed_zb05p7_E08p7;F3NCS_0330_ood_unseen_shape_lobed_zb02p8_E92p0;F3NCS_0331_ood_unseen_shape_crescent_zb03p2_E14p3;F3NCS_0332_ood_unseen_shape_lobed_zb02p8_E45p3;F3NCS_0333_ood_unseen_shape_lobed_zb03p4_E06p5;F3NCS_0334_ood_unseen_shape_crescent_zb03p1_E53p0;F3NCS_0335_ood_unseen_shape_crescent_zb02p9_E84p2;F3NCS_0336_ood_unseen_shape_crescent_zb07p2_E64p1;F3NCS_0337_ood_unseen_shape_lobed_zb03p4_E11p4;F3NCS_0338_ood_unseen_shape_crescent_zb06p8_E10p9;F3NCS_0339_ood_unseen_shape_lobed_zb04p2_E91p6;F3NCS_0340_ood_unseen_shape_crescent_zb03p8_E70p0;F3NCS_0341_ood_unseen_shape_lobed_zb04p9_E61p6;F3NCS_0342_ood_unseen_shape_crescent_zb05p1_E22p7;F3NCS_0343_ood_unseen_shape_lobed_zb07p1_E87p4;F3NCS_0344_ood_unseen_shape_crescent_zb03p6_E61p5;F3NCS_0345_ood_unseen_shape_crescent_zb06p9_E18p0;F3NCS_0346_ood_unseen_shape_lobed_zb01p8_E15p9;F3NCS_0347_ood_unseen_shape_lobed_zb02p8_E62p6;F3NCS_0348_ood_unseen_shape_lobed_zb05p0_E06p3;F3NCS_0349_ood_unseen_shape_lobed_zb03p4_E28p4;F3NCS_0350_ood_unseen_shape_lobed_zb06p0_E06p6;F3NCS_0351_ood_unseen_shape_crescent_zb06p3_E52p9;F3NCS_0352_ood_unseen_shape_lobed_zb05p6_E54p3;F3NCS_0353_ood_unseen_shape_lobed_zb02p2_E51p7;F3NCS_0354_ood_unseen_shape_crescent_zb05p4_E08p7;F3NCS_0355_ood_unseen_shape_crescent_zb07p5_E72p1;F3NCS_0356_ood_unseen_shape_lobed_zb07p8_E66p7;F3NCS_0357_ood_unseen_shape_lobed_zb03p8_E28p5;F3NCS_0358_ood_unseen_shape_lobed_zb05p7_E57p3;F3NCS_0359_ood_unseen_shape_crescent_zb07p1_E07p1;F3NCS_0360_ood_unseen_shape_lobed_zb06p1_E32p9;F3NCS_0361_ood_unseen_shape_crescent_zb07p0_E50p0;F3NCS_0362_ood_unseen_shape_lobed_zb07p0_E43p7;F3NCS_0363_ood_unseen_shape_crescent_zb04p4_E39p7;F3NCS_0364_ood_unseen_shape_lobed_zb03p1_E17p5;F3NCS_0365_ood_unseen_shape_crescent_zb04p6_E10p8;F3NCS_0366_ood_unseen_shape_crescent_zb01p4_E56p2;F3NCS_0367_ood_unseen_shape_crescent_zb02p6_E36p5;F3NCS_0368_ood_unseen_shape_crescent_zb03p1_E21p0;F3NCS_0369_ood_unseen_shape_lobed_zb02p7_E27p1;F3NCS_0370_ood_unseen_shape_crescent_zb07p7_E18p8;F3NCS_0371_ood_unseen_shape_lobed_zb02p8_E27p5;F3NCS_0372_ood_unseen_shape_lobed_zb02p3_E06p5;F3NCS_0373_ood_unseen_shape_lobed_zb04p9_E07p7;F3NCS_0374_ood_unseen_shape_lobed_zb07p3_E27p3;F3NCS_0375_ood_unseen_shape_crescent_zb03p4_E11p6;F3NCS_0376_ood_unseen_shape_crescent_zb04p0_E26p7;F3NCS_0377_ood_unseen_shape_crescent_zb06p5_E40p4;F3NCS_0378_ood_unseen_shape_crescent_zb05p4_E79p9;F3NCS_0379_ood_unseen_shape_crescent_zb06p4_E88p5;F3NCS_0380_ood_unseen_shape_lobed_zb03p5_E55p6;F3NCS_0381_ood_unseen_shape_crescent_zb04p9_E14p7;F3NCS_0382_ood_unseen_shape_crescent_zb05p9_E48p6;F3NCS_0383_ood_unseen_shape_crescent_zb05p4_E08p3,method2b_512_full_comsol_recalibrated_9model,fig3_true_ood,4,split_role/ood_split_family,ood_unseen_shape,230,38,64,0.1212198957800865,0.0,0.0,0.0,0.0,0.0,0.0,0.0,0.0,,0.5,0.208337358085151,,0.0858023028992526,0.1246528625488281,0.0,,,,
unet_canonical_bxyz,0.085295632481575,0.1787576249637089,14.954708483232864,0.3548749026376754,3.391666412353516,11.697727236936482,0.458061793076632,64,F3NCS_0320_ood_unseen_shape_lobed_zb03p8_E09p9;F3NCS_0321_ood_unseen_shape_crescent_zb03p5_E06p5;F3NCS_0322_ood_unseen_shape_crescent_zb07p2_E76p5;F3NCS_0323_ood_unseen_shape_crescent_zb03p5_E10p3;F3NCS_0324_ood_unseen_shape_crescent_zb02p9_E59p3;F3NCS_0325_ood_unseen_shape_lobed_zb01p6_E06p9;F3NCS_0326_ood_unseen_shape_lobed_zb06p1_E42p4;F3NCS_0327_ood_unseen_shape_crescent_zb03p1_E14p7;F3NCS_0328_ood_unseen_shape_lobed_zb03p1_E29p3;F3NCS_0329_ood_unseen_shape_lobed_zb05p7_E08p7;F3NCS_0330_ood_unseen_shape_lobed_zb02p8_E92p0;F3NCS_0331_ood_unseen_shape_crescent_zb03p2_E14p3;F3NCS_0332_ood_unseen_shape_lobed_zb02p8_E45p3;F3NCS_0333_ood_unseen_shape_lobed_zb03p4_E06p5;F3NCS_0334_ood_unseen_shape_crescent_zb03p1_E53p0;F3NCS_0335_ood_unseen_shape_crescent_zb02p9_E84p2;F3NCS_0336_ood_unseen_shape_crescent_zb07p2_E64p1;F3NCS_0337_ood_unseen_shape_lobed_zb03p4_E11p4;F3NCS_0338_ood_unseen_shape_crescent_zb06p8_E10p9;F3NCS_0339_ood_unseen_shape_lobed_zb04p2_E91p6;F3NCS_0340_ood_unseen_shape_crescent_zb03p8_E70p0;F3NCS_0341_ood_unseen_shape_lobed_zb04p9_E61p6;F3NCS_0342_ood_unseen_shape_crescent_zb05p1_E22p7;F3NCS_0343_ood_unseen_shape_lobed_zb07p1_E87p4;F3NCS_0344_ood_unseen_shape_crescent_zb03p6_E61p5;F3NCS_0345_ood_unseen_shape_crescent_zb06p9_E18p0;F3NCS_0346_ood_unseen_shape_lobed_zb01p8_E15p9;F3NCS_0347_ood_unseen_shape_lobed_zb02p8_E62p6;F3NCS_0348_ood_unseen_shape_lobed_zb05p0_E06p3;F3NCS_0349_ood_unseen_shape_lobed_zb03p4_E28p4;F3NCS_0350_ood_unseen_shape_lobed_zb06p0_E06p6;F3NCS_0351_ood_unseen_shape_crescent_zb06p3_E52p9;F3NCS_0352_ood_unseen_shape_lobed_zb05p6_E54p3;F3NCS_0353_ood_unseen_shape_lobed_zb02p2_E51p7;F3NCS_0354_ood_unseen_shape_crescent_zb05p4_E08p7;F3NCS_0355_ood_unseen_shape_crescent_zb07p5_E72p1;F3NCS_0356_ood_unseen_shape_lobed_zb07p8_E66p7;F3NCS_0357_ood_unseen_shape_lobed_zb03p8_E28p5;F3NCS_0358_ood_unseen_shape_lobed_zb05p7_E57p3;F3NCS_0359_ood_unseen_shape_crescent_zb07p1_E07p1;F3NCS_0360_ood_unseen_shape_lobed_zb06p1_E32p9;F3NCS_0361_ood_unseen_shape_crescent_zb07p0_E50p0;F3NCS_0362_ood_unseen_shape_lobed_zb07p0_E43p7;F3NCS_0363_ood_unseen_shape_crescent_zb04p4_E39p7;F3NCS_0364_ood_unseen_shape_lobed_zb03p1_E17p5;F3NCS_0365_ood_unseen_shape_crescent_zb04p6_E10p8;F3NCS_0366_ood_unseen_shape_crescent_zb01p4_E56p2;F3NCS_0367_ood_unseen_shape_crescent_zb02p6_E36p5;F3NCS_0368_ood_unseen_shape_crescent_zb03p1_E21p0;F3NCS_0369_ood_unseen_shape_lobed_zb02p7_E27p1;F3NCS_0370_ood_unseen_shape_crescent_zb07p7_E18p8;F3NCS_0371_ood_unseen_shape_lobed_zb02p8_E27p5;F3NCS_0372_ood_unseen_shape_lobed_zb02p3_E06p5;F3NCS_0373_ood_unseen_shape_lobed_zb04p9_E07p7;F3NCS_0374_ood_unseen_shape_lobed_zb07p3_E27p3;F3NCS_0375_ood_unseen_shape_crescent_zb03p4_E11p6;F3NCS_0376_ood_unseen_shape_crescent_zb04p0_E26p7;F3NCS_0377_ood_unseen_shape_crescent_zb06p5_E40p4;F3NCS_0378_ood_unseen_shape_crescent_zb05p4_E79p9;F3NCS_0379_ood_unseen_shape_crescent_zb06p4_E88p5;F3NCS_0380_ood_unseen_shape_lobed_zb03p5_E55p6;F3NCS_0381_ood_unseen_shape_crescent_zb04p9_E14p7;F3NCS_0382_ood_unseen_shape_crescent_zb05p9_E48p6;F3NCS_0383_ood_unseen_shape_crescent_zb05p4_E08p3,method2b_512_full_comsol_recalibrated_9model,fig3_true_ood,4,split_role/ood_split_family,ood_unseen_shape,230,38,64,0.0852956250309944,0.0,0.0,0.0,0.0,0.0,0.0,0.0,0.0,,0.5,0.1746588110020426,,0.0660597718608123,0.1122779846191406,0.0,,,,
vanilla_diffusion,0.4416315853595733,0.4516220654071032,6.904496948296525,0.0276098644790181,12.465511322021484,14.96721728925551,0.2351328833163787,64,F3NCS_0320_ood_unseen_shape_lobed_zb03p8_E09p9;F3NCS_0321_ood_unseen_shape_crescent_zb03p5_E06p5;F3NCS_0322_ood_unseen_shape_crescent_zb07p2_E76p5;F3NCS_0323_ood_unseen_shape_crescent_zb03p5_E10p3;F3NCS_0324_ood_unseen_shape_crescent_zb02p9_E59p3;F3NCS_0325_ood_unseen_shape_lobed_zb01p6_E06p9;F3NCS_0326_ood_unseen_shape_lobed_zb06p1_E42p4;F3NCS_0327_ood_unseen_shape_crescent_zb03p1_E14p7;F3NCS_0328_ood_unseen_shape_lobed_zb03p1_E29p3;F3NCS_0329_ood_unseen_shape_lobed_zb05p7_E08p7;F3NCS_0330_ood_unseen_shape_lobed_zb02p8_E92p0;F3NCS_0331_ood_unseen_shape_crescent_zb03p2_E14p3;F3NCS_0332_ood_unseen_shape_lobed_zb02p8_E45p3;F3NCS_0333_ood_unseen_shape_lobed_zb03p4_E06p5;F3NCS_0334_ood_unseen_shape_crescent_zb03p1_E53p0;F3NCS_0335_ood_unseen_shape_crescent_zb02p9_E84p2;F3NCS_0336_ood_unseen_shape_crescent_zb07p2_E64p1;F3NCS_0337_ood_unseen_shape_lobed_zb03p4_E11p4;F3NCS_0338_ood_unseen_shape_crescent_zb06p8_E10p9;F3NCS_0339_ood_unseen_shape_lobed_zb04p2_E91p6;F3NCS_0340_ood_unseen_shape_crescent_zb03p8_E70p0;F3NCS_0341_ood_unseen_shape_lobed_zb04p9_E61p6;F3NCS_0342_ood_unseen_shape_crescent_zb05p1_E22p7;F3NCS_0343_ood_unseen_shape_lobed_zb07p1_E87p4;F3NCS_0344_ood_unseen_shape_crescent_zb03p6_E61p5;F3NCS_0345_ood_unseen_shape_crescent_zb06p9_E18p0;F3NCS_0346_ood_unseen_shape_lobed_zb01p8_E15p9;F3NCS_0347_ood_unseen_shape_lobed_zb02p8_E62p6;F3NCS_0348_ood_unseen_shape_lobed_zb05p0_E06p3;F3NCS_0349_ood_unseen_shape_lobed_zb03p4_E28p4;F3NCS_0350_ood_unseen_shape_lobed_zb06p0_E06p6;F3NCS_0351_ood_unseen_shape_crescent_zb06p3_E52p9;F3NCS_0352_ood_unseen_shape_lobed_zb05p6_E54p3;F3NCS_0353_ood_unseen_shape_lobed_zb02p2_E51p7;F3NCS_0354_ood_unseen_shape_crescent_zb05p4_E08p7;F3NCS_0355_ood_unseen_shape_crescent_zb07p5_E72p1;F3NCS_0356_ood_unseen_shape_lobed_zb07p8_E66p7;F3NCS_0357_ood_unseen_shape_lobed_zb03p8_E28p5;F3NCS_0358_ood_unseen_shape_lobed_zb05p7_E57p3;F3NCS_0359_ood_unseen_shape_crescent_zb07p1_E07p1;F3NCS_0360_ood_unseen_shape_lobed_zb06p1_E32p9;F3NCS_0361_ood_unseen_shape_crescent_zb07p0_E50p0;F3NCS_0362_ood_unseen_shape_lobed_zb07p0_E43p7;F3NCS_0363_ood_unseen_shape_crescent_zb04p4_E39p7;F3NCS_0364_ood_unseen_shape_lobed_zb03p1_E17p5;F3NCS_0365_ood_unseen_shape_crescent_zb04p6_E10p8;F3NCS_0366_ood_unseen_shape_crescent_zb01p4_E56p2;F3NCS_0367_ood_unseen_shape_crescent_zb02p6_E36p5;F3NCS_0368_ood_unseen_shape_crescent_zb03p1_E21p0;F3NCS_0369_ood_unseen_shape_lobed_zb02p7_E27p1;F3NCS_0370_ood_unseen_shape_crescent_zb07p7_E18p8;F3NCS_0371_ood_unseen_shape_lobed_zb02p8_E27p5;F3NCS_0372_ood_unseen_shape_lobed_zb02p3_E06p5;F3NCS_0373_ood_unseen_shape_lobed_zb04p9_E07p7;F3NCS_0374_ood_unseen_shape_lobed_zb07p3_E27p3;F3NCS_0375_ood_unseen_shape_crescent_zb03p4_E11p6;F3NCS_0376_ood_unseen_shape_crescent_zb04p0_E26p7;F3NCS_0377_ood_unseen_shape_crescent_zb06p5_E40p4;F3NCS_0378_ood_unseen_shape_crescent_zb05p4_E79p9;F3NCS_0379_ood_unseen_shape_crescent_zb06p4_E88p5;F3NCS_0380_ood_unseen_shape_lobed_zb03p5_E55p6;F3NCS_0381_ood_unseen_shape_crescent_zb04p9_E14p7;F3NCS_0382_ood_unseen_shape_crescent_zb05p9_E48p6;F3NCS_0383_ood_unseen_shape_crescent_zb05p4_E08p3,method2b_512_full_comsol_recalibrated_9model,fig3_true_ood,4,split_role/ood_split_family,ood_unseen_shape,230,38,64,0.4027638435363769,0.0092735290527343,0.0619639754295349,0.0263519287109375,0.1697313338518142,0.0381317138671875,0.2469500601291656,0.0461997985839843,0.3050054609775543,0.5380296026995413,0.8989749383501858,0.3656794196361316,5.109476667892389,0.0710260469174495,0.0778974294662475,0.0859130099415779,,,,
vanilla_diffusion_calibrated90,0.4416315853595733,0.4516220654071032,6.904496948296525,0.0276099124785105,12.465511322021484,14.967216779515155,0.2351328748571662,64,F3NCS_0320_ood_unseen_shape_lobed_zb03p8_E09p9;F3NCS_0321_ood_unseen_shape_crescent_zb03p5_E06p5;F3NCS_0322_ood_unseen_shape_crescent_zb07p2_E76p5;F3NCS_0323_ood_unseen_shape_crescent_zb03p5_E10p3;F3NCS_0324_ood_unseen_shape_crescent_zb02p9_E59p3;F3NCS_0325_ood_unseen_shape_lobed_zb01p6_E06p9;F3NCS_0326_ood_unseen_shape_lobed_zb06p1_E42p4;F3NCS_0327_ood_unseen_shape_crescent_zb03p1_E14p7;F3NCS_0328_ood_unseen_shape_lobed_zb03p1_E29p3;F3NCS_0329_ood_unseen_shape_lobed_zb05p7_E08p7;F3NCS_0330_ood_unseen_shape_lobed_zb02p8_E92p0;F3NCS_0331_ood_unseen_shape_crescent_zb03p2_E14p3;F3NCS_0332_ood_unseen_shape_lobed_zb02p8_E45p3;F3NCS_0333_ood_unseen_shape_lobed_zb03p4_E06p5;F3NCS_0334_ood_unseen_shape_crescent_zb03p1_E53p0;F3NCS_0335_ood_unseen_shape_crescent_zb02p9_E84p2;F3NCS_0336_ood_unseen_shape_crescent_zb07p2_E64p1;F3NCS_0337_ood_unseen_shape_lobed_zb03p4_E11p4;F3NCS_0338_ood_unseen_shape_crescent_zb06p8_E10p9;F3NCS_0339_ood_unseen_shape_lobed_zb04p2_E91p6;F3NCS_0340_ood_unseen_shape_crescent_zb03p8_E70p0;F3NCS_0341_ood_unseen_shape_lobed_zb04p9_E61p6;F3NCS_0342_ood_unseen_shape_crescent_zb05p1_E22p7;F3NCS_0343_ood_unseen_shape_lobed_zb07p1_E87p4;F3NCS_0344_ood_unseen_shape_crescent_zb03p6_E61p5;F3NCS_0345_ood_unseen_shape_crescent_zb06p9_E18p0;F3NCS_0346_ood_unseen_shape_lobed_zb01p8_E15p9;F3NCS_0347_ood_unseen_shape_lobed_zb02p8_E62p6;F3NCS_0348_ood_unseen_shape_lobed_zb05p0_E06p3;F3NCS_0349_ood_unseen_shape_lobed_zb03p4_E28p4;F3NCS_0350_ood_unseen_shape_lobed_zb06p0_E06p6;F3NCS_0351_ood_unseen_shape_crescent_zb06p3_E52p9;F3NCS_0352_ood_unseen_shape_lobed_zb05p6_E54p3;F3NCS_0353_ood_unseen_shape_lobed_zb02p2_E51p7;F3NCS_0354_ood_unseen_shape_crescent_zb05p4_E08p7;F3NCS_0355_ood_unseen_shape_crescent_zb07p5_E72p1;F3NCS_0356_ood_unseen_shape_lobed_zb07p8_E66p7;F3NCS_0357_ood_unseen_shape_lobed_zb03p8_E28p5;F3NCS_0358_ood_unseen_shape_lobed_zb05p7_E57p3;F3NCS_0359_ood_unseen_shape_crescent_zb07p1_E07p1;F3NCS_0360_ood_unseen_shape_lobed_zb06p1_E32p9;F3NCS_0361_ood_unseen_shape_crescent_zb07p0_E50p0;F3NCS_0362_ood_unseen_shape_lobed_zb07p0_E43p7;F3NCS_0363_ood_unseen_shape_crescent_zb04p4_E39p7;F3NCS_0364_ood_unseen_shape_lobed_zb03p1_E17p5;F3NCS_0365_ood_unseen_shape_crescent_zb04p6_E10p8;F3NCS_0366_ood_unseen_shape_crescent_zb01p4_E56p2;F3NCS_0367_ood_unseen_shape_crescent_zb02p6_E36p5;F3NCS_0368_ood_unseen_shape_crescent_zb03p1_E21p0;F3NCS_0369_ood_unseen_shape_lobed_zb02p7_E27p1;F3NCS_0370_ood_unseen_shape_crescent_zb07p7_E18p8;F3NCS_0371_ood_unseen_shape_lobed_zb02p8_E27p5;F3NCS_0372_ood_unseen_shape_lobed_zb02p3_E06p5;F3NCS_0373_ood_unseen_shape_lobed_zb04p9_E07p7;F3NCS_0374_ood_unseen_shape_lobed_zb07p3_E27p3;F3NCS_0375_ood_unseen_shape_crescent_zb03p4_E11p6;F3NCS_0376_ood_unseen_shape_crescent_zb04p0_E26p7;F3NCS_0377_ood_unseen_shape_crescent_zb06p5_E40p4;F3NCS_0378_ood_unseen_shape_crescent_zb05p4_E79p9;F3NCS_0379_ood_unseen_shape_crescent_zb06p4_E88p5;F3NCS_0380_ood_unseen_shape_lobed_zb03p5_E55p6;F3NCS_0381_ood_unseen_shape_crescent_zb04p9_E14p7;F3NCS_0382_ood_unseen_shape_crescent_zb05p9_E48p6;F3NCS_0383_ood_unseen_shape_crescent_zb05p4_E08p3,method2b_512_full_comsol_recalibrated_9model,fig3_true_ood,4,split_role/ood_split_family,ood_unseen_shape,230,38,64,0.2212173044681549,0.3770790100097656,0.5637362599372864,0.787506103515625,1.5441828966140747,0.9264068603515624,2.246703863143921,0.9712448120117188,2.7748804092407227,0.5380296282847942,0.8989749388352397,0.3554876903684729,0.4091821173189022,0.0710260467534932,0.2888041734695434,0.7816200256347656,validation,0.9,9.097805976867676,
likelihood_guided_diffusion,0.4414339661598205,0.4514306882513101,6.908178418448996,0.0281514320522546,12.456421852111816,14.948603760703916,0.232972840951835,64,F3NCS_0320_ood_unseen_shape_lobed_zb03p8_E09p9;F3NCS_0321_ood_unseen_shape_crescent_zb03p5_E06p5;F3NCS_0322_ood_unseen_shape_crescent_zb07p2_E76p5;F3NCS_0323_ood_unseen_shape_crescent_zb03p5_E10p3;F3NCS_0324_ood_unseen_shape_crescent_zb02p9_E59p3;F3NCS_0325_ood_unseen_shape_lobed_zb01p6_E06p9;F3NCS_0326_ood_unseen_shape_lobed_zb06p1_E42p4;F3NCS_0327_ood_unseen_shape_crescent_zb03p1_E14p7;F3NCS_0328_ood_unseen_shape_lobed_zb03p1_E29p3;F3NCS_0329_ood_unseen_shape_lobed_zb05p7_E08p7;F3NCS_0330_ood_unseen_shape_lobed_zb02p8_E92p0;F3NCS_0331_ood_unseen_shape_crescent_zb03p2_E14p3;F3NCS_0332_ood_unseen_shape_lobed_zb02p8_E45p3;F3NCS_0333_ood_unseen_shape_lobed_zb03p4_E06p5;F3NCS_0334_ood_unseen_shape_crescent_zb03p1_E53p0;F3NCS_0335_ood_unseen_shape_crescent_zb02p9_E84p2;F3NCS_0336_ood_unseen_shape_crescent_zb07p2_E64p1;F3NCS_0337_ood_unseen_shape_lobed_zb03p4_E11p4;F3NCS_0338_ood_unseen_shape_crescent_zb06p8_E10p9;F3NCS_0339_ood_unseen_shape_lobed_zb04p2_E91p6;F3NCS_0340_ood_unseen_shape_crescent_zb03p8_E70p0;F3NCS_0341_ood_unseen_shape_lobed_zb04p9_E61p6;F3NCS_0342_ood_unseen_shape_crescent_zb05p1_E22p7;F3NCS_0343_ood_unseen_shape_lobed_zb07p1_E87p4;F3NCS_0344_ood_unseen_shape_crescent_zb03p6_E61p5;F3NCS_0345_ood_unseen_shape_crescent_zb06p9_E18p0;F3NCS_0346_ood_unseen_shape_lobed_zb01p8_E15p9;F3NCS_0347_ood_unseen_shape_lobed_zb02p8_E62p6;F3NCS_0348_ood_unseen_shape_lobed_zb05p0_E06p3;F3NCS_0349_ood_unseen_shape_lobed_zb03p4_E28p4;F3NCS_0350_ood_unseen_shape_lobed_zb06p0_E06p6;F3NCS_0351_ood_unseen_shape_crescent_zb06p3_E52p9;F3NCS_0352_ood_unseen_shape_lobed_zb05p6_E54p3;F3NCS_0353_ood_unseen_shape_lobed_zb02p2_E51p7;F3NCS_0354_ood_unseen_shape_crescent_zb05p4_E08p7;F3NCS_0355_ood_unseen_shape_crescent_zb07p5_E72p1;F3NCS_0356_ood_unseen_shape_lobed_zb07p8_E66p7;F3NCS_0357_ood_unseen_shape_lobed_zb03p8_E28p5;F3NCS_0358_ood_unseen_shape_lobed_zb05p7_E57p3;F3NCS_0359_ood_unseen_shape_crescent_zb07p1_E07p1;F3NCS_0360_ood_unseen_shape_lobed_zb06p1_E32p9;F3NCS_0361_ood_unseen_shape_crescent_zb07p0_E50p0;F3NCS_0362_ood_unseen_shape_lobed_zb07p0_E43p7;F3NCS_0363_ood_unseen_shape_crescent_zb04p4_E39p7;F3NCS_0364_ood_unseen_shape_lobed_zb03p1_E17p5;F3NCS_0365_ood_unseen_shape_crescent_zb04p6_E10p8;F3NCS_0366_ood_unseen_shape_crescent_zb01p4_E56p2;F3NCS_0367_ood_unseen_shape_crescent_zb02p6_E36p5;F3NCS_0368_ood_unseen_shape_crescent_zb03p1_E21p0;F3NCS_0369_ood_unseen_shape_lobed_zb02p7_E27p1;F3NCS_0370_ood_unseen_shape_crescent_zb07p7_E18p8;F3NCS_0371_ood_unseen_shape_lobed_zb02p8_E27p5;F3NCS_0372_ood_unseen_shape_lobed_zb02p3_E06p5;F3NCS_0373_ood_unseen_shape_lobed_zb04p9_E07p7;F3NCS_0374_ood_unseen_shape_lobed_zb07p3_E27p3;F3NCS_0375_ood_unseen_shape_crescent_zb03p4_E11p6;F3NCS_0376_ood_unseen_shape_crescent_zb04p0_E26p7;F3NCS_0377_ood_unseen_shape_crescent_zb06p5_E40p4;F3NCS_0378_ood_unseen_shape_crescent_zb05p4_E79p9;F3NCS_0379_ood_unseen_shape_crescent_zb06p4_E88p5;F3NCS_0380_ood_unseen_shape_lobed_zb03p5_E55p6;F3NCS_0381_ood_unseen_shape_crescent_zb04p9_E14p7;F3NCS_0382_ood_unseen_shape_crescent_zb05p9_E48p6;F3NCS_0383_ood_unseen_shape_crescent_zb05p4_E08p3,method2b_512_full_comsol_recalibrated_9model,fig3_true_ood,4,split_role/ood_split_family,ood_unseen_shape,230,38,64,0.4020390510559082,0.0093040466308593,0.0634582117199897,0.0269203186035156,0.170957326889038,0.0383338928222656,0.2486400306224823,0.0464286804199218,0.3079169988632202,0.5474481977785107,0.8952777507447768,0.3646790960555178,5.020212267415909,0.0704094164250298,0.0780386924743652,0.0867090299725532,,,,
likelihood_guided_diffusion_calibrated90,0.4414339363574981,0.4514306882513101,6.908178418448996,0.0281514045345829,12.456421852111816,14.948604271078969,0.2329728740138738,64,F3NCS_0320_ood_unseen_shape_lobed_zb03p8_E09p9;F3NCS_0321_ood_unseen_shape_crescent_zb03p5_E06p5;F3NCS_0322_ood_unseen_shape_crescent_zb07p2_E76p5;F3NCS_0323_ood_unseen_shape_crescent_zb03p5_E10p3;F3NCS_0324_ood_unseen_shape_crescent_zb02p9_E59p3;F3NCS_0325_ood_unseen_shape_lobed_zb01p6_E06p9;F3NCS_0326_ood_unseen_shape_lobed_zb06p1_E42p4;F3NCS_0327_ood_unseen_shape_crescent_zb03p1_E14p7;F3NCS_0328_ood_unseen_shape_lobed_zb03p1_E29p3;F3NCS_0329_ood_unseen_shape_lobed_zb05p7_E08p7;F3NCS_0330_ood_unseen_shape_lobed_zb02p8_E92p0;F3NCS_0331_ood_unseen_shape_crescent_zb03p2_E14p3;F3NCS_0332_ood_unseen_shape_lobed_zb02p8_E45p3;F3NCS_0333_ood_unseen_shape_lobed_zb03p4_E06p5;F3NCS_0334_ood_unseen_shape_crescent_zb03p1_E53p0;F3NCS_0335_ood_unseen_shape_crescent_zb02p9_E84p2;F3NCS_0336_ood_unseen_shape_crescent_zb07p2_E64p1;F3NCS_0337_ood_unseen_shape_lobed_zb03p4_E11p4;F3NCS_0338_ood_unseen_shape_crescent_zb06p8_E10p9;F3NCS_0339_ood_unseen_shape_lobed_zb04p2_E91p6;F3NCS_0340_ood_unseen_shape_crescent_zb03p8_E70p0;F3NCS_0341_ood_unseen_shape_lobed_zb04p9_E61p6;F3NCS_0342_ood_unseen_shape_crescent_zb05p1_E22p7;F3NCS_0343_ood_unseen_shape_lobed_zb07p1_E87p4;F3NCS_0344_ood_unseen_shape_crescent_zb03p6_E61p5;F3NCS_0345_ood_unseen_shape_crescent_zb06p9_E18p0;F3NCS_0346_ood_unseen_shape_lobed_zb01p8_E15p9;F3NCS_0347_ood_unseen_shape_lobed_zb02p8_E62p6;F3NCS_0348_ood_unseen_shape_lobed_zb05p0_E06p3;F3NCS_0349_ood_unseen_shape_lobed_zb03p4_E28p4;F3NCS_0350_ood_unseen_shape_lobed_zb06p0_E06p6;F3NCS_0351_ood_unseen_shape_crescent_zb06p3_E52p9;F3NCS_0352_ood_unseen_shape_lobed_zb05p6_E54p3;F3NCS_0353_ood_unseen_shape_lobed_zb02p2_E51p7;F3NCS_0354_ood_unseen_shape_crescent_zb05p4_E08p7;F3NCS_0355_ood_unseen_shape_crescent_zb07p5_E72p1;F3NCS_0356_ood_unseen_shape_lobed_zb07p8_E66p7;F3NCS_0357_ood_unseen_shape_lobed_zb03p8_E28p5;F3NCS_0358_ood_unseen_shape_lobed_zb05p7_E57p3;F3NCS_0359_ood_unseen_shape_crescent_zb07p1_E07p1;F3NCS_0360_ood_unseen_shape_lobed_zb06p1_E32p9;F3NCS_0361_ood_unseen_shape_crescent_zb07p0_E50p0;F3NCS_0362_ood_unseen_shape_lobed_zb07p0_E43p7;F3NCS_0363_ood_unseen_shape_crescent_zb04p4_E39p7;F3NCS_0364_ood_unseen_shape_lobed_zb03p1_E17p5;F3NCS_0365_ood_unseen_shape_crescent_zb04p6_E10p8;F3NCS_0366_ood_unseen_shape_crescent_zb01p4_E56p2;F3NCS_0367_ood_unseen_shape_crescent_zb02p6_E36p5;F3NCS_0368_ood_unseen_shape_crescent_zb03p1_E21p0;F3NCS_0369_ood_unseen_shape_lobed_zb02p7_E27p1;F3NCS_0370_ood_unseen_shape_crescent_zb07p7_E18p8;F3NCS_0371_ood_unseen_shape_lobed_zb02p8_E27p5;F3NCS_0372_ood_unseen_shape_lobed_zb02p3_E06p5;F3NCS_0373_ood_unseen_shape_lobed_zb04p9_E07p7;F3NCS_0374_ood_unseen_shape_lobed_zb07p3_E27p3;F3NCS_0375_ood_unseen_shape_crescent_zb03p4_E11p6;F3NCS_0376_ood_unseen_shape_crescent_zb04p0_E26p7;F3NCS_0377_ood_unseen_shape_crescent_zb06p5_E40p4;F3NCS_0378_ood_unseen_shape_crescent_zb05p4_E79p9;F3NCS_0379_ood_unseen_shape_crescent_zb06p4_E88p5;F3NCS_0380_ood_unseen_shape_lobed_zb03p5_E55p6;F3NCS_0381_ood_unseen_shape_crescent_zb04p9_E14p7;F3NCS_0382_ood_unseen_shape_crescent_zb05p9_E48p6;F3NCS_0383_ood_unseen_shape_crescent_zb05p4_E08p3,method2b_512_full_comsol_recalibrated_9model,fig3_true_ood,4,split_role/ood_split_family,ood_unseen_shape,230,38,64,0.2207983434200287,0.3423995971679687,0.5438117384910583,0.7367630004882812,1.4650366306304932,0.8999900817871094,2.130746603012085,0.9598770141601562,2.6387267112731934,0.5474481960099529,0.8952777524424657,0.3194540611510136,0.3879077266114222,0.0704094166256607,0.2718468904495239,0.7430620193481445,validation,0.9,8.56960391998291,
prior_init_diffusion_unet,0.0861614644527435,0.1793333378036077,14.926779364550724,0.2268908929545432,3.400630235671997,11.731684268317332,0.4497887862054257,64,F3NCS_0320_ood_unseen_shape_lobed_zb03p8_E09p9;F3NCS_0321_ood_unseen_shape_crescent_zb03p5_E06p5;F3NCS_0322_ood_unseen_shape_crescent_zb07p2_E76p5;F3NCS_0323_ood_unseen_shape_crescent_zb03p5_E10p3;F3NCS_0324_ood_unseen_shape_crescent_zb02p9_E59p3;F3NCS_0325_ood_unseen_shape_lobed_zb01p6_E06p9;F3NCS_0326_ood_unseen_shape_lobed_zb06p1_E42p4;F3NCS_0327_ood_unseen_shape_crescent_zb03p1_E14p7;F3NCS_0328_ood_unseen_shape_lobed_zb03p1_E29p3;F3NCS_0329_ood_unseen_shape_lobed_zb05p7_E08p7;F3NCS_0330_ood_unseen_shape_lobed_zb02p8_E92p0;F3NCS_0331_ood_unseen_shape_crescent_zb03p2_E14p3;F3NCS_0332_ood_unseen_shape_lobed_zb02p8_E45p3;F3NCS_0333_ood_unseen_shape_lobed_zb03p4_E06p5;F3NCS_0334_ood_unseen_shape_crescent_zb03p1_E53p0;F3NCS_0335_ood_unseen_shape_crescent_zb02p9_E84p2;F3NCS_0336_ood_unseen_shape_crescent_zb07p2_E64p1;F3NCS_0337_ood_unseen_shape_lobed_zb03p4_E11p4;F3NCS_0338_ood_unseen_shape_crescent_zb06p8_E10p9;F3NCS_0339_ood_unseen_shape_lobed_zb04p2_E91p6;F3NCS_0340_ood_unseen_shape_crescent_zb03p8_E70p0;F3NCS_0341_ood_unseen_shape_lobed_zb04p9_E61p6;F3NCS_0342_ood_unseen_shape_crescent_zb05p1_E22p7;F3NCS_0343_ood_unseen_shape_lobed_zb07p1_E87p4;F3NCS_0344_ood_unseen_shape_crescent_zb03p6_E61p5;F3NCS_0345_ood_unseen_shape_crescent_zb06p9_E18p0;F3NCS_0346_ood_unseen_shape_lobed_zb01p8_E15p9;F3NCS_0347_ood_unseen_shape_lobed_zb02p8_E62p6;F3NCS_0348_ood_unseen_shape_lobed_zb05p0_E06p3;F3NCS_0349_ood_unseen_shape_lobed_zb03p4_E28p4;F3NCS_0350_ood_unseen_shape_lobed_zb06p0_E06p6;F3NCS_0351_ood_unseen_shape_crescent_zb06p3_E52p9;F3NCS_0352_ood_unseen_shape_lobed_zb05p6_E54p3;F3NCS_0353_ood_unseen_shape_lobed_zb02p2_E51p7;F3NCS_0354_ood_unseen_shape_crescent_zb05p4_E08p7;F3NCS_0355_ood_unseen_shape_crescent_zb07p5_E72p1;F3NCS_0356_ood_unseen_shape_lobed_zb07p8_E66p7;F3NCS_0357_ood_unseen_shape_lobed_zb03p8_E28p5;F3NCS_0358_ood_unseen_shape_lobed_zb05p7_E57p3;F3NCS_0359_ood_unseen_shape_crescent_zb07p1_E07p1;F3NCS_0360_ood_unseen_shape_lobed_zb06p1_E32p9;F3NCS_0361_ood_unseen_shape_crescent_zb07p0_E50p0;F3NCS_0362_ood_unseen_shape_lobed_zb07p0_E43p7;F3NCS_0363_ood_unseen_shape_crescent_zb04p4_E39p7;F3NCS_0364_ood_unseen_shape_lobed_zb03p1_E17p5;F3NCS_0365_ood_unseen_shape_crescent_zb04p6_E10p8;F3NCS_0366_ood_unseen_shape_crescent_zb01p4_E56p2;F3NCS_0367_ood_unseen_shape_crescent_zb02p6_E36p5;F3NCS_0368_ood_unseen_shape_crescent_zb03p1_E21p0;F3NCS_0369_ood_unseen_shape_lobed_zb02p7_E27p1;F3NCS_0370_ood_unseen_shape_crescent_zb07p7_E18p8;F3NCS_0371_ood_unseen_shape_lobed_zb02p8_E27p5;F3NCS_0372_ood_unseen_shape_lobed_zb02p3_E06p5;F3NCS_0373_ood_unseen_shape_lobed_zb04p9_E07p7;F3NCS_0374_ood_unseen_shape_lobed_zb07p3_E27p3;F3NCS_0375_ood_unseen_shape_crescent_zb03p4_E11p6;F3NCS_0376_ood_unseen_shape_crescent_zb04p0_E26p7;F3NCS_0377_ood_unseen_shape_crescent_zb06p5_E40p4;F3NCS_0378_ood_unseen_shape_crescent_zb05p4_E79p9;F3NCS_0379_ood_unseen_shape_crescent_zb06p4_E88p5;F3NCS_0380_ood_unseen_shape_lobed_zb03p5_E55p6;F3NCS_0381_ood_unseen_shape_crescent_zb04p9_E14p7;F3NCS_0382_ood_unseen_shape_crescent_zb05p9_E48p6;F3NCS_0383_ood_unseen_shape_crescent_zb05p4_E08p3,method2b_512_full_comsol_recalibrated_9model,fig3_true_ood,4,split_role/ood_split_family,ood_unseen_shape,230,38,64,0.0814519450068473,0.0072898864746093,0.0111362477764487,0.0158882141113281,0.0208261329680681,0.0273094177246093,0.0262701343744993,0.0449714660644531,0.0303333178162574,0.6419916091756703,0.8023200609284056,0.1507220952080636,18.089595372472417,0.0191969035445866,0.1203615665435791,0.0085039380937814,,,,
prior_init_diffusion_unet_calibrated90,0.0861614644527435,0.1793333481901043,14.926778861487763,0.226890875142999,3.400630235671997,11.731684268317332,0.4497887850731938,64,F3NCS_0320_ood_unseen_shape_lobed_zb03p8_E09p9;F3NCS_0321_ood_unseen_shape_crescent_zb03p5_E06p5;F3NCS_0322_ood_unseen_shape_crescent_zb07p2_E76p5;F3NCS_0323_ood_unseen_shape_crescent_zb03p5_E10p3;F3NCS_0324_ood_unseen_shape_crescent_zb02p9_E59p3;F3NCS_0325_ood_unseen_shape_lobed_zb01p6_E06p9;F3NCS_0326_ood_unseen_shape_lobed_zb06p1_E42p4;F3NCS_0327_ood_unseen_shape_crescent_zb03p1_E14p7;F3NCS_0328_ood_unseen_shape_lobed_zb03p1_E29p3;F3NCS_0329_ood_unseen_shape_lobed_zb05p7_E08p7;F3NCS_0330_ood_unseen_shape_lobed_zb02p8_E92p0;F3NCS_0331_ood_unseen_shape_crescent_zb03p2_E14p3;F3NCS_0332_ood_unseen_shape_lobed_zb02p8_E45p3;F3NCS_0333_ood_unseen_shape_lobed_zb03p4_E06p5;F3NCS_0334_ood_unseen_shape_crescent_zb03p1_E53p0;F3NCS_0335_ood_unseen_shape_crescent_zb02p9_E84p2;F3NCS_0336_ood_unseen_shape_crescent_zb07p2_E64p1;F3NCS_0337_ood_unseen_shape_lobed_zb03p4_E11p4;F3NCS_0338_ood_unseen_shape_crescent_zb06p8_E10p9;F3NCS_0339_ood_unseen_shape_lobed_zb04p2_E91p6;F3NCS_0340_ood_unseen_shape_crescent_zb03p8_E70p0;F3NCS_0341_ood_unseen_shape_lobed_zb04p9_E61p6;F3NCS_0342_ood_unseen_shape_crescent_zb05p1_E22p7;F3NCS_0343_ood_unseen_shape_lobed_zb07p1_E87p4;F3NCS_0344_ood_unseen_shape_crescent_zb03p6_E61p5;F3NCS_0345_ood_unseen_shape_crescent_zb06p9_E18p0;F3NCS_0346_ood_unseen_shape_lobed_zb01p8_E15p9;F3NCS_0347_ood_unseen_shape_lobed_zb02p8_E62p6;F3NCS_0348_ood_unseen_shape_lobed_zb05p0_E06p3;F3NCS_0349_ood_unseen_shape_lobed_zb03p4_E28p4;F3NCS_0350_ood_unseen_shape_lobed_zb06p0_E06p6;F3NCS_0351_ood_unseen_shape_crescent_zb06p3_E52p9;F3NCS_0352_ood_unseen_shape_lobed_zb05p6_E54p3;F3NCS_0353_ood_unseen_shape_lobed_zb02p2_E51p7;F3NCS_0354_ood_unseen_shape_crescent_zb05p4_E08p7;F3NCS_0355_ood_unseen_shape_crescent_zb07p5_E72p1;F3NCS_0356_ood_unseen_shape_lobed_zb07p8_E66p7;F3NCS_0357_ood_unseen_shape_lobed_zb03p8_E28p5;F3NCS_0358_ood_unseen_shape_lobed_zb05p7_E57p3;F3NCS_0359_ood_unseen_shape_crescent_zb07p1_E07p1;F3NCS_0360_ood_unseen_shape_lobed_zb06p1_E32p9;F3NCS_0361_ood_unseen_shape_crescent_zb07p0_E50p0;F3NCS_0362_ood_unseen_shape_lobed_zb07p0_E43p7;F3NCS_0363_ood_unseen_shape_crescent_zb04p4_E39p7;F3NCS_0364_ood_unseen_shape_lobed_zb03p1_E17p5;F3NCS_0365_ood_unseen_shape_crescent_zb04p6_E10p8;F3NCS_0366_ood_unseen_shape_crescent_zb01p4_E56p2;F3NCS_0367_ood_unseen_shape_crescent_zb02p6_E36p5;F3NCS_0368_ood_unseen_shape_crescent_zb03p1_E21p0;F3NCS_0369_ood_unseen_shape_lobed_zb02p7_E27p1;F3NCS_0370_ood_unseen_shape_crescent_zb07p7_E18p8;F3NCS_0371_ood_unseen_shape_lobed_zb02p8_E27p5;F3NCS_0372_ood_unseen_shape_lobed_zb02p3_E06p5;F3NCS_0373_ood_unseen_shape_lobed_zb04p9_E07p7;F3NCS_0374_ood_unseen_shape_lobed_zb07p3_E27p3;F3NCS_0375_ood_unseen_shape_crescent_zb03p4_E11p6;F3NCS_0376_ood_unseen_shape_crescent_zb04p0_E26p7;F3NCS_0377_ood_unseen_shape_crescent_zb06p5_E40p4;F3NCS_0378_ood_unseen_shape_crescent_zb05p4_E79p9;F3NCS_0379_ood_unseen_shape_crescent_zb06p4_E88p5;F3NCS_0380_ood_unseen_shape_lobed_zb03p5_E55p6;F3NCS_0381_ood_unseen_shape_crescent_zb04p9_E14p7;F3NCS_0382_ood_unseen_shape_crescent_zb05p9_E48p6;F3NCS_0383_ood_unseen_shape_crescent_zb05p4_E08p3,method2b_512_full_comsol_recalibrated_9model,fig3_true_ood,4,split_role/ood_split_family,ood_unseen_shape,230,38,64,0.0728716179728508,0.8046722412109375,0.1408852934837341,0.8617019653320312,0.2634726166725158,0.8866424560546875,0.3323449194431305,0.9029273986816406,0.3837484717369079,0.6419915996917653,0.802320058583978,0.0516422363909901,0.5089330395827792,0.0191969035523754,0.4303845167160034,0.1075837984681129,validation,0.9,12.651055335998535,
residual_likelihood_guided_diffusion,0.0861208140850067,0.179333472828016,14.92677282473676,0.2279084220062941,3.399943590164185,11.730998806913778,0.4495014103448602,64,F3NCS_0320_ood_unseen_shape_lobed_zb03p8_E09p9;F3NCS_0321_ood_unseen_shape_crescent_zb03p5_E06p5;F3NCS_0322_ood_unseen_shape_crescent_zb07p2_E76p5;F3NCS_0323_ood_unseen_shape_crescent_zb03p5_E10p3;F3NCS_0324_ood_unseen_shape_crescent_zb02p9_E59p3;F3NCS_0325_ood_unseen_shape_lobed_zb01p6_E06p9;F3NCS_0326_ood_unseen_shape_lobed_zb06p1_E42p4;F3NCS_0327_ood_unseen_shape_crescent_zb03p1_E14p7;F3NCS_0328_ood_unseen_shape_lobed_zb03p1_E29p3;F3NCS_0329_ood_unseen_shape_lobed_zb05p7_E08p7;F3NCS_0330_ood_unseen_shape_lobed_zb02p8_E92p0;F3NCS_0331_ood_unseen_shape_crescent_zb03p2_E14p3;F3NCS_0332_ood_unseen_shape_lobed_zb02p8_E45p3;F3NCS_0333_ood_unseen_shape_lobed_zb03p4_E06p5;F3NCS_0334_ood_unseen_shape_crescent_zb03p1_E53p0;F3NCS_0335_ood_unseen_shape_crescent_zb02p9_E84p2;F3NCS_0336_ood_unseen_shape_crescent_zb07p2_E64p1;F3NCS_0337_ood_unseen_shape_lobed_zb03p4_E11p4;F3NCS_0338_ood_unseen_shape_crescent_zb06p8_E10p9;F3NCS_0339_ood_unseen_shape_lobed_zb04p2_E91p6;F3NCS_0340_ood_unseen_shape_crescent_zb03p8_E70p0;F3NCS_0341_ood_unseen_shape_lobed_zb04p9_E61p6;F3NCS_0342_ood_unseen_shape_crescent_zb05p1_E22p7;F3NCS_0343_ood_unseen_shape_lobed_zb07p1_E87p4;F3NCS_0344_ood_unseen_shape_crescent_zb03p6_E61p5;F3NCS_0345_ood_unseen_shape_crescent_zb06p9_E18p0;F3NCS_0346_ood_unseen_shape_lobed_zb01p8_E15p9;F3NCS_0347_ood_unseen_shape_lobed_zb02p8_E62p6;F3NCS_0348_ood_unseen_shape_lobed_zb05p0_E06p3;F3NCS_0349_ood_unseen_shape_lobed_zb03p4_E28p4;F3NCS_0350_ood_unseen_shape_lobed_zb06p0_E06p6;F3NCS_0351_ood_unseen_shape_crescent_zb06p3_E52p9;F3NCS_0352_ood_unseen_shape_lobed_zb05p6_E54p3;F3NCS_0353_ood_unseen_shape_lobed_zb02p2_E51p7;F3NCS_0354_ood_unseen_shape_crescent_zb05p4_E08p7;F3NCS_0355_ood_unseen_shape_crescent_zb07p5_E72p1;F3NCS_0356_ood_unseen_shape_lobed_zb07p8_E66p7;F3NCS_0357_ood_unseen_shape_lobed_zb03p8_E28p5;F3NCS_0358_ood_unseen_shape_lobed_zb05p7_E57p3;F3NCS_0359_ood_unseen_shape_crescent_zb07p1_E07p1;F3NCS_0360_ood_unseen_shape_lobed_zb06p1_E32p9;F3NCS_0361_ood_unseen_shape_crescent_zb07p0_E50p0;F3NCS_0362_ood_unseen_shape_lobed_zb07p0_E43p7;F3NCS_0363_ood_unseen_shape_crescent_zb04p4_E39p7;F3NCS_0364_ood_unseen_shape_lobed_zb03p1_E17p5;F3NCS_0365_ood_unseen_shape_crescent_zb04p6_E10p8;F3NCS_0366_ood_unseen_shape_crescent_zb01p4_E56p2;F3NCS_0367_ood_unseen_shape_crescent_zb02p6_E36p5;F3NCS_0368_ood_unseen_shape_crescent_zb03p1_E21p0;F3NCS_0369_ood_unseen_shape_lobed_zb02p7_E27p1;F3NCS_0370_ood_unseen_shape_crescent_zb07p7_E18p8;F3NCS_0371_ood_unseen_shape_lobed_zb02p8_E27p5;F3NCS_0372_ood_unseen_shape_lobed_zb02p3_E06p5;F3NCS_0373_ood_unseen_shape_lobed_zb04p9_E07p7;F3NCS_0374_ood_unseen_shape_lobed_zb07p3_E27p3;F3NCS_0375_ood_unseen_shape_crescent_zb03p4_E11p6;F3NCS_0376_ood_unseen_shape_crescent_zb04p0_E26p7;F3NCS_0377_ood_unseen_shape_crescent_zb06p5_E40p4;F3NCS_0378_ood_unseen_shape_crescent_zb05p4_E79p9;F3NCS_0379_ood_unseen_shape_crescent_zb06p4_E88p5;F3NCS_0380_ood_unseen_shape_lobed_zb03p5_E55p6;F3NCS_0381_ood_unseen_shape_crescent_zb04p9_E14p7;F3NCS_0382_ood_unseen_shape_crescent_zb05p9_E48p6;F3NCS_0383_ood_unseen_shape_crescent_zb05p4_E08p3,method2b_512_full_comsol_recalibrated_9model,fig3_true_ood,4,split_role/ood_split_family,ood_unseen_shape,230,38,64,0.0814069509506225,0.00738525390625,0.0111485589295625,0.0160331726074218,0.0208361092954874,0.0277557373046875,0.0262847952544689,0.0457916259765625,0.0303502045571804,0.6432948117046149,0.8031182845818561,0.1504764015212464,18.0138004739411,0.0190175055076013,0.1205239295959472,0.0085106613114476,,,,
residual_likelihood_guided_diffusion_calibrated90,0.0861208215355873,0.179333472828016,14.92677282473676,0.2279084307374432,3.399943590164185,11.730998806913778,0.4495014152666244,64,F3NCS_0320_ood_unseen_shape_lobed_zb03p8_E09p9;F3NCS_0321_ood_unseen_shape_crescent_zb03p5_E06p5;F3NCS_0322_ood_unseen_shape_crescent_zb07p2_E76p5;F3NCS_0323_ood_unseen_shape_crescent_zb03p5_E10p3;F3NCS_0324_ood_unseen_shape_crescent_zb02p9_E59p3;F3NCS_0325_ood_unseen_shape_lobed_zb01p6_E06p9;F3NCS_0326_ood_unseen_shape_lobed_zb06p1_E42p4;F3NCS_0327_ood_unseen_shape_crescent_zb03p1_E14p7;F3NCS_0328_ood_unseen_shape_lobed_zb03p1_E29p3;F3NCS_0329_ood_unseen_shape_lobed_zb05p7_E08p7;F3NCS_0330_ood_unseen_shape_lobed_zb02p8_E92p0;F3NCS_0331_ood_unseen_shape_crescent_zb03p2_E14p3;F3NCS_0332_ood_unseen_shape_lobed_zb02p8_E45p3;F3NCS_0333_ood_unseen_shape_lobed_zb03p4_E06p5;F3NCS_0334_ood_unseen_shape_crescent_zb03p1_E53p0;F3NCS_0335_ood_unseen_shape_crescent_zb02p9_E84p2;F3NCS_0336_ood_unseen_shape_crescent_zb07p2_E64p1;F3NCS_0337_ood_unseen_shape_lobed_zb03p4_E11p4;F3NCS_0338_ood_unseen_shape_crescent_zb06p8_E10p9;F3NCS_0339_ood_unseen_shape_lobed_zb04p2_E91p6;F3NCS_0340_ood_unseen_shape_crescent_zb03p8_E70p0;F3NCS_0341_ood_unseen_shape_lobed_zb04p9_E61p6;F3NCS_0342_ood_unseen_shape_crescent_zb05p1_E22p7;F3NCS_0343_ood_unseen_shape_lobed_zb07p1_E87p4;F3NCS_0344_ood_unseen_shape_crescent_zb03p6_E61p5;F3NCS_0345_ood_unseen_shape_crescent_zb06p9_E18p0;F3NCS_0346_ood_unseen_shape_lobed_zb01p8_E15p9;F3NCS_0347_ood_unseen_shape_lobed_zb02p8_E62p6;F3NCS_0348_ood_unseen_shape_lobed_zb05p0_E06p3;F3NCS_0349_ood_unseen_shape_lobed_zb03p4_E28p4;F3NCS_0350_ood_unseen_shape_lobed_zb06p0_E06p6;F3NCS_0351_ood_unseen_shape_crescent_zb06p3_E52p9;F3NCS_0352_ood_unseen_shape_lobed_zb05p6_E54p3;F3NCS_0353_ood_unseen_shape_lobed_zb02p2_E51p7;F3NCS_0354_ood_unseen_shape_crescent_zb05p4_E08p7;F3NCS_0355_ood_unseen_shape_crescent_zb07p5_E72p1;F3NCS_0356_ood_unseen_shape_lobed_zb07p8_E66p7;F3NCS_0357_ood_unseen_shape_lobed_zb03p8_E28p5;F3NCS_0358_ood_unseen_shape_lobed_zb05p7_E57p3;F3NCS_0359_ood_unseen_shape_crescent_zb07p1_E07p1;F3NCS_0360_ood_unseen_shape_lobed_zb06p1_E32p9;F3NCS_0361_ood_unseen_shape_crescent_zb07p0_E50p0;F3NCS_0362_ood_unseen_shape_lobed_zb07p0_E43p7;F3NCS_0363_ood_unseen_shape_crescent_zb04p4_E39p7;F3NCS_0364_ood_unseen_shape_lobed_zb03p1_E17p5;F3NCS_0365_ood_unseen_shape_crescent_zb04p6_E10p8;F3NCS_0366_ood_unseen_shape_crescent_zb01p4_E56p2;F3NCS_0367_ood_unseen_shape_crescent_zb02p6_E36p5;F3NCS_0368_ood_unseen_shape_crescent_zb03p1_E21p0;F3NCS_0369_ood_unseen_shape_lobed_zb02p7_E27p1;F3NCS_0370_ood_unseen_shape_crescent_zb07p7_E18p8;F3NCS_0371_ood_unseen_shape_lobed_zb02p8_E27p5;F3NCS_0372_ood_unseen_shape_lobed_zb02p3_E06p5;F3NCS_0373_ood_unseen_shape_lobed_zb04p9_E07p7;F3NCS_0374_ood_unseen_shape_lobed_zb07p3_E27p3;F3NCS_0375_ood_unseen_shape_crescent_zb03p4_E11p6;F3NCS_0376_ood_unseen_shape_crescent_zb04p0_E26p7;F3NCS_0377_ood_unseen_shape_crescent_zb06p5_E40p4;F3NCS_0378_ood_unseen_shape_crescent_zb05p4_E79p9;F3NCS_0379_ood_unseen_shape_crescent_zb06p4_E88p5;F3NCS_0380_ood_unseen_shape_lobed_zb03p5_E55p6;F3NCS_0381_ood_unseen_shape_crescent_zb04p9_E14p7;F3NCS_0382_ood_unseen_shape_crescent_zb05p9_E48p6;F3NCS_0383_ood_unseen_shape_crescent_zb05p4_E08p3,method2b_512_full_comsol_recalibrated_9model,fig3_true_ood,4,split_role/ood_split_family,ood_unseen_shape,230,38,64,0.072753682732582,0.8044204711914062,0.1398184448480606,0.8610153198242188,0.2613138556480407,0.8860435485839844,0.3296479880809784,0.9025421142578124,0.3806338310241699,0.6432948309009136,0.8031182847435407,0.0522515149535646,0.5160835815260771,0.0190175052508103,0.4302247762680053,0.1067355424165725,validation,0.9,12.541393280029297,
explicit_residual_target_diffusion,0.1027311086654663,0.1805003687585355,14.870438130054715,0.1587676521157845,3.592884063720703,11.654582786473217,0.4621678820671403,64,F3NCS_0320_ood_unseen_shape_lobed_zb03p8_E09p9;F3NCS_0321_ood_unseen_shape_crescent_zb03p5_E06p5;F3NCS_0322_ood_unseen_shape_crescent_zb07p2_E76p5;F3NCS_0323_ood_unseen_shape_crescent_zb03p5_E10p3;F3NCS_0324_ood_unseen_shape_crescent_zb02p9_E59p3;F3NCS_0325_ood_unseen_shape_lobed_zb01p6_E06p9;F3NCS_0326_ood_unseen_shape_lobed_zb06p1_E42p4;F3NCS_0327_ood_unseen_shape_crescent_zb03p1_E14p7;F3NCS_0328_ood_unseen_shape_lobed_zb03p1_E29p3;F3NCS_0329_ood_unseen_shape_lobed_zb05p7_E08p7;F3NCS_0330_ood_unseen_shape_lobed_zb02p8_E92p0;F3NCS_0331_ood_unseen_shape_crescent_zb03p2_E14p3;F3NCS_0332_ood_unseen_shape_lobed_zb02p8_E45p3;F3NCS_0333_ood_unseen_shape_lobed_zb03p4_E06p5;F3NCS_0334_ood_unseen_shape_crescent_zb03p1_E53p0;F3NCS_0335_ood_unseen_shape_crescent_zb02p9_E84p2;F3NCS_0336_ood_unseen_shape_crescent_zb07p2_E64p1;F3NCS_0337_ood_unseen_shape_lobed_zb03p4_E11p4;F3NCS_0338_ood_unseen_shape_crescent_zb06p8_E10p9;F3NCS_0339_ood_unseen_shape_lobed_zb04p2_E91p6;F3NCS_0340_ood_unseen_shape_crescent_zb03p8_E70p0;F3NCS_0341_ood_unseen_shape_lobed_zb04p9_E61p6;F3NCS_0342_ood_unseen_shape_crescent_zb05p1_E22p7;F3NCS_0343_ood_unseen_shape_lobed_zb07p1_E87p4;F3NCS_0344_ood_unseen_shape_crescent_zb03p6_E61p5;F3NCS_0345_ood_unseen_shape_crescent_zb06p9_E18p0;F3NCS_0346_ood_unseen_shape_lobed_zb01p8_E15p9;F3NCS_0347_ood_unseen_shape_lobed_zb02p8_E62p6;F3NCS_0348_ood_unseen_shape_lobed_zb05p0_E06p3;F3NCS_0349_ood_unseen_shape_lobed_zb03p4_E28p4;F3NCS_0350_ood_unseen_shape_lobed_zb06p0_E06p6;F3NCS_0351_ood_unseen_shape_crescent_zb06p3_E52p9;F3NCS_0352_ood_unseen_shape_lobed_zb05p6_E54p3;F3NCS_0353_ood_unseen_shape_lobed_zb02p2_E51p7;F3NCS_0354_ood_unseen_shape_crescent_zb05p4_E08p7;F3NCS_0355_ood_unseen_shape_crescent_zb07p5_E72p1;F3NCS_0356_ood_unseen_shape_lobed_zb07p8_E66p7;F3NCS_0357_ood_unseen_shape_lobed_zb03p8_E28p5;F3NCS_0358_ood_unseen_shape_lobed_zb05p7_E57p3;F3NCS_0359_ood_unseen_shape_crescent_zb07p1_E07p1;F3NCS_0360_ood_unseen_shape_lobed_zb06p1_E32p9;F3NCS_0361_ood_unseen_shape_crescent_zb07p0_E50p0;F3NCS_0362_ood_unseen_shape_lobed_zb07p0_E43p7;F3NCS_0363_ood_unseen_shape_crescent_zb04p4_E39p7;F3NCS_0364_ood_unseen_shape_lobed_zb03p1_E17p5;F3NCS_0365_ood_unseen_shape_crescent_zb04p6_E10p8;F3NCS_0366_ood_unseen_shape_crescent_zb01p4_E56p2;F3NCS_0367_ood_unseen_shape_crescent_zb02p6_E36p5;F3NCS_0368_ood_unseen_shape_crescent_zb03p1_E21p0;F3NCS_0369_ood_unseen_shape_lobed_zb02p7_E27p1;F3NCS_0370_ood_unseen_shape_crescent_zb07p7_E18p8;F3NCS_0371_ood_unseen_shape_lobed_zb02p8_E27p5;F3NCS_0372_ood_unseen_shape_lobed_zb02p3_E06p5;F3NCS_0373_ood_unseen_shape_lobed_zb04p9_E07p7;F3NCS_0374_ood_unseen_shape_lobed_zb07p3_E27p3;F3NCS_0375_ood_unseen_shape_crescent_zb03p4_E11p6;F3NCS_0376_ood_unseen_shape_crescent_zb04p0_E26p7;F3NCS_0377_ood_unseen_shape_crescent_zb06p5_E40p4;F3NCS_0378_ood_unseen_shape_crescent_zb05p4_E79p9;F3NCS_0379_ood_unseen_shape_crescent_zb06p4_E88p5;F3NCS_0380_ood_unseen_shape_lobed_zb03p5_E55p6;F3NCS_0381_ood_unseen_shape_crescent_zb04p9_E14p7;F3NCS_0382_ood_unseen_shape_crescent_zb05p9_E48p6;F3NCS_0383_ood_unseen_shape_crescent_zb05p4_E08p3,method2b_512_full_comsol_recalibrated_9model,fig3_true_ood,4,split_role/ood_split_family,ood_unseen_shape,230,38,64,0.0647740811109542,0.6201400756835938,0.0503778830170631,0.7641143798828125,0.1647767126560211,0.8344039916992188,0.264484167098999,0.8752975463867188,0.3461419343948364,0.7712280360418488,0.7872523714080548,0.0620630455046083,1.0649486253199725,0.021666110635832,0.4269856214523315,0.104041501879692,,,,0.7570597529411316
explicit_residual_target_diffusion_calibrated90,0.1027311086654663,0.1805003687585355,14.870438130054715,0.1587676703929901,3.592884063720703,11.654582786473217,0.4621678850688023,64,F3NCS_0320_ood_unseen_shape_lobed_zb03p8_E09p9;F3NCS_0321_ood_unseen_shape_crescent_zb03p5_E06p5;F3NCS_0322_ood_unseen_shape_crescent_zb07p2_E76p5;F3NCS_0323_ood_unseen_shape_crescent_zb03p5_E10p3;F3NCS_0324_ood_unseen_shape_crescent_zb02p9_E59p3;F3NCS_0325_ood_unseen_shape_lobed_zb01p6_E06p9;F3NCS_0326_ood_unseen_shape_lobed_zb06p1_E42p4;F3NCS_0327_ood_unseen_shape_crescent_zb03p1_E14p7;F3NCS_0328_ood_unseen_shape_lobed_zb03p1_E29p3;F3NCS_0329_ood_unseen_shape_lobed_zb05p7_E08p7;F3NCS_0330_ood_unseen_shape_lobed_zb02p8_E92p0;F3NCS_0331_ood_unseen_shape_crescent_zb03p2_E14p3;F3NCS_0332_ood_unseen_shape_lobed_zb02p8_E45p3;F3NCS_0333_ood_unseen_shape_lobed_zb03p4_E06p5;F3NCS_0334_ood_unseen_shape_crescent_zb03p1_E53p0;F3NCS_0335_ood_unseen_shape_crescent_zb02p9_E84p2;F3NCS_0336_ood_unseen_shape_crescent_zb07p2_E64p1;F3NCS_0337_ood_unseen_shape_lobed_zb03p4_E11p4;F3NCS_0338_ood_unseen_shape_crescent_zb06p8_E10p9;F3NCS_0339_ood_unseen_shape_lobed_zb04p2_E91p6;F3NCS_0340_ood_unseen_shape_crescent_zb03p8_E70p0;F3NCS_0341_ood_unseen_shape_lobed_zb04p9_E61p6;F3NCS_0342_ood_unseen_shape_crescent_zb05p1_E22p7;F3NCS_0343_ood_unseen_shape_lobed_zb07p1_E87p4;F3NCS_0344_ood_unseen_shape_crescent_zb03p6_E61p5;F3NCS_0345_ood_unseen_shape_crescent_zb06p9_E18p0;F3NCS_0346_ood_unseen_shape_lobed_zb01p8_E15p9;F3NCS_0347_ood_unseen_shape_lobed_zb02p8_E62p6;F3NCS_0348_ood_unseen_shape_lobed_zb05p0_E06p3;F3NCS_0349_ood_unseen_shape_lobed_zb03p4_E28p4;F3NCS_0350_ood_unseen_shape_lobed_zb06p0_E06p6;F3NCS_0351_ood_unseen_shape_crescent_zb06p3_E52p9;F3NCS_0352_ood_unseen_shape_lobed_zb05p6_E54p3;F3NCS_0353_ood_unseen_shape_lobed_zb02p2_E51p7;F3NCS_0354_ood_unseen_shape_crescent_zb05p4_E08p7;F3NCS_0355_ood_unseen_shape_crescent_zb07p5_E72p1;F3NCS_0356_ood_unseen_shape_lobed_zb07p8_E66p7;F3NCS_0357_ood_unseen_shape_lobed_zb03p8_E28p5;F3NCS_0358_ood_unseen_shape_lobed_zb05p7_E57p3;F3NCS_0359_ood_unseen_shape_crescent_zb07p1_E07p1;F3NCS_0360_ood_unseen_shape_lobed_zb06p1_E32p9;F3NCS_0361_ood_unseen_shape_crescent_zb07p0_E50p0;F3NCS_0362_ood_unseen_shape_lobed_zb07p0_E43p7;F3NCS_0363_ood_unseen_shape_crescent_zb04p4_E39p7;F3NCS_0364_ood_unseen_shape_lobed_zb03p1_E17p5;F3NCS_0365_ood_unseen_shape_crescent_zb04p6_E10p8;F3NCS_0366_ood_unseen_shape_crescent_zb01p4_E56p2;F3NCS_0367_ood_unseen_shape_crescent_zb02p6_E36p5;F3NCS_0368_ood_unseen_shape_crescent_zb03p1_E21p0;F3NCS_0369_ood_unseen_shape_lobed_zb02p7_E27p1;F3NCS_0370_ood_unseen_shape_crescent_zb07p7_E18p8;F3NCS_0371_ood_unseen_shape_lobed_zb02p8_E27p5;F3NCS_0372_ood_unseen_shape_lobed_zb02p3_E06p5;F3NCS_0373_ood_unseen_shape_lobed_zb04p9_E07p7;F3NCS_0374_ood_unseen_shape_lobed_zb07p3_E27p3;F3NCS_0375_ood_unseen_shape_crescent_zb03p4_E11p6;F3NCS_0376_ood_unseen_shape_crescent_zb04p0_E26p7;F3NCS_0377_ood_unseen_shape_crescent_zb06p5_E40p4;F3NCS_0378_ood_unseen_shape_crescent_zb05p4_E79p9;F3NCS_0379_ood_unseen_shape_crescent_zb06p4_E88p5;F3NCS_0380_ood_unseen_shape_lobed_zb03p5_E55p6;F3NCS_0381_ood_unseen_shape_crescent_zb04p9_E14p7;F3NCS_0382_ood_unseen_shape_crescent_zb05p9_E48p6;F3NCS_0383_ood_unseen_shape_crescent_zb05p4_E08p3,method2b_512_full_comsol_recalibrated_9model,fig3_true_ood,4,split_role/ood_split_family,ood_unseen_shape,230,38,64,0.0642026960849762,0.6446418762207031,0.0637844800949096,0.8340072631835938,0.2086272090673446,0.8893051147460938,0.3348689079284668,0.9184188842773438,0.438257485628128,0.7712280337301863,0.7872523698720505,0.0343754382691555,0.6309254518811591,0.0216661106138919,0.5085022449493408,0.1317291110754013,validation,0.9,1.2661207914352417,0.7570597529411316
explicit_residual_likelihood_guided_diffusion,0.1036584079265594,0.1810740381329849,14.842876261950869,0.1543584341416135,3.601076126098633,11.665399391737516,0.4546106898474689,64,F3NCS_0320_ood_unseen_shape_lobed_zb03p8_E09p9;F3NCS_0321_ood_unseen_shape_crescent_zb03p5_E06p5;F3NCS_0322_ood_unseen_shape_crescent_zb07p2_E76p5;F3NCS_0323_ood_unseen_shape_crescent_zb03p5_E10p3;F3NCS_0324_ood_unseen_shape_crescent_zb02p9_E59p3;F3NCS_0325_ood_unseen_shape_lobed_zb01p6_E06p9;F3NCS_0326_ood_unseen_shape_lobed_zb06p1_E42p4;F3NCS_0327_ood_unseen_shape_crescent_zb03p1_E14p7;F3NCS_0328_ood_unseen_shape_lobed_zb03p1_E29p3;F3NCS_0329_ood_unseen_shape_lobed_zb05p7_E08p7;F3NCS_0330_ood_unseen_shape_lobed_zb02p8_E92p0;F3NCS_0331_ood_unseen_shape_crescent_zb03p2_E14p3;F3NCS_0332_ood_unseen_shape_lobed_zb02p8_E45p3;F3NCS_0333_ood_unseen_shape_lobed_zb03p4_E06p5;F3NCS_0334_ood_unseen_shape_crescent_zb03p1_E53p0;F3NCS_0335_ood_unseen_shape_crescent_zb02p9_E84p2;F3NCS_0336_ood_unseen_shape_crescent_zb07p2_E64p1;F3NCS_0337_ood_unseen_shape_lobed_zb03p4_E11p4;F3NCS_0338_ood_unseen_shape_crescent_zb06p8_E10p9;F3NCS_0339_ood_unseen_shape_lobed_zb04p2_E91p6;F3NCS_0340_ood_unseen_shape_crescent_zb03p8_E70p0;F3NCS_0341_ood_unseen_shape_lobed_zb04p9_E61p6;F3NCS_0342_ood_unseen_shape_crescent_zb05p1_E22p7;F3NCS_0343_ood_unseen_shape_lobed_zb07p1_E87p4;F3NCS_0344_ood_unseen_shape_crescent_zb03p6_E61p5;F3NCS_0345_ood_unseen_shape_crescent_zb06p9_E18p0;F3NCS_0346_ood_unseen_shape_lobed_zb01p8_E15p9;F3NCS_0347_ood_unseen_shape_lobed_zb02p8_E62p6;F3NCS_0348_ood_unseen_shape_lobed_zb05p0_E06p3;F3NCS_0349_ood_unseen_shape_lobed_zb03p4_E28p4;F3NCS_0350_ood_unseen_shape_lobed_zb06p0_E06p6;F3NCS_0351_ood_unseen_shape_crescent_zb06p3_E52p9;F3NCS_0352_ood_unseen_shape_lobed_zb05p6_E54p3;F3NCS_0353_ood_unseen_shape_lobed_zb02p2_E51p7;F3NCS_0354_ood_unseen_shape_crescent_zb05p4_E08p7;F3NCS_0355_ood_unseen_shape_crescent_zb07p5_E72p1;F3NCS_0356_ood_unseen_shape_lobed_zb07p8_E66p7;F3NCS_0357_ood_unseen_shape_lobed_zb03p8_E28p5;F3NCS_0358_ood_unseen_shape_lobed_zb05p7_E57p3;F3NCS_0359_ood_unseen_shape_crescent_zb07p1_E07p1;F3NCS_0360_ood_unseen_shape_lobed_zb06p1_E32p9;F3NCS_0361_ood_unseen_shape_crescent_zb07p0_E50p0;F3NCS_0362_ood_unseen_shape_lobed_zb07p0_E43p7;F3NCS_0363_ood_unseen_shape_crescent_zb04p4_E39p7;F3NCS_0364_ood_unseen_shape_lobed_zb03p1_E17p5;F3NCS_0365_ood_unseen_shape_crescent_zb04p6_E10p8;F3NCS_0366_ood_unseen_shape_crescent_zb01p4_E56p2;F3NCS_0367_ood_unseen_shape_crescent_zb02p6_E36p5;F3NCS_0368_ood_unseen_shape_crescent_zb03p1_E21p0;F3NCS_0369_ood_unseen_shape_lobed_zb02p7_E27p1;F3NCS_0370_ood_unseen_shape_crescent_zb07p7_E18p8;F3NCS_0371_ood_unseen_shape_lobed_zb02p8_E27p5;F3NCS_0372_ood_unseen_shape_lobed_zb02p3_E06p5;F3NCS_0373_ood_unseen_shape_lobed_zb04p9_E07p7;F3NCS_0374_ood_unseen_shape_lobed_zb07p3_E27p3;F3NCS_0375_ood_unseen_shape_crescent_zb03p4_E11p6;F3NCS_0376_ood_unseen_shape_crescent_zb04p0_E26p7;F3NCS_0377_ood_unseen_shape_crescent_zb06p5_E40p4;F3NCS_0378_ood_unseen_shape_crescent_zb05p4_E79p9;F3NCS_0379_ood_unseen_shape_crescent_zb06p4_E88p5;F3NCS_0380_ood_unseen_shape_lobed_zb03p5_E55p6;F3NCS_0381_ood_unseen_shape_crescent_zb04p9_E14p7;F3NCS_0382_ood_unseen_shape_crescent_zb05p9_E48p6;F3NCS_0383_ood_unseen_shape_crescent_zb05p4_E08p3,method2b_512_full_comsol_recalibrated_9model,fig3_true_ood,4,split_role/ood_split_family,ood_unseen_shape,230,38,64,0.0653419345617294,0.6207160949707031,0.0488363057374954,0.7564582824707031,0.1648891270160675,0.8309745788574219,0.2675714492797851,0.8731307983398438,0.3506049811840057,0.7486085492903322,0.7625668499060717,0.0650794476583829,1.1032572532564389,0.0241260802253891,0.42780601978302,0.1051641926169395,,,,0.7570597529411316
explicit_residual_likelihood_guided_diffusion_calibrated90,0.1036584079265594,0.1810740381329849,14.842876261950869,0.1543584346072748,3.601076126098633,11.665399391737516,0.4546106894407775,64,F3NCS_0320_ood_unseen_shape_lobed_zb03p8_E09p9;F3NCS_0321_ood_unseen_shape_crescent_zb03p5_E06p5;F3NCS_0322_ood_unseen_shape_crescent_zb07p2_E76p5;F3NCS_0323_ood_unseen_shape_crescent_zb03p5_E10p3;F3NCS_0324_ood_unseen_shape_crescent_zb02p9_E59p3;F3NCS_0325_ood_unseen_shape_lobed_zb01p6_E06p9;F3NCS_0326_ood_unseen_shape_lobed_zb06p1_E42p4;F3NCS_0327_ood_unseen_shape_crescent_zb03p1_E14p7;F3NCS_0328_ood_unseen_shape_lobed_zb03p1_E29p3;F3NCS_0329_ood_unseen_shape_lobed_zb05p7_E08p7;F3NCS_0330_ood_unseen_shape_lobed_zb02p8_E92p0;F3NCS_0331_ood_unseen_shape_crescent_zb03p2_E14p3;F3NCS_0332_ood_unseen_shape_lobed_zb02p8_E45p3;F3NCS_0333_ood_unseen_shape_lobed_zb03p4_E06p5;F3NCS_0334_ood_unseen_shape_crescent_zb03p1_E53p0;F3NCS_0335_ood_unseen_shape_crescent_zb02p9_E84p2;F3NCS_0336_ood_unseen_shape_crescent_zb07p2_E64p1;F3NCS_0337_ood_unseen_shape_lobed_zb03p4_E11p4;F3NCS_0338_ood_unseen_shape_crescent_zb06p8_E10p9;F3NCS_0339_ood_unseen_shape_lobed_zb04p2_E91p6;F3NCS_0340_ood_unseen_shape_crescent_zb03p8_E70p0;F3NCS_0341_ood_unseen_shape_lobed_zb04p9_E61p6;F3NCS_0342_ood_unseen_shape_crescent_zb05p1_E22p7;F3NCS_0343_ood_unseen_shape_lobed_zb07p1_E87p4;F3NCS_0344_ood_unseen_shape_crescent_zb03p6_E61p5;F3NCS_0345_ood_unseen_shape_crescent_zb06p9_E18p0;F3NCS_0346_ood_unseen_shape_lobed_zb01p8_E15p9;F3NCS_0347_ood_unseen_shape_lobed_zb02p8_E62p6;F3NCS_0348_ood_unseen_shape_lobed_zb05p0_E06p3;F3NCS_0349_ood_unseen_shape_lobed_zb03p4_E28p4;F3NCS_0350_ood_unseen_shape_lobed_zb06p0_E06p6;F3NCS_0351_ood_unseen_shape_crescent_zb06p3_E52p9;F3NCS_0352_ood_unseen_shape_lobed_zb05p6_E54p3;F3NCS_0353_ood_unseen_shape_lobed_zb02p2_E51p7;F3NCS_0354_ood_unseen_shape_crescent_zb05p4_E08p7;F3NCS_0355_ood_unseen_shape_crescent_zb07p5_E72p1;F3NCS_0356_ood_unseen_shape_lobed_zb07p8_E66p7;F3NCS_0357_ood_unseen_shape_lobed_zb03p8_E28p5;F3NCS_0358_ood_unseen_shape_lobed_zb05p7_E57p3;F3NCS_0359_ood_unseen_shape_crescent_zb07p1_E07p1;F3NCS_0360_ood_unseen_shape_lobed_zb06p1_E32p9;F3NCS_0361_ood_unseen_shape_crescent_zb07p0_E50p0;F3NCS_0362_ood_unseen_shape_lobed_zb07p0_E43p7;F3NCS_0363_ood_unseen_shape_crescent_zb04p4_E39p7;F3NCS_0364_ood_unseen_shape_lobed_zb03p1_E17p5;F3NCS_0365_ood_unseen_shape_crescent_zb04p6_E10p8;F3NCS_0366_ood_unseen_shape_crescent_zb01p4_E56p2;F3NCS_0367_ood_unseen_shape_crescent_zb02p6_E36p5;F3NCS_0368_ood_unseen_shape_crescent_zb03p1_E21p0;F3NCS_0369_ood_unseen_shape_lobed_zb02p7_E27p1;F3NCS_0370_ood_unseen_shape_crescent_zb07p7_E18p8;F3NCS_0371_ood_unseen_shape_lobed_zb02p8_E27p5;F3NCS_0372_ood_unseen_shape_lobed_zb02p3_E06p5;F3NCS_0373_ood_unseen_shape_lobed_zb04p9_E07p7;F3NCS_0374_ood_unseen_shape_lobed_zb07p3_E27p3;F3NCS_0375_ood_unseen_shape_crescent_zb03p4_E11p6;F3NCS_0376_ood_unseen_shape_crescent_zb04p0_E26p7;F3NCS_0377_ood_unseen_shape_crescent_zb06p5_E40p4;F3NCS_0378_ood_unseen_shape_crescent_zb05p4_E79p9;F3NCS_0379_ood_unseen_shape_crescent_zb06p4_E88p5;F3NCS_0380_ood_unseen_shape_lobed_zb03p5_E55p6;F3NCS_0381_ood_unseen_shape_crescent_zb04p9_E14p7;F3NCS_0382_ood_unseen_shape_crescent_zb05p9_E48p6;F3NCS_0383_ood_unseen_shape_crescent_zb05p4_E08p3,method2b_512_full_comsol_recalibrated_9model,fig3_true_ood,4,split_role/ood_split_family,ood_unseen_shape,230,38,64,0.0648464038968086,0.6381301879882812,0.0617462322115898,0.8288803100585938,0.2084777355194091,0.8884048461914062,0.3383042514324188,0.9172439575195312,0.4432877898216247,0.7486085473368046,0.7625668503911257,0.037279174459722,0.6635072352557569,0.0241260802164675,0.5112370252609253,0.1329644620418548,validation,0.9,1.2643511295318604,0.7570597529411316
