case_id,config_id,z_top_mm,z_bottom_mm,thickness_mm,radius_mm,contrast_x,log10_contrast_x,boundary_irregularity,heterogeneous_core,rim_stiffness,multifocality,layer_modulus_variation_x,log_layer_modulus_variation,contact_pressure_kpa,lateral_psf_mm,readout_noise_rel,calibration_shift_rel,depth_group
dr_0000,shallow_0000,0.15,2.252639669599077,2.102639669599077,3.5459840954614363,1.2721868445475606,0.10455090030359993,0.07233623764774687,0.24308260892016845,0,0,1.0720945603923757,0.06961426807964285,14.195253205398162,1.3798098481335077,0.02579111013217529,0.011135990815052833,shallow
dr_0001,shallow_0001,0.15,1.3374966743244006,1.1874966743244006,2.4921266286420103,2.00580755526835,0.30228926283480917,0.6165186958259292,0.34980615016516753,0,0,1.228613259199084,0.20588610180982336,10.881297144360298,1.761561327686659,0.0222981551142636,0.023423212446729555,shallow
dr_0002,shallow_0002,0.15,2.9078468239814845,2.7578468239814846,1.9561162355042265,6.450822207812813,0.809615072396318,0.31306439035214784,0.10399628486132313,1,0,1.2252459544107897,0.2031416029541108,9.566075767420763,0.9429748281345117,0.03051565488950561,0.016668324592450916,shallow
dr_0003,shallow_0003,0.15,1.1194914085953012,0.9694914085953011,2.6919410237022285,3.981530605343251,0.6000500584223402,0.4674575275756472,0.2162236047554221,0,0,1.0245170175750953,0.024221299173889866,11.416386766962415,1.6739253585690075,0.04308182050629748,0.051102298448097494,shallow
dr_0004,shallow_0004,0.15,2.788265992503285,2.638265992503285,2.9369087257331805,6.947771600398969,0.8418455331030981,0.14339337608526107,0.4765482826298762,0,0,1.1507411453848209,0.14040620903848475,9.662680816179998,1.7411545384918852,0.04071366451463781,0.08146272668124876,shallow
dr_0005,shallow_0005,0.15,1.8448537198996058,1.6948537198996059,1.5468121802483452,2.5963682874593963,0.4143662959353219,0.7118971202571619,0.5430398941298046,1,0,1.0286646471445486,0.028261502028432542,12.105073719348797,1.2147430457797936,0.022167533570576298,0.007827697251928327,shallow
dr_0006,shallow_0006,0.15,1.290023376124404,1.140023376124404,1.519948981725559,3.308373088307973,0.5196144794345974,0.07375236421176942,0.03847189202289322,0,0,1.418543608983138,0.3496307178207455,12.317016327533407,1.6671747415954994,0.03479245961176468,0.011350151976854496,shallow
dr_0007,shallow_0007,0.15,1.9090068824424442,1.7590068824424443,3.3549718452966193,10.542720473671283,1.0229526919252363,0.06616300163735582,0.20784441158878322,0,1,1.3052157275247924,0.26636833556083755,14.184207513975087,0.7506240372622851,0.02513389457438655,-0.034178855467882414,shallow
dr_0008,shallow_0008,0.15,1.9793263425068823,1.8293263425068824,2.3790433700779525,3.2832020033407363,0.5162976040931333,0.16653237476394117,0.25900835624461394,0,0,1.0754438966775632,0.07273350349059518,9.843605724646467,0.9728218222840272,0.01213874325422807,0.006883611607359309,shallow
dr_0009,shallow_0009,0.15,1.9812311646973306,1.8312311646973307,2.6086679588766626,6.00047076501369,0.778185324154886,0.018529358063414835,0.07570973215112323,0,0,0.9512683094470895,-0.049959122215299336,11.435513546026602,2.341116592825453,0.05983629116709832,0.05130982469667637,shallow
dr_0010,shallow_0010,0.15,1.1936288907831205,1.0436288907831206,3.573284611658227,1.663248155190015,0.22095705041585267,0.4504174280954923,0.015558945237079005,0,1,1.0335845450326353,0.03303290137310484,16.49615161373798,0.9581561780722714,0.039870872181134547,0.06294283165649302,shallow
dr_0011,shallow_0011,0.15,1.6919222484965615,1.5419222484965616,2.712916972681628,4.078070179554333,0.6104546952849202,0.6391850847000973,0.12139979689972508,0,1,1.272222590508337,0.24076544214652315,12.080693415791192,0.8831853888788399,0.02320476906621962,0.04083828193915883,shallow
dr_0012,shallow_0012,0.15,2.066180561014881,1.916180561014881,2.337448641550568,15.13237594916736,1.179907122378879,0.24957656245952975,0.20654653250952282,0,0,1.3116557660074522,0.2712902826260269,10.053012367612906,0.9232690606628721,0.042540375682122586,-0.01587201864499361,shallow
dr_0013,shallow_0013,0.15,2.7028051217918554,2.5528051217918555,3.1442528651455612,2.4614857186146226,0.3911973203668057,0.28155834742979613,0.39259068033274275,0,1,0.9296074826504303,-0.07299284359413387,3.224799240538463,1.6539063919244066,0.045169697095960214,-0.029603588399793653,shallow
dr_0014,shallow_0014,0.15,1.2071469341164116,1.0571469341164117,1.6646606152753907,2.477401516093983,0.3939963990333718,0.11933601334563261,0.20576657146835345,0,0,0.7851235405148477,-0.24191419713006806,9.905313424740992,1.104022311340462,0.010923881944834905,-0.038886367661761775,shallow
dr_0015,shallow_0015,0.15,1.317273809632198,1.1672738096321982,1.2519699181360369,1.245487721018561,0.09533945028266655,0.578936154537808,0.2543584821941494,0,1,0.8494378805287188,-0.16318046528937008,6.030910390578386,0.8813435909569789,0.061973200867129936,-0.04959731554939908,shallow
dr_0016,shallow_0016,0.15,1.8334520130974785,1.6834520130974786,2.645739535555792,2.798206116618341,0.4468797015829111,0.07432543091263172,0.4529584312843751,0,0,0.9797777970069682,-0.020429470774400466,8.27324975454261,0.9807554959540721,0.0273534768272221,-0.011917205477811723,shallow
dr_0017,shallow_0017,1.016238997247012,2.702527167550055,1.686288170303043,1.974597685434651,3.071836665544102,0.4873981198429581,0.011974652040552862,0.26394682987313006,1,0,0.8505395173770752,-0.16188440452536004,10.457674109301196,2.3536407019308774,0.038659512926520555,0.031585183218432136,shallow
dr_0018,shallow_0018,0.15,2.703775971629928,2.553775971629928,1.1627790207367328,2.2871372698026895,0.35929223095077867,0.23246569175861276,0.2050660103618972,0,0,1.1295265312272975,0.12179854600578077,11.145682365698224,1.1556039785166443,0.026956943155053446,0.04794315158919984,shallow
dr_0019,shallow_0019,0.15,2.5595511246002283,2.4095511246002284,1.0738532446240374,3.029827751268619,0.4814179391293907,0.16000254691689803,0.3912905471449496,0,0,1.0037465067595488,0.003739506083038834,8.215254867979228,1.503984092041907,0.02873592621338121,0.00476967503600921,shallow
dr_0020,shallow_0020,0.15,1.1040868915749888,0.9540868915749888,2.4518943228931174,3.6463043780512243,0.5618529188967378,0.23411958797655683,0.4004590579044714,1,0,0.9220295377288388,-0.08117801935644897,4.282082168049218,1.0149945591011587,0.03635584978579337,0.05423524844326265,shallow
dr_0021,shallow_0021,1.7068976228297512,2.834701559752992,1.1278039369232407,1.7064818918993652,6.526120981178933,0.8146551204741386,0.08890591207438582,0.07122270886081074,0,1,0.8469508402559285,-0.1661126258539771,9.592357319583202,1.6086008362593116,0.00993146042931876,-0.0057918151683283015,shallow
dr_0022,shallow_0022,0.8622252768484722,2.691572234826407,1.829346957977935,1.4209205850962694,2.8892819258164866,0.46078992081707343,0.2019590899396845,0.21117846865788756,0,0,1.1656864531453022,0.15331014365737194,5.958800223161343,2.1627072317766247,0.02983148227604251,-0.06351823158865033,shallow
dr_0023,shallow_0023,0.15,1.5305159637680101,1.3805159637680102,1.6080277744585918,2.1827632582376735,0.3390066348312245,0.046436553198670245,0.14747810895072094,1,0,0.8855156871010821,-0.1215851063869946,12.871528373808033,1.5056100080687524,0.023494954107617427,-0.059509121783081646,shallow
dr_0024,shallow_0024,0.15,2.7891928211977772,2.6391928211977773,1.7675258088562646,1.7252044867793341,0.23684057895511768,0.10088871934325123,0.46057883432119034,0,0,1.1564205989614769,0.14532954400856168,8.473888567761575,1.5983157214558097,0.04711293259762195,-0.04976703585379962,shallow
dr_0025,shallow_0025,0.15,2.048637337684367,1.898637337684367,2.6147570404237914,3.779338435020512,0.5774157841850052,0.3905197041598299,0.06175246355452593,1,0,1.0748502849775194,0.07218138209233459,10.242974995189833,0.9061339879135226,0.027061747820662084,0.07751078553035787,shallow
dr_0026,shallow_0026,0.15,2.7678366998344934,2.6178366998344935,0.9718794667477703,7.684684611192508,0.8856260482275076,0.24206935835232235,0.2889853593614916,1,0,1.1589614802048134,0.147524328434137,5.494776370647061,1.0919981000390067,0.0390490784030936,0.018114095772968738,shallow
dr_0027,shallow_0027,2.0014188770542103,2.772318698903711,0.7708998218495009,1.7222270457452327,3.529791287348092,0.5477490267949678,0.3690526286764443,0.2598149734383742,0,0,1.140923071193617,0.13183764634018674,10.061780627346986,1.7838010299827052,0.031438194535735715,-0.0050613458213147715,shallow
dr_0028,shallow_0028,0.15,1.5603902957972318,1.4103902957972319,3.5941727636295413,4.95118054664507,0.6947087633304803,0.1640735537635984,0.0988099892278087,1,0,0.6709006928783412,-0.3991341516543389,18.445409693200062,1.642174792388585,0.04890989209127956,0.02072071821448994,shallow
dr_0029,shallow_0029,0.15,2.9020158981652857,2.752015898165286,2.053279482183967,1.8199390200684535,0.2600568365062539,0.24852534026275863,0.07583242503555937,0,1,0.9985610800540848,-0.0014399561853835681,15.358062676297651,1.5262941393685532,0.03908117770381843,-0.010720291684270328,shallow
dr_0030,shallow_0030,0.15,1.465450185079872,1.315450185079872,2.701643478566697,1.389421443367093,0.14283399718994033,0.11435615314947646,0.3176683031559408,0,0,0.7883485412022204,-0.2378149757446782,9.217782153218312,1.7924855123642878,0.05385570477163154,0.01200639145571464,shallow
dr_0031,shallow_0031,0.15,2.2431507616769926,2.0931507616769927,1.5175095050598264,5.0603481357306555,0.7041803959358162,0.3190019632346321,0.31341939008522257,0,0,1.0330745152490453,0.03253932233653651,14.080723410854402,1.0704812579072065,0.011209153719756212,-0.04752804723376763,shallow
dr_0032,shallow_0032,0.15,1.9321807316630983,1.7821807316630984,2.2692783803021364,2.0958072612533067,0.3213513407053155,0.3115991162930514,0.1780776602798876,0,0,1.108822088212258,0.10329827008143562,13.74072235159867,1.4286802663620684,0.029314056690412087,-0.046572302546291744,shallow
dr_0033,shallow_0033,0.15,1.6220458880618531,1.4720458880618532,3.0110393331667664,2.648682573925664,0.4230299142607159,0.16895100143365546,0.023696911985006886,1,0,1.0391388342048278,0.03839232610163185,9.453873820975236,1.5376967769905274,0.024882278248552547,0.011275374720917832,shallow
dr_0034,shallow_0034,0.15,2.335275252736885,2.185275252736885,2.671431024386123,2.19935265844097,0.34229487253273755,0.5147329416043497,0.30145387457341977,0,0,0.9704842964889118,-0.029960057350029996,11.149250392192833,1.4922585596916642,0.05368652712830023,-0.03320878916363213,shallow
dr_0035,shallow_0035,0.15,2.1676555339733,2.0176555339733,2.220949836828663,2.199047038958188,0.3422345192841565,0.15980496438410455,0.6230285492506216,0,0,1.1852315357575434,0.16993814432611515,10.222543940641486,0.9603491655022557,0.05448959429358796,-0.05102112284132098,shallow
dr_0036,shallow_0036,0.15,2.699734211349007,2.549734211349007,2.4916357962859417,7.596851406682317,0.8806336317499419,0.06925016026494377,0.2501400375715198,0,1,0.9696350469735295,-0.03083551851429802,7.450371022465735,1.0637107548554283,0.051793270631006465,-0.03808937990445066,shallow
dr_0037,shallow_0037,0.15,2.0273073114570277,1.8773073114570278,2.124719164153649,2.2386688396661776,0.34998985430139884,0.02795960981267298,0.5668964262679971,0,0,1.0301240618708885,0.02967924340655444,10.841114464988078,1.6011009989366352,0.01715701877586288,-0.10822684776644821,shallow
dr_0038,shallow_0038,0.15,1.960023320231405,1.810023320231405,1.990810402301944,4.211307824227975,0.6244169871997961,0.02275759868053551,0.18731447485826513,0,0,1.0239705676987214,0.023687783722525682,12.881894975128802,1.1633666295435163,0.027273910914796484,-0.10400359957791333,shallow
dr_0039,shallow_0039,0.43633258799610086,2.308867181710779,1.8725345937146782,3.493450075035017,1.644564214018894,0.2160508357083682,0.436584238215313,0.1091239324431143,1,0,0.9088719320650299,-0.09555108354776871,7.3257555485351205,2.194957639614526,0.0369885411196765,0.0010703369186982558,shallow
dr_0040,shallow_0040,0.15,1.6379552051207038,1.487955205120704,2.6569633610188754,6.207527322512354,0.792918639783627,0.19943939546171152,0.2675755344362768,0,0,0.8392320753173024,-0.1752680013276738,15.03728203325871,1.1799731933300255,0.0380241761712287,0.019395440812568335,shallow
dr_0041,shallow_0041,0.15,2.7468487654305256,2.5968487654305257,3.101786785720498,3.379922202244332,0.5289067039685311,0.4201528859706239,0.10540939219291977,0,0,0.9111556431678498,-0.09304154761279639,6.591173642428546,0.6024674260722559,0.036299482361318004,0.07254590650008058,shallow
dr_0042,shallow_0042,0.15,1.8536671379796559,1.703667137979656,1.7339984811267453,3.2262534890801327,0.5086984872264481,0.10530449822340887,0.41834381758077466,1,0,1.1381244774145303,0.12938171233611998,11.81968735378057,1.2165716664997883,0.029412898224940497,-0.08950895758092722,shallow
dr_0043,shallow_0043,0.15,2.6857331918648564,2.5357331918648565,2.9088265862089773,1.5838548794106448,0.19971538687568863,0.4118723294924535,0.09649445282877653,0,0,0.6352153992588495,-0.4537911261773769,12.323033866009535,1.3309823071963143,0.04432829256409597,-0.06542673927609216,shallow
dr_0044,shallow_0044,0.15,1.9350437739427475,1.7850437739427476,3.200746307754669,11.482669889930753,1.0600428796692023,0.1280333166475153,0.17682304815060979,0,0,0.8948897069229608,-0.11105480078934067,6.632464919735579,0.6190836928916192,0.035113607028875754,-0.010023236291899471,shallow
dr_0045,shallow_0045,0.15,1.2107803777699935,1.0607803777699936,1.6470446976879138,8.984271996892442,0.9534828916239861,0.26741972747129006,0.07791534101255401,0,0,1.0005273995433064,0.0005272605170466723,4.8069495884987035,1.3455194709120626,0.04306368659160932,-0.0166456390361858,shallow
dr_0046,shallow_0046,0.15,1.2847663098511273,1.1347663098511274,2.064333053138587,3.7409792806450515,0.5729853028717038,0.10400594522619543,0.10957846193107196,0,0,1.0026136035151363,0.0026101939929366012,9.941090268085901,1.0264346198024654,0.04677818580498083,-0.022552272467630103,shallow
dr_0047,shallow_0047,0.15,1.8683196226046404,1.7183196226046404,2.888535707006518,4.780683378477972,0.6794899816097684,0.3265702566261915,0.2362044539868478,0,0,0.9128912967872002,-0.0911384670448916,10.974322019364216,0.8498132444161365,0.028472952641051937,-0.04332282334646742,shallow
dr_0048,shallow_0048,0.15,1.9072595571225366,1.7572595571225367,2.6401935442951725,3.2557553944774735,0.5126517688157055,0.012996103226985052,0.48771572929957735,0,0,1.1905607511771539,0.17442441561100583,11.62797495532529,0.9946952117778015,0.018069340653288208,0.026434876985680908,shallow
dr_0049,shallow_0049,0.9309724156401442,2.3572785289882665,1.4263061133481223,1.224766266880982,10.152753982428802,1.0065838626572865,0.14396290392969704,0.239293202860905,0,0,0.9519254274730783,-0.04926857974518352,13.946132095823453,0.7381848270869837,0.023332284986281582,0.07673838647511842,shallow
dr_0050,shallow_0050,0.15,2.3529242452839165,2.2029242452839166,2.9268781385109466,6.115993762838209,0.7864670338419291,0.0689432331490288,0.11913002605075082,1,0,0.9628419647854526,-0.03786598783128352,8.296527821828795,1.4107354061086226,0.028958347939908778,-0.03890910969044416,shallow
dr_0051,shallow_0051,0.15,1.6254009247187395,1.4754009247187396,1.447875628108274,2.468377270989862,0.39241153874334994,0.5526424087334301,0.3194003215283616,0,0,1.0884712423088034,0.08477418178333695,15.96344637027416,1.4711235710392045,0.025451364514296696,0.07768297623942802,shallow
dr_0052,shallow_0052,0.15,1.4160088416752343,1.2660088416752344,1.7896907766409984,3.1891658394472464,0.5036771035277364,0.5919119755171659,0.6137778897146003,0,0,1.2309785206709805,0.2078093983668861,11.084460237731374,1.850670045235737,0.02047714461715024,-0.0011386593607786465,shallow
dr_0053,shallow_0053,0.15,1.247905822570933,1.097905822570933,3.436391649199829,9.346612041090863,0.9706542163807217,0.1258097779884645,0.038054106125805835,0,1,0.8925272001328909,-0.11369828945336355,10.429378712017778,1.4137142218669139,0.03878184584969148,0.028117405066195863,shallow
dr_0054,shallow_0054,0.15,1.126434151851418,0.976434151851418,1.0974863884392598,1.7492547096631068,0.24285305187269923,0.04718656074452184,0.43000351924485253,1,0,1.0755283626266263,0.07281204095079828,9.10912102847085,1.8844068620658314,0.05063283228470941,0.047013465458783425,shallow
dr_0055,shallow_0055,0.15,1.1926133634571878,1.042613363457188,1.4117379389665372,1.6270406097639616,0.211398392750196,0.15619817491636667,0.14000989538488776,0,0,1.1880410355173243,0.1723057620251525,10.560737514772914,1.9002781003335065,0.06009115720676095,-0.07135428425698993,shallow
dr_0056,shallow_0056,0.15,2.8207917520332475,2.6707917520332476,0.9125536068239696,2.609621062783666,0.4165774489896571,0.6031047069870801,0.6705078480402555,0,0,1.3422038356046924,0.29431291643773416,11.591336376798726,1.162798202254003,0.04575258550405849,-0.027427085178495004,shallow
dr_0057,shallow_0057,0.15,1.7196531123813124,1.5696531123813124,2.5709489059866706,3.720824786711234,0.5706392196167847,0.22046210189009693,0.29136418252805796,0,0,1.0731015570072149,0.07055310689315455,14.412587754075027,0.6534126745773133,0.061797114269940806,0.04720259229043617,shallow
dr_0058,shallow_0058,0.24851225541895428,2.7353735296232724,2.486861274204318,2.8517759958914484,4.580162062600399,0.6608808451758914,0.029536219132466193,0.6730443506173315,1,0,0.8615001955876259,-0.14907999598269167,10.223220206534544,0.9257785393520122,0.05193893791383457,0.0430425895590276,shallow
dr_0059,shallow_0059,0.15,1.964721962833757,1.8147219628337572,2.2599156545505754,4.843145021225083,0.6851274735839852,0.13145879867176583,0.04553832284296,1,0,1.0614792030371965,0.05966340991761855,9.501540417654498,1.4987410090392812,0.04759964377161038,0.04546920032616692,shallow
dr_0060,shallow_0060,0.15,2.3834606469586452,2.2334606469586453,1.3384572420330345,2.8325592158928163,0.4521789977469707,0.22924982063898133,0.33140991423001853,0,1,1.5128207294888756,0.4139759409975229,6.591651441643602,0.9728746179360193,0.02462734927456118,-0.0197945559373431,shallow
dr_0061,shallow_0061,0.9003997199072828,2.350015472330866,1.449615752423583,2.9343923791404634,2.526614121120191,0.40253891906087047,0.10030861853873276,0.36232606374509574,0,0,0.792806365005498,-0.23217626748509326,12.609147548025778,0.49036775263630294,0.04501583822766786,0.01819095035627161,shallow
dr_0062,shallow_0062,0.15,1.1924130954799934,1.0424130954799935,1.4765603268852567,6.795309051389076,0.8322092132775932,0.18498673978182917,0.6487324820159466,0,0,1.1443617547558884,0.13484706216306508,13.624392598054817,1.2433677795367444,0.03623342022760403,-0.10291794584466242,shallow
dr_0063,shallow_0063,0.15,1.611875034002101,1.4618750340021012,1.8047706785785853,6.3530064410484535,0.80297929564856,0.03822015927093208,0.45683759486939496,0,0,0.7163545548761044,-0.3335800462123467,8.815927167454076,1.2991248545355196,0.033771054328306835,-0.060033489332760315,shallow
dr_0064,shallow_0064,0.15,1.1430077971459291,0.9930077971459291,0.9708181875967656,5.2296268095455645,0.718470698362913,0.13634171599159745,0.4009622806306393,0,0,1.26495784162198,0.2350387948430905,8.121736869682362,1.0653547697771357,0.02724318717590042,-0.1096608730443157,shallow
dr_0065,shallow_0065,0.15,1.4175048812621327,1.2675048812621328,2.404805670494508,4.3300053898689495,0.6364884369512606,0.7338618031472023,0.23703128484557398,0,0,1.3558902533795867,0.30445825215701344,8.53558209283716,2.175846732454047,0.020338621534591365,-0.024640200521927048,shallow
dr_0066,shallow_0066,0.15,1.3237787431492198,1.17377874314922,2.4409913262393443,1.4862229163192282,0.17208395348021727,0.25737743299313015,0.4226852143631236,0,0,1.0002116002028576,0.00021157781869228924,10.24383542476061,1.1755410677941147,0.0453492033410642,0.009329140056152565,shallow
dr_0067,shallow_0067,0.15,2.480413764833038,2.3304137648330383,2.242886232291675,2.0335884917550158,0.3082630755085979,0.6187264722859066,0.1419063973027593,0,1,1.0077808447931198,0.007750730131076695,12.666340354401198,1.4606661271211423,0.026121091174302054,0.014635300573829921,shallow
dr_0068,shallow_0068,0.15,2.09867124856856,1.94867124856856,3.700252456943024,2.9851545722921182,0.47496682395968876,0.2253151753319433,0.11660844383463234,1,0,0.8226498068008334,-0.19522467699927956,10.718744793484321,1.1602524767992655,0.011346105893264676,-0.011010025427685475,shallow
dr_0069,shallow_0069,0.15,2.121878148262599,1.9718781482625989,3.7499917922357793,1.6924725447006281,0.2285216322867366,0.11345413495160946,0.13551015112862555,0,1,0.9722310104528327,-0.028161837684637155,8.289519312388224,0.47351571159055694,0.01209150814656981,0.009826218698201309,shallow
dr_0070,shallow_0070,0.15,1.8509865293090286,1.7009865293090287,3.4433659795946543,3.2510886258766,0.5120288086854636,0.5342766825790295,0.009259130442456177,0,0,0.9034790703872276,-0.10150233425720723,2.965475063771704,0.7756904543918641,0.050062789571377456,0.08976197826386663,shallow
dr_0071,shallow_0071,0.15,2.157539435334778,2.007539435334778,3.769546046941358,3.1183439900055934,0.49392402128292423,0.49367546253180616,0.3166307311417996,0,0,0.8126060240572986,-0.2075088821440292,12.201266072450414,0.8224275097779318,0.020461272960845565,-0.0017425516535259883,shallow
dr_0072,shallow_0072,1.2762333816429718,2.716337178150752,1.4401037965077803,3.6806838224400167,3.141489740831109,0.49713564577797636,0.5094533846693823,0.22879161199970832,0,0,1.2262688539672613,0.2039761070838334,7.301109573012464,1.2098413226470675,0.031701150378406893,-0.008655302110653617,shallow
dr_0073,shallow_0073,0.15,2.1391436573681837,1.9891436573681838,2.8662971792499135,2.298458837519801,0.36143673049307856,0.09431977187156586,0.21554449974836537,1,0,0.6274739316486146,-0.4660531520285991,7.495693586556726,1.015384677089577,0.015038717507930347,-0.04207101473335066,shallow
dr_0074,shallow_0074,0.15,2.4500565343448226,2.3000565343448227,3.704289349792834,2.4339843592305392,0.3863177831291758,0.2623360916053207,0.029898217039868263,0,1,1.310604273679383,0.27048830847509453,11.403281531855388,0.9896103581252609,0.03231167358984681,0.02003889653849988,shallow
dr_0075,shallow_0075,0.15,1.130155586773264,0.980155586773264,3.003830825678147,7.589541675687597,0.8802155501076256,0.152139545292942,0.23508085952070437,1,0,0.9094442686115245,-0.09492155985416358,4.814478335642777,0.9706802884272477,0.05020513543270115,0.02058881359291834,shallow
dr_0076,shallow_0076,0.15,1.7622112686958222,1.6122112686958223,2.3994943719793858,5.38145856715307,0.730900000910786,0.2666488740445906,0.1245303936362331,0,0,0.9391437285263281,-0.06278674596395993,9.825292410964968,1.171059975370008,0.04432191649551427,0.04651257778053087,shallow
dr_0077,shallow_0077,0.15,2.324511715479215,2.1745117154792153,2.112992816675747,3.2497897463781147,0.5118552640737806,0.6746962701294318,0.10099337187157512,0,0,0.7061689966246657,-0.34790069814418706,8.791079648139114,0.7615291026452424,0.0308231800740175,0.11397983386187012,shallow
dr_0078,shallow_0078,0.38454142248523837,2.485182312610098,2.1006408901248594,1.718724639677049,1.3222615931511603,0.12131738345771126,0.4040246608075599,0.2859034629524886,0,0,0.8176127273243881,-0.2013664929655152,7.121596338005503,2.118705873095959,0.03679745619284178,0.01537378910265842,shallow
dr_0079,shallow_0079,0.15,2.2722582958506337,2.1222582958506337,1.1060996067564877,7.1707457288637695,0.8555643229048387,0.22413244504416396,0.42506607218870174,0,0,0.938553041677788,-0.06341590704832493,10.991111905125539,0.5470698742698583,0.04394672116749978,0.012201989984648725,shallow
dr_0080,shallow_0080,0.15,1.4752005051685078,1.3252005051685078,1.012330561079659,1.3951738117778794,0.14462831570553625,0.39032412311283715,0.059820844889175766,0,0,1.1239852361530194,0.11688061629005467,16.392071659236308,1.141194364458962,0.0430186738234638,-0.05535580841493012,shallow
dr_0081,shallow_0081,0.15,1.4168127011917462,1.2668127011917463,3.420190447304497,5.669449397132832,0.7535408833376843,0.2768172324749359,0.31609153628002595,0,0,1.174038176904371,0.16044923953508167,8.750385959452059,0.6325028639466608,0.05388563771789425,0.04363154717938563,shallow
dr_0082,shallow_0082,0.15,2.484471348967711,2.334471348967711,3.5515256989965445,3.414507791922109,0.533328108117512,0.08213564855564834,0.1323689508226908,1,0,0.7058770715190062,-0.34831417631094735,8.749359995394535,1.2644520124579544,0.038172741895306464,-0.01993080055653182,shallow
dr_0083,shallow_0083,0.15,1.283921348857161,1.1339213488571611,3.606728678101943,1.9147581364500892,0.2821139236629138,0.470174335151265,0.42367061191969374,0,0,0.7667808265852961,-0.2655542725764513,8.848397753326966,1.3282783928268245,0.03240383241569233,0.03865872299633188,shallow
dr_0084,shallow_0084,0.15,1.3646894140470538,1.2146894140470539,2.618925031919105,7.580911453248519,0.8797214240119369,0.6175330874470512,0.24847883566378762,0,1,1.1181323939951846,0.11165978811101937,7.357070865862397,1.7956163511565784,0.03882796266092488,-0.0009428308128966807,shallow
dr_0085,shallow_0085,0.15,2.600847595995182,2.450847595995182,2.0485102736158165,3.4747928776786416,0.5409289226636628,0.1808180519452684,0.6028260298302258,0,0,0.9148844654447792,-0.0889574889524644,9.478653395678416,0.9783402773987164,0.029785840283229437,0.02827610036465658,shallow
dr_0086,shallow_0086,0.15,2.4688133098981595,2.3188133098981596,2.7893480170792047,3.4962579140090857,0.5436034624347387,0.49448639580166487,0.5652184401369925,0,0,0.9061371240804159,-0.09856463330944047,16.50134043017218,1.5323091156920257,0.03816206294419055,-0.019377798600761255,shallow
dr_0087,shallow_0087,0.15,2.4734443937203308,2.323444393720331,1.637578457419086,3.2756219561605384,0.5152937734829834,0.6083948943468939,0.06481623237015749,0,0,1.012827433669783,0.01274585899766639,15.376227955707765,1.1933208814615948,0.05781314637294674,0.027262631602763505,shallow
dr_0088,shallow_0088,0.15,1.3629220699383957,1.2129220699383958,3.363841117147219,12.486733317794863,1.096448836483459,0.04801102011684945,0.34931988867149544,0,0,0.8406506090812857,-0.1735791523213465,13.378307204557053,1.4889109730590868,0.03974933534280902,0.01507862109131502,shallow
dr_0089,shallow_0089,0.15,2.8412494315825723,2.6912494315825723,1.9450662619577987,1.6993510125305047,0.23028309461945345,0.24447437833740523,0.3204465471482869,0,1,1.0299662965227072,0.029526079883559465,12.68206303860318,1.6276379165108046,0.02243859574146635,0.025807537793735572,shallow
dr_0090,shallow_0090,0.15,1.2568288082383183,1.1068288082383184,1.1943849022520585,4.7991577784667205,0.6811650281551903,0.3738474505000217,0.051044235459306884,0,1,0.8755883166973955,-0.13285925661866396,9.733276664375559,1.1992596466924985,0.007494516861212202,-0.08113490232456981,shallow
dr_0091,shallow_0091,0.15,1.3021984575125911,1.1521984575125912,2.2747609042295682,11.221336212225781,1.050044574838497,0.4832348938407264,0.21694278251939686,1,0,1.0131669337359253,0.01308100313704016,9.509071534865157,1.0264384738324905,0.044002198062047776,-0.05163666712764973,shallow
dr_0092,shallow_0092,0.15,1.3380603286312716,1.1880603286312716,3.260077409523138,4.176663768981895,0.6208295149698723,0.407920125960774,0.3632330002757395,0,0,1.27279714307189,0.24121695343795466,8.817404281103903,1.5396189317418942,0.035058719237657215,0.11951256628257056,shallow
dr_0093,shallow_0093,0.15,2.2112193883636992,2.0612193883636993,2.8753222620642656,2.5149088508367403,0.40052224931401953,0.08901538819755889,0.31125345087829037,0,1,1.0455100831758888,0.044504884197661874,5.927202784185938,1.4525565072590423,0.07305588597432747,0.0011333160072086639,shallow
dr_0094,shallow_0094,0.15,2.4236562709423897,2.2736562709423898,2.3533212546722972,2.8697729199155635,0.4578475331349272,0.14945318662806198,0.2318401039310178,0,1,1.1141752920097585,0.10811448281548977,13.823631023658983,1.1701234395251285,0.04162178694010758,0.06417662328964623,shallow
dr_0095,shallow_0095,0.6571448856751081,2.2915817297517695,1.6344368440766615,2.4275411129330475,1.7505009569413652,0.243162352515642,0.3351576205700863,0.13069794522602568,0,0,1.3346788402202936,0.28869069378744394,4.874113925904995,1.6405613059894801,0.04724877095729255,-0.0116294179514073,shallow
dr_0096,shallow_0096,0.15,1.7603662802051052,1.6103662802051053,2.863266307887739,2.61359009165269,0.41723747502235564,0.27409801467229045,0.16250208460681204,0,1,0.909430853390979,-0.09493631097191052,5.1401274048132874,1.7833127461053357,0.01764900957571968,-0.017513247928645236,shallow
dr_0097,shallow_0097,0.15,2.527998800730562,2.377998800730562,2.141217300542701,2.1936020073474185,0.34115783486497986,0.5863278598917039,0.054427423018377434,0,0,1.1816199520188788,0.1668863376873263,8.477445654261597,1.017446363903714,0.04998830263989248,-0.039303072639386115,shallow
dr_0098,shallow_0098,0.8064687794441996,2.8731557014829443,2.0666869220387447,0.9183519101259728,7.434409811938696,0.8712464973244198,0.1197232866496199,0.30677839019320735,1,0,0.8913364646775188,-0.11503329689334879,17.091435959361956,0.9667205069409835,0.0597343032003735,-0.013751846730933985,shallow
dr_0099,shallow_0099,0.15,1.3660877954749935,1.2160877954749936,2.7351378141586675,2.389989675668145,0.3783960248769918,0.2377582960363438,0.18523613292338836,1,0,0.9310177334004203,-0.0714769541953683,11.13176211820028,0.8330454170124133,0.02225050043911408,0.06219653037127442,shallow
dr_0100,shallow_0100,0.2903604517936822,2.5254300424765566,2.2350695906828744,1.0969985475241062,1.584964561589549,0.2000195562205423,0.40016774023389445,0.1737038439447519,0,0,0.9065997092848297,-0.09805426114074989,9.85359836395932,1.5697155061493295,0.03456014297008132,0.043407101050845595,shallow
dr_0101,shallow_0101,0.15,2.3096875883491177,2.159687588349118,3.710156749395102,7.119829055514956,0.8524695665107609,0.09915385619418994,0.18068994639079577,0,0,1.181110962313995,0.16645548903700425,5.689470256036413,1.250078890780478,0.036446988641761324,-0.029886308800802175,shallow
dr_0102,shallow_0102,0.15,1.6710787018288848,1.521078701828885,3.469448066322008,8.782299949723134,0.943608265868463,0.09305552690038103,0.11061611484054935,0,0,1.1069021953797245,0.10156529876615587,12.154654786620425,0.8765378434490051,0.03604474422478987,0.06114995523655943,shallow
dr_0103,shallow_0103,0.15,2.3761297336447376,2.2261297336447377,3.0698914713766947,2.454902043131125,0.390034167344374,0.339027797179963,0.038754513237742476,1,0,1.254955342713063,0.22709998845507226,14.601160428273182,0.9832758846034908,0.02888595113150817,0.053783665037606926,shallow
dr_0104,shallow_0104,0.15,2.389329066966402,2.239329066966402,2.278400364381801,6.546159547067441,0.8159865859959073,0.12184754125293878,0.09887514319501134,0,0,0.83112366912607,-0.18497667555294017,13.928667577252718,1.8727880596438,0.04963457587080815,0.081801719501054,shallow
dr_0105,shallow_0105,0.15,1.4154903197856898,1.26549031978569,1.5820001499645926,6.263380924619083,0.7968088253096972,0.27880222102055335,0.12915841187540186,0,0,1.3575683572246584,0.3056951267881224,11.160651845622096,1.9218272690714377,0.02262835181152209,0.0027634833877930765,shallow
dr_0106,shallow_0106,0.15,1.899391694193214,1.7493916941932142,2.3081912380726117,4.399259040143673,0.6433795351509438,0.19834943696872762,0.07229337189985938,0,0,0.8816471633486622,-0.12596334456811964,9.58565194808744,1.8021271049691867,0.026529754717346393,0.011463333481378223,shallow
dr_0107,shallow_0107,0.15,1.8431010449266525,1.6931010449266526,1.6202197665603872,4.021973612662602,0.6044392169537571,0.23143498133953563,0.1141772593681852,0,1,0.7753692158803489,-0.25441595548730817,9.566181412573897,1.8371748950911104,0.028918267238018686,0.03967173298471998,shallow
dr_0108,shallow_0108,0.1747972960315125,2.160036521621711,1.9852392255901985,1.6006654081677039,2.200396854489002,0.34250101544558614,0.07714846068214887,0.15225017577925126,0,1,0.8819529937537235,-0.12561651945938368,7.523146616394309,1.0433318403265206,0.038851476424574184,0.014453450764107124,shallow
dr_0109,shallow_0109,0.15,1.7669570243245343,1.6169570243245344,1.8801629279079075,2.383490535103651,0.3772134316729967,0.23978142399891925,0.12079091720431043,0,0,1.1415259249435243,0.1323658980250626,13.809030676583596,1.3809142386886688,0.06785444647928614,-0.04853737272534874,shallow
dr_0110,shallow_0110,0.981734486631809,2.9452853318397714,1.9635508452079624,2.4432334642340576,4.694801039452353,0.6716171920656312,0.09276704973981025,0.0810729844254436,0,0,1.1744917229321588,0.16083547778008545,6.994116364714685,0.6824759899042979,0.013129060561725442,-0.05150231170346125,shallow
dr_0111,shallow_0111,0.15,1.461532222344362,1.3115322223443622,2.459166644849992,2.1447903239201,0.33138484168836935,0.13890705601616524,0.2592122100126866,1,0,0.8562477925180471,-0.15519546749013813,7.622933045167358,0.8901594765271441,0.019329515044473732,0.0492367070775947,shallow
dr_0112,shallow_0112,0.9105595022076369,2.763985738770867,1.8534262365632301,3.4346640030358566,4.587129231399052,0.6615409755130384,0.1647505336534829,0.18438979601112912,1,0,1.1388933994917527,0.1300570887696988,6.06313175766816,1.4328921978819338,0.009779773355897473,-0.042958017266570205,shallow
dr_0113,shallow_0113,0.15,2.744058538823083,2.594058538823083,3.230034258869738,8.552865479159715,0.9321116414295589,0.5159167702699965,0.202147087677694,0,0,0.729412345248556,-0.3155160755402632,8.270206708510113,1.710859353834639,0.030229924343966177,0.009612580907335386,shallow
dr_0114,shallow_0114,0.15,1.7340186783650162,1.5840186783650163,1.1609830888125148,1.2775530641007549,0.10637894792027958,0.08772603697139979,0.2886218098262931,0,0,1.0867399743977466,0.08318236553732956,10.359183897476308,1.070111322642228,0.012855726070172702,0.020028115630623934,shallow
dr_0115,shallow_0115,0.15,2.87334408628105,2.7233440862810503,2.9779508128678516,2.904168587998167,0.4630218237057925,0.5170708543624263,0.30216293679108025,0,0,0.8783575960608643,-0.1297014834576017,10.854460189246751,1.4459567216617502,0.04358323611567744,-0.07834583484100757,shallow
dr_0116,shallow_0116,0.26697161111243783,2.7501828022187556,2.4832111911063177,1.6664928145369178,2.0754968751878975,0.3171220838529749,0.14310054207630055,0.18100038564762608,1,0,0.7737488211333374,-0.2565079785601462,9.673768151728584,2.0059969016331856,0.04354115226545826,-0.009079647230913233,shallow
dr_0117,shallow_0117,0.15,2.555969014900108,2.405969014900108,1.4874628617409202,4.520588763667358,0.6551950012184877,0.3776938212261364,0.4084096191377696,1,0,0.6623456138332873,-0.411967784002143,7.481802880835257,1.1714549155787766,0.04818947707273236,-0.03755198638710165,shallow
dr_0118,shallow_0118,0.15,2.228502200557072,2.078502200557072,1.2156367046441559,5.516864810810216,0.7416923418264204,0.1277990454152443,0.398246593830134,1,1,0.7898720349213475,-0.23588432775364543,11.576583734884165,1.3143711177661168,0.00552856008716213,-0.03780113755286306,shallow
dr_0119,shallow_0119,0.15,1.2584612789683038,1.108461278968304,2.945722164215526,1.6903350525700207,0.22797279754855782,0.19206350161571067,0.3942182754975847,0,0,0.8669076860449318,-0.1428227830204973,5.6494265097165535,0.8479388446524623,0.03521389325983469,-0.06694937641689597,shallow
dr_0120,shallow_0120,0.15,2.1934951839095893,2.0434951839095894,3.5488580397383998,1.4371419259397122,0.15749965930250776,0.20172159364551645,0.056253432596319576,0,0,1.0152591217813691,0.015143872307629667,5.517819039879127,1.7039391490130575,0.009836029634605354,-0.015241552394617686,shallow
dr_0121,shallow_0121,0.15,2.1403916643998535,1.9903916643998536,3.7678005398149605,2.7689331170906613,0.44231246559416,0.17315678804576332,0.21792008212343725,0,0,0.8366460358147644,-0.17835419421716808,6.9021730888327095,1.5082108533232337,0.03528055406335518,0.03192784773563801,shallow
dr_0122,shallow_0122,0.15,1.211672037985218,1.061672037985218,2.481092903565591,2.261799542249731,0.3544541118394198,0.4975039955465477,0.1625979631156599,1,0,0.8143742100198949,-0.2053353011481398,7.303612773761278,1.1297314863751176,0.04020061949753339,0.014696060181764375,shallow
dr_0123,shallow_0123,0.15,1.53457623945056,1.38457623945056,2.280145367891245,3.5322655991896235,0.5480533517361346,0.14939494143101884,0.03287240684079617,0,0,0.9139518754594639,-0.08997736158435829,9.98599013698711,1.4397093679812556,0.027796717385597206,-0.02065684733906206,shallow
dr_0124,shallow_0124,0.15,1.775330843804121,1.6253308438041212,1.679390447236833,3.7527478408839525,0.5743493837597954,0.31755367787377786,0.5253584585336822,0,0,0.9392412624879543,-0.06268289721923472,13.252844472357992,0.667915100536094,0.04188780640965888,-0.016495625034598983,shallow
dr_0125,shallow_0125,0.7508080740886984,2.9134935562051827,2.1626854821164843,1.2294034734473596,6.0325273686069645,0.7804993009095461,0.1512364355962072,0.21679343967726536,0,1,0.7467957909840086,-0.2919635033989999,10.352240398877036,0.9505325510038956,0.030836615805039984,0.06272154201614577,shallow
dr_0126,shallow_0126,0.15,1.5164953715607044,1.3664953715607044,3.727064817935327,10.269614265380987,1.0115541314684942,0.24488418788789995,0.25406979954106756,0,0,1.0059614669751626,0.005943767738357244,8.11239227960637,0.9711079079466483,0.06874430170276913,-0.08363141325584814,shallow
dr_0127,shallow_0127,0.3737887831189899,2.6811345180460813,2.3073457349270914,2.591098506433564,13.68581055039739,1.1362705238609,0.5311666140113422,0.015170618314489886,0,0,0.9719323991754638,-0.028469025113675415,12.098470336707006,0.9363196564435816,0.042482263629179895,-0.007143148539813716,shallow
dr_0128,shallow_0128,0.15,2.74633691119992,2.59633691119992,3.591933287101253,8.298331361353593,0.9189907726879571,0.784490591622458,0.04873971571922657,0,0,1.1588684215249148,0.1474440303243584,9.683074661900275,1.1700172570208172,0.03802184327008949,0.037190122995360154,shallow
dr_0129,shallow_0129,0.15,1.9872700665435952,1.8372700665435953,2.413719153320259,3.73550558735425,0.5723493903383347,0.1755423469938151,0.3771056928430246,0,0,1.2033390140483964,0.18510020448137865,11.000370173822894,0.9112610166642213,0.04116556202890888,0.03847778383860797,shallow
dr_0130,shallow_0130,1.2407141440980451,2.640032354569403,1.3993182104713577,1.4575589170980123,1.8498968435122238,0.26714751135301473,0.19507734312225822,0.28394967946405675,0,0,0.9180252364529271,-0.08553039805004563,10.979671881932347,0.7882604471446136,0.024548083634814748,-0.028171424839213845,shallow
dr_0131,shallow_0131,0.15,2.4098289435065485,2.2598289435065486,2.4652607460512206,4.673004725254221,0.6695962201749224,0.07234139835312753,0.12384695963720818,0,0,1.4019372853982137,0.3378550553709501,7.190106305736489,1.2380738627296208,0.009802800164876911,-0.01566910501927365,shallow
dr_0132,shallow_0132,0.15,2.829512567412914,2.679512567412914,1.717650269170571,5.013823930411101,0.7001690788456727,0.01542422909414664,0.3209899010896196,0,0,0.8275841795327513,-0.18924444937278787,6.2650007855673095,0.835067268475918,0.06817722862447623,-0.06002348784378987,shallow
dr_0133,shallow_0133,0.3197791821962823,2.2636779197605943,1.943898737564312,1.1672874074774782,6.14913508073933,0.7888140334862388,0.14753003631959874,0.26551981623255694,1,0,1.2330416165298934,0.20948397586718967,9.089909364640107,0.7848663393798214,0.037084714059229106,0.040403875759704756,shallow
dr_0134,shallow_0134,1.2443298376924694,2.9227744810807907,1.6784446433883213,2.919710297127996,11.252712573465441,1.051257225886103,0.2872924528535222,0.310644080168596,0,1,1.0497932992352128,0.04859328691915199,16.59484983920322,2.305024991013129,0.013729574827254294,-0.0560869702329289,shallow
dr_0135,shallow_0135,0.15,1.1201532891441983,0.9701532891441983,2.6125862682317043,2.5497517421075147,0.40649789718632556,0.25980741557391723,0.49985898592398736,1,0,0.871474924685472,-0.13756818702868878,13.013195288795472,0.6549607158099396,0.04509373262383731,-0.04749071652250864,shallow
dr_0136,shallow_0136,0.15,1.904107733318106,1.754107733318106,3.4598431357373767,3.3228364811522657,0.521508969903272,0.09747284209560597,0.20938352033324803,0,0,0.8076294217812758,-0.21365196207620038,5.001541350023936,1.2949772543553886,0.048586700727618906,0.008608284554478488,shallow
dr_0137,shallow_0137,0.23608988659330832,1.52004833437292,1.2839584477796118,3.051294275176707,3.8404618275983604,0.5843834527835564,0.15582836153521878,0.09918006191596068,1,0,0.9639943984385219,-0.036669795136895174,13.278626875503928,1.003848710837414,0.03021523015541369,0.01980308856494111,shallow
dr_0138,shallow_0138,0.15,1.9776249841909253,1.8276249841909253,2.2611691007754673,2.937639756437633,0.46799853706902733,0.47739237932555323,0.24619085273602342,0,0,1.022861253722846,0.02260385091194732,9.42239497786485,1.3979932008148905,0.04204853158697096,0.012025116003134027,shallow
dr_0139,shallow_0139,0.15,1.6895230606890674,1.5395230606890675,2.4433606348021524,2.8418271545613223,0.4535976597620991,0.4080086839280927,0.5338050145058185,1,0,1.2173018087035206,0.19663677726449624,13.594277806782717,1.7937636871915221,0.03610671899791662,0.10321011623845829,shallow
dr_0140,shallow_0140,0.15,1.9260559613081751,1.7760559613081752,2.754888156214462,4.094641687962629,0.6122159037157086,0.1214870807639923,0.46074040947052664,0,0,0.9184547940429088,-0.08506259269340424,10.963368124162358,1.1119281162684058,0.036213561332299034,-0.04194888821042295,shallow
dr_0141,shallow_0141,0.15,2.574481612283467,2.424481612283467,2.621570669839748,2.325819151342661,0.3665759422808904,0.3688283191717365,0.07005677694841558,0,0,1.2890432041757052,0.25390024098705133,11.036520610774806,1.8012599873941908,0.026512337594445122,-0.04722376451098588,shallow
dr_0142,shallow_0142,1.7582812598711604,2.823627384949914,1.0653461250787535,0.938615404957138,7.505656946929536,0.8753887106952059,0.5944156366769718,0.29540689047617563,0,0,1.0306085399371485,0.03014944325175615,10.791145420949759,1.2624234754822623,0.040100142021581825,0.014962345049756602,shallow
dr_0143,shallow_0143,0.15,2.7248859683431403,2.5748859683431404,3.1377759234567946,2.048855423809972,0.3115113137663429,0.10332823422023431,0.11537851358640624,0,0,0.9861676069052099,-0.013928952106327084,8.217529325005936,0.950540720770592,0.0354175215111978,-0.05904383933454177,shallow
dr_0144,shallow_0144,0.15,2.3143628367841282,2.1643628367841283,1.130852315975485,4.767457138729459,0.6782867972614185,0.21566256086286748,0.01908316855645716,0,0,1.2492156365700882,0.22251586361556763,15.265405633804232,0.7995342132255909,0.03161582708350725,-0.0364446379076001,shallow
dr_0145,shallow_0145,0.15,1.8831924069438548,1.733192406943855,2.874109774963862,2.4189814951936457,0.3836325460939891,0.5898670966558577,0.18855225751738314,0,0,0.7891534112796741,-0.23679453941998233,6.074741825182546,1.0372741982407616,0.04025879325195866,0.0227306029265291,shallow
dr_0146,shallow_0146,0.15,2.1264802102962945,1.9764802102962946,2.4074825113462173,2.6931557223659874,0.43026146570597873,0.24253096027256538,0.04607294381874186,1,0,1.0216819279757132,0.02145021826825116,13.493859467176934,1.1274625970912528,0.051350796167429776,-0.02567282380909996,shallow
dr_0147,shallow_0147,0.15,2.5885992429913878,2.438599242991388,3.64011274011387,4.068943587096727,0.609481668722188,0.06920902602907315,0.2656299084369206,1,1,1.0931303188602732,0.08904543251727792,11.178057272107008,0.8161236608262625,0.04359151363437484,0.05589219631753364,shallow
dr_0148,shallow_0148,0.15,2.3492775446760876,2.1992775446760877,2.12491460507632,3.7874116425302917,0.5783425098643854,0.2857705820064861,0.10183088042505231,0,0,0.903591676033992,-0.10137770643382714,14.364026632047366,1.0637331723563168,0.040939861866211215,-0.017731419215753077,shallow
dr_0149,shallow_0149,0.15,2.745754748999162,2.595754748999162,3.4092714344631467,7.76511224534879,0.8901477378731121,0.4132938540716108,0.49906992983404963,0,0,0.7956425193861197,-0.22860529026027016,9.947823673503727,2.008938569569255,0.048216334148935294,-0.05464355148686991,shallow
dr_0150,shallow_0150,0.15,1.5954537637866009,1.445453763786601,1.78710691110156,3.7089341257625748,0.5692491199093942,0.5362169333636347,0.1991291716301258,0,0,1.0264204178644076,0.026077426818634133,16.818966041992205,1.24078501631309,0.04225764641980892,-0.05538849869658563,shallow
dr_0151,shallow_0151,0.15,2.698450239912448,2.548450239912448,2.5099060138210505,1.519624240274339,0.18173621258301226,0.08689940738657866,0.1881085782303006,0,1,1.3890438812134993,0.3286156552195555,8.671521537438066,0.9713675905939448,0.04862073695389551,0.0154016814479644,shallow
dr_0152,shallow_0152,0.15,2.9250796963490306,2.7750796963490307,1.7313453177723321,7.22452718857513,0.8588094298214013,0.37181736518158126,0.14241012882997658,0,1,0.8453701570080856,-0.16798069191244988,7.555513110869227,1.0890895809148198,0.03759178591995748,0.0377104313125889,shallow
dr_0153,shallow_0153,0.15,1.814315433218447,1.664315433218447,1.1567926139972058,4.200191708521032,0.6232691132675972,0.08234450345201198,0.13189651341441183,0,0,1.1323152930755216,0.12426446845129561,6.493362252076038,1.156897271490391,0.029634272238544323,-0.033889676904085536,shallow
dr_0154,shallow_0154,0.15,1.1357944425952402,0.9857944425952402,1.351756917811667,4.178429347549099,0.6210130631433809,0.08162496669816867,0.344947140151766,0,0,1.4088163987734574,0.34274991837448693,9.239699996208811,1.5055659255921656,0.053414540934234346,-0.037446071753429996,shallow
dr_0155,shallow_0155,0.15,1.5880625862893476,1.4380625862893477,1.2069431963700437,6.79932666778695,0.832465906979262,0.5303453905753089,0.2813470068918155,0,0,0.9540798684576635,-0.04700789148083786,11.281534602312934,1.0150607901888118,0.07323876586588703,-0.034428512078424255,shallow
dr_0156,shallow_0156,0.15,1.9957117668474562,1.8457117668474563,3.0674420710636396,5.640857364129386,0.7513451182053242,0.13989695704585678,0.2037829723205716,1,0,0.8564887819771063,-0.15491405882024897,14.512130565019303,1.369179922727559,0.028232197182274682,0.06719277540038845,shallow
dr_0157,shallow_0157,1.1132218226688995,2.8862737751155194,1.77305195244662,2.3963517741834517,1.4822940119256771,0.17093435417820257,0.20105437671721585,0.17838518874223683,0,1,0.8737104260662256,-0.13500627851565508,14.757369526652559,0.9477034217884173,0.02035772070853431,0.01922821475742343,shallow
dr_0158,shallow_0158,0.7938502778781535,2.2562167183696547,1.462366440491501,2.4305984977295956,5.842991439030277,0.7666352499959368,0.7331620244900815,0.007864485420179496,0,0,0.7715558048359851,-0.25934627689010825,13.697624115043247,1.410693863839751,0.008612496931457051,0.016248217272294845,shallow
dr_0159,shallow_0159,0.5648583587665623,2.9095293216429097,2.3446709628763474,3.3179426523027553,4.19962692450558,0.6232107113919225,0.11253903746398243,0.26050300006724997,0,0,1.2228696818907643,0.20120029492840108,12.674330073061085,1.624663809208429,0.06617620882389555,-0.02603984557298273,shallow
dr_0160,shallow_0160,0.35104391517558486,2.30216986254068,1.951125947365095,2.38086691584217,4.653840052132927,0.6678114529365812,0.42262881693924514,0.3529644556234594,0,0,0.9947400574634391,-0.005273824735414835,17.162061222772458,1.0299032974661357,0.043700114731315146,0.00815202725027113,shallow
dr_0161,shallow_0161,1.825057429734465,2.662186134822721,0.8371287050882561,3.0187642270080532,1.8223556156466696,0.26063312941145783,0.1640040563776271,0.33029628546120054,0,0,0.8956300066442816,-0.11022789030307792,8.144973487381627,1.305384428553043,0.038960938307253966,-0.020698238941705877,shallow
dr_0162,shallow_0162,0.15,2.4420118790805505,2.2920118790805506,1.150144283354591,6.499344930390961,0.8128695862654662,0.20516620751714337,0.33318866138478476,1,0,1.0015338988505569,0.0015327236293417635,5.974885659003488,1.6545791426246261,0.05386549141013383,-0.06311999473256973,shallow
dr_0163,shallow_0163,0.15,1.8895021689915343,1.7395021689915344,2.505393432738701,1.3764982786465474,0.1387756726310757,0.07636381557185817,0.15918278335858255,1,0,1.1342100114706135,0.12593638345939231,13.018490706797479,0.7434675632454396,0.04085990840746567,0.019859204578789858,shallow
dr_0164,shallow_0164,0.15,1.4176744994179484,1.2676744994179485,2.70656802808122,1.7033972217065971,0.23131593456238453,0.28137519174534725,0.26382300400889197,0,1,0.7815707800445355,-0.2464495637469995,8.240565158029561,1.5665250822765802,0.03712156590120828,-0.0050095972242329085,shallow
dr_0165,shallow_0165,0.15,2.044072655657197,1.894072655657197,2.6188640669108594,1.8186872429333423,0.25975802047816854,0.5167967827620589,0.049858302605974805,0,0,0.837999314600805,-0.1767379963991892,12.792063191223104,1.0195208600472514,0.023621862964124087,0.012806336603175152,shallow
dr_0166,shallow_0166,0.15,1.939094420111318,1.7890944201113181,2.614702735888323,5.957465249834853,0.7750615177664611,0.17030649869819806,0.17806885621061588,1,0,0.9376765629925302,-0.064350205011467,11.571690832165057,1.5688424898999391,0.030558623951654863,-0.000762191998955292,shallow
dr_0167,shallow_0167,0.15,1.667922892105124,1.517922892105124,1.2469290619915516,3.6071148469865157,0.5571599700473553,0.34732273271166625,0.3226602574437907,0,0,1.1996117864458968,0.18199799315780066,5.3762111393388405,0.996805255238007,0.026959524127040335,0.014588216155149604,shallow
dr_0168,shallow_0168,1.2365319824756706,2.986047732865962,1.7495157503902912,3.4739582719658704,3.2301314425016137,0.5092201952696969,0.062337151375491964,0.22418456971597844,0,0,0.8073886681011091,-0.2139501057111955,12.265943996325644,1.073570804140318,0.04127583112055118,0.06299576734599209,shallow
dr_0169,shallow_0169,0.15,2.794557669175841,2.6445576691758412,3.658749847832302,3.660360410514404,0.5635238494904318,0.29634542562386224,0.5359343417265594,0,1,1.0485645501331724,0.047422133731094836,14.779305315896814,1.6467882349713796,0.06643922871781788,-0.02035967884144774,shallow
dr_0170,shallow_0170,0.15,2.794807283821674,2.6448072838216743,3.0843767228577823,5.881712657795535,0.769503803887132,0.259146305992876,0.18611182346440783,0,0,1.0353765743810617,0.034765200525319055,6.974039578595183,1.2279829716492636,0.0265005197161114,0.017135914120912574,shallow
dr_0171,shallow_0171,0.15,1.7835093126681698,1.63350931266817,1.7556765221925428,7.642204019057179,0.88321862759055,0.07815964047803964,0.08266379559085224,0,0,1.0362244343641323,0.03558375586182691,15.87511299670956,0.8010684182304135,0.03215738678748422,0.03332623740285557,shallow
dr_0172,shallow_0172,0.15,2.1329007092918233,1.9829007092918234,1.5661682884883639,2.6866549156940667,0.4292118875592305,0.44423409987558843,0.13861560235979492,1,0,0.9244574758120419,-0.07854822617116067,10.063529991062614,0.5638491443884059,0.0314213108414665,-0.03833296437531646,shallow
dr_0173,shallow_0173,0.15,1.5457652323805582,1.3957652323805583,1.2799687951962846,5.8498337050424105,0.7671435204396226,0.18594103413578017,0.5697561521025377,0,0,1.0200849643434509,0.019885922202994864,7.682872471623602,1.590515576298936,0.032586631636524914,0.046315726955178035,shallow
dr_0174,shallow_0174,0.23770427456852117,1.1180528877374094,0.8803486131688882,3.492034077412003,2.893369750416493,0.461403936691414,0.07396492667972332,0.3457109130327996,0,0,1.1139488630278052,0.10791123652670387,10.771382213513474,0.7495061251403804,0.012444035073535972,0.05571873990099672,shallow
dr_0175,shallow_0175,0.5477463398290818,2.904630161217015,2.356883821387933,2.2688557411738226,3.9909666748547177,0.6010781013778268,0.23646625761149467,0.15843947780639825,0,0,0.871851444023292,-0.1371362319450825,9.001369668784912,1.3566035348363592,0.05610513866977606,-0.05397630178677173,shallow
dr_0176,shallow_0176,0.15,1.1479687429109724,0.9979687429109724,2.2964593517830183,1.2045448003989219,0.08082295726438476,0.09839589267517553,0.5163451634766475,0,0,1.0230852445030751,0.022822811457903013,13.294071869675129,1.1550533865328898,0.037283179892190946,0.0006765592943877392,shallow
dr_0177,shallow_0177,0.15,1.531528274089822,1.381528274089822,3.2791052628626884,9.673813945825364,0.9855977304497487,0.18143115670703958,0.197441681560339,0,1,0.999090497509381,-0.0009099163389590519,12.206379731298025,0.6644614452143556,0.019593891543304792,0.03355294031589016,shallow
dr_0178,shallow_0178,0.15,1.4029590018956775,1.2529590018956775,2.833572803575523,6.991860430460259,0.8445927504492972,0.3660501855192935,0.2504418001948274,0,0,0.8688710817308889,-0.14056051716061935,7.266619050569581,1.1992316957620999,0.032065429703037295,0.07087145024884124,shallow
dr_0179,shallow_0179,0.15,2.117305647897556,1.9673056478975561,2.0512965729562938,15.803950402834218,1.198765658075391,0.3809413530183221,0.39914288351290705,0,0,0.8704833701711457,-0.1387066237230059,5.436110095462556,1.777643419302841,0.03882672197222964,0.0008872612873325878,shallow
dr_0180,shallow_0180,0.15,1.308681151103921,1.158681151103921,2.6789878515657586,5.055191714967589,0.7037376305845265,0.4103187699662086,0.6120624368936435,0,0,1.2323981849788137,0.2089620149859756,7.757541730019028,1.1489920013614683,0.011467866556715063,-0.035985079589074626,shallow
dr_0181,shallow_0181,0.15,2.639545866946573,2.489545866946573,3.009415234458653,3.6273069577473653,0.5595843089344664,0.23093157403969752,0.3250210137555234,0,0,0.9476455506051885,-0.05377473840874831,14.236284317202664,2.1812746911417333,0.03772752792711573,0.02222606925612397,shallow
dr_0182,shallow_0182,0.4475616018305275,2.6600201883490864,2.212458586518559,1.8738390561340537,2.213884185989548,0.34515489806879407,0.39831316386525784,0.47957832027419267,0,0,1.0520246025371667,0.05071650048423326,9.374991676847735,1.4303753803358374,0.021517536630131916,0.021105810989508825,shallow
dr_0183,shallow_0183,0.15,2.6841076256768854,2.5341076256768855,3.6470994005011605,2.7980621447855913,0.4468573559162612,0.68257763215057,0.06175666917437719,1,0,1.1900000111843987,0.1739533165220923,11.221613966544037,1.498599717728423,0.03528034607406113,0.025569880681198247,shallow
dr_0184,shallow_0184,0.15,1.667570757043292,1.5175707570432921,3.0819816379184783,2.288671205601516,0.3595834056717311,0.41773718316607594,0.6097859827471167,0,0,0.7536421063787737,-0.28283768363598816,16.74445657136008,1.5456879279676572,0.008606396683747613,0.038884422481195335,shallow
dr_0185,shallow_0185,0.15,1.1566679284998918,1.0066679284998918,2.8516291635594464,6.26500246758395,0.7969212463848986,0.03829307178612002,0.11661206316566103,0,0,0.7274150428923025,-0.31825806628523073,4.114256816533879,0.9852678088091364,0.03464244471200471,0.024541112945049574,shallow
dr_0186,shallow_0186,0.15,2.168743518988143,2.0187435189881433,1.8189986884758762,2.0528350660233197,0.31235405760565865,0.2494682164384601,0.3456530817269377,0,0,1.0009086340222708,0.0009082214642680763,4.345159695760931,1.2078833335597965,0.025351718097924032,-0.03346938325230707,shallow
dr_0187,shallow_0187,0.15,2.6458497348460304,2.4958497348460305,1.1795263739350674,2.891880498307904,0.4611803425651782,0.4075263607575505,0.10486463164111622,0,0,1.3865592129330475,0.32682529192922183,13.968794977599797,0.7384901732128903,0.047115656511616755,0.007295336026568025,shallow
dr_0188,shallow_0188,0.15,2.365728626000953,2.215728626000953,1.2657359464588591,3.747955646899641,0.5737944428292104,0.1363107843006761,0.22980657193069867,0,0,1.2152467983391857,0.19494718237026848,12.457426373364838,1.5297774954948387,0.04921920512748025,0.021269931252767608,shallow
dr_0189,shallow_0189,0.15,2.58503740557722,2.43503740557722,1.3092378171545316,3.0569188555692732,0.48528391074237287,0.22879778177715362,0.32149914576652294,0,0,0.7841256567268127,-0.24318599503736402,9.121575321849361,1.1262785217544375,0.025384325754830836,-0.08934267713028131,shallow
dr_0190,shallow_0190,0.15,1.2394833330395634,1.0894833330395635,1.5477392526502507,2.453488619140783,0.389784047784299,0.15277679021705462,0.4826635222826829,0,0,0.8169897576392745,-0.20212872074995303,10.161848980865878,0.9447064329601229,0.05024369657473858,0.03096691290540715,shallow
dr_0191,shallow_0191,0.15,1.7707644796421862,1.6207644796421863,3.3542864705354076,4.677772823767707,0.6700391264556455,0.338056260568086,0.16044662837989168,0,0,1.2816766222548597,0.2481690819484265,7.865695365126491,2.181697371397102,0.016384437981326983,0.04885099175115475,shallow
dr_0192,shallow_0192,0.15,2.128318688851797,1.9783186888517972,3.5385701699292325,3.5789181977543625,0.5537517719664528,0.3610640291111528,0.5870471066661787,0,0,1.2178310557164185,0.19707145335873635,4.575143620224768,1.6096115035908907,0.04585993101464785,0.071190785984393,shallow
dr_0193,shallow_0193,1.8172226879487339,2.9367360987423137,1.1195134107935798,1.6359192426112155,6.830497639490567,0.8344523455866124,0.22040851611733597,0.26818403373604366,0,0,0.7964556015006073,-0.22758389318114758,12.148945964189501,1.290401279467949,0.02917517920862911,-0.033083332466429055,shallow
dr_0194,shallow_0194,0.6533614755881954,2.0987198919095165,1.4453584163213211,3.7795603730266607,3.658366857695766,0.5632872539791628,0.054101279497427684,0.07867574407707333,0,0,1.1125836638047282,0.1066849356506032,7.443154277040135,0.5418611031039418,0.02352964665415678,0.022998333865033763,shallow
dr_0195,shallow_0195,0.15,2.042496312429964,1.892496312429964,1.2613552042491984,4.665597540695111,0.6689072733789314,0.2801386123372448,0.8355854131504254,0,0,1.195231732843076,0.17834008528080852,10.136366170011863,1.2131902899754397,0.04345814849529867,-0.07561067874546779,shallow
dr_0196,shallow_0196,0.15,1.8864828191463807,1.7364828191463808,1.18551696174277,1.3472475109161157,0.12944738989553045,0.11529467634239306,0.5963367431148844,0,1,1.3390972703360977,0.2919957080855962,12.459182272812985,0.9472312356161801,0.015938370218464695,-0.019892624972229364,shallow
dr_0197,shallow_0197,0.15,2.038089122495136,1.8880891224951362,2.0335138828251274,2.291500010093685,0.360119863493802,0.18431891033230935,0.5752326933074599,0,0,0.9930927579557624,-0.006931207460945771,15.28108052222726,1.2935982729829403,0.038812067569883604,-0.01582286904257492,shallow
dr_0198,shallow_0198,1.6128903407126,2.41415248720329,0.8012621464906897,1.4445468376106505,2.286698584498946,0.35920892292951995,0.12779980536433636,0.23405548200152604,0,0,0.7637083715508989,-0.2695692753161403,4.927628663847036,1.8058979473110788,0.05469767910270265,-0.04945504237014744,shallow
dr_0199,shallow_0199,0.15,2.1551306457065045,2.0051306457065046,2.121479628282471,11.661219054766088,1.0667439536034455,0.22820525040484535,0.038293258459918995,0,0,1.3239712506474763,0.28063574326658386,8.09615523969232,1.1089265695076351,0.02463173237302177,-0.031405555812436155,shallow
dr_0200,shallow_0200,0.7603389976246129,1.9046501859977032,1.1443111883730903,2.63990280840795,6.312466652574758,0.8001990968469519,0.18319694658739683,0.19802859144290774,0,0,0.8044897944126612,-0.21754699825768103,10.33151479891315,0.7902513000051722,0.03803411343220439,0.00776805083334486,shallow
dr_0201,shallow_0201,0.15,2.1193757032340077,1.9693757032340078,0.9237461276051355,4.05497678880086,0.6079883725978392,0.11676174845562946,0.7552163016936053,0,0,0.9041069108478343,-0.10080766137041507,4.985976536583418,1.57357781178772,0.05321149427224013,0.10455107942231848,shallow
dr_0202,shallow_0202,1.6842901366978422,2.6792162484072435,0.9949261117094013,3.408164854153462,1.49653559808989,0.17508705186122853,0.15813954370928543,0.36108856031152886,0,1,1.2793925650211664,0.2463854067157532,8.902208575079394,2.1040230245077503,0.03722267850367649,-0.02687073453281529,shallow
dr_0203,shallow_0203,0.15,2.6139387643979615,2.4639387643979616,2.7143205227080305,5.093387404991702,0.7070067100366726,0.3444560229057578,0.08259325016496907,0,0,0.9324549124707505,-0.06993447987092632,12.683254319245304,0.8507451570960147,0.032223687364215874,-0.011199604862216788,shallow
dr_0204,shallow_0204,0.15,1.3834989324883338,1.2334989324883339,0.9673260191621541,9.022876507747824,0.9553450134054859,0.20216538483505217,0.3204997635573234,0,0,1.1063776153021367,0.10109126915193459,8.48300090769434,1.5421460784397125,0.023561776238155405,-0.04147662696206181,shallow
dr_0205,shallow_0205,0.15,1.5907567804191527,1.4407567804191528,2.2156808348945196,1.9380988258082732,0.2873759184365874,0.14861351081662436,0.13054531095002944,0,0,1.145069211027467,0.1354650814915964,9.775733454533755,2.076658169463791,0.03242907314508381,0.017245491957311468,shallow
dr_0206,shallow_0206,0.15,1.8526950220183203,1.7026950220183203,1.832475944943214,1.7320971474296416,0.2385722464627591,0.12667520811101177,0.3834468060936755,0,0,0.9047326986939529,-0.1001157394688997,7.247764663883097,1.1668560679816826,0.05017622807852041,0.038039881268810284,shallow
dr_0207,shallow_0207,0.4662565542704247,2.605554008470466,2.139297454200041,3.746615246784349,4.79534876070283,0.6808201984390433,0.5585876521992034,0.049065197729318444,0,0,0.9657031771566408,-0.034898762010906845,4.5959130907597805,1.1746451133272149,0.03029630464011631,0.06403307648547457,shallow
dr_0208,shallow_0208,0.15,1.884106146650434,1.7341061466504342,1.0644567106878076,4.241956912138916,0.6275662528379349,0.20090285135143168,0.21802232379533507,0,0,1.0005487787498797,0.0005486282258885671,10.837998609438037,1.7772499602682323,0.04192594070568681,0.008846995625584124,shallow
dr_0209,shallow_0209,0.15,1.202157327740339,1.052157327740339,2.6638954916558917,5.821797019072942,0.7650570593931902,0.289359416050488,0.11041342817373027,1,0,0.8859048582519529,-0.12114571760588014,4.66170067300099,1.8444348561023214,0.056593890296010654,-0.032517516166804906,shallow
dr_0210,shallow_0210,0.15,2.1253931896623435,1.9753931896623436,2.947336741773323,2.7210424365768255,0.43473531496146706,0.24823226054670347,0.41390985546331543,0,0,1.0464199167367711,0.04537473511837961,17.22017802056899,2.0099536936402593,0.062349985884198225,-0.015720142692385846,shallow
dr_0211,shallow_0211,0.7998553472019443,2.6293134813620185,1.8294581341600742,2.830384324931953,1.7427198596250892,0.2412275803417252,0.3163593860281641,0.0774342768549011,0,0,1.2495666617027283,0.22279682057223565,7.728233727369856,1.4047599570407676,0.03205920011825307,-0.041672792369486907,shallow
dr_0212,shallow_0212,0.15,2.0840577564630673,1.9340577564630674,1.627900702128441,3.134589210082929,0.49618063432665216,0.14313341225781673,0.30708097802380613,0,0,0.968310921273696,-0.03220204361621933,6.432526945943945,1.588396845840646,0.016199721690115784,0.04043602645393849,shallow
dr_0213,shallow_0213,0.15,2.510916789707921,2.3609167897079213,1.8834115361803176,8.206168039869263,0.9141404058847024,0.3024483193096876,0.47087602042767013,0,0,1.050537545017193,0.049301980804371544,9.609336805990083,1.65775142839975,0.04553168740759342,-0.05611279185957511,shallow
dr_0214,shallow_0214,0.20513176378296727,1.9417195747186622,1.736587810935695,1.457938697644392,2.7777828044463706,0.44369828513159726,0.3633688767627085,0.35158334727301205,0,0,1.2871785765746286,0.2524526731257652,5.932104535646803,1.6615857270611207,0.032307098368272315,0.03215758266422584,shallow
dr_0215,shallow_0215,0.15,2.5902207659463166,2.4402207659463167,2.3406858838481757,5.075351499840359,0.7054661252364423,0.22271813293417672,0.4048074369913408,0,0,1.1759282815834682,0.1620578625687003,8.849076752805802,2.162984004452786,0.023923557232038668,-0.030538679767248975,shallow
dr_0216,shallow_0216,0.15,1.4271003182622728,1.2771003182622729,1.0432038371622192,2.239304463523075,0.35011314576241487,0.16247531649940627,0.4329030295162426,0,0,1.4750608942204253,0.3886992731568508,12.695042933903379,1.7524460775020123,0.04564535016343987,-0.010077827349591227,shallow
dr_0217,shallow_0217,0.15,1.1244906208438719,0.9744906208438718,1.1220828760820123,2.4635791582483106,0.39156652132500386,0.2717462842620583,0.1995787248132056,0,0,0.9393776137016893,-0.06253773609506783,10.76808916112233,1.3572693259743915,0.030610494059933515,0.0012563611163768772,shallow
dr_0218,shallow_0218,0.15,2.159091442416684,2.009091442416684,1.9258573551989215,2.2192915252584973,0.3462143547309541,0.40349613637709875,0.07834936669504605,0,1,0.923723657242947,-0.07934232431936925,9.63374192124756,1.1575481820862277,0.02165386257631872,-0.03206975904687383,shallow
dr_0219,shallow_0219,0.15,1.8120446168315423,1.6620446168315424,2.1052410427351775,1.7154140787039078,0.2343689700871664,0.3465586437630403,0.5213613768856044,0,0,1.1919109918368975,0.17555789457734888,12.4982598043122,1.5811279969117693,0.02840169560354669,-0.08025620403330848,shallow
dr_0220,shallow_0220,0.15,1.9932844334536433,1.8432844334536433,2.702780109918333,1.8136241237528559,0.2585472838845999,0.31545925856081025,0.18949016149594475,0,0,1.2438941890036606,0.21824693362841757,10.417924401289905,1.006803729387178,0.05964346809336864,-0.06876159394615539,shallow
dr_0221,shallow_0221,0.15,1.2855891582396535,1.1355891582396536,1.5759933545369138,1.372648507124937,0.13755934207356801,0.2533280694587952,0.5234273617670099,0,0,0.8428464441107867,-0.17097049165208192,11.970651382498772,1.2602697642761285,0.05571381298996448,-0.046287335562346356,shallow
dr_0222,shallow_0222,0.15,1.3899151396982723,1.2399151396982724,1.7624823495173327,5.121662745714429,0.7094109773933517,0.345090800186785,0.528947530498038,0,0,0.7863326361069097,-0.24037537492345265,3.375932267208574,0.7674734846115467,0.04388974212454494,-0.03303019434240103,shallow
dr_0223,shallow_0223,0.15,1.5260268039978437,1.3760268039978438,2.0151142898741883,8.972142124478951,0.952896144468228,0.25827511420260074,0.14942044845614907,0,0,1.0050349429100232,0.005022309971308768,9.878700321344857,2.1783102352801906,0.02260967659974158,0.08316895033692812,shallow
dr_0224,shallow_0224,0.15,1.4764810081850588,1.3264810081850589,1.9688935371919474,3.9026818556792495,0.5913631492944442,0.056227965678118205,0.3383902041784903,0,0,0.9357008834636775,-0.06645942252664529,9.543782422719428,1.8278124914656164,0.03431459518045375,-0.02375350074497563,shallow
dr_0225,shallow_0225,0.15,2.4861263561828215,2.3361263561828216,3.6120841751137576,5.269171817013165,0.7217423602664894,0.5110825524246283,0.2572327905222428,0,1,1.0626095577337262,0.06072772966179236,10.649498556815901,1.295154933944493,0.03720186168579136,-0.031473390481151074,shallow
dr_0226,shallow_0226,0.15,2.009133123294954,1.8591331232949542,3.6851756235318196,2.4569072177899676,0.3903887561696743,0.3643522207432213,0.15149765077377186,0,0,1.0450117872543934,0.04402816502243536,7.862764440081418,1.527896544664722,0.04326080488171863,-0.051753652238349344,shallow
dr_0227,shallow_0227,1.3332306642812475,2.7416853810386446,1.408454716757397,2.7812222673930185,3.123382718656824,0.49462520306371377,0.6691320347052909,0.4426239931446489,0,1,1.0034310911104736,0.003425218346860266,14.403410605675091,0.9857505764660911,0.02287349994893461,-0.04957016054526722,shallow
dr_0228,shallow_0228,0.22274448566967964,1.4391886629358528,1.2164441772661732,2.097757620800728,1.4334360966370552,0.1563783366291988,0.45614734915644733,0.19928040707789774,0,1,0.8459482414316514,-0.1672971015883448,8.421308669295447,1.779988223580559,0.02448345849064932,0.033080038825228385,shallow
dr_0229,shallow_0229,0.15,1.8551372925278282,1.7051372925278283,0.952158231768308,3.3675636988172886,0.5273158193269348,0.513597717431982,0.18571265130610226,0,0,1.085529759623059,0.08206812555051424,8.990295908700835,0.7373081704279967,0.02677924236383883,0.10006434682586322,shallow
dr_0230,shallow_0230,0.6917544508671292,2.60662468616783,1.914870235300701,1.151788172883675,2.3190475566391044,0.36530965479329924,0.49179785114185354,0.5630059979376205,0,1,0.9320043012238599,-0.07041784926013518,5.6620014809722905,1.7974226615946294,0.04582532008937208,-0.011175815749508792,shallow
dr_0231,shallow_0231,0.15,1.7854338796675808,1.635433879667581,2.4601165670426175,4.861874985396043,0.6868037875285682,0.2867066378787721,0.6318523232419937,0,0,0.8012054067320145,-0.22163792692066434,8.612169420510812,1.2022610516655248,0.0068049799690330474,0.05561598807188958,shallow
dr_0232,shallow_0232,0.15,2.8795960904844735,2.7295960904844736,3.101512078828024,9.639924345350067,0.984073625549519,0.34409407803730757,0.02157217091742299,0,0,1.1010646419080083,0.09627756801343568,8.704294663296697,0.997305238721077,0.03033952094381212,0.04283251332603159,shallow
dr_0233,shallow_0233,1.820009486268362,2.8537052278567345,1.0336957415883725,2.584943754622444,3.699739652738247,0.5681711642407009,0.13536495284661074,0.44996789911084917,0,0,1.0635143562778016,0.06157885465289298,13.040448440782441,1.2266080447115015,0.04802510564156967,0.08739054623969232,shallow
dr_0234,shallow_0234,0.6424926006030538,2.8026241939233474,2.1601315933202936,1.2875538556489836,1.7170966542744388,0.23479474200809536,0.11643232167460046,0.05846163433534897,0,0,1.3010642242826218,0.2631825636329415,17.50644725654344,1.1237510261379793,0.0477745311671185,0.008809286146272143,shallow
dr_0235,shallow_0235,0.15,2.660431610236416,2.510431610236416,3.1798055321645236,5.204783931298523,0.7164027051448266,0.27001676677857617,0.14058298023096738,1,0,0.9710311046181014,-0.02939677761159932,7.607899762039157,1.5177958302713832,0.025003285531288243,0.021364780153650693,shallow
dr_0236,shallow_0236,0.15,1.3724129603379662,1.2224129603379663,2.3989647389484015,3.207232851276125,0.5061304916881113,0.33968267789709183,0.289590932806112,1,0,1.05143761810875,0.050158387827973445,4.516551123340877,1.3850927995616173,0.03576982718872414,0.003886366057669854,shallow
dr_0237,shallow_0237,0.15,2.173322724546112,2.0233227245461123,3.490543515265316,2.154286657132572,0.3333034915932176,0.4618860885916949,0.03872503522451865,0,1,1.3216829365303036,0.2789058764541335,10.970926332104607,1.5515722540031704,0.026646794008220606,-0.045992177584619175,shallow
dr_0238,shallow_0238,0.15,1.2711626304443642,1.1211626304443643,3.5280589351214156,5.983417525276399,0.7769493091427059,0.19799564865515798,0.42378342819582127,0,0,0.9650143138434076,-0.03561234475480906,3.586702493598648,0.8075143436627894,0.03606793372611761,-0.021852565313016235,shallow
dr_0239,shallow_0239,0.15,1.4382842044359883,1.2882842044359883,2.016041395846394,9.268373644254298,0.9670035335735802,0.31633102665700397,0.7106042140129273,0,0,1.231706865682263,0.20840090310115258,10.450384155910509,1.4049961526914538,0.009340821619208416,-0.02086820241909853,shallow
dr_0240,shallow_0240,0.15,1.877450511803596,1.727450511803596,2.071121054399411,1.3810235238172386,0.14020107624482214,0.42037185165766494,0.2676089196626833,0,0,1.0726992913870497,0.07017817403283942,4.836404299777232,1.0880971413361185,0.015334812605004654,0.013485987527461838,shallow
dr_0241,shallow_0241,0.15,1.989863549886677,1.839863549886677,3.4810935162097776,4.337656308915515,0.6372551380297895,0.07567563199506355,0.41814598280244303,0,0,1.2467658746961912,0.22055289822542776,2.962933918057187,1.2094523034089597,0.009009142229825278,0.03221241404693389,shallow
dr_0242,shallow_0242,0.15,2.5169029875396447,2.366902987539645,2.26680531343322,1.7217180332796256,0.23596202829209378,0.4794385593440252,0.09390034366905689,0,0,1.249667616624882,0.2228776092546604,12.929917652399016,1.4255509691618724,0.046455890138381806,-0.04294686680388813,shallow
dr_0243,shallow_0243,0.15,1.5790135729778236,1.4290135729778237,3.7708359661180593,1.6126525005718964,0.20754079433070616,0.01156917615876805,0.14123232308777192,0,0,1.017460822282837,0.017310133694387064,7.677822603654578,1.8745825755114516,0.04026368562060189,0.0024279194393318024,shallow
dr_0244,shallow_0244,0.15,1.8484955176366062,1.6984955176366063,3.3300946435486156,6.171006804610638,0.7903560253000164,0.18521883413759344,0.26915685422415064,0,0,1.0279066235999648,0.027524329833435706,8.088472283502295,1.4593064790273884,0.03841673337849674,-0.0701732347486018,shallow
dr_0245,shallow_0245,0.15,2.7732426116162525,2.6232426116162526,3.234900431070914,1.5898403205259635,0.20135350708970068,0.3798175950625448,0.11506494785100399,0,0,1.2575721056886562,0.22918296185573087,10.928387571510735,1.4057623801738468,0.039028120844056456,-0.06057599602681796,shallow
dr_0246,shallow_0246,0.15,1.3867348086508724,1.2367348086508725,3.7570455776090936,1.938411787113776,0.2874460419997069,0.09084820616557367,0.41275606989197017,1,0,1.3670071105166235,0.3126237592766557,15.312966740040908,1.8033057891201545,0.036795108658201243,-0.028044057532808767,shallow
dr_0247,shallow_0247,0.15,2.9783079595001,2.8283079595001,1.5508908655198819,4.970820262789209,0.6964280600027959,0.08638372715099063,0.3647834805066073,1,0,1.6830386298583426,0.5206008679210957,9.24856462113363,0.7477306435054624,0.006863159946826122,-0.0001290978645177529,shallow
dr_0248,shallow_0248,0.15,2.5132411034121898,2.36324110341219,1.063464085167183,3.0555156420814296,0.48508451134246355,0.17940837417229816,0.5826868886151135,0,0,1.145659677329906,0.13598060850879806,12.818298641361215,1.6605190208475655,0.010582506137753987,-0.04068183179711752,shallow
dr_0249,shallow_0249,0.7592230926510228,2.594874841919398,1.8356517492683753,2.9831246895209693,3.3268165576179625,0.5220288543071473,0.37082523426887926,0.48718198282478986,0,1,0.9405445046624583,-0.061296311145351313,8.628849086596347,1.1748970059075727,0.049525494538360575,0.05853568887935288,shallow
dr_0250,shallow_0250,0.15,1.1449314721227704,0.9949314721227703,3.305997869145463,2.648573791740689,0.4230120772902507,0.15316705375796,0.24070433760131935,0,0,0.9235710636721124,-0.07950753192750451,9.764483960636476,1.9770429170659898,0.03364143669406421,0.017450851754209802,shallow
dr_0251,shallow_0251,0.15,2.9495641457374164,2.7995641457374165,1.4053928365864437,3.2933838485089884,0.517642351293205,0.3031938962711363,0.39589190072153546,0,0,0.7639515288935887,-0.26925093568482233,6.5295267814323115,1.4541292164969344,0.024701920061337417,0.021934538298299826,shallow
dr_0252,shallow_0252,0.48885274953071,2.3871782292695443,1.8983254797388343,1.3107662437170955,9.483777669503096,0.9769813641547631,0.26349578680859037,0.12211972098857737,0,0,1.15210018926,0.14158652833579188,13.116465769120241,0.7466364474974425,0.052024434265126096,-0.04737604594507898,shallow
dr_0253,shallow_0253,0.15,1.5264399849329378,1.3764399849329378,1.8846667643045971,2.7193457079064736,0.4344644225533732,0.14968206005156856,0.16853130213354908,0,1,1.4083394169965704,0.34241129189257574,15.694654367644418,2.218050686137372,0.013254938045257292,-0.018233532519894215,shallow
dr_0254,shallow_0254,0.15,2.3671950745815833,2.2171950745815834,2.7385097723543184,3.0745566265438256,0.48778249619967534,0.3344624065232713,0.045289233629465166,0,0,0.8076082462597259,-0.21367818177373488,13.281708224099784,0.910535098336674,0.01815646097316802,0.02769689585114846,shallow
dr_0255,shallow_0255,0.15,1.1803731134836302,1.0303731134836303,3.206568726729642,6.418646467833394,0.8074434558685148,0.19939411064021892,0.30407097115081566,0,1,0.9558343964786685,-0.04517060637671862,8.479399497393235,0.6082284178903234,0.03245255133964994,0.005167299143730978,shallow
dr_0256,shallow_0256,0.15,1.8269017903175717,1.6769017903175718,2.8691513224220655,2.3588544965749523,0.3727011527196348,0.2611734488108476,0.4109896839055341,0,0,1.2060296605766485,0.1873336921788874,3.9501004904415815,1.0933881066788054,0.03371744257101949,0.009862826132980148,shallow
dr_0257,shallow_0257,0.15,1.9776943896744696,1.8276943896744697,1.7016117638532986,2.14847395783409,0.33213009386469894,0.03156169777239055,0.011518939445816322,0,0,0.9547657830037992,-0.04628922198010295,8.549465367211795,1.2666972591764314,0.0291232967147744,0.014847033360409555,shallow
dr_0258,shallow_0258,0.15,1.9229991349994053,1.7729991349994054,2.289193620541546,5.073067854123968,0.7052706712025877,0.10434568046594994,0.30955479176633766,0,0,1.1046479800745717,0.09952671414723159,10.642931591721116,1.4117850771975948,0.05598078315596309,-0.05322637007713239,shallow
dr_0259,shallow_0259,0.15,1.5227100642035611,1.3727100642035612,1.8784781419759513,6.375271144523487,0.8044986603320603,0.1989577048685291,0.07852506137859255,0,0,1.1864364319249452,0.17095421933111796,8.364537742908489,1.2428272618179328,0.014616478756001916,0.038465547405476246,shallow
dr_0260,shallow_0260,0.15,2.2263101851449747,2.076310185144975,3.6907035451925414,2.4331539813365746,0.3861695939816694,0.40018086142985865,0.5300635044278285,1,0,0.8685996368762547,-0.14087297693785256,7.893486019521486,1.2158776985741164,0.0485824904658431,-0.001019220072014057,shallow
dr_0261,shallow_0261,0.15,1.8192550776329317,1.6692550776329318,2.386578123653392,3.231982794598078,0.5094690401498868,0.3385020433798648,0.06851625651750418,0,0,0.8120993434829124,-0.20813260211312049,12.712294013089304,1.0553621446176478,0.04137570494219505,-0.05408611973923003,shallow
dr_0262,shallow_0262,0.15,2.6921592503139107,2.5421592503139108,1.1014811443078554,3.51830630396629,0.5463336464720807,0.1486190722660049,0.6132398421588505,0,0,0.9595489175878944,-0.04129198245989641,7.7778717332809055,0.6848696486485498,0.06579358450848695,-0.019835230036591912,shallow
dr_0263,shallow_0263,0.15,2.4870428767338386,2.3370428767338387,1.1331420739551894,2.4365085524012304,0.3867679401392886,0.19959925621137245,0.22126082149028978,0,1,1.2335364955938342,0.2098852435733682,4.273365599992882,0.7873950087191263,0.040978140549612935,-0.05907332337576295,shallow
dr_0264,shallow_0264,0.5531527421695741,2.9451337518881484,2.3919810097185743,2.8449973378136475,3.4384937703990603,0.5363682418571126,0.4526465233263536,0.4764496160712389,0,0,0.9597765938577825,-0.041054736334006525,12.511270579059081,1.961962996298015,0.011276799078349414,0.02706726205316351,shallow
dr_0265,shallow_0265,0.15,2.5481391923634575,2.3981391923634576,2.894849999959307,5.2944441514807306,0.7238203715036929,0.4154009785475519,0.4129799073529442,1,0,1.2449501922884463,0.21909552292238282,5.539153991484418,1.5063265806923445,0.039957312662167094,0.035324618898596415,shallow
dr_0266,shallow_0266,0.15,1.3667063563287822,1.2167063563287823,2.5516326062089294,1.458132100574888,0.1637968709997113,0.050653306714491225,0.12871960813936248,1,0,1.0603292408657843,0.058579464486718816,3.1138063519770727,1.3112398624120345,0.02897020108321571,0.09079737518466238,shallow
dr_0267,shallow_0267,0.15,1.439927848675485,1.289927848675485,1.764196695487152,4.301094832234196,0.6335790181555756,0.34639874356109013,0.16982009281224605,1,1,1.1241465133982167,0.11702409297508998,9.752499750485352,1.4761095598837606,0.04382060977667554,-0.1253878769737572,shallow
dr_0268,shallow_0268,0.15,1.7997606023210246,1.6497606023210247,2.7480642992221234,2.077048201459241,0.3174465751989729,0.4914595308933872,0.7305727455657651,0,0,1.0281223519516562,0.027734179358951467,11.090363422771482,0.6875632990216966,0.01466219553339513,-0.058121457843493284,shallow
dr_0269,shallow_0269,0.15,1.1359797098568505,0.9859797098568505,1.9693923889924125,2.3933249548957414,0.37900166916793776,0.0930389954957087,0.03044649203923234,0,0,1.067237727241424,0.06507374716739703,10.672982105643154,1.767314225224658,0.040983172790500566,-0.0039497282575893635,shallow
dr_0270,shallow_0270,0.15,2.1244748137118266,1.9744748137118266,1.6661950370481557,4.587438912169132,0.6615702940918627,0.1358858816432843,0.23309934145257705,0,1,1.0014898118222562,0.0014887031536250756,9.447845551611229,0.6445659842944658,0.02663808127027417,-0.014014229835158836,shallow
dr_0271,shallow_0271,0.15,1.4901988174741467,1.3401988174741468,0.9136995100087725,1.79785690719602,0.25475512294328134,0.341635470059762,0.3907412419925457,0,0,1.2232904236768196,0.20154429676969254,5.492827712448652,1.5697481420856814,0.01258577704823233,0.023438930848663695,shallow
dr_0272,shallow_0272,1.2326838066858268,2.858444611010808,1.6257608043249814,1.4819318781477153,8.95049945201398,0.9518472703105036,0.3132177307430724,0.226476837069434,0,0,1.0370516598724213,0.0363817446627259,12.722042015471452,0.7954240491605,0.041092929866707185,-0.07611250777209713,shallow
dr_0273,shallow_0273,0.15,2.078492423602032,1.928492423602032,1.7418244235874427,5.109995519915468,0.7084205193760349,0.31938911519955704,0.30187090710289444,0,0,0.9617269064812941,-0.039024749614843944,14.837373327202844,1.146079959457328,0.02803665819315057,0.11049703717207923,shallow
dr_0274,shallow_0274,0.15,1.1002742046700635,0.9502742046700635,1.4117927229460157,2.5821914410080873,0.41198843726863676,0.1690202029633648,0.42756968455092487,0,0,0.9619827422440587,-0.03875876793258496,7.618004883728309,1.2160385214981904,0.04731311982774117,-0.016029227978870294,shallow
dr_0275,shallow_0275,0.15,2.4300642581357783,2.2800642581357784,3.35482460159559,6.833089709851853,0.834617122499049,0.017167410004656828,0.17615426067645465,1,0,1.2670786077970158,0.2367139418746027,11.140033671087537,1.0343193226390879,0.023230000888487097,0.034936722286425886,shallow
dr_0276,shallow_0276,0.41605274265517345,2.669444681074176,2.2533919384190026,2.57766824269642,3.1132755956835414,0.4932175673213886,0.2874465086731805,0.22423945728366035,0,1,0.9557782119461834,-0.04522938871813408,8.262567180480906,1.299871185465713,0.03156250714290357,0.018702217193200216,shallow
dr_0277,shallow_0277,0.15,1.931134268785021,1.7811342687850211,1.4959594246357377,3.811603563372418,0.5811077242871179,0.35729094392732896,0.06026593605606629,0,0,0.7998242164416761,-0.22336330490616663,8.724056347971214,1.296257672836739,0.026842235553627615,-0.017013728844011887,shallow
dr_0278,shallow_0278,0.15,1.4411260727931223,1.2911260727931224,2.173749791004637,3.0200510297826426,0.48001428129018975,0.17771327351049132,0.22064480628189462,0,1,1.199211773537541,0.18166448558455822,5.3302419475413325,1.4056783310196366,0.028746218284328585,0.05331762620726177,shallow
dr_0279,shallow_0279,0.15,2.6593431392880547,2.5093431392880547,2.9669216922253114,1.3035118483740087,0.11511498307631962,0.05580657059978418,0.4235799633660038,0,0,1.0523586891164571,0.05103401543830289,6.229523462068816,0.8432429676076584,0.025078227469700082,0.03358156068109237,shallow
dr_0280,shallow_0280,0.15,2.4944013559385065,2.3444013559385066,3.4112667452325165,2.970554232539729,0.47283748557240735,0.3748196416013429,0.5989871426541133,0,0,0.8276564831024843,-0.18915708616161123,12.189409562327544,0.6036284924867928,0.038730946151366984,0.007402109549538666,shallow
dr_0281,shallow_0281,0.15,2.258474680783449,2.108474680783449,3.1706936867662905,12.59581690020711,1.100226338864502,0.5156606371797018,0.1456957987140831,0,0,1.0232344461096408,0.022968635795629477,9.979686592547342,2.080935176804301,0.02571947222502692,-0.051462106501652505,shallow
dr_0282,shallow_0282,0.15,2.300678594248195,2.150678594248195,1.2360740560996208,2.7991030253408535,0.44701888364429554,0.48293205524500815,0.23474079997110017,0,0,1.3167620911528986,0.27517576191212684,11.636498624349716,1.0585692876983057,0.014937444596571807,-0.020650767920993116,shallow
dr_0283,shallow_0283,0.15,1.1374988602955145,0.9874988602955145,3.174392475649256,2.0199249687378122,0.3053352376306152,0.3708420545933388,0.100970941250975,0,0,1.1426270484489514,0.1333300397472249,10.201791670794787,0.9754510275078068,0.010619376589312203,-0.07330053114338765,shallow
dr_0284,shallow_0284,0.15,1.380156317243831,1.230156317243831,0.9485323708690462,1.8165013546915738,0.2592357260824967,0.6211706171832244,0.14908784436676836,1,0,0.6527611882276022,-0.42654393140792457,10.990572601680569,0.8963618628299075,0.043778683083506485,0.029565676429526937,shallow
dr_0285,shallow_0285,0.15,1.8754881529750542,1.7254881529750543,1.242048138449006,2.9960742374247498,0.47655257021049957,0.31675549598993125,0.13928606744362648,0,0,0.9420947605583705,-0.05964941439253885,9.441811605865935,1.770595038021689,0.05187781304195366,0.03398615228172925,shallow
dr_0286,shallow_0286,0.15,2.39678984065404,2.2467898406540403,3.1895341654771014,6.009613464347195,0.7788465392740161,0.0885297452730232,0.0482180950658252,1,0,0.9264384287958409,-0.07640769116295933,11.335365629517767,0.592447244943923,0.05313925776528583,0.0672299610300568,shallow
dr_0287,shallow_0287,0.15,1.254897375659009,1.104897375659009,2.455699085285377,4.317617794221794,0.6352441949210657,0.06131333315490951,0.3045183591516225,0,0,1.0435709405629976,0.04264842851424675,16.780472841993692,1.0980354057455093,0.01066553145689712,0.009810485570261726,shallow
dr_0288,shallow_0288,0.15,1.3715548462121365,1.2215548462121366,1.2262424747464478,3.030387039727355,0.48149809994892856,0.23276848166795205,0.5293211608515128,1,0,1.2193563293792464,0.19832312064643792,6.3488890471764305,1.112074972720498,0.03515098930863738,0.0035736174429684907,shallow
dr_0289,shallow_0289,0.15,1.3177423840001565,1.1677423840001566,1.7068502443289042,4.218875250761681,0.6251966837827302,0.3721391703504137,0.38876185462131185,0,0,0.8193876275922236,-0.19919801333383427,14.000085879708045,1.784588915987809,0.02698982810641621,-0.031153899496442723,shallow
dr_0290,shallow_0290,0.15,2.1059956990748523,1.9559956990748524,3.453463413095968,7.067604324733028,0.8492722278190012,0.12929584406191677,0.2827829995738084,0,0,0.9097758825341161,-0.09455699273340515,9.257253476206886,1.1961639289387718,0.04067301038238809,0.010930625543074435,shallow
dr_0291,shallow_0291,0.15,2.517223047997077,2.367223047997077,1.9866985965394615,4.739670498925986,0.6757481506461798,0.2336144781134097,0.23904938987560528,1,0,1.2321966357908127,0.2087984593485525,7.080363067434236,1.4933505548062218,0.018070122498372317,0.06475175376628307,shallow
dr_0292,shallow_0292,0.15,1.9447993793122622,1.7947993793122623,1.5205478871903635,2.7452077736838225,0.4385752200245525,0.5043407005696849,0.25241475244973244,0,1,0.9410472728540741,-0.06076190383172583,10.321501540956945,0.9416521034882448,0.025244334446577296,-0.06984529085008082,shallow
dr_0293,shallow_0293,0.15,1.4848391495124695,1.3348391495124696,3.2613616902892852,4.665899102461867,0.6689353431765874,0.3743478859407078,0.1902000784329236,1,0,0.8468775020561341,-0.166199220461008,12.440739909492898,1.3399232035994966,0.032902979365477286,0.010946997444614406,shallow
dr_0294,shallow_0294,0.15,1.5954299411454202,1.4454299411454203,2.119488234450922,4.028027569177146,0.6050924343494382,0.2843612839219305,0.12064648008747443,1,0,0.7439786462295289,-0.2957429458653321,10.905596484109521,2.1138564030386036,0.04679978892043134,0.038045310181881585,shallow
dr_0295,shallow_0295,0.824932426135609,2.9046623416265334,2.0797299154909243,1.508999881336083,2.6145476193211072,0.41739655613700954,0.16898897944052274,0.15171149931726677,0,0,0.9418873489221986,-0.05986959868830905,8.818075280406058,1.78677288877426,0.01458184987930938,0.005167622038340311,shallow
dr_0296,shallow_0296,0.15,1.722858216794876,1.5728582167948761,1.6235139589567735,1.820577409075938,0.26020914941652146,0.0321974308908162,0.3725449183655813,1,0,0.6803119530383788,-0.38520383153944027,16.198850975803914,1.2530470841949342,0.03898587104487414,0.05186345612146329,shallow
dr_0297,shallow_0297,0.15,1.5631848934916157,1.4131848934916158,2.160910597529719,2.6296235533122077,0.41989358102934515,0.4215707991237247,0.48660880980601867,0,1,1.1799807464135357,0.16549812174575765,8.896181118876678,0.7570449806791781,0.055222701118428114,-0.06733681128003809,shallow
dr_0298,shallow_0298,0.15,1.3316164130169423,1.1816164130169424,2.0055684512284397,2.5248380527627203,0.40223352699048537,0.23528292300010603,0.26525177958218715,1,0,0.804542904359712,-0.21748098350594786,11.486335568981687,1.4008760814071972,0.05044965764323414,-0.0068727528420725265,shallow
dr_0299,shallow_0299,0.15,2.915283359929223,2.765283359929223,3.7194294522305538,2.780518488349792,0.4441257871531096,0.18317100984312265,0.7777667562833898,0,0,0.7603043771400033,-0.27403642964212527,11.012753238153019,0.8496570386565365,0.01981458455385072,0.00170553377735315,shallow
dr_0300,shallow_0300,0.15,1.6179815551899126,1.4679815551899127,3.629026741617669,2.4551913079935863,0.3900853379127267,0.40054790622932473,0.22559674282494552,0,0,0.8653292665666973,-0.14464518949058694,5.950485039886837,1.258017222123629,0.0388128513267713,-0.030940353128078104,shallow
dr_0301,shallow_0301,0.8949446447472358,1.645449356459702,0.7505047117124661,3.3387630153625256,2.791605108925476,0.4458539844583284,0.40121989987061935,0.41540801021605567,0,0,0.9433781459752767,-0.0582880735738385,11.039559981827122,1.311399390061984,0.025483931972360728,-0.09825073133626971,shallow
dr_0302,shallow_0302,0.15,2.0787391119139826,1.9287391119139827,2.337601607004651,4.3946786691095365,0.642927125750093,0.5104633654271374,0.3601483513984903,0,0,0.9602529927413295,-0.04055849513371633,9.132599567905132,1.782643576879798,0.027862401814288926,0.06194995768052244,shallow
dr_0303,shallow_0303,0.15,1.6512878466702072,1.5012878466702073,3.6580895933260718,1.6725483620865895,0.2233786843374258,0.30568264399363687,0.0897779442825556,0,0,0.7575563174019001,-0.27765739795702116,8.045064431285338,1.1316181157425191,0.04493494648839389,-0.009551815427059377,shallow
dr_0304,shallow_0304,0.22332822021397325,1.4337610980341928,1.2104328778202196,3.3233777147530783,1.3140075503673911,0.11859786071346778,0.25932955301445826,0.22532319666341577,0,1,1.0758997164422763,0.07315725706371493,14.197944996830623,0.6998058387036927,0.0353138012901581,-0.08920192398162655,shallow
dr_0305,shallow_0305,0.15,2.0227407383985323,1.8727407383985324,0.9226226965862468,4.4849159144663595,0.6517543050778603,0.08923698045178502,0.06778288389083187,0,0,0.9043907694174624,-0.10049374493573375,10.212747094724122,1.2793556422511094,0.04239734962488734,-0.011767288056914996,shallow
dr_0306,shallow_0306,0.20580277618496168,2.1891349478343534,1.9833321716493917,2.477156076360623,4.693805570170668,0.6715250960101596,0.04981822953670101,0.17096631011462024,0,0,1.114293765666023,0.10822081021184125,14.01205828884141,0.8674223630868847,0.025092330684135394,0.06461459420396588,shallow
dr_0307,shallow_0307,0.15,2.1402285892949355,1.9902285892949356,1.6027290310933167,3.490382838585276,0.5428730646572995,0.427964661032884,0.32868422477606607,0,0,1.145460423869761,0.13580667309568462,14.271636019551822,1.513206733043476,0.027987881244869624,-0.045590113112197926,shallow
dr_0308,shallow_0308,0.15,1.1726212091834154,1.0226212091834155,1.1042469789825748,1.874331218785353,0.2728463388357812,0.276418210449574,0.16922236654950032,1,0,0.8342649066684864,-0.18120429316328873,14.202192425018819,1.523526925039142,0.030295815202165996,-0.04323013559380346,shallow
dr_0309,shallow_0309,0.15,2.5620555084683057,2.4120555084683057,2.3862213422284375,1.8545983879463375,0.26824987794974464,0.09342769683986839,0.37642859628217695,0,0,0.9584203827005509,-0.04246878442165103,9.082959672305638,1.4734891249728452,0.012497569728132693,-0.0018977632336693712,shallow
dr_0310,shallow_0310,0.15,1.203930378402078,1.0539303784020781,2.058757694667616,6.548134427735403,0.8161175865347171,0.39698577261397666,0.161387587147403,0,1,0.8945337287707744,-0.11145266990157154,8.18031042737239,1.3033643705085034,0.06373867624126689,0.0018226153355480861,shallow
dr_0311,shallow_0311,0.15,1.8168671718700566,1.6668671718700567,3.728412993916727,2.7754705239478117,0.443336619398094,0.26177047906371387,0.15339955901316285,0,0,1.0346424320012033,0.03405589069929809,5.550531739146147,1.801674122478099,0.0192622362948643,0.0409642138349496,shallow
dr_0312,shallow_0312,0.15,2.08553641476324,1.9355364147632401,0.9491989086795947,3.093865835246675,0.4905014766951573,0.38995792436697385,0.23134056441982215,0,0,0.8270811775787423,-0.1898524296720565,10.525821250493006,1.2344131856322869,0.07655207997510821,0.06776375549442129,shallow
dr_0313,shallow_0313,0.15,2.225813004911994,2.075813004911994,2.3778917603315977,3.4977562120180496,0.5437895365706408,0.4041063143082239,0.33299065243925546,0,0,1.0047199978173025,0.0047088935552907305,15.360756870751464,1.5183334953956862,0.013819675503436813,0.007127456033401977,shallow
dr_0314,shallow_0314,0.15,2.689183911688911,2.539183911688911,2.149818354438708,1.2985441764705699,0.11345672891414538,0.18351535987149215,0.45312470572518243,0,0,1.050215305431931,0.04899519594129688,12.841855833996515,2.0468649164726536,0.03579143530228503,-0.018891010698185592,shallow
dr_0315,shallow_0315,0.15,2.2217041552051384,2.0717041552051385,1.178577583415911,6.457943531598196,0.810094243217141,0.38023330732248933,0.14904659355728883,0,0,1.1993505371268276,0.18178019122107597,6.388698865621188,1.248506648233801,0.02129957035561394,-0.021617625070999204,shallow
dr_0316,shallow_0316,0.15,1.1200919924224566,0.9700919924224566,1.5899017151410262,4.316034545812006,0.6350849121451373,0.37134349211662165,0.47289933124922146,0,0,1.1159162571581058,0.10967582275480442,9.827790760766078,2.067240014070031,0.04377827150181471,0.007891219553588272,shallow
dr_0317,shallow_0317,0.15,1.896375485393421,1.746375485393421,0.9338919383158661,4.6231388245783664,0.6649369347193096,0.14940503789025925,0.14165810693438888,0,0,1.2350411148631855,0.21110426091298934,16.462956279092175,1.0445330305657583,0.04941248632836403,0.015829855350172978,shallow
dr_0318,shallow_0318,0.15,2.0033262050231917,1.8533262050231918,1.448943481363555,3.1196990550418358,0.4941127013779049,0.054136831718555115,0.345946592651959,0,0,0.9796865502288215,-0.02052260518467068,6.558252708241796,1.1849450288742798,0.014626082859592358,0.050281079442058986,shallow
dr_0319,shallow_0319,0.15,2.758142011543017,2.608142011543017,3.0110449818026503,3.8314548362437773,0.5833637106219984,0.1764709962989947,0.2928187006937813,0,0,1.2270772894836242,0.2046351543591496,10.92516550742386,0.5963402289027963,0.04687922565780324,-0.036714053691028224,shallow
dr_0320,shallow_0320,0.15,1.6540744462798498,1.5040744462798499,1.8770031995824945,7.412245643625809,0.8699498035102512,0.22643084277043543,0.10817228872244888,1,0,0.9783655945738635,-0.021871860217395882,13.215931414030937,1.674898696324044,0.021266722957655047,-0.0025190696032332486,shallow
dr_0321,shallow_0321,0.501247526360924,2.6591092310848783,2.1578617047239543,1.1902704085498468,6.84429084828342,0.8353284566143386,0.29975984838912195,0.29130155424746246,0,0,0.958962572451221,-0.041903232544114155,10.81938695826868,1.7097427067903816,0.041751526194904576,-0.020168991338397765,shallow
dr_0322,shallow_0322,0.15,2.1633360148444374,2.0133360148444375,2.433849671629217,1.2160480236775213,0.08495072625769984,0.30273108572600005,0.370803316605585,0,0,1.0044693223549903,0.004459364592443832,11.146788699697805,1.3351944835204113,0.034432040234830645,-0.018602665600107288,shallow
dr_0323,shallow_0323,0.15,1.5848042378559373,1.4348042378559374,1.9294527831416626,5.331361786210702,0.7268381547485008,0.06918628822255256,0.15648654926773523,1,0,0.9189600372131067,-0.08451264265018332,11.362269041741317,1.190800426984581,0.030239799911667156,0.008079835365741115,shallow
dr_0324,shallow_0324,0.15,1.4964497078177255,1.3464497078177255,3.1538435064191237,3.873334614633569,0.5880850169994163,0.6552129029563462,0.0365803792101064,0,0,0.9455935200480945,-0.05594248509480023,10.207307150246024,1.1099911105223903,0.04857207851486223,-0.00486323987791006,shallow
dr_0325,shallow_0325,0.2879211811458431,2.919136632076096,2.6312154509302528,2.62694701933912,5.850135329993222,0.7671659126444872,0.03652332713512693,0.0629719112779596,0,0,0.8171956702904516,-0.20187671427780166,10.54483901933409,1.4132788716914566,0.014633813706484242,-0.09981571341668667,shallow
dr_0326,shallow_0326,0.15,1.8748499509457202,1.7248499509457202,2.146633876323731,3.308438448494235,0.5196230592673681,0.03683330187171453,0.29877911026509735,0,0,0.9375581995191553,-0.0644764435773238,14.126242040092052,1.3616373908374997,0.04486333061685334,0.027420297884276936,shallow
dr_0327,shallow_0327,1.110683050822855,2.720613275052164,1.609930224229309,1.0122901578966774,3.4727475888222705,0.5406732184488652,0.1550844634349481,0.26236509043685957,0,0,1.0253704054746755,0.025053918506332845,12.074012336418942,1.5994004395680217,0.04629816657087522,0.003998088010289267,shallow
dr_0328,shallow_0328,0.15,1.3258324734153135,1.1758324734153136,2.358954942584955,2.0056148283915562,0.3022475318919341,0.17992615836585032,0.517648479473775,0,0,1.0358529946614385,0.03522523672400958,8.609360096020062,1.149182329771928,0.03551256615590015,-0.008927373440993511,shallow
dr_0329,shallow_0329,0.15,1.9853946225087415,1.8353946225087416,3.5087980251625157,3.186872414778366,0.5033646770078201,0.5229770026468769,0.449091609333038,0,0,1.168731605244347,0.15591906266853697,13.092760726906246,1.4008650227181123,0.029111591208891546,-0.03396578464433794,shallow
dr_0330,shallow_0330,0.15,1.947936427829037,1.797936427829037,1.9941995879826409,4.9748081608114765,0.6967763380852892,0.24145780517659704,0.3215986067238851,0,1,0.7887755954644476,-0.23727341498514626,11.614576401846874,1.5713237820166683,0.036924909254433015,0.00025953175752555126,shallow
dr_0331,shallow_0331,0.15,1.1581346853829675,1.0081346853829676,1.9731009031771887,3.406030952303126,0.5322485902952172,0.23306927110535494,0.165519971203322,0,0,0.9099859020811512,-0.09432617180976217,10.79176692392383,0.7175065674569822,0.04086204895760023,0.04364505841761952,shallow
dr_0332,shallow_0332,0.15,2.465767805612588,2.315767805612588,2.0453672518585457,1.849945186421589,0.2671588605179833,0.08647957694732135,0.0678481459252123,0,0,0.8778777066381185,-0.1302479813374153,12.84205634858983,1.9084619136948384,0.03452048302235634,-0.08377991168753346,shallow
dr_0333,shallow_0333,0.15,2.1439587585954807,1.9939587585954808,1.4408331261245522,5.767481911801639,0.760986241144227,0.08369802131311417,0.2410134304436646,0,0,1.062092798666678,0.06024130004431585,8.973166149928545,1.7919253409854023,0.02742355077137634,0.006825106647529169,shallow
dr_0334,shallow_0334,0.15,1.2041306576311734,1.0541306576311735,3.510251634989497,1.4371483347508884,0.1575015959971885,0.13106491928986155,0.2492277210444253,1,0,0.763119332407977,-0.27034086096476057,5.7438351812975,0.90953209122565,0.005122283364956438,0.10430433199002993,shallow
dr_0335,shallow_0335,0.15,1.1536021438490986,1.0036021438490987,1.4613783452279008,2.0766113237130663,0.31735521788189874,0.38059330577464456,0.19064898899952187,0,0,1.1149704751510274,0.10882792487631189,12.516168470306116,1.034667758058624,0.029570570550061775,0.02932176023093922,shallow
dr_0336,shallow_0336,0.15,2.9926054682238505,2.8426054682238506,0.9823273332452619,5.6586343619161426,0.752711632487649,0.5877120621278114,0.44518001735857493,0,0,1.0711559083341224,0.06873835354518888,7.36518990414467,0.8391944679879801,0.07177755372239734,-0.0095927591457997,shallow
dr_0337,shallow_0337,0.15,2.8799744772540237,2.7299744772540238,2.744944705094082,4.243478344182166,0.6277219901756426,0.04588594485287015,0.06954209155187795,0,0,0.8898872835746915,-0.1166604719453307,12.279988474653239,1.3540938508525109,0.05033286183987347,-0.07839289776569772,shallow
dr_0338,shallow_0338,0.6139892019891047,2.5062701973672716,1.892280995378167,1.9110481927857141,4.172377719360692,0.6203836175897317,0.3523398940343602,0.43183277695128364,0,1,1.5259754816346165,0.4226338656523341,11.406394495486275,2.2673210824509082,0.04696139428148749,0.053494151569179284,shallow
dr_0339,shallow_0339,0.15,2.969455273574755,2.819455273574755,2.992986287319069,3.6764714880222695,0.5654312022559133,0.3873927458427216,0.12833311793310545,1,0,1.1089995106045751,0.10345826707379102,8.483457050727234,1.5696781276977292,0.04489705683379225,-0.07011088450838739,shallow
dr_0340,shallow_0340,0.15,2.4528102784121124,2.3028102784121125,2.460360734679831,8.77206150038649,0.9431016678282006,0.3461618126244136,0.3296326215400042,0,0,0.794705620269963,-0.22978352187029388,4.577341991243729,1.3618702422560867,0.017977690190481614,0.05816948775050251,shallow
dr_0341,shallow_0341,0.15,1.1688070444483507,1.0188070444483508,3.508931698217695,3.445126254143828,0.5372051422010496,0.40343987615531396,0.219941201633757,0,0,0.9799236876794859,-0.020280580064333368,6.790301287409026,1.3536657365972382,0.028607555548054144,0.05894024386578665,shallow
dr_0342,shallow_0342,0.40574938400762006,2.74567004479579,2.3399206607881697,1.2975003936961103,1.9902269057800963,0.2989025931486501,0.09330626615155033,0.14510692874631556,1,0,0.8834581026740098,-0.12391141033438233,13.18637206973693,0.7940432918248297,0.04029579597753545,-0.004706750241205612,shallow
dr_0343,shallow_0343,0.16122559453264484,2.5701447801917157,2.408919185659071,1.3640174517630528,6.155152207656881,0.7892387968494906,0.25196313819267696,0.16282365556316586,0,0,1.1118614058325171,0.10603555301809785,8.473314259300091,1.1262388861280455,0.026881969392426146,0.019591134756173294,shallow
dr_0344,shallow_0344,0.15,1.9543847758596833,1.8043847758596834,2.533785567935818,5.033644865844668,0.7018825719106769,0.2275295889580034,0.3373110711495348,1,1,0.9756477470951437,-0.024653672576021416,5.783961352270885,0.7427078257507675,0.0065441099780537415,0.027427823866314656,shallow
dr_0345,shallow_0345,0.15,2.3555737084482997,2.2055737084483,2.8852157670628857,6.003163274123959,0.7783801554642815,0.3104297045513132,0.19418580231942728,0,0,0.9119757068749217,-0.09214192646113287,16.70113490351553,1.2793615694622253,0.038497255276722014,0.031112092758546973,shallow
dr_0346,shallow_0346,0.15,1.9424140597052708,1.792414059705271,2.6666686691246366,2.6935233918138906,0.43032075151426696,0.39624448431332787,0.0291522225227014,0,0,1.4033977662438086,0.33889627216014345,17.956539198912555,0.8748486912654501,0.0424283689427752,-0.010014437380393105,shallow
dr_0347,shallow_0347,0.15,2.563489905209676,2.413489905209676,3.762828866671566,1.9001595978567412,0.2787900796673472,0.33474595619155445,0.4422674959070635,0,0,1.2012307231551873,0.1833466338522214,12.573121140657067,1.5880878515702976,0.013815479686644282,-0.007187684552162617,shallow
dr_0348,shallow_0348,1.2256748437476743,2.506526125594049,1.2808512818463746,3.632030804649489,2.684158312965327,0.4288081271525543,0.18554360846012122,0.14561085839273322,0,1,1.0219609666903897,0.021723297989898162,11.883595475267217,1.6888714166003365,0.05062477567778195,0.00396942352623243,shallow
dr_0349,shallow_0349,0.15,1.282923672361095,1.1329236723610951,2.6663634678293104,6.8514216261311445,0.8357806941677433,0.31263473937340613,0.5134615335565161,0,0,0.695218677883197,-0.3635288384712699,17.46327994397359,1.2841462291384271,0.028211562190951497,-0.010314641405693959,shallow
dr_0350,shallow_0350,0.3030470227854978,1.9696292416797139,1.666582218894216,1.9510088619547288,4.910441674800863,0.6911205569502525,0.06944316592880129,0.2086434089998769,0,0,1.0956579523379126,0.0913550525335266,8.701005530005023,1.2761668223531064,0.017751269617427897,0.028884364456372578,shallow
dr_0351,shallow_0351,0.1505429370503819,2.725023296048037,2.574480358997655,2.085845634356807,1.286149524872592,0.10929146163032172,0.3074110104669254,0.4816758507625289,0,0,0.8674747647161896,-0.14216885724857004,8.609636871239074,2.2729560819260306,0.03328314433459833,0.04834739185558972,shallow
dr_0352,shallow_0352,0.15,1.5463904772296475,1.3963904772296476,1.557016668023623,6.790298100299309,0.831888840624128,0.2655516146193787,0.04876356661287021,1,0,1.264265794558909,0.23449155412428507,9.278940269957019,2.054509644350503,0.010518911956403025,0.0168274611953438,shallow
dr_0353,shallow_0353,0.15,1.910929197597218,1.760929197597218,1.178073891355953,1.545703452248607,0.18912617690084432,0.5828511259492953,0.16366842881981455,0,0,1.2944477906983156,0.2580841877609764,11.870828256321305,1.9182895573130114,0.021789553400474095,-0.03498831459760118,shallow
dr_0354,shallow_0354,0.4398008633450132,2.5461035787822803,2.106302715437267,1.0897754503626798,2.063269621670057,0.31455598393648415,0.1353403193685577,0.6847185346724793,1,0,0.8148710000711157,-0.2047254603905417,13.751759537273298,1.2312576518668512,0.0429813117026021,-0.010682945523866057,shallow
dr_0355,shallow_0355,0.8694321662312916,2.6072774977662077,1.737845331534916,3.4864334851408545,4.086697812102884,0.6113725253092775,0.16781750720254088,0.0964600959874733,0,0,1.2218192315989156,0.20034092149180488,13.321841393178149,1.2301894807420197,0.028516711559863742,0.050842650946344894,shallow
dr_0356,shallow_0356,0.15,2.2504147774573307,2.1004147774573307,1.9715826933513974,5.50507555965759,0.7407632842373153,0.44075033399263636,0.2562032019703827,0,0,0.8191786806529852,-0.19945304962906327,12.188135547137747,1.7640740983279315,0.014134723541776719,0.02105829138386935,shallow
dr_0357,shallow_0357,0.15,1.8835053040866963,1.7335053040866963,1.4136595050305,5.337170669633376,0.7273110906984515,0.13243847280517912,0.1922303892272108,0,0,0.975498395044197,-0.024806764185115005,10.299680701431896,2.1090065514831684,0.015649594282929877,-0.0027086255984972935,shallow
dr_0358,shallow_0358,0.15,2.340587246035387,2.190587246035387,1.8886896364155712,2.1424796081086335,0.33091669704655824,0.2961154941855935,0.23950195407344593,0,0,0.7376940169185555,-0.3042261515781315,14.010022540418607,1.6581083575228843,0.031209681077721787,0.03573855261204488,shallow
dr_0359,shallow_0359,0.5601264468152998,2.522764497120845,1.9626380503055452,2.2696723073886367,3.125762948569853,0.494956038932143,0.054299636273294455,0.29861020962678525,0,1,1.3027729582145835,0.2644950375377883,5.511669454524983,1.600120221290668,0.0338313687895962,-0.005728689701232122,shallow
dr_0360,shallow_0360,0.15,2.516329574863919,2.366329574863919,1.5807165513480417,4.923504277970271,0.6922743196086111,0.6959341367086174,0.19419028605461391,0,0,1.2184480764514227,0.1975779804968214,10.40867002154064,1.2253197535361107,0.03033522822574125,-0.045836862534468135,shallow
dr_0361,shallow_0361,0.15,2.9670603947073806,2.8170603947073807,3.1147196626526177,4.644880225323505,0.6669745195887049,0.33321953516856834,0.061450202490864046,1,0,0.7947474814469754,-0.22973084818400924,14.948584418917237,0.9719812097965044,0.02173376709842654,-0.026912737308540758,shallow
dr_0362,shallow_0362,0.15,2.175118484333182,2.025118484333182,1.4161279543436591,3.240527527297353,0.5106157150045888,0.19521450320858272,0.26727380877160944,0,0,1.0211627780051031,0.020941956450535808,9.96486186047128,1.5078917804036558,0.06010062106363066,0.045661226740237815,shallow
dr_0363,shallow_0363,0.15,2.2705797278953095,2.1205797278953096,2.1732188058545003,1.882114266973874,0.27464598679036345,0.03381659104706389,0.22525976159677968,0,0,0.9369994312447816,-0.06507260373986325,11.275259216706587,0.5007416718472355,0.04251274755934278,0.010163307291991134,shallow
dr_0364,shallow_0364,0.15,2.735988526335866,2.585988526335866,3.049731831798617,2.4596060180056076,0.3908655469776807,0.08831666426240081,0.057672023090752235,0,0,1.0347235545961218,0.03413429403199545,5.27407814758058,1.5148421996183918,0.05493446776731461,0.03757302456745735,shallow
dr_0365,shallow_0365,0.15,1.2040835602527513,1.0540835602527514,2.5396497778447507,2.6067822906622444,0.4161047619269874,0.2721094978209135,0.31753416282776475,1,0,1.1001066317270105,0.09540711303979299,6.8584013456025925,1.773676465284422,0.05381152167462147,-0.0009171081364785507,shallow
dr_0366,shallow_0366,0.15,1.4217999874313216,1.2717999874313217,2.578721393005226,2.592793468289619,0.41376792396007267,0.6644259642461795,0.532405225111365,0,0,1.019974580784343,0.01977770618598774,9.394730734033192,0.8401313991143573,0.05550023846009976,0.027570683699403877,shallow
dr_0367,shallow_0367,0.41264524218591037,2.780240254757818,2.3675950125719076,2.3214561531229534,4.296328670246259,0.6330974976017334,0.321573681336071,0.3030941959635897,0,0,1.2575497943288105,0.2291652200835757,3.2523752669812076,0.9881126529213871,0.015181883494915841,0.04884335738263544,shallow
dr_0368,shallow_0368,0.15,2.3941933439152137,2.2441933439152137,2.1675281916405726,11.252257001117588,1.0512396428757238,0.2644340746342883,0.018871671837128026,0,0,1.0876474893488124,0.0840170971745297,9.8662352551113,0.7778844180157554,0.04410594949035883,-0.1091352187969249,shallow
dr_0369,shallow_0369,0.15,2.77331799369438,2.6233179936943802,1.859155458643741,4.978702971080407,0.6971162170831171,0.07130934245634447,0.457897939244176,0,0,1.2189378649909541,0.19797987708430578,8.535380624626038,1.1453356192160113,0.041043208756997115,-0.03382374045154041,shallow
dr_0370,shallow_0370,2.120427807121882,2.8729585634137482,0.7525307562918662,2.406019228522723,4.262222521809021,0.62963611958537,0.05563225034513015,0.4884345003196212,1,1,0.8110248335303117,-0.20945660445968678,13.820798313446428,1.4524532282439,0.016016771085154938,-0.027199252431545046,shallow
dr_0371,shallow_0371,0.15,1.8543217067681697,1.7043217067681697,2.255359538541186,2.9149963678361175,0.4646380179527638,0.07534192190341119,0.09235156968719643,1,0,1.3945272506342306,0.3325554694034237,7.072920063838786,1.483569582292959,0.04215348912311544,-0.022840517345296775,shallow
dr_0372,shallow_0372,0.15,1.7204483953268963,1.5704483953268964,2.5627273068545113,1.576447412445583,0.19767948801407126,0.1956054255355781,0.13225983304558508,0,0,0.8584330843727624,-0.15264654650160894,5.153797772303715,1.049848177389521,0.04238895083310319,-0.02767582371427815,shallow
dr_0373,shallow_0373,0.15,1.8144167996478089,1.664416799647809,2.8734445264934827,2.032777726526634,0.3080898934337084,0.21527708816728872,0.031544373647877384,0,1,0.9784347733821278,-0.021801154171520225,6.702734740133577,1.3260538018431616,0.05131291545262042,-0.0121637032856845,shallow
dr_0374,shallow_0374,0.15,1.7881190378339449,1.638119037833945,3.619073733477831,3.1207151269074322,0.4942541260960339,0.3725033374668199,0.4653385126604261,0,0,0.894330967527103,-0.11167936255748828,11.84725006422538,0.7046885382223276,0.041572003525022244,0.01784908159934922,shallow
dr_0375,shallow_0375,0.15,1.8504034373957352,1.7004034373957353,1.4559996160715298,8.700216606773555,0.9395300652571769,0.18134267022954806,0.3597905442225742,1,0,1.2432020136417603,0.2176903203546448,9.193544951695308,1.6693962093537391,0.020671788736657173,0.020398132509942837,shallow
dr_0376,shallow_0376,0.15,1.4376658554557493,1.2876658554557494,3.0125290463309473,2.7564658253408068,0.4403526124663261,0.501216701280623,0.14095615641783554,0,0,1.115767527583188,0.10954253364265067,13.654077588532335,1.7625165537613556,0.02238251103754263,0.0062217077563573985,shallow
dr_0377,shallow_0377,0.15,1.5421778116299758,1.392177811629976,2.5442618236838004,4.553051302969418,0.6583025438884658,0.27413541015688014,0.45546231121434966,0,0,0.8810968803162204,-0.1265876927850886,15.357022016935279,1.7280873276776685,0.00909931444909488,0.009123167142842656,shallow
dr_0378,shallow_0378,0.15,2.3317305874263674,2.1817305874263675,3.656869514952851,2.3134462080650295,0.3642594057973915,0.33816395707005625,0.29843026867309735,0,0,0.7180387568485738,-0.33123173249298604,4.491418253366428,0.9804608400629488,0.04072524285633668,-0.057625650947854754,shallow
dr_0379,shallow_0379,0.15,2.1625702291944,2.0125702291944,3.2680175126148745,6.833459331314412,0.8346406141004968,0.35484346807575434,0.5714947646449894,1,0,1.2984879497036566,0.2612004719109947,8.943953663270769,1.3859343386397376,0.031628507161262115,0.02532005827160973,shallow
dr_0380,shallow_0380,2.1294832693046355,2.8949219138663516,0.7654386445617161,2.4932806878233995,3.744180643936412,0.5733567937979602,0.29082587443633057,0.12935035808651504,0,0,1.4466577484628302,0.36925589476817244,8.756470261590989,1.4212864082072718,0.03762232075525077,-0.05962136627464534,shallow
dr_0381,shallow_0381,0.32103467560713894,1.5163942250018096,1.1953595493946707,1.4688305650171574,1.3106941717963743,0.11750136827618163,0.06350833427014951,0.3897370294116112,1,0,1.1184729035819199,0.11196427597907094,6.3271135061291215,1.1607862413340684,0.06766768166028797,-0.004776230653468975,shallow
dr_0382,shallow_0382,0.15,1.700179218610391,1.550179218610391,1.4075832007541658,4.010488894675878,0.6031973180859804,0.39056676757643105,0.02142423590689576,0,0,0.967463348858779,-0.033077737112260745,6.09499278023086,1.281638898055604,0.049624698558950506,0.02006454204625077,shallow
dr_0383,shallow_0383,0.15,2.470738560399509,2.320738560399509,0.9811357866302342,5.882344189584447,0.7695504324906643,0.591384395569938,0.1546650793616345,0,0,1.2258617150312763,0.20364403754000604,13.210395783696743,1.277739184598721,0.038051701798162786,0.07305593688049877,shallow
dr_0384,shallow_0384,0.15,2.0864356232726307,1.9364356232726307,0.9117412123424855,2.00205858182025,0.3014767811298372,0.2133486138271725,0.37153669924904303,1,1,0.7077104691648771,-0.34572021078546017,14.394825366453809,1.5531049744068344,0.051172200289764595,-0.034044112906899994,shallow
dr_0385,shallow_0385,0.15,1.8432632615579934,1.6932632615579934,1.2208776941465973,7.582279160022196,0.8797997699908842,0.10849199549091017,0.30651490105015516,0,0,1.3154449541820585,0.2741749765954032,3.4084319924573494,1.4242928711756273,0.03230533347641892,-0.0577043936199331,shallow
dr_0386,shallow_0386,0.15,1.6834798506121071,1.5334798506121072,2.4235764597994467,2.5844364346810846,0.41236585497663136,0.5769995721578707,0.36067299360624927,0,0,1.0588006392231901,0.057136795094833596,6.618229751962501,1.7296501291174995,0.01850620174060631,-0.022805193781947217,shallow
dr_0387,shallow_0387,0.15,2.552728257888369,2.402728257888369,2.4705049295290094,6.45594119322504,0.8099595657700577,0.1590158360578664,0.33948875546979707,0,1,1.1954792585621483,0.1785471581732215,10.019092511848605,0.8095227745287743,0.032181428667058254,0.0019958231466606965,shallow
dr_0388,shallow_0388,0.15,2.2632557797612742,2.1132557797612743,2.8972658938608493,2.381752151071949,0.37689656612149885,0.5013779736197658,0.29467131537148683,0,0,1.3390325602131161,0.2919473832267668,11.88589325453878,0.9746742966690196,0.022586507855301634,-0.10719031558417155,shallow
dr_0389,shallow_0389,0.15,2.5370045910137304,2.3870045910137305,3.143331032196129,1.6287243838312757,0.21184759829963767,0.3931060344854152,0.5143638528079513,0,0,1.1216305514016105,0.11478347605132808,12.625991789792312,1.1817770079514416,0.037619860783927615,-0.008930256221003692,shallow
dr_0390,shallow_0390,0.15,1.8208474296286603,1.6708474296286604,1.9660825278757232,1.5433389379311862,0.18846131343101286,0.3232512823270845,0.24074881439780577,0,0,1.0668414161848354,0.06470233539256655,9.668974351327426,1.0187154700797283,0.05352693813948178,0.01709447463938411,shallow
dr_0391,shallow_0391,0.15,1.600632006387247,1.450632006387247,2.8930201703947183,1.5750066980553843,0.19728240506041772,0.20234294085830473,0.5127942501824453,0,1,1.5393607585913334,0.4313672384272695,9.9093257378099,1.7688947285123953,0.0416205362719835,0.04744659772704342,shallow
dr_0392,shallow_0392,0.15,1.4152808295175374,1.2652808295175375,2.429567915154823,2.719375777339724,0.434469224780871,0.15320204749315586,0.24721401928607248,1,0,0.6007641623201407,-0.509552830244528,8.836728511508426,1.0673549019257573,0.04521444124336022,0.01416478756544748,shallow
dr_0393,shallow_0393,0.15,2.6048455449781174,2.4548455449781175,2.3903857220468994,2.1555106025416713,0.33355016340610605,0.08998768868638278,0.26830588662818905,0,0,0.9250067791730981,-0.07795421266078592,10.003221055227469,1.4201598373711601,0.017748204146752315,-0.07346310353185576,shallow
dr_0394,shallow_0394,0.15,2.3314063083908243,2.1814063083908244,2.026432960962908,2.455022366935232,0.39005545319719437,0.4588977467535731,0.6142959405282578,0,0,1.170749349911235,0.15764401380588267,12.12133186531235,1.0976318390465647,0.029248775367604493,-0.08370737883888162,shallow
dr_0395,shallow_0395,0.15,2.2426606407917684,2.0926606407917685,2.4084997887065946,2.531105765744372,0.40331029313116806,0.3582550948160967,0.44899857416228617,0,0,0.9795783088415676,-0.020633097022323837,14.521513908176697,2.406361321621967,0.013751923706787881,-0.012994246654171938,shallow
dr_0396,shallow_0396,0.9226411441837112,2.974444416000658,2.0518032718169468,1.2010583409342526,1.4467816934213955,0.16040300486123682,0.380959463469766,0.06979356773162365,0,1,1.1146700244304062,0.10855841889766077,6.967315017954354,1.4619186322124986,0.03321513300524569,0.007418645249505581,shallow
dr_0397,shallow_0397,0.679400867515352,2.4557269393594683,1.7763260718441163,1.8412535922099758,1.7853722858162673,0.25172878897347417,0.09868275444282651,0.5227562351981991,0,0,1.2802295112225426,0.24703936750080172,7.129371272622389,1.409563960684755,0.033878484279177674,-0.02193170009167452,shallow
dr_0398,shallow_0398,1.0021202687156534,2.61032123079075,1.6082009620750966,1.0448526397010092,2.3577208670131222,0.3724923872341911,0.18379344028759786,0.07829803734018578,0,0,0.9532280182825446,-0.0479011402716403,8.492823456260089,0.7663376156479647,0.020480315469366066,0.053774017850688444,shallow
dr_0399,shallow_0399,0.15,1.4006848317909526,1.2506848317909527,1.64160739274635,3.833771682193215,0.5836262451836273,0.2610406559049918,0.3867028975902465,0,0,0.9035878577295641,-0.1013819321395267,7.6051584894740305,2.269069442616968,0.03329996135604731,0.020014167043598215,shallow
dr_0400,mid_0400,1.611271862967988,4.9770399492451345,3.3657680862771464,3.0160114255646278,1.7804247620099107,0.25052362578655873,0.28487019908139594,0.5922216270951188,0,0,0.9468607271740211,-0.054603264009605905,10.162103529403584,0.8933032348063107,0.02809079173589206,0.04125142594855221,mid
dr_0401,mid_0401,1.7964249358663245,4.456105930333772,2.6596809944674473,1.9761408563212282,3.906684186546551,0.591808304599806,0.04275017019018782,0.16104636032484465,0,0,1.2545076841358176,0.2267432120633068,6.077090456767572,1.1509949513430486,0.03241549214763329,-0.0946574806222638,mid
dr_0402,mid_0402,0.15,4.288326288376555,4.138326288376555,3.379084088906976,6.066329514932053,0.7829259969126512,0.28916095995436647,0.17185707734583477,1,0,0.8095364064246585,-0.21129353291075684,6.083140309123569,0.6592406005490844,0.023994276626248725,0.032022265236506954,mid
dr_0403,mid_0403,1.705495574087823,4.006958813424468,2.301463239336645,1.0915174045711178,3.9043890446045273,0.5915530855076802,0.39295733866030846,0.4631464461241304,0,0,0.9896423745092008,-0.010411638985112017,4.9581543850804275,0.5515670818638575,0.07045376590256125,0.05826375318152167,mid
dr_0404,mid_0404,1.5515966892896182,3.198454545965322,1.646857856675704,3.422385510608227,4.22837128780711,0.6261731151458235,0.26710045294171886,0.016936294062624972,0,0,1.0943346398613476,0.09014654375378357,11.490486873728091,2.134871438059115,0.03852023216159587,0.08061920117901294,mid
dr_0405,mid_0405,1.0534438358144405,5.1018686084659866,4.048424772651546,2.6460294085063154,4.936045083542572,0.6933791176873304,0.2633581861697925,0.18941985538792666,0,0,0.9663621475997125,-0.03421662102925317,7.4273392242132115,0.7226464743908114,0.04042321867431362,0.005021998884767024,mid
dr_0406,mid_0406,3.4141321552206407,5.928428140574983,2.5142959853543423,1.5399856582873594,2.896706586084174,0.46190450676811273,0.18060899742522596,0.23023690948346553,0,0,0.9433969768439184,-0.05826811266973859,9.267357898970861,1.8402397880200516,0.04264808186640872,-0.01877091378570752,mid
dr_0407,mid_0407,3.101147044681344,5.968299194642251,2.8671521499609067,3.5143355316873293,3.5900227210823146,0.5550971972160479,0.3205573911755155,0.30011494655224646,0,0,1.041761347491174,0.04091288398120988,11.187702188141248,0.8461910770392235,0.02611338388635409,-0.028076144918500964,mid
dr_0408,mid_0408,0.9999032503162968,4.270896271595139,3.270993021278842,3.594573324154684,3.8325594980781608,0.5834889057277058,0.07957753785404648,0.2881312548807939,0,0,1.230507899325339,0.20742701043449477,10.97341500134767,1.3676918058514065,0.02205130789631044,0.07367849458367566,mid
dr_0409,mid_0409,0.15,3.1124921890217876,2.9624921890217877,1.181308492768607,3.8647586228449278,0.5871223748287222,0.21065493687114573,0.4279588135548425,0,0,1.186326324191314,0.17086140960252083,8.518751546169923,1.6838688250364195,0.011676617589601711,-0.02585110392628739,mid
dr_0410,mid_0410,3.3604512989392576,6.837846549925128,3.4773952509858708,3.2695288058048075,2.5091048751844336,0.39951881426877456,0.3896497272568198,0.5304192764911386,0,0,0.9714939183087598,-0.028920270288447066,11.802074395838462,1.3231337413332522,0.045193252545275314,-0.05330917222295389,mid
dr_0411,mid_0411,1.1714021371727839,6.058848496932056,4.887446359759272,1.2454822531340366,6.016165732016532,0.7793197915976897,0.6126983029175163,0.18140316820537075,0,0,0.8159753366374917,-0.2033711491837621,2.3272203806007603,1.4059482979232785,0.05161675481169155,0.03391797832145889,mid
dr_0412,mid_0412,3.048001846337065,6.097715337612407,3.0497134912753423,1.7621102100239021,3.882015868655798,0.589057306337136,0.3410554958619158,0.18426836174197442,0,0,0.802014129347172,-0.22062905363094598,14.197184427723094,1.6625555897086677,0.02175713241112979,0.08825376497345926,mid
dr_0413,mid_0413,1.1193965588220074,4.535177972697424,3.4157814138754166,1.8361750168797286,1.8670112375724932,0.2711469319828416,0.2522169419723938,0.41677978141740163,0,1,1.0085729688752287,0.008536429662070827,5.029394957857889,0.7671284423453093,0.023961616748358183,0.06699315878316915,mid
dr_0414,mid_0414,2.0878642220696255,5.121476874400248,3.033612652330622,3.382111978874148,5.178498750121272,0.7142038757617365,0.20995004317345684,0.20545977858683792,0,0,0.9659872435261179,-0.0346046503163172,7.173433412093874,1.8845555100971434,0.0304734517448991,-0.015808007175847367,mid
dr_0415,mid_0415,2.6417470038500213,5.69463689658315,3.0528898927331287,3.3906558112356797,2.732455078927031,0.43655303095679154,0.0663202857376724,0.1342304887175081,0,0,1.3021885414533245,0.26404634240648717,11.336443580949242,1.0959073786402667,0.057583760310344054,-0.07626952265671617,mid
dr_0416,mid_0416,4.452042015118753,6.8827053069472,2.4306632918284468,2.884330110810778,3.012417098282687,0.4789151039634139,0.6133392489251698,0.08745635621030154,0,0,1.0387796046889892,0.038046567083671,2.247782172882598,1.0905999570617066,0.03591647573025965,-0.03943705494785448,mid
dr_0417,mid_0417,2.470826037708594,5.562048111215439,3.091222073506845,1.6196924053891761,3.1164554912502873,0.4936609287436826,0.39001739619463394,0.28674229897398124,0,0,1.0628065361959114,0.06091308486194505,6.220137406264586,1.0129601601990283,0.02862873516331148,-0.027809763017761006,mid
dr_0418,mid_0418,3.701163711815502,6.366423534049801,2.665259822234299,2.1130348483219206,9.13574932271402,0.9607441743895524,0.2751541515452777,0.1918795760058941,0,0,1.0566749241296605,0.055127113824293444,17.60099074806795,1.1672573708930551,0.027991084612751127,0.029261383342886093,mid
dr_0419,mid_0419,1.5126611034791906,4.711149422408098,3.198488318928907,2.1357609582844304,7.755836760963154,0.8896286597982371,0.6237101979958046,0.49693490643336086,0,0,0.8682357581151534,-0.1412919904695604,4.7077036221406345,1.323115507414938,0.026793075659040867,-0.021174753529205666,mid
dr_0420,mid_0420,0.6166172624245538,4.445150084677999,3.828532822253445,3.713374970386667,3.569182037412483,0.5525686986498691,0.21705943707691125,0.4667181469918924,0,0,0.8580592632762257,-0.15308211046198278,9.883514231436989,1.1014298597125451,0.03795231969525387,0.10446107815794767,mid
dr_0421,mid_0421,1.6947052800054783,4.841322687767304,3.146617407761826,2.1564296082298715,5.234430902401866,0.7188694712332591,0.18474239425250816,0.014858197585536151,0,0,1.0811748215412083,0.07804824763624114,9.14408761335983,1.1122105134477387,0.036594601915139774,-0.004754210637662336,mid
dr_0422,mid_0422,2.679053614020089,5.821962595091593,3.142908981071504,2.2991286338707906,1.814672482034833,0.2587982535704102,0.5295579436417867,0.04557533001380499,0,0,1.3418176601018665,0.29402515756090813,13.831239905114348,1.441662877850584,0.019102195527509816,-0.027864441430335053,mid
dr_0423,mid_0423,1.103642133716471,4.7313120670266215,3.6276699333101505,2.964159805080616,9.036907407752047,0.9560198325176629,0.2485319624807258,0.35009669911034297,0,1,1.1678965950968054,0.15520434889168158,5.275990933034002,1.131540407678764,0.07922164771821774,0.02602653205005984,mid
dr_0424,mid_0424,2.8150603273991126,5.361860235524435,2.546799908125322,2.7237042502233733,1.2142000667826458,0.08429025242371468,0.1029987866221488,0.533471832627638,0,0,1.0223337602033244,0.022088014008740976,4.035494535542323,0.6170794179246627,0.031015925732021315,-0.0014270235897477692,mid
dr_0425,mid_0425,1.4691834242705388,4.147493219891526,2.6783097956209874,1.0883893130625695,5.801111731662157,0.7635112302283324,0.44808715458465737,0.32104610562094427,1,0,1.077600926469933,0.07473720586674078,6.310928167092255,1.025896389511828,0.054379784536616654,0.08248749489847845,mid
dr_0426,mid_0426,0.9598292183253516,3.6810372891049212,2.7212080707795696,3.0321041706239162,2.9422566830327663,0.46868055797750463,0.07826689929678286,0.05236010674783917,0,0,1.095562820117007,0.09126822219478446,2.985484292164406,2.5326369964967395,0.055415343031020706,-0.033231323047302745,mid
dr_0427,mid_0427,3.0736290973665255,5.821168549914336,2.747539452547811,1.975158481923887,5.683784968117929,0.7546376391135725,0.11629764622421997,0.10000975300836354,0,0,1.2156655521457167,0.19529170635986404,10.034401812091717,0.9486698049903772,0.031395492518789085,0.003272992040326593,mid
dr_0428,mid_0428,4.437775553414808,5.7624615425519154,1.3246859891371079,1.8895615540593704,1.2878144612054758,0.10985329758983536,0.25470096085124616,0.05326594946796526,0,0,0.8688491097011464,-0.14058580550088498,5.523330632692985,1.274189645475987,0.01423237107714791,0.051838620854153,mid
dr_0429,mid_0429,0.19543162633001554,3.004624703651574,2.8091930773215585,1.3556429334958815,4.577788013110156,0.6606556776202812,0.34910927885389464,0.2632099692035918,0,0,0.8960133130421344,-0.1098000078116366,11.772695123531284,1.5054628976311017,0.02587183969500594,0.005613887191684024,mid
dr_0430,mid_0430,0.15,4.200971258355279,4.050971258355279,3.1674868587926155,4.600413221270775,0.6627968429115063,0.09397720393552474,0.08011176819246542,0,0,0.9699227775903406,-0.03053882138541868,12.847147839918474,1.2617336274682882,0.008686844991594698,-0.0020272890948795793,mid
dr_0431,mid_0431,0.5644944329185244,3.6641601692881762,3.099665736369652,2.0702083429110236,3.060567369815607,0.4858019437166447,0.18466943848594822,0.32747286197839376,0,1,1.1093055902238105,0.10373422516545606,9.281028988881621,0.8040035408394727,0.039494936046064855,-0.011445659301006859,mid
dr_0432,mid_0432,1.5266522995474565,5.300828098046171,3.7741757984987148,2.8184933959621183,3.9466493630701422,0.5962285435609138,0.4734875508456194,0.22874930440107175,0,0,0.9945109136347989,-0.005504206756570338,14.980426914969971,1.7305287083361112,0.04617407377123431,-0.00645284477426609,mid
dr_0433,mid_0433,1.9107438812973685,4.430546019595343,2.5198021382979743,3.5629331702070486,4.818285863008937,0.6828925625872919,0.33914065999497406,0.2958881310251628,1,0,1.2489496683398462,0.22230293276529586,14.153833609382524,1.140498819908344,0.01987162284952657,-0.06304815069543644,mid
dr_0434,mid_0434,3.140667344323588,6.973881140242187,3.8332137959185992,3.0348968013855018,3.3560526766126104,0.5258287688976165,0.32165821678886736,0.20128100221571427,0,0,1.2303699166304498,0.20731486939755325,12.3664841193079,1.3391633082283516,0.046578704805981155,0.05127913130009916,mid
dr_0435,mid_0435,3.2231208732086376,4.964882904953447,1.741762031744809,3.6065943954697204,4.807709275595097,0.6819381978003762,0.22873033119852418,0.7136379489140633,0,0,1.190621987927767,0.17447584950528108,13.142750595198876,1.3455028962003541,0.06219660962171509,0.017287731911785828,mid
dr_0436,mid_0436,0.15,3.0028000788645577,2.8528000788645578,1.2417239376406441,3.4658503865751413,0.539809811209041,0.4880215679311858,0.18062151289866524,0,0,0.82416171269175,-0.19338851506113158,5.8802269499527045,1.7615833527645277,0.021752964362147357,0.03747710097013348,mid
dr_0437,mid_0437,1.7199746307298827,4.9016557067202555,3.181681075990373,2.906781077834957,2.962260029772595,0.47162317860743774,0.2856890937813787,0.2293160106530176,1,0,0.9794263577658309,-0.020788227919796013,10.811842471626722,0.7369478619260597,0.04237225787827481,-0.01736486672492546,mid
dr_0438,mid_0438,4.368245244723332,6.233808534376934,1.8655632896536014,2.115344823532707,6.048960857367032,0.781680774210689,0.1626845708181503,0.406347061649623,0,0,1.1048337850232979,0.09969490286197835,8.18862829160829,0.9059818622022704,0.0361118729306581,0.021471208177074493,mid
dr_0439,mid_0439,2.865241779171016,5.6045737410958285,2.7393319619248127,3.068805619546897,2.224395596887246,0.34721202673507995,0.1511995050371789,0.39169245799034663,0,0,0.8600594482875964,-0.15075376620785985,12.942613900430327,1.0641359157625818,0.015029502738145434,-0.08172529241988945,mid
dr_0440,mid_0440,0.3332327380374398,3.2967181461957304,2.9634854081582906,3.140720360570306,1.940024519997649,0.28780721901908124,0.12179144600940807,0.3762217003588196,0,0,1.200111658824279,0.18241460148539568,6.678615284870625,2.097906487814156,0.053326977993432306,0.036421828658504476,mid
dr_0441,mid_0441,3.0817331735228186,5.164124965328645,2.082391791805826,3.598957131457307,4.420707702871683,0.6454918003104098,0.34172429811755406,0.2414194698757015,1,0,1.191138684614292,0.17490972743482053,10.028249914419995,1.2688505760543187,0.030302646380693726,0.05089621326868025,mid
dr_0442,mid_0442,1.7106720342696824,4.864639656554483,3.1539676222848008,1.749203229008757,2.761191339532139,0.4410965025551422,0.56997202522576,0.5282769931724114,0,0,0.8980333167227363,-0.10754811034061745,6.604143625970382,0.9527151610551494,0.039801598762089704,0.05824020279129093,mid
dr_0443,mid_0443,1.5660739730458277,5.539662797222009,3.9735888241761814,1.5520327143197314,4.588819663908862,0.6617009906848145,0.4365224154376987,0.11308744091523303,1,0,1.0783911381584443,0.075470243559096,8.705536044919887,2.027973206509797,0.06365837491160767,0.05184583991802841,mid
dr_0444,mid_0444,2.959598286459559,3.848174175430479,0.8885758889709199,1.818628126932662,12.598302803308158,1.1003120425140471,0.49313352279141465,0.12172488585502589,0,0,1.1464989909496262,0.1367129432017202,13.436968098699083,0.971311982058447,0.016541460051248548,0.013339256808366987,mid
dr_0445,mid_0445,2.413473517800192,5.777035159168459,3.3635616413682676,3.286097694817326,5.176159896220778,0.7140076836138485,0.10773293503167859,0.23639822321560258,0,0,1.1754453117431518,0.16164706451561414,8.727408384777844,1.1594079331610097,0.026721734092966923,0.06445297270340086,mid
dr_0446,mid_0446,0.15,3.080529619805071,2.930529619805071,2.5405010230381038,2.8238793717039683,0.4508461409200454,0.38816159781995574,0.1267779480843084,0,0,0.7065856448420699,-0.3473108600827792,6.1474849971781875,1.4609139324470093,0.02369045388094401,-0.09302948304709034,mid
dr_0447,mid_0447,1.7447089852122253,4.2558139662301,2.511104981017875,1.0809731911671603,2.852101275363877,0.4551649428315714,0.3092986605526049,0.19367974263910787,0,1,1.1760440289793188,0.1621562883838549,11.95412473112617,1.9703808593707985,0.045026314736915804,-0.026434408863622052,mid
dr_0448,mid_0448,0.15,4.284710774132075,4.134710774132075,1.7999687661996207,4.531490703718917,0.6562410933816555,0.1181816892978152,0.11176248950293786,0,0,0.987651921389951,-0.012424949594183278,10.867176194416988,1.8948126102631089,0.0667628313005966,0.04173576391205204,mid
dr_0449,mid_0449,4.063340998947698,6.405984860382193,2.342643861434495,3.503139160433367,2.117461138452752,0.3258154485137711,0.4654387621016192,0.1034689635574507,0,0,1.2414189617990292,0.21625504940873672,11.505832410983082,0.9273851977744392,0.03265488611967393,-0.023713665273901376,mid
dr_0450,mid_0450,4.42492836559607,6.56835118715213,2.14342282155606,1.5281239905079254,10.492930625367062,1.0208968015083126,0.48165922628509705,0.2779219703154012,0,0,1.065401665289282,0.06335187856438143,7.449981756422632,2.081150436498972,0.02596154760479529,-0.05646140520733279,mid
dr_0451,mid_0451,0.3389021590729189,4.0871232935603174,3.7482211344873986,1.3079296559887967,3.533632578649421,0.5482213902865721,0.05618854099059598,0.5459051970315013,0,0,1.1928581349586367,0.17635222150895602,11.18363219003228,1.6016024810319374,0.02335282611665379,-0.006396547324607457,mid
dr_0452,mid_0452,0.4536368707165437,3.654694927514902,3.201058056798358,1.169108927089266,2.118513842601862,0.32603130607406916,0.2713718605103551,0.025945926975221863,0,0,1.0215387107987153,0.021310030591487727,7.378558202351053,1.0611747165965593,0.03533799258521318,0.026455722960931332,mid
dr_0453,mid_0453,0.15,3.0897949156879294,2.9397949156879295,2.9606819096691463,1.6766746899281282,0.22444880853696636,0.4531867399491331,0.06089020031552836,0,1,1.227398490731993,0.20489688132569092,12.557313210458398,0.6796507320648876,0.04760318097493905,-0.03799144822696245,mid
dr_0454,mid_0454,1.9105584919090193,5.610425811562997,3.6998673196539773,1.3924567144437785,4.988584407858336,0.6979773249670831,0.6114966109866172,0.21653530393985815,1,0,0.9607425669491537,-0.04004878628410036,6.755086759128931,1.2272479785655945,0.024390506150755543,0.005437637773401053,mid
dr_0455,mid_0455,1.0063443702075552,3.77511475432731,2.7687703841197546,1.0210938673382979,3.043703787280829,0.4834023846921665,0.4337865818547401,0.2503662997498237,0,1,1.0586903056829713,0.05703258351311788,5.580455741333877,1.2435985516847243,0.013008385056431471,0.02372311363166688,mid
dr_0456,mid_0456,4.17524913550047,5.7152768378923495,1.5400277023918791,2.854023353351217,3.7258117463101046,0.5712209075639377,0.2825655617797849,0.10485749356792592,0,0,1.3049333118196733,0.26615193741501214,12.408886138166656,1.785103121827012,0.04364201897101932,0.0032109868847943705,mid
dr_0457,mid_0457,0.7499674588754823,5.676540905685094,4.926573446809612,1.5212260052614468,3.366569897522702,0.5271876358226114,0.44927660333231284,0.19782083597466393,0,1,0.9446819146779717,-0.05690700637466037,6.507220354134056,1.8946811339813074,0.031180584738399686,0.023070766751038568,mid
dr_0458,mid_0458,2.170827086440537,5.429709861174048,3.2588827747335114,2.1835993444968436,2.246482089596494,0.35150296046725105,0.13359308818479246,0.358852602795715,0,0,0.8351140940536457,-0.180186923880415,16.028344114942144,0.7755723760249695,0.035091842022312046,-0.006656428546388211,mid
dr_0459,mid_0459,3.9531612868479358,6.175306019610815,2.2221447327628794,3.4571544964302463,1.730277857589786,0.2381158501394256,0.331366172902757,0.22148711409828223,1,0,0.8625008172043528,-0.14791918259376355,2.6619995119134785,1.2860375424656978,0.02967779804081924,-0.04467097439898377,mid
dr_0460,mid_0460,3.940034091255098,6.988384679693812,3.0483505884387143,1.4282920035987976,4.559574311382247,0.6589242981803349,0.2857689428013829,0.10144082200536471,0,0,0.8520715831471518,-0.16008473790376992,16.53437406723327,0.7987122244102955,0.04180125097660631,0.041783653012525464,mid
dr_0461,mid_0461,4.139951384971884,6.813949534598191,2.673998149626307,3.6054104537207734,1.9577396092730937,0.29175492762234634,0.21582260146650709,0.059195055812990297,0,0,1.0742157012048332,0.07159081503184421,9.335726634272113,0.8740753139680306,0.04699491680920933,0.022642093324379234,mid
dr_0462,mid_0462,2.457910656019102,6.441302096348762,3.98339144032966,1.8301533027873065,3.6152598753858003,0.5581395211020567,0.4353437567027387,0.08934965519933634,0,1,0.9686686171789245,-0.031832709916824437,10.000520205614347,1.0107815582774478,0.033096025258646224,0.007678399024089685,mid
dr_0463,mid_0463,2.2680880073423078,6.472754096550519,4.204666089208211,1.1248705178694356,3.4796666523330284,0.5415376410768851,0.19909383027353222,0.02432886465835944,1,0,0.9747795897970103,-0.025543895286754204,12.724198984967469,1.0184762792843987,0.01543368692391519,-0.05418211214422909,mid
dr_0464,mid_0464,1.025160125366937,4.623350644648957,3.59819051928202,1.7258356351934765,2.3720087185932424,0.3751162809949132,0.11148260277982881,0.09348628751086546,0,0,1.0376779244417145,0.03698545185719479,7.310132049353358,1.0636307357273667,0.05003897172641229,-0.0010850639257445373,mid
dr_0465,mid_0465,0.6332237077471481,3.627030490794154,2.993806783047006,3.04244052078442,3.176353215512203,0.501928790675216,0.33941515142563705,0.30525839363876767,0,0,1.064948649675697,0.06292658173199567,11.174432667266052,1.1693524943019693,0.019642134486293747,0.08549755396573294,mid
dr_0466,mid_0466,3.348456696513267,5.069976458044757,1.7215197615314901,3.103009338885797,14.468732971453814,1.160430501568337,0.2560438038653401,0.09629692149879059,0,0,1.158021945142269,0.14671332987129704,15.007633619607319,1.1112655823374993,0.02879976932472597,0.05257502599628783,mid
dr_0467,mid_0467,3.973713947008539,6.879023335836335,2.9053093888277957,3.2492196381448273,3.72184029324738,0.5707577333166445,0.5682646886150596,0.06801409972071142,0,0,0.9160879361540752,-0.08764291874752364,9.539927734630561,2.0195625788303424,0.036425211576263494,-0.010996207156175707,mid
dr_0468,mid_0468,2.279605513735606,4.755764459359467,2.476158945623861,2.6902405756013184,2.3443062265047345,0.3700143410468749,0.15082476554532803,0.12624839916293543,0,1,1.0517517916508041,0.05045714698198316,12.095841577601243,0.5120686724393083,0.02644345584240409,0.013752413391008172,mid
dr_0469,mid_0469,1.5907065813630727,4.306832967329755,2.716126385966682,1.5715208724577163,1.9790341539933325,0.29645328928615683,0.33350671687939176,0.23485606421771185,0,0,0.9934364752031778,-0.0065851594440245135,16.012396727100274,1.6238545781811153,0.01783100042062508,-0.07063957147451146,mid
dr_0470,mid_0470,0.4652396375818433,3.9390390092561804,3.473799371674337,1.7955834372076835,2.4508930658475405,0.3893243630980796,0.09037999521625284,0.3297495625277622,0,0,0.8400387869476695,-0.1743072132731055,11.843082473359203,0.9409072600815178,0.009431642707905415,-0.05932078060834705,mid
dr_0471,mid_0471,0.15,3.2837898958797376,3.1337898958797377,0.9207103718558353,4.524189656096343,0.6555408024580274,0.22500513220859722,0.13753517094575238,0,0,1.1892085557843424,0.1732880066873529,7.523668128298262,1.2124736273794072,0.02972781405302486,-0.018934768017937312,mid
dr_0472,mid_0472,1.6250280163052246,3.8819236672340107,2.256895650928786,3.280005408918134,3.1890761915356545,0.5036648952756406,0.034993446574270844,0.31143992319060787,0,0,1.1264798760405867,0.11909761658553356,8.663372463398508,1.5466012937240858,0.04132369447130502,-0.012040231932480813,mid
dr_0473,mid_0473,0.15,3.1880994824000446,3.0380994824000447,1.999416564158373,4.33545006336015,0.6370341882916084,0.2687644555508512,0.34007301163802905,0,0,0.9554853435751546,-0.045535854430280395,12.300362283035895,2.263635760668257,0.03950237179615333,0.05026894928900556,mid
dr_0474,mid_0474,1.5147002944435577,3.405481549702014,1.8907812552584564,2.777591893287287,4.477547854816892,0.6510402361674893,0.25433339599177873,0.292590216501689,0,1,1.0930453572759729,0.08896770629859317,6.782374523055081,1.151297869985527,0.04046744732792608,0.03103809039554905,mid
dr_0475,mid_0475,1.6487825171501012,5.850727653575681,4.2019451364255795,3.6707134162556394,2.8354720658569494,0.4526253731159544,0.025029647236923868,0.2824600749320044,0,0,0.9397860151046747,-0.062103073138468474,12.58573621700556,1.3080796683527829,0.0382634965577866,0.055905654603716305,mid
dr_0476,mid_0476,3.272308373053968,4.197841113281788,0.92553274022782,1.5637058904519123,1.9360255355077103,0.28691108120427294,0.0773024838247055,0.7292742043681201,0,0,1.0271758558548132,0.026813148863077778,13.955142540601658,1.0999736736488446,0.044991999880405996,-0.0524585567323011,mid
dr_0477,mid_0477,0.7817244351597585,5.8910643951021475,5.109339959942389,1.2477672206281376,4.37577982026037,0.6410554611197814,0.5653485963847356,0.2624594189206848,1,0,0.9950253413933776,-0.00498707341080414,10.329503985076698,1.287588828405444,0.02682227832629336,-0.03506816814206218,mid
dr_0478,mid_0478,2.156460300774242,6.51766537020575,4.361205069431508,2.969824912169827,3.416447363047856,0.5335747339672497,0.6428322393729436,0.2698553478797519,0,1,1.0493390861867629,0.048160524260928726,10.93629814604332,1.115565439623852,0.031665497468558346,-0.03230981181306632,mid
dr_0479,mid_0479,3.4736536552618933,5.7692427894626235,2.29558913420073,2.9879091174951014,2.0311673084534903,0.307745697971756,0.380969096668126,0.22477834911732797,1,0,0.8055781058709516,-0.21619511536647223,7.995317733305421,1.575640264242282,0.022191452717652625,-0.01856846508081879,mid
dr_0480,mid_0480,0.4924684464035143,3.8018423113371713,3.309373864933657,3.2228770346982865,8.525361377131853,0.9307127971387749,0.05824859834839749,0.5300064902999368,0,0,0.8867337068861514,-0.12021055946264318,6.580082856838842,1.6701509076229337,0.03433490913876028,0.007123807505128931,mid
dr_0481,mid_0481,0.39047340137001285,3.6099638327811605,3.2194904314111477,1.359215209056503,1.464497959689483,0.16568877096728207,0.35453016979221413,0.5162927103378999,0,0,0.9752414108070887,-0.02507023780453264,7.034443202198685,0.839770643725038,0.03526174869684543,-0.01428625893723559,mid
dr_0482,mid_0482,3.7110537132030164,6.276757315418878,2.5657036022158612,1.465923472452773,4.425702151783736,0.6459821827070538,0.07577907233158192,0.2631961365636181,0,1,1.1645191403327486,0.1523082467316533,11.5976283339086,1.3910403678995695,0.03868289338927071,-0.11584156134455538,mid
dr_0483,mid_0483,2.600831901484372,4.979514540760112,2.3786826392757403,0.9140027912156073,5.885143938060452,0.7697570892254917,0.19038532811842312,0.29239230336339717,0,0,1.1197518197872678,0.11310707127677408,11.137645283462891,0.760372758919201,0.03135768345599542,0.01822186437502478,mid
dr_0484,mid_0484,1.653785708146686,3.5630859733188878,1.9093002651722017,3.4247388636256084,2.339196526874112,0.36906671045879935,0.05827912674601908,0.5025118674339445,0,1,1.0274029522010093,0.027034212514888523,7.697294908114332,1.5076057368404552,0.030917033711867364,-0.0752264992189472,mid
dr_0485,mid_0485,0.5294827969371187,3.7333839629926753,3.2039011660555565,2.9017563561029562,11.716978533998882,1.068815634277057,0.1156021954313501,0.17739557391852298,0,0,0.9009229555968021,-0.10433553491144021,11.604731780865887,0.8865158420560484,0.024172612056331942,-0.035232210770898185,mid
dr_0486,mid_0486,2.374291906607277,4.4474589048835975,2.0731669982763203,1.8950865282927372,6.860097151447816,0.8363302661497449,0.3755575730222285,0.13940748358646626,1,0,0.9305063656557645,-0.07202636181010509,10.383382684494205,0.9859862667806031,0.04138605149426089,-0.003007087649338652,mid
dr_0487,mid_0487,0.8587190742887714,4.633391652697602,3.774672578408831,2.0187693750078086,1.8646790186982058,0.27060408418465376,0.21919014267010584,0.38451413809515994,0,0,0.9100809119448201,-0.09422176919879977,9.834507144701545,1.2632079461794092,0.07224618665820487,0.029446186636018255,mid
dr_0488,mid_0488,3.3710522799195344,6.590961478087104,3.21990919816757,3.626892620182752,3.9402326697728185,0.5955218675654157,0.32172991908594467,0.28718018614703245,0,0,0.8322527483365154,-0.18361910023565098,7.747994595936916,2.196692077422949,0.038266278410281,0.011239007591754382,mid
dr_0489,mid_0489,2.5153598494104736,6.417225825398075,3.9018659759876018,3.7469882949557967,5.77014369945831,0.7611866289451055,0.040121041610607824,0.39188952984137687,0,0,1.1695547362403294,0.1566231090595879,14.305931702898423,0.8425039780566046,0.045374811648355315,-0.002216172265914984,mid
dr_0490,mid_0490,2.129867364168236,6.356167901035569,4.226300536867333,2.6133212414596856,4.328710362885714,0.6363585278300957,0.20631967017855224,0.22917146728098806,0,0,1.0591257139647408,0.0574437696443633,9.99660458082499,0.8920387614107446,0.028965682378075036,0.08606186890740349,mid
dr_0491,mid_0491,3.386433290323152,6.36327790170418,2.976844611381028,1.008749895566707,2.109756493988137,0.3242323323498257,0.15289187864711615,0.2483958329829597,0,0,1.0735665608014657,0.07098633995574691,11.082281676129167,0.992229595140331,0.0380782580222353,-0.010696079743055432,mid
dr_0492,mid_0492,0.26076564161540494,3.1149094005197293,2.8541437589043244,3.4918400388168935,5.372826051613531,0.7302027802583887,0.3009119191497328,0.11573722772642359,0,0,0.6794956151486142,-0.386404498467515,11.460060612154626,1.1390416429701218,0.046107133942784574,-0.017443739927241582,mid
dr_0493,mid_0493,0.9938302054196626,4.903805712135593,3.9099755067159307,3.5494768804815755,1.3544828015987032,0.13177349499620805,0.181094956830071,0.10443687970158182,0,0,0.8428026525249718,-0.17102244978015518,5.511592617991111,1.8741735017903216,0.03960647416649706,0.08478902590614064,mid
dr_0494,mid_0494,1.698435145530509,4.759624998345094,3.0611898528145853,2.3523092671703463,1.8893723690772033,0.2763175597737357,0.21176928437462042,0.1873701075814298,0,0,0.7759895356606936,-0.2536162438631743,6.0525509347666775,1.073239951301391,0.03619671892818707,-0.02771578641572572,mid
dr_0495,mid_0495,2.6007114480636058,5.8305647955013065,3.2298533474377007,2.5817003787040793,2.0919154490001124,0.32054412724363274,0.25916015033151296,0.22986576572270986,0,1,0.8119541997254285,-0.2083113446902693,21.814789657226473,0.9009032138927082,0.031017131032236994,0.0036080854157307315,mid
dr_0496,mid_0496,4.037227283664546,5.808790931531904,1.7715636478673584,3.1741152149285767,7.962190638112805,0.9010325716516548,0.4398380092155282,0.12882322989617606,0,0,1.1306463813081535,0.12278948804059853,8.011462680863945,1.0095055029807325,0.013932386921090629,0.026227647409068813,mid
dr_0497,mid_0497,2.582328221595512,6.483070294837968,3.900742073242456,1.1670059427972777,8.6307843146233,0.9360502636219977,0.31207671804951614,0.175995673154017,0,0,0.875247749306247,-0.1332482906373897,7.379106338910389,1.232598326535583,0.036015858399235774,0.011527661535227643,mid
dr_0498,mid_0498,3.417247034028036,5.401917026200001,1.9846699921719653,3.7152628547125657,4.813389145750354,0.6824509742932248,0.521311285531387,0.1934490614428405,0,0,0.9367543016548772,-0.06533424921333054,14.28159075690702,0.8461186878966802,0.030089584058799412,0.012183584321483431,mid
dr_0499,mid_0499,1.0532609113808902,3.993566428519737,2.940305517138847,1.0648133595778375,5.533194061401583,0.7429759021530465,0.037449772814295755,0.37919652726014963,0,0,0.906178362284011,-0.09851912445194567,8.942392051218622,1.2678215336279381,0.05777100154143511,0.027839303696159674,mid
dr_0500,mid_0500,0.15,3.364017896673966,3.214017896673966,2.8195151483955034,2.0718218873600946,0.3163524167770705,0.19537028697691605,0.013838204015348094,0,0,1.0907915736319076,0.08690364701621311,5.702253873063338,0.5477110099186315,0.030688938948016165,-0.014140165893085107,mid
dr_0501,mid_0501,0.15,3.5225925573582297,3.37259255735823,1.1164173260998063,3.2037335105324836,0.5056563839045342,0.13936632183428008,0.10563115580698997,1,0,1.0336949506656994,0.03313971386111014,14.608994240245622,1.0307659593379446,0.03931328720820142,-0.07847616449092586,mid
dr_0502,mid_0502,1.2903414581215378,4.131730679398218,2.84138922127668,1.3745663504099475,1.254500971186976,0.09847100186504243,0.0613785992875106,0.21075323438460675,0,0,1.0468134264527837,0.045750717778820664,10.557179066847935,1.6815880295626229,0.029565617658140836,-0.0031641440948013424,mid
dr_0503,mid_0503,2.203800438549212,5.819041427492062,3.61524098894285,2.2026830264121733,5.041384524564759,0.7025498239066571,0.01859417806932666,0.015452592995439269,0,0,0.8358980017918038,-0.17924868076701883,8.59604880890913,1.4752024890498148,0.044361696721240115,0.048389479678716686,mid
dr_0504,mid_0504,2.7472719577117446,4.8447815442653095,2.097509586553565,1.8630631680419196,5.8916656191308645,0.7702380905318954,0.49776635499335076,0.4445098893375876,0,0,0.8230704878062671,-0.1947134345773747,8.796239321467047,1.3053605339530008,0.06995538889651137,-0.05046230520575556,mid
dr_0505,mid_0505,4.644643930238852,6.8080523597590865,2.163408429520235,1.432529473978298,2.6323259760613325,0.42033966945507073,0.3956048660276804,0.25980118668845187,0,0,0.9994378454971488,-0.0005623125709356463,10.2596979636316,1.5196647191178787,0.03916698877203958,-0.011300758747517025,mid
dr_0506,mid_0506,2.1902014618559136,3.6680640278300403,1.4778625659741267,1.0833287930773088,1.7420427402696528,0.2410588060307487,0.17742198740886758,0.34031428811082387,0,0,0.8742236639323908,-0.13441902767610495,6.830661505009429,2.4652161513305333,0.02078344570954882,0.0159285727241314,mid
dr_0507,mid_0507,0.4817303820940011,3.7758193793704455,3.2940889972764444,3.068810758156234,2.956295094500742,0.470747782739297,0.1580130996534115,0.24028830502157847,0,0,0.9108319543908419,-0.09339686153573099,10.226019289110386,1.3979917824503398,0.03899306770739823,0.04138520349914619,mid
dr_0508,mid_0508,2.2918012866832176,6.108784522830218,3.8169832361470006,3.4028448524411856,2.620166678839187,0.4183289193341083,0.21848976680156326,0.14029582412417982,0,0,1.0990259465725014,0.09442428439893352,6.014109969664074,1.3174349431225254,0.04937985852093363,0.006594902313820588,mid
dr_0509,mid_0509,1.1880799677121043,4.730950118425909,3.5428701507138047,2.657005896764917,2.351932563374406,0.3714248651191324,0.2753468605501531,0.10494686292962185,0,0,1.302459390592776,0.2642543161115667,8.015597098795354,1.4524351507550766,0.0532680294809746,-0.04216006760076992,mid
dr_0510,mid_0510,2.643037604238668,6.572601982963281,3.929564378724613,0.9105290983838575,2.106423254489258,0.3235456406482477,0.3098424415237079,0.22548527930147563,0,0,1.0217066107019788,0.021474376890852492,7.405032014379118,1.222439000436289,0.016086858825845294,-0.07621068486228565,mid
dr_0511,mid_0511,0.9723521787692109,4.068982545918466,3.096630367149255,2.318375661024954,6.307747746448316,0.7998743171051745,0.17748759839611797,0.37354317750462,0,1,1.3163700866190637,0.2748780142031131,11.820794283562481,1.7785461529312292,0.04324688147197597,0.014239568760142337,mid
dr_0512,mid_0512,0.15,3.8638369706343414,3.7138369706343415,1.5410162534285066,7.327831960532381,0.8649755016736745,0.29880365008412807,0.33635973492101573,0,0,1.1039605482032495,0.09890421189323817,11.613491080628865,1.8378268775124407,0.03218187251867218,0.004540453579173674,mid
dr_0513,mid_0513,0.15,3.877998491791676,3.727998491791676,1.1392030889557316,3.574245803617795,0.5531844159603576,0.3219277517467147,0.638791680609389,1,0,0.9680781454185163,-0.03244246622581252,11.539724343738719,1.3286168020497782,0.031670533964041,0.03836977385860609,mid
dr_0514,mid_0514,0.9869940039111493,4.304503735094016,3.317509731182867,3.088064769990565,2.4435755640256684,0.38802577349800005,0.26766670700026024,0.3964334208870333,0,0,0.8357236736579337,-0.1794572544377991,13.198778608546489,0.7478409931516266,0.04639790080789206,0.037361681864629584,mid
dr_0515,mid_0515,1.4475494952110468,5.418221414598763,3.9706719193877165,1.4206369163874375,3.417624777553955,0.5337243796301725,0.06533351754716463,0.13498257641545222,0,1,0.8614872399888841,-0.14909503451225317,10.31766126783089,0.5587581778678021,0.03974433447226198,0.037230401499964635,mid
dr_0516,mid_0516,0.15,4.250714423787391,4.100714423787391,1.3224346709746806,3.3792887014586896,0.5288252962716236,0.5478518868231218,0.0709190250435674,1,0,1.0196357169037795,0.019445423215985587,6.8494293161619755,0.9282549955309183,0.07591791007524235,0.0718238392498695,mid
dr_0517,mid_0517,2.452727401089167,5.719406120254053,3.266678719164886,3.4809016468381953,2.6870925935754677,0.4292826318913138,0.06978300751349754,0.027808054521584507,0,0,1.184144692931459,0.1690207358629492,8.509678152253668,1.7474483225657687,0.0366129858094432,0.02094859049037717,mid
dr_0518,mid_0518,1.7595898395834273,4.110227884649506,2.3506380450660784,2.6382363571988496,2.388803482642387,0.3781804235403895,0.07664325228885492,0.0037405526742450503,0,1,1.0656243846603952,0.06356090404478745,9.911445619953675,1.515203178345949,0.03814468124647953,0.04331171301774722,mid
dr_0519,mid_0519,0.4845788815785226,3.3125515192386765,2.827972637660154,1.1297332855138755,4.784485458543655,0.6798352389716361,0.25242074789952446,0.24485477240867715,1,0,1.0635607232631024,0.061622451595713015,11.46372097016874,1.2292374621006719,0.039192655266544835,0.04530915181604496,mid
dr_0520,mid_0520,2.9210005209310848,5.942919212879988,3.0219186919489034,3.457973231482125,6.739027275819474,0.828597214156821,0.3370982084974121,0.08523075581632222,0,0,1.4202976402152347,0.3508664554343225,13.068680154500148,0.802153299047215,0.02130144842467064,-0.00842342503123076,mid
dr_0521,mid_0521,0.15,3.2911086265061984,3.1411086265061985,0.9272962352262021,4.155992157420222,0.6186747193489668,0.34346493784241716,0.05483921703515767,0,0,0.6770020287728241,-0.3900810093641246,9.668655405815537,1.4666873259970878,0.056243004441108746,-0.009718787208982407,mid
dr_0522,mid_0522,0.15,4.161367084427177,4.011367084427176,0.9512161641730253,4.8150855373813375,0.6826040065348521,0.04240161889654247,0.24454382247061057,1,0,0.8415799527369712,-0.17247425769949934,12.954240933072384,0.9651617682572138,0.055398930928861424,-0.024161562668107588,mid
dr_0523,mid_0523,4.062395464712795,6.417132460456854,2.3547369957440587,2.052750900136914,4.612913229763806,0.663975285479892,0.4041134714763863,0.0654073486340607,0,0,1.1022926739188257,0.09739225978780428,9.62335396030353,1.29306693451431,0.044728046439901296,-0.021997528580062983,mid
dr_0524,mid_0524,3.708203324281601,5.35116739140506,1.6429640671234589,2.3570717129082874,3.2680084313292324,0.5142831683239756,0.23487607213260112,0.13926944870881702,0,0,1.050334581227392,0.04910876219968175,17.59283799458647,1.5239356309985352,0.04277213239447536,-0.010049321528237613,mid
dr_0525,mid_0525,1.2126809302481605,3.699277837980509,2.4865969077323484,2.5556341838733965,6.668898941015479,0.8240541362682756,0.04047229817114934,0.5123549348485309,0,0,1.2873763271119032,0.2526062923299084,7.886283401530115,0.7246012889748029,0.04243080700666523,0.0033483898952255575,mid
dr_0526,mid_0526,3.8810271664255116,5.963250219418073,2.082223052992562,2.6636675328323385,9.329319663771875,0.969849974181353,0.24798974807906168,0.5621218459219484,0,0,0.920977660701231,-0.08231949850283304,7.00783171638564,1.5918274468626818,0.049316127704836704,0.01573109483741922,mid
dr_0527,mid_0527,2.675630706932807,5.238076147822953,2.5624454408901465,2.1399590949390617,2.4414753297086853,0.38765234024188455,0.19670043459933054,0.4181223979852527,0,0,1.2666991823412854,0.23641444800419056,8.400987790291428,2.30741935364468,0.04598585968526819,-0.09769257921475423,mid
dr_0528,mid_0528,3.547924345258108,5.182693478753479,1.6347691334953711,1.4554179509163214,2.684889526183027,0.42892642070367143,0.3021785346810438,0.03841538195636861,1,0,1.1636697037251436,0.15157854935554574,6.5486731956233255,1.0819803945520992,0.02984609917323037,0.02640302882018683,mid
dr_0529,mid_0529,1.885938679464081,3.026498538679061,1.1405598592149802,3.549902488374834,12.064404621951216,1.0815058943524445,0.12754550382366103,0.229237486633836,0,0,1.095751715253162,0.09144062568462959,6.891077705803561,0.9178574841901932,0.017983887997682833,0.03274532406072628,mid
dr_0530,mid_0530,1.2257505823843204,3.639509118164687,2.4137585357803664,3.076652298152735,1.6798570153565575,0.22527231738994163,0.6164316572554035,0.07263871514066762,0,1,1.0069297047181167,0.006905804664393393,10.13833593387222,1.236437779097852,0.052331118876356233,0.009776704019858171,mid
dr_0531,mid_0531,1.3071797609493112,3.4114375930635026,2.1042578321141914,1.5651559096016348,1.8846592040946621,0.27523282978743285,0.8511593035720051,0.17243187993677433,0,0,1.2020186844447902,0.18400238045542172,12.044612975538532,0.616107067551077,0.020576102290683122,0.038923206013501,mid
dr_0532,mid_0532,0.6336555008265461,3.2916138759643583,2.657958375137812,0.9693956838637846,8.067736801229582,0.9067517215141847,0.09599475218387975,0.15412218681416395,0,1,1.104194338600057,0.09911596370383643,12.603560960572306,0.9884134047124264,0.04888175993161811,0.0028068665402353078,mid
dr_0533,mid_0533,1.2335823074436334,4.398023551442851,3.1644412439992173,1.3423815508159964,4.366644141083353,0.6401478006089796,0.4770109481895212,0.22949623512819695,1,0,0.913985003322713,-0.08994111540579793,20.555734208285177,0.5308312004188778,0.04739934419702187,-0.046529780295063966,mid
dr_0534,mid_0534,0.5899932686949687,3.644869941468075,3.0548766727731063,2.1184770865643854,3.6807634836510448,0.565937911702209,0.1497540569563336,0.08022408902872491,0,0,0.8227877622792825,-0.19505699457684705,3.10180026763559,1.072712626331885,0.023190568184041797,-0.0035254369405610764,mid
dr_0535,mid_0535,5.998948838992875,6.9832624716052845,0.9843136326124098,1.7619893721830262,5.4149258467339925,0.7335925136714503,0.21140374735422215,0.4000016527376547,0,0,1.1803220143369193,0.16578729475477733,8.656742650401254,1.5045124172739184,0.03526558745755348,-0.014203080384565,mid
dr_0536,mid_0536,3.696410337523948,5.861786795172329,2.165376457648381,1.2751411933014736,2.825130117895263,0.45103845505193596,0.04485114171301526,0.4310941859309305,0,0,0.9993539666330216,-0.0006462421364535914,5.436585403060633,1.5637190590385592,0.06987762244305826,-0.06078924691891106,mid
dr_0537,mid_0537,3.135204990024202,6.783515578752429,3.6483105887282266,3.4036463832744954,2.4519601718253496,0.389513411483834,0.19778604327710214,0.32452668690262426,0,0,1.0711039715282735,0.06868986567838291,9.982336993336306,1.1580439290437237,0.0506239769909414,0.04627237630357498,mid
dr_0538,mid_0538,1.8162865012159228,3.3562968088763454,1.5400103076604226,3.6556246051274184,3.4114487973767265,0.5329388573149946,0.16443273013736273,0.09018834637920757,0,0,0.7359738999837389,-0.3065606228606673,13.13826245257233,0.7600911556230465,0.03338941074230085,-0.045358103188933456,mid
dr_0539,mid_0539,3.9057166441114255,6.3519994686970715,2.446282824585646,2.0464751157499856,2.99881396398054,0.4769495244715186,0.14692796472254382,0.5142407957027066,1,0,0.9637692423672021,-0.03690338816414981,9.201902503288954,1.0774929079315387,0.04382813231146714,-0.08252227506174065,mid
dr_0540,mid_0540,2.0759246966009903,4.788140188650615,2.712215492049625,2.3185701876441835,3.514229777998508,0.5458301544428035,0.07013551137382482,0.2582142959114401,0,1,0.9991860616801292,-0.00081426974751839,5.881738725747072,1.6123507574820621,0.021531896792103322,-0.03820876323002744,mid
dr_0541,mid_0541,3.739564101657443,5.962571503287613,2.22300740163017,2.3679077965010715,1.4958483268103977,0.17488755999321076,0.13119640569130142,0.11015309352544553,0,0,0.926026216529233,-0.0768527331500783,13.038410933293719,2.2492585679394614,0.06720792486222871,-0.014958029373877586,mid
dr_0542,mid_0542,2.88331391379441,5.039917415464958,2.1566035016705483,1.2094437425088995,3.050069964436973,0.48430980158298487,0.18727952421693098,0.756059414356684,0,0,1.2725322388671172,0.24100880418418102,14.249069268626481,0.6599797637228331,0.025796045564283242,-0.04741110348548745,mid
dr_0543,mid_0543,1.7118789539718886,5.021739087446392,3.309860133474503,1.6916567849479032,3.761610816685544,0.57537386061649,0.3758747136471343,0.24608164307163125,0,0,1.2609721360130313,0.23188296000036784,9.965344112970417,0.8565101685459411,0.03424802344951816,0.048821785012990164,mid
dr_0544,mid_0544,4.195906466755557,6.679068832407147,2.48316236565159,1.571641331741191,4.79331487650398,0.6806359590640775,0.22669952234812338,0.18222301403854094,0,0,1.1465489070878674,0.1367564801363754,11.822001043812536,0.5623895546893005,0.033216404712436524,-0.046516515224550005,mid
dr_0545,mid_0545,2.060179284111366,4.685313672178896,2.62513438806753,1.408035813233436,1.7533551608208109,0.24386989599207642,0.19673318673040474,0.22050501534067526,0,0,0.8749230002427534,-0.13361939621929297,6.127680085255998,1.032086809655399,0.04785896417983837,0.05583228875757275,mid
dr_0546,mid_0546,0.5604277364867434,3.799251534557522,3.238823798070779,1.01606993539965,2.272396813218984,0.3564841715564704,0.16153774958843245,0.18727465866268553,1,0,1.2036902268966112,0.18539202715202432,8.746180159338238,0.6373627950110999,0.02010169445221903,-0.020391970835776353,mid
dr_0547,mid_0547,4.3390229305300565,6.431173070202256,2.0921501396721993,0.9618404191180813,3.3729502294928757,0.5280099328832192,0.44722400467869333,0.10048238976908216,0,0,1.0843767687870713,0.08100541530986274,4.027207372406628,1.2831356069895634,0.032955668308005295,-0.08829101645977218,mid
dr_0548,mid_0548,1.584129145286001,5.166393117853492,3.5822639725674907,3.142745468585111,12.06936624521575,1.0816844661676233,0.17588062095719076,0.44306817841615415,0,0,1.3370331282876318,0.29045307588884944,7.458976868264776,1.3518113092991877,0.03746496063957489,0.012554219579669712,mid
dr_0549,mid_0549,3.900103010699998,6.4733761025408825,2.5732730918408846,1.2052550362811787,2.2546099648461366,0.3530714221492314,0.408852260196194,0.43835140800215683,1,0,1.123951331308255,0.11685045098623094,10.766442298988457,1.1206323530246924,0.037572361055112365,-0.04155271120131664,mid
dr_0550,mid_0550,2.5551503872576253,5.762832520637797,3.207682133380172,0.9883144253686608,1.2371379345328035,0.09241812393537008,0.25950870693643774,0.4071668026252653,0,1,0.9597336873665769,-0.04109944199839641,7.69014613009681,1.287030806174794,0.021835942130172918,-0.07561923462312643,mid
dr_0551,mid_0551,1.9161081757428633,3.173515155286426,1.2574069795435627,2.1134351909554283,6.001703770066693,0.7782745558671889,0.051568712608399285,0.4597510268687164,0,0,0.9273475439840899,-0.0754268710742551,9.008911473827062,1.8317437716450096,0.05956036396376542,0.07511875799570228,mid
dr_0552,mid_0552,0.15,3.393284435479962,3.243284435479962,2.716215573622031,1.8807094340131023,0.274321703071705,0.4613138811569211,0.1576381859044264,0,1,1.1275436955802602,0.12004154603867341,6.669084907272827,1.2489721774654317,0.022689925459447192,-0.0024142414860736116,mid
dr_0553,mid_0553,2.611302792776359,4.580893443658807,1.9695906508824481,2.4642644421155664,4.271872234533,0.6306182551003062,0.3635938398803815,0.052439994942407406,0,0,1.1395424924781419,0.1306268594674278,10.253903724297308,1.5808351250972437,0.03790627376944521,0.09402931635548936,mid
dr_0554,mid_0554,0.7585416493127859,3.428082554776196,2.66954090546341,2.206440195813101,2.3737674850463377,0.3754381767471479,0.2185588309374285,0.015135174398150117,0,0,0.8450181514745612,-0.16839717082069375,8.548276371087026,1.6743232122913536,0.043186834725146825,-0.04641039566577177,mid
dr_0555,mid_0555,1.9686501858871637,4.7858326654802035,2.81718247959304,2.835768728259384,4.981800716052389,0.697386350729629,0.05339816524766196,0.4563676750829617,1,0,1.210007950042586,0.19062692987019442,10.366264662169765,1.2542040059660569,0.03623540555034467,-0.029316301760405086,mid
dr_0556,mid_0556,5.657133197129545,6.990146050537137,1.3330128534075927,3.5039725160574986,5.736568663175014,0.7586521961879331,0.6921451981801017,0.19547618855545315,0,0,0.8870572067923095,-0.11984580405968098,4.264798002463212,1.4122335701262836,0.023788332768701147,-0.0582653026639761,mid
dr_0557,mid_0557,0.35053508340061335,3.3509852607735566,3.0004501773729433,1.5870803321005689,6.060570903734425,0.7825135364869535,0.4359515213575689,0.16473964181089892,0,0,0.951392641080917,-0.04982842984578384,7.491359573251488,0.9752773119569633,0.038066023755588124,-0.0554892379153365,mid
dr_0558,mid_0558,4.103927583418811,5.673966466787204,1.570038883368393,3.5510008497759267,2.364399604593364,0.3737208780483037,0.19289760301355866,0.21791256103403733,0,0,1.2537157054640389,0.2261117063518278,11.393513825637244,1.0528649673193202,0.02993088616727855,0.006822124411900672,mid
dr_0559,mid_0559,2.7822105315387264,3.4196810494586223,0.6374705179198958,2.307353630369966,1.8148033820923353,0.25882957995185313,0.3384784341274235,0.49868579125076595,0,1,1.085225709032736,0.08178799211613909,4.008784727067668,0.6010908275386614,0.028874767138837045,-0.006250592855407383,mid
dr_0560,mid_0560,0.15,3.754843498740811,3.604843498740811,2.4188363023551687,3.426856008950304,0.5348958564485105,0.24004380116966903,0.10223724365845507,0,0,1.400374417225586,0.33673964174069554,6.768369749414593,1.7161516806619908,0.06508648251467022,0.08262825593880543,mid
dr_0561,mid_0561,2.9301510031448883,6.577337968190404,3.647186965045516,2.235520817843607,6.381375349026391,0.8049142903388491,0.23611518771919143,0.26625476254845637,1,1,0.9991136954016201,-0.0008866975985294614,11.344286124879062,0.7546141572461392,0.018312892359092142,0.0032320409881920315,mid
dr_0562,mid_0562,0.8173057716917795,3.6716947950284644,2.854389023336685,1.2179097690126846,4.960277561655158,0.6955059789342583,0.39869696001005295,0.7812129670034198,0,0,0.9211604672467935,-0.08212102636506104,8.311966567961306,0.8350368690785464,0.04019434430496038,-0.04005771576302767,mid
dr_0563,mid_0563,2.3705714452872533,6.096381432687121,3.7258099873998676,1.2275881940007014,3.05101040780795,0.48444368913891694,0.10858570449946331,0.2252548995448044,0,1,0.7372109497429352,-0.3048812001457514,13.258232479482347,0.5562348085701357,0.030513160808149167,0.00803754942290626,mid
dr_0564,mid_0564,2.5145268999697765,5.926756636920868,3.4122297369510917,1.3819941357662042,4.740848012003272,0.675856032389963,0.45084523841917457,0.04173376671166903,0,0,1.1096897043129446,0.10408043058005634,11.594375658206582,0.9911468780587211,0.06065594015517785,-0.021181421173277072,mid
dr_0565,mid_0565,2.6030170392303074,6.391218683781185,3.7882016445508775,2.9079717901616147,4.773441861564682,0.6788316374161816,0.09125882656308822,0.08334942542477007,0,1,1.1235030670508004,0.11645154254677506,13.639304852293698,1.7125423896579641,0.036045974212736503,-0.09904288001065654,mid
dr_0566,mid_0566,0.15669568303518844,4.818983224730191,4.662287541695003,1.81695677223715,2.573847347644478,0.41058278575345275,0.19874904166115206,0.2215050470202566,0,0,0.7139326188863357,-0.3369666924034578,10.506429991250915,1.8621617928889518,0.03193749855661479,-0.025766320025087892,mid
dr_0567,mid_0567,1.796127023834341,6.006902433813918,4.210775409979577,3.6110183028407743,4.559358228011278,0.658903715987133,0.48098714411363097,0.2612950644572976,0,0,0.742574606706271,-0.29763193294061474,10.52538539048742,1.0610647365005417,0.0629750181802952,0.042881918086694046,mid
dr_0568,mid_0568,3.1800724156590694,6.272022618533503,3.091950202874434,3.236423653746921,5.211525626680031,0.7169648776677139,0.21293879930750953,0.07263700629061114,0,0,0.9448504787656448,-0.056728587535475564,9.285465405031562,1.7363623987506487,0.03324559985493727,-0.047285162248428894,mid
dr_0569,mid_0569,4.301107941715552,6.659049543963011,2.3579416022474593,1.3018273715414932,5.1566579808360995,0.7123683274584129,0.7556310081658074,0.569747048177479,1,0,0.9865851098048406,-0.013505682730162996,13.46628269624675,0.7553475052860005,0.03358520835724602,-0.012993365319691048,mid
dr_0570,mid_0570,3.490416550122194,6.38934062032172,2.898924070199526,1.0094079695206246,7.430561664732602,0.8710216426535429,0.2467137297237879,0.4800076128310477,0,0,1.1863736156241356,0.17090127257215665,7.638109789729202,1.1041961272376162,0.030718012442697534,-0.009329752610414311,mid
dr_0571,mid_0571,1.4511849850388296,4.981208434986207,3.530023449947377,3.717865786817643,3.960485410169264,0.5977484177534416,0.29697816885476863,0.3147227148598971,0,0,0.7059694309019247,-0.34818334143209645,12.188482469933408,1.3050412010990875,0.05688328305551603,0.09250234299487524,mid
dr_0572,mid_0572,2.4678201287376593,4.712692018342915,2.244871889605256,1.4086616070108522,3.488506559196272,0.5426395438896412,0.3336931953640418,0.11957744211903974,0,0,0.9893341958633419,-0.010723091533832182,8.62264171383294,1.9026424182004094,0.03323180505084851,0.06080439292087656,mid
dr_0573,mid_0573,1.4179552233831605,5.031403830523832,3.6134486071406715,3.0831030157568327,4.72548128907016,0.6744460478807595,0.16077341909548967,0.2947673780920181,0,0,1.0221822314146178,0.021939784511290014,8.868251910326396,1.050561098641414,0.03300293348726084,-0.02762193147966056,mid
dr_0574,mid_0574,2.737660086295996,5.623528890112182,2.8858688038161855,1.6063182479592764,2.769436551405195,0.44239141978410823,0.23287818510282116,0.08088679412156288,0,0,1.0383592097227845,0.03764178434211524,10.3075226368482,1.7303375621449097,0.01827992025845598,0.07127261811875443,mid
dr_0575,mid_0575,2.5275031114206694,5.465399760898334,2.937896649477665,3.30612941983948,1.6270843055837791,0.21141005601077995,0.3802926966174435,0.3307301679080704,0,0,1.3071328201995212,0.267836051666751,13.123974921776638,1.297109322387202,0.03759236754289389,0.0169500183823993,mid
dr_0576,mid_0576,2.0154422435399892,3.662380980830252,1.6469387372902626,1.6433395336730352,4.4757990937995755,0.6508705840197495,0.5843553588826117,0.4271574872481873,0,0,1.0178726625495869,0.017714824400298115,17.56294363990833,2.469011345182216,0.027207299791825994,-0.05531346945901365,mid
dr_0577,mid_0577,2.799653658570251,5.51258543835082,2.712931779780569,3.3246193390583345,3.2408454573720498,0.5106583218033363,0.15312908695203928,0.48410125508417634,0,0,1.0533458808141032,0.05197165102504965,11.752233435575286,0.9118134552084511,0.05328772605806116,0.031541382249277376,mid
dr_0578,mid_0578,1.2633222648099314,3.631549782626435,2.3682275178165035,2.8087124939318997,5.443160519169318,0.7358511418793647,0.2230910990722082,0.3768140020524626,0,0,1.1681960799365252,0.15546074697430998,4.343601844231154,0.7407219690459498,0.015279072157563404,0.1131404987184514,mid
dr_0579,mid_0579,0.15,3.1066604590216964,2.9566604590216965,3.0571836993539017,1.5794674744691397,0.19851068702874897,0.11645273701059868,0.22066731694840958,0,0,0.8783960992534681,-0.12965764897731838,9.752166186620183,1.1798257332584934,0.026760103101279062,0.005462577452140791,mid
dr_0580,mid_0580,1.256012637302744,3.344720454713384,2.08870781741064,2.095229078470687,3.8339245593640925,0.5836435629566945,0.18701578204792701,0.3312732380280468,0,0,1.0532319779946746,0.05186351087816331,14.385330347218634,1.1828676574265393,0.01320548402964692,0.0608815653032691,mid
dr_0581,mid_0581,1.4309046219606034,3.2487453318978803,1.8178407099372769,2.7336798046798547,2.491600754010709,0.3964784536287532,0.1456486154094189,0.7465430882150711,0,0,1.0266541642043596,0.026305130520198047,12.23086392732585,1.3753670179284985,0.029662314701479404,-0.05807127793829122,mid
dr_0582,mid_0582,0.15,3.1339076800445156,2.9839076800445157,1.1568907529711563,7.418622923368119,0.870323297154245,0.15389408372172939,0.12750835026816612,1,0,1.5126493106750483,0.4138626238522628,13.99161127172669,0.5951168544810954,0.04559828482871621,-0.025415964449300058,mid
dr_0583,mid_0583,1.1193190765208332,4.288332334632678,3.1690132581118444,1.1052057852754278,3.027394327444149,0.481068992836116,0.06668360811879506,0.32096501472821803,0,0,0.9253096660818732,-0.07762682335150624,4.286793112264309,0.8256389487055547,0.038080264874072275,-0.06100926349527733,mid
dr_0584,mid_0584,3.0630134607684,6.363210367451007,3.300196906682607,1.420710699215344,7.086322977017359,0.8504209425130853,0.12633906018976276,0.16066700130113593,0,0,1.2151118181693537,0.19483610397298684,7.823506940068904,1.2869507705110044,0.03989948740141035,-0.04054534027021588,mid
dr_0585,mid_0585,2.478847596297158,5.8173542360210675,3.3385066397239096,1.7850127022035682,2.9940441173127557,0.4762581953939155,0.1286613790405708,0.10165104415112321,0,1,0.8381155265026038,-0.1765993282135313,10.122519042212588,1.217485647897521,0.03748255452673025,0.009615824302628197,mid
dr_0586,mid_0586,0.15,3.4085021838785408,3.258502183878541,1.0451683154457636,14.592289550047665,1.1641234386337598,0.17851515169774568,0.2058823028123024,0,0,1.2124684826935552,0.1926583498368606,11.391452630840622,1.482062559228966,0.04766048774456594,0.0026753831053077963,mid
dr_0587,mid_0587,0.15,3.1703099410166824,3.0203099410166825,3.6735804056779897,2.698112244144592,0.4310600127927595,0.13866575990268531,0.3636715891960921,0,0,1.0185237418459783,0.018354267012916075,14.604700157336712,0.9242078830624264,0.06523180040647573,0.02720851654771756,mid
dr_0588,mid_0588,3.6864485254543937,6.849310581370197,3.1628620559158036,2.5435792702071467,3.75245379904605,0.5743153538285979,0.11128271436892577,0.35915054556013615,0,0,0.9596234269214998,-0.041214335099193214,8.823943073806099,1.2975665179572793,0.06996338039703451,-0.038098262712477265,mid
dr_0589,mid_0589,3.334981548967343,5.803076523242433,2.46809497427509,2.4815920461046854,4.122368871450694,0.6151468500506714,0.26858668657457646,0.010096570763309,0,0,0.87891721605688,-0.12906456541715075,10.255274604495622,0.45687006118075324,0.014114420194966091,0.0033959063060605525,mid
dr_0590,mid_0590,2.9430975329851488,6.188295289421728,3.245197756436579,2.007291089764447,2.636191744777013,0.4209769957057504,0.43731282679641226,0.16727194887937116,0,0,1.191011223547674,0.17480271396240823,8.601304014707225,0.7955929894966856,0.04854714770265196,0.08339530152455331,mid
dr_0591,mid_0591,3.346486097527502,6.59386911398824,3.247383016460738,2.7398307332645504,1.7490620238146364,0.24280521034936586,0.21357583588022042,0.2890959862795474,0,0,1.0810156283678627,0.0779009958771374,6.954836246091253,0.8541208597726229,0.033651419925416745,-0.002513646388127323,mid
dr_0592,mid_0592,0.15,3.6915512579619407,3.541551257961941,1.9622470744503362,1.9582855397872931,0.29187601704456945,0.6311120033562179,0.003859856167747083,0,0,1.2911480620686795,0.2555317931804353,15.856475655468223,0.5411717434063643,0.04830365702388959,-0.03690546826490302,mid
dr_0593,mid_0593,4.516713330854401,5.733840476340756,1.217127145486355,3.6934011519097525,3.767707233295689,0.5760771489233965,0.02853405703688097,0.10140625096022249,0,0,0.9634608344282266,-0.03722344122405319,10.138847232066986,0.7315859616170073,0.04875373824345862,0.057051573262833416,mid
dr_0594,mid_0594,1.6370274199925428,3.9603555442184435,2.3233281242259007,2.4280355987324467,2.5478280928081456,0.4061701219115698,0.31110764814595154,0.11247634328609231,1,1,1.2729005709872068,0.24129821046607888,11.182996756614687,0.9239128285412451,0.015050507873389588,0.04651012810465001,mid
dr_0595,mid_0595,2.2891569004641332,5.5816911585281925,3.2925342580640593,2.9790675296006777,4.077720596679989,0.610417464826819,0.6223812953583743,0.023542852961131424,0,0,0.874154912654748,-0.134497673432349,17.33389817176619,1.9348032542645752,0.015757543269906492,-0.013613771602042295,mid
dr_0596,mid_0596,1.6069179124151418,6.513647994203158,4.906730081788016,1.535922465593985,4.25715507867574,0.6291194708457806,0.3008164941584872,0.0973433530450455,0,0,1.1431063129128376,0.1337493926595211,10.598578276623469,1.407405524798856,0.04894927316977206,-0.03465604736890262,mid
dr_0597,mid_0597,0.5737699284590745,5.1315613439151075,4.557791415456033,2.5420475214173353,4.07501610974408,0.6101293299739413,0.14119308364434507,0.23457153234015865,1,0,1.0250752465897803,0.02476602120299612,14.880083678377519,1.4489930273562925,0.03921533991695801,-0.026371516200043046,mid
dr_0598,mid_0598,0.15,3.8348423762325905,3.6848423762325906,2.908089201439809,2.547808155849874,0.40616672350927396,0.09873372705388737,0.04398893106900805,0,0,0.8414356322040316,-0.1726457600130662,10.45953062513706,0.8079458223628644,0.040810387174454475,-0.032260446729329456,mid
dr_0599,mid_0599,0.2582020134841172,4.004784323924036,3.7465823104399187,3.6841701560401785,4.2528575830053335,0.6286808395796444,0.25077415452720564,0.4340624552484741,0,0,0.9912180578110162,-0.008820730702587258,14.421831479344238,0.49105765075217933,0.023751112121337944,0.03175731642063356,mid
dr_0600,mid_0600,2.8387419415044484,4.351684525490451,1.5129425839860025,2.4076002314537446,8.096084958981642,0.9082750569343748,0.5046468897718558,0.46389058531766925,0,0,1.1330636209953302,0.12492513315721274,13.886643570786491,1.4803400793291277,0.027432930033544634,0.08939368730116769,mid
dr_0601,mid_0601,2.6362856389113434,4.622465396037227,1.9861797571258837,2.0976862641139693,3.7631642725535595,0.5755531768918452,0.6116619688608619,0.27626820220126513,0,0,0.5915280772931057,-0.5250461287391122,7.789931016026759,0.550855523360279,0.028684089027370657,0.037958626710720075,mid
dr_0602,mid_0602,0.15,4.046629624909487,3.896629624909487,2.5088754905561417,5.665952420817744,0.7532729232618864,0.2962970576449188,0.12141469864413433,0,0,0.7546006708507053,-0.2815665824373404,12.038146569203459,1.5391734547409484,0.02604569572767001,0.08917276103919353,mid
dr_0603,mid_0603,4.6797037096923075,6.900781956041689,2.2210782463493812,1.5434418859180532,8.44956721858128,0.9268344652342609,0.37912954685654093,0.16634423408971813,0,0,1.029800800799615,0.02936538625595136,13.793059058747733,0.9329182071043356,0.046972363653662946,0.003473690904595706,mid
dr_0604,mid_0604,3.5610578871855783,5.127721185865827,1.5666632986802487,1.9955916294791582,4.662878460002533,0.6686540955235151,0.6873883434530359,0.21622158860772972,1,0,0.9721819229440769,-0.028212328511892044,10.701756696932632,0.8700429831305393,0.018545642654552136,-0.12566252004115608,mid
dr_0605,mid_0605,1.1579050832781093,3.593076401180931,2.435171317902822,2.7460004611755178,2.0624932681966066,0.3143925397238594,0.15785389338892794,0.505960204481637,0,0,0.8657262278372724,-0.1441865545377312,9.232033087395287,0.7819719146523372,0.025472521032092875,-0.028640767839664676,mid
dr_0606,mid_0606,2.0077045965426095,4.652145304515459,2.6444407079728496,2.3467292861219677,2.9006931883246407,0.46250179510248696,0.20720582327203121,0.05512838671659914,0,0,0.8044823780759635,-0.21755621698355415,9.289645711700649,1.3460417961228939,0.02720417442303083,0.02383650684178573,mid
dr_0607,mid_0607,3.45049804736653,5.627663360263858,2.177165312897328,3.029499966074651,8.348274005081725,0.9215966949384702,0.1691873784078987,0.02084360455517627,1,0,1.0505695175772765,0.04933241481761635,10.82280672976713,1.796524771287684,0.037824209195013093,-0.05422537655307334,mid
dr_0608,mid_0608,2.3919126962934927,4.452134120629789,2.060221424336296,3.560646678552876,1.3469600991496227,0.12935473085601978,0.33207789993536996,0.37169341355388535,1,0,1.032517652843922,0.03200014289229203,11.120802139171584,0.9104928872437041,0.02233976811246012,-0.046004662578879245,mid
dr_0609,mid_0609,0.4171302918858686,4.7663571485622676,4.349226856676399,2.3793917453005817,3.088500105654592,0.4897476205305057,0.06524700718674603,0.2464110904224228,0,0,1.1353686574365756,0.12695740650872867,8.87566804263135,1.2099431798646412,0.0287645445228763,0.07100027670020574,mid
dr_0610,mid_0610,2.4157378288990303,4.030280852569715,1.6145430236706844,3.3747207741796044,1.9058515981140107,0.28008908065205845,0.29448359006426833,0.3782461407209119,0,0,1.1969801827966577,0.17980187071335643,15.321383062665255,1.0129452759462245,0.021208882158521927,-0.00421873998604793,mid
dr_0611,mid_0611,4.6782653252859,6.6560798947346305,1.9778145694487304,2.1411897533037942,6.398550907433892,0.8060816295834204,0.18306384575362036,0.232529446554562,0,0,1.2739574647061953,0.24212816939181794,17.70353166042436,1.1492574735877548,0.039975408166799106,0.007067701420246658,mid
dr_0612,mid_0612,4.153436723187728,6.655513841046417,2.50207711785869,2.2595573287720545,3.492458823262592,0.5431312944038975,0.31585515733739006,0.09633559695637191,0,0,0.8559648105790175,-0.15552601282206044,9.2274292454779,1.2990764212676549,0.04381749445478589,-0.0005048579432117404,mid
dr_0613,mid_0613,4.438867983098101,6.944785880128682,2.5059178970305815,2.5735880806917533,3.203678018852918,0.5056488614502272,0.10380824261596583,0.14108973114204526,0,0,1.483136353812058,0.39415900350909594,12.060834285126875,1.7060133189374387,0.0632286767604393,0.008155089998774965,mid
dr_0614,mid_0614,0.9913050534288441,3.6060376986390645,2.6147326452102204,3.6474784420506863,2.8282885091378835,0.4515237090624943,0.37613282646788787,0.20457936726428466,0,0,1.258720686325413,0.23009587685526692,13.097446086612674,1.5050826282229508,0.03229803104998448,-0.07453976946953474,mid
dr_0615,mid_0615,0.15,3.712197888779321,3.562197888779321,3.1695219175107145,2.5456100079222854,0.405791869710143,0.0378504336802512,0.41920501839964275,0,0,0.935324759312319,-0.06686147383778288,15.29418961820509,0.7673024887069085,0.028356610256878138,-0.016782461904569213,mid
dr_0616,mid_0616,1.9544719845646816,4.015254124711921,2.0607821401472397,3.638197890480815,1.697588715450108,0.22983247963806325,0.44620497105628387,0.07434951975312919,0,0,1.0033250918217282,0.003319575927770694,6.226521572266858,2.158781649234781,0.021617181289498383,-0.07476788296862392,mid
dr_0617,mid_0617,0.15,3.106332605129184,2.9563326051291843,0.9214764408209792,3.339636957822636,0.5236992584930651,0.02973765830653974,0.2198334582919812,1,0,0.9941435047408135,-0.005873711779434958,8.405440052398749,0.8259863955765523,0.060458041489935735,0.009933929217759777,mid
dr_0618,mid_0618,3.7196626529522114,6.702994177478822,2.9833315245266108,2.4963597294544937,2.154299575004892,0.3333060957702559,0.07908340555106025,0.046199171386132644,0,0,0.6926108206991834,-0.36728702383354284,7.36274402191571,0.8958029341406664,0.05650565677361768,-0.005336936503546453,mid
dr_0619,mid_0619,1.182460154864339,4.447661636013347,3.265201481149008,2.5206991894814816,4.487244214346221,0.651979706274054,0.221440659124663,0.24910232400191568,0,0,0.9549090452000966,-0.04613918366525458,15.850095841036172,1.1954795111477419,0.030400004477938218,-0.009325603976129334,mid
dr_0620,mid_0620,0.15,3.5911843122459413,3.4411843122459413,1.762529776742366,1.9438542341751548,0.2886636949179867,0.3120002788802309,0.4096850937962739,0,0,0.9375666013708106,-0.06446748219869841,16.051894347487284,1.8031833439540659,0.042593465310233114,-0.07664423785198554,mid
dr_0621,mid_0621,3.037031513750911,5.895449458618771,2.8584179448678597,1.8023015044735637,3.3215392009830382,0.5213393823744837,0.2498496636136257,0.07666384384006487,0,0,0.8227123986976222,-0.19514859418102853,16.295692395060932,1.7365061977818845,0.03534800427509957,-0.06788396867658612,mid
dr_0622,mid_0622,0.43497624649955835,3.5241126157359894,3.089136369236431,2.6254546656315614,10.14329143010142,1.0061789035162585,0.09083421853342244,0.15341666607084034,0,0,1.2062057516242302,0.1874796904069242,5.551824458571803,2.307216635591833,0.021293641494725325,-0.04295659707389821,mid
dr_0623,mid_0623,5.97981453082849,6.922042205534931,0.9422276747064409,1.1701746265083341,2.085696449222501,0.319251101779662,0.058645291485406134,0.532513085265068,0,0,1.0045482523512737,0.004537940307577043,8.591825450337327,0.9873715818706017,0.029817766662467986,-0.06101162735167784,mid
dr_0624,mid_0624,3.7444663708342305,6.161045680890798,2.416579310056567,3.0940661438125203,3.001461822618729,0.4773328236767449,0.15395589342621094,0.11605616088295233,0,0,1.3989999377020998,0.33575765115303563,14.521933266559131,0.9210309873486763,0.05110612687740643,0.0022528726726208873,mid
dr_0625,mid_0625,1.3973005650939934,6.435594169049343,5.038293603955349,3.766757009694195,2.152111210190314,0.3328647097099957,0.023415718836899756,0.16156604364725355,0,0,1.2818273918421954,0.24828670968505623,9.775484156115207,1.3243623377600318,0.043981157235123844,-0.012438097370335926,mid
dr_0626,mid_0626,2.6720613297650733,4.994642543420125,2.3225812136550514,1.5633210618296145,1.4144321658195989,0.15058212413896105,0.27091259977221793,0.10825520332110986,0,0,0.9795209293099381,-0.02069167448540337,5.209055100982189,1.4398251760868452,0.05536879701946917,-0.0006307165020918312,mid
dr_0627,mid_0627,2.8905582537404344,5.183301112332773,2.292742858592338,2.7767947245043945,2.6196092905003363,0.4182365219941573,0.15809259319108843,0.14318330471908747,1,0,0.7829932144942839,-0.24463124906428155,6.920942760072533,1.1526599667693145,0.03451771984757819,0.002624152968097856,mid
dr_0628,mid_0628,2.7229434773433843,6.309644662171928,3.586701184828544,3.7696738733429878,6.892889474899574,0.8384013147880994,0.05278148136368927,0.3735150190849163,0,1,0.8959187755053474,-0.10990552245416003,7.782070843352464,1.349581418453064,0.047929037750682545,-0.03619973228110789,mid
dr_0629,mid_0629,3.0558503291309465,5.993975897003068,2.9381255678721216,1.3443706316652504,7.4084773251462455,0.8697289559901344,0.5165301754574285,0.10336532919302706,0,0,0.9731389378260458,-0.027228413746493228,11.779662301241173,1.3083467831185691,0.051254450251967815,-0.0758627513897849,mid
dr_0630,mid_0630,1.401263260206549,5.376321330447599,3.97505807024105,1.0640075670084226,2.0493915626315533,0.3116249438788497,0.1840623208312977,0.12952450505580151,0,1,1.3194907721765656,0.2772458835124342,11.245266004885998,1.150356767652901,0.0349840112199978,0.06943767433805473,mid
dr_0631,mid_0631,3.0984847206741626,5.655728996663495,2.557244275989332,3.4023040846135113,2.053653867755603,0.31252724744474036,0.10959209593197163,0.058962430890830295,1,0,0.7852284782868628,-0.2417805484055593,12.925908481233801,1.371488984928865,0.0372147988097213,-0.0249435562124663,mid
dr_0632,mid_0632,3.4920047878980753,6.843893012479025,3.35188822458095,3.251370240083431,7.4039988124869875,0.8694663404252223,0.3948535835353901,0.10796527978840612,1,0,0.9559392317316794,-0.04506093308531106,9.731922307152495,1.0793726005497049,0.014522142756936914,0.08616128497821034,mid
dr_0633,mid_0633,1.9862633735382547,3.6677485369582197,1.681485163419965,3.10510925249835,3.794644492759525,0.5791710945753857,0.3214483108600874,0.32363880914317616,0,0,1.2210686912569975,0.19972645174187384,16.12858113812912,1.0779751860880133,0.044603613152366176,-0.024545068031921916,mid
dr_0634,mid_0634,0.791849961085151,3.9838685501359334,3.1920185890507824,1.5534915566408767,1.3838317492106287,0.14108329038714923,0.3464082338008893,0.07455501713884138,0,0,0.8964924076405001,-0.10926545486238119,9.175489339120332,1.553879739642702,0.05481738612858946,0.07947405831182246,mid
dr_0635,mid_0635,3.0032437181773424,5.268699005499358,2.2654552873220157,2.5020489383338287,3.695863439917954,0.5677159159069022,0.06643733471296658,0.22399075953090095,0,0,1.1258495998536275,0.11853795050634179,7.432818526454694,1.024974427639549,0.045843560721794116,0.030408185720124516,mid
dr_0636,mid_0636,4.634110839936125,6.085600234412732,1.4514893944766074,1.4407726537748742,4.401369410666383,0.6435878207967871,0.5733351190044559,0.07687969615517483,0,0,0.7701255328381432,-0.2612017477623721,8.435719409435016,1.5042014588340362,0.07294382663915727,-0.052173305629340284,mid
dr_0637,mid_0637,0.15,4.043283681023855,3.893283681023855,3.2939964491689677,2.779755216139065,0.44400655384589904,0.08058230744711553,0.03603904975062912,1,0,1.241116029287687,0.21601099845764576,10.403766463978759,1.3689811809273809,0.049537542248652935,0.04864562839114927,mid
dr_0638,mid_0638,0.8838510179148829,5.55324237500696,4.669391357092077,3.547056967511182,5.626876344185181,0.7502673712357212,0.23696668568741663,0.4177043727104947,0,0,0.8898597703017324,-0.1166913901287899,18.82368399522351,1.717059933744556,0.04488706902621248,0.05794368314722283,mid
dr_0639,mid_0639,2.225317663717389,5.03164920864838,2.806331544930991,2.771810969346209,8.045955824606011,0.905577643797943,0.37964301258523425,0.22376907775618862,0,0,1.3003065037288326,0.26260000877671963,8.01277184974774,1.4020366451983928,0.012580164300476596,0.019420124282305145,mid
dr_0640,mid_0640,2.1916935202051544,5.358376019430502,3.166682499225348,1.1725737902585045,4.927778662553153,0.6926511927053596,0.093511479529202,0.22785437225047175,0,0,0.7324358065261666,-0.31137957807293787,8.371562198617031,1.484760601774849,0.0534215458847902,-0.02114022790743413,mid
dr_0641,mid_0641,1.626097007610542,3.2484578137730384,1.6223608061624963,1.5785853378909596,1.2090017476659667,0.08242692865327556,0.21146397970771477,0.09373656185471531,0,1,0.8205723469128277,-0.19775319816137557,12.803798820544017,0.8622203172410658,0.025823632012812115,-0.05730756916709491,mid
dr_0642,mid_0642,3.5255109929726998,6.00012928595508,2.4746182929823806,2.100265653141155,1.5635277107612378,0.19410558274815448,0.4164549253644394,0.4097833834560817,1,0,0.9930931572606037,-0.006930805378906859,16.835105734275906,1.5491699621283312,0.0160578364684812,0.06407535187059253,mid
dr_0643,mid_0643,1.4740267084630592,3.9593260270774175,2.4852993186143584,2.734252263050648,2.1799325796445643,0.3384430620719831,0.2399816556699529,0.5373330248221327,0,1,0.9604048853659152,-0.04040032784464967,6.0308951999596045,0.7091478888623346,0.02885997284606672,0.04658195925639292,mid
dr_0644,mid_0644,2.1165194435603967,4.4182188293381,2.3016993857777033,1.1479398796274336,3.9675679086365947,0.5985243688468608,0.5407759861772646,0.3379945440809083,0,0,1.115440834240155,0.1092496938066609,5.919450665953221,1.0949525757183005,0.02042035464417888,0.1282235876925866,mid
dr_0645,mid_0645,1.8692346009521073,6.22878337256382,4.3595487716117125,2.8910530034778317,1.2384784680692842,0.09288846043337529,0.6174710963509967,0.49604969626816875,0,0,1.0070632744252845,0.007038446345617733,15.396332588692415,1.4721048210374363,0.02232337950349108,-0.008649615750096897,mid
dr_0646,mid_0646,0.15,4.464468765919517,4.314468765919517,2.54779423275426,2.5540739876157144,0.4072334739562986,0.059709684452272385,0.20348268862795196,0,0,0.9292094438085241,-0.07342111476201948,16.100543952590943,1.0768438689118054,0.04091607651944758,0.01836068160863393,mid
dr_0647,mid_0647,2.3284198613764815,5.389132657754599,3.0607127963781178,2.009036332504601,7.613330689835442,0.8815746940586033,0.3350365144009749,0.40016198782317963,0,0,1.0791548029718938,0.07617814491200108,6.309731757039887,1.244391755131458,0.04772707000681442,0.0018614016585716464,mid
dr_0648,mid_0648,0.15,3.548727681229006,3.398727681229006,1.4826059150474364,13.779335847481658,1.1392282854435245,0.4254510180572986,0.2217164322441593,0,0,0.8383964493313292,-0.17626420047760827,3.933691589891531,1.3805095646551875,0.01369713524602497,0.062055612651192596,mid
dr_0649,mid_0649,3.151884522232791,6.764457440572575,3.612572918339784,1.3014237597637421,2.6161493045914974,0.41766252570341167,0.5963599938090822,0.06719177895630943,1,0,0.986256515945698,-0.01383880005483039,5.596856901292,0.8822624222717235,0.040936435062235876,-0.004402782061938485,mid
dr_0650,mid_0650,1.0431358234304415,4.234201904540858,3.1910660811104163,3.348744712567403,3.8892236126211177,0.5898629138174478,0.14132608677280567,0.014958731007365968,0,0,1.03467374489928,0.03408615470479757,11.074828483639081,1.079482670727354,0.011756508625936357,-0.01915771751885904,mid
dr_0651,mid_0651,0.15,3.0360327730034733,2.8860327730034734,3.224082492887587,5.7740390417987335,0.7614797160844367,0.17400327302707472,0.009627822509175656,1,0,0.9098015760796251,-0.09452875151136864,9.086176375290673,2.169432445411969,0.035789095959801766,-0.056628579507364614,mid
dr_0652,mid_0652,3.3485682804935486,5.418537842824884,2.0699695623313357,3.6515287018982705,5.475016907474863,0.7383854646649776,0.07877086589682625,0.10722717129273794,0,0,1.0426682236794655,0.04178302731256019,17.130267818947114,1.7360294535093144,0.05114740959176623,-0.011595632897630844,mid
dr_0653,mid_0653,2.3670790360022216,6.301899203180326,3.934820167178104,3.0405188728496944,2.1726048885105396,0.3369807523942314,0.05411585247233176,0.10181147845466611,0,1,1.0779214428880106,0.07503459681475046,7.47121335495445,0.8742113445578328,0.03664189223794628,-0.038008436767469934,mid
dr_0654,mid_0654,4.407822329774703,5.984976164191782,1.5771538344170786,3.2818050737520132,1.9567404145675213,0.2915332150302479,0.3113062266126115,0.004335688091532125,0,0,1.097497436938308,0.09303253060073378,11.492001895844309,1.0723430030699208,0.022434839751790225,-0.02807579659694365,mid
dr_0655,mid_0655,1.206496608884597,3.9136064509816317,2.7071098420970348,1.098581158812375,3.212457346190307,0.5068373699775889,0.38430647821867514,0.45540190981788026,0,0,1.0859999334518107,0.08250116023348267,15.593355423073078,1.8394968953401565,0.04951013854377485,-0.014174912528586847,mid
dr_0656,mid_0656,5.340215349911846,6.836606107182472,1.4963907572706265,1.311419739371865,3.9458871274285663,0.5961446580484492,0.3881943677261945,0.6559212509139969,0,0,0.6498929554074562,-0.4309476136428802,8.677704277144198,0.8372417757552099,0.0382912915270935,0.010860791243702362,mid
dr_0657,mid_0657,1.565504968191072,4.984812257519716,3.4193072893286436,3.73655589790895,3.7439889100752146,0.5733345536610804,0.35004155245033397,0.2008738081066592,0,0,0.9973089812933144,-0.0026946460064078285,18.790935309411367,0.7594113534610624,0.01793946157065843,-0.016991934235599006,mid
dr_0658,mid_0658,1.4383916777130006,3.672894500096986,2.2345028223839853,1.636042732053784,2.615306685294245,0.4175226239571238,0.05726643640932311,0.14221612647221854,0,0,1.2047660130986255,0.1862853680861004,11.368673104935196,1.905802444034758,0.01515940247784684,0.017668278937118528,mid
dr_0659,mid_0659,3.178665423039873,6.851615452831268,3.6729500297913953,1.7362267938334577,5.493607343605756,0.7398576149317521,0.03851827647983154,0.250778575948855,0,0,0.8843986938112472,-0.12284730692073328,3.6177515792680968,0.9648061452102896,0.06163492520892576,-0.01803759045472788,mid
dr_0660,mid_0660,0.18989320017243605,3.7197003628169023,3.5298071626444663,3.367065628341369,9.610472841493722,0.9827447557642497,0.4888577690069447,0.0905516280960491,0,0,0.9101145454184381,-0.09418481330652366,10.622859168893804,0.9153759480299946,0.03487261836162704,0.014985515855449525,mid
dr_0661,mid_0661,2.328352293052645,4.535792412374867,2.2074401193222224,3.2535854572795526,3.2539054590000966,0.5124049305212341,0.18160077048346043,0.20687808908175637,0,0,1.2652575259082228,0.2352756792533981,8.450781941090398,0.8854473866235704,0.013884485184077668,0.006731685295849303,mid
dr_0662,mid_0662,0.15,3.205952961592388,3.055952961592388,1.8534303023757128,2.908670467889078,0.4636945214931968,0.5645380933369885,0.12657652685840887,0,0,1.1232478135349049,0.11622432241373822,9.835469133840924,1.3680072406984851,0.04438856116606033,0.02511671588655033,mid
dr_0663,mid_0663,3.5876274402981774,6.9237447661750755,3.336117325876898,2.509787775398922,2.9436976563063815,0.4688932020850612,0.4699484864499126,0.451306567172734,0,1,0.8377169961996976,-0.1770749489035706,8.803886600225322,0.5901332111474892,0.045948463888839594,0.006789384272798274,mid
dr_0664,mid_0664,0.664459154453513,3.398187133197727,2.733727978744214,3.3107703216291875,2.003654138995173,0.30182275786934554,0.32557566641166913,0.3096480354424803,0,0,0.908563780219701,-0.09589018973589848,8.17236976397914,2.2465166985074667,0.028500836576454927,-0.05484695453365515,mid
dr_0665,mid_0665,2.547284430084464,5.496501332589272,2.949216902504808,3.043357466087709,2.3990377554316207,0.3800370828351038,0.030484220709121,0.18826513164717218,0,0,1.1989374692717882,0.1814357222848832,10.888160808232405,1.4709303814262302,0.051615569651159696,-0.046041355712478346,mid
dr_0666,mid_0666,2.935671951673868,5.3019060997523235,2.3662341480784557,3.5142504619594814,4.661704426572114,0.6685447337967124,0.5352047173114024,0.052489614661539785,1,0,0.9434988395096277,-0.05816014415878499,15.795469482256792,1.891271962272519,0.05463372751723388,0.02211107463389491,mid
dr_0667,mid_0667,2.499517273469616,6.897955988993862,4.398438715524247,3.0797185797756383,15.6764253633431,1.1952470390907308,0.14385092150179096,0.15328091283283646,0,1,0.8650071610240645,-0.14501749344398854,6.450959003667137,0.9208289720113274,0.04481505315693943,0.0011576546923283374,mid
dr_0668,mid_0668,3.559921286867378,5.734676733768874,2.1747554469014965,1.1945892044170945,3.051515625725783,0.48451559816582457,0.17382221325662156,0.3590184308876848,0,0,1.105535784004069,0.10033008985894974,10.640446543095479,1.265422950129764,0.03654208588599133,-0.024540561695898848,mid
dr_0669,mid_0669,0.8789784541032839,5.1057389040140615,4.226760449910778,3.1707552428084678,2.2383194738532013,0.34992207317961604,0.45662734793773746,0.14517392460516018,0,0,1.0212225685188396,0.021000506139853985,6.273371664299061,1.58160386769944,0.029851544264938495,-0.005498942846997764,mid
dr_0670,mid_0670,2.143645048775518,5.157626556051452,3.0139815072759335,1.7373652123510759,2.3811667770634,0.37678981448164184,0.3041246276486939,0.41121825525302613,0,0,0.814064083022891,-0.2057161900059837,4.535179137775635,0.7548971490421472,0.0619559467732816,0.04607199063922086,mid
dr_0671,mid_0671,1.6713302859769623,5.205132593183819,3.533802307206857,2.748674404737922,4.491903726832246,0.6524304396300332,0.21127588530870914,0.5215329006490029,0,0,0.7085464744295028,-0.3445396264776375,13.521061998404246,1.3222285583661995,0.0568924807588982,0.05547379094791677,mid
dr_0672,mid_0672,1.4300629588122362,3.465341940168069,2.035278981355833,1.9714384580079058,5.218791686607983,0.7175699618943139,0.498828391352346,0.5497199567147301,0,0,1.1128285735754806,0.10690503848604868,9.336667641553948,1.0309141037574292,0.04384216264928188,0.05493344729551357,mid
dr_0673,mid_0673,0.15,3.0738411976411686,2.9238411976411687,3.3336906411917178,3.8580866319120757,0.5863719753397356,0.4695525015012677,0.6135923182378199,0,0,1.180838223512656,0.16622454520113514,9.310439616485219,1.2638987482358686,0.05714468408703306,0.07745895263136185,mid
dr_0674,mid_0674,1.4471687275254501,4.998194429299009,3.5510257017735585,1.5484656699841313,3.655549153670781,0.5629526279407104,0.275675235675255,0.39678068481984696,1,0,0.8751400375774369,-0.13337136248438647,11.376644456164751,0.6638388508614337,0.034332005290232365,0.018570302627334178,mid
dr_0675,mid_0675,0.15,3.1691760127659037,3.0191760127659037,2.489313240847527,1.4362402629687798,0.1572270973946786,0.43437834722500934,0.26485666824798487,0,0,1.004877662913372,0.00486580565712476,11.374347669016206,1.6685249237075515,0.00878775852412525,0.022295504256400207,mid
dr_0676,mid_0676,2.414535600430529,6.013193646943213,3.598658046512684,2.7433844477597056,3.6255296077375605,0.559371456125734,0.12289883136357223,0.048951099271539344,0,0,0.9288561651824586,-0.07380137973071928,9.934367681018214,1.4876797237043788,0.022751705248546784,-0.014789555586857987,mid
dr_0677,mid_0677,2.01827819792451,4.762832941517674,2.744554743593164,3.012032767724598,4.128023083581223,0.6157421171666156,0.13411119200071056,0.2528520695041586,1,0,0.916126140170655,-0.08760121617894398,6.077161945021562,2.079326410720495,0.046327535949695686,-0.0058462374851354516,mid
dr_0678,mid_0678,1.5417052119580381,4.67843807619858,3.1367328642405417,3.0489242358558957,2.181324815626994,0.3387203401000448,0.32456033177195975,0.19311500193960432,0,0,0.9126841376188346,-0.09136541923251475,4.230758252391831,0.8012193298252188,0.02487660730137812,-0.004765127059849713,mid
dr_0679,mid_0679,1.0183773127993652,4.085438420713638,3.067061107914273,1.851000589262156,5.01424424680237,0.7002054848784723,0.3297382449199483,0.04136101056305268,1,0,1.0273250395495146,0.026958375078648827,9.224263773848117,2.0407126291776114,0.025958019008428285,-0.07220308642306447,mid
dr_0680,mid_0680,2.925102631799097,6.395250375362613,3.470147743563516,2.9181924908538512,2.58308138613964,0.4121380898723184,0.23407920570971646,0.18296646634673694,0,0,0.860339465285983,-0.150428240542097,10.220740022874654,1.4508021351602716,0.024185526996345415,-0.02684702125726356,mid
dr_0681,mid_0681,1.2505197042549674,4.368743995667375,3.118224291412407,1.0852433492915254,2.719109987107643,0.43442677501223026,0.5811115552720326,0.04365988910203368,0,0,1.0890367019123304,0.08529354578174456,9.081749020579034,1.4941373092448518,0.04825629472532326,0.037359554456887246,mid
dr_0682,mid_0682,4.320056044398937,6.792230120969787,2.47217407657085,2.629441622924442,2.3100081641491066,0.36361351480064685,0.2685335121343543,0.5543443747559286,0,0,0.9506066019136803,-0.05065496982983662,13.367056788905874,1.0572903027071408,0.031471061774803424,0.07498972592169552,mid
dr_0683,mid_0683,4.938411792225699,6.408002677905974,1.469590885680275,1.4977324990376282,1.7156217485441634,0.23442154305365925,0.04935188314115496,0.2808981978335793,0,0,1.0125331572788216,0.012455267392055897,12.3863654866149,1.4863778594755284,0.046193610102873185,0.023796345835027856,mid
dr_0684,mid_0684,1.368186900357132,3.417008397879087,2.048821497521955,1.0994677301140265,2.499628849516318,0.39787552844273805,0.3786181326845747,0.17716751112083756,0,0,0.8140454971986407,-0.2057390211771491,18.306753783699623,1.7787659554509543,0.03865586031514869,-0.04328841150732054,mid
dr_0685,mid_0685,3.134666066635849,4.9849959414507,1.8503298748148511,3.5653362469130747,2.820384784317192,0.45030836303772825,0.2203229363150499,0.22100276268180408,0,0,0.8143382560285694,-0.20537945134908786,11.771624287730155,0.941604160253882,0.036022864560742086,-0.033165195354154874,mid
dr_0686,mid_0686,3.571887804217174,6.96314879464242,3.3912609904252458,3.3874174105166213,7.886236116590202,0.8968697758562878,0.5346144172425608,0.19035248596230367,1,1,0.7656747438397121,-0.26699781581385823,12.946144252963919,1.0108578281717955,0.04498251885136764,-0.03861665208335579,mid
dr_0687,mid_0687,3.3405884004185444,6.167725741329594,2.8271373409110496,3.129857442727545,3.459099799538038,0.5389630921570091,0.5525750501699308,0.32987358363849084,0,0,0.6741358310294856,-0.3943236586568779,6.515115934623714,2.0968158029266637,0.020968719138700843,0.03094843172929953,mid
dr_0688,mid_0688,2.9742942642124595,5.284375579850648,2.3100813156381887,3.4212150809564523,6.415554855655218,0.8072342227263356,0.037642764326400374,0.3632854191703867,1,0,1.0820829419829552,0.07888783366283879,11.867723203251154,2.118210803934403,0.026053631753935783,0.05216774752027087,mid
dr_0689,mid_0689,5.047780431050381,6.481125181957676,1.4333447509072954,1.6202168973706486,2.4890941408427922,0.3960413225127222,0.19056395435123533,0.26111959335833507,1,0,1.1620448125487806,0.15018122270227063,6.87182468827487,1.6120970256832376,0.040220692853187155,-0.04383626629868514,mid
dr_0690,mid_0690,0.15,3.3492763406094457,3.1992763406094458,1.1806428220602516,1.4124619300256243,0.14997675114449582,0.3482538525441403,0.39696558386151265,1,0,1.3263917906842455,0.282462316209238,11.7742186141223,1.0022490306540615,0.030379927058114674,-0.052687529043204555,mid
dr_0691,mid_0691,3.3757153731889145,6.125454650348461,2.7497392771595464,3.5376795050889904,8.42542283101558,0.9255917052192146,0.0711093626778067,0.2931863558189049,0,0,1.049895697279577,0.048690823311079844,8.90719897026043,1.1822902729289564,0.06343763221722123,-0.061295537571794165,mid
dr_0692,mid_0692,1.93939414129217,5.9515676816615875,4.012173540369417,3.202722697014201,2.3458941133980034,0.37030840547568555,0.3519698961567246,0.1459233877811229,0,0,0.7666842520165835,-0.26568022858312906,13.669293328177943,1.5952136529956817,0.058718129065388924,-0.00416296348347126,mid
dr_0693,mid_0693,3.6735783957071537,6.135403994403566,2.461825598696412,3.161380172186531,4.66424301093821,0.6687811694439556,0.15564559254438914,0.25491490513870685,0,0,1.2918545991968278,0.2560788597060447,3.7049287944747107,2.2261122687791715,0.02057826883615195,0.03993217391299178,mid
dr_0694,mid_0694,2.1271272987476295,4.783024553759951,2.6558972550123214,1.4603756679221935,3.745146615259031,0.5734688241587383,0.48699611177323393,0.1791782324585608,0,0,1.0366361702721778,0.03598101934644293,12.526238445478093,1.0367082893438966,0.028188560325662186,0.013903030875718928,mid
dr_0695,mid_0695,0.38289751062860367,4.140496221311992,3.757598710683388,3.2289542038016252,3.9738499773120752,0.599211467389958,0.15500062256619704,0.1188275218243328,0,0,0.8998076937673161,-0.10557421208115168,5.368378051301088,1.5545148108864515,0.02573822015823643,0.02943459055277235,mid
dr_0696,mid_0696,1.867777799741135,4.233839515584435,2.3660617158433004,1.308572601185826,3.329560184060694,0.5223868694671064,0.7969580799185588,0.35118846934347503,0,0,1.177038948947842,0.1630019194450151,17.874960629667747,0.6824557057462232,0.017638841389041378,-0.0325627676245953,mid
dr_0697,mid_0697,0.15,3.141500052298957,2.991500052298957,1.2515291007457574,3.90473084123068,0.591591102695516,0.24204722317307734,0.31235688997885425,1,0,1.3258713821625292,0.2820698901983334,11.669343083037143,1.9629434273904702,0.0463705800222463,0.04388819906260189,mid
dr_0698,mid_0698,0.6078396292286912,3.9395996384244887,3.3317600091957975,3.284919623660254,1.9619745912785627,0.2926933787121427,0.2016830209519579,0.15656551171486,0,0,1.4383773822272081,0.3635156603535324,10.385118344230355,1.1922286626313923,0.039089513641987456,0.021184358175110503,mid
dr_0699,mid_0699,0.2236023856083298,4.219683983032427,3.996081597424097,1.7225452179884928,2.6747238843576975,0.42727895581925396,0.22706072052831291,0.06422631387205402,0,0,0.7289443945497658,-0.3161578262204365,5.09439550157801,1.7193670790271391,0.03756792177760304,-0.03536189661253685,mid
dr_0700,mid_0700,0.16265520157864266,4.4394740597159945,4.276818858137352,2.096775326295576,1.5315123463735176,0.18512050224626586,0.24709361889976525,0.15675117845461722,0,1,0.9508226266873724,-0.050427746253621265,5.1179684374342145,1.188757061105119,0.01826552832790861,-0.06498066451642133,mid
dr_0701,mid_0701,0.868233144136727,4.257828201143741,3.3895950570070137,3.5327051776734115,2.9249859794596227,0.46612378868899834,0.11661653972328725,0.08843249664292784,0,0,0.9090660942554771,-0.09533747649585131,14.655534430609013,1.3424685170172177,0.02423210833384535,-0.004602785561712315,mid
dr_0702,mid_0702,0.15,4.111878779041962,3.9618787790419625,2.24221872844861,5.5927774586382,0.7476275387260201,0.2336876079525807,0.41822282333969113,0,0,1.3291994282845045,0.28457682737821616,9.813428860329209,1.4696550813071132,0.04031925628011851,0.0074033937842980825,mid
dr_0703,mid_0703,4.061904682458171,5.836912016937774,1.7750073344796027,3.7811089906016524,3.8958310004748786,0.5906001091015687,0.16576697831705006,0.13813318303365538,0,0,0.9607919991525696,-0.03999733552771126,4.156877544996849,1.1855411624688525,0.03655581377014241,0.09839642343803888,mid
dr_0704,mid_0704,0.3817485959804636,3.4163133993892383,3.0345648034087747,2.415050208031843,3.7803080714937334,0.5775271935668377,0.11551255062219197,0.15156268980246823,0,0,1.242948911961799,0.21748671109003487,11.383738358673533,1.1292324529315425,0.047806192537278164,-0.030622476903510613,mid
dr_0705,mid_0705,2.302940034108764,5.48539742408998,3.182457389981216,1.8595938570330612,5.357591263806611,0.7289695777596008,0.1732946554863151,0.1425452298176618,0,0,1.0643496435189348,0.06236394926807255,9.882922045340257,1.053107483592867,0.03909956946352767,-0.08057654784101573,mid
dr_0706,mid_0706,2.3728373104976717,5.855494795043969,3.482657484546297,2.732948286444374,1.5723549593915558,0.19655059482251724,0.33392079556230503,0.3701205763970762,0,0,1.08526967477651,0.08182850429055612,10.002670097093516,0.7399656980871591,0.026613767897102222,-0.01826297864705407,mid
dr_0707,mid_0707,4.410513545846476,6.9968514386145335,2.586337892768057,3.157166225991627,3.063927842010291,0.4862785330931484,0.31594949608266765,0.04418241556969911,1,0,0.7727605103020726,-0.2577860968950526,10.987084335499258,2.2052840241168843,0.02042814229196799,-0.017534226757066996,mid
dr_0708,mid_0708,4.184320913680267,6.3773175986234,2.1929966849431333,3.512150347651119,2.0680908377632714,0.31556961056935473,0.07659748137263477,0.10229756703989103,0,0,0.674174875191551,-0.3942657429822547,9.210218522000467,1.5218965165213705,0.04917362595526209,-0.033364730578130664,mid
dr_0709,mid_0709,2.7444829815691474,6.475125647089217,3.7306426655200697,3.7504411862708307,6.981639664234974,0.8439574302884243,0.3676227847157355,0.26263709477180397,0,0,0.8148047899765115,-0.20480671593234331,11.772784803819954,1.4305856122989458,0.05224212551018308,-0.007875517577676728,mid
dr_0710,mid_0710,1.5649081697070555,4.890228733816347,3.3253205641092913,1.1418105100253075,2.198059898552942,0.34203952305406393,0.09419689194009483,0.08455738277424012,1,0,1.1163147324707838,0.11003284254241773,11.034348459346049,1.5055434608975677,0.03599514461742939,-0.02045883839992816,mid
dr_0711,mid_0711,2.3147025722591277,4.946639108833671,2.6319365365745435,2.4135619908194736,3.147080662458783,0.4979078744072785,0.08760920718385688,0.22998908036655633,0,0,1.053779248771946,0.0523829867904186,11.513112942174217,1.1448353953116248,0.019826817524335495,0.08548017648464626,mid
dr_0712,mid_0712,2.3999797485056416,6.850754471254277,4.450774722748635,3.48801596836596,5.581783188248591,0.7467729632927154,0.5854402239483496,0.028152985698229042,0,0,0.9027366371623643,-0.10232442130204158,15.279479125859373,1.6300877268831044,0.03073116465036542,-0.08083645855290174,mid
dr_0713,mid_0713,1.6266979730456668,4.605148954110529,2.9784509810648623,0.928520030515161,1.5170996973418032,0.18101412171138043,0.07308533355505109,0.1854941993336959,0,0,0.8352476707656258,-0.18002698641647374,9.765050618402555,1.077920506062203,0.03095882528119243,-0.015629201385469093,mid
dr_0714,mid_0714,2.7442471036506464,6.521031185228839,3.776784081578193,2.2142105572854818,2.777172816104155,0.443602905585761,0.07003749083468529,0.1224121236263185,0,0,0.7857091354543828,-0.24116861171461143,7.43181864651324,1.5036561887655628,0.016310193440771278,-0.004595338052999371,mid
dr_0715,mid_0715,0.15,3.2851688335551366,3.1351688335551366,1.2267515992312306,2.0588706319780554,0.31362905881658976,0.02053124431580128,0.10153592895356892,0,0,0.9492669515000917,-0.05206522224711721,11.744894200010036,1.372201868873528,0.022888825122319774,0.024817735535885968,mid
dr_0716,mid_0716,3.743708492017675,6.583593028658321,2.8398845366406458,2.8481370053002824,1.4661647105083375,0.16618276215142075,0.15660643911508462,0.13066390856336244,0,0,0.8527349091463587,-0.15930655453142872,8.716716989218984,1.2002776365027368,0.043982187646732625,-0.005164368471162107,mid
dr_0717,mid_0717,4.263327716275837,6.616395993980399,2.353068277704562,1.9142661080581265,3.010179302921242,0.47859236534468935,0.0911530344035451,0.39718232291535277,0,1,0.8090746749385399,-0.2118640609442783,10.116236986711092,0.9606815903316266,0.050481335870437745,0.039241411811085154,mid
dr_0718,mid_0718,3.7373611150766255,6.596354718650616,2.8589936035739907,1.8386377199441477,9.192073953299074,0.9634135097381604,0.07230154788399382,0.23345930914994573,0,0,0.8463060556966823,-0.1668742168351839,4.166344281176314,1.212911699148464,0.01516243805136561,-0.028257374951969113,mid
dr_0719,mid_0719,4.060758909018893,5.774974251491784,1.7142153424728912,1.493060830132626,3.2936887677830975,0.5176825587619791,0.09740581583522592,0.3653674578657717,0,0,0.8056441267203575,-0.21611316410226122,5.610773162131462,1.741275428830856,0.04497586742596039,-0.12755671310000255,mid
dr_0720,mid_0720,2.6552296745224253,6.1362780940329635,3.4810484195105382,2.5026485143882673,8.883352300758192,0.948576885934391,0.17574363436592771,0.2319998088791855,1,0,1.5261292138255285,0.4227346041304542,5.513939977722176,0.977842054866791,0.0504085655643288,0.07516331127430874,mid
dr_0721,mid_0721,2.961302422072213,5.165041820896194,2.203739398823981,3.577120472031581,2.243685095145988,0.35096190292399976,0.15907523316831387,0.3639430843757382,1,0,1.2200506903070045,0.1988924073139823,4.622355535269026,1.6088695490006453,0.03075968544861753,-0.05005876948071337,mid
dr_0722,mid_0722,1.6916409391209655,6.0128354835249755,4.32119454440401,1.9241700401473234,3.4645565132671425,0.5396476498662526,0.2905363898410554,0.3002725205118315,0,0,0.7642824221974099,-0.2688178955619331,8.678004675126925,1.4019418330353979,0.02755370137452678,0.006299748469463351,mid
dr_0723,mid_0723,0.7478151786723499,5.573991115865524,4.826175937193174,3.0798324154426826,4.637121045354209,0.6662484326745975,0.39151697817062064,0.48637936789159714,0,0,0.770865770653939,-0.26024101830068724,15.3950254285647,1.5586083348012196,0.061033365709957155,0.06440362624002317,mid
dr_0724,mid_0724,2.3754282612576785,5.819012906439644,3.4435846451819656,1.297270904125587,7.740121750403451,0.8887477920927797,0.13001150008815754,0.30559848706856274,0,1,0.8134802625176654,-0.2064336150418868,8.970953836820819,1.88469638628,0.033809657913062764,0.05149442174283159,mid
dr_0725,mid_0725,4.259926254144637,6.952108569078598,2.6921823149339614,3.5894481337490416,1.8646906093053546,0.27060678369541763,0.12810352638545205,0.06702727907634645,0,0,1.096263569481908,0.09190764271832785,12.147320216319578,1.1360862873626523,0.035533553821874266,0.029085456304886653,mid
dr_0726,mid_0726,2.398936704005161,6.364789660805336,3.965852956800175,1.8277961617819654,3.151834608864787,0.4985634200034539,0.2854732850342218,0.13169491174584333,0,0,1.1624885129292775,0.15056297707939437,5.887362977027671,0.8965942750385254,0.040623868806778415,0.004678623867914813,mid
dr_0727,mid_0727,0.15,3.430770720367572,3.2807707203675722,3.633810115651679,7.02015185257396,0.8463465064348853,0.17880548595693993,0.42438578210933303,0,0,0.9455162079948334,-0.05602424878323964,14.251313242466356,0.724241074806174,0.006472223643256718,-0.027071673972152856,mid
dr_0728,mid_0728,3.0763806752516833,5.462585571807195,2.386204896555512,1.9639971355859873,2.979846159262786,0.4741938433017945,0.42073872538721924,0.43309539181911016,0,0,1.064684547845179,0.06267855607933462,9.633246054616789,1.3301125534643967,0.03516858374297888,0.08022071867342329,mid
dr_0729,mid_0729,3.9385954137202916,6.036222868578496,2.097627454858204,0.9883532214577275,1.2883928415989918,0.11004830318375003,0.23922037027350218,0.3096744844496603,0,0,1.0141957049090595,0.014095889415228886,15.978555567530535,0.9848914392768711,0.04705452929871842,-0.024139265314068424,mid
dr_0730,mid_0730,0.42521180801070146,3.7348287910167937,3.309616983006092,2.97053675332354,4.899208771808543,0.6901259466032087,0.15862410516652706,0.22489092293786622,0,0,1.0701272423479646,0.06777755948583004,6.840843901136539,1.275254931512655,0.01647359780934827,0.010853337031347068,mid
dr_0731,mid_0731,3.2027241893478795,6.81070176335766,3.60797757400978,2.659893578867793,2.7588094724063463,0.44072170847492337,0.3129030535838644,0.14941575838859095,0,0,0.777861235199998,-0.25120713163739944,3.2418871018772792,2.190422555310404,0.05822038748352688,0.027749173723003197,mid
dr_0732,mid_0732,0.8975319418599352,3.5320980848690393,2.634566143009104,1.4236201526054624,3.1464800660463417,0.4978249846983147,0.19171896343482728,0.21175041424242375,0,0,1.157619581267796,0.14636581159272646,12.73581138316657,1.4597810632668773,0.0395293991573211,0.013111907968980225,mid
dr_0733,mid_0733,1.5942959420138267,4.345901408743101,2.7516054667292744,1.02115937171706,4.663437753698074,0.6687061842926415,0.1569596936988433,0.34647278084459304,0,0,1.2201246991146648,0.19895306591090442,11.89562236019098,1.734592329391506,0.010599009252655157,-0.023958959056553403,mid
dr_0734,mid_0734,0.709748527621068,4.030313936707325,3.3205654090862566,2.203063330186298,3.216862101818435,0.5074324442706589,0.5548242925555805,0.19631754188919034,0,0,1.0457216530889157,0.044707224196696725,9.766669540567147,1.3872212257172836,0.035574414046038644,-0.02991329976382934,mid
dr_0735,mid_0735,3.442988212401495,6.952639540524883,3.509651328123388,3.6124199665874013,3.121036643961867,0.49429886772877685,0.3390094018227865,0.3129917197869585,0,0,0.9786183623492846,-0.021613536406480224,7.988828936968716,1.0727043796922517,0.050374482537781234,0.08281833114691833,mid
dr_0736,mid_0736,3.4285585084048735,6.4368767066932016,3.008318198288328,3.452595342616075,4.042201413839795,0.6066179496394227,0.12199142129249599,0.25496994231144565,0,0,1.020773961142019,0.020561124997406793,14.545405238469893,1.8722115627831424,0.032751492818690636,0.04987069273640125,mid
dr_0737,mid_0737,2.527645953045451,4.215373688804496,1.6877277357590446,2.095204101730196,1.2546472842059306,0.09852165087448073,0.18664144926626952,0.053503425934223,0,0,0.9951260306765013,-0.004885885848267242,6.97315569574485,1.2941275777369061,0.04311086943061904,-0.016651698303016552,mid
dr_0738,mid_0738,0.15,3.2180414700623263,3.0680414700623264,3.3268442354536854,6.574781565239732,0.817881328783563,0.3880343180621725,0.4197375082363474,0,0,0.8263555157450085,-0.1907301915885005,8.020884319667685,2.1934482986255417,0.05219651931255732,-0.01880735790136482,mid
dr_0739,mid_0739,3.183621024314814,6.804067942388059,3.620446918073245,1.8931097848165486,3.215459286726247,0.5072430150346099,0.5998750872834112,0.23612585886219561,0,0,0.9670002351464005,-0.03355654035782724,8.478352607121455,1.3380576846283165,0.050466544222772095,-0.08430989621159701,mid
dr_0740,mid_0740,4.5816164145749605,5.660367515093235,1.0787511005182742,2.8552878626083236,4.117590621596828,0.614643166075272,0.15518333149639113,0.3175084009374586,1,0,1.202887453100319,0.18472487742090193,2.048547949848432,1.8459197560111797,0.04287710808914502,-0.0276356938674608,mid
dr_0741,mid_0741,0.15,3.5223400873104076,3.3723400873104077,2.9700933964941822,17.89565358455045,1.25274756430637,0.07057417251013436,0.6502740025061426,0,0,0.6998441060415643,-0.3568976743962274,6.741211709486757,1.727572352774463,0.02750166234356698,-0.007567673892823263,mid
dr_0742,mid_0742,2.9649785414893133,4.270122450368962,1.305143908879649,3.5172871440110645,7.0588805045130405,0.8487358300512502,0.5501717002312502,0.07531982633355634,0,1,0.9304370332720785,-0.07210087496698887,8.374027674695574,1.476125170196387,0.03415235670656688,-0.03328464906708037,mid
dr_0743,mid_0743,2.0449977759404367,5.37485889869235,3.329861122751913,2.521407371825532,3.7053063874764356,0.5688241251058467,0.16662219484746435,0.2831583450699813,0,0,0.8480197363200606,-0.1648513694987329,14.241219257388329,1.266939467663328,0.023048108399163283,0.00539203659721051,mid
dr_0744,mid_0744,4.261880704760537,6.099960970524864,1.8380802657643276,0.9459981881203139,2.5806518777706544,0.41172942346670904,0.07262194374819292,0.37086519835499615,0,0,0.7887049286530828,-0.23736300951304268,12.033166335105005,1.6041288136643699,0.031480424860355266,0.058741571297753786,mid
dr_0745,mid_0745,4.386059702826188,6.733920857948703,2.347861155122515,1.1786126657236424,4.366446613129268,0.6401281545746237,0.3984862268130597,0.23737200518703458,0,0,0.9047473993650167,-0.100099490966272,7.317316467604493,1.1742927232961262,0.021420101664871988,-0.04864893742941076,mid
dr_0746,mid_0746,2.261404069459835,5.856725461915575,3.59532139245574,1.665710275069895,2.7290164129539134,0.4360061476280795,0.1940429494713106,0.27175116148761524,0,0,0.9851339468033518,-0.0149776604530005,14.196725814533092,0.796347615859704,0.04327429145774918,-0.04316244400423976,mid
dr_0747,mid_0747,0.15,4.944447886276455,4.794447886276455,2.1183489595508864,3.1975491600966524,0.5048172301779268,0.030334563822657985,0.09363668657055106,0,0,0.9766324380577879,-0.023644912610485406,6.234344142065031,1.742867720180104,0.04258756536240385,-0.016729516321426486,mid
dr_0748,mid_0748,0.6032705507236642,3.896351648953544,3.2930810982298797,1.0863753870352006,2.642739936581419,0.42205442773077084,0.06111593662976684,0.2448881743630129,0,0,1.2861668154757668,0.25166633394710647,13.924287387466896,2.0362851392953427,0.04773721710868182,0.0738913297161551,mid
dr_0749,mid_0749,3.3823944499862555,6.056438895169999,2.674044445183743,2.193867938161685,8.542165956575923,0.9315680046142225,0.27180546594593075,0.250675987320287,0,0,0.94100648223515,-0.06080525075401227,8.163959111486225,1.3724010821768982,0.05250942202789549,-0.024383098121898757,mid
dr_0750,mid_0750,3.9238721015271287,4.666847703343677,0.7429756018165485,3.5028342221226936,4.784318746351304,0.6798201060075455,0.036279771355334736,0.0048898188726585875,0,0,0.6914475468981495,-0.3689679848423888,11.984794248376977,0.9627412679085969,0.035476503522331046,-0.06764410902388429,mid
dr_0751,mid_0751,3.3516936217885602,5.446047962226916,2.0943543404383558,3.2999574939223826,1.9204504932341633,0.2834031160873208,0.29370258109097885,0.015290608362372364,1,0,0.8533198569748064,-0.15862082290899188,7.572205221061651,0.8853035081622231,0.043308536984794505,0.03331408661150065,mid
dr_0752,mid_0752,3.0097152695615996,6.11355442165324,3.1038391520916404,3.7671905438467017,4.971663721216734,0.6965017456817986,0.5550624468489196,0.20000895971666488,0,0,0.858870903737981,-0.15213665497659604,9.754641817746672,1.2421959472242305,0.04092491926566507,0.027279297923395517,mid
dr_0753,mid_0753,0.15,3.4167104752226423,3.2667104752226424,2.207789665958644,1.9325679811442384,0.286134779856358,0.13565777795239123,0.27585481874653767,0,0,0.7955849541663789,-0.22867764348534042,11.647845951453554,1.0972540346148532,0.03963295424026504,0.02027390348410703,mid
dr_0754,mid_0754,1.4508492266295483,3.6349495465925226,2.1841003199629743,1.716425518047936,3.094642828191626,0.49061053164477275,0.283691457274176,0.04556484926277871,0,0,1.0110981085822714,0.011036976459991767,7.2079648710828685,1.9078855653602762,0.07420579424814716,-0.008341307158202539,mid
dr_0755,mid_0755,2.267850874066518,5.7340444083147695,3.4661935342482515,2.067793017882703,2.4428077648044035,0.387889291791466,0.12835197471772258,0.137932317678656,0,0,1.0030926801953315,0.003087907697277898,4.780464193457474,1.1861068435735531,0.030931103062496877,0.04642682677648743,mid
dr_0756,mid_0756,0.15,3.540564145949192,3.390564145949192,0.9068811549162659,3.3976814297797016,0.5311826565298934,0.11707303196643229,0.4194093829012787,0,0,0.9324086254607785,-0.06998412104738772,13.074619098423355,1.0134839998111116,0.016743903248366297,0.03744736435509848,mid
dr_0757,mid_0757,4.6015288641508585,6.970290538631545,2.3687616744806865,3.2476424474258483,5.403573325160515,0.7326810491131212,0.40590182044378376,0.21375043353737347,1,0,0.8582937194697624,-0.15280890769151315,11.23600199254717,1.4629832110565073,0.033054732260940974,-0.020339589218783507,mid
dr_0758,mid_0758,3.294789754862525,6.701611282896877,3.406821528034352,3.688222856578009,2.117030353406824,0.32572708486050217,0.41225009506885923,0.2919154170857684,0,0,0.8192397156214425,-0.19937854488885248,14.24399362465762,1.2916465842708817,0.049040899931207894,0.010722799202580974,mid
dr_0759,mid_0759,3.7808787371773818,5.623719632238302,1.8428408950609203,3.1731246737284806,3.8947530377773614,0.5904799247220874,0.06646774860961104,0.308281042001622,0,0,0.7077527524814946,-0.34566046593870836,11.040019084930105,0.5280019337621525,0.047901134826951734,-0.03653777156578012,mid
dr_0760,mid_0760,1.7288022779842938,5.522538861134381,3.793736583150087,3.1867762875284122,4.3023559486292955,0.6337063382064023,0.01861734803116006,0.4923328621404086,0,0,1.1740851653110682,0.1604892616292014,14.356900974607932,0.6234057688601641,0.02893703611569315,-0.0010448028058141444,mid
dr_0761,mid_0761,0.8587343279682296,3.392967342096182,2.5342330141279525,3.760992381119218,6.288716731805136,0.7985620328610685,0.3825249491968594,0.04618601164071766,0,0,0.7785488113604898,-0.25032359043083785,8.973260994679116,1.6098069534898436,0.03339151119938816,0.0019520547022693633,mid
dr_0762,mid_0762,3.9736154972788182,6.553141247181584,2.5795257499027655,2.959103750571994,2.4686118512576245,0.3924528096124593,0.43256701056866076,0.05665274938133795,0,0,0.7260398918273578,-0.32015031824629203,12.014594936738533,1.3126859321141833,0.02915172022114128,-0.10384889243325454,mid
dr_0763,mid_0763,3.677355087048335,6.63588797073403,2.9585328836856952,1.4060480499436747,4.254300826154735,0.6288281960791232,0.357538095533152,0.17840032519376445,0,1,0.8956873649322393,-0.11016384996172086,11.467286929785633,1.6919204567718507,0.05328958463361074,-0.039907870139347316,mid
dr_0764,mid_0764,0.6023704692224552,4.289657964590421,3.6872874953679657,3.235390535030334,3.376220070668151,0.5284307473024954,0.3000376124039122,0.1570965110192227,0,0,0.6925085678830736,-0.3674346686028508,11.83231602027266,1.2891209634913217,0.05735381964895319,0.04095146310541062,mid
dr_0765,mid_0765,3.1068473000577774,5.498953653518182,2.3921063534604046,1.5712354942368951,2.7732976311844277,0.4429964807010861,0.04235898022591806,0.3309468012765664,0,0,1.2648703247516495,0.2349696068472191,10.106592128527543,1.2010761805367647,0.04539204009532077,-0.017718009054790852,mid
dr_0766,mid_0766,0.15,3.540046660642648,3.390046660642648,1.4158249582103763,6.851135074931995,0.8357625300240281,0.2612985505511186,0.05059707601296967,0,0,1.3727363131019024,0.31680605670419504,11.645494330518659,0.9055081023494868,0.027251838594108888,-0.06664403121502949,mid
dr_0767,mid_0767,0.15,3.929749332020519,3.779749332020519,3.511990811918237,9.09776068236519,0.9589345084781955,0.11785655836284073,0.3606666313965157,0,0,0.802269132937858,-0.22031115017981806,8.02666480171826,1.1580894425876918,0.03885443186107274,0.0196487703283109,mid
dr_0768,mid_0768,1.9284654375010097,4.537858691202025,2.6093932537010156,3.566830547883307,5.211219345496548,0.716939353445776,0.4534296721511109,0.3115401891677589,0,0,0.7674006723838789,-0.2647462249853076,5.8044743744724645,1.5641456929150896,0.040047063819857884,0.025122999200061766,mid
dr_0769,mid_0769,2.9374995025146537,5.8040419410228905,2.8665424385082368,2.1759263666152124,15.052922854116122,1.1776208358878142,0.06420705638304523,0.2795145640966988,0,1,0.9283058887306467,-0.07439397903217067,12.279308752098068,0.4933616230423685,0.015197377153018929,-0.07466524932207577,mid
dr_0770,mid_0770,2.718965484548245,6.657235382669931,3.9382698981216864,1.413550249550673,10.971361423075976,1.0402605219998373,0.11172675919823748,0.12349935219311779,1,0,0.6391250335226669,-0.4476551731310979,8.891431315147797,1.341113946540542,0.044160960308892314,-0.05681555813553711,mid
dr_0771,mid_0771,4.830282640766628,6.147407467636173,1.317124826869545,1.8873232492489942,5.984165858504706,0.777003622028053,0.6104054099805937,0.15423748402953624,0,0,0.9540237646659421,-0.047066697292811224,11.789556798433559,1.4034181363921527,0.04206247244135156,0.021403763195120835,mid
dr_0772,mid_0772,1.4452998206543186,4.056842271964136,2.6115424513098175,2.899460863567562,3.289507441214218,0.5171308731544287,0.025042770229408328,0.15329229324047938,0,0,0.8292355939562716,-0.18725097368299884,10.739615062107548,0.7418922220426488,0.02174147509210656,-0.0678730865737672,mid
dr_0773,mid_0773,1.8335861999291407,5.301133085277898,3.467546885348757,1.3121010447618213,4.901426501433679,0.6903224946285431,0.48209842127335434,0.1806828736608834,0,0,0.7174369477815064,-0.3320702128662654,12.679216214986194,0.7301503722663182,0.019826929615387907,0.008337513333503827,mid
dr_0774,mid_0774,2.9847429782307113,6.0770558333014595,3.092312855070748,2.15026532851636,4.511664087167386,0.6543367570833628,0.5867115467855596,0.7149011242818548,1,0,1.3944161257432326,0.33247577980341375,4.869230271761102,1.9793049150109068,0.03223964445758669,-0.03815333880198006,mid
dr_0775,mid_0775,3.6967524999924555,6.874604754236363,3.1778522542439074,3.752833151387755,2.7145176332253462,0.43369266713282706,0.09770651477646966,0.09395499528698623,0,1,1.1968873042972645,0.17972427368683713,8.569394475344481,1.619505115976729,0.03352236582557354,0.01316568563923894,mid
dr_0776,mid_0776,1.469534640123182,5.430014750395738,3.9604801102725564,2.6462008838789575,3.247124892670284,0.5114989930160271,0.3901756308666879,0.17587343296782132,0,0,1.0415617842081022,0.040721302290740904,6.717150935696415,1.5736501962824652,0.06316289095313604,0.046476636935788934,mid
dr_0777,mid_0777,1.6950207577448375,3.542533497307603,1.8475127395627653,1.751550894386377,4.170288597672256,0.620166110618747,0.14206604436663328,0.5358618505014661,1,0,1.1900853310665787,0.17402501133126744,8.89619726411381,1.7226951243211184,0.03998269072246286,0.025316092119862833,mid
dr_0778,mid_0778,1.4744182660574978,5.315216238404318,3.84079797234682,2.0180796795493583,3.6351224264889175,0.5605190419497278,0.04402799962970087,0.1317461185807363,0,0,0.9138861259925143,-0.09004930391942936,10.837303657329873,1.1896673529505108,0.028218987349312066,0.03449777489557669,mid
dr_0779,mid_0779,0.9851433562633423,5.278572703251662,4.29342934698832,1.164929920522151,7.197252120010901,0.8571667163059027,0.24604232229205097,0.044186657178806356,0,0,0.9442016294481616,-0.05741554512672304,6.4649491359281,1.2993695861692534,0.02893374701981763,0.007868841330564409,mid
dr_0780,mid_0780,0.36867681785173634,3.40999236542747,3.0413155475757336,2.795041192779515,2.2330528256867117,0.348898996977788,0.1442669680236788,0.33632915819607967,0,0,0.6803057307524213,-0.3852129778059215,15.380271363521711,2.129480221685452,0.04716454536412324,0.02271755672616418,mid
dr_0781,mid_0781,0.15,3.0908587119476834,2.9408587119476834,3.434695853350602,4.885091472479504,0.6888727002187962,0.3228211736560937,0.2156951346566719,0,0,1.1236472495100118,0.11657986725949823,9.424958449259318,1.5888273746776755,0.040479661095211714,0.03637608021760523,mid
dr_0782,mid_0782,2.5487052717440895,4.795622864463192,2.246917592719103,2.131071326963379,6.833491724778907,0.8346426728336879,0.35622094570779617,0.0289533895454314,0,0,0.9047805167394705,-0.10006288763546652,10.185147878050557,1.2485344929292055,0.044130398068400876,0.018907102519511613,mid
dr_0783,mid_0783,2.2643891825421765,5.209771496505031,2.9453823139628543,1.5474788399693071,3.0196234996226967,0.4799527965235131,0.27665433920154986,0.1389777713064301,0,1,1.0509917492500227,0.04973424148343131,8.331854040977166,0.9796558957678521,0.05013105164698741,-0.005869510285493335,mid
dr_0784,mid_0784,1.6298023009826967,4.309873400760111,2.680071099777414,1.783432545045627,5.6144029092854115,0.7493035759151955,0.3790321297250667,0.38203608617242196,0,0,1.01731692761521,0.01716869842670355,6.43608348532306,1.0309152779093125,0.040470325813407294,0.00330734978857757,mid
dr_0785,mid_0785,5.469198754595013,6.928727940269458,1.4595291856744455,3.4109087762262065,6.233502459831052,0.7947321351924943,0.10126841224358836,0.4588496163096198,0,0,1.1929671116764589,0.17644357498763322,17.908556570488813,1.6160944257807377,0.02643974864738468,-0.0450422485046282,mid
dr_0786,mid_0786,0.15,5.891556321614733,5.741556321614732,0.9261752663341073,1.3538603768390318,0.13157387801602888,0.4133539288238169,0.2001286608201819,0,0,1.1397783192971254,0.1308337867403299,16.38151245202587,1.573970982872405,0.045732918870458474,-0.01787235824720328,mid
dr_0787,mid_0787,0.15,4.047511197926498,3.8975111979264985,2.426198360780139,2.9895413621726936,0.47560456653325284,0.06592389681491528,0.4578716024746451,1,0,1.364681827351557,0.3109213079510646,4.411667312934637,1.1309461690714104,0.034228742058595,0.05366340050245887,mid
dr_0788,mid_0788,3.8953545025383622,5.868770566392932,1.97341606385457,1.3594872945838978,9.95805820747758,0.998174660512692,0.1807384236246981,0.28628355969667413,0,0,1.050778142311499,0.0495309776150918,18.602619986268046,1.4203601278954316,0.034580137014262824,-0.09155634052580186,mid
dr_0789,mid_0789,1.0257339298765107,4.437779460560208,3.412045530683697,1.4362263164379112,3.272041057206357,0.514818744512211,0.32396509536195756,0.09948768865245125,0,0,1.1349674316125173,0.12660395590714552,7.6639684168856945,2.0700739835397,0.03427359478348542,-0.06750744625637341,mid
dr_0790,mid_0790,4.418487360903209,6.696254593836458,2.2777672329332486,1.1471449910420175,1.6034671281691932,0.2050600611144366,0.22894115715230565,0.1248105904491728,0,0,1.14980745945649,0.13959450179819383,7.019126211080354,1.686068834995997,0.026804294777268492,0.013389895661676265,mid
dr_0791,mid_0791,2.5737577665655436,5.285243568261812,2.7114858016962686,1.92297372352088,2.8181199631555516,0.4499594764339397,0.17943295576798013,0.09055686374603415,0,0,1.008808073935306,0.008769509141011508,9.57202903035853,1.7211334525175386,0.033921211080377794,0.04375398372870506,mid
dr_0792,mid_0792,2.9428451104495443,3.90262310273152,0.9597779922819756,2.970887486452751,4.684801639411303,0.6706912070204121,0.5977340222997044,0.10222722626091282,0,0,1.382964570064081,0.3242294341795467,10.748287061878534,1.9135670571142467,0.055959779233450045,-0.039280901454582344,mid
dr_0793,mid_0793,0.6516294537300791,4.044195675609504,3.3925662218794246,1.244717253244977,3.231239285647538,0.5093691203786395,0.611142774138124,0.8240231154450308,1,0,1.1333734912375415,0.12519857577114596,3.748835636776633,1.499562572879453,0.047515443502472235,-0.08919877335989476,mid
dr_0794,mid_0794,2.49433770719412,5.702512665160532,3.2081749579664116,2.1791660819419327,8.2195154467392,0.9148462159573156,0.2211698651804309,0.4885190902199222,0,0,0.9527273448124383,-0.04842651824356691,12.217555350468745,1.830517546378454,0.037800068569372625,0.00046292579481097245,mid
dr_0795,mid_0795,1.9284559679649926,5.777015905460949,3.8485599374959567,1.1562613983721368,5.329726247420726,0.7267049027812049,0.3020130098571226,0.24387283771497667,0,0,1.0726046959962234,0.0700899857001426,9.936923318853243,0.9960801592242696,0.05965861453552425,0.02710754096894649,mid
dr_0796,mid_0796,1.9220726280151963,4.001361536086271,2.0792889080710744,3.2598778527692693,3.6315488051060054,0.5600918851064735,0.5228551617516669,0.10669499863949558,0,0,1.2489958080708576,0.22233987490951193,5.279827038344434,0.5897913802610621,0.04314152705099347,0.03439339835408785,mid
dr_0797,mid_0797,1.879810319977925,6.423050085149416,4.543239765171491,2.950626252815642,3.9927642489832436,0.6012736682238216,0.3807357786961758,0.21190845484202123,0,0,1.028650077742251,0.028247338515070542,13.427174609249885,0.9272489350043356,0.020123853661177867,0.02209544441286168,mid
dr_0798,mid_0798,5.061169259842169,6.896057388434709,1.8348881285925405,0.9117667286655939,3.5310366102432242,0.5479022204076704,0.23558218580543047,0.1004694157299229,0,0,0.9119317226223654,-0.09219015725602239,11.341989167879973,0.9314926877235741,0.010685191327072314,0.036127733608662824,mid
dr_0799,mid_0799,0.15,4.852836156160638,4.702836156160638,3.414080650137036,2.600740721239948,0.4150970577139318,0.3804588269907629,0.4325122549690266,0,0,1.596618854661141,0.4678881774177188,7.326747788225266,0.717426249418235,0.02968311869159193,0.05038501529976901,mid
dr_0800,deep_0800,6.04935646819951,8.316444630787652,2.2670881625881423,2.300668763420639,4.311915904764729,0.6346702822221018,0.1521287712856091,0.24773196358257482,0,0,0.9070432470929648,-0.09756514853408413,7.586152484098451,1.4762793765513802,0.04207166855172098,0.026372017943763357,deep
dr_0801,deep_0801,6.886873740074178,8.673828269663218,1.7869545295890399,3.7481887350498506,6.590871395056235,0.8189428375144966,0.22411137630742672,0.36786567778518664,0,0,1.3251938420375549,0.2815587446153872,10.19856936774681,1.4475124961353443,0.030301211023500075,0.014875119577244987,deep
dr_0802,deep_0802,5.441073404285385,8.647138358253386,3.206064953968001,1.6169960829987802,5.956894396481682,0.7750199010167897,0.30738422929985787,0.16036334699106863,0,0,0.7198685159370223,-0.3286867004026415,6.773488043568784,1.2993077990648052,0.0441804213478015,0.020262336705617907,deep
dr_0803,deep_0803,4.856821406270244,7.878531556287376,3.0217101500171317,1.2070503360542493,5.788602726911102,0.7625737448629362,0.19670461909866196,0.07815206178078085,0,1,1.059217616122857,0.05753053759823417,11.97282504735784,1.3228135456125407,0.0414537353784402,0.007739154108102485,deep
dr_0804,deep_0804,9.794776292942911,10.788164090497935,0.9933877975550232,2.5721253768178016,7.057686675793675,0.8486623740587597,0.1416852146019373,0.09351617903917812,1,0,0.9739260912730935,-0.026419859868561327,9.752277337531588,0.9532039520279725,0.015188410783604219,-0.00602202056006901,deep
dr_0805,deep_0805,8.063437584437459,9.892441819884443,1.829004235446984,3.025471073480092,8.391847209539375,0.9238575680527552,0.10262135801733938,0.2869751090187608,0,0,1.2217503507591538,0.2002845442637715,5.858098620757848,0.451692903450685,0.05015066363468734,0.0473263105330488,deep
dr_0806,deep_0806,6.6335746726094325,9.931970887414822,3.29839621480539,3.3127759615484242,1.9589377306747933,0.2920206311687333,0.4450690702842831,0.41051381130463055,1,0,0.7683363653348299,-0.26352766602143185,14.635437527857846,1.4153859354404104,0.02015017963275642,0.006491694618139245,deep
dr_0807,deep_0807,5.307631266461241,7.709161359134219,2.401530092672978,3.3481287149929204,3.0891763790972377,0.4898427054143765,0.23394599429005192,0.07386342216254337,0,0,1.1619392337847134,0.15009036255690408,10.833597374931214,1.7458402520722038,0.04878922264618325,-0.0739025224347718,deep
dr_0808,deep_0808,6.3976722261692185,10.447892907098879,4.050220680929661,2.438410625243491,6.212290289831944,0.7932517413782484,0.38568655323630296,0.4934083707693853,1,0,1.0044471961834882,0.004437336627320341,9.9188289387227,1.5009723473056127,0.05611013206093732,-0.0233992528318237,deep
dr_0809,deep_0809,4.333991294778016,7.383825365546031,3.0498340707680143,2.6277159340460106,2.5573843751720906,0.4077960074438717,0.2400808575976025,0.24547902891046094,1,0,1.403927304642058,0.33927352694265606,9.260678756117006,1.3471926424255571,0.0281892151922193,0.03996407661432718,deep
dr_0810,deep_0810,4.730410683623607,7.725186371800971,2.9947756881773646,0.9720319873223601,2.605441622485206,0.41588134681133093,0.1356108085866704,0.5721028797877412,0,0,0.948378366073065,-0.05300173602421029,13.147323663876175,1.4643422409437123,0.05431260492119963,0.030481314665416433,deep
dr_0811,deep_0811,7.2268873368912745,10.154824102386709,2.927936765495434,1.878055555765838,2.6537264928476585,0.42385616013806326,0.03638498229818802,0.31947114338604266,0,0,0.8334677982572317,-0.1821602119020637,10.772209168173115,1.1078098129675462,0.030241175837981575,-0.016424640444099678,deep
dr_0812,deep_0812,5.44904501645895,8.894078088728245,3.445033072269295,3.2176584094603307,3.10267633912857,0.4917364737917692,0.007747285612128856,0.32192796886565667,0,0,0.8951286332143019,-0.11078784677283397,7.8934207797068385,1.3116911716389188,0.03615993392908661,0.03304232215455716,deep
dr_0813,deep_0813,5.228579275214442,7.5796714261509885,2.3510921509365463,1.8825544946862336,7.821940934844143,0.8933145321775908,0.2536545625440421,0.2014251703921858,0,0,0.7641218389142787,-0.26902802751171623,5.943654581152673,1.7076811926375,0.03426878983597818,-0.0473960233614,deep
dr_0814,deep_0814,6.575819369760788,8.33198049008068,1.7561611203198915,3.4807564275167504,4.362052368799238,0.639690875214256,0.3162634284714136,0.08106888942620852,0,0,1.0722409469459648,0.06975080133511113,8.022001174809091,1.0068662575750835,0.05169347464169324,-0.0002010150814075637,deep
dr_0815,deep_0815,5.510669034132747,9.371956256092194,3.8612872219594463,2.990218058867082,5.264957976084006,0.7213949090775051,0.43228117219584533,0.13602322652122484,0,0,1.142834098299281,0.13351122843309765,11.384918776326204,1.1710627991198521,0.029692992539773082,0.038812247393938,deep
dr_0816,deep_0816,6.875552733323692,10.692520104895172,3.8169673715714794,2.5936374510432074,2.6560311818158344,0.42423316934472244,0.16666158592684718,0.6089723314179091,0,0,1.0405981852406232,0.03979572591773385,5.1608212130246365,0.45873062783621343,0.03698285715002541,0.042885584864270576,deep
dr_0817,deep_0817,6.228435270163388,7.795539750745375,1.5671044805819871,2.850283687652582,5.901558157920327,0.7709666913109826,0.2496168567622515,0.5322776762252398,1,0,0.964640618926563,-0.03599966262721208,7.515071602885607,1.422900402827797,0.03412905543895663,0.05884845290715687,deep
dr_0818,deep_0818,7.339252760248833,9.859641539423913,2.5203887791750805,2.310497840160808,4.912482519960975,0.6913010180403791,0.19221625112373905,0.12818452790122706,0,0,1.121488603412263,0.114656913011436,9.208877705345925,1.0372876725692914,0.03806545587164236,-0.03219415299885211,deep
dr_0819,deep_0819,7.600298382724418,9.394762448578081,1.7944640658536635,1.9574126596044494,7.212569968700747,0.858090039248467,0.265834279586114,0.6084900968546004,0,0,1.1121373491525108,0.10628370362590846,18.505823079350193,1.3247321733357502,0.04598661644974444,-0.047745744708787195,deep
dr_0820,deep_0820,4.680484724937992,7.806336937925018,3.1258522129870254,1.6804902663939472,3.4082106568179658,0.5325264300694905,0.06954563621280889,0.5357915845524037,0,0,1.1532446789358224,0.14257942947230853,9.972610763250225,1.2859809950471284,0.04611589195348707,-0.01073450748860479,deep
dr_0821,deep_0821,8.745642090747115,10.554064364516258,1.8084222737691427,3.474438913634727,1.932931018331062,0.28621635537736995,0.44252546029848655,0.24814401659451327,0,0,1.161129519477095,0.14939325504403145,7.8451148760047165,1.486212033714565,0.06078776831529142,-0.06480417234544414,deep
dr_0822,deep_0822,7.383603150304122,8.615702090165222,1.2320989398610998,1.487448801179513,8.702831336085506,0.9396605668249625,0.2465669770551663,0.1881167759193296,0,0,1.037978269167373,0.03727484923300226,3.9874617372600785,0.9131957210826558,0.03874611667354069,-0.1116159376401363,deep
dr_0823,deep_0823,4.949989316665816,8.017126688524215,3.067137371858399,1.2962506226583785,2.8397254467410304,0.4532763531705346,0.014923330643616546,0.24789552095521156,0,0,0.9334689551792573,-0.06884757292266626,6.356262824312596,1.2405998195175256,0.022483442638248065,-0.006973585147301868,deep
dr_0824,deep_0824,6.339223213676993,9.572522608061032,3.233299394384039,2.8547265510119426,4.493259901517737,0.6525615400108922,0.7291663455525637,0.05039628165376501,0,0,1.1263061528712712,0.11894338696280833,5.194854397528914,1.3747333865936953,0.01287634395805819,-0.08273662725344462,deep
dr_0825,deep_0825,6.807946846055017,10.060642486716505,3.2526956406614875,1.1821946711073013,2.171773518645692,0.3368145332874719,0.30566326107749064,0.4666336261143635,0,0,1.3032763761207966,0.2648813831881506,11.89498331318397,0.8530372780700075,0.04694058524934334,0.018654116986716075,deep
dr_0826,deep_0826,5.695199213175796,7.470771727276004,1.775572514100208,3.2812758425101065,3.4950401038920482,0.5434521634290804,0.27293808681667275,0.5083315256809384,1,0,1.336838906699255,0.2903078022286465,13.288236250233151,0.7580665605152823,0.04033821086444155,-0.05501249611687092,deep
dr_0827,deep_0827,6.101041140230917,10.1162863100642,4.015245169833284,1.8928665972895264,4.186677700050367,0.6218695292033327,0.7826101240942279,0.312017736828162,0,1,0.9273411636472197,-0.07543375129824524,7.43602159394905,1.6860078489907753,0.03564865834448627,0.014325371383046027,deep
dr_0828,deep_0828,6.183466138459602,8.841466417743849,2.6580002792842468,1.0425242750764605,4.704580407310828,0.6725208955814382,0.3597247535789127,0.24133372932051195,0,0,1.0493044940637744,0.048127558088571505,11.453655511863838,1.9595276924779008,0.055513987025080376,-0.014538336382810126,deep
dr_0829,deep_0829,6.643612834342034,9.258034412660287,2.614421578318253,1.28502239085748,1.4545599755069538,0.1627316331078058,0.6266799337067216,0.17113683679207198,0,0,1.0276321391535301,0.027257261702160446,10.281684280046216,1.8414431629086918,0.0456389038995702,0.07702926333043793,deep
dr_0830,deep_0830,6.0376301654862115,9.021541238908153,2.9839110734219414,2.4872270499227636,1.965777265850043,0.29353430815928283,0.25354363744358416,0.43323455361355034,0,0,1.149126800927551,0.13900235041695821,4.084864598853762,1.8379859914383845,0.02533646341744806,0.04006253997233472,deep
dr_0831,deep_0831,3.388512633506263,7.831189503033448,4.442676869527185,1.534946450978612,2.8613157402672864,0.45656578394641256,0.08007387944962617,0.07450975473065903,0,0,1.0363154163296358,0.035671553416630405,9.036102249286339,1.4627949032319427,0.03890208392613261,0.006555367781845514,deep
dr_0832,deep_0832,4.674398060818778,9.148351329501317,4.473953268682539,3.389048682659674,2.9559728393148466,0.4707004392661309,0.1303095412221992,0.31572393735545157,0,1,1.002623131959859,0.0026196975538420857,10.067551706131258,1.2265390969134302,0.017023344415030547,0.035206315316622744,deep
dr_0833,deep_0833,8.587282546079116,10.227546192661917,1.6402636465828007,0.927857219402618,6.399254304538477,0.8061293692507081,0.23025205504482546,0.35892976057727977,1,1,1.1544360305000996,0.14361193944237963,4.748015685531658,0.9261251804547557,0.03782310859896848,0.021482857197167877,deep
dr_0834,deep_0834,5.844083111862426,9.897861890143082,4.053778778280655,2.8084619491913694,5.102421449059069,0.7077763275472879,0.08202964461598587,0.3073188747615024,0,0,1.1762367546760095,0.16232015121728952,8.635999884944441,1.288017968667439,0.04870370990059561,0.10815111355512312,deep
dr_0835,deep_0835,7.023959049438422,8.967608437189416,1.9436493877509937,1.9369755416170338,2.6376214143329437,0.4212124601014592,0.14930547693233073,0.44205313961941767,0,0,1.2758447951360983,0.24360854361871564,11.22012799775537,1.3237703964731777,0.017448727307936045,0.0359798478127093,deep
dr_0836,deep_0836,5.626255632267916,7.981135429350824,2.3548797970829085,3.4227624190565376,1.992118044281232,0.29931506925887946,0.2059221896053417,0.021146182702122096,1,0,0.9136564679941734,-0.09030063376564515,9.533759772678891,1.3589881535320072,0.05526951360828303,0.028517867977123655,deep
dr_0837,deep_0837,7.103642831359284,8.641001452631517,1.537358621272233,2.097394497960066,4.15436619599756,0.6185047757550495,0.26339783048592175,0.19460873382045774,0,0,1.140125099543857,0.13113799282778105,7.532767576876581,1.581032425512444,0.036733348826733486,-0.08214447296087081,deep
dr_0838,deep_0838,2.705247085836757,7.01130876137259,4.306061675535833,2.381836662641467,2.2484211560439222,0.3518776630423146,0.6188031327937967,0.09646745092573021,0,0,0.9855295938257259,-0.014576123590382307,10.733686360371282,1.812696418483037,0.04419639710246242,0.022088435266105887,deep
dr_0839,deep_0839,7.547148085989679,10.827649671789933,3.2805015858002537,2.235832208245951,1.4302967550768932,0.15542615335433463,0.16619119135266472,0.17995103444483693,0,0,1.0522311255583299,0.05091279128583944,13.671381347665903,0.9054768559674324,0.026516654438469827,-0.08041148234343272,deep
dr_0840,deep_0840,5.622615822142713,8.254570967838152,2.6319551456954393,1.180776943691466,2.4338468318306474,0.3862932434980526,0.31513839966926777,0.18595770305916037,0,1,1.0882706928354688,0.08458991605053315,17.086051943035606,1.2822311097372119,0.026440423073664503,-0.01342852244974597,deep
dr_0841,deep_0841,8.35167233400996,10.868937950278562,2.5172656162686025,3.646769471836498,2.022473163531932,0.3058827676107274,0.05053386673112995,0.12307918661532098,0,0,0.9595065652063528,-0.04133612123746501,13.106575114718922,1.780694629820715,0.03983113796355438,0.009115728947064819,deep
dr_0842,deep_0842,9.338548630446986,10.943859854875718,1.605311224428732,2.197544571542821,9.774487514923559,0.9900939962187575,0.3603244569065064,0.1440538358464946,0,0,0.6823389235382332,-0.3822287892454295,12.030667267998375,1.2427424340253108,0.034204363844052794,-0.024931902431717265,deep
dr_0843,deep_0843,4.955695355744045,8.635034314275774,3.679338958531729,2.286830939555491,3.6337389174399686,0.5603537202234083,0.11941844352693096,0.36407631139633373,0,1,1.006723734840587,0.006701231350831605,18.74052419134929,0.8356572485941447,0.03211860598558102,0.030031649966762008,deep
dr_0844,deep_0844,6.780551810636849,9.322756984790972,2.542205174154123,2.7906815903177664,2.556884439731406,0.40771110021206725,0.34369599726473393,0.4543348073078015,0,0,0.9005291922880081,-0.1047726970259348,17.174532749023452,2.1197393874554917,0.054238084256681,0.07606119899988482,deep
dr_0845,deep_0845,6.400026996894333,9.365601533274111,2.965574536379778,2.12495261538587,9.123926942327225,0.9601817991088661,0.44719560321233065,0.3913203828830748,0,1,0.9020107277827449,-0.10312886566125298,11.077497366293864,0.8857563280617801,0.04480274904232429,0.008001485570249831,deep
dr_0846,deep_0846,7.785030436559538,9.427339988177,1.642309551617462,3.015178474594369,9.524475642900224,0.9788410755116023,0.25847633594639724,0.20404287499202914,0,1,0.8775157331640906,-0.13066039427112108,5.57642535952265,0.5257271539490166,0.010335017071150414,-0.0046254556021915584,deep
dr_0847,deep_0847,4.869550201275534,8.23450407923563,3.3649538779600965,2.982139278834544,2.922451335657405,0.4657472880694913,0.05923294588056223,0.2798633086035828,0,1,1.2184333881075247,0.19756592546327809,6.462366664753378,0.8495785697765412,0.04353843991440672,0.03195656689089851,deep
dr_0848,deep_0848,4.268281667772649,9.736171040392964,5.4678893726203155,3.261230721074656,3.3458927626391963,0.524512017516878,0.6073987676015759,0.288347146250926,0,0,0.8205192893642038,-0.19781785944837432,10.622719403339715,1.2593552052435049,0.04546818168142099,-0.04985026748865312,deep
dr_0849,deep_0849,3.5530511041425843,8.132728594584211,4.579677490441627,1.8780096931084924,3.006336951992913,0.4780376549568601,0.14454053597349759,0.17939343354082665,1,0,0.8565232257599825,-0.15487384452785022,3.9184557223922942,1.1355277604668776,0.02526313905862711,0.016286349290427292,deep
dr_0850,deep_0850,4.409118447028069,8.265286258439291,3.856167811411222,2.3694665559043724,5.105541053200225,0.7080417726654699,0.3445028828457904,0.47357776600656915,0,1,1.0339002279072087,0.033338280044966,8.567541396837417,1.01654123846642,0.04698448803919185,-0.026063798023998688,deep
dr_0851,deep_0851,7.384883158129572,8.872915797555184,1.4880326394256116,1.2327362091523328,2.372098899162336,0.3751327919709249,0.03153574528318975,0.5312053638152592,0,0,1.2613408672615527,0.23217533549117292,13.374505237265101,1.1608359707835656,0.04763522238140194,0.047284602073495316,deep
dr_0852,deep_0852,5.332509234151703,8.221739169860342,2.889229935708639,1.971702478213802,3.6325546803582625,0.5602121603958342,0.3709809030909111,0.027060012032751664,0,0,1.1202599069394439,0.1135607181526609,13.331625446182109,1.4623364344846008,0.019568406334745728,-0.035621653872072355,deep
dr_0853,deep_0853,6.4158898545715015,7.630748832627949,1.2148589780564478,3.5944539831659483,3.8222822389060975,0.5823227523877272,0.2393334930597012,0.35382044008993707,0,0,0.9724264310669857,-0.02796085563953401,11.05234363166231,1.2840323352985106,0.04262402262911368,-0.016827544104833714,deep
dr_0854,deep_0854,5.432491262208073,9.534204010267334,4.101712748059262,3.2500442293551104,1.9730488044668575,0.295137827902219,0.3419066388714868,0.0832033208485121,1,0,1.0446838122681412,0.04371426764042414,10.134200522928765,1.1670015746563511,0.03417444666561586,-0.05886586158398942,deep
dr_0855,deep_0855,5.843254595804384,7.752771414386563,1.909516818582179,2.2021485627333255,2.6377480572682015,0.4212333118458768,0.37595069270353937,0.07205165247216759,1,0,1.0594355905865545,0.057736304605100854,14.25609001049947,0.8736234179182183,0.034279446625423815,0.016420788053439273,deep
dr_0856,deep_0856,4.666746134340049,7.829979171068242,3.163233036728193,1.021800786660511,2.2065009026419746,0.3437041094457305,0.16944580450160754,0.0928405660872625,0,0,1.2179522849457607,0.1971709935989693,6.074155067084276,1.4519693941098746,0.056401064483080375,0.039093859891884825,deep
dr_0857,deep_0857,7.581902085989556,10.4906454982712,2.908743412281643,2.5092707483071055,2.6395586336821837,0.42153131361934104,0.3822897536995612,0.15275416183856144,0,0,0.7933907703853629,-0.23143940396003887,10.223075697191787,1.9971461297553073,0.026507724670693296,0.0689318306992351,deep
dr_0858,deep_0858,4.69604440421732,9.08547420588055,4.38942980166323,3.0888598751485628,2.1635973239871684,0.3351764356197564,0.3555411469383553,0.4081992502931906,0,1,0.8362763507393111,-0.17879615743607433,9.00757353310021,1.0544725091305487,0.04227399854527972,0.07781071448534363,deep
dr_0859,deep_0859,6.542404088191115,10.208851692899747,3.6664476047086323,2.37313125603307,2.461711847446095,0.39123721578130366,0.07498316696455083,0.2871754724688545,0,0,0.9378985173551632,-0.0641135262818393,4.473065206026675,1.1018587418517893,0.012949907647614604,0.01027121169666653,deep
dr_0860,deep_0860,5.602498090336381,7.376140727927805,1.7736426375914238,2.9040668086228485,4.758363520158306,0.6774576173498716,0.16862239872547014,0.23874813659481278,0,0,0.6972525923390136,-0.3606075345337793,6.867717062384653,1.161909230238716,0.06690637745286214,-0.0230551710987853,deep
dr_0861,deep_0861,6.388058556362516,9.033854808032721,2.6457962516702054,2.2718548861514476,2.0269841822734804,0.30685035965593566,0.36902143188295017,0.2996616256051254,1,0,1.2965868754105483,0.259735331395749,13.340743683026528,1.4357309126603215,0.05348994940953249,-0.0750263410087618,deep
dr_0862,deep_0862,6.316754221686846,8.806527449404342,2.489773227717496,1.6045882640261897,2.4465940894409934,0.3885619222170636,0.10643331743388754,0.3431871903169088,0,0,1.2305182190008646,0.2074353969164168,8.945313129302576,1.0044780470627706,0.02072447269548338,0.06793933521279287,deep
dr_0863,deep_0863,4.684267513253686,9.667473366497692,4.983205853244006,3.0661586550547373,3.0626394180116283,0.4860958678525752,0.5496249649776451,0.1055869374567722,0,0,0.8186289987140776,-0.20012429078450705,14.492412044329445,1.047281578624653,0.03567444031466844,0.04498689918938711,deep
dr_0864,deep_0864,7.010681279235584,10.603175541318315,3.592494262082731,1.4108929693849874,2.3176209475469767,0.3650424075335326,0.5293615948603645,0.18111828993730286,0,0,1.3707357486210474,0.3153476384732502,8.967606491446524,1.552763145738537,0.05526103976302515,-0.02824185475751875,deep
dr_0865,deep_0865,5.90993936296616,8.563935740345354,2.653996377379194,1.095674633308858,13.203522427754121,1.120689807483326,0.5997381657899215,0.03763239597561695,0,0,1.1737993601730623,0.16024580405169664,10.365032348008373,1.7203210460868958,0.027382983916776283,-0.0323451111606262,deep
dr_0866,deep_0866,7.436284266478312,10.876575921764658,3.4402916552863463,2.1425378726880258,5.286648536127534,0.7231804388533599,0.7842340952091084,0.26105387115280343,0,0,0.7869749224924444,-0.239558895758009,17.8861312631255,1.175885047037145,0.021594982139030924,-0.010520200341225042,deep
dr_0867,deep_0867,8.092039185349769,10.436555972780003,2.3445167874302335,1.9471580103580028,2.7182473711866972,0.4342889766984813,0.17745078436031456,0.2712539961993568,1,0,0.6928544428219636,-0.36693534107150527,9.91469185405313,1.7933603029690506,0.028835012100801603,0.04685366766434301,deep
dr_0868,deep_0868,5.312778603145149,7.290366424505754,1.977587821360605,1.696816480377941,3.116608663588243,0.4936822735909408,0.5216936879834816,0.34996246596491787,0,1,1.4807804455550977,0.39256927686520116,8.597708997201337,1.1595922418297095,0.018213241468718132,0.0393639512289674,deep
dr_0869,deep_0869,6.9623293357169995,10.241694599497677,3.2793652637806776,3.039641892783389,2.8783895706631615,0.45914957241488474,0.36500686771280366,0.29999196337161854,1,0,1.1830542626678493,0.16809945264072013,6.046846823210143,0.72017779178448,0.039638464506830076,0.020201640841659645,deep
dr_0870,deep_0870,5.056971985911083,9.025350611827466,3.968378625916383,2.9229268879712236,1.8105228118612038,0.25780400112377333,0.3006459561546216,0.5263345384072176,0,1,0.9984063305548326,-0.0015949406871234193,6.626136702455486,1.4939268581203788,0.02896070075158249,-0.059643319542150575,deep
dr_0871,deep_0871,7.156191063874053,9.722666043353467,2.5664749794794135,2.603667166665473,1.819067613642164,0.2598488418265188,0.08394869616532458,0.13818982482041028,0,1,0.7403740900007351,-0.3005996934916419,8.574623165046164,1.3652073697273135,0.025363807464529542,0.017140692031286164,deep
dr_0872,deep_0872,8.028610716978426,10.428933462273553,2.400322745295128,3.7942623786200937,3.334229519780448,0.5229954922356064,0.07024652159700413,0.130861990121149,0,0,1.1096343706395522,0.10403056524129997,7.722928132477504,1.0658512763392736,0.03697379872829438,0.007338746852692896,deep
dr_0873,deep_0873,5.89543975258179,10.108087104972427,4.212647352390636,1.251491616519702,4.043274286890219,0.6067332039214373,0.2811992955306599,0.1909905968947673,0,0,1.1108198713730815,0.10509836553525864,11.859076694740395,1.2904258813649803,0.05350922897551799,-0.04537195332830282,deep
dr_0874,deep_0874,6.165535456552053,8.54228526790114,2.376749811349086,1.592218736707037,3.7233014244865346,0.5709281964902699,0.1725741339508307,0.022673771496808416,0,0,0.905113453291933,-0.09969498038594708,7.250898506818633,1.6240202776033552,0.015618871486485334,0.0390124708661657,deep
dr_0875,deep_0875,5.650292911621403,8.811509028519605,3.1612161168982027,3.0921674973426456,4.300306979039961,0.6334994589620231,0.2852848104968378,0.018731599843002447,0,0,0.8291581376249838,-0.1873443849518296,11.498779520310068,1.1363737486666858,0.056611178368500936,0.017771504806448388,deep
dr_0876,deep_0876,7.022712188463602,10.539252447384076,3.5165402589204735,3.745049471821948,2.5959431939902076,0.4142951847359905,0.592197955890995,0.21090298676202934,0,1,0.7281881220181144,-0.31719585480185863,9.844430937469593,0.7286795152293698,0.026570456787986266,0.01721774876445266,deep
dr_0877,deep_0877,4.876523267571544,8.608863301614152,3.7323400340426076,1.331778617129392,4.229633625912131,0.6263027500852614,0.47065494610310254,0.22596562269219012,0,0,0.83495378157581,-0.1803789070694428,7.122280989401088,1.453779578407308,0.031534443485458565,-0.11650890697986256,deep
dr_0878,deep_0878,7.240064408854581,10.172116193302854,2.932051784448273,3.0233840290307863,4.32435512502276,0.6359213519105051,0.3323407964449761,0.022379552363671014,0,0,0.9583121889544896,-0.04258167836186597,13.72838197182683,2.5059670183631244,0.027826877008929114,-0.006223308879367399,deep
dr_0879,deep_0879,6.728506237369906,9.253527781896539,2.5250215445266324,2.2919752323284937,3.9267553422935357,0.594033843261281,0.24599877706123957,0.011966555837192267,0,0,1.3445396570253503,0.2960516920339634,12.001341172503874,0.5554071800839259,0.023581137826867254,-0.024395700331661326,deep
dr_0880,deep_0880,5.938043372586279,8.748651863511093,2.810608490924814,3.529638950189894,3.4763849481882407,0.5411278608771658,0.3533129012993728,0.4129943201706001,0,1,0.9193171379329718,-0.0841241259137684,15.358526953858874,0.7805926761013626,0.04674723691620914,0.05881595740942591,deep
dr_0881,deep_0881,7.889504339017058,9.730871809981886,1.841367470964829,1.9739986800368508,1.3959672652176645,0.14487523440317457,0.3306745120564115,0.5225184339559832,0,0,1.3282314717134291,0.2838483368546175,15.66260432533948,1.0058081597812334,0.0334800755631691,0.030415304153322158,deep
dr_0882,deep_0882,8.120505516904378,9.877008032607336,1.756502515702957,2.3895838359393817,1.7597174587406852,0.2454429428367717,0.41796162312420965,0.07977066888554474,0,0,1.3103619499178436,0.2703033966971036,11.053762603498988,1.2371336063103977,0.021862137173482163,0.05117462194056027,deep
dr_0883,deep_0883,6.467201298928122,9.715908633024307,3.248707334096186,2.4211292077783364,1.9875486071482045,0.29831775848982367,0.18562668785009423,0.44044924826815174,0,0,0.9601619399111816,-0.04065332133889515,9.65676078559133,0.7624896207507521,0.05542116717939932,0.05558385370350265,deep
dr_0884,deep_0884,6.694983548783279,8.398147636177232,1.7031640873939526,1.361898834498046,6.753298053394163,0.8295159175104839,0.20572616162907034,0.3363372764193241,0,0,0.9213805635905479,-0.08188212113460204,10.050551946212511,0.6637428263838393,0.04299841746930237,-0.026353708197192877,deep
dr_0885,deep_0885,9.076465457457372,10.075424513301696,0.998959055844324,3.3695979726567438,3.028202533564002,0.4811849184725918,0.389419703786306,0.13806682607512677,0,0,1.0258075928929895,0.02548019786900362,7.418046012898468,1.2971249228051112,0.03868086787124132,-0.0256081444134642,deep
dr_0886,deep_0886,8.000882399808956,10.697762588084377,2.6968801882754203,2.7290281344673035,7.43604949463705,0.8713422717905842,0.04683510585009222,0.11394905192333116,0,0,1.0802263318567753,0.07717058571418084,13.48938812912767,1.9880239414154586,0.012024217559066092,-0.03410061329663463,deep
dr_0887,deep_0887,5.522319524434797,8.53462587177591,3.012306347341113,3.643046846611924,5.427868089571542,0.7346292847011671,0.1935338535304251,0.3509731291939305,1,0,1.0870976519949813,0.08351144034597206,6.663173343669154,1.4262161300368992,0.032582835656447304,0.058831721400548355,deep
dr_0888,deep_0888,5.5738088603326545,9.263207342931757,3.6893984825991026,3.0126520747561676,1.4284687604463282,0.15487074712399274,0.51307299336592,0.42950476783802843,0,0,0.9801156434823799,-0.020084710725942236,8.465273673968222,2.286455859652827,0.05653985578569859,0.07655744292187865,deep
dr_0889,deep_0889,2.8708356942220092,7.491860618008619,4.62102492378661,1.358087966322946,2.2369289074141308,0.3496521818577525,0.20854567994155873,0.4150590864286044,1,0,0.9476245824326363,-0.053796865251975065,10.19329942464377,1.2060336158346208,0.028646613743090757,-0.023434010382460624,deep
dr_0890,deep_0890,5.4270184423991905,8.67366312662672,3.2466446842275287,2.6683859805032997,2.1725913912908643,0.3369780543490116,0.13379222161641693,0.6489261858625642,0,0,1.2735582283856104,0.241814737506051,12.462113834231914,1.4168583572562952,0.04777461812699169,-0.01524581684625362,deep
dr_0891,deep_0891,3.772189670187977,7.744773429660002,3.972583759472025,3.608421549089281,1.5486622411032045,0.18995670967662237,0.05322962373633046,0.2338912685923582,0,0,0.9014944734000084,-0.10370136680679826,10.848159794643031,0.9430286242103705,0.02462559483989047,-0.041447342304886954,deep
dr_0892,deep_0892,7.58379128628766,10.776801551989319,3.193010265701659,1.9281362981599313,3.4122869731646515,0.5330455481757289,0.4552876052233751,0.2072933805750583,0,0,0.9476574915659309,-0.053762137826702174,7.778569428478988,0.5929118170450552,0.034041095887743775,0.06358089275924304,deep
dr_0893,deep_0893,7.240218519677098,10.207240661599219,2.9670221419221203,3.077292948073678,3.163468110342994,0.5001634608682282,0.5062797844674751,0.38003780616949384,0,0,0.9717584843054622,-0.02864797833297983,7.985084355431674,0.8311095244664941,0.03261089063454755,-0.004131809935577909,deep
dr_0894,deep_0894,6.558682102426129,10.587399214877287,4.028717112451158,1.4288216669862273,1.6711127172040254,0.22300574421341257,0.3248791900092379,0.3278731605600662,0,0,0.9274327425301107,-0.075335001922205,9.53787226907644,1.0337311374237435,0.03685910787443063,0.030151976035333063,deep
dr_0895,deep_0895,4.822660794056317,8.321182584264784,3.4985217902084678,3.662801224079643,2.4266466442485832,0.3850065412163574,0.705083530849907,0.05799210142186259,1,1,0.9630628675425699,-0.03763658630076343,8.290205556337247,0.6529826166850297,0.058989248326097726,-0.005559993328398221,deep
dr_0896,deep_0896,6.434350161424131,10.063512053792886,3.6291618923687547,1.6691617853273606,3.668143404231454,0.5644463058553962,0.2741200528618386,0.26973177296959927,0,0,0.8799458576065194,-0.12789489884978983,15.082615902699642,1.4011004361775887,0.026782172834441245,-0.03308927362821736,deep
dr_0897,deep_0897,5.531531642589064,8.520655610137148,2.9891239675480836,1.6238857690866233,4.451816847056029,0.6485372886480435,0.5513415677621696,0.09204997811139369,0,0,0.8600974321853052,-0.15070960291305097,7.949490414444398,0.7167182457693696,0.03925692667047023,0.008473229063384557,deep
dr_0898,deep_0898,6.143141207732382,10.187812145801516,4.0446709380691335,0.964180314309099,1.253440788114456,0.09810382293521169,0.09335135496539795,0.24186676000055113,1,1,0.8560515695566815,-0.15542465984583323,3.6015008727555475,1.2083959192881906,0.036115292441427624,0.03945131470194274,deep
dr_0899,deep_0899,4.197154412246368,8.107010430872123,3.9098560186257547,2.0565215896945603,1.5424972099205307,0.18822438715117007,0.16164690778106383,0.09246707652892748,0,0,0.9031991900119336,-0.10181216294521178,13.704819813602311,1.4121556540441094,0.03469335710896239,0.012770056397567694,deep
dr_0900,deep_0900,6.870844315104151,9.751186658532758,2.880342343428607,1.0472543171336508,3.5663354947913524,0.5522221960134845,0.24346533143994287,0.07359756944679502,1,0,0.945649082893261,-0.05588372706439625,8.831461630281863,1.5776072869954867,0.02684797293399084,-0.011727235850760404,deep
dr_0901,deep_0901,7.5070410071637905,10.119667375550192,2.612626368386401,1.4238671077675253,2.3450721547161484,0.3701562099137768,0.39650981726665635,0.2476804927274771,1,0,1.0780960635835148,0.07519658130268878,12.93125865955587,0.9947247319763464,0.027511459466064706,-0.0005935719653777525,deep
dr_0902,deep_0902,5.7407000294424195,8.622601350018028,2.8819013205756088,2.782540763751259,2.441592498122555,0.3876731818920115,0.35263453671193595,0.2040207851977544,0,0,0.9008704410221305,-0.10439382636126451,8.451853740260635,2.1759203660161903,0.017533993344636963,-0.1109966840169811,deep
dr_0903,deep_0903,7.592845003550751,10.677650170286142,3.084805166735391,2.187324179373386,2.5767833477500672,0.41107790522842125,0.22072565916408465,0.1804347707486479,0,0,1.3416183625619318,0.29387661849486163,12.440093833648866,1.7975580328393355,0.042417409452609155,-0.025585580530333905,deep
dr_0904,deep_0904,7.548295820269402,9.832206347139909,2.283910526870507,3.755757291499835,3.8971396068323454,0.5907459637580306,0.14247281698738953,0.33095224226600567,0,0,0.9191877494320975,-0.08426487996014283,8.417189699987865,1.5009465020023585,0.018558875672024532,0.002482588726743729,deep
dr_0905,deep_0905,5.533093563099266,8.620028900809306,3.08693533771004,3.060170008560986,1.6965562958414235,0.2295682751615915,0.14472903194515274,0.29986853590292506,0,0,1.006558545740079,0.006537132056388731,6.787687431070577,1.4710454908306287,0.041522689284882806,-0.08539546298978837,deep
dr_0906,deep_0906,6.890410410597319,10.554106128370206,3.663695717772887,1.7246939458425063,2.6408817207158193,0.42174895054779615,0.2873687439152102,0.16090187382199322,0,1,1.1599962118795748,0.148416739491885,9.835187817691455,0.9111557671282511,0.021239889793913405,0.046946425593990516,deep
dr_0907,deep_0907,7.178859785769589,7.902928484091948,0.724068698322359,3.6976025605168803,1.5951436661225031,0.20279980375334655,0.3113890125591516,0.5929589272701121,0,0,0.8065221749872716,-0.2150238864603665,15.771843232543683,1.2284272656409994,0.042790507159504124,-0.023309192472513552,deep
dr_0908,deep_0908,6.258924268686417,9.561518613032518,3.302594344346102,3.3101778188676154,2.465286236915536,0.39186735115724947,0.11059011542358292,0.3138120240634423,0,0,0.7956980584445764,-0.22853548866122472,17.995035024656136,2.02572129139989,0.019939711762461045,-0.011310970606898098,deep
dr_0909,deep_0909,6.8616841806008475,9.261012036840214,2.399327856239366,2.8941598922156317,3.230761533759931,0.5093049034233393,0.40504475153720065,0.4714174507789339,0,0,1.279274436504087,0.24629307073213919,11.808089877191126,0.5824390477998845,0.027836485671374672,-0.05645825287834912,deep
dr_0910,deep_0910,5.946001885454923,8.655931629330905,2.709929743875982,2.2482888690142557,6.268845100569726,0.7971875388134466,0.5410948583193583,0.18996578699660951,0,0,0.6632754709805446,-0.41056488341400915,12.549619300987057,1.6269819290587646,0.02873926499066446,0.07121463830974392,deep
dr_0911,deep_0911,5.027737316331289,8.002868233858852,2.9751309175275624,1.6385033263010307,11.09712916333143,1.0452106409684303,0.18073671550287948,0.45330472788140924,0,0,0.8905199091857351,-0.1159498191910165,13.797856086744932,1.1212564674104972,0.04887449017190957,0.01497504985198662,deep
dr_0912,deep_0912,8.129203613615644,10.395883245318096,2.266679631702452,1.1721487118890637,1.6574037688358219,0.21942832206816143,0.570135574872158,0.2938789794043056,0,1,1.0739504644402205,0.07134387252785873,7.238851741023842,1.079379826224968,0.03974388904504986,0.10977117859329856,deep
dr_0913,deep_0913,7.245334247305507,9.51109231134981,2.2657580640443022,2.0616366775955153,3.6957372076098007,0.5677010823146971,0.05926795173178278,0.14665035062773535,1,0,0.8336366205186652,-0.18195767838333612,7.745767365763061,1.3818858288386944,0.03474928792623649,-0.01926110671691785,deep
dr_0914,deep_0914,8.73416911273717,10.501813505127723,1.7676443923905527,2.5253332006616875,4.365641453268056,0.6400480645702383,0.051307621539351464,0.18377103490183988,1,0,0.6462669630251284,-0.4365426051091984,7.286205093107908,1.3306027553027164,0.034656679451254446,0.023259296945061566,deep
dr_0915,deep_0915,7.011156854398138,9.7809779961573,2.769821141759163,1.0658897627191755,3.0046930674138994,0.47780011496220204,0.5383583484823509,0.082900039631618,0,0,0.9722661010199934,-0.028125745507428464,13.538053604148887,1.0836168386790415,0.02770909223901439,-0.01925974471519196,deep
dr_0916,deep_0916,8.10653666178273,10.781977739455044,2.675441077672314,1.2145879427698465,16.016516722810728,1.2045680715142015,0.25692761507721823,0.25014319257324363,0,0,0.8723231274462785,-0.13659536471516084,11.91667337588452,1.302738121017114,0.02107511647216527,-0.02117853521824285,deep
dr_0917,deep_0917,5.715777156518864,8.809768179467635,3.0939910229487717,1.6843498794020197,10.788064946494057,1.03294355233583,0.22809609344865686,0.6113057512965617,0,0,1.0145512896531954,0.014446435588536989,8.779822927372711,1.4862224760130893,0.044479821483388526,-0.02057220272276254,deep
dr_0918,deep_0918,7.249201633390678,10.61334310218836,3.3641414687976816,0.9786641172872851,7.059517878489738,0.8487750424312479,0.436134257238379,0.06568908424521848,0,0,0.9457483842206986,-0.05577872393390098,14.682965366055686,1.2801404584002782,0.05925453313021567,0.02310817475409459,deep
dr_0919,deep_0919,4.017794893729948,7.796003021842829,3.7782081281128805,1.5872351388656885,3.0962751398329074,0.49083954580992356,0.6163976930740056,0.43792501481729507,0,0,0.8671416271454624,-0.1425529624333084,9.447719142414993,1.1174146404505767,0.034754171184445876,-0.03924596190612931,deep
dr_0920,deep_0920,6.138486252233513,7.665305354880805,1.5268191026472921,3.762250112399741,1.7006151999648411,0.2306060564477843,0.05166793724868816,0.16196574440821462,1,0,1.3275207209598403,0.2833130830214334,6.08457570100442,0.9148591884915211,0.037844619071520966,-0.04161490490404828,deep
dr_0921,deep_0921,6.951666335278628,8.208981716957513,1.2573153816788851,2.9651781692966974,3.2744103358463876,0.515133102512478,0.16941666221641094,0.2072674337737823,0,0,0.9335489431702337,-0.06876188762624137,15.13498390079107,1.9310824261124142,0.04331270428967986,-0.006799754124117708,deep
dr_0922,deep_0922,3.8576770494106016,7.833647148101173,3.9759700986905715,0.9825532485802206,2.192432974936328,0.3409263253857458,0.14747536618856877,0.16042605943785176,0,0,0.7860820402289084,-0.2406941151182553,12.620916847154874,1.7759803171741388,0.032726003079908236,0.02540050184226054,deep
dr_0923,deep_0923,4.597711137254043,7.672488321134644,3.0747771838806006,2.862367647276459,5.237646368278642,0.7191361726898704,0.21351664018246402,0.34265130032224017,0,0,0.9640017765399506,-0.03666214148952346,10.802880817404377,1.0168062328537697,0.04040029437510716,0.012353113849481253,deep
dr_0924,deep_0924,8.53857909741036,9.23582319462499,0.6972440972146305,2.1518814973675178,2.616122932617962,0.4176581477956636,0.08671430129263379,0.16527282996435136,0,0,0.9164268930804456,-0.0872729823903073,16.297835754273365,1.9838068964270792,0.05551767073138732,-0.029908222196249144,deep
dr_0925,deep_0925,6.3150594492130585,10.677988167915663,4.362928718702604,2.4090720854364456,5.458226947994669,0.7370515892695083,0.3056801562295473,0.47802409902022125,0,0,0.9460231097770389,-0.05548828128885313,12.104814574152877,1.799660428775885,0.04972902753957893,0.038309574555283034,deep
dr_0926,deep_0926,6.113812586370762,10.821283737020785,4.707471150650023,2.611667190933745,2.951503001476743,0.4700432292052312,0.11583888101117239,0.3175056155299437,0,0,1.308596399255365,0.26895511184904713,5.42239935436505,1.2773692375328785,0.010233818048011878,-0.05500624515605602,deep
dr_0927,deep_0927,4.227916786044918,9.061965300743715,4.8340485146987975,2.7838055667075317,2.51773882581436,0.4010106771656058,0.16871228239758546,0.3203535984470414,0,0,1.0092200117804497,0.009177766938592392,8.912613091389629,0.8927096075094727,0.020035567038929447,0.010546017984784129,deep
dr_0928,deep_0928,7.439912780308504,8.473324757689255,1.0334119773807515,2.6886047511108955,3.7200600215341413,0.5705499470890969,0.49169409696037264,0.6297425386231231,1,0,1.030004160163297,0.02956284122687992,8.310034249265664,0.8976213758588321,0.007445538474813194,-0.02662222517276601,deep
dr_0929,deep_0929,5.9967448981269715,10.676884223234822,4.6801393251078505,3.5837291801643736,4.2006244963310415,0.6233138606714934,0.08655874922636936,0.12873084358467882,1,0,0.8979725119793074,-0.10761582141647319,13.832837687890478,0.7170552420524179,0.03467206645762716,-0.07517288642350538,deep
dr_0930,deep_0930,3.0721477112735,7.146451481483213,4.074303770209713,2.9436694261237206,8.007821074787204,0.9035143607873573,0.41062763797049723,0.4554476148231973,0,0,1.383607936158471,0.3246945339407427,12.901212257152237,1.3280352711023107,0.06456106825715513,0.0172679607931018,deep
dr_0931,deep_0931,7.245289805209152,9.025532744493573,1.7802429392844203,2.716148660756756,4.723972582106864,0.6743073683076394,0.46661128494163523,0.3668840231479907,0,0,1.0289326078420893,0.02852196184233065,6.0541723425855976,1.1471134174174291,0.020957398068566897,0.024094049286117216,deep
dr_0932,deep_0932,4.098488797539529,7.206300403411076,3.1078116058715466,2.8468220691357162,6.102138829677428,0.7854820840466314,0.14092442012434822,0.5971974321806868,1,0,1.2129551618212153,0.19305966458061063,8.185311018647965,1.3482687401493425,0.04105544293157567,-0.011750164598244359,deep
dr_0933,deep_0933,4.7315548416614925,7.390949842903595,2.6593950012421024,1.9626218712791639,3.0560720158410835,0.4851635841032208,0.38658120134297275,0.5740367159042242,0,0,0.9260112647728542,-0.07686887942846646,11.13276865620065,0.9155714334890437,0.027862163920075643,0.06024462256967031,deep
dr_0934,deep_0934,5.804542065912267,8.811832687673585,3.0072906217613173,1.8694002593835264,3.522847026451357,0.5468937851027705,0.21651132471936838,0.24767307036995442,0,0,1.368233473062497,0.3135204720816732,4.807108540115039,1.8840160439649827,0.040884931806240296,0.02665886090291746,deep
dr_0935,deep_0935,5.35312891513625,7.411519279806946,2.0583903646706956,2.449871692614838,2.966459820669177,0.4722384703947481,0.07930364449774031,0.2807993827307493,0,0,1.0516326592523075,0.050343870116621926,12.69805893000705,1.9268726976566746,0.03254701028328342,0.12342207756539378,deep
dr_0936,deep_0936,5.438529132672605,7.895205366751968,2.456676234079363,2.433286324473627,4.469857340016324,0.6502936624088068,0.06787170951606795,0.680294244768199,0,1,0.9543525757104255,-0.046722099593939734,6.574947182585613,1.3273262654407896,0.03606481447840606,-0.045333395077925755,deep
dr_0937,deep_0937,5.722081031143949,9.383552489994315,3.6614714588503663,1.232748550289162,2.074778257253322,0.3169716881337792,0.1675921151301552,0.3110711220420372,0,0,1.1290823130605838,0.12140519044661434,7.116326052002942,0.5526959293786136,0.03199900864543854,0.01036769494581731,deep
dr_0938,deep_0938,6.520482353743203,8.380253774238017,1.8597714204948144,3.381899551985334,4.359579794314523,0.6394446310563985,0.08942451836804516,0.0853657553399876,0,0,1.1542708883274315,0.14346887912441283,11.19425479605501,1.4744914098185788,0.03209652197058618,-0.008489831330584357,deep
dr_0939,deep_0939,4.674369373815457,7.624466987047655,2.950097613232198,3.065897818271663,2.7244711566538684,0.43528221448921117,0.3530313730037327,0.11219793558534959,1,0,1.0820977173715765,0.07890148815009951,13.48897724695851,1.05609521760475,0.04073603772065273,0.002459689207098528,deep
dr_0940,deep_0940,5.779189455956498,8.117837307623915,2.3386478516674174,2.462492455706446,3.0122644744853417,0.47889309992147155,0.6925584423439366,0.16628033308578216,0,0,0.7310444660653562,-0.31328099199159803,14.240731538020372,1.1995206831275071,0.017202288923226963,0.04469192542692323,deep
dr_0941,deep_0941,4.6479238919477135,7.470150971796689,2.8222270798489753,3.607482342805523,3.098499498037502,0.4911514301292152,0.18466791136381155,0.06928500734622811,1,0,0.8627814644108825,-0.14759384776363654,10.370724602728467,1.2547271254374652,0.02429247912657875,0.015542127458834976,deep
dr_0942,deep_0942,3.3655558423598597,7.854320991432267,4.488765149072408,2.2891079043944926,9.397875285620952,0.9730296774260248,0.4535875228182655,0.3553737474848703,0,0,1.1383259650196265,0.1295587314373195,12.598790214000397,1.3724422771982265,0.04944581920022609,-0.08483300020440238,deep
dr_0943,deep_0943,8.225123521967266,10.499635936958228,2.274512414990962,2.1568941730973683,13.178619437258254,1.1198699169207822,0.24015971347038073,0.2599183650409486,0,0,1.07846339318146,0.0755372439265226,12.796446690773234,0.8608844790526395,0.05127004209555641,0.02956701455632907,deep
dr_0944,deep_0944,7.552376188761794,9.334717424493231,1.7823412357314368,1.939383897435043,2.8942377383410616,0.4615342020452955,0.42858466172796794,0.28876203049555615,0,0,0.8257968395340326,-0.19140649269412788,15.567461451796998,1.3746219108386641,0.05651476076408023,-0.00702583572602755,deep
dr_0945,deep_0945,6.918005307408229,9.219037731053588,2.301032423645359,3.31066217720926,3.2633930978259507,0.5136693906539619,0.08240295093245936,0.08474964094012581,0,0,1.0590831811320416,0.05740361040152057,7.778869812498613,1.3198160331121522,0.022239885728971738,-0.0005428178925375179,deep
dr_0946,deep_0946,8.631734249130846,10.565142385489098,1.9334081363582527,3.5552749595604625,2.26146567564595,0.35439000044334096,0.4565456556072572,0.21255580482853215,0,0,0.9985311529259714,-0.001469926887408748,14.600439805331336,1.57760606781887,0.04017750128560506,0.0077914434742313325,deep
dr_0947,deep_0947,6.900807263593869,10.345559282919943,3.4447520193260743,3.4053414755528673,2.624586817218111,0.4190609431225074,0.5383372598185816,0.45640844508019535,0,0,1.0203285846437897,0.020124717227285382,4.23650048930071,1.26190393198143,0.0532645325495622,0.012931899263531462,deep
dr_0948,deep_0948,4.962027904921094,7.278917718543705,2.3168898136226117,3.1556584398212704,5.3546459411052805,0.728730759778935,0.2528149632521463,0.176199361832887,1,0,1.1368571780095094,0.12826759387007727,11.578455065992523,0.566156015002306,0.00907670577450325,-0.0003104581472480789,deep
dr_0949,deep_0949,7.495131739281295,10.431304267375722,2.9361725280944277,2.600288726481192,3.1817786500733143,0.5026699633698105,0.2994439968813682,0.513756961772459,1,1,0.8052590913388971,-0.21659120075210608,12.908398762070867,1.0357331885084253,0.039989322573348925,-0.017433250273590672,deep
dr_0950,deep_0950,6.3131436460028105,9.758130407540232,3.4449867615374217,2.6971228532751748,2.066240225173996,0.3151808120541384,0.2535292027526475,0.3284176564151189,0,0,0.9803401668840848,-0.019855658480541695,11.271899810921335,1.6498667151694502,0.04936120609343517,0.03726877499778319,deep
dr_0951,deep_0951,6.220218916738039,9.66772747317587,3.44750855643783,3.118328008773328,4.203279452553544,0.6235882647776089,0.42927132890564695,0.20995200703888878,0,0,0.991724534798851,-0.008309896954060056,10.566621471486593,1.8612479737301721,0.031351485390805456,0.010987456951405525,deep
dr_0952,deep_0952,4.471858431679545,8.165049113670566,3.6931906819910214,2.4263716870561893,1.4504149848021004,0.1614922779760672,0.007723086521645578,0.2751644459819321,0,0,1.047108070526207,0.046032145784400784,9.207567042575679,0.6218415051091504,0.017765721907900395,0.010493729824236433,deep
dr_0953,deep_0953,4.703820154683125,8.159557950622986,3.4557377959398607,1.597263975160197,2.330040934718515,0.36736355088276007,0.3613680966840172,0.16349831096065054,0,1,1.1813565344056167,0.16666338361574207,6.482305514965952,1.795810342292846,0.030680699120756848,0.022190367450841065,deep
dr_0954,deep_0954,8.283217894751282,10.335957215318546,2.052739320567264,2.728603091536928,5.548383783039788,0.7441664936939338,0.06427562581965217,0.0844417479774097,0,0,0.9203553705509487,-0.08299541118501703,12.6945902981742,1.4965684254247353,0.055626746929206286,0.06519965025827544,deep
dr_0955,deep_0955,7.000130497721096,8.777683591612886,1.7775530938917905,2.154999132649795,3.413631073736622,0.533216583182321,0.112000200219465,0.1010968912271122,0,0,1.1003281462039933,0.0956084500482357,10.68138383961043,0.7468296646946828,0.03317826535783856,0.018232203120087224,deep
dr_0956,deep_0956,5.515030438379179,9.089361776748149,3.57433133836897,2.9496388793186012,3.8686134035582107,0.5875553321791928,0.2820316050887953,0.1733729175015176,1,0,1.0554887165480242,0.05400389810037649,15.860036891637582,1.3539114965667685,0.03417741353834231,-0.13847911022212844,deep
dr_0957,deep_0957,7.002450567617114,10.34067484290808,3.3382242752909654,1.834126160275453,6.471371518224308,0.8109963331683969,0.4780053355123755,0.1640665636888173,0,1,1.346279887408409,0.2973451497311029,12.130653745862102,1.2875823511922029,0.041254237919265684,0.015511508665597595,deep
dr_0958,deep_0958,4.714773735029363,7.867497308220794,3.152723573191431,1.4185257577706665,2.5265117534061754,0.40252132292951254,0.11874200891284345,0.216994775003754,0,1,0.989121360821316,-0.010938244249421735,11.315370911906605,0.6703908054836228,0.044482254218412516,0.002517664008521906,deep
dr_0959,deep_0959,5.243620227319804,8.133077813797284,2.88945758647748,1.244524442055857,2.6440876000709355,0.4222758394660994,0.3116649212412671,0.5003341015071515,0,0,0.7572471365553398,-0.2780656104548816,11.297145769003038,0.6974081616338835,0.03776859230825944,0.055039656120517276,deep
dr_0960,deep_0960,6.23135037081453,10.204453875613996,3.9731035047994663,2.9790846021669295,1.937167014706593,0.2871670654473528,0.48325076929367905,0.5862048358379732,0,0,1.0972344798265465,0.09279290487605112,10.445046269271396,1.7208506567947306,0.03268480133295154,0.007945711864906654,deep
dr_0961,deep_0961,6.050843525357717,8.55375537226616,2.502911846908443,1.0554547068561304,3.136717878556843,0.496475459311128,0.2741333903248512,0.20430607986601776,0,0,1.071078919925032,0.06866647682270431,14.166878957932504,1.2607463979065605,0.041564957648503056,-0.020590600282984487,deep
dr_0962,deep_0962,5.364577305164067,8.11447815535581,2.749900850191743,3.480896723790091,1.7705421866748743,0.2481062791437394,0.045199154808460505,0.0024344890166731847,0,0,1.1309793197671298,0.12308391205711294,16.735581600986382,0.8722385391908897,0.027351257458242493,0.051365267953022244,deep
dr_0963,deep_0963,9.613457601616414,10.611911267244947,0.9984536656285332,2.478902384944323,1.2642071997185484,0.10181825932597355,0.08122602357941051,0.3799327340051376,0,0,0.8085668555295492,-0.21249191256171976,8.490628353355362,1.10650536401562,0.05469793717364522,-0.007659059177342768,deep
dr_0964,deep_0964,4.747564394915331,7.099701612722326,2.3521372178069946,1.4211397195573325,2.295155759119035,0.36081216396064386,0.22418971714209146,0.029441888316435107,0,0,0.9454110998331359,-0.056135419806441475,8.545279354768125,1.323543293817596,0.06083783619713551,-0.008701581768377691,deep
dr_0965,deep_0965,4.725743625718911,7.949675966872863,3.2239323411539518,2.7993763446721864,2.441381403904064,0.38763563221177605,0.21579518597355227,0.24272307449523478,0,0,0.8942627381170136,-0.11175565647477882,10.072732797734682,1.5765534616413552,0.02921641044768641,-0.03172880402249596,deep
dr_0966,deep_0966,6.338618859130174,10.770269571609356,4.431650712479182,2.0222685070430155,3.550314669365947,0.5502668468897219,0.3765347547593749,0.19971501567736744,0,1,1.2517166424930952,0.2245159231754868,9.331337167989993,0.8923562592713284,0.04644467838546816,0.05804538746766074,deep
dr_0967,deep_0967,4.785858347387899,7.418656429090738,2.6327980817028394,3.002182567646542,1.7859046260905846,0.25185826224090546,0.44629073765640737,0.6044157377121421,0,0,0.995434641974258,-0.004575811099509767,10.793960159866758,2.1252814624617575,0.04043265491302969,0.0036261739072567917,deep
dr_0968,deep_0968,6.516800523475695,10.40158617553336,3.8847856520576656,3.677926756402732,7.282612422808058,0.8622871976221658,0.47364939595060174,0.38002422255556206,0,0,0.6939008400303506,-0.36542621048455703,7.77416518371004,0.7521005024976224,0.05151829732004501,-0.0025635788883269957,deep
dr_0969,deep_0969,4.7189657607035,7.935262345148642,3.216296584445142,2.252624075901543,4.12206635317118,0.6151149783660873,0.1912982959289378,0.2143555705873717,0,0,0.7933166501961817,-0.23153283037031921,4.586701073065024,0.7738414442865922,0.023937333101550443,-0.031358928140194815,deep
dr_0970,deep_0970,7.155923299501374,10.315483681551493,3.1595603820501186,1.739978180624555,10.687063021599855,1.0288583704321168,0.10486803134408176,0.24344377767445208,0,0,0.7634083902593339,-0.2699621480851719,9.29312771093705,1.0696532771318408,0.03655275693372795,-0.06624221539569615,deep
dr_0971,deep_0971,5.529414627784594,8.74634996344557,3.2169353356609767,3.5300221490942603,3.492185364150948,0.543097287866102,0.0346977288802216,0.19597380465906616,0,0,0.8557895877037575,-0.15573074181361185,6.999713070669638,1.6969432889785634,0.029666199940813643,-0.012056067339325086,deep
dr_0972,deep_0972,6.3023238144237546,7.917156632655573,1.6148328182318181,3.718972313287071,1.5716842305653262,0.1963652957121026,0.5480274042825627,0.23188265552223755,0,0,1.10040341534615,0.0956768537949725,3.926947804773511,1.7144940452765853,0.03401531718957585,0.05722374274695184,deep
dr_0973,deep_0973,6.4391616112880055,9.490655980768171,3.0514943694801655,1.6420321292397808,2.8031059460489502,0.4476395126425188,0.514331968137238,0.10318692721226629,0,0,1.0939408318887986,0.08978661834047591,7.026223692521462,1.1837834251037507,0.03716831066040823,-0.027752402502723254,deep
dr_0974,deep_0974,6.036883331926221,8.521596191608765,2.484712859682544,3.358857863241425,3.3503957653863456,0.5250961110880197,0.02096289899244588,0.19818449331907917,0,1,1.1696487040819967,0.1567034508033612,10.1839264953503,0.8665406716837243,0.02422841432226049,-0.001766304458568349,deep
dr_0975,deep_0975,4.437308862915127,9.751828368113708,5.314519505198581,3.225514278887124,8.613286796520427,0.9351689081557468,0.04574852341504245,0.3224251499958029,0,0,0.9339570965075455,-0.06832477702510943,13.840811566341031,1.7255396440870865,0.046841846957118585,-0.09765921336372478,deep
dr_0976,deep_0976,7.37495398978878,10.147295891291392,2.772341901502612,2.147374962044272,4.266022552699246,0.6300231470550285,0.49280001695992903,0.11279931938623544,0,0,1.3641723209535095,0.31054788645157944,15.491306397836963,1.605140286269126,0.03429893011850585,-0.008459993784247565,deep
dr_0977,deep_0977,3.700269181220938,7.250301697670121,3.5500325164491833,3.333378547261831,4.893528473334063,0.6896221196347219,0.2679919107134101,0.09656283377134947,0,0,0.8691231679884847,-0.1402704284455338,5.531033178609244,1.3988891751720496,0.030024689960809904,0.059223898382874035,deep
dr_0978,deep_0978,4.296340943664008,7.416029782337374,3.1196888386733663,2.11465410138406,3.6672629218893853,0.564342047520572,0.43664261421475126,0.037643131618964716,1,0,0.6454604936496051,-0.43779127328009065,11.554127382406728,0.6128220907939037,0.04324161040164092,0.01108641524290593,deep
dr_0979,deep_0979,6.029323820207187,8.113942413541094,2.084618593333907,1.1512345176360732,6.291743460913233,0.798771006420873,0.14287570685959503,0.0603680232544925,0,0,1.2591668717548647,0.23045028937276812,10.698750379182524,0.793489312076685,0.01759349306975773,0.029656731004364324,deep
dr_0980,deep_0980,4.52999130034029,8.12023721054345,3.5902459102031603,3.244615206979915,8.752049161516855,0.9421097484906726,0.0633232473421396,0.2454766420593462,0,0,1.0873177510579903,0.08371388470269588,10.794834218391735,1.6317957774565996,0.044513228303023136,-0.009080999961411877,deep
dr_0981,deep_0981,3.9805741525748797,8.171273368708245,4.190699216133366,3.521522238970399,5.6224105243058595,0.7499225527498343,0.5339085620151149,0.5043785815900288,1,0,0.8609674791133707,-0.14969854633236104,6.685033390178594,1.1596540376576177,0.05211127364927619,0.022225028620318457,deep
dr_0982,deep_0982,5.5718248555239835,7.236267678555155,1.6644428230311714,3.199614928146986,7.338072336307405,0.8655819885734186,0.20885761639606085,0.15848992524610814,1,0,0.9028368141013001,-0.10221345717707779,17.12057901387779,0.7319439580057117,0.021568337668049956,0.05894204916380779,deep
dr_0983,deep_0983,5.807440858443668,8.2752779808125,2.4678371223688327,3.7922027147578503,5.050751413128746,0.7033559940195382,0.17938947116959,0.12822831752229422,0,0,1.1933166165247828,0.176736503147594,9.342756647605215,0.7190346758773004,0.038930351455841915,-0.023730812988509046,deep
dr_0984,deep_0984,5.977895888839012,9.993754974351214,4.015859085512202,2.4688835419026156,5.214200268072313,0.7171877076241019,0.13382813374402444,0.2526891091746211,0,0,1.2675058290715486,0.23705105534564308,10.131505718904624,0.8612270448730663,0.02964796537140845,0.007338315915485925,deep
dr_0985,deep_0985,4.3969731189216095,8.485380057384145,4.088406938462535,1.4147029392944672,3.7578949464934785,0.574944635052452,0.5046425957360225,0.27101008522267434,1,0,1.0171490108582448,0.017003626351353277,10.272713364944888,0.8652863200266387,0.023230510246164987,-0.0016287547486437098,deep
dr_0986,deep_0986,7.366765394369383,9.584257246458273,2.21749185208889,3.205514814601841,2.2803177814043925,0.35799537379582985,0.6473397241196813,0.2607584949799186,0,0,0.7122592319102777,-0.3393133440731288,5.7217659519548105,0.7110557838142986,0.039593358478909574,-0.03773728045557762,deep
dr_0987,deep_0987,5.823849263314353,8.652029113032473,2.8281798497181203,2.3833623655756404,6.352901094276858,0.8029720940344345,0.3878991488766515,0.08846012870399209,0,0,1.0679184085748543,0.06571134115415236,10.975997219506693,1.1534215273164676,0.03161120831168163,-0.021969576340946876,deep
dr_0988,deep_0988,3.6668367511673914,7.997647855161269,4.330811103993877,3.422421707757527,6.992754823546452,0.84464830149242,0.10701574067503432,0.25193411127867715,0,0,1.1206839016155579,0.1139391253929984,10.069191468961906,1.309812152313471,0.029447795865289495,0.024617424184458263,deep
dr_0989,deep_0989,6.297301279178777,10.522890407624697,4.22558912844592,2.766874018800418,5.8627536100024145,0.7681016427666075,0.22797401510820808,0.2942595584542313,0,0,1.2645457962659985,0.23471300336886278,5.738271895073465,1.6061619503851805,0.042408110445894674,-0.07170236638782337,deep
dr_0990,deep_0990,4.454548412062554,8.681585384762897,4.227036972700343,3.6026309688452787,13.250643298224722,1.1222369631096079,0.5873199035051241,0.2128957999905468,1,0,1.1593774369920127,0.14788316879917363,3.862064526139971,0.8933516020682063,0.05096135973565625,0.07475208181435754,deep
dr_0991,deep_0991,6.07256657041785,9.91181651317737,3.839249942759521,2.208534918762801,2.0521135407654,0.3122013860517312,0.4513806868296661,0.21580593714013427,0,0,1.412841631813493,0.34560301802505466,6.636558093021431,1.4477734528922952,0.024452340589843285,0.026620638763768356,deep
dr_0992,deep_0992,6.113093663147782,8.724755315069224,2.611661651921442,1.4701803605991899,2.6879463492941733,0.429420596064071,0.3739568164448565,0.09481531168033931,0,0,0.9387652167975904,-0.06318986639725474,4.197101142893867,1.4438860782620115,0.008166522368339684,0.07146434800779485,deep
dr_0993,deep_0993,4.8356679359661525,7.804759415564426,2.9690914795982737,1.9064331855742376,5.235889059429583,0.7189904359329604,0.13053397455117757,0.26199719065249316,1,0,0.6164023685272874,-0.4838553330268694,5.388296181878884,0.7907837870652187,0.04207849301342472,0.015168643809087834,deep
dr_0994,deep_0994,3.3946109548308234,7.065551277208668,3.6709403223778443,3.135010665854547,1.456496246872343,0.16330936986671984,0.3720039762594684,0.10101721340773868,0,0,0.8851093536189752,-0.12204407819626557,7.495889378318724,1.2314904296380205,0.05199476601364597,0.07616463692777375,deep
dr_0995,deep_0995,5.407075070045044,8.70848390281299,3.3014088327679456,2.6421454368485073,5.501434446796734,0.7404759424222959,0.2639220259379838,0.3289033218936891,0,0,1.2231118738124038,0.2013983274293954,9.318462739423873,1.6419370642575768,0.04583320005109283,-0.0012226742669121154,deep
dr_0996,deep_0996,5.2885036660446385,8.80397949625937,3.515475830214731,2.5932727241958493,5.047841439771255,0.7031057046128789,0.24075078290340274,0.20396974812846555,0,1,0.9843028018114408,-0.015821703849508102,3.5230048092723685,0.7281940477268627,0.019581288579373836,0.05696522652479103,deep
dr_0997,deep_0997,5.940060885523943,9.435374650476732,3.4953137649527886,1.3987150416567922,2.8303509399785916,0.4518402877670197,0.18713991424786866,0.47757143457192686,1,0,0.9915359203469476,-0.008500103391124473,13.74184143545327,0.8109795232904775,0.044581441055436925,-0.02130859491104045,deep
dr_0998,deep_0998,4.880068829126429,9.13865169429621,4.25858286516978,2.9951165043337,8.362640319971517,0.9223434180318506,0.2909835327768368,0.39797312669373625,0,0,1.292344748072878,0.256458202640595,3.617329739668909,1.4695797281551553,0.051348205659489485,-0.028822756300968297,deep
dr_0999,deep_0999,4.429632249287474,7.460022248467446,3.030389999179972,2.843562966423418,1.5458549535486563,0.18916874195705796,0.3429338096027637,0.2230380900908095,0,0,0.9545859724831127,-0.04647756917249573,6.855827439838748,0.7057394360767179,0.025713101544814813,-0.06657280998588128,deep
dr_1000,deep_1000,6.289286180383908,9.8005646903525,3.5112785099685917,1.3509867967863471,10.081483916031017,1.0035244615849088,0.13078014380158962,0.30696038144216464,0,0,1.0580037623867582,0.05638388956093599,10.174320865707074,1.996318741478325,0.028259746084489487,0.019837003221540125,deep
dr_1001,deep_1001,9.219903852005668,10.37117986734887,1.1512760153432016,1.1595818934913544,1.9182373150078986,0.282902334963328,0.0789986236506962,0.14065304143653062,0,0,0.8159527378916792,-0.20339884494580768,8.487228817495952,1.2557943118762225,0.062034786272647476,-0.05622925728518972,deep
dr_1002,deep_1002,6.9453286260402205,9.000207852307785,2.0548792262675644,2.119257186402664,3.4255603562364523,0.5347316239206527,0.1552810502079364,0.46599291857653297,0,0,0.8443399121395108,-0.16920012596217499,8.370795889901627,1.9845500763298596,0.011000614949055451,-0.04382791433676971,deep
dr_1003,deep_1003,4.4144834002768985,7.137726462902895,2.723243062625997,1.4002291905936142,3.9605992592779375,0.5977609019122994,0.2519276763714743,0.11704274787131681,0,0,0.9747514691709197,-0.025572743892128408,7.1889437266564045,1.3151241552775081,0.05104709335300084,0.04064275898227337,deep
dr_1004,deep_1004,7.4099626293377225,10.2904367998573,2.8804741705195775,1.4908953136386787,1.2688519485575431,0.10341095095558939,0.4131911755356474,0.11171391969770872,1,0,0.9427376180126285,-0.0589672768332586,5.293883092529177,0.9910279699537428,0.011942607692047462,-0.055194256717332545,deep
dr_1005,deep_1005,6.292970075075425,9.394517904906818,3.101547829831393,3.3817932837898703,5.003953514950861,0.6993132665901068,0.24115077788101252,0.4569939048625017,0,1,0.9447421901450305,-0.056843203370427184,14.874480933566922,1.0349904421913303,0.03631035700113621,0.004893962120373013,deep
dr_1006,deep_1006,6.88057575073917,8.605360818481223,1.7247850677420535,1.5861954704276995,2.315645575861198,0.3646720886362763,0.6861991626548836,0.2944391503964402,0,0,1.0609905181366848,0.05920292286871336,8.00316045584663,0.9405814856373352,0.022437633367516745,0.02084413985839284,deep
dr_1007,deep_1007,5.129977806339951,8.857180799045434,3.7272029927054833,0.9069027043295936,1.33268875932234,0.12472873464141582,0.08030380185909289,0.2108469889090958,0,0,1.2174824974414085,0.19678520005312983,7.445687774550582,0.7973985426325666,0.028711590785702946,-0.015125712654390153,deep
dr_1008,deep_1008,5.459038332984586,8.783884002531888,3.324845669547302,1.500001825166399,1.9523783867294406,0.2905639912729004,0.10781793074648766,0.0953821739389213,0,0,1.0211768715384393,0.020955757811479417,12.753263887266867,0.5271868597795075,0.008154245303740038,0.041986409218581495,deep
dr_1009,deep_1009,3.8556558630781277,8.485393600305455,4.629737737227328,2.1502019900169715,15.985295263740287,1.203720662517549,0.1684520457365379,0.05452138305642489,0,0,1.1255201521754892,0.11824528629141856,12.2361268245367,0.717926268206,0.04262458076716308,0.029607577271017992,deep
dr_1010,deep_1010,8.541312940252029,10.856482591634872,2.3151696513828437,1.8831677235415332,2.0049987930299062,0.30211411551948825,0.07553876614660465,0.5405731030924938,0,0,0.8001234540053466,-0.22298924571324816,5.863683515794509,1.2503732870063549,0.03220519024879473,0.0070367396014128555,deep
dr_1011,deep_1011,5.945676875954673,9.883124433322603,3.93744755736793,1.8964640000189785,2.0927705480808507,0.32072161478638883,0.21077178379098896,0.22951298647769425,0,1,1.3714000342982402,0.3158321408777812,11.908729985268533,0.5798242006562718,0.019716634540885954,0.003880195203560833,deep
dr_1012,deep_1012,6.703068559026101,10.7343320648925,4.0312635058663995,2.7104491203100585,2.468892576599813,0.39250219385867346,0.14624217319591357,0.16241546814724991,0,0,1.1912416629159475,0.17499617736027134,11.138975299683713,1.340297947468559,0.029987200414940622,-0.05292344100485344,deep
dr_1013,deep_1013,4.823479500676805,8.420146071956848,3.5966665712800436,1.7624497732397923,3.630540356853528,0.5599712687096258,0.3744831823182958,0.060981821679622475,0,0,0.8492639882912366,-0.16338520073033402,12.232180441508378,1.6839099548706031,0.04356765776715827,0.008068026087558328,deep
dr_1014,deep_1014,6.922937101019333,9.585092358566236,2.662155257546903,1.1087137968290388,4.474533467215872,0.6507477607299178,0.24491342828960952,0.29658940789361676,0,0,1.0968681772323277,0.09245900746569646,9.527819412943792,0.951938529361553,0.03518399625989444,0.0151904683518114,deep
dr_1015,deep_1015,7.442789748922865,9.285287408851367,1.842497659928502,3.0481057472016757,6.28657494997594,0.7984140976779504,0.4320898898888029,0.3426654013354193,1,0,0.8842165786473235,-0.12305324788189471,4.834537678206513,0.8418139136434544,0.027539408475268944,0.010821522719973952,deep
dr_1016,deep_1016,4.0828310329130595,9.890146455801844,5.807315422888784,3.569602348095842,2.963622515492859,0.47182288558302815,0.157670815415994,0.261514130182544,0,0,0.9523188132089869,-0.04885541242861713,5.574969216184414,1.2139322065926739,0.048596574372772566,-0.026001958413387406,deep
dr_1017,deep_1017,7.407308087427468,9.683135037487066,2.2758269500595976,2.0806728588276293,2.1724676359084447,0.33695331531583905,0.2704610202447291,0.04381316732463895,0,0,0.6359825515725557,-0.45258415065269786,13.053101367802535,1.1118720307778767,0.03891160200855813,0.009240135371176364,deep
dr_1018,deep_1018,3.017868716422659,7.736260902210591,4.718392185787932,1.4153656218372275,2.6561812447483866,0.4242577058272008,0.2097806057062104,0.26145340924224675,0,0,1.1598405028665266,0.14828249813576502,13.964921255090978,1.5765122754235508,0.03277971060712363,0.03434169383597518,deep
dr_1019,deep_1019,6.668243258034202,9.598887645748269,2.930644387714066,3.5766868487439587,4.863760134694389,0.6869721487590645,0.5445668222957312,0.08449056031441798,0,0,1.533192621730867,0.4273522421795679,13.490272320210146,1.2138280058500743,0.02209916712537617,-0.02002999698158786,deep
dr_1020,deep_1020,2.801604825079549,7.434130236486316,4.6325254114067675,2.405086038192059,2.5557031178255913,0.4075104027811083,0.2659851232405626,0.30060976615740354,0,0,0.8555213401135233,-0.1560442413513882,13.83723569133472,0.9460425365782344,0.05100965667703382,-0.016518299886731914,deep
dr_1021,deep_1021,4.218389048712393,8.309107269195245,4.090718220482851,2.9323479997408044,5.765011952549896,0.7608002120506803,0.4482981878610704,0.5666153111584717,0,0,0.9728219423392835,-0.027554212165975523,9.622316685103666,1.5292152040840539,0.04887261219133799,-0.043767420355484636,deep
dr_1022,deep_1022,6.766638852881429,10.06929677351539,3.302657920633961,1.7347653510498975,2.976108552089158,0.47364876783941257,0.3333572730760166,0.362145508647468,0,1,0.6977353035786638,-0.35991546937632646,9.742050839771865,1.623092065197232,0.03577119873712257,0.03240954884143002,deep
dr_1023,deep_1023,8.056934172994751,10.877216469765346,2.8202822967705945,2.558851305999957,3.701014266151124,0.568320759155844,0.11939391850165586,0.01805190247415796,0,0,0.9261353744830839,-0.07673486227476486,14.28757170190085,0.988194436844559,0.06412321067450524,-0.038002234000832164,deep
dr_1024,deep_1024,3.311309283126592,7.981533772459656,4.670224489333064,1.9306199126901076,2.6229692983561903,0.418793207238266,0.4179721024344969,0.026778080427107158,1,0,1.025608938416906,0.02528652245138605,3.7915879149670975,0.9387313514863053,0.039878132173910626,0.025020633148066407,deep
dr_1025,deep_1025,5.732950020594299,7.347946107837268,1.614996087242969,2.546819524970219,4.338938967597573,0.6373835412972206,0.04206508456710375,0.6030227990004133,0,0,0.9884069611860657,-0.01166076200896852,7.0925911092552445,1.0907461152295796,0.04181220378684832,-0.014415115706790745,deep
dr_1026,deep_1026,7.155019909550643,10.856107994003796,3.7010880844531533,1.8302329106523327,1.876310766129639,0.27330477052378255,0.31646603505026355,0.1031549163994576,1,0,1.1983123268861697,0.18091417263178414,10.881522133371973,0.9339641130303219,0.03103134529201513,-0.017408938294846268,deep
dr_1027,deep_1027,8.453660226275474,10.472792682416236,2.0191324561407615,3.042325973458454,2.94185617068453,0.4686214359628982,0.06657348513401679,0.2855981201886566,0,1,0.8239997826487366,-0.19358501284850516,7.307399618354669,1.5512112653056467,0.038022175724061025,-0.06826190958765786,deep
dr_1028,deep_1028,8.089308756796745,10.35939699329205,2.2700882364953046,3.025365472035375,6.55601647433489,0.8166400362199603,0.11133877766126954,0.5061303864580976,0,0,0.9398045982329758,-0.06208329954716632,11.623784897923414,1.0420142584380332,0.018038750451050228,-0.037356089037718226,deep
dr_1029,deep_1029,6.632237359655438,10.254433004262527,3.622195644607089,2.8549549702318546,4.222360711383092,0.625555331830856,0.420523440263644,0.20756996242972792,0,0,0.9324304214446493,-0.06996074532077169,7.53816186185265,0.45711795063010896,0.0357323274777346,-0.012720176994338325,deep
dr_1030,deep_1030,8.646392179826599,10.604380496808773,1.9579883169821741,1.8921550621654566,2.1461003889536747,0.331650033263157,0.38584874635770744,0.5926571024677793,0,0,1.0914743683148973,0.0875294137407413,9.234183800538753,1.384977017697168,0.04157839006894088,0.005057073493163829,deep
dr_1031,deep_1031,5.678216973629715,7.453597480472144,1.7753805068424295,2.2873973389639963,4.098743980040309,0.612650791815343,0.1279420372348968,0.052418958184573074,0,1,0.951585277560656,-0.049625971920749724,12.495168752718921,1.679343857247868,0.031133357865750586,-0.10496846979290474,deep
dr_1032,deep_1032,7.480172600564462,9.158611912740401,1.6784393121759393,2.3339005300118902,2.4747037335711646,0.3935232135415974,0.05530174572744707,0.031023934206940478,1,0,1.1699754853534063,0.15698279590075773,6.763893083223486,1.2683134924377846,0.021679375712686987,0.07134224792851035,deep
dr_1033,deep_1033,7.238825566231774,10.85546071496752,3.616635148735747,2.215291144104971,3.2291355362695953,0.509086274010239,0.022278526885773153,0.36729281040208367,0,0,0.8276882798936944,-0.1891186690391787,16.1488396187672,0.9131027278036166,0.04458595938450724,0.004308026123859959,deep
dr_1034,deep_1034,4.108510102808715,7.502141004552191,3.3936309017434754,1.319362814168107,4.631240650782284,0.6656973486016193,0.29598798213763333,0.302676231841353,0,0,0.8899417470470568,-0.11659927115419265,14.059533369802532,1.6635356897428126,0.039394567421548225,-0.023942210923064037,deep
dr_1035,deep_1035,5.537513191054412,8.828382409432395,3.290869218377983,1.5103611197798674,1.9869047038170677,0.2981770379206491,0.20931213413060729,0.03430290284757204,0,0,1.653036643641546,0.5026139865553992,14.696407095836445,0.7568109052955427,0.034988015932076864,0.0300854101324735,deep
dr_1036,deep_1036,8.615603688602228,10.968745630931247,2.353141942329019,1.7554666143483737,5.072604767253106,0.705231025517121,0.22304440332813644,0.03843815403627945,0,0,0.8399363805100654,-0.17442912750102357,6.545169570856309,0.9925650549104017,0.0424477321868253,0.032840064179475124,deep
dr_1037,deep_1037,3.553154002980608,7.353453977306719,3.800299974326111,1.3684679404305318,7.119501309183917,0.8524495742190711,0.19008366638509538,0.5421890911636149,0,0,1.1237939486204878,0.11671041493372122,10.650401069813102,2.0172244443503047,0.03750483270045452,-0.027916553753707073,deep
dr_1038,deep_1038,6.084860841222984,8.488775569256784,2.4039147280338007,3.242332942739743,1.240201435161163,0.09349222957681891,0.13946341831518594,0.2473944323443743,0,0,0.880757923582056,-0.12697246539812831,13.69785791117893,0.6888894024522856,0.03986663420905726,-0.012762845038683177,deep
dr_1039,deep_1039,6.793690927540089,9.79018736600448,2.9964964384643906,2.7865227776932984,1.2157162042298864,0.08483220542879988,0.19006606437254975,0.30020257091477554,0,0,1.1124430966696082,0.10655858468907406,12.421334418986277,1.7788196062426171,0.03183794243345391,-0.04571865457258964,deep
dr_1040,deep_1040,7.0846076469843196,9.496364613529375,2.411756966545055,1.8768260519209017,2.561141856092807,0.4084336337640763,0.39809069381221246,0.3707781182433546,0,0,1.1469330358241263,0.1370914544238669,7.356136952703351,1.1929482769482074,0.03798858623912353,0.017482075074087,deep
dr_1041,deep_1041,7.605381931653774,9.828108780745543,2.222726849091769,2.242755450935977,3.0710060546871234,0.48728067268358183,0.15205730329850922,0.2892141152211131,1,1,1.4549716839334232,0.3749864392199418,15.992631329492852,1.350398847619161,0.008827900665933492,-0.035106848475173424,deep
dr_1042,deep_1042,6.4171608658048624,8.552183838991704,2.1350229731868415,2.7963572271574066,2.464175313644319,0.39167160245336896,0.35278872319177285,0.1742781156044696,0,1,0.8983166346273697,-0.10723267302087966,12.740197578957224,1.4596600343546926,0.04030310707620176,-0.059133705608068576,deep
dr_1043,deep_1043,6.381604229612247,10.14925363176779,3.767649402155543,3.566871171577734,12.555558852448453,1.0988360480830315,0.1410200620584984,0.037898007765070546,0,0,1.1446188926380738,0.1350717367434813,12.86293599095577,1.1772418092791557,0.025403227803428453,-0.00838356588009592,deep
dr_1044,deep_1044,3.8539154664998723,7.816728744821767,3.962813278321895,3.6438623871403872,6.040300324780034,0.781058532354941,0.3287711226539797,0.4826547955542808,0,0,0.889059635496669,-0.1175909641695399,12.622370972789891,0.8758456805135054,0.03800980841787007,0.013029552003465004,deep
dr_1045,deep_1045,4.974974367182477,8.721468283304164,3.746493916121687,3.406961461739352,1.9839247150105026,0.29752518773959935,0.13415439043029226,0.18718362197723198,0,1,0.7926939786142871,-0.23231803521393837,12.214463016933108,1.9674178166845606,0.03873810739335983,0.02217193593182446,deep
dr_1046,deep_1046,5.772237836031927,8.222762506433465,2.4505246704015384,1.0437839417974977,1.8976937837798034,0.27822613499130067,0.13663826046306546,0.007990841637821676,0,0,1.1304454764117198,0.12261178195026289,8.5068848356796,0.5689661838125317,0.00678034146101146,0.040403188497766994,deep
dr_1047,deep_1047,8.34316926062245,10.783142980157086,2.4399737195346365,2.1357514144270686,1.7303847905575223,0.23814268915990106,0.2851562649569267,0.18499784117909873,0,0,1.4732991783790594,0.38750422505712717,12.560427297469388,1.64803836675786,0.020772680075200167,-0.004437759452812392,deep
dr_1048,deep_1048,4.331116623200488,7.643284742140826,3.3121681189403374,1.0070279404936446,8.727309667790978,0.9408803861451153,0.2874874713734274,0.3459849917087461,1,1,1.0225604782503834,0.022309754618817047,12.194932941531178,0.7594077851379144,0.01748375004596245,-0.04057128477538518,deep
dr_1049,deep_1049,6.76365986969143,8.54565298200227,1.7819931123108406,1.02208240909837,3.782411929617318,0.577768824619479,0.5031094550642548,0.2008107809006546,0,0,0.7318627227029497,-0.31216231989919446,6.280632788026718,1.1764657929978233,0.02165897246256901,-0.026544726088485335,deep
dr_1050,deep_1050,8.253136251270758,10.414623172418288,2.16148692114753,3.244082182161476,1.6282989881980863,0.21173415301167509,0.34974735248431743,0.049387678390176444,0,0,0.9358534599743594,-0.0662963746177722,8.620959955477897,1.6905566115339714,0.026530643915765414,-0.07557095903660958,deep
dr_1051,deep_1051,5.905482172308959,10.245891763134749,4.340409590825789,1.9098566673393855,2.8502941900414114,0.45488968755862247,0.38736275888774335,0.3757122040970186,0,0,1.1005047996762733,0.09576898333449917,12.034828338674576,1.397965085760622,0.013066926100214718,0.006114665849532936,deep
dr_1052,deep_1052,6.7475588197798615,8.979963415157739,2.2324045953778775,3.4350820031834517,4.462772691652822,0.649604766904407,0.2666188749129935,0.12168437238288517,0,0,0.8916181525256325,-0.11471731818279778,6.020371196053852,1.5069074052139197,0.047106354171678085,-0.05092405027445478,deep
dr_1053,deep_1053,8.83220117837285,10.114760708183962,1.2825595298111114,2.5053717700166893,4.374348040218105,0.6409133342418387,0.19726282806031298,0.3485039178997292,0,0,0.8819208857389349,-0.12565292570720613,12.102987835857569,1.1357996253509,0.020452058424506817,-0.05745157987388925,deep
dr_1054,deep_1054,3.053526513771933,7.337888021330081,4.284361507558148,1.1984701074121813,14.275586921103093,1.1545939727046775,0.1645781046239151,0.6602912754505297,0,0,1.194299463740565,0.1775597906764563,12.053256431803327,0.7869192394259751,0.028215162946016635,-0.060298521477552096,deep
dr_1055,deep_1055,6.522645072860326,8.43898488474797,1.916339811887645,1.0136187706773245,2.365079776161475,0.3738457944448172,0.2649910456194074,0.24410290405399043,0,0,0.946280071687885,-0.055216694880351,10.834715950951603,1.5985513565852902,0.04994808396157628,-0.0009135901431511178,deep
dr_1056,deep_1056,6.612368067601997,9.106648519831914,2.4942804522299173,2.4716547741385586,3.5760478938216105,0.5534033266460152,0.6414880038110655,0.05542863378431014,0,0,1.0696274921976998,0.06731044972667569,4.130433473509792,1.4476242844671712,0.04274007703754356,-0.013073227747865809,deep
dr_1057,deep_1057,5.956263791672899,9.679914929849117,3.7236511381762183,2.9496561270337,1.2491257818876125,0.0966061722646831,0.35634370896945683,0.15253880080174234,0,0,1.1642239841154347,0.1520547570137056,10.07885821244177,0.9189555609399094,0.02741517190385175,-0.07906069138035661,deep
dr_1058,deep_1058,4.9650326838857195,8.859206808697111,3.894174124811392,3.395877218085022,2.7813106942216397,0.44424950567437577,0.21269542666151492,0.24433757534036252,0,0,1.2875319542419197,0.25272717207644757,13.165164638744232,1.4548960462427452,0.025805868828828932,-0.03825683593545501,deep
dr_1059,deep_1059,5.61314632373824,8.940411660949714,3.3272653372114736,3.7361224416314656,4.486432033453154,0.6519010928560101,0.28808654361953917,0.12157226953207288,0,0,1.0677582848165779,0.06556138984450695,9.896555126277407,1.0779972235072164,0.020643072391420228,0.045347270765958375,deep
dr_1060,deep_1060,5.916323551714484,9.344654378086158,3.428330826371674,3.5454434206547036,1.2710346386316898,0.10415738624371579,0.1854615875900488,0.2048361741076188,0,0,1.0099239736523307,0.00987505440841374,5.925628646492899,1.6873967653805066,0.05536784676615233,0.012708086906608414,deep
dr_1061,deep_1061,4.329474167390703,7.088984278545739,2.759510111155036,3.296333752755745,2.858144660732357,0.45608420617919143,0.021912285164920598,0.05114844014147764,1,1,1.446594821111351,0.36921239538470974,6.593164094352003,0.8592258683292318,0.06341431145857708,0.05522580740630431,deep
dr_1062,deep_1062,6.754044256506485,9.41563277999374,2.6615885234872545,1.364722947084476,4.388094705402564,0.6422759921000061,0.22581726771768976,0.22544550685567316,0,0,1.2414066041009495,0.21624509486480947,7.575270248435073,0.7692682345256265,0.03336697602286214,0.06851984940619603,deep
dr_1063,deep_1063,4.0578119419019165,7.252333909128366,3.194521967226449,2.0546837103705413,2.410337146166685,0.3820777938109687,0.07836841682287132,0.2963070965314447,0,0,0.6921271861779142,-0.36798554519791987,8.14806517649345,1.6979545897665769,0.050592813684169236,-0.021347538029108343,deep
dr_1064,deep_1064,3.4346932645954418,7.150755612481058,3.7160623478856163,2.9003933684555596,10.904432637024996,1.037603073947787,0.16566596938233197,0.23979449302407285,0,0,0.8715892835384033,-0.13743697114741982,9.345552000864272,1.436369086378288,0.052912260023207494,0.04218741050313615,deep
dr_1065,deep_1065,5.549595635873258,8.295808034071122,2.746212398197864,1.9125043508201083,3.8633696768072827,0.5869662667562585,0.21766958799444366,0.25085863402218134,1,0,0.9144834304457983,-0.08939593001869946,10.49036424977626,0.6377502374105696,0.047638111044874004,0.03163438385388581,deep
dr_1066,deep_1066,4.460610081487506,8.041634066752156,3.5810239852646504,3.3655600418801654,6.340870573249319,0.8021488886707517,0.4580537318614912,0.059825617601191046,0,0,1.3069031844933272,0.2676603572950038,10.439110518705181,1.4870960486245552,0.041723471611967405,0.027587308182331308,deep
dr_1067,deep_1067,5.810266322439654,10.510077592973413,4.699811270533759,1.7535685890497128,3.6643412603639804,0.5639959127554928,0.19455239930920867,0.5247182800268095,1,1,0.9710995104270466,-0.029326333524632577,15.909217352220281,1.9951073167711741,0.026131833223891926,-0.039081347244371796,deep
dr_1068,deep_1068,6.898412663240094,10.306345986340068,3.4079333230999733,1.6996517964993436,5.497269429483883,0.740147022916359,0.31108677582257116,0.051931197403807534,0,0,0.9467763661625278,-0.054692363459385385,11.182421116055519,0.8431846898381357,0.039825323688498906,0.1006715814713833,deep
dr_1069,deep_1069,6.919182769793043,9.984930569494882,3.065747799701839,1.3144606979351874,1.3906666031310049,0.14322302519313285,0.3078468849761155,0.14207319912636385,0,0,1.077987990388569,0.0750963317833463,14.54495242525877,0.6125746107128532,0.04188287543928795,0.039801002429246425,deep
dr_1070,deep_1070,7.796663820037644,10.21546483697607,2.418801016938426,1.230303179224312,1.7324096162894118,0.23865058575385467,0.35067849485148406,0.33957384878759655,0,0,1.1102441606785933,0.10457995571089189,6.419826487270603,0.9261360145010098,0.0344454017491012,-0.010400486526067216,deep
dr_1071,deep_1071,6.537141277099911,8.603554840530226,2.0664135634303147,3.61063724952341,2.941118369914537,0.4685125037203326,0.5859107984404595,0.21176567943035374,0,0,0.9906780246460392,-0.009365696892411792,5.345824108732252,0.7387182943668421,0.028922258128440383,0.034222220636199466,deep
dr_1072,deep_1072,4.357977215591184,7.43054809221353,3.072570876622346,1.9628514487944395,2.8906103794403784,0.4609895577853799,0.11337922240601755,0.27332862715194234,0,0,0.7646314264713505,-0.2683613567186145,14.87039528615207,0.9681573063221907,0.02618383158775145,-0.04643145341091845,deep
dr_1073,deep_1073,2.861066534870125,7.604034647304477,4.742968112434352,1.851449882465488,3.9072628501399076,0.5918726281496721,0.22512765731267692,0.18339691334782623,0,0,1.1594103857027032,0.1479115877087177,3.8626246598080476,2.126674418458478,0.03224764392651682,0.1355592093463853,deep
dr_1074,deep_1074,6.080561710435688,9.964977787498135,3.884416077062447,2.734567964957568,6.115317852034842,0.7864190350104541,0.11590045050447849,0.39050839412253036,0,0,0.9136959244504743,-0.0902574494773052,2.707685449848152,1.7424648234383833,0.05910344508440393,0.02254473031161359,deep
dr_1075,deep_1075,6.154531282240777,8.321506476552797,2.1669751943120197,2.309681194277119,3.9207906710813525,0.5933736561688482,0.3372781915420632,0.054383695485409854,0,0,0.8614106508211142,-0.14918394189118592,11.009589169075673,2.036925481632513,0.045705736445553896,-0.05550832869368005,deep
dr_1076,deep_1076,6.337416076568742,8.24594654033623,1.9085304637674891,3.584463356469787,7.0551977793642715,0.8485091929000874,0.2455940131810491,0.4294162747946029,0,0,0.9167654862106134,-0.08690357966111964,7.616375657959692,1.3144337882015278,0.04893512532455563,-0.018138517408337117,deep
dr_1077,deep_1077,7.7207618669449145,9.31038225460171,1.5896203876567947,2.569486624883095,1.7356154460441393,0.2394535064617188,0.16177283386335553,0.2852527964314002,0,1,1.1928934003119183,0.17638178481658712,3.0501363819535543,1.8937462379507903,0.039840422635183635,0.02782117509846524,deep
dr_1078,deep_1078,6.594530011670852,8.696151427531332,2.10162141586048,1.0666579874987165,3.714464540979347,0.5698962168426074,0.0704208379283147,0.11623056422690349,1,0,0.8321282270880898,-0.1837687309397945,8.154532839421073,0.5319018394051224,0.04617270555111461,-0.07645478462269308,deep
dr_1079,deep_1079,8.318312170706541,10.545264593640963,2.2269524229344224,2.928646652621573,6.794233940572832,0.8321404965155683,0.18441214792394175,0.40892412386674126,0,0,1.3920103211820118,0.3307489765269894,15.105667610958236,0.7524478708275102,0.025059540131948263,-0.01698117901863508,deep
dr_1080,deep_1080,7.091955162560639,10.774970383419998,3.6830152208593585,3.267852650615516,2.195057684587664,0.34144593768471637,0.06394853683499586,0.32851015800572053,1,0,0.740256729945375,-0.30075822059242197,19.971466730221763,0.5157030518919451,0.04357273886747761,0.019827613005355984,deep
dr_1081,deep_1081,6.044080576274995,10.041738394523716,3.9976578182487206,1.9134073718265237,3.0307027764463914,0.48154334683326605,0.047365812739098345,0.298170601605444,1,0,0.9086836336026641,-0.09575828322473735,7.679728320577189,1.2955054766335998,0.03624011446895894,0.01354853101346194,deep
dr_1082,deep_1082,6.944505282279913,10.087146146141816,3.142640863861903,3.5553782911059852,3.3509693707855397,0.5251704582263135,0.3890495181195762,0.09459531016582111,0,0,1.0245474722495451,0.024251024616503605,6.938074510125384,1.1813266235044797,0.020662142614295293,0.04675785155478426,deep
dr_1083,deep_1083,7.161849986762536,10.701954529837096,3.54010454307456,1.9909344550697439,2.1682639047814085,0.3361121401427106,0.06485360812297132,0.24325570966844162,0,0,0.9559450390412337,-0.04505485812602288,13.998099385273914,1.16686410591557,0.046814218586114155,-0.00796552672955227,deep
dr_1084,deep_1084,7.473281947342785,10.493212994884138,3.0199310475413528,1.11492115227131,4.4137633149066815,0.6448090407001316,0.3052760418735607,0.3632834637186376,0,0,0.8081849408187758,-0.21296435949975925,11.834771810946222,1.2496660508849804,0.011281254143349836,0.011045626394283949,deep
dr_1085,deep_1085,3.975105517874154,7.0089581283150615,3.0338526104409076,1.8646440634828494,3.745268474354931,0.5734829549464959,0.5151563513664513,0.7513478991816269,0,0,0.9614221901883881,-0.03934164266903682,12.260437381585273,1.7560323144635634,0.020098570920096762,-0.013066673320266675,deep
dr_1086,deep_1086,6.416649286199264,9.526600602155483,3.109951315956219,2.9017889772932732,3.225430976546001,0.5085877525311269,0.37579098011569645,0.14513460815941995,1,0,1.0405615987998589,0.039760566252389024,13.381339346475569,0.7089262753799509,0.047306382129144585,0.04268702843769532,deep
dr_1087,deep_1087,6.394767420364493,8.939776009124493,2.54500858876,3.1062357286058195,6.694745562872439,0.8257340760843563,0.21760876477460178,0.31765659513042144,0,0,0.9558860853578466,-0.045116530606037916,6.475169028875398,0.8454232075506505,0.03798143642199749,0.025520822826710907,deep
dr_1088,deep_1088,7.524946460424266,10.229214937444006,2.70426847701974,1.8609085770653058,3.1262073391275007,0.4950177783065931,0.021085625795774592,0.33619853045761766,1,1,0.7248816747593698,-0.32174684467566667,12.839347971466834,1.6918633791936537,0.03157234447984346,0.014400149256831439,deep
dr_1089,deep_1089,5.339580493990793,7.499120359021677,2.159539865030884,1.5678059644110913,4.536908045869861,0.6567599770672051,0.16003895984730185,0.0338940827314314,0,0,1.0837926193138439,0.08046657411916307,6.7131535794932535,1.660192183279981,0.046449844975185194,0.055072187490211734,deep
dr_1090,deep_1090,5.53828468899899,7.188189318145105,1.649904629146115,3.2760345185885384,4.829338433976894,0.6838876412790886,0.0489128872637811,0.19254636401613368,0,0,0.9501661795127658,-0.05111838388237342,5.66889205878162,0.9286045120994537,0.03281287839511422,0.0564998728674656,deep
dr_1091,deep_1091,7.197914820659246,8.76396203807693,1.5660472174176832,2.797613290493919,3.6405356353866507,0.5611652865003857,0.06294966718085518,0.35877890821474107,0,0,1.0069594448164458,0.006935339654775856,13.34385204632068,1.883365290704107,0.031083862122702824,0.04756878411656308,deep
dr_1092,deep_1092,5.564026949996283,8.631923876601412,3.0678969266051297,2.383732625919445,7.666261351256061,0.8845836207458309,0.018417359148699075,0.1287211209399019,0,1,1.2558821770400688,0.22783825555663573,3.9730658123282794,1.580667622677745,0.033239692161578266,0.014269401556762817,deep
dr_1093,deep_1093,7.461951024257612,10.935583096975662,3.4736320727180505,3.4186825074599274,5.538413794059032,0.7433854002652787,0.07719175998635454,0.3392629905238719,0,0,1.324648376814922,0.2811470482310088,13.508124591617108,1.2522573577942713,0.040185418695269086,0.019934097139746993,deep
dr_1094,deep_1094,4.76120242472156,7.792096817344204,3.0308943926226437,3.6671140738870878,3.109957951931281,0.4927545172044359,0.2816942149964027,0.12585126379421635,0,0,1.1393203951158755,0.13043194000634148,14.120475924565817,1.366231059744427,0.032835574848925464,0.008861373708496524,deep
dr_1095,deep_1095,6.639138483480423,7.383686374289343,0.7445478908089198,3.3691360933099492,3.2845559502318813,0.5164766641852075,0.2394873391429506,0.12408473098345686,0,0,0.831833437188036,-0.18412305389021671,10.980213720084828,1.3430471803896415,0.03740621020919567,-0.05116449112992438,deep
dr_1096,deep_1096,5.836870807922604,9.019133638852773,3.1822628309301697,1.5726634706911278,7.593268909507209,0.880428780339809,0.3194425118420831,0.10395741340934621,0,0,0.9569538351885357,-0.044000127785164364,12.558811599349031,1.0456870346352327,0.021779710015010473,-0.0494678102797519,deep
dr_1097,deep_1097,7.227875555637969,10.635779341798642,3.4079037861606736,1.0633678376824758,2.1377203980248587,0.3299509012769941,0.3618547070565869,0.015689681334183542,0,0,1.385439251060621,0.32601723813848993,12.647916408870836,1.6320814296279664,0.01943813018461444,-0.00887036632943117,deep
dr_1098,deep_1098,5.758892037682577,8.668863094963218,2.9099710572806403,3.6781202437667755,4.759496190311653,0.6775609835298115,0.16163698128943713,0.21978518096631333,0,1,0.7475745481705721,-0.2909212486959244,10.103650144707316,1.0356576563665905,0.01995176815230402,-0.019197020240874673,deep
dr_1099,deep_1099,5.664470097585054,7.963462111074133,2.2989920134890784,3.5750218048203903,3.391548133661255,0.5303979850558066,0.15427663978605258,0.2630685915706825,0,0,1.0113858557813002,0.011321524773887332,7.744362909749425,1.8764696472291045,0.03678092488207546,0.02481353940261906,deep
dr_1100,deep_1100,7.554575677314405,10.383433163127286,2.8288574858128808,1.3639715819838707,3.0932569183741276,0.4904159929415388,0.2678010081272464,0.22716439690375076,0,0,1.1607624055725294,0.14907703540980638,14.644240654527891,1.9472475913410452,0.007620105290774535,0.0537039074014002,deep
dr_1101,deep_1101,5.814907326668484,8.652219761462433,2.837312434793949,3.016652088169123,1.2104859912575063,0.08295976779281378,0.37795345768199307,0.2433558322406631,0,0,0.9841881453842956,-0.015938195548327705,12.968098844618641,1.6177011592987283,0.011364015475282735,0.008684947546539257,deep
dr_1102,deep_1102,7.932967102569613,10.374328172816565,2.441361070246952,1.9751036920957499,3.0250099043628342,0.4807268009399204,0.522545889463357,0.1750375240822199,0,0,1.348971772770765,0.2993426524483318,7.024552588969755,1.641656532488481,0.04057389621712878,-0.0002406153216607227,deep
dr_1103,deep_1103,5.03056468343262,7.495028031242608,2.464463347809988,2.961770419263048,3.3855930368110205,0.5296347528014276,0.360380894813004,0.07117854380139886,0,0,1.366921068226278,0.312560815201502,12.900897107085443,1.568298647609363,0.04412865770297774,-0.029248829999198343,deep
dr_1104,deep_1104,2.7070790403375335,7.427252745258572,4.720173704921039,2.6401597356087696,7.0049514706445475,0.84540513089884,0.18341210351740053,0.05049460927076723,0,0,1.0360316825012956,0.03539772493464189,10.67024765987769,2.280067380118492,0.04848860965523885,0.028807929791754658,deep
dr_1105,deep_1105,3.3304560985536567,7.032784486839117,3.7023283882854603,1.2322449701791156,2.564323987842177,0.4089728949665047,0.18267098188801398,0.3995214310804553,0,0,0.8782133416022826,-0.12986572898371504,14.416560459199248,1.49726002205212,0.030099093648022594,-0.020667265279451095,deep
dr_1106,deep_1106,6.208307154355627,9.309142847831588,3.10083569347596,1.889852137698034,2.7932080923886597,0.4461032915941863,0.5810149286236902,0.3340495445488622,0,0,1.0384513962106916,0.037730561323226844,13.270054837094019,1.1548752347871356,0.019238889017474285,-0.02341794056975635,deep
dr_1107,deep_1107,6.9668669965577354,10.54277761219428,3.5759106156365448,1.3834926286025424,2.641429128018901,0.42183896265754917,0.2592004955829832,0.14238890009851138,0,0,1.2509514793886203,0.22390444527186354,9.47940474657376,0.9516178679259344,0.04811795518979113,-0.11704578866038205,deep
dr_1108,deep_1108,8.153332683791396,9.824357711209617,1.6710250274182208,2.575005088310142,2.87777332510507,0.45905658267458543,0.2887158120966578,0.302099509671638,1,0,1.382922824258421,0.3241992479863208,11.801208558739953,1.3201451049273931,0.03411398001884879,-0.0022284432012813996,deep
dr_1109,deep_1109,7.497195588321196,10.608379547839988,3.111183959518792,1.8683661281947002,4.400754757863548,0.6435271671827547,0.15404007358872793,0.08520970919572055,0,0,1.274463236491758,0.2425250989819485,5.065622342172777,0.9916032165257326,0.03696527665920477,0.029443622385076407,deep
dr_1110,deep_1110,6.779400556312826,9.491975031934762,2.7125744756219365,1.7642613095645046,6.043991786959484,0.7813238655146716,0.36633961235577844,0.44403307637299766,1,0,0.9483308468515289,-0.053051843042431455,5.00726216810542,1.7582978630824302,0.02487498841691941,-0.06659912752788451,deep
dr_1111,deep_1111,6.111054011229718,8.153399383426922,2.0423453721972047,2.6605055807176794,4.325374375903316,0.6360237030961929,0.13173500417551798,0.41012567044438264,1,0,0.9004348137660594,-0.10487750591908067,10.397251043187731,1.1740726978873879,0.021860847462668125,-0.03566473606981597,deep
dr_1112,deep_1112,5.662586200134993,7.616003167517995,1.953416967383002,1.817383955927082,17.203973285466365,1.2356287595049587,0.20274914470248256,0.281686153034884,0,0,0.9743886861673028,-0.02594499317016272,5.106611856791302,0.6809523690288942,0.04058300239223369,0.046364028150129286,deep
dr_1113,deep_1113,5.738925032703515,10.343574502990293,4.604649470286779,2.20234169475445,5.944961390032591,0.7741490384079917,0.1898626359505689,0.13360021659140914,0,0,0.8857302321333677,-0.12134285314479382,8.89856243269194,0.9400369731500311,0.03361860787934176,-0.08605153074988767,deep
dr_1114,deep_1114,6.299572264973645,9.284879716974112,2.985307452000467,0.9585819387820587,3.766512959392087,0.5759394660425423,0.22073529164391298,0.18657273722279422,0,0,0.873656514723701,-0.1350679843214401,6.723363532890049,1.7161814985779709,0.017608945566390956,0.026316316668971072,deep
dr_1115,deep_1115,6.060256786343541,8.91046054798158,2.8502037616380393,1.2489581804602632,2.9820476307846295,0.47451457594518853,0.30613486784069943,0.44701649781109853,0,0,0.9679951298468958,-0.0325282228681173,10.960417998888952,1.462840981979703,0.03754360716153861,0.02344306164720037,deep
dr_1116,deep_1116,3.282868545314103,7.695876549559129,4.413008004245026,2.6733908369442543,3.229737534140966,0.5091672306574934,0.08412494907651424,0.4656941660238807,0,0,0.9122429069842003,-0.09184897899402612,6.891267664694428,1.5761172567425819,0.04130456566687542,0.003635180856151073,deep
dr_1117,deep_1117,6.664127061867579,8.978835030838235,2.314707968970656,1.697430385858436,4.4166077268985,0.6450888279183997,0.27454458644347274,0.1332003566439953,0,1,1.0499227174590755,0.0487165590407128,7.179235257511465,1.3678497841953623,0.02028218527019934,0.06113595504864511,deep
dr_1118,deep_1118,5.88107009529284,8.360129473538073,2.4790593782452337,1.581270892322315,2.439552805485219,0.3873102230970421,0.30536262622337135,0.13404072195175143,0,0,0.9423036870637896,-0.059427670942751094,10.567475301913486,1.8713858781077608,0.041232349733465276,0.06410417679622316,deep
dr_1119,deep_1119,9.400202267782499,10.849863210916116,1.4496609431336172,1.0117371981429264,5.458181961382113,0.7370480098071128,0.1351510326458178,0.06534545894214584,0,0,0.7078460001685123,-0.3455287228342757,14.70893915127343,1.8249070939960976,0.035461910846142405,-0.058923789069586535,deep
dr_1120,deep_1120,2.851607697912251,7.234605972100404,4.382998274188153,2.908354191009664,2.3181797160539586,0.3651471014572054,0.23955719610430856,0.053714884070984334,0,0,0.9040617018481999,-0.10085766666231805,10.436920497781285,1.3071457733913632,0.025646784178250868,-0.03388627174262086,deep
dr_1121,deep_1121,8.603633915001522,10.493700175583633,1.8900662605821115,2.981329223778675,7.788606819707468,0.8914597805706312,0.41830519629181506,0.5402253808316428,0,1,0.7749467541015327,-0.25496095637416355,7.472306209064983,1.6954839084684166,0.008145881948412866,-0.0496685490107339,deep
dr_1122,deep_1122,3.9481641750361876,7.786884134841566,3.8387199598053785,2.6069690580602125,3.9076006396303913,0.5919101720202836,0.08000691658191855,0.34937172049965515,0,0,0.8689893306244767,-0.14042443155451473,10.484183868999693,1.1314637670371748,0.028866122837830653,-0.01064414303642069,deep
dr_1123,deep_1123,7.329284777265464,10.860644371468153,3.531359594202689,1.114352866570688,1.3649977471571042,0.13513193460164985,0.33674863227775337,0.41789745396633654,0,0,1.1678184309480133,0.15513741936650427,11.5343797082574,1.0399457468756994,0.030976422004142825,0.02109235740689353,deep
dr_1124,deep_1124,6.199343188252376,7.988076848301162,1.788733660048786,1.519347827850282,11.533098409915688,1.061945997802907,0.5078675166973536,0.20653980549968548,0,0,1.1047078631606928,0.09958092278575312,9.632974991288426,2.164612975318306,0.03800947465339718,-0.022775940012972187,deep
dr_1125,deep_1125,5.484510100090068,8.602671979919373,3.118161879829305,3.739765847535499,4.179147180054963,0.6210876662764697,0.21471909240376624,0.1786083431436798,0,0,1.2227022762896596,0.20106338985733474,3.6891019628147053,1.192397511702063,0.006866441816905832,-0.0983760423214933,deep
dr_1126,deep_1126,5.930471305390444,8.103380833272736,2.1729095278822914,2.4653962379317083,1.3849548577638084,0.14143561791773407,0.11867123619048085,0.5408611877390203,0,0,0.8708770103319925,-0.13825451722976176,8.611752175889446,2.136735395551943,0.04855224939539611,0.011107139007068074,deep
dr_1127,deep_1127,3.7924423893217565,8.15127056361346,4.358828174291704,3.1900368113944353,4.527748786069257,0.6558823228068772,0.37833162273110765,0.08641758284398637,0,0,0.795864360780729,-0.22832650868689386,12.456126196550134,0.8646832983729931,0.06227353979666838,-0.004340498430536826,deep
dr_1128,deep_1128,5.5581679731287545,8.932574223240954,3.374406250112199,1.1086209200196149,4.5521693279962046,0.6582184082303052,0.3053017736946319,0.07708841003850724,0,1,1.035390114745937,0.034778278159749314,8.803700728386408,2.081672558816763,0.013477868635445988,-0.0393159498866016,deep
dr_1129,deep_1129,4.481990017259157,7.206824948957104,2.7248349316979468,2.91370536483593,1.891384323760342,0.2767797851800223,0.3341768495762249,0.20599814017793985,0,0,0.933957840011518,-0.06832398094606115,8.951001105006803,2.055648719382078,0.03295110515687731,0.010806434929528737,deep
dr_1130,deep_1130,5.879443692557491,10.627807193571135,4.748363501013644,1.4241593778716077,2.8064018426487847,0.44814985683843245,0.3896290769243936,0.7188885882753411,1,1,0.981821357466375,-0.018345904216934304,8.360396734769099,1.444928261101007,0.04563077550889564,-0.016485176722623153,deep
dr_1131,deep_1131,7.732625601930714,10.237502274306774,2.50487667237606,2.240637070159414,5.195138459649338,0.7155971267652561,0.18512584187018094,0.41973186027028203,0,0,0.9182626642239231,-0.08527180268247651,10.229081407796397,1.0145632259093627,0.0733341231809619,-0.020492070176517795,deep
dr_1132,deep_1132,7.611275686396613,9.06369728594298,1.4524215995463674,3.5905974350964183,6.252769342368238,0.7960724083409434,0.15462169904575726,0.09080753050562812,0,0,1.1058771974843666,0.10063886391957806,5.453586271913715,0.7345398982625202,0.04159607207033425,-0.12126146122183111,deep
dr_1133,deep_1133,6.461683683855455,10.19541477010584,3.733731086250385,1.5251046975590916,1.4831593764876516,0.17118782170275476,0.10782247075473744,0.09150152046580211,0,0,1.0897202993908977,0.0859210572486865,5.739106954820181,1.5591824322909402,0.02035121846572329,0.050163247070431356,deep
dr_1134,deep_1134,7.294388473013668,9.603630910816634,2.3092424378029657,1.2709459897429431,7.9001501416328885,0.8976353450958907,0.10855373180922223,0.30573266396862875,0,0,0.6407575453072156,-0.44510413806446425,9.63554838001689,0.6778691777102851,0.01222662898041554,-0.019841425045166932,deep
dr_1135,deep_1135,4.223364751503228,7.823268806130391,3.5999040546271637,1.9186460359393331,5.639534921876303,0.7512432902969999,0.0515846613151928,0.10196222023780178,0,0,1.282230370328885,0.2486010383994501,13.332318042345698,1.3480262601692776,0.02110317238598191,-0.009075226167396096,deep
dr_1136,deep_1136,9.02188363093913,10.196284014209468,1.1744003832703385,2.497626798713259,6.031033727520984,0.7803917571950938,0.080447256613076,0.22260623675679156,0,0,1.171540089170831,0.15831919875650582,13.759511471920938,0.6366923475807732,0.051490473284822105,0.07616060050029734,deep
dr_1137,deep_1137,6.616779290775337,10.269475121930276,3.6526958311549382,2.003556722902933,3.261808611659781,0.5134584749940998,0.2524252473743578,0.3606803144612713,0,0,1.4142887448485832,0.34662675090516565,10.46333581145443,1.7663867742500834,0.03128110787520312,0.015036907152328617,deep
dr_1138,deep_1138,5.094875256284234,8.936512786500817,3.841637530216583,2.8889062462069734,5.282727123522776,0.7228581780144048,0.191170154691268,0.26458543875456814,0,0,1.1896764416055503,0.17368137234206477,13.117542434940178,0.8237895851860846,0.05526500834104374,-0.01978833805653847,deep
dr_1139,deep_1139,7.995682598706688,10.966621365799856,2.970938767093168,1.7927593708583691,5.282731623651297,0.722858547971078,0.29709822821297643,0.23800365396294382,0,0,0.760884380725361,-0.27327386337878,12.777631521074545,1.126387886458939,0.04421169878105808,0.022283324680023697,deep
dr_1140,deep_1140,6.0705140096534,9.020031667047839,2.9495176573944386,3.636790626860824,3.390237201038814,0.5302300850757671,0.2909582625301101,0.06656955710511003,0,0,0.9637194457317614,-0.036955058128035255,12.549393360194024,1.1011809436444029,0.01611903378209197,-0.060199844898355635,deep
dr_1141,deep_1141,7.546169351034489,10.42220551065813,2.8760361596236415,1.0056850730043387,1.697144360628866,0.2297187853689412,0.03780395803147655,0.13216987890861173,0,0,0.9963577527732367,-0.003648896359293324,14.953234081783616,1.2483954899342495,0.022612130834914958,-0.005010680500357528,deep
dr_1142,deep_1142,3.750157152872549,7.137227057984967,3.3870699051124182,1.1697476201257528,4.158192731010117,0.6189046148834672,0.028511426205921096,0.2572909623356361,0,0,1.3298351297378423,0.2850549719465379,11.249900957552677,1.2318100948012434,0.034317948237959806,0.01868824405488433,deep
dr_1143,deep_1143,7.622207650479456,8.779282185244114,1.157074534764658,1.909828104297361,2.1993428418614043,0.3422929341006109,0.3047982960074129,0.2850908167156865,0,0,1.1124304095350734,0.10654717987482328,10.802899691134106,1.702208306062636,0.029761562869248765,0.011918649218655656,deep
dr_1144,deep_1144,4.473845547198263,8.023968148949129,3.550122601750865,1.1651490805974896,1.3054221900220602,0.11575099071190131,0.14234270740258126,0.016042213330002112,0,0,0.85287220391626,-0.15914556227342724,3.509738339685673,1.5399700546475261,0.01017434262511275,0.05050878196996615,deep
dr_1145,deep_1145,7.375101410551906,8.579573713788466,1.2044723032365603,1.9999383630947207,2.645150940199852,0.4224504592164019,0.471961881749821,0.4059346822588325,0,0,1.1550360237867898,0.14413153291316888,17.68827929645666,2.2517366785067248,0.05188297678556682,0.03683046292012194,deep
dr_1146,deep_1146,6.106386492139935,8.613529207840557,2.5071427157006223,1.626318839690948,1.5154661416239945,0.18054623785301266,0.1026437816189954,0.03411408773570182,0,0,1.2859549158242338,0.251501567521448,7.421457602776165,1.6204786918456457,0.04304153930699588,0.01684057086918331,deep
dr_1147,deep_1147,5.548376027165174,8.002466192062275,2.454090164897101,1.3350620647610494,5.3146802582389725,0.7254771416232902,0.09748975639508269,0.10095744961681025,0,0,1.147045972602395,0.1371899180784558,15.240025889654909,1.6636075838670918,0.028969943731112183,0.005045944132861935,deep
dr_1148,deep_1148,5.22951076205277,8.42848938285598,3.198978620803211,1.448237180416096,9.966009154862094,0.9985212817818838,0.2927564383473005,0.2559806885989699,0,0,1.0978749200551081,0.0933764204372965,8.40595620044256,0.7363753509456745,0.02547877440415968,-0.021139912369451886,deep
dr_1149,deep_1149,6.0899792944450795,9.821200834963157,3.731221540518078,2.0557847019806,4.2450779623022585,0.6278856706192537,0.14520799226603634,0.43279375972256906,0,0,0.8091886159196121,-0.21172324210237026,10.81281197872054,1.7166674006784173,0.02594383687801117,0.07753731182183597,deep
dr_1150,deep_1150,7.286352014126588,10.85029489126581,3.5639428771392216,3.128998939307668,1.4163250557729503,0.1511629381895957,0.01428084319599095,0.11149709455984301,1,1,1.06516119557514,0.06312614505557028,10.587014670108774,1.6744434914616906,0.048441886876072565,0.010063666858600296,deep
dr_1151,deep_1151,4.8521282482430514,9.585362503259068,4.733234255016017,1.9431506560932559,4.415799959922601,0.6450093911999615,0.12657176461321337,0.20329645938927499,0,1,1.4296255399660855,0.3574125498168803,9.686464990604959,0.9011098630002012,0.026871783075560922,0.016755360098287656,deep
dr_1152,deep_1152,6.801713557712803,9.058138420344061,2.256424862631258,3.324549079440726,2.0765606460167443,0.31734461921464885,0.35133658493843045,0.5263628369430006,0,0,1.3893397945065262,0.32882866632866303,12.288344530284089,1.551197412090515,0.034411408656887854,0.018884113858733453,deep
dr_1153,deep_1153,6.756616426302225,10.028247062977176,3.271630636674951,2.1165816872020753,3.685730749943046,0.5665236059549463,0.14330164119471775,0.02563946851492786,0,0,0.8510058589635071,-0.16133626563398226,17.683252387390496,0.48132433972805233,0.034311097059372825,-0.006178726708147812,deep
dr_1154,deep_1154,7.8756249578645035,10.405383604979715,2.5297586471152114,2.4695663572104434,3.1807753987855385,0.5025330037468325,0.522412808431198,0.23226408939105375,0,1,1.0209101547081714,0.020694537963004356,10.647860777439124,1.359513040646655,0.048851319483110896,0.07564848222251509,deep
dr_1155,deep_1155,4.082276121406794,7.457445668559091,3.3751695471522964,3.4151821461340233,1.9433709208070065,0.2885556999747921,0.19118795170436784,0.5831627709706998,1,0,1.0136260997248459,0.013534099224499926,11.149402784089796,1.298861509847432,0.04545437365707275,0.08781919990112735,deep
dr_1156,deep_1156,6.742183757433021,9.781456699179202,3.039272941746181,2.199955250461444,1.7191218995168922,0.23530667273739758,0.26568020158563554,0.11809525219831526,1,0,1.1619237619183183,0.1500770469127168,7.8785715213884835,1.9957244888230263,0.027808146174528228,0.010987146239166254,deep
dr_1157,deep_1157,4.969224864109792,8.339892677320483,3.370667813210691,3.5023878417783365,1.8590784214659466,0.2692977099932967,0.03510960628731503,0.1727171932674088,0,0,0.8290461789508583,-0.18747942099434442,11.808454496192534,0.9961895812943646,0.05997155597539151,0.0075004406240060046,deep
dr_1158,deep_1158,5.325475625553838,8.080239850777925,2.754764225224087,1.2853227783995398,4.14124443659347,0.6171308654530397,0.461997396502393,0.006097683067959731,0,0,1.081159049969048,0.0780336600904711,6.4134038670112155,0.8930049487041107,0.03415136532139219,0.019147105745581754,deep
dr_1159,deep_1159,5.350259592582297,7.485826979262054,2.1355673866797567,2.2420729927594856,3.609650166539408,0.5574651137883296,0.04334718261559977,0.50116300356274,0,0,0.9019415378972747,-0.10320557488113692,14.213369682763176,1.0307208993773591,0.017252784187673353,-0.06313155436033943,deep
dr_1160,deep_1160,4.062070211573214,7.87123949565388,3.8091692840806655,2.3044217003817926,2.2304045385237496,0.34838364014003476,0.45501073497041394,0.32648631951448526,0,0,1.1425915432719176,0.1332989659784702,10.923424859974295,0.9151089377135841,0.07764339753911986,0.01294771629845321,deep
dr_1161,deep_1161,5.919845322803979,9.33538393901275,3.4155386162087717,2.7203575830756064,1.485524354817707,0.1718797763525623,0.4484066042190044,0.22585888205218121,0,1,1.0162775507956117,0.01614649176639151,13.778445878869633,1.368552031601913,0.0335013160498742,-0.015878309577323026,deep
dr_1162,deep_1162,7.138828772708035,10.618140921880173,3.479312149172138,1.682791634374171,7.707003239664788,0.8868855415431962,0.4530914449774658,0.21670185957563592,0,0,0.765921183179608,-0.2666760085568982,9.076965555751267,0.6080808349106313,0.035615216407674,-0.005381390888197127,deep
dr_1163,deep_1163,6.882758411938378,9.907656920663868,3.0248985087254905,3.606190252288911,4.309679715815282,0.6344449957239279,0.11172304844876337,0.11318453056394734,0,0,0.9883362682402557,-0.011732286671137997,7.434460913904799,0.7616897405577778,0.026483617439000736,-0.0039978705359960095,deep
dr_1164,deep_1164,7.40637345721215,9.456288903471437,2.049915446259287,3.260178314887556,12.472502742075212,1.0959536080907144,0.26667890937589495,0.11592590506787935,0,0,1.7555880555831855,0.5628038751993107,10.299268970461092,1.5937211717095414,0.0293554282250695,-0.05998189904154968,deep
dr_1165,deep_1165,5.213592933468586,7.077795676437684,1.8642027429690975,2.682642933829439,4.172003797094543,0.6203446950221004,0.2025235261995006,0.15555191455672218,0,0,0.9996553735600341,-0.000344685837304416,6.7735688716349784,0.6457433625537675,0.030762598110117337,0.011080411995666515,deep
dr_1166,deep_1166,7.263842364367303,9.684570654777819,2.4207282904105156,3.69197457925235,2.0251292484459635,0.30645274611641815,0.372452643390438,0.17089862806728714,0,0,1.0888623199351517,0.08513340798306594,7.013438344355791,1.6181488787425178,0.018128429460862346,0.011224362719603162,deep
dr_1167,deep_1167,6.520409950673962,8.82624603712337,2.3058360864494087,2.186325465755451,2.2466579830422155,0.3515369632144095,0.2459834337338446,0.01389898430251742,0,0,1.1841957391429951,0.16906384302005625,11.794645875037117,1.758515450534083,0.020183460410135336,-0.005475272728111993,deep
dr_1168,deep_1168,6.023240092182192,8.417161218942287,2.3939211267600946,1.2816822322854455,2.5477798281796584,0.40616189480220477,0.7056504130520919,0.17347058020463177,1,0,0.8091490202862223,-0.2117721758137441,9.655665291466045,0.9662698422770439,0.050844354063756966,-0.04458509771990249,deep
dr_1169,deep_1169,5.447513449612698,7.155738527415252,1.7082250778025543,1.2763388567824359,3.667724680577744,0.5643967277085856,0.1580289705827408,0.20496781355732782,0,0,0.9588347219089254,-0.042036563155082224,10.405086454612636,1.0194932116907518,0.015971873315341407,0.0012488451633005193,deep
dr_1170,deep_1170,8.107185253421086,10.65063911211778,2.5434538586966937,0.9248890887595899,2.394765732589103,0.3792630350699653,0.3551441266177558,0.10480107432357574,0,0,1.2089264288815111,0.18973271691215396,10.549769013323031,0.8446165945046913,0.0647811631886938,-0.04542695970720227,deep
dr_1171,deep_1171,7.508433711434405,8.717725827312993,1.209292115878588,2.772392867209268,4.413573638868234,0.6447903770290174,0.12046078674885234,0.3025111913600988,0,0,1.0448766772618487,0.04389886626316957,14.005364754763203,1.124296950497104,0.05515386095973569,-0.053706095196720864,deep
dr_1172,deep_1172,4.725347076460591,7.761292857942966,3.0359457814823747,1.5340040119616165,2.266939835426547,0.35543999410579075,0.44409644342413584,0.25077158819057,0,0,1.2342477103666625,0.21046164307442783,7.791777525779409,1.7345304521137355,0.03854656991824299,-0.017977175247060936,deep
dr_1173,deep_1173,5.866227806158427,7.980083583541579,2.1138557773831517,1.2333866270528033,12.209377188085057,1.0866935107363138,0.36236189742791536,0.21176541229310625,0,0,1.0314996767736055,0.031013740173430254,9.425790978984601,1.487608095411228,0.029460618201709844,-0.04229113233477592,deep
dr_1174,deep_1174,4.13749068807018,7.779833239801196,3.6423425517310157,3.3095977084689587,5.17832540358071,0.7141893378213577,0.2553237645223344,0.4030707224917083,0,0,1.5264794995299844,0.42296410338102036,13.16802838584713,1.6157743000165876,0.01708672806865764,-0.016020018921564627,deep
dr_1175,deep_1175,4.394971226196063,7.466015641727972,3.071044415531909,2.4601944461793055,6.011166862687968,0.7789587836230512,0.31552303293254,0.6584598459188264,0,0,1.0768409412926798,0.07403170044545458,8.46307038077385,0.8756863653783581,0.03323893857041338,-0.013505526203545398,deep
dr_1176,deep_1176,5.413795802516916,7.781792734101195,2.367996931584279,3.4762335381213894,1.5854937546701886,0.2001645356613625,0.05083118394873232,0.34453181469708405,0,0,1.1439106600794988,0.13445279557198236,6.485119252263511,1.2877684497381299,0.06250528542180145,-0.012392415564895974,deep
dr_1177,deep_1177,5.300208268342063,9.297475646122777,3.997267377780714,3.5769473747822524,3.1814280786813773,0.5026221097552179,0.26581168625176493,0.17510551969710053,0,0,1.0830047609685056,0.07973936410199384,8.688299368867648,0.8078447118895895,0.03929621586830989,0.04698276952391123,deep
dr_1178,deep_1178,5.711538802914529,9.78568849360451,4.074149690689982,3.2355467667775133,3.0824133279604427,0.48889087384272073,0.3023856195031869,0.5981733170210702,1,0,0.9737912377171921,-0.026558333305245103,12.221609221182124,0.743889717549793,0.015360874248370487,-0.025901124692374367,deep
dr_1179,deep_1179,5.526606308401967,8.655183510041061,3.128577201639094,3.746574874556957,7.804730306498486,0.8923579005537023,0.523120491520261,0.0214156708295379,0,0,0.975882050519838,-0.02441354974919454,10.906441227440988,1.0284381745007924,0.023483067199348562,-0.06993274636154809,deep
dr_1180,deep_1180,6.110860061060494,8.867487733651235,2.7566276725907404,3.013206976488969,4.8208789275355235,0.6831262246662692,0.23069156014081638,0.33052469599425127,0,0,0.8534898457366498,-0.15842163402210505,4.405619068334869,0.7452560097398557,0.008985622307421514,0.05554487326826121,deep
dr_1181,deep_1181,5.074069046050941,8.038011566623851,2.9639425205729104,2.831764109295392,1.2873151073998352,0.10968486598338789,0.5856510943731165,0.6821862609410636,1,0,1.1104358091580258,0.10475255913192641,9.525864088091634,1.2529251819559672,0.035962515449959744,-0.06301539165545,deep
dr_1182,deep_1182,7.684837163100245,10.792592808738092,3.1077556456378472,1.9045242591627436,6.6348083999351966,0.8218283858210501,0.2875385867385012,0.4274186259040262,0,0,0.9639515727134733,-0.036714221407855546,4.483485914697555,0.8831007855749828,0.05529135473279163,0.015532834197320333,deep
dr_1183,deep_1183,6.72238962195231,8.005080173724423,1.282690551772113,1.4352448029652807,3.376718817446297,0.5284948980308223,0.1656805176816597,0.1323311105126786,0,0,0.9865635678914368,-0.013527517793732418,9.15007799739492,0.8612025823881837,0.019143427971777375,-0.0746564983281602,deep
dr_1184,deep_1184,4.576552506674055,7.3996141869806475,2.8230616803065924,3.5486321631758058,1.9548005138617968,0.29110244451989187,0.31445241086007525,0.07587266987441411,0,0,1.042275107520821,0.04140592721835591,6.348319914520613,1.305614038898851,0.027817595949312025,-0.019195010500177013,deep
dr_1185,deep_1185,4.288912794716019,7.034330015622265,2.745417220906246,1.042794034497494,3.4007891569276496,0.5315797072572328,0.20955904741727888,0.27396681730662986,0,1,0.9166384094828021,-0.08704220348352268,9.26948557784006,1.2766114656401177,0.024474474025068464,-0.010403222504949313,deep
dr_1186,deep_1186,8.067611238360623,10.35536312565539,2.2877518872947675,3.534213578989432,1.597508123808482,0.20344307535389627,0.1629056317740849,0.06850030899346408,0,0,0.7012469220283142,-0.3548952114192999,13.32734932488744,1.0463572638633876,0.04035542043922203,-0.005097627607833307,deep
dr_1187,deep_1187,1.857018406348062,7.073405635001283,5.216387228653221,1.9862053913995794,2.023885142815626,0.3061858622899097,0.4932627084735488,0.3312272778440508,0,0,0.990340465745037,-0.009706490182233716,4.200513635325089,0.8124853500076483,0.0338794035232273,-0.021172296402175543,deep
dr_1188,deep_1188,2.7272132018997626,7.050476739404603,4.3232635375048405,2.0797939799465106,7.926150178251319,0.8990622967349817,0.2825923100401039,0.411973098032272,0,0,1.2021313947756203,0.18409614359598994,11.529088483953245,0.9467778468653044,0.029038599667180268,-0.09556706912158859,deep
dr_1189,deep_1189,4.767529989715495,8.195364226914977,3.427834237199482,3.422791130648496,3.778403828524767,0.577308372624312,0.4299647392935831,0.49422393630835104,0,0,0.7879669394891973,-0.23829914496733956,2.9350930949600578,1.4861132596499758,0.05114227638230921,0.011507514244476361,deep
dr_1190,deep_1190,4.7620116856638575,7.384419151834722,2.6224074661708645,2.7309718644667256,1.849114981330272,0.2669639172190318,0.08377666720363013,0.18213896501362425,0,0,0.8583008011304977,-0.1528006568662306,15.034563453567449,1.319547214094524,0.03902223504288397,-0.010199283230544412,deep
dr_1191,deep_1191,8.036291038363801,10.353513048626782,2.317222010262981,1.3224060371143436,4.896203950838875,0.6898595000033324,0.6058604309124994,0.5008678935452168,0,0,1.1712532218003477,0.15807430530340127,12.53458093693678,0.8149185503914399,0.04575031231414132,-0.021169685890085617,deep
dr_1192,deep_1192,7.200875444574237,10.34469904049583,3.1438235959215923,2.7536597068977176,2.104224497585792,0.3230920723930799,0.2505947956905765,0.7436488107734778,0,0,0.7199413409284037,-0.32858554122374545,12.322444679873021,2.0289136375316974,0.04859482786727631,-0.00464993275768299,deep
dr_1193,deep_1193,6.596229577464552,8.976394119928424,2.3801645424638718,3.36103164829908,2.2369877594717273,0.34966360769590166,0.28408771634095403,0.21593508022931548,1,0,0.8307098344982686,-0.18547472139863191,15.56161105452689,0.8610618362309523,0.0208408830140313,-0.0007983402013619861,deep
dr_1194,deep_1194,6.296689506250801,10.321930252580316,4.025240746329515,2.5196105267924525,1.7091229985044434,0.2327733182207926,0.26876535453220485,0.26248736923201377,0,0,1.558644075680689,0.4438162610475546,13.268777757531039,1.895260220782788,0.015871710609815418,-0.00022384485799229863,deep
dr_1195,deep_1195,7.459107301176384,10.730241153810773,3.2711338526343896,3.7503914764414454,10.681076867600659,1.0286150405277672,0.3062884884204976,0.22915502840145713,0,0,1.0731722954096778,0.07061902429918245,14.301538541924653,1.6079383904686753,0.020079386278602375,-0.0052531522299291014,deep
dr_1196,deep_1196,7.649155089121147,9.71487819611224,2.0657231069910926,3.2132150820345995,5.667993152730927,0.753429316922464,0.156055310994023,0.2653211555006533,0,0,1.2232462606164693,0.20150819425740357,6.934188932629905,1.5450391631551696,0.05331320462641258,-0.03599393175771789,deep
dr_1197,deep_1197,7.67823548395536,9.882098529023166,2.2038630450678056,1.9994790737773185,2.276710042151731,0.3573077231438755,0.3561679159268279,0.12351080884554222,0,0,1.302101885489583,0.26397979378896197,6.390879842155973,0.7471453925325898,0.03784587040662452,0.0036573286254850176,deep
dr_1198,deep_1198,4.268513949615182,7.786972939032827,3.5184589894176455,3.766916761078104,7.60504249508289,0.8811016451251704,0.18528436027672576,0.5793927811098721,0,0,0.9572835846484729,-0.043655604728847976,6.454469620017708,1.9006827573895686,0.03175397695561838,-0.07217507461437848,deep
dr_1199,deep_1199,6.811109447040074,7.63399378819137,0.8228843411512958,2.9568176338015406,7.279850805524526,0.8621224789007601,0.08731081509627635,0.030084732642439774,0,1,0.9041523579428298,-0.10075739524343938,8.453433895528939,1.6920363444705733,0.04983477810546846,0.03281886787905049,deep
dr_1200,ood_deep_1200,7.069060123949246,11.199139343791895,4.130079219842649,1.3153537915696707,3.731569832969175,0.5718915734626139,0.5003360100212979,0.04690728387784298,0,1,1.0874490022225163,0.08383458837308935,4.972570656879472,1.282289445946498,0.048659785103432586,0.0619352544326716,ood_deep
dr_1201,ood_deep_1201,10.44465526823009,13.893523982235777,3.4488687140056875,3.229480058798917,2.563226641965694,0.40878700844852434,0.06957144715110518,0.06289874361809195,0,0,0.8374789474578559,-0.17735915296261848,9.12616147838337,1.145998510151801,0.03958183419395953,-0.02136220450782424,ood_deep
dr_1202,ood_deep_1202,10.75507024497038,13.226735830517248,2.4716655855468677,2.8523058372278705,2.433017648920868,0.3861452592806518,0.15194654171873265,0.29850255041219764,1,0,1.026931374769377,0.026575107651844225,10.814332178507179,0.7843012929711961,0.035072362227207096,-0.032986239320715,ood_deep
dr_1203,ood_deep_1203,11.300272732389237,14.191811942319806,2.891539209930569,2.1216484231194563,7.72948286430804,0.8881504387190704,0.6100540370436373,0.24098167592107864,0,0,0.7421134616021416,-0.29825313429435635,7.161330553687476,2.1973655261763367,0.04526180913919019,0.0157578881704462,ood_deep
dr_1204,ood_deep_1204,10.104848115258779,11.332094290268474,1.2272461750096948,1.163383813468746,2.2110889827933193,0.3446062206241709,0.2637725547731594,0.26838763293278683,0,1,1.2708856873569832,0.23971404902563692,8.643360181268582,1.511269762055964,0.03056575873689736,-0.04202417114065466,ood_deep
dr_1205,ood_deep_1205,10.284298000113386,13.89782959014787,3.6135315900344835,2.972396241971226,2.14901323845905,0.33223909086231596,0.00055774946354398,0.11569783826200752,0,0,0.7578902341161475,-0.2772167136988836,13.11887758053753,1.0888657185331518,0.014089191188335112,-0.04556614194197214,ood_deep
dr_1206,ood_deep_1206,8.431512795218492,13.785569544980714,5.354056749762222,2.236749781879314,1.810827632395349,0.2578771130074755,0.2818845396125359,0.0722196271121056,0,0,0.8476687677153871,-0.1652653236051032,11.590816182869936,1.9069356375386968,0.02329250684067685,0.0479355789362281,ood_deep
dr_1207,ood_deep_1207,10.961956113110885,14.7145171233418,3.752561010230915,1.760313247245771,2.4649687540677334,0.39181141853334167,0.22531039848655313,0.1604265891958262,0,0,1.0685054858576901,0.0662609299311201,7.662198332928091,1.0801584036040304,0.04655581887018065,-0.07114873165315505,ood_deep
dr_1208,ood_deep_1208,8.645576935512164,13.260612381459136,4.6150354459469725,3.620043288267078,4.036768225943543,0.6060338147847522,0.5124110691781363,0.09698557468104017,0,0,1.2522996302703142,0.2249815653473,10.572641012534671,1.0084832151943481,0.04943397970935531,0.05695424872498164,ood_deep
dr_1209,ood_deep_1209,9.202898806694835,12.033301554769105,2.8304027480742704,2.333705778025068,3.9682623215611406,0.5986003734218868,0.07565669936914067,0.36450103713365445,0,0,0.8961319549139459,-0.10966760574121717,4.511296441590367,1.2442957328670985,0.018615136753785556,0.03799318282475573,ood_deep
dr_1210,ood_deep_1210,8.365268155175503,11.208354487230576,2.8430863320550728,2.0424278775307982,3.799180095370065,0.5796898812282075,0.22244497427017582,0.12445569746353893,0,0,1.538567270226087,0.4308516393779117,6.876462807516045,1.5329534302036816,0.059113935010224904,-0.07094988438318219,ood_deep
dr_1211,ood_deep_1211,12.272594263883946,13.286405278295902,1.0138110144119565,1.0723693515069608,5.176708423375259,0.7140537041579593,0.44491127484760795,0.31995007484778015,0,0,1.217485988448538,0.19678806744722524,3.0839422407718837,1.2821555118143175,0.018972076770115143,-0.003336605730378483,ood_deep
dr_1212,ood_deep_1212,9.0400710840904,12.53780214120955,3.49773105711915,3.2935376269067755,3.92817297243367,0.5941906031779234,0.3109845246282098,0.18337754461466535,0,0,0.798246711291069,-0.22533756729417392,14.821741780124682,0.849736470706415,0.03888426455493684,0.07464342878672942,ood_deep
dr_1213,ood_deep_1213,9.859709196471652,11.697890797105167,1.838181600633515,3.666823391668393,3.8843557595780487,0.58931899913145,0.5904214199275277,0.4997251476266631,0,0,0.82507102400598,-0.19228580664874378,10.76865877931701,1.9985535537277255,0.031650729183014634,0.022765984672359556,ood_deep
dr_1214,ood_deep_1214,10.270754032550592,12.806511371633913,2.5357573390833217,2.632511048945078,1.4977920242919025,0.17545151364850792,0.1607585720607474,0.18704646683283424,0,0,0.8899170990626833,-0.11662696771499448,9.178860756397556,1.7159661874491503,0.04104327724098667,-0.04875438657640062,ood_deep
dr_1215,ood_deep_1215,9.896588367646375,13.375207512066353,3.4786191444199783,1.764674562037583,2.49798295220737,0.3975894701519952,0.5339307016012024,0.27090123962867674,0,0,1.0142534523996136,0.014152826992748748,10.354853103216447,0.5863426906943663,0.023885357701057076,0.06388918570275404,ood_deep
dr_1216,ood_deep_1216,7.013702940230422,11.926314110127056,4.912611169896634,1.3445931111716134,1.9145335731630213,0.2820629865163503,0.48495672336576656,0.012368725250133467,0,0,0.7574665446083166,-0.27777590810751407,10.582533838128981,1.9005888206490176,0.05196863074601195,0.007546696281070139,ood_deep
dr_1217,ood_deep_1217,9.619153638475707,12.228792470946583,2.6096388324708766,1.0688535136293895,4.744410711873735,0.6761822777802519,0.11283699166529053,0.24877283329835814,0,1,0.9621033457720154,-0.038633406048970864,10.128515160720974,1.1326923533838607,0.03901653523810694,-0.023096884150232,ood_deep
dr_1218,ood_deep_1218,8.353787896816971,13.291488529721084,4.937700632904113,2.858318077096743,4.041956952031711,0.606591683846618,0.4123628634270175,0.3982113544556045,0,0,1.3030032685050057,0.2646718065854604,12.826308344007929,1.0809633741986167,0.030970387388573814,-0.04207159972892109,ood_deep
dr_1219,ood_deep_1219,11.084301946875197,13.460683184778247,2.3763812379030504,3.642843826544327,4.973489795732548,0.6966612312228359,0.42469458690573575,0.10743043743511037,0,0,1.4910487968472022,0.3994797628441157,11.146237421714668,1.5234230936665512,0.03700439570738479,0.007547978532289348,ood_deep
dr_1220,ood_deep_1220,7.995168629677102,11.35607389999447,3.3609052703173683,1.8392426625521647,4.330928154885799,0.6365809793439153,0.37529856970551534,0.40548112972954636,0,0,1.0117074291299657,0.011639427417104012,14.047823451549771,1.4265776169564346,0.05371211121783713,0.033519765132166125,ood_deep
dr_1221,ood_deep_1221,11.156647395447488,14.073080287485412,2.9164328920379248,2.0622531478061927,2.120470420048502,0.326432218555072,0.3290679873229292,0.2795287884663027,0,0,1.2165542824837843,0.19602250409859423,7.639727914249846,2.375828542012524,0.05608334272503035,-0.04123811818146468,ood_deep
dr_1222,ood_deep_1222,10.643068874001518,13.230618199457778,2.5875493254562603,3.272816658935538,4.137111129457765,0.6166971869003632,0.5027147045095677,0.1745734744250526,0,0,0.6515419301877877,-0.42841352502883584,6.502862244885852,1.6440369570665325,0.035318106518346104,-0.00805862726848572,ood_deep
dr_1223,ood_deep_1223,12.455520343885413,14.534949485087674,2.0794291412022616,2.853643688185108,3.408580217600577,0.5325735191504759,0.19226762317879859,0.31624020404480635,0,0,0.9950093558230686,-0.005003139030495773,7.963146415744073,1.13792665979888,0.06518388619924069,0.12821948507302863,ood_deep
dr_1224,ood_deep_1224,12.584616470973973,14.936866217377636,2.352249746403663,2.8142642562824207,7.818872196310402,0.8931441144099808,0.3239610405485802,0.5103574179107087,0,0,1.152104839310873,0.1415905644791171,13.41870645428408,1.4470807793680973,0.05733261606478088,-0.020765899543250716,ood_deep
dr_1225,ood_deep_1225,12.133422795186009,14.372253503222659,2.23883070803665,2.187624044540149,5.557966856371722,0.7449159526360654,0.08763382327646202,0.3712561256236952,0,0,0.7803764012221875,-0.2479789100263964,4.446423875965511,0.894874871691143,0.026250275266775723,0.09633018641805913,ood_deep
dr_1226,ood_deep_1226,9.941050777938681,11.771429862266046,1.8303790843273653,2.6335619660825555,4.206643083568949,0.6239356654726256,0.5134781122336372,0.3947128948200879,0,0,1.0416947647067445,0.04084896827493475,14.229681699768221,1.6917751226154396,0.03030271201843821,-0.045958564306792286,ood_deep
dr_1227,ood_deep_1227,8.956942634362097,13.550505659085694,4.593563024723597,1.4404656365669282,3.2998007213536926,0.5184877131416169,0.29196846999481724,0.17202480210506876,1,0,0.8070004946583788,-0.21443099775279895,12.718660407695978,0.8003882452674861,0.03161712149632783,-0.06066533940536936,ood_deep
dr_1228,ood_deep_1228,8.351181332020968,11.016670684122328,2.6654893521013605,1.2679155549846082,4.795473040172891,0.6808314537598458,0.28750712131243883,0.19883344600343184,1,0,1.2408029332915487,0.2157586969099159,13.406332299830382,1.2579147526894439,0.03262410666997375,0.0948305770713451,ood_deep
dr_1229,ood_deep_1229,10.61594622255241,12.696340603041897,2.080394380489487,1.6932905086138121,1.921975388071934,0.2837478219938242,0.1864480061076948,0.09675289216797411,1,0,1.2861599299402149,0.25166098040050566,8.437704618526254,1.331772862521585,0.03894026641702823,0.06784973804389245,ood_deep
dr_1230,ood_deep_1230,8.696104683107095,12.269332610577136,3.5732279274700414,2.6354579244446925,2.972635351639378,0.4731416382719976,0.1660647328285802,0.04329635330969214,0,0,0.794975254051126,-0.2294442917919753,6.348156861913404,1.275149860165851,0.03014881762341643,0.04234692990307975,ood_deep
dr_1231,ood_deep_1231,10.666297026187124,12.442068403242642,1.7757713770555181,3.2552331016578977,4.2363115365494695,0.6269878904414254,0.33175382651168567,0.3350974261670055,0,1,1.3700397537946036,0.31483975678736165,8.535536934992322,1.9514974000335266,0.03962316055667843,-0.010474559272861145,ood_deep
dr_1232,ood_deep_1232,11.316411259315558,14.906935151689511,3.5905238923739535,2.2561976279984197,2.356575322316903,0.37228132550613957,0.4911189084107348,0.17884006245500184,1,0,0.9446282865279124,-0.05696377645936054,4.321529712650981,0.6451116419477092,0.02934960820753111,-0.01540297787040039,ood_deep
dr_1233,ood_deep_1233,8.696647350613347,12.094714515536593,3.398067164923246,2.3555760002503403,7.900754750996203,0.8976685809785325,0.1454209093845707,0.13011338669880226,0,1,1.135154419651045,0.12676869423504308,8.766590262659678,0.7659209534266387,0.047704828508662464,0.006829181506171843,ood_deep
dr_1234,ood_deep_1234,10.202502012707976,11.464025664871135,1.2615236521631594,2.845733479720475,4.0275835585875095,0.6050445593102579,0.4324863162557799,0.2532197411770637,1,1,1.1272772177452604,0.1198051832883852,7.513972390548374,1.2185473696708329,0.018485604377823293,-0.006221030242993084,ood_deep
dr_1235,ood_deep_1235,7.253785401942281,11.112339729362237,3.858554327419956,1.540484121472594,3.384383455594296,0.5294795633546057,0.46774680701965143,0.46326590502119436,0,0,0.8777953827186489,-0.13034176180261578,11.11844475220617,1.9158379083630508,0.03153570469676387,0.09134093920446831,ood_deep
dr_1236,ood_deep_1236,13.506691383875898,14.76789311987833,1.2612017360024321,1.240485850621778,3.483819281899162,0.542055618520016,0.3310270397407783,0.3405114624768672,0,0,0.7735412430150657,-0.2567762903968558,9.535209120564577,1.4517489001007784,0.028982393751526597,-0.08183926707289534,ood_deep
dr_1237,ood_deep_1237,8.795769129509257,13.29363238822442,4.497863258715164,1.3685562813855656,2.490956088864205,0.3963660717628987,0.2218169090457661,0.09436145617203831,1,0,1.2232552230924953,0.20151552102673992,6.820760176278677,1.6077476550863412,0.029942740949585413,-0.023977924152764743,ood_deep
dr_1238,ood_deep_1238,12.099620873591622,14.572360065896167,2.4727391923045445,3.018968661843069,3.739148004273366,0.5727726558916034,0.28521953047827125,0.41940769862013055,0,0,1.4339480056794003,0.3604314832769866,15.500510550526318,1.4849127599028942,0.010817589511144796,-0.0395396809784592,ood_deep
dr_1239,ood_deep_1239,7.682204025703655,11.595353660206468,3.9131496345028136,3.1797673139178477,3.8417263603860388,0.5845264275723525,0.11594163637250696,0.20902954043091146,0,0,1.0579517625883597,0.05633473938004111,8.772623286263073,1.6039557592476439,0.023423948648535482,0.04775172800489615,ood_deep
dr_1240,ood_deep_1240,11.998351881556557,13.87113433931119,1.8727824577546333,2.4335938708158698,5.085101361827235,0.7062996141798066,0.20955353364631632,0.11727789826413376,0,0,1.0405946030933513,0.039792283519420844,9.86813759218085,0.8204728794285291,0.02752708062246214,0.04199959823770697,ood_deep
dr_1241,ood_deep_1241,9.4522123405516,13.69858053365011,4.24636819309851,1.6209717814807492,3.406615914437732,0.5323231709487504,0.37780515552721694,0.23415356701441112,1,0,0.801253202653331,-0.22157827368400565,4.1462512861294165,0.8879786430711671,0.051252578047617216,0.08168055761318738,ood_deep
dr_1242,ood_deep_1242,8.944296502615156,12.915747328402446,3.97145082578729,2.1130449773893476,6.365368856146066,0.8038235749256377,0.18167199936086584,0.2402373293956608,0,0,1.0881386877936268,0.08446861070864402,9.784797522355104,1.6401667939315971,0.03862786864780039,0.036884133665213335,ood_deep
dr_1243,ood_deep_1243,11.315884159861753,14.12024699037626,2.804362830514508,2.691949329549996,2.3386907053198804,0.3689727896352383,0.404263230682806,0.4929831821180013,0,0,1.0877903194878393,0.0841484088016901,6.122972661305013,1.0554122453567916,0.03752717569256238,-0.054939244019301385,ood_deep
dr_1244,ood_deep_1244,7.205743070701119,12.074677992215328,4.868934921514209,1.178605664228945,5.57562586475946,0.7462936240709691,0.1627445401273117,0.13305830496806142,0,0,1.2941239801376374,0.25783400303284526,6.259341387133949,1.3015351617284476,0.021936100866902994,-0.03407424106135662,ood_deep
dr_1245,ood_deep_1245,9.616009213060089,12.521141341236852,2.9051321281767635,1.8522425427338336,3.0815246710496105,0.4887656490934077,0.2562750401313676,0.5747253728585412,1,0,1.2750103788099083,0.24295431882032317,8.093553995778175,2.030086157027803,0.024028937124449964,0.023654663598396148,ood_deep
dr_1246,ood_deep_1246,12.231911791728734,14.448682358376963,2.216770566648229,1.1700592107809225,9.13884571178858,0.9608913453336129,0.20124478091940873,0.33722828732726795,0,0,1.1621335466546296,0.15025758010017923,8.056390824181456,1.0632196199660868,0.01979151827897976,0.066461089338323,ood_deep
dr_1247,ood_deep_1247,8.213346859804282,11.423552504193598,3.2102056443893154,2.777571399196146,4.684044139473785,0.6706209789365292,0.35690517621776124,0.38817350837293796,0,0,0.9250922282407236,-0.07786184023385756,10.786454549114548,1.485682343927143,0.035823933037579136,0.018365798866953047,ood_deep
dr_1248,ood_deep_1248,9.767924028169226,13.671919652623988,3.903995624454762,2.520406879446396,3.542136088402017,0.5492652427113903,0.32461006236056095,0.06625495593079804,0,1,0.7838481951118694,-0.24353990606402295,12.248114984033563,2.309832371854408,0.034950222183519966,0.05604760669972065,ood_deep
dr_1249,ood_deep_1249,9.620397069276427,12.828497513960883,3.2081004446844563,3.5052016567689495,1.8947357968613097,0.2775486602330049,0.3300570582902713,0.6490395581507046,0,0,0.9258311420205988,-0.07706341299370141,7.245105375198364,1.1461372707774489,0.02339028190720442,0.00824284130988291,ood_deep
dr_1250,ood_deep_1250,9.852649457672264,12.455123709141807,2.602474251469543,3.5578013766663004,1.9399498061360085,0.28779049322911016,0.21933591380828693,0.14091620333229513,1,1,1.2098362000112142,0.1904849785534897,11.840731200967586,1.511941620518268,0.03662152036486848,0.012457344727695753,ood_deep
dr_1251,ood_deep_1251,12.40095145797796,13.738051904038196,1.3371004460602354,1.3912469375270888,2.484924816896685,0.39531325339094225,0.3359216937559661,0.16878483009124565,1,0,1.4060834243943132,0.34080812619034806,10.268913836626549,2.0326219765626816,0.024619499894437798,0.004409380175906373,ood_deep
dr_1252,ood_deep_1252,12.761454268096664,13.484715832218843,0.7232615641221791,2.803143296962513,8.1955822149754,0.91357981132562,0.40395847459171613,0.2037610679258851,1,1,0.8978952049478883,-0.10770191576600474,13.497459346742154,1.9655052193307165,0.04078937258203041,0.0716901178355453,ood_deep
dr_1253,ood_deep_1253,11.486010847233803,14.338274465523174,2.8522636182893706,1.1066104988551837,1.672161210241582,0.22327814471982343,0.3948256739020312,0.25698678016542065,1,1,1.1579540180397572,0.14665467027930554,12.681853443309246,1.253941451653614,0.034751017158604264,0.10270938246981025,ood_deep
dr_1254,ood_deep_1254,9.099954119767776,13.007873361272045,3.9079192415042687,1.4130767421149013,2.6571760056351086,0.4244203220973313,0.44752885895455113,0.25868938680541065,0,0,1.251936454490972,0.2246915161909139,9.660714842504273,1.4386494616881507,0.030021238809291757,0.029430120804021333,ood_deep
dr_1255,ood_deep_1255,9.913798964204936,14.77434761247184,4.860548648266903,2.313961991953803,1.5590874398965393,0.19287047285379316,0.34046497917981156,0.04072339452840705,1,0,1.0928583607329665,0.08879661317868862,8.644623913211227,2.3605048063684895,0.03151322687575499,-0.05900812218677248,ood_deep
dr_1256,ood_deep_1256,9.695907596440382,12.32202058856727,2.626112992126888,1.4757223602341534,1.6386882464892694,0.21449633873977036,0.10634154675678538,0.2801998674251236,0,0,0.7603712533846316,-0.27394847367922437,12.148233762144994,1.057190479977435,0.012270276592007367,0.0672141346953594,ood_deep
dr_1257,ood_deep_1257,11.243103145200967,14.58009617531194,3.336993030110973,2.6637131241557612,4.226710567479495,0.6260025096576953,0.4290375226687736,0.11789690187943279,1,0,1.2583109506940389,0.2297703063467622,7.963041529321419,1.0849504345753953,0.03147355956718713,-0.015003103199885565,ood_deep
dr_1258,ood_deep_1258,10.151981122603473,12.654912281674566,2.5029311590710925,1.3914009652039527,4.921085842934138,0.692060940890094,0.33627580009835123,0.29005863433139173,0,0,1.0558609465057183,0.05435649716822782,8.823552898762117,1.2102541544963048,0.03341330874898005,-0.03742724264307453,ood_deep
dr_1259,ood_deep_1259,10.406449668572687,13.600314669792848,3.1938650012201606,1.0771551608988743,3.112212587921773,0.49306925496546483,0.06626366686656195,0.26880704086252716,0,1,0.7959388295561477,-0.2282329433819302,10.347876867033472,1.44564063528826,0.05597179285484409,0.03924424211355652,ood_deep
dr_1260,ood_deep_1260,8.847958296416426,12.74615559080139,3.898197294384964,1.2831974689864325,9.514997210605163,0.9784086653062801,0.34641946465330725,0.15347881911762082,0,0,0.8728379520909223,-0.13600536226138776,9.701946247818292,2.2058956586441956,0.030850229061576702,-0.021513373774197295,ood_deep
dr_1261,ood_deep_1261,9.87635607824884,12.958276099952919,3.0819200217040787,1.8987940487434551,6.0135804741619765,0.7791331271047616,0.14821542534444174,0.26079665620443204,0,0,1.012241364617423,0.012167045014439923,8.545588076824998,1.3099912196451733,0.06434227175045476,-0.018854173522725684,ood_deep
dr_1262,ood_deep_1262,11.85516448015275,14.718743611456663,2.863579131303913,3.0380504231570913,3.5612306621265706,0.5516001039872247,0.12309203093966571,0.16451730124066216,0,0,0.9786748750965376,-0.021555790590791907,7.307303294602345,1.2763677504314548,0.01022759605751462,0.018775084867648378,ood_deep
dr_1263,ood_deep_1263,10.621450064664023,13.114943081987109,2.493493017323086,2.6701956164851137,1.5233731525907532,0.18280629746687632,0.08673446947135649,0.09116475487212203,0,0,0.9650791276503311,-0.035545183439657756,8.471982848759335,1.6164048715136683,0.029571218835178832,0.01959857844248759,ood_deep
dr_1264,ood_deep_1264,7.185300892145607,11.24169376832564,4.056392876180032,0.9232624994073669,2.5315557509638835,0.40338749604020774,0.22342546378518732,0.05519495825610114,0,0,0.8905048139025034,-0.11596677042480497,8.669656725776683,2.0252233075009496,0.04522363297233344,0.08455600634680449,ood_deep
dr_1265,ood_deep_1265,9.489288890474192,12.024280942971835,2.5349920524976426,2.904862192346147,2.7748012200782477,0.44323187678653087,0.14088253716402888,0.1935443336732685,1,0,0.8143506091624624,-0.20536428192765038,6.296608376409365,1.1783025844486914,0.020153368321960234,-0.02338960459151592,ood_deep
dr_1266,ood_deep_1266,9.230545727491613,12.713875954130234,3.4833302266386212,3.364846518913902,4.0129455655378585,0.6034632686930036,0.1525676250517659,0.04547294645058229,0,0,0.7730344510405046,-0.2574316634182326,13.676860486398294,1.6676878503623205,0.03680226567550756,0.007397838510821989,ood_deep
dr_1267,ood_deep_1267,11.152020356097609,12.004157767307868,0.8521374112102595,1.9830023858349959,10.684683946809438,1.0287616802495774,0.4247068427597237,0.2422080280520361,0,1,0.9414857829787643,-0.06029603139324449,6.350392725825914,0.977187619556333,0.02560527286711503,-0.03957315542615723,ood_deep
dr_1268,ood_deep_1268,8.089752469386779,11.864069495780885,3.7743170263941064,1.4717787907322295,2.2430444355669077,0.35083787720773607,0.44186170658401175,0.20083229981527104,0,0,1.3085304723551552,0.26890473072237037,6.166626314551317,0.7698378588373174,0.039968865280601694,-0.08767421914794447,ood_deep
dr_1269,ood_deep_1269,8.713394315514044,12.046858484057562,3.333464168543518,1.9653425020121755,4.260455525022494,0.6294560360574676,0.19118217708644236,0.1989488338241057,0,0,1.3250232506122455,0.28143000691611103,4.6443189637218385,2.0195797905066772,0.04402977103050279,0.035538218588671684,ood_deep
dr_1270,ood_deep_1270,12.9731429747008,14.715190887982843,1.7420479132820432,3.008404400468984,2.1444005117295792,0.33130590219125916,0.2015914936425069,0.4992828333174941,0,0,0.9921768358920372,-0.007853925596103694,8.93648095725903,2.2575791440970923,0.015795295733393437,-0.02184833074226003,ood_deep
dr_1271,ood_deep_1271,9.149289175687287,12.844188076762176,3.6948989010748896,1.4225289663524947,1.724214643838738,0.23659132925679272,0.21118851836359986,0.22738660469950947,0,0,0.9915937202448433,-0.008441811793108026,7.141498830628612,0.5247898305653292,0.042715384304347494,0.002275062647554655,ood_deep
dr_1272,ood_deep_1272,9.40685588674071,11.998038952781158,2.5911830660404487,1.5314859834224799,4.305704103668102,0.6340441809543395,0.3542600687846838,0.2576680703424638,0,0,0.8819304597493948,-0.12564206990523114,13.432410591043821,1.6827732535211937,0.021124725251678217,-0.07130939257426,ood_deep
dr_1273,ood_deep_1273,9.428347688442944,14.107710447374394,4.67936275893145,2.4774969145661565,7.9622449817386345,0.9010355357927256,0.45699864736467444,0.14313283445818137,0,0,1.080689420615784,0.07759918989791,7.397632313719619,0.48137783107322474,0.025178229384091304,-0.09524556298887178,ood_deep
dr_1274,ood_deep_1274,12.791068345537445,14.390266313773601,1.5991979682361563,3.1254358107953837,4.678017026291151,0.6700617981509533,0.18267223737598548,0.1846008210892043,0,1,1.1401562310028035,0.13116529775593302,10.393936113298341,1.4948421007533421,0.021140751339651077,0.004545206270162195,ood_deep
dr_1275,ood_deep_1275,8.074279709146097,11.861476239829937,3.7871965306838398,3.6466235763487513,3.577793236083271,0.5536152386844703,0.19436023842310404,0.05934408737641889,1,0,0.9725498917084185,-0.027833902277528612,8.862925605951329,2.1874205369643094,0.034772294835276614,-0.04475135911814624,ood_deep
dr_1276,ood_deep_1276,10.161529511333523,12.888633937871761,2.7271044265382383,3.333472900126488,4.146812593057005,0.6177144087326433,0.08353576132077352,0.1357056305761414,0,0,1.1138539437319113,0.10782602315354234,11.628055155902059,1.1829749574898818,0.03828687034679339,0.048839217259643825,ood_deep
dr_1277,ood_deep_1277,10.285096380738004,13.438172539310766,3.1530761585727625,3.7055155499408947,4.413071267746677,0.6447409410296079,0.1715364134981809,0.3321957575526038,0,0,0.6848619593774484,-0.3785379801846349,17.873451404640534,1.1307669596460297,0.04480437440904851,0.01706840227803143,ood_deep
dr_1278,ood_deep_1278,12.519967926253157,14.105815693574629,1.5858477673214715,3.4055023349268265,1.5998838616658928,0.20408845761324024,0.21957253183096143,0.13593515276695664,0,0,1.4214882028114535,0.3517043529618897,14.391804864686348,1.5911844916588478,0.040811035539684536,-0.04884374034800852,ood_deep
dr_1279,ood_deep_1279,11.187206286072408,13.88593925828112,2.6987329722087114,2.164056715245507,7.446135103325625,0.8719309118308698,0.15495829542935377,0.49431926883844074,0,0,0.9517751917915008,-0.04942641515309268,4.555136974785097,1.140428948635157,0.04264477130046673,-0.06813001801882385,ood_deep
dr_1280,ood_deep_1280,8.673542432404203,11.598194519200135,2.9246520867959322,1.8831306936376675,5.2633813820957975,0.7212648399277362,0.4358191984267245,0.04590308342681273,0,1,0.949648666428676,-0.05166318760153135,7.098011793248348,1.7503175829684507,0.05337962334342305,0.02031733264981757,ood_deep
dr_1281,ood_deep_1281,11.232734679261238,13.839450156400254,2.6067154771390157,1.3901023302216062,2.2171460875714044,0.3457943096845811,0.11965305377161328,0.09244999174011731,0,0,1.01309361293124,0.013008632577550352,12.93402447167084,1.7808825680215898,0.03746063080187479,-0.01191952757067734,ood_deep
dr_1282,ood_deep_1282,8.86532975047901,11.661259099263013,2.7959293487840036,2.8679611357081405,4.91221976153102,0.6912777879143233,0.4339438568924534,0.4145788059112557,0,0,1.023365782739798,0.023096981945977767,10.772152393322894,1.5612567563025856,0.059069988350279455,-0.012508366550314653,ood_deep
dr_1283,ood_deep_1283,12.313645678750571,14.753654423876743,2.440008745126171,2.390328919657314,4.517393932393906,0.6548879641954874,0.13418784698866607,0.22617657227495175,0,0,1.1073563139363314,0.10197547541090007,12.480700136066293,1.342304096530472,0.03334837357551591,-0.030345658221571602,ood_deep
dr_1284,ood_deep_1284,9.255675441320253,12.1436973272668,2.8880218859465465,1.900078111272376,1.5584758468640219,0.19270007600332462,0.33406108023546466,0.25481964601344465,0,0,1.0604646108329094,0.05870712419980261,12.847643920070922,0.9755187915493316,0.05068449355929075,-0.040166605715649895,ood_deep
dr_1285,ood_deep_1285,10.28121119227514,11.72674855581042,1.44553736353528,3.2077822854348903,2.563184632507427,0.40877989061308867,0.025711383584262358,0.4422028454960993,0,0,0.8709721076718003,-0.13814532598131277,12.488406286211232,2.0608154308084856,0.055376722393621285,-0.007398742576462543,ood_deep
dr_1286,ood_deep_1286,12.027863250378347,14.91764870871021,2.889785458331863,2.4865653629602824,2.7734920869674515,0.4430269311338111,0.012589316130134072,0.29867366005567136,0,0,0.611747683128278,-0.4914353639517294,13.872846428657509,1.509229190286515,0.029027375038168435,0.046814109048572555,ood_deep
dr_1287,ood_deep_1287,8.9244313641153,12.88108683936018,3.9566554752448795,1.6090896481880497,2.491703305920301,0.39649632840738,0.319927863019362,0.1553590181709964,0,1,0.9217030026405792,-0.08153223026776492,12.964729765456932,1.283816223071852,0.04505977179750282,0.02279292080268809,ood_deep
dr_1288,ood_deep_1288,9.4199130182725,12.87246900495467,3.452555986682171,2.0789805458456483,2.08759449629157,0.3196461432163065,0.5109810601568551,0.31318194618637,0,0,1.2014273859579174,0.1835103382115087,6.908609768743586,0.49641332712288255,0.03278832915553178,-0.019073783483438047,ood_deep
dr_1289,ood_deep_1289,10.728184114824142,12.387343455747631,1.6591593409234893,3.1851333517929783,4.6638181363044575,0.6687416069440631,0.12829064722816352,0.08554945780299382,0,0,0.9676583567358394,-0.03287619125893608,12.865017741758113,1.3209920465386558,0.032973054901945666,0.047563009713217766,ood_deep
dr_1290,ood_deep_1290,6.451407395512961,11.649844245039773,5.1984368495268125,2.4554727776775698,4.489238331504,0.6521726624988814,0.4022892263039352,0.39199385377057416,0,0,1.2179826809090952,0.19719594990015307,14.524086252604638,1.8646081796440686,0.026970598677409502,0.026838450204280672,ood_deep
dr_1291,ood_deep_1291,8.809963813309206,12.167418951777808,3.3574551384686018,1.9833794968830034,2.3873401414607716,0.3779143004627684,0.20344144116032478,0.063702528663679,0,0,1.1299487621411568,0.12217228845829924,10.00655227214087,1.5745447686618874,0.03378200354819907,0.009165949445104618,ood_deep
dr_1292,ood_deep_1292,13.76445970649289,14.708221437081164,0.9437617305882746,2.4158398944611523,1.3608018887110038,0.13379490337949618,0.16157211937576915,0.02191778109279789,0,0,0.8976206828919191,-0.1080077020416568,9.412110302260203,1.8606437394096949,0.01660663292840725,-0.015858543796083986,ood_deep
dr_1293,ood_deep_1293,10.114264980714985,12.837634548066715,2.72336956735173,3.14857531162321,2.78643029565302,0.44504818337216,0.0339453597464158,0.5558106594456912,1,0,0.741732365043694,-0.29876679489168184,5.345929840561318,1.0297254429669895,0.03765722380865511,-0.004225205722072966,ood_deep
dr_1294,ood_deep_1294,8.146391962158553,12.009697519117942,3.8633055569593893,2.5523063629335505,2.248218254861186,0.3518384698333238,0.10190790259610455,0.12206881105607469,0,0,0.9674278563018215,-0.03311442398836711,8.887381315811998,0.7364049010307052,0.04594219228310567,-0.008833026815622237,ood_deep
dr_1295,ood_deep_1295,9.926077882530151,14.062461905178687,4.136384022648535,2.1054029583198406,2.7428355943728233,0.4381997767636594,0.3815579686827863,0.49451693095438154,0,0,1.1084871927560718,0.1029961963368235,14.945706071583853,1.2279544299754461,0.05433460018485747,-0.04708606135796325,ood_deep
dr_1296,ood_deep_1296,8.515670857680009,11.108980778415951,2.5933099207359422,3.0099057110448038,5.641360088530477,0.7513838216666557,0.3652448474438384,0.35294236453392747,0,0,1.2713742963510504,0.24009843850839227,12.818463316245989,1.449195854236187,0.03511725034460981,-0.03849403554954222,ood_deep
dr_1297,ood_deep_1297,9.281757618918856,11.688599627328678,2.4068420084098214,3.197776406726422,1.8287157159289882,0.2621461972208986,0.1885881564225631,0.3459483509863698,1,0,1.1341155506473168,0.12585309662885197,9.373579298719141,1.455181212289983,0.025088821569922065,0.022910643013950398,ood_deep
dr_1298,ood_deep_1298,9.686800332127042,13.431408331043357,3.7446079989163152,1.665016408626549,7.009559698921587,0.8456907388890128,0.3919674988768563,0.3010786131242508,1,0,1.0534018919994166,0.05202482415384033,4.037846087077123,1.3887205892646644,0.032959456317913936,-0.07449355709527145,ood_deep
dr_1299,ood_deep_1299,8.736484946783113,11.879850703700809,3.143365756917696,2.261613322787065,3.9759828366716605,0.5994445009881335,0.168508124274631,0.27836875086711377,0,0,1.075580121878595,0.0728601642810268,8.408539969494255,0.9064388809967971,0.04917355378512967,-0.03315540443020771,ood_deep
dr_1300,ood_deep_1300,12.238920759398479,14.81499102564883,2.576070266250351,2.4812329873872576,3.8151455183460916,0.5815111075882659,0.23039002889372254,0.275493584875546,0,0,1.1813857575560405,0.16668812025377872,4.99762007517871,0.5006714385187911,0.022913613085258664,-0.027931196512442785,ood_deep
dr_1301,ood_deep_1301,9.370489281731464,11.522243475717442,2.151754193985978,2.247984121671948,6.610203338371194,0.8202148191489246,0.31297043346686965,0.06016812274502846,0,0,0.8363667267461168,-0.17868809372767155,8.907846681876933,1.3168357338490457,0.04601486367035569,0.02417574849169048,ood_deep
dr_1302,ood_deep_1302,11.729175422300017,13.079944700028863,1.3507692777288458,2.286500781282942,2.034987664367832,0.3085617809748906,0.6702715080524241,0.5982426538738798,0,0,0.9719577789215185,-0.028442912788666543,10.698669117529976,1.615651398457777,0.03606580050623549,-0.018748981442502925,ood_deep
dr_1303,ood_deep_1303,10.587703396715924,14.766848735863542,4.1791453391476185,1.7528294288822712,2.046158265686903,0.3109392223654972,0.08612906726966221,0.053030940107314815,0,0,0.6696684514476006,-0.40097253766076446,4.422734973301351,0.5914938668820423,0.05494147941438972,0.01196990579741011,ood_deep
dr_1304,ood_deep_1304,11.18584843755785,12.789843840011086,1.6039954024532364,2.6004653748733775,1.5769622440721,0.19782129549286176,0.12161997295827434,0.16019893303840602,1,1,0.9194931272935284,-0.08393270936098732,10.845798469211651,1.0445903120764106,0.03246150631140169,0.007947342908204928,ood_deep
dr_1305,ood_deep_1305,9.150856155645968,13.4934973549793,4.3426411993333325,1.0775498076912098,3.5724082320177235,0.5529610814545537,0.38444490542271864,0.3208603451944239,1,0,0.9103320316707397,-0.09394587605225488,9.18444669851241,0.8056442529042909,0.042446040176125674,-0.014765979093817693,ood_deep
dr_1306,ood_deep_1306,8.267349114017211,11.290646282986646,3.0232971689694352,1.5179025926576506,10.38053976979923,1.0162199366483262,0.33285745037912906,0.2196534984791559,0,0,1.3997085949559156,0.3362640684956718,5.388466532836048,1.3754273822995653,0.04683994430009307,0.05468762069050636,ood_deep
dr_1307,ood_deep_1307,9.415909801202412,12.831532071629507,3.415622270427095,1.8588713862976651,2.316126435900031,0.36476226356788044,0.263933344919817,0.26179567222128985,0,1,1.156865854418689,0.14571449889563154,12.38095455657042,1.028308433039814,0.031550402661352374,0.06847941384544237,ood_deep
dr_1308,ood_deep_1308,12.987335417529264,14.490370267704906,1.5030348501756414,2.150955208558026,3.7088292275901087,0.5692368367735494,0.27344202382651245,0.32431908778170493,0,0,1.2906194249525564,0.25512227750857985,9.633491102916274,1.356947100698814,0.03705411330500596,0.009706331608191551,ood_deep
dr_1309,ood_deep_1309,11.505933601474103,14.48909422413318,2.983160622659076,1.028150261867157,1.6610283071798702,0.22037703374414663,0.10054651383162654,0.09378037870128364,1,0,0.9544131329522361,-0.04665864786536347,12.548148163012737,1.4813874478184244,0.009679234588401267,-0.002165778957407803,ood_deep
dr_1310,ood_deep_1310,11.575530908856532,14.585236804602294,3.0097058957457623,2.388168875245919,1.5752264808128877,0.1973430040278823,0.16720396899599616,0.2522378292122691,0,0,0.8904634874715334,-0.11601317937093342,8.074220065534774,1.3479447315821058,0.046088258165465426,0.03376111188676328,ood_deep
dr_1311,ood_deep_1311,11.653866329373523,14.60458015979606,2.9507138304225364,2.9428518999409525,2.435462278691331,0.38658140745200115,0.06123284187238808,0.3386070058329833,0,0,1.2447497816353894,0.2189345311116516,14.059165087565466,1.0381644956006053,0.013773110193828406,0.03626651313360952,ood_deep
dr_1312,ood_deep_1312,11.819615186539435,13.27539968565436,1.455784499114925,2.179458444511003,3.085275797180957,0.4892939923044721,0.076856107796659,0.04809833359718023,0,0,0.8683456901241452,-0.14116538309476648,8.867512444293865,1.3668135487029405,0.041036328449647545,0.007875047807993652,ood_deep
dr_1313,ood_deep_1313,8.513432393119345,11.110893740880835,2.59746134776149,3.389794957892806,3.161236875396056,0.4998570392825039,0.3336457404473842,0.3168587538245843,0,0,1.279210629039114,0.24624319163310093,7.12276896546188,1.8500685129771182,0.039672693823116834,0.04150724340381726,ood_deep
dr_1314,ood_deep_1314,12.167812420193915,13.064997509544645,0.8971850893507298,1.818922482954704,1.5954989936341104,0.20289653459703755,0.40850898897956717,0.30130522377426666,0,0,0.6895102010549354,-0.37177378699972385,11.518672189178565,0.9672370197876892,0.040559792345816366,0.042850497519830125,ood_deep
dr_1315,ood_deep_1315,10.234438062844857,14.093613544800958,3.8591754819561004,3.5819956643952153,2.1856983143744064,0.3395902173372738,0.6591761829446594,0.20929491074017442,0,1,1.220923259973942,0.19960734300922278,8.517269450277684,2.3930865796371905,0.030063026806555156,0.016012155493836475,ood_deep
dr_1316,ood_deep_1316,11.578719612275984,13.316772148463555,1.7380525361875705,2.813080279688355,6.547193444502296,0.8160551728509373,0.2527790416979872,0.21454002889296683,0,0,1.2190852713449565,0.19810079993527066,14.883074131127161,0.5291849987512025,0.02834691224244946,-0.03510660926048716,ood_deep
dr_1317,ood_deep_1317,10.10391721293138,12.90808663253679,2.80416941960541,2.8094600813170607,5.757361520985868,0.7602235008881214,0.1006461665741307,0.4774397357701735,0,0,0.9110854362758749,-0.09311860316027751,11.963174997643824,1.2202828191922115,0.05014014679560866,0.009706465521406688,ood_deep
dr_1318,ood_deep_1318,11.037518511019922,14.378810890931119,3.341292379911197,2.371716106110899,6.519114724768524,0.81418862391417,0.24257905252831768,0.13407634550620393,0,0,0.841506044470578,-0.17256208240550155,8.29158103786121,1.073634431483447,0.049420363349428724,-0.06325033061540901,ood_deep
dr_1319,ood_deep_1319,11.367752150020653,14.695343694197385,3.327591544176732,1.9028521051981455,2.9045242251953702,0.4630750030621348,0.03468912622612117,0.12442791345422616,0,0,0.8347368059788581,-0.18063880623853487,9.8690748281459,1.4933993340597709,0.008734932434426662,0.08131228474129634,ood_deep
dr_1320,ood_deep_1320,9.277086179694198,12.546655001425489,3.2695688217312906,1.1576937727123342,4.791077402165845,0.6804331871516074,0.17752237002764634,0.5216446001675471,0,0,0.7860031039219605,-0.24079453755059993,11.793365843940487,1.3731568995336958,0.03133218151671214,-0.03428428881615654,ood_deep
dr_1321,ood_deep_1321,12.820529647733894,13.645522154496128,0.8249925067622339,2.6717457259177437,3.0829725298768587,0.4889696550618804,0.46181957986634586,0.2961455035136938,0,0,1.1063823839426814,0.1010955792809556,8.2747680575834,1.0265383189163568,0.051626919223001194,-0.007207568060706156,ood_deep
dr_1322,ood_deep_1322,12.24516436617867,14.678664813149325,2.4335004469706547,1.9524294919539122,3.9316201481524673,0.5945715520059262,0.03352834788603296,0.12327993758160041,0,0,1.0279847537442808,0.027600335934939397,13.951478124386835,1.0819463272655634,0.032326317869273674,-0.043787348578854385,ood_deep
dr_1323,ood_deep_1323,7.136041781188799,11.526620817100072,4.390579035911274,1.569039667659375,3.325262924157387,0.5218259900891399,0.38646624274408464,0.10165339944931043,0,0,1.056451861825078,0.0549159932167714,14.281589042127287,2.031432504527772,0.059430360841615584,0.019685912498326755,ood_deep
dr_1324,ood_deep_1324,11.413554463894954,14.847372756308808,3.4338182924138536,3.0425074632359137,8.04824096106978,0.9057009705071284,0.2183134550708307,0.24986240661757164,0,0,0.8934471623193161,-0.1126680817559505,2.747910836071366,2.171722127865455,0.05221442880653332,-0.0033158402846936844,ood_deep
dr_1325,ood_deep_1325,8.4850618162553,11.498146488729086,3.013084672473786,3.2574439025608695,3.2288421247480796,0.5090468105709094,0.5655287697892526,0.018432267623147147,0,0,0.9971894959657778,-0.0028144609163131586,13.025018367024895,0.9673846893838087,0.0603108868600576,-0.012865812192588841,ood_deep
dr_1326,ood_deep_1326,8.307306812706326,12.60841580906602,4.3011089963596945,2.385216099030294,7.912999940517696,0.8983411624629021,0.77411688714909,0.3243287489938195,0,0,0.752600488131767,-0.2842207522291133,9.486705599253124,1.357769794386262,0.028544834421861308,0.007539617607248323,ood_deep
dr_1327,ood_deep_1327,12.600556593124454,13.751516884488442,1.1509602913639885,1.1842751447996285,4.787965876000777,0.6801510465135348,0.1539094862439253,0.19917656154350472,1,0,0.8557612068980845,-0.1557639056621696,2.927893862244618,1.9049484646957864,0.008173174417158646,-0.004867747994309862,ood_deep
dr_1328,ood_deep_1328,9.668022568680087,11.669877980101084,2.0018554114209977,1.4688527538043301,6.15884006861964,0.7894989265747824,0.2650755609854263,0.39511167251489016,1,0,1.0726066345783891,0.07009179305789615,12.431064006748187,1.5998259460617865,0.03490279798958118,0.043258586364926285,ood_deep
dr_1329,ood_deep_1329,11.854808733517249,13.721614432385293,1.8668056988680437,3.407256554673136,3.0644492480333234,0.4863524331668069,0.5429369900527072,0.5479238353124208,1,0,0.8150548195119592,-0.20449990479848434,3.6969452577699435,1.8234889871623743,0.02842992508333686,0.02979649933113473,ood_deep
dr_1330,ood_deep_1330,9.685073656102789,14.212353445113367,4.527279789010578,2.297264450034244,1.6036748875574962,0.20511632850489658,0.04101575093845679,0.05803448169343003,1,0,1.0946441431562695,0.09042932703097714,8.99145715179496,1.2059777375361103,0.03633045871055802,0.007424871264999668,ood_deep
dr_1331,ood_deep_1331,10.118710107122793,13.933924355908282,3.815214248785489,3.1332493193993605,16.262399698866982,1.211184630992368,0.13574367268496773,0.4925138555831339,1,0,1.0999891434888256,0.09530031020000744,15.911457899275417,1.7381637039139057,0.04399411378526205,-0.02488333725602741,ood_deep
dr_1332,ood_deep_1332,11.748828173035086,13.830587862008128,2.081759688973042,2.2532786769739164,10.619668597970067,1.0261109641730795,0.3291986962014013,0.20534029835526016,0,0,0.8703874419576588,-0.1388168308824524,10.306801490377753,1.3974151484866675,0.026202797026499643,-0.0333233940568622,ood_deep
dr_1333,ood_deep_1333,10.599039421204704,14.332201355831476,3.7331619346267715,3.3096302585823096,3.6419427111192846,0.5613331099266511,0.22545163856802072,0.1980213543037566,0,1,0.9553952687282335,-0.04563013017561769,13.013422896261444,0.7846270112441598,0.02936905733362352,0.07614440452962543,ood_deep
dr_1334,ood_deep_1334,11.499286444636102,14.459732033346675,2.9604455887105736,1.5756889341240818,2.5292237693428534,0.4029872546080211,0.15619630754690236,0.19221428977893099,0,0,0.9256761365182498,-0.07723085009158154,10.506402650677853,1.2575942537415783,0.03963025948265169,-0.03456435021604453,ood_deep
dr_1335,ood_deep_1335,9.897615477099857,11.573669931151928,1.6760544540520712,1.3427601539261071,5.738246395571135,0.7587791925574968,0.3280248927793992,0.333707315648872,0,0,0.7845641384005063,-0.24262695310762689,12.877832729746094,0.49073802879095463,0.0338033349507562,-0.056323375148360125,ood_deep
dr_1336,ood_deep_1336,8.962854389800041,11.699874103003648,2.7370197132036065,3.5316523696623006,8.12504486248918,0.9098257676173989,0.2631944539935766,0.1713540727080529,0,0,0.882583022977527,-0.12490241757129215,8.890448459505203,1.0667582107050642,0.052387181232867765,0.02084786563393369,ood_deep
dr_1337,ood_deep_1337,9.599023107982852,12.909314665805468,3.310291557822616,3.3245502376887948,3.9829242084630074,0.60020204224677,0.017818200915374262,0.6518926405201373,0,0,0.9720072299987279,-0.028392036279065558,9.610866851246769,0.9832424390705558,0.020643783069441063,0.05816926516137085,ood_deep
dr_1338,ood_deep_1338,10.2709131833868,14.198859920963821,3.927946737577022,2.918752315083005,9.025784060060701,0.9554849389064954,0.21600806928607572,0.4769840784986207,0,0,0.8066030901194813,-0.21492356550696293,6.416918136768867,1.8049839660367444,0.0270212370910133,-0.009101978478857579,ood_deep
dr_1339,ood_deep_1339,11.558862018633029,12.855079183582928,1.2962171649498995,2.5666265230459633,10.709809902005281,1.0297817622190801,0.10738800823303794,0.06597797258078157,0,0,1.018379180145957,0.018212324361940153,15.262543709576022,1.5351830604685872,0.0335980820966033,0.046751874119908124,ood_deep
dr_1340,ood_deep_1340,9.358250464023401,12.475189161584144,3.1169386975607427,1.6227080911673846,3.6301073207660135,0.5599194647406561,0.03988534168143196,0.4168243499913121,0,0,0.7517245165104832,-0.2853853565766945,9.808854407090216,1.5632940858217,0.020582249533600605,-0.006565722101388555,ood_deep
dr_1341,ood_deep_1341,10.575956754968155,14.10065152792235,3.524694772954195,2.787288797027538,7.728920194679145,0.8881188229934176,0.5742069550047041,0.5584367663713653,0,0,1.139414974997787,0.13051495085806789,10.540045650638923,1.5192340689056367,0.03521910043805473,-0.017013104063387324,ood_deep
dr_1342,ood_deep_1342,11.032252540927196,14.35660580440032,3.3243532634731245,1.5843592940949023,1.6667860634123006,0.22187986051067943,0.16601649879286248,0.5389386075465061,1,0,0.9412473979854882,-0.06054926429630285,10.064101912328363,1.446606351409314,0.03856446241526552,-0.10543736749223677,ood_deep
dr_1343,ood_deep_1343,11.341264660206052,14.322627364693327,2.9813627044872746,1.7731812118943675,3.905886605321704,0.591719630811049,0.24069582213889323,0.14382130971476054,0,1,0.8112078580475416,-0.20923095924990076,14.2717674500161,1.9757454362815046,0.02664258287330621,-0.061478513273775945,ood_deep
dr_1344,ood_deep_1344,11.111832044189539,14.787686610842146,3.675854566652607,2.693622178156489,1.574926106306294,0.19726018201370638,0.31180834779752103,0.4829972336251188,0,0,1.1252243317130373,0.11798242174480045,11.456180567472941,1.980097326944739,0.042971378669799457,-0.006073810813623868,ood_deep
dr_1345,ood_deep_1345,10.363159038555903,11.298324115522414,0.935165076966511,3.7247559360296143,3.698582410433121,0.5680352999333218,0.43254624555117727,0.6013717716551863,0,1,1.1649948882696441,0.15271669925665918,8.230774304812247,2.4384518004638616,0.027255960740661087,0.06296044690389074,ood_deep
dr_1346,ood_deep_1346,7.960889277236025,11.441151675345589,3.4802623981095637,3.730116974857401,2.628920971690382,0.4197775309239175,0.5601506845172867,0.3277087834670634,0,0,1.5221916565338667,0.4201511756469763,13.0788093620356,1.8592042288448216,0.0348817419437918,-0.08151667137078558,ood_deep
dr_1347,ood_deep_1347,11.222441094572888,14.204936171849972,2.9824950772770844,2.515524855504355,2.1145400239900987,0.32521590988184923,0.41223359190593617,0.030961173907130626,0,0,0.9075460871621813,-0.09701092938091814,11.029239367378546,0.683386853464057,0.03212004488520231,0.035142603660541644,ood_deep
dr_1348,ood_deep_1348,7.831404127607394,11.616617567046653,3.785213439439259,0.907290413402947,2.356677735495103,0.37230019887348387,0.15878332770781495,0.47832320518575344,0,0,1.0386604997109805,0.03793190194566112,9.306478039437044,1.4959940363437647,0.009487995939792371,0.05806413023731963,ood_deep
dr_1349,ood_deep_1349,8.642507878715584,14.197465513421964,5.55495763470638,1.4536311995769333,4.14090374328237,0.6170951352965871,0.4969643128810965,0.2731748073519712,1,0,0.8966271102190231,-0.10911521102482916,11.268826648648762,0.9825268146802069,0.04071371629992708,0.017300900060231224,ood_deep
dr_1350,ood_deep_1350,8.187680148150397,11.847508215197383,3.659828067046986,2.3394643649234204,6.3731060335472955,0.8043511441822674,0.18042137323531382,0.44372126054742583,0,1,0.5420461085832863,-0.612404209973964,9.823777329506854,1.1424837419641922,0.04993792559912026,0.05750862005914369,ood_deep
dr_1351,ood_deep_1351,8.417926488207618,13.050463191227657,4.632536703020039,1.0379773011131683,3.1588762693669716,0.49953261527408166,0.2321107004453235,0.5210310883697381,1,0,0.8714010113758822,-0.13765300466614058,3.8811512167491475,0.725065066540209,0.04913706605458884,-0.053369603632500255,ood_deep
dr_1352,ood_deep_1352,10.790920464274208,14.290926546523611,3.500006082249403,3.6645663353896882,3.4017876374862257,0.5317071985338759,0.17726078661370073,0.29948748636497935,1,0,1.0308172315579567,0.030351916340437643,6.779424600926757,1.5099546341023427,0.03590146235053002,-0.005534451467590026,ood_deep
dr_1353,ood_deep_1353,11.061668266290265,14.324379861680942,3.2627115953906767,1.7097942019147168,4.00164529099607,0.6022385897998522,0.5652966815697387,0.43290242008268187,0,0,0.9866856196902057,-0.013403811371155153,7.109952491032277,1.0680953042143375,0.04683251935543056,0.029480813302501234,ood_deep
dr_1354,ood_deep_1354,10.605300955912488,12.612979953885269,2.0076789979727803,1.643071612169333,2.6840872675421,0.42879663191269946,0.3403815922102256,0.3441267540890879,0,0,0.8280588050737167,-0.1886711064982915,11.194972083750422,1.7850931588084697,0.042282179367555274,-0.028481474436191867,ood_deep
dr_1355,ood_deep_1355,12.15361190877126,14.668042995034352,2.514431086263091,1.200633945593956,3.470016888972889,0.54033158855741,0.19704441536817469,0.05839469321190258,0,1,0.9444943058152261,-0.05710562084093121,8.54579894377654,1.5877627930314486,0.0673975561668928,-0.03682377174812764,ood_deep
dr_1356,ood_deep_1356,9.409556604725172,12.748615978552946,3.3390593738277747,3.1878228602327257,8.101901135283258,0.9085869393335106,0.1461683819608262,0.08591388657013237,1,0,0.971074833779733,-0.02935174488627315,10.1572727372788,1.1926950312677982,0.0196140140680792,0.015828070978212542,ood_deep
dr_1357,ood_deep_1357,10.229132649656076,14.089652427002624,3.860519777346548,2.1371690286187643,5.803071081195064,0.763657890223624,0.5667794511469673,0.18669571619371866,0,1,1.1975974418214554,0.18031741803337098,11.521468024978104,1.2918907631643923,0.021226487883066143,-0.037257844390923035,ood_deep
dr_1358,ood_deep_1358,6.974646732438025,11.020302794154846,4.045656061716821,2.845212735242884,3.094688698923447,0.4906169689815429,0.3803552509414573,0.5549789929545194,0,0,1.3440875640142038,0.2957153917749543,4.066084967324791,1.5203733789775413,0.011649890992204127,0.017352106795885284,ood_deep
dr_1359,ood_deep_1359,10.022575681275885,13.493568099010748,3.4709924177348626,3.2017830495164983,5.679623049057217,0.7543195129738995,0.14817889114421248,0.34897816387761177,0,0,1.0263579942040935,0.026016608115586183,12.14285319159804,1.4302762753706943,0.02356004461456243,0.052186857762356216,ood_deep
dr_1360,ood_deep_1360,9.728405020300396,12.66596907604309,2.937564055742694,2.9412495497136293,8.2951562019105,0.9188245684181349,0.4067223387432564,0.05428810724437399,0,0,1.0102644996276986,0.010212177387875441,15.947750426974153,1.155587393718881,0.023517356860857548,-0.017912574407566443,ood_deep
dr_1361,ood_deep_1361,10.919929149050164,13.538459999715641,2.6185308506654774,2.9433842159349375,4.517791628865401,0.6549261963672527,0.04539525699031249,0.19417097729798033,0,0,0.8135340040255546,-0.20636755353398983,9.49921131178169,1.1402608608276066,0.03677738011444088,0.014012801346521398,ood_deep
dr_1362,ood_deep_1362,10.387556478737487,14.104308280468011,3.716751801730524,1.6005524943186522,2.8641835057662677,0.45700083940000114,0.04474319125502789,0.09080448757271144,0,0,0.9308644978274857,-0.07164155705876156,9.470461946207536,1.553725151776084,0.02908553642765667,0.040705192270228584,ood_deep
dr_1363,ood_deep_1363,8.507898449595366,11.219115232463395,2.7112167828680285,2.39970082095647,7.607869854655026,0.8812630746590353,0.1263780527709545,0.07535302836027251,0,0,1.082988952166392,0.079724766827756,8.053479666746458,0.8436726935102957,0.021702991940962722,0.005342420454540381,ood_deep
dr_1364,ood_deep_1364,11.216445162129363,13.421686403325264,2.2052412411959015,3.587272679283341,1.4457424146682383,0.16009092238225892,0.17219411465253232,0.4846411678878391,0,0,0.5724063267276961,-0.5579061783775286,9.033033318684897,0.6356974287784339,0.04217119361783277,-0.05151156236351884,ood_deep
dr_1365,ood_deep_1365,12.032535412964386,14.395530132276301,2.3629947193119154,3.270157777757117,3.5301629622237125,0.5477947541019693,0.25962101574118907,0.2894342455502499,0,0,1.0276425381107133,0.027267380989181498,8.083348785338735,0.6071601590423106,0.039959106753849324,-0.012163650576917968,ood_deep
dr_1366,ood_deep_1366,11.110336937074255,13.75131217352942,2.6409752364551657,2.3211584143288237,1.414682283030772,0.15065891461660935,0.13345443213280767,0.26200969262755264,1,0,0.8641540560925128,-0.14600422041001618,8.321748932512394,1.7049033983367599,0.040683350011195565,-0.0547524794495623,ood_deep
dr_1367,ood_deep_1367,8.382741653658451,11.820166125399185,3.4374244717407336,1.2999839296082658,4.556173134726509,0.6586002189249933,0.18827932115818194,0.029605091765003727,0,0,1.129715010248912,0.1219653975960968,9.49348055630114,1.7571937277252898,0.0511209027466889,-0.0050224222504844955,ood_deep
dr_1368,ood_deep_1368,8.859898819193644,12.022052981035799,3.162154161842155,3.5603761140822825,3.370550942201884,0.5277008954119067,0.430087875497939,0.16874685751607907,0,0,0.971209285184061,-0.02921329819535908,15.343500102999748,1.1826963312695253,0.06779156379518445,-0.02994199405408421,ood_deep
dr_1369,ood_deep_1369,12.269577108325736,14.293637449101674,2.0240603407759377,3.4667042186993453,6.012992170219398,0.7790906383319911,0.5338850792109763,0.3165307161173763,1,1,0.9977319393461141,-0.0022706365991211146,9.786127329463715,1.1621533083053233,0.01852301272933707,-0.017237572119094137,ood_deep
dr_1370,ood_deep_1370,10.51523299717798,13.304773099889353,2.7895401027113724,2.837066406042424,2.064410720002393,0.31479610559351456,0.3040460361626629,0.39608918873883847,0,0,1.0431483338575336,0.04224338437014725,16.187747266933243,1.0364643714205837,0.03740383709689686,0.006124682624433182,ood_deep
dr_1371,ood_deep_1371,13.758182351649637,14.974808462550696,1.2166261109010588,3.468549331238842,5.919038208131963,0.7722511434061023,0.33439796904038205,0.6429626583564838,0,0,1.1636802668407717,0.15158762673175633,6.269569739981115,1.2875405273888818,0.03329963320302521,-0.03607936881439739,ood_deep
dr_1372,ood_deep_1372,9.26129985976242,12.379840574688433,3.118540714926013,2.4843758130078575,1.7268721255871398,0.23726017936942023,0.38292762881661513,0.41640159531854526,0,1,0.9443798137571219,-0.05722684867401767,7.176156652164941,2.0147099797615398,0.06754296108603133,0.02698598586461252,ood_deep
dr_1373,ood_deep_1373,9.80788902544846,12.156432231151811,2.3485432057033506,1.5545012097721012,3.6380611354371246,0.5608699928472849,0.13034201206223464,0.12984807864058068,0,0,0.9992212511323016,-0.0007790522501138429,11.593842891249665,1.4469013520348017,0.02891258150125106,-0.06014747819895096,ood_deep
dr_1374,ood_deep_1374,10.513372064052875,12.245358540685984,1.731986476633109,2.677777510923109,2.251243447204173,0.35242246170889546,0.2159660493993001,0.025611808319262984,1,0,1.0428959412472338,0.04200140234268664,12.016932599449014,1.7467614927707047,0.041186011260493705,-0.003301928593493343,ood_deep
dr_1375,ood_deep_1375,8.443656165858888,11.296372353369003,2.852716187510115,2.768065195069979,2.161638405380091,0.3347830477662602,0.014275327269644113,0.37040232145455987,0,0,0.9814546407146908,-0.018719480582446685,9.968423252260878,1.425155925323091,0.049321756988048096,-0.07502129967359183,ood_deep
dr_1376,ood_deep_1376,12.024996805830563,14.374239072989548,2.349242267158985,1.3816708305538743,2.033148487658945,0.3081690977801874,0.030505675702656252,0.09537266455637386,0,1,1.1714557519388447,0.15824720782033502,9.608720242093753,0.5296088636220974,0.05829456659547533,0.023761333569558316,ood_deep
dr_1377,ood_deep_1377,9.041880920176867,11.687879193595244,2.6459982734183765,2.058771685126506,4.5511837834007975,0.6581243733014412,0.275810344979796,0.35429952377180424,1,0,0.9970263580809274,-0.0029780719766536808,8.542664427107,0.7488564986315615,0.013120675409138787,0.08833270561769185,ood_deep
dr_1378,ood_deep_1378,8.650887601730096,11.684326472865031,3.033438871134935,3.057686665285201,3.457933127079014,0.5388165902041276,0.0360556971111659,0.037288583662474784,0,0,1.3305527870560068,0.2855944852491219,11.830404761223718,1.500212369414374,0.05257528510426829,-0.07009331397276883,ood_deep
dr_1379,ood_deep_1379,9.819738209963827,13.80901951915014,3.989281309186314,2.9520225274201923,2.4194083507216892,0.3837091753060964,0.21232737717937897,0.1738061929151424,1,0,1.423022404917017,0.35278306383058095,11.384935118231242,0.4866042195354927,0.026010920465720407,0.014236727388451742,ood_deep
dr_1380,ood_deep_1380,8.589837909353005,11.327967887062393,2.738129977709388,3.0225518493515104,3.4881162033795,0.5425909446223025,0.19391738983306525,0.1492959844729458,1,0,1.3049628077403364,0.2661745405526951,9.487456786431233,1.7552906486901838,0.017814340217112947,-0.009368258943220131,ood_deep
dr_1381,ood_deep_1381,9.682036362901794,13.12532084950777,3.4432844866059753,1.1410725344185653,3.1954056488927303,0.5045259986111599,0.1874976516119163,0.14151532522450835,1,0,1.4232806084986311,0.3529644946769142,17.729261525197035,1.4368878760322348,0.02471722789727071,-0.10462006383505004,ood_deep
dr_1382,ood_deep_1382,10.575327728683332,14.035225033052832,3.4598973043695,1.21634727250132,3.269040154045821,0.5144202551087951,0.6863288579893343,0.24090392146900633,0,0,0.8543580802887146,-0.15740487531234823,10.17924734109855,1.240743918705598,0.03636631330277267,0.04873411066177338,ood_deep
dr_1383,ood_deep_1383,7.188255968754474,12.100769142627744,4.91251317387327,1.464201509434384,2.1635406751674156,0.33516506446874106,0.22889281597244762,0.21969989901369136,0,1,1.3927446919735427,0.33127639872756737,9.384994654939455,1.341282544193795,0.05951757389534017,-0.038328843776321314,ood_deep
dr_1384,ood_deep_1384,12.704540030750204,14.186103605966982,1.4815635752167786,1.6527337307644223,6.58432179908668,0.81851104822979,0.3974388633754945,0.4472936347535388,0,1,0.981295660658912,-0.01888147781257342,10.084732071071885,1.7614796517329534,0.01285924716432197,-0.01007397183164476,ood_deep
dr_1385,ood_deep_1385,10.52833778391316,13.35715727548659,2.82881949157343,3.293662315908282,1.386601457068396,0.1419516522282741,0.38631559922708586,0.3656609787646995,0,1,1.0005407104184705,0.0005405642872662326,16.620209617394625,2.364532526880952,0.02727595171066985,-0.07212598904070883,ood_deep
dr_1386,ood_deep_1386,10.129567757512497,12.84987780256698,2.7203100450544824,1.2178947426012003,9.609892354348503,0.9827185229261645,0.3467428801702251,0.47659068011695194,0,0,0.9027515830865593,-0.10230786519934555,6.471112481995055,1.7458096017642517,0.038891960714880845,0.07047522032375805,ood_deep
dr_1387,ood_deep_1387,9.275449414188635,11.561390484179341,2.285941069990706,2.4741932853127033,4.383885331567265,0.6418591858689034,0.40675918542771405,0.4906238904372043,0,0,1.090315424593258,0.08646703473941876,5.944298899007341,1.4739423546417587,0.041769027625439284,-0.026167169061049867,ood_deep
dr_1388,ood_deep_1388,8.98151225717594,12.404605771312685,3.4230935141367453,1.8172019109531274,1.7612334388766233,0.2458169224050994,0.5185902249576826,0.32134504948429216,0,0,0.8087417180739996,-0.2122756736225517,16.70002823756641,1.4706510424365635,0.019317809342951436,0.02703575161943542,ood_deep
dr_1389,ood_deep_1389,9.12640650691637,12.59647775902183,3.470071252105461,2.9062726122316973,2.4096891415282737,0.38196102065513604,0.23270316833721832,0.06683715779553472,0,0,1.0826109352976718,0.07937565628822586,7.813565440080234,0.8034970017383778,0.010022927999248584,-0.039229146638161856,ood_deep
dr_1390,ood_deep_1390,10.237263798315741,12.834980576682138,2.5977167783663973,3.6234647086471323,2.313450877717419,0.36426028241263825,0.09233651285795064,0.12774785018070473,0,0,0.9155511759554323,-0.0882290169701041,15.19831680214935,0.7598951347171209,0.03496634726322382,-0.056433306430180005,ood_deep
dr_1391,ood_deep_1391,13.725473871112795,14.799898661494197,1.0744247903814017,3.5172174220468104,4.432606692274366,0.6466591978112216,0.32082677598324894,0.5575823614929563,0,0,1.22358600485577,0.20178589555003257,9.372270941603674,0.7579014254851881,0.05732696784723648,-0.02384659656755246,ood_deep
dr_1392,ood_deep_1392,9.660744774834281,12.21236377109322,2.551618996258938,0.9490635018266265,2.631368947247822,0.4201817452807538,0.35721130517334904,0.02984786040049841,0,1,0.9829164243330509,-0.017231183473825858,13.147155429367688,1.0972061465091687,0.04740549333082744,-0.026860862424291605,ood_deep
dr_1393,ood_deep_1393,10.15618862124376,14.356364986877068,4.2001763656333075,2.0157245746984604,12.006753970361038,1.0794256116240577,0.2052765468910691,0.1361896172349341,1,0,0.6646757520452212,-0.4084559481468271,8.507964938779745,2.4109472940895005,0.030270199064991052,-0.031116678305324823,ood_deep
dr_1394,ood_deep_1394,10.896777306922244,14.001541389578318,3.1047640826560734,1.614296378459581,5.32930811836427,0.7266708300620817,0.17336381694215905,0.09665106841555905,0,0,0.9472577609429323,-0.05418403598642053,8.765915896338935,1.8919943259749683,0.02207081225925274,-0.02626074424495827,ood_deep
dr_1395,ood_deep_1395,9.846580965211794,14.259341566702538,4.412760601490744,3.0061908060102627,3.50448934649478,0.544624744083991,0.2013254975874916,0.2633957180587266,0,0,1.1666952618917978,0.15417518971985797,15.66712696728019,1.0058388409556809,0.00926053522013881,0.029016682105813294,ood_deep
dr_1396,ood_deep_1396,11.003940433826461,14.593347563751257,3.589407129924796,3.5704314000629895,4.548504290352789,0.6578686086929735,0.5435453793683513,0.1911836003796293,0,0,0.8543199008795846,-0.15744956414143965,9.392686893048095,1.6668382110229638,0.02870726664604535,-0.009152506878421058,ood_deep
dr_1397,ood_deep_1397,7.175647131216028,11.970139238619225,4.794492107403197,3.655514343277866,3.341883452035602,0.5239912998301367,0.49802948449828816,0.06747051464807775,0,0,0.7272466379840844,-0.31848960453386177,3.81031610217965,0.5675975632401354,0.03111506509336709,-0.0745746802944126,ood_deep
dr_1398,ood_deep_1398,9.592433210378184,13.048244991783116,3.4558117814049325,3.243262105704318,4.240867651673275,0.6274547192777099,0.35243411320519835,0.5480793052623718,1,0,1.2481321931069123,0.22164818830156097,11.66221292146427,1.5035267322782964,0.051460658917298785,0.03642996064748008,ood_deep
dr_1399,ood_deep_1399,10.806233209575558,13.079455977093069,2.2732227675175114,1.227464772554864,3.435588333361325,0.5360011192859536,0.4267752644900746,0.4277423429555089,0,0,0.8154371478601523,-0.2040309317978794,12.19651841267281,0.5722202401372445,0.03874113271855461,-0.01061440478098073,ood_deep
dr_1400,ood_deep_1400,9.556719795807368,13.061700875614516,3.5049810798071483,1.972221593277672,4.957067616842556,0.6952248429360818,0.5142006456396179,0.2535983743183722,0,1,1.2886536433813451,0.2535979860514527,13.83602163300389,0.9494204766716134,0.02543516917970247,0.02845277100883156,ood_deep
dr_1401,ood_deep_1401,8.202662446769956,11.888750142882804,3.686087696112848,3.5290147968636996,3.0081084342358806,0.47829348735228583,0.4506890333880858,0.5038589256344957,1,0,1.3814680036640041,0.32314670453694155,6.683927153171014,0.6067623974344352,0.024592395538502343,-0.06326379690533536,ood_deep
dr_1402,ood_deep_1402,10.400385862364097,12.650243580810749,2.249857718446652,3.3862445043199645,2.3112068944314452,0.36383882435754356,0.14180181069665934,0.4207710003670069,0,0,0.8548771466046032,-0.15679750855126323,10.638321606356524,1.6204186965405636,0.027509029111358774,-0.0006396526620213902,ood_deep
dr_1403,ood_deep_1403,10.62884206377437,14.734097881220752,4.105255817446382,2.0027680086049053,5.538909784378021,0.7434242915836071,0.2415542608954108,0.09987568150193744,0,0,0.8952104474311131,-0.11069645155306516,12.066328411627225,1.5290737554246996,0.03647342749048234,0.013619171173776708,ood_deep
dr_1404,ood_deep_1404,9.599422933827727,13.023098310804775,3.423675376977048,3.6316175008256586,3.4632144963209908,0.5394793906784653,0.1267555842659659,0.610649124153551,0,0,0.8959751431424309,-0.10984260842056078,6.089676194064437,1.2472701396154133,0.01653535218247284,0.017600884724760853,ood_deep
dr_1405,ood_deep_1405,11.43952781679084,12.824716724877245,1.3851889080864055,1.3677859430028978,2.5643835700249933,0.4089829857010323,0.37687278849168937,0.4649343588963127,0,0,1.2886136362276022,0.2535669398700474,13.360400148684054,1.142020938605419,0.022562417186975273,-0.0054290546096718816,ood_deep
dr_1406,ood_deep_1406,9.251758547820504,11.695748052518624,2.44398950469812,0.9644482421148053,2.286775044708916,0.359223444166536,0.19834606164712534,0.061369492928308816,0,1,0.9648448131110734,-0.0357880060042782,19.000373533927593,1.5060531968359596,0.046026556974187616,0.07024329480409919,ood_deep
dr_1407,ood_deep_1407,9.06881181456492,13.668890351774929,4.600078537210008,1.3599504125276514,6.044850283398974,0.7813855488859756,0.27322700356990487,0.1372249529603051,1,1,0.9044667567313162,-0.1004097280214108,9.361291642208059,1.5667400128234,0.04078408022492363,0.007616942295623866,ood_deep
dr_1408,ood_deep_1408,7.744253150653552,11.188060428326711,3.4438072776731588,3.1782302005137955,6.804221552053079,0.832778446220308,0.29445568563263147,0.17342425197831904,1,0,0.8103205722735947,-0.2103253413722391,6.0340207753983774,0.7119385046986328,0.03786798247570387,-0.043038392660633404,ood_deep
dr_1409,ood_deep_1409,10.637181321624976,13.607979907821154,2.970798586196178,2.914344961607494,1.8106287265453713,0.25782940639191065,0.1675982654253925,0.07510930502945645,0,0,0.7906133608960865,-0.23494622857086703,11.820857331259026,1.085092912722956,0.0291639816769739,0.04848204700687443,ood_deep
dr_1410,ood_deep_1410,10.11867744008648,13.852705992091783,3.734028552005304,2.4214829544360725,2.097259968080804,0.3216522672346276,0.2306795079253972,0.5607391553704367,0,0,0.8282634496731593,-0.18842399927033807,5.752275835310068,1.100897065160463,0.025083007020294076,0.008521975603217189,ood_deep
dr_1411,ood_deep_1411,11.14546688406062,14.200141722196824,3.0546748381362043,1.4406990873093268,6.6619064544996665,0.8235985300994038,0.14435038429575436,0.27780203466934006,0,1,0.9948025132426722,-0.005211040676231301,9.123041525261721,1.4491076160907927,0.04316979516237672,0.04112070623569002,ood_deep
dr_1412,ood_deep_1412,8.893676977102164,12.936762510741527,4.043085533639363,2.3739891318693465,2.1642002848553337,0.3352974498645108,0.3336768995865005,0.0968343927709828,0,0,0.8124649127455741,-0.20768255002385336,10.888332526427392,1.5891450795727717,0.021386363772336513,0.009952257162716834,ood_deep
dr_1413,ood_deep_1413,12.267525025000554,14.854706675122253,2.5871816501216998,2.374730090770728,2.001680544292785,0.3013947679878982,0.3028465042058281,0.1678962938146508,0,0,0.9984311245789114,-0.0015701073948429694,6.489795075549557,1.245747956182896,0.0531110742601686,0.021720636093762843,ood_deep
dr_1414,ood_deep_1414,8.194695417747269,12.18010954714591,3.9854141293986416,2.1071277652523746,4.069884852744735,0.6095821221183443,0.031084220088551273,0.14714736773522402,0,0,1.1718460042812937,0.1585802868572292,7.833022350840656,1.5631777336275825,0.012471376696960097,-0.02277668087452879,ood_deep
dr_1415,ood_deep_1415,11.029486273685707,14.80940016926045,3.779913895574742,1.8183735708759552,5.908623103642784,0.7714862882994202,0.8292581593643098,0.13238631760296665,0,0,1.2016796971820785,0.183720325712156,8.474462228159801,1.2022790974645183,0.03797727353808699,0.003306349211171119,ood_deep
dr_1416,ood_deep_1416,12.948651615892329,14.89534913960311,1.9466975237107818,0.9505887851719056,5.33309663151546,0.7269794528285244,0.42434440930365946,0.6410019778978849,0,0,1.1854068769586368,0.170086071737122,7.714988183102985,1.5224502853383688,0.025430348727608548,-0.04952525759970935,ood_deep
dr_1417,ood_deep_1417,9.03629861120305,11.653228118481582,2.616929507278533,2.8774255079438413,2.6512501656449117,0.4234507086584868,0.39664640827635694,0.07891721357354442,0,0,0.8932922017612298,-0.1128415380099403,4.1521646119454205,1.1771982413195832,0.0127439795371506,-0.0004669777590752374,ood_deep
dr_1418,ood_deep_1418,10.127211689007016,12.931801794917746,2.80459010591073,2.3062281309630785,8.055139374265398,0.9060730592121856,0.09902585507533662,0.04786525838698883,0,0,0.9265340458790059,-0.07630448716553717,14.888404498930406,1.7902179385177632,0.043915940187786315,0.045914112917440596,ood_deep
dr_1419,ood_deep_1419,11.282148430343003,14.587483527094818,3.305335096751815,1.1596008739576251,3.38094390635794,0.5290379653941911,0.36159193818159263,0.19850926497458116,0,0,1.4522449612298214,0.373110608254478,16.23102090549005,0.8773954810416325,0.040854955842848775,-0.04344141253112045,ood_deep
dr_1420,ood_deep_1420,9.331470593361605,13.42224525854724,4.090774665185636,2.190155751276577,5.980306527240233,0.7767234448040032,0.10016430082423661,0.15037327162679612,0,0,1.2484440276169195,0.2218979980282102,10.271256105302667,1.6627408062654512,0.020184816223533377,0.0558348024297697,ood_deep
dr_1421,ood_deep_1421,9.025221621647866,12.783182373044593,3.757960751396727,1.2214802707422034,5.626267538526294,0.7502203797565008,0.13492698360003413,0.5412463886848883,0,0,0.784465696191053,-0.2427524347363534,12.263670307275,1.0372241335457304,0.03511162441110675,-0.04313006131737014,ood_deep
dr_1422,ood_deep_1422,11.196969249560727,13.240405892908392,2.0434366433476647,1.7872455186259795,7.490455344168756,0.8745082192280416,0.11266547807210894,0.404902342837755,0,0,0.8922932976309582,-0.11396039144464475,13.588564776053511,1.1897226261507647,0.017470628927718976,0.07299243727410713,ood_deep
dr_1423,ood_deep_1423,12.649958528874711,14.627255597779902,1.977297068905191,0.9380090780859549,4.011110676173979,0.6032646453744422,0.06117457501380533,0.4003909393537393,0,0,1.1653194869116876,0.15299528711381707,6.252746505756259,1.4023529812481055,0.022841696857714863,-0.020185794289498286,ood_deep
dr_1424,ood_deep_1424,8.077761987885175,12.170200045651626,4.092438057766451,2.5353703568419883,1.3863231689510496,0.1418644814534074,0.4133075661282553,0.02615264228988545,1,0,0.8791669821662069,-0.12878043100395292,8.766939096464064,2.0268618491508015,0.04437660534701044,-0.06498559731116213,ood_deep
dr_1425,ood_deep_1425,11.292113078608518,14.684128003479234,3.3920149248707165,2.9205601349571535,3.8890351502655838,0.5898418684489236,0.20539852631512184,0.23244722456011638,0,1,0.7106552586710421,-0.341567835020031,6.169507802525846,0.9202911616196703,0.046815249808644,-0.028005329225422527,ood_deep
dr_1426,ood_deep_1426,9.065615228274554,11.442826531848118,2.3772113035735636,1.3248128387649998,2.611948465770427,0.41696460397657303,0.5024408429150099,0.005234636626423837,0,0,1.2115191807762635,0.19187509340356246,8.416395030966287,0.7342183061475505,0.0257597478793494,-0.022918332483087715,ood_deep
dr_1427,ood_deep_1427,10.146853375754208,12.449666025394126,2.302812649639918,1.3439674553805792,3.6586803458921167,0.5633244674042268,0.2728566768025928,0.16900056224528834,0,0,0.8368977387593441,-0.1780533918715089,13.179314014317853,0.7126108974729939,0.041250814718586104,-0.06020606347310098,ood_deep
dr_1428,ood_deep_1428,11.778189323815674,13.311789983153016,1.533600659337342,3.196128331710659,2.643731653151954,0.4222173708325873,0.31674430481279,0.037363545286086694,0,0,0.8655746775627919,-0.14436162551978263,18.67937915812332,0.8893390664698257,0.03075170872615048,0.0009660978352984909,ood_deep
dr_1429,ood_deep_1429,10.503264489954615,13.90254175032306,3.3992772603684447,1.1423813851601177,2.113573943869767,0.32501744632300134,0.5364164805730651,0.16876019047892651,0,0,0.9843990418350127,-0.01572393381494536,11.934857430111254,1.0965899738035048,0.022057914646709503,0.024583480554196933,ood_deep
dr_1430,ood_deep_1430,11.341602558216715,14.901190849928453,3.559588291711737,3.624062095779422,3.2987913129788273,0.5183548422236,0.4878522688832589,0.23279796714302625,0,0,0.7156820308466485,-0.3345193016554028,12.349722855454594,1.5201854444250698,0.04334365910300754,-0.04999136990982688,ood_deep
dr_1431,ood_deep_1431,10.250017079749195,12.824410263614489,2.5743931838652934,2.385507323795772,2.1408442541515624,0.33058507363592543,0.2969033347633425,0.4616135280326471,0,1,0.9359322117454514,-0.06621222847611911,10.780681222191397,1.3120459576440677,0.04839947583300764,0.05520645313100343,ood_deep
dr_1432,ood_deep_1432,9.607496096273188,11.184375645722326,1.5768795494491386,1.7009678378027615,4.3594435775557345,0.6394310611451444,0.03877923878949411,0.09221361605126756,1,0,0.9914467784873822,-0.008590010236683876,10.376185995512808,0.8670061555047988,0.03406601818603492,-0.0001359379570063944,ood_deep
dr_1433,ood_deep_1433,11.897701079076437,14.052403229035956,2.154702149959519,3.6274630137640607,4.4535282088843395,0.6487042075047651,0.4586667569703669,0.5826436799218099,0,1,0.7818155765966247,-0.24613640180459162,15.755700234644106,0.7527496858052254,0.021023847897778464,-0.051356649808741654,ood_deep
dr_1434,ood_deep_1434,9.862253259624277,13.620776259336811,3.7585229997125342,2.4987381750235724,6.172754574659935,0.7904790099997032,0.11937211311932343,0.21166467802136565,0,0,0.9714470241809846,-0.028968541573238814,14.238340312833593,1.2093112533464958,0.04069866013510097,0.021324941072986457,ood_deep
dr_1435,ood_deep_1435,10.570624661168507,14.301558614869727,3.7309339537012196,3.1936497074506662,6.696547931262617,0.8258509816919111,0.09684061507336762,0.24065324711545746,0,0,0.8147599465564258,-0.20486175323045325,6.471655405467205,0.8026760289402622,0.03094701075955681,-0.07663492512950183,ood_deep
dr_1436,ood_deep_1436,9.90679734911958,14.729811093890456,4.823013744770876,2.8541958724036243,2.905052909819891,0.4631540466174209,0.33366121888272504,0.1311633516891011,0,0,1.0477173030549292,0.04661380051665846,10.815618758536448,0.4667085931835874,0.029277372028264297,-0.11470247941627804,ood_deep
dr_1437,ood_deep_1437,11.620641960692604,13.596127858130203,1.9754858974375988,2.504169810971862,2.78099002927066,0.4441994317837944,0.004834822027599646,0.19322789615231195,0,0,0.9416051321722466,-0.06016927257062797,3.892390062490162,1.5703491089831618,0.047820104431299505,0.01015356405419714,ood_deep
dr_1438,ood_deep_1438,8.205840617349187,12.211615652698917,4.00577503534973,1.5647890771079453,2.957535251388842,0.4709299297640136,0.30382513480626855,0.23701718964904758,1,0,0.6498077038567881,-0.431078800082131,8.566124001176487,1.390853440903443,0.024863164204467207,-0.007876225412072732,ood_deep
dr_1439,ood_deep_1439,8.61272990557746,12.171381318777327,3.5586514131998666,3.734667308341577,3.890594881559686,0.5900160111011025,0.3162509985223609,0.3590962602814703,1,1,1.1168151978647833,0.11048106133665765,12.641998394884615,0.8721907274029939,0.013056378856878138,-0.027404104106468836,ood_deep
dr_1440,ood_deep_1440,11.036351620421708,12.778448206608605,1.7420965861868964,2.3533556059152168,3.477383705051178,0.5412526146959795,0.05940018770912578,0.253565500943897,1,1,0.7347047643797312,-0.3082865415807818,17.452386890342133,1.205897434517566,0.028137223309745732,-0.04314621121953876,ood_deep
dr_1441,ood_deep_1441,7.30959217418956,13.186104647648582,5.876512473459022,2.3939934966523455,2.5124909533613193,0.40010450668234343,0.49800921954280103,0.3230302902479467,0,0,1.2234820859340565,0.2017009621375402,5.212646302888238,1.1240028448678099,0.055205780155076795,0.04399334627491844,ood_deep
dr_1442,ood_deep_1442,8.136956111259028,12.898752498017863,4.761796386758835,1.9527974891038093,4.2584056172838896,0.6292470260450731,0.21234162050122019,0.22030224832460954,1,0,0.6677015281816877,-0.40391401939592525,10.354410548574997,2.166758013097299,0.03724623963837825,0.029762465001502685,ood_deep
dr_1443,ood_deep_1443,9.276932570461089,12.281557475398733,3.0046249049376446,3.5871350539904996,1.4164928029710884,0.15121437226423373,0.07102796605715937,0.2729295644330897,1,0,0.9425838502673127,-0.059130397816331066,13.566327840422762,1.066359719123438,0.04660293379566481,-0.011478861220480046,ood_deep
dr_1444,ood_deep_1444,8.80458832393081,13.622929616388756,4.818341292457946,1.6783684319657861,3.161442364421772,0.4998852686917802,0.11789470722471199,0.1576494855929431,0,0,1.0048855942447354,0.0048736984587622306,8.873784833659457,2.062056317241999,0.04229688608696378,0.040893464765398985,ood_deep
dr_1445,ood_deep_1445,10.095194151259715,11.453725369329524,1.3585312180698086,2.487083864086932,4.472909899440887,0.6505901500014636,0.06780749010239853,0.17450426157703278,0,0,1.0482538202459952,0.04712575146561925,5.367772100493262,0.6071177400877025,0.050099633597735234,-0.06995501274695941,ood_deep
dr_1446,ood_deep_1446,10.36639275968262,12.984901670272102,2.6185089105894814,1.836614248998734,12.395370669289436,1.0932595183745166,0.21783137051499935,0.095961188814146,0,0,0.7219807416291889,-0.3257568140888415,14.481710103724744,1.6922062787889924,0.006394168461419287,-0.05656580242748386,ood_deep
dr_1447,ood_deep_1447,7.7947704882170346,11.854651683219789,4.059881195002754,1.4164800419959223,3.1251808696913166,0.4948751571795434,0.3150040263084175,0.3644849892446909,0,1,1.0704990217482797,0.06812491522026065,9.991173581145471,1.2720602617238292,0.042052792629352076,0.010747971668038106,ood_deep
dr_1448,ood_deep_1448,11.644880046223237,14.729662889378798,3.08478284315556,3.775906852626347,4.40127501133899,0.6435785060715709,0.34015645742511635,0.005176261232515857,1,0,0.9140301726488194,-0.08989169642207252,9.386727415362168,1.4278860450607354,0.04565261513782792,0.03501250948429561,ood_deep
dr_1449,ood_deep_1449,10.979472311149015,13.303840562528542,2.3243682513795267,3.240486478739443,4.3171541262638256,0.6351975536345027,0.20175192882987084,0.1786035661398035,0,0,1.043646180702217,0.04272052464500912,12.236937679239269,1.075086190825669,0.05602337994637656,-0.011195284598174792,ood_deep
dr_1450,ood_deep_1450,7.88163627281239,11.434536858522243,3.5529005857098532,1.7121516996866766,2.9928169480559634,0.47608015456810343,0.16190206102409022,0.04546178916188881,0,0,1.0430520157537055,0.04215104606341226,17.149157422121238,1.7188996959313756,0.027285581897823114,-0.044075332542219625,ood_deep
dr_1451,ood_deep_1451,8.682363077280915,11.405663545378786,2.7233004680978716,3.3797321512086294,4.410830641948288,0.6445203829474525,0.24714873530951836,0.5070666279440946,0,1,1.0449330828265162,0.04395284779369783,8.352555929904927,1.253136316689539,0.042639114764689456,-0.012213736330677535,ood_deep
dr_1452,ood_deep_1452,10.253001179160448,13.223401263798202,2.9704000846377543,3.072808891609691,2.0414679196014913,0.30994255964499784,0.21176360325074917,0.4840960402959692,0,0,1.1026041087000285,0.09767475354055412,7.489825191534706,1.4013166925030733,0.02774878901836382,0.007301207675587014,ood_deep
dr_1453,ood_deep_1453,8.376839385899276,13.883804892218699,5.506965506319423,3.4391261831735336,3.139079491599068,0.49680231357379695,0.4415869297269319,0.0958101587258546,0,0,1.4278268646188115,0.3561536133026964,9.283740596705657,1.3421842059237385,0.008056513610086934,0.004922774903563633,ood_deep
dr_1454,ood_deep_1454,10.513237326719455,14.37461821887863,3.8613808921591755,0.9525007098081616,2.5745406053023885,0.41069974585045366,0.2487361983255502,0.1870575859016933,0,1,0.7166155671616871,-0.333215750705476,8.600149067155975,1.5756842241729256,0.044206903819172375,-0.04505681612135729,ood_deep
dr_1455,ood_deep_1455,8.541384699964272,11.260704163366913,2.719319463402641,3.458763631108017,3.9313659196418347,0.5945434685174406,0.3341981450282028,0.30689263430085867,0,0,0.7249498591671604,-0.3216527862885434,11.490284817006437,0.881847019665706,0.06715805709991188,0.055664353798662795,ood_deep
dr_1456,ood_deep_1456,9.003885881725694,13.437204422825978,4.4333185411002844,1.9573368880955568,6.066977393616667,0.7829723767067269,0.17203829227777478,0.23122152469792517,0,1,1.170723233402177,0.15762170604174733,8.285090098552576,1.7957875147579365,0.0215234145772028,0.061817187870048466,ood_deep
dr_1457,ood_deep_1457,9.001221237343827,11.596775228025994,2.5955539906821663,2.0173558810759222,4.276313531554797,0.6310695393880833,0.517252765111636,0.2371808961513566,0,1,0.8970402640097451,-0.10865453051743403,3.398533457033511,0.6248132619189419,0.008694580830742607,0.04822682058670367,ood_deep
dr_1458,ood_deep_1458,8.130137474421419,11.66238547311232,3.5322479986909006,2.022068090571491,4.87093420062936,0.6876122629126459,0.16649095486014692,0.4582093889035556,0,0,1.163983561558249,0.15184822683688606,6.121024998082177,1.6051390631685793,0.06068080712571208,-0.0006770668407789401,ood_deep
dr_1459,ood_deep_1459,12.401043013023525,14.838244158351436,2.4372011453279114,3.1695616424957795,3.297113262594368,0.5181338663044673,0.03864940059177359,0.5096546793054593,1,0,0.9186548210553229,-0.0848448299518011,12.772407765951867,1.5813078832532028,0.03659282008107658,-0.023674372725235922,ood_deep
dr_1460,ood_deep_1460,11.730223380826164,14.560543802805793,2.8303204219796285,3.755191914293605,4.559313529766767,0.6588994583054316,0.1874354392953664,0.4327152509681196,0,0,1.1075040735561188,0.1021089010848983,10.547678930810992,1.6728112749946804,0.038949836618780494,-0.04963371543146144,ood_deep
dr_1461,ood_deep_1461,10.252734981791882,12.779539701537084,2.5268047197452024,2.316055829874212,8.120859480697918,0.9096019957400789,0.5815308686694923,0.1691328270243518,0,0,0.9333495975885232,-0.06897544565107873,6.735392275175615,1.334561679615786,0.02787143306468033,0.0454959161224342,ood_deep
dr_1462,ood_deep_1462,9.769245252781936,12.075696395788405,2.30645114300647,1.2779857253786526,2.7183886445201795,0.43431154735761984,0.2333732286400483,0.19087801815677094,1,0,1.5278131488601787,0.4238373984895658,10.892354667291805,1.323103910111126,0.033984084078293286,0.02170650247194191,ood_deep
dr_1463,ood_deep_1463,13.65388512584013,14.400596335821938,0.7467112099818074,3.2082751845051156,5.264633981927811,0.721368182709606,0.16398611781426536,0.03772582600389618,1,0,1.0033898557853578,0.0033841231757286176,8.343391514905669,1.5283399940560658,0.030042989591824436,0.054471240717110236,ood_deep
dr_1464,ood_deep_1464,7.287532645272551,11.238079222104005,3.9505465768314547,1.2195827039080176,2.7263898032834777,0.43558794882530905,0.16005123934471951,0.04258941347163941,0,0,1.1638192993858443,0.15170709618064943,12.0470739584857,1.47690091363662,0.00772846968331747,-0.03746572385977229,ood_deep
dr_1465,ood_deep_1465,11.611111000977377,13.388068540791053,1.7769575398136759,3.338028066217995,5.953659075089797,0.7747839619790966,0.30526619690396,0.27434573116951533,0,0,1.2228883865465894,0.20121559051799096,6.313346272578446,0.9985628749480333,0.04523914569209746,-0.006575759544725656,ood_deep
dr_1466,ood_deep_1466,11.559986083989134,14.467189841824009,2.907203757834875,1.0097178169998564,1.723044139914201,0.2362964030868142,0.618382550486632,0.23294642902525367,0,0,1.0002207270390413,0.00022070268241244795,6.74281055113524,0.794733493822931,0.06799798521138697,0.0055262256960446725,ood_deep
dr_1467,ood_deep_1467,10.250156984505438,13.38097910118814,3.130822116682703,2.3643675263742474,3.703214319073853,0.5685788470474745,0.16095416766838616,0.0026376746701938436,0,0,1.0776392425397345,0.07477276206168955,11.935195440272356,1.3049209327641855,0.02093582409306224,-0.010306900959407232,ood_deep
dr_1468,ood_deep_1468,9.84143436357268,13.122347097296478,3.280912733723797,2.4058209209814576,1.2934131736575973,0.11173728000499383,0.5054271280939575,0.12042238341426198,0,0,0.8523350032900276,-0.15977563308445114,7.115961988270717,1.4246344782555354,0.05730803975592299,0.05550453650618273,ood_deep
dr_1469,ood_deep_1469,9.118140480707227,13.732853372225733,4.614712891518506,1.514243859223891,5.13234523652396,0.710315862292601,0.21206065917537298,0.3584344727566366,0,1,0.893509387495552,-0.11259843800745817,15.235999821972172,1.5466573387013485,0.039758108894093,-0.03475712717405157,ood_deep
dr_1470,ood_deep_1470,7.465615363337722,12.524043991415326,5.058428628077603,2.907303212239539,1.8239896427617321,0.2610223679264992,0.11307457903024712,0.029707423910774352,0,0,1.2550576286319042,0.22718149075810065,12.714219139914807,1.265096227489127,0.03090595375232691,-0.05235990570147004,ood_deep
dr_1471,ood_deep_1471,9.936453283784413,11.114978565258474,1.1785252814740605,1.0012359047456196,3.246293781437769,0.5113878198290772,0.23225910976686778,0.3486271541675743,0,1,0.8917503198469929,-0.11456909606981339,12.413083693567543,2.0651515778805893,0.06114190100651242,0.0120934065454262,ood_deep
dr_1472,ood_deep_1472,7.3603115226530385,11.134949687466902,3.7746381648138634,2.5134840793681694,4.079830950428054,0.6106421682817226,0.5540164504064944,0.531549716292074,0,0,1.0230003245234618,0.02273980419667451,12.080943148206153,1.3145204907551689,0.04687748611232705,0.09153426248136616,ood_deep
dr_1473,ood_deep_1473,7.1134629372846385,11.582388365067168,4.468925427782529,2.304144051527633,5.722624204088886,0.7575952273955203,0.03667327005632236,0.32028523370573064,0,0,1.0178199792691933,0.017663064837657807,11.8177288342192,0.8091266755969603,0.023126372327247326,-0.052751816570022335,ood_deep
dr_1474,ood_deep_1474,10.45673298180791,12.62092371142137,2.164190729613459,1.927154889158666,2.348800598934027,0.37084614897921125,0.20081226905054567,0.3480804578481042,0,0,0.9939753181673712,-0.006042903451386885,13.991039461297138,0.46622123584310393,0.017997246843635024,-0.004122611149901899,ood_deep
dr_1475,ood_deep_1475,9.554847254394456,12.064143851186506,2.5092965967920495,2.9676108173690396,6.1892307609025785,0.7916366753440218,0.1598678872441668,0.20095974772043018,0,0,0.7302718044058824,-0.31433847933652315,13.634243089112102,0.9235787893563405,0.04002757885305819,-0.0032323205419831453,ood_deep
dr_1476,ood_deep_1476,11.940467495042782,14.446990987786142,2.5065234927433604,0.9069122764185695,3.808437558283318,0.5807468394580096,0.3171414007088659,0.19737946094806785,0,1,1.1445351251132854,0.13499855029628194,4.706231837186146,1.1473891585390894,0.014283658106574955,0.005367657570519439,ood_deep
dr_1477,ood_deep_1477,12.208366638052931,14.598472331700037,2.390105693647106,2.2224291984658637,1.8704341864980205,0.2719424316234553,0.3789805128660897,0.6452605765226304,0,1,0.7049655007901953,-0.34960641241659546,9.887081686164459,1.3308522946453558,0.047246045557435445,0.0318017946339686,ood_deep
dr_1478,ood_deep_1478,9.68304860102555,11.904597111320813,2.2215485102952623,0.9664007047857706,4.045405410193554,0.6069620509389902,0.37136613127052964,0.15358840813088429,0,0,0.9593682133689312,-0.041480322244436464,13.264231980833326,0.891405035822209,0.03332152182059471,-0.029485272307107534,ood_deep
dr_1479,ood_deep_1479,8.325747302932989,12.423781429902728,4.09803412696974,1.6297655839880358,6.611396903996328,0.8202932300759971,0.03623178526161618,0.3653057638534071,0,0,1.0385254034450253,0.037801825705551434,8.755198988926113,1.0164357444405785,0.035995196663565925,0.036748709787310076,ood_deep
dr_1480,ood_deep_1480,10.420415722389002,11.647122221078433,1.2267064986894312,3.05504262442957,3.490611756587367,0.5429015470816293,0.23820057507197234,0.16978394814724088,0,1,1.3025822637121423,0.26434865097124494,9.71455573225205,0.9509554698561082,0.027511516006156502,0.031828170666953016,ood_deep
dr_1481,ood_deep_1481,7.336084719690106,12.591205082770458,5.255120363080351,2.589810688500899,2.0990890904434623,0.32203087148706644,0.33069452393981064,0.40475968079900493,1,1,1.2822394450822063,0.24860811569337402,6.5833513908086765,0.5495639290065456,0.03371727065900565,0.005718049060146044,ood_deep
dr_1482,ood_deep_1482,11.450217304957722,13.524275054488033,2.0740577495303114,2.879568326193717,2.0363883894326102,0.30886061222126027,0.39902768987310167,0.3523629915483623,0,0,0.8340536763342612,-0.18145751858139053,11.20932429504702,1.5415744235810704,0.03166550281234648,-0.05009458878178,ood_deep
dr_1483,ood_deep_1483,10.361156885231805,11.83456951804244,1.4734126328106338,2.2181958439973424,12.635379967220505,1.1015883064210277,0.3428514890668982,0.18905256583697574,0,0,1.013750912380556,0.013657226452561276,19.666503011491397,1.0474778155484032,0.06859600311718606,0.05571538257561424,ood_deep
dr_1484,ood_deep_1484,10.654540544588547,12.154760189527625,1.5002196449390777,2.4927431690725106,2.0364319384688376,0.3088698996951008,0.22258338440452435,0.5511639967627093,0,0,1.067816738788694,0.0656161329197769,11.116226326885688,0.7115691342248045,0.038494221426058774,-0.037915315406714174,ood_deep
dr_1485,ood_deep_1485,10.733204541092256,13.665909794609341,2.932705253517085,3.789491500319953,1.3819532697705341,0.14049335778208716,0.3919689553768035,0.13777666508807587,0,0,1.1844196393977184,0.169252898835043,8.175230985652167,1.157457028581556,0.0175080242158198,-0.0609240594282365,ood_deep
dr_1486,ood_deep_1486,9.700830813678134,13.788044615002892,4.087213801324758,3.5635613225913887,3.1739804913793193,0.5016042530702632,0.27640929895556426,0.30730351407081646,0,0,0.9430200909216173,-0.058667691250483885,9.860991798909927,1.7645229956028,0.048583781540707936,0.0317953646553133,ood_deep
dr_1487,ood_deep_1487,9.264521346732597,12.575387182374978,3.3108658356423817,2.7230524791607875,4.790974458395506,0.6804238555570685,0.3141630548132779,0.2492194727230318,1,0,1.4072556617341108,0.34164146861495437,12.714620845880415,1.3659348270707061,0.039367371403737035,-0.05598107661880491,ood_deep
dr_1488,ood_deep_1488,11.476462056367541,13.826440993952264,2.349978937584723,1.2865784839022476,2.5303860311985558,0.4031867814250032,0.3147128524645288,0.06863617285025572,0,0,0.8595157405729139,-0.1513861406877008,6.458203758714803,1.247956091643878,0.04740009062519278,-0.04484575170419024,ood_deep
dr_1489,ood_deep_1489,10.496248328128281,12.883668486586819,2.3874201584585375,3.249182909492245,3.3673254451686967,0.5272850920966248,0.0933706247162474,0.10908112177629489,1,0,1.0765202602502055,0.07373385812841533,8.142831207832385,1.2820059616889745,0.022884973109963833,-0.011228972492189513,ood_deep
dr_1490,ood_deep_1490,10.621305076370277,13.40160934418528,2.780304267815003,1.5568765131245623,3.295482166540867,0.5179189658035772,0.35838870821596003,0.1728540811204135,0,0,1.3896242367474505,0.3290333773207584,10.213006333270146,1.3887105812201495,0.06297509246095842,0.028003420965718288,ood_deep
dr_1491,ood_deep_1491,9.951521294491208,13.511408510690817,3.559887216199609,1.4704040434565544,3.35845783871337,0.5261399006385629,0.7250119456941213,0.26912644739325187,0,0,0.7613154615748876,-0.27270747143854784,14.900272042487993,1.3924966922126163,0.05466748582340571,-0.03162525486987118,ood_deep
dr_1492,ood_deep_1492,8.628249554296657,12.076543328773907,3.44829377447725,2.561922940424551,1.6429459398869768,0.21562327348068716,0.11851186800277307,0.22460247708322198,0,1,1.1265660558127566,0.119174117264897,13.56675367866971,1.3165745063682381,0.05715285924365088,-0.020751508362903667,ood_deep
dr_1493,ood_deep_1493,10.053049575316326,13.059808258287305,3.006758682970979,3.587244275052691,3.2529349725821635,0.5122753816553514,0.038955735356922365,0.36907693101425526,0,1,1.215721747334591,0.19533793115415846,12.394882191695173,1.3922623664522853,0.04468194968886531,-0.03398756671851971,ood_deep
dr_1494,ood_deep_1494,9.747534912164241,13.207328880985225,3.459793968820984,1.5062081158047207,4.157642046193032,0.6188470958528262,0.5643761462611985,0.06667969026709854,0,0,1.2058440472048293,0.18717977585102422,11.8986892407228,2.0284098105138293,0.02348450768691829,0.031248548886150956,ood_deep
dr_1495,ood_deep_1495,9.772890353919987,12.72120447171132,2.948314117791334,2.49437306571206,3.9363566664609246,0.5950944422130934,0.3391062637547784,0.045432151164172443,0,0,1.078844424397415,0.07589049089184888,14.126671671204067,1.2023930632480024,0.03681658297548307,-0.0036735771523188493,ood_deep
dr_1496,ood_deep_1496,8.552228881096111,11.425156009862306,2.872927128766195,0.9456941184133418,2.005575728303329,0.3022390651026756,0.5073781742433404,0.044381002719394595,0,0,1.0809932805174254,0.07788032265017127,9.464828506327509,0.9158563387453422,0.05608667275204714,0.03393976170857548,ood_deep
dr_1497,ood_deep_1497,10.992994672797794,12.963557616060543,1.970562943262749,2.078518851741485,2.936300622656078,0.467800517210329,0.26496326951866206,0.2008299091668648,0,0,1.3446011170491106,0.29609740181930716,10.142840540001172,1.448105473729154,0.025992658134817548,-0.03421228709042991,ood_deep
dr_1498,ood_deep_1498,12.095342817143287,14.815248994816619,2.719906177673332,1.6820929253790733,2.645406309294955,0.4224923850036897,0.417156639466488,0.33491071190138194,1,0,0.894081961435792,-0.11195782855254725,7.021069616441702,0.9719788773408182,0.044732319746958925,0.034075637944190065,ood_deep
dr_1499,ood_deep_1499,11.80418918307598,14.513398436309554,2.709209253233574,1.2970220104527304,8.942978621833047,0.9514821925737136,0.14666829127341455,0.10964300065955643,1,1,1.0895752386423174,0.08578793097346324,10.151163575457144,1.436700407111716,0.03325184285828617,0.09189352119364773,ood_deep
dr_1500,ood_deep_1500,10.688344159878973,12.504611595545176,1.8162674356662034,2.18867267437422,10.481448579336051,1.0204213080806703,0.2629222318708243,0.3795836907102631,1,0,0.9407331922617096,-0.061095715985803656,7.564674987899088,1.000405568221384,0.06726730400602776,0.03657900438372913,ood_deep
dr_1501,ood_deep_1501,10.634932770246081,13.785349383726878,3.1504166134807967,0.9683201949971308,7.476560966856484,0.8737018790725622,0.2122316245194149,0.3478141136926314,0,0,0.784572325130866,-0.24261651841242984,7.776499800987249,1.1544578269392545,0.022246299820285968,7.761343558002192e-05,ood_deep
dr_1502,ood_deep_1502,11.68875591446264,13.157127199784888,1.4683712853222488,3.4474410419092467,6.14840407091098,0.7887624014432539,0.21569837686932516,0.004614942179034027,0,0,1.6687817753521035,0.5120938843946375,10.434357464727142,1.5882533212135723,0.0260043210974449,0.009086835237068712,ood_deep
dr_1503,ood_deep_1503,9.246291302254292,12.470197973612914,3.2239066713586215,1.7858518914883394,2.7348825316793755,0.43693867730965325,0.09010232882556633,0.14331823610673208,0,0,1.427357626592326,0.3558249213865315,9.207378987870204,1.2463004463495726,0.040492949218910335,0.053537629117447146,ood_deep
dr_1504,ood_deep_1504,10.282120721973296,11.244270771154216,0.9621500491809201,1.8655840515128683,4.175088219863242,0.620665656584894,0.3592732998329993,0.22028613417267248,0,0,1.0022279174485282,0.002225439320476831,16.06583123303766,2.045322832763694,0.045271880104370166,-0.013576836057459895,ood_deep
dr_1505,ood_deep_1505,6.454709879108186,11.386466195422118,4.931756316313932,1.8477989260615049,2.366872882774638,0.3741749339780981,0.0728406535216431,0.09248571875598142,0,0,0.965788698268649,-0.03481020754878132,9.306293382047471,1.9022404853053974,0.049984919283299456,-0.006835096681106867,ood_deep
dr_1506,ood_deep_1506,9.29678102121259,12.452840736544125,3.1560597153315353,3.7780373928262483,2.1135881004102925,0.32502035518117556,0.2526541825982321,0.5199138339268451,0,0,1.0417126387995874,0.04086612679401596,2.511833351292367,1.4914843492298238,0.011036646884775056,-0.0633936138260369,ood_deep
dr_1507,ood_deep_1507,7.824158580331694,11.111081084129879,3.286922503798184,1.3814560485091243,3.547517573789858,0.5499245555547567,0.31448566133667066,0.07989827347288707,0,1,0.7754129875035484,-0.2543595044613478,10.219822854957112,1.292679168343828,0.013574852931690397,-0.04871053421286608,ood_deep
dr_1508,ood_deep_1508,10.054784856298454,12.64578005067656,2.590995194378106,3.0333356860954286,2.1406141812458657,0.3305383982354826,0.1186525471034023,0.10262750382437517,0,0,1.0139044569995939,0.013808676863365918,2.8764806652244994,0.969791828365353,0.006370310860074217,-0.05895320927588818,ood_deep
dr_1509,ood_deep_1509,9.174999564359387,13.194321342774314,4.019321778414927,2.1404382205757546,3.995631138840364,0.6015853890233511,0.2525696980474293,0.7128624379525286,1,0,0.7920902838656086,-0.23307989888481354,8.913806425148763,0.9453683659367154,0.02090930973574895,0.025372400071024526,ood_deep
dr_1510,ood_deep_1510,10.303518440923673,12.499498237356498,2.195979796432825,2.8723693892362974,14.83476158543364,1.1712805710126448,0.202223109864388,0.2521670285568852,0,0,1.1528204385805436,0.14221149505723737,8.760483619073007,1.264455648122578,0.03405250433032872,-0.012470349084783044,ood_deep
dr_1511,ood_deep_1511,9.200370019985579,12.05721437331254,2.856844353326961,3.274540003301222,3.5490710627419597,0.5501146952753823,0.07494311768997082,0.2988050675395671,0,0,1.025672464048035,0.025348459961347377,11.745435142045828,1.176646929713311,0.04486000050367584,-0.05005545321782577,ood_deep
dr_1512,ood_deep_1512,10.11598662327485,12.409820427430297,2.2938338041554474,3.6943277528363536,2.688635699127654,0.42953196080387257,0.2524331760304688,0.05445383429673689,1,0,1.3564329886492756,0.3048584517117882,10.207104834290806,1.3812696158832751,0.031378234553373394,-0.008653138980783482,ood_deep
dr_1513,ood_deep_1513,11.111011793095415,13.157611329635879,2.046599536540464,1.5522912536127884,4.015705045564091,0.6037618062813372,0.3571206514926121,0.06115594211014232,0,1,0.9718725483604949,-0.028530606204991992,9.42116798982245,1.4425151163823777,0.036883447869099,0.002883456910385113,ood_deep
dr_1514,ood_deep_1514,9.492850348663783,11.54740185209346,2.0545515034296766,3.7248686828536406,3.2876655158740773,0.516887626386423,0.01955162816075211,0.12413784532561799,1,0,1.0250860691721162,0.024776578989110617,14.259558354023877,1.4540096354272118,0.028339246115779697,-0.043290420270778604,ood_deep
dr_1515,ood_deep_1515,10.71388337045504,12.092996827261597,1.3791134568065573,1.8146192793592761,4.393855505994109,0.6428457708409218,0.05670396765933399,0.23305203478443037,0,0,0.9358465347081194,-0.06630377459240465,9.950912965377402,1.3859616084584305,0.02532097005543533,0.06912201932091581,ood_deep
dr_1516,ood_deep_1516,10.579530132495837,12.66242071532601,2.0828905828301743,3.528229022720005,3.8862228109494756,0.5895276966219354,0.4800485797532444,0.37898817226137077,0,0,0.9251725416994415,-0.0777750272975977,15.454598616988712,0.8418090024634055,0.036331934700291384,0.029646821480392632,ood_deep
dr_1517,ood_deep_1517,7.998857958941644,12.17982381748179,4.180965858540145,3.781965492083575,2.330170642262508,0.3673877262961298,0.2186920216003377,0.024873358539682727,0,0,1.2914772282069928,0.25578670134797715,9.926806727701214,1.6573093166992148,0.05215455986509754,-0.0027307208855097123,ood_deep
dr_1518,ood_deep_1518,10.218531402265832,12.48747979814638,2.268948395880548,2.3253431371623017,2.695346593181073,0.4306146188094817,0.09730739438877212,0.06228315670258752,1,0,0.8724707923389098,-0.1364261012952127,5.771929141502815,0.8107215989626457,0.03548432805032222,0.04135279244153142,ood_deep
dr_1519,ood_deep_1519,12.022707305137661,14.427012231485543,2.4043049263478817,1.1498211932323197,7.284534113540602,0.862401781447327,0.35756253861221643,0.11748752362433462,0,0,0.961187503430738,-0.0395857762127245,9.581914625368467,0.5599778642889036,0.053005281663074055,-0.039234156724346166,ood_deep
dr_1520,ood_deep_1520,8.46860159346789,11.220740435523034,2.7521388420551443,1.9205633228009167,1.888418994954446,0.276098360199384,0.10379327641993663,0.10221677940459897,1,0,1.156893139808206,0.1457380842297881,13.16636833929833,1.0796508629785533,0.019645621093535764,-0.04684074370001523,ood_deep
dr_1521,ood_deep_1521,9.695824352186758,12.826640066346323,3.1308157141595654,2.760009793741237,4.8054087485745445,0.681730334710158,0.6159470687162419,0.515855106415012,1,1,1.0772612829437134,0.07442197129856408,3.988071017932695,1.8618257032591414,0.04117727750217734,-0.01811067412077702,ood_deep
dr_1522,ood_deep_1522,9.450974762392816,12.675232200416882,3.2242574380240665,1.240523213488839,3.1766980094046455,0.5019759308854008,0.3825082938848929,0.08204254610691246,0,0,0.8199692026124781,-0.19848849721881054,12.287953522178626,0.8532097428207603,0.036358195063553374,-0.008238377276119074,ood_deep
dr_1523,ood_deep_1523,9.537898532370608,11.594085508036644,2.0561869756660354,1.7272245173749199,2.933198922219526,0.4673415167455699,0.1462586462032105,0.39931643303517317,0,0,1.1584351769814791,0.14707010905762155,4.159123850194252,2.466824280392367,0.062039670529117096,-0.07131481579613515,ood_deep
dr_1524,ood_deep_1524,10.854547860937389,13.601432494684861,2.746884633747472,2.627898200870078,2.294832781715923,0.36075104515699785,0.1239959668573718,0.1382361627531808,0,0,1.041766555808995,0.040917883499395194,9.033504859932242,1.5424270260167063,0.05002118275633481,-0.031630247674327344,ood_deep
dr_1525,ood_deep_1525,12.678700421036133,14.919103696612133,2.240403275576,2.260337071224141,2.9115689933942996,0.4641270857356181,0.49010881306387605,0.03399408075050707,0,0,1.3937731764290966,0.33201458491608576,8.213821565645446,1.1796355157706855,0.03486780778729201,0.01745357075181966,ood_deep
dr_1526,ood_deep_1526,12.028314201759885,14.250247931196023,2.221933729436138,1.4770929524318586,10.917480984168941,1.0381224441493484,0.27720151522782444,0.4871730194789833,0,0,0.9465167541445075,-0.05496660733304961,12.661133017700525,0.5273614858413124,0.036953327401585606,0.01372202945164791,ood_deep
dr_1527,ood_deep_1527,9.259676209921611,13.218355935897321,3.95867972597571,1.3046552898648551,3.001152810208861,0.47728810903395247,0.251817347583776,0.4670946485774432,1,0,1.1380584441050032,0.12932369124394752,10.787082525940583,1.415617681276772,0.03312009180965792,0.06254299215479635,ood_deep
dr_1528,ood_deep_1528,11.659843259706626,12.458170238792405,0.798326979085779,2.7231301931038985,4.591887441462945,0.6619912338867251,0.4101582038165531,0.3853140755292115,1,0,1.1597779248862166,0.14822854272691288,5.651067174248038,1.3878402567064088,0.0644103637518671,0.06277202061194483,ood_deep
dr_1529,ood_deep_1529,10.074986487785283,12.57852423103597,2.5035377432506873,2.077662320592554,3.8503879415119977,0.5855044885656765,0.2839229068546635,0.032209892351165975,0,0,1.1027531400535566,0.09780990747431172,10.151454236736237,1.5254769620415214,0.04415780327958922,-0.0497367715897352,ood_deep
dr_1530,ood_deep_1530,8.310147764461359,13.247984845027494,4.937837080566135,3.3875911226609783,3.1148746337982605,0.49344057204004393,0.3548567110511752,0.6424686546170107,1,0,0.6692120923312863,-0.40165424020115614,6.182785178792072,1.138126824641847,0.02250656349781767,-0.059099584178322416,ood_deep
dr_1531,ood_deep_1531,9.566662068374953,12.44174152292762,2.875079454552667,1.959373097236318,3.395265163616277,0.5308736974967511,0.10971711780122177,0.18056146720025673,0,1,1.0992090398082066,0.09459086644067412,10.044794087752237,1.5026811267227211,0.03938490336636518,-0.03782917485202593,ood_deep
dr_1532,ood_deep_1532,6.405272215954579,11.342189967786712,4.936917751832134,3.744131675647924,1.7763316781447924,0.24952406084518364,0.2434001965535748,0.14487539703375746,0,0,0.9274499516879178,-0.0753164464007575,6.863009612627206,2.0077288408929546,0.05825081719870906,0.004134966901304304,ood_deep
dr_1533,ood_deep_1533,9.732768714098109,12.269079745392467,2.5363110312943586,3.1469442916817973,6.124141599410763,0.7870452236871952,0.1864483217077564,0.2146139793421699,0,0,0.8609825880065144,-0.14968099774784324,3.9673321442855087,2.1517228614033765,0.034284541725828385,0.0763631522343265,ood_deep
dr_1534,ood_deep_1534,10.399287098918014,13.588992626576776,3.189705527658761,3.2040141467118812,1.6012845845425905,0.20446852274575156,0.2069684139688161,0.052278363655643006,1,0,1.0323014477121106,0.03179072490255811,8.910188938553492,1.9038188306829815,0.059131890404684626,0.07588337015539869,ood_deep
dr_1535,ood_deep_1535,10.388526091697548,12.31727697485281,1.9287508831552618,1.3011055090373211,8.85829605966144,0.9473501910682498,0.43576868008728065,0.17305974103517124,1,0,0.9737941358591021,-0.026555357166741084,14.991459760604986,0.9136936227236674,0.02185883770432035,0.004965649516060835,ood_deep
dr_1536,ood_deep_1536,8.374992558901717,11.375132512434579,3.0001399535328623,1.1622267786249902,1.5799979520494194,0.19865652403403478,0.5355972650234323,0.3365022722951267,0,0,1.088193922483147,0.08451937012774313,11.077966243744909,1.1968177015618926,0.018726715566028156,-0.043936050410353554,ood_deep
dr_1537,ood_deep_1537,11.921890030314275,14.514652181880441,2.5927621515661663,1.043856065199765,2.0929508102361796,0.32075902141368295,0.06330853782477132,0.2011526333159887,1,0,0.7077689227917051,-0.34563761879974364,10.520125278775666,0.8556220094341764,0.04391831950971671,0.04978502763650834,ood_deep
dr_1538,ood_deep_1538,9.409705755703241,13.794788882624358,4.385083126921117,2.496930839242331,1.7525816875617664,0.24367826950918203,0.17404423925355073,0.326760032819314,0,0,1.2163798440177442,0.19587910649120424,6.699450147133668,1.0820294136628754,0.034899778956780564,-0.010863116641460314,ood_deep
dr_1539,ood_deep_1539,11.190789950009803,13.663160360069622,2.4723704100598187,3.713723898162034,6.259155422816405,0.796515735773375,0.260446661113965,0.4211740300097747,1,0,1.0146733163585966,0.014566704882716497,11.926276652871502,1.5338473397430907,0.05907623228622967,-0.004379134211822038,ood_deep
dr_1540,ood_deep_1540,8.310119343494367,12.55004585410017,4.239926510605802,1.5131745715082614,3.5762509421190245,0.5534279852228373,0.14099999677955377,0.12865016527195997,0,0,0.9571593432707027,-0.043785398494055244,11.129300529263075,0.6759298879648342,0.054241606411239845,-0.06279684579588266,ood_deep
dr_1541,ood_deep_1541,8.835786395563872,11.135855780244153,2.300069384680281,0.9490406226616428,4.6403708939329364,0.6665526940788062,0.13509563098205574,0.13335855815370437,0,0,0.9946427016397293,-0.005371700142590185,18.182116832118858,0.9408841125633529,0.015479409156400777,-0.008369310838997869,ood_deep
dr_1542,ood_deep_1542,9.844852229257418,13.693206630303346,3.8483544010459276,2.2158561455089654,2.05629973763823,0.3130864201064921,0.4369184533695952,0.20994603782465643,0,1,1.3365277776129993,0.29007504022896574,9.316477994609803,0.7648441768675907,0.029747845757580132,0.015199306296482213,ood_deep
dr_1543,ood_deep_1543,9.095711650902777,14.563539874661323,5.467828223758547,1.2055234435282085,2.797693260300782,0.4468000966242275,0.29432101577908776,0.0707973397981675,0,0,1.1389723748130796,0.1301264302754621,5.187997061346029,0.9842327756151639,0.039253281607633264,0.01704954819055435,ood_deep
dr_1544,ood_deep_1544,8.462902620629958,11.092784727531443,2.6298821069014853,1.8476040672299652,1.382862997321937,0.14077915591961288,0.4101700910568982,0.32947854595975024,0,0,1.0820967823578471,0.07890062407459293,7.591479346593172,1.0461319589264582,0.0163949041102987,0.03342437984218695,ood_deep
dr_1545,ood_deep_1545,9.28748819219713,11.684840160960604,2.3973519687634735,2.96923303800272,7.789450893902246,0.8915068437889357,0.3093956310303245,0.01980248232088393,0,0,0.8912449582335807,-0.1151359642305512,15.700850103455942,1.3144408907437506,0.04844440758130789,-0.004992494013973854,ood_deep
dr_1546,ood_deep_1546,9.81941267974664,11.854476181751467,2.035063502004828,2.314459284424863,12.006438438247367,1.079414198409729,0.17490610540428012,0.2694454893764959,1,0,0.9542770786746322,-0.046801210840754164,5.875769064082186,0.9171738162357426,0.051860937136594176,0.0057584407073128785,ood_deep
dr_1547,ood_deep_1547,9.00055383790389,13.601129877408741,4.600576039504851,2.523042405760682,5.742146446882765,0.7590742644861636,0.65265491333506,0.21934840979164785,0,0,0.9148264097565764,-0.0890209478180252,7.4759512940173485,1.2282700513649534,0.02423149124074117,0.10416202159846519,ood_deep
dr_1548,ood_deep_1548,11.85191263969787,14.669355041673859,2.8174424019759883,3.2649958988032712,6.487855915270913,0.8121011963360203,0.32429196230438156,0.3450840480850873,0,0,0.9903350009844136,-0.009712008259995658,7.05115871410557,1.7711371505449842,0.027034604288925117,0.010257037773975462,ood_deep
dr_1549,ood_deep_1549,11.893866587855669,14.494527622438397,2.6006610345827283,1.5580132852166386,7.416478650857124,0.8701977508988253,0.3655012926909454,0.29530663075995134,1,0,1.439571913507127,0.3643457871040533,4.309367906096238,1.4394931254281693,0.015192627933937095,0.007767977555798559,ood_deep
dr_1550,ood_deep_1550,9.259296420034502,12.457997590357078,3.1987011703225754,0.9426540336026348,1.6210833404898601,0.20980534266126505,0.29669930006850026,0.39620406531065666,0,1,1.105574177579961,0.10036481773459863,12.024153670700631,0.9735263929942208,0.045510265168158134,0.025511008805968176,ood_deep
dr_1551,ood_deep_1551,8.995068252276491,11.361201149757377,2.3661328974808864,3.1444524329165437,2.7799363631898233,0.4440348543958352,0.18084754768477418,0.6062862124393187,0,0,0.7453608046986949,-0.2938868762297651,6.486370322880713,1.5932664931097753,0.02854322019728273,0.019656036116540192,ood_deep
dr_1552,ood_deep_1552,10.313736496551417,11.477805775303421,1.1640692787520042,2.5832228709271243,2.0725436719125354,0.31650369061956063,0.5959823920496936,0.3080729449968328,0,0,1.5658246181843194,0.4484125978002683,11.967035358540857,1.6659921522765873,0.04938623457181173,-0.04327068497515692,ood_deep
dr_1553,ood_deep_1553,11.664148204867367,14.519911608535239,2.855763403667872,3.1226722901714132,7.58972083247226,0.8802258018313752,0.26278053542929763,0.31498071066058203,0,0,1.0731647932546489,0.07061203364047498,13.513037676304535,0.8184214245628179,0.024168873379935236,0.005815422440962199,ood_deep
dr_1554,ood_deep_1554,11.127833845079142,12.853855088469402,1.7260212433902602,2.393052071260229,3.6559080978406637,0.5629952699112655,0.33333420736524005,0.16287854928918033,0,0,1.271482636152558,0.24018364959533017,7.145005215033758,0.9975088307033948,0.044858665333448296,0.055416616588099626,ood_deep
dr_1555,ood_deep_1555,11.540387235469678,13.844246104574918,2.3038588691052393,3.1134938049345044,14.23754663278934,1.1534351595510668,0.300990364811348,0.33190365298001356,0,0,0.7570168575870408,-0.2783697568533496,8.492600354534275,0.777015740089597,0.033789040346853934,-0.010327852914093235,ood_deep
dr_1556,ood_deep_1556,10.431305689007054,14.484673616325788,4.0533679273187335,1.3329821013042364,5.808761614683898,0.764083553864473,0.5226811674695254,0.28376086465718453,0,0,0.9170868315148112,-0.08655312035272192,13.55621337192419,2.0863553652863613,0.03201196278034765,0.02672569293528668,ood_deep
dr_1557,ood_deep_1557,10.992680125789343,14.172775102560951,3.180094976771608,1.548629236256342,11.360109819924782,1.0553825297866903,0.49610736714125303,0.3344114818326834,0,0,1.1606449455301995,0.14897583814050824,7.476456489380162,0.9128060952937471,0.02091499861284976,0.04876722209058343,ood_deep
dr_1558,ood_deep_1558,9.9841645684233,13.877715443154242,3.893550874730943,3.3611556499483948,3.1876173045792253,0.5034661758087764,0.18971500808237382,0.5671695567894391,0,0,1.0210444419541966,0.02082606610416712,10.472564037199852,1.1855522042019928,0.039303637540879885,-0.05393761074698204,ood_deep
dr_1559,ood_deep_1559,8.641707245192432,11.530995459371596,2.889288214179164,0.9501877895825191,9.327791819721362,0.9697788448168299,0.49769003421556807,0.1643902635330399,1,0,1.1134128909825372,0.10742997473377976,3.0344411800963087,1.846736952721849,0.06767422562406089,-0.01890937510126337,ood_deep
dr_1560,ood_deep_1560,9.955076768696244,13.083324243876046,3.1282474751798013,1.2550241411655378,4.12060406611386,0.6149608867490965,0.11401957287749237,0.14410154353029353,0,0,1.3406329817214482,0.29314187684813775,4.70679858768574,1.1373905747847037,0.01942938003576252,0.012206358763069554,ood_deep
dr_1561,ood_deep_1561,7.224406571108051,11.119481952712771,3.8950753816047206,2.3100584808379514,1.8668122673499488,0.2711006460940298,0.06699996445547796,0.22136261555114703,0,0,1.1085362124780718,0.10304041754070631,5.825367032797228,1.3995000010143335,0.03840649377892136,0.06513434250973088,ood_deep
dr_1562,ood_deep_1562,11.990391283021939,14.311993403827715,2.3216021208057764,3.583580274873285,4.542461271792457,0.6572912332792399,0.15272219450765923,0.1386219728883972,0,0,1.202915702586121,0.18474836187409702,7.774658336235543,1.182314061112884,0.013562226412112431,0.03698971321869038,ood_deep
dr_1563,ood_deep_1563,11.168975250427817,13.217799767152822,2.0488245167250057,3.035940696760987,6.83916912353655,0.8350033433894889,0.02284692644072932,0.31136778017666883,0,0,1.0565145481455063,0.05497532811215916,9.039866444969745,1.4574647078828866,0.030865024089986964,-0.022969573929790175,ood_deep
dr_1564,ood_deep_1564,11.961435253470126,13.656089082364211,1.6946538288940847,0.9710043737253103,2.6441435753009914,0.4222850333658104,0.14089172019781857,0.560549833974199,0,0,0.9374220559598055,-0.064621664903459,9.036784568147139,1.7429411753518531,0.01660808987828206,0.006432058390003947,ood_deep
dr_1565,ood_deep_1565,8.583468479315345,11.737762673836926,3.154294194521581,1.9257538547999795,2.292986762731549,0.36040154758243004,0.2285066394768176,0.16318149199699256,0,1,0.8299678039374125,-0.18636836938071427,7.819542231539816,1.7013417463378486,0.03863701350329007,-0.02071891613314729,ood_deep
dr_1566,ood_deep_1566,9.5094982373625,11.913804107874274,2.4043058705117737,1.448823263349012,3.276939310341565,0.5154683982246596,0.31090453427243087,0.3308395897122491,0,0,1.131746053664863,0.12376162039598747,14.673022779613568,1.9357836899759229,0.039173716495024255,0.08405175301352659,ood_deep
dr_1567,ood_deep_1567,8.173482847631389,12.064188610212057,3.8907057625806676,2.3320984929915842,1.661945406433575,0.22061675345888426,0.1451254823054878,0.18065074898621905,0,1,1.0420937170088418,0.041231878834689435,12.80967527510093,0.8791434666282756,0.07227660562921767,-0.0053725999201827855,ood_deep
dr_1568,ood_deep_1568,6.516312854769592,11.562102902118443,5.045790047348851,3.127366338761387,1.8367099650742909,0.2640405822652586,0.1332678209255908,0.05905914801436483,0,0,1.0052734387159374,0.005259582828759913,7.832785933550605,1.4098266079362112,0.02354058902482034,0.05958636896030694,ood_deep
dr_1569,ood_deep_1569,7.219675311245911,11.022585363565227,3.802910052319316,2.5205900047853196,4.321553719885939,0.6356399159488504,0.1674574144477503,0.3445133058507392,0,0,1.5632300667692336,0.44675423623683386,17.081932975984543,1.9681575510340292,0.03278612634186332,0.05679286027604055,ood_deep
dr_1570,ood_deep_1570,8.11617219694578,11.336330200545355,3.2201580035995754,3.3530756065975766,9.069678531478951,0.9575918940635139,0.7888041869268236,0.03966927041060416,0,0,0.9274241561541343,-0.07534426018464295,13.613963308965854,0.705907525005084,0.060030152615888184,0.02175677173549508,ood_deep
dr_1571,ood_deep_1571,8.591910139563744,12.84617906429007,4.2542689247263255,2.788156501163385,4.341919926985035,0.6376818100006659,0.20199274274480025,0.5316024410770356,0,0,0.7930424428886456,-0.2318785368518623,6.636343391894178,1.575235488687358,0.04931559282837825,0.02077406682072044,ood_deep
dr_1572,ood_deep_1572,8.975293988698883,12.065358480706912,3.090064492008029,1.548511369340571,4.651764884248821,0.6676177559158736,0.22406461616523873,0.27153740965834994,0,0,1.2843015520360805,0.2502150313046319,10.121246864985222,0.6917326751419689,0.03663661261111808,-0.022279349064447968,ood_deep
dr_1573,ood_deep_1573,10.46942820511844,13.233216546932967,2.763788341814527,3.7931112104933975,3.0002931674143984,0.47716369297622624,0.3157858399697366,0.4011285974452836,0,0,1.2283493909356678,0.20567130956264273,8.321328507491401,1.163072246039511,0.06572116667172255,0.0028743584026378003,ood_deep
dr_1574,ood_deep_1574,8.24190880927132,11.638616610519213,3.396707801247892,3.7795503263788595,3.1036062977754466,0.49186662445856544,0.3512169494967394,0.5141717738754882,1,0,1.047545740602204,0.0464500383068223,4.526113317792914,1.363039359063613,0.033497725345546785,-0.005753075051514047,ood_deep
dr_1575,ood_deep_1575,8.917703095377966,11.780201700371322,2.8624986049933554,1.364811941550818,3.0026537857237856,0.47750525973218655,0.17096902799673439,0.15186720149706162,1,0,1.1408211820919325,0.1317483382579111,7.342394297460958,1.3653140563488235,0.0572168479125957,-0.03511723522987971,ood_deep
dr_1576,ood_deep_1576,12.415133498636404,14.88610243283607,2.470968934199666,2.3030552114426808,3.3068833419650634,0.5194188744315509,0.3322883660282616,0.13989454850533498,1,0,0.8933411571721254,-0.11278673615519717,13.06191063350782,1.5984607023574524,0.044470794695551805,0.04332014470001487,ood_deep
dr_1577,ood_deep_1577,7.303553349045684,11.158759525619717,3.8552061765740326,2.5310546847847033,2.0646947060985004,0.31485584424484164,0.5033712677340786,0.20628834348801425,0,0,0.7967048585627339,-0.22727098425526285,9.749657041233652,1.3439699866786885,0.05150066408566803,0.04814975022865957,ood_deep
dr_1578,ood_deep_1578,10.294096822579032,14.094363433034406,3.800266610455374,0.9947923695890758,3.611313508359317,0.5576651923981122,0.6596147266118448,0.055159975935629185,0,0,1.0918697226610796,0.08789156861329443,8.709748564960499,2.3006517438989267,0.048780287301195914,0.049012302438038655,ood_deep
dr_1579,ood_deep_1579,8.189770158143071,11.989872191154607,3.8001020330115356,2.1258127864840017,5.264185144210069,0.7213311552439675,0.15452821212598494,0.31054319764424687,0,0,0.9827492478057509,-0.01740128007781369,5.419365998850415,1.151469654117563,0.037131307105779866,-0.02589433150930341,ood_deep
dr_1580,ood_deep_1580,8.3451632158862,11.271014268019847,2.9258510521336465,2.3557185417546553,5.446211206123032,0.7360944794342021,0.2560974361116675,0.09690190635818556,0,0,0.9852808903606792,-0.01482851058381717,10.744358338927851,1.576101467816136,0.03935550416067238,-0.02795844740787632,ood_deep
dr_1581,ood_deep_1581,9.071603058248357,12.535092880066474,3.4634898218181167,0.9826236235462276,4.027601039677759,0.6050464442927659,0.1094646901806464,0.3876152968494699,0,0,0.7189784292407861,-0.3299239227670613,6.660538243328839,0.6578309078910912,0.03544892969078005,0.059220498395329856,ood_deep
dr_1582,ood_deep_1582,10.033721273433096,13.880094192789716,3.84637291935662,1.0951887294908444,2.4095350163009925,0.38193324201958767,0.30617863205718654,0.1339106924330466,0,0,1.1400062559054758,0.13103375002772932,7.978367006887392,1.4078477194890628,0.050720266847606776,0.0629250174790353,ood_deep
dr_1583,ood_deep_1583,9.045618260921621,11.706974162799959,2.6613559018783377,2.9040454737362835,5.972632579653191,0.7761657989363948,0.4595215163682921,0.19190384296793747,1,0,0.762025233783197,-0.271775608642741,7.595863256447099,1.9366891230494432,0.009424570511666223,0.05226998596886492,ood_deep
dr_1584,ood_deep_1584,9.8668302066047,14.550953068084882,4.684122861480182,1.4831251525942495,1.3982491798296426,0.14558457325645252,0.0031648684499427497,0.11504064241219635,0,0,0.9384553504950056,-0.06351999947889472,8.159179596507471,1.399441889930402,0.02196354056495692,0.06416376016251636,ood_deep
dr_1585,ood_deep_1585,8.666395787225685,11.540477864978357,2.8740820777526714,3.519320500444342,3.12200309785925,0.4944333296625007,0.12093105778305335,0.19362017617568406,0,0,1.2010436167764493,0.1831908594878982,12.897105791897015,1.0027153907476287,0.04962470194881549,0.08579841749351279,ood_deep
dr_1586,ood_deep_1586,9.837025971589386,12.051735021034286,2.2147090494449007,3.115213305554271,2.8519402422817266,0.45514042134841465,0.4375390240232148,0.7304698271912718,1,1,1.1781956179562807,0.16398413082869873,9.510368669781517,1.0666765827767057,0.031158210822096365,-0.007545691742574914,ood_deep
dr_1587,ood_deep_1587,10.13192555226441,13.821410840958446,3.689485288694037,3.3162827668048873,7.29904601907611,0.8632661018019829,0.1070247908870384,0.19152357874846732,0,0,1.2866959156066065,0.252077626886995,8.047642684648368,1.7297720087322122,0.03156187348897058,-0.08672004625599734,ood_deep
dr_1588,ood_deep_1588,8.852490106440461,11.553922015020968,2.7014319085805063,1.049740838022472,2.846755833778988,0.4543502193106891,0.15391157825811025,0.09729957397559368,1,0,1.0728149008086023,0.07028594253149109,8.88930037111022,1.54524573013259,0.015054262885860217,0.00840514616141242,ood_deep
dr_1589,ood_deep_1589,8.26954145662414,11.630071743324411,3.3605302867002713,2.365470483201986,3.050936617859977,0.4844331854203198,0.50660810185305,0.5860588728963559,0,0,1.320189326344521,0.2777751553621964,8.311144361445713,1.7981094647552576,0.03443810110680615,0.025041339243752573,ood_deep
dr_1590,ood_deep_1590,10.147966008491279,13.250689060460934,3.1027230519696545,1.6890217550480702,1.569288166733711,0.19570269994838058,0.5481932385219787,0.17648625501961562,0,1,0.967910422436622,-0.03261573479268207,10.7363467894167,0.6001033045057498,0.057610059897709384,-0.011771221718780103,ood_deep
dr_1591,ood_deep_1591,9.439489083955346,14.086475223969176,4.64698614001383,3.0115317160403885,3.3207500988986722,0.5212361942515223,0.32525626503824134,0.2652683563822959,0,1,1.5634767728991066,0.44691204196857365,9.714693794967404,1.570705276483692,0.019820400914724912,0.07465056386809696,ood_deep
dr_1592,ood_deep_1592,10.356800157779487,13.329090948677912,2.972290790898425,1.0325986321516276,4.871509445886409,0.6876635489862907,0.25433572527703624,0.4916619117292417,0,0,1.0627320585158992,0.06084300598384068,9.359313267007082,1.1886696919488497,0.02603970112426169,-0.018024949777440503,ood_deep
dr_1593,ood_deep_1593,7.555644611098385,11.439135255343444,3.883490644245059,2.511157587331272,4.687483159055934,0.6709397204281025,0.10925845527686436,0.2570997782500912,0,0,1.0167810026986597,0.016641757298683724,15.039121945351173,1.818475069243332,0.06144333727376941,0.04380874109791895,ood_deep
dr_1594,ood_deep_1594,10.977683294863201,14.489006859324936,3.511323564461735,2.9141816847525304,2.5038397880954,0.3986065364504856,0.5683576057691357,0.3924762575452617,0,0,0.7277445331522829,-0.31780520837048976,10.336079146599866,0.703773842385407,0.03272117638954217,-0.05047306197633464,ood_deep
dr_1595,ood_deep_1595,12.653990141439133,14.715643627419428,2.0616534859802957,2.268242667156344,3.0110410343559035,0.4787166741022329,0.35613863263171064,0.34845881502830545,1,0,1.0812135093286999,0.07808403009672099,15.15942237050061,0.661250473150143,0.03151036701637505,-0.04295742096575051,ood_deep
dr_1596,ood_deep_1596,11.765256968337251,13.815722126208616,2.050465157871365,2.6890542638575905,4.348454092496799,0.6383348895008111,0.4782215149053384,0.032667333631177485,0,0,1.0303644730504347,0.0299125969793237,10.765522532182159,1.7221540478055664,0.033245923130285966,0.0005690800900441605,ood_deep
dr_1597,ood_deep_1597,11.048650334323849,14.206780551283057,3.158130216959208,2.2994305515784874,4.365728190731765,0.6400566931367521,0.10394906442482907,0.4317870258077514,0,0,1.1383603102447633,0.12958890267831336,10.861098841772446,1.3359554438594239,0.04515182156534262,0.0155459108918055,ood_deep
dr_1598,ood_deep_1598,8.873840120641528,12.205646749192496,3.331806628550968,3.5530102937904253,3.647421737815726,0.5619859820735315,0.11814772574992113,0.12717747520472475,0,0,0.7930991978574795,-0.23180697329486308,11.582457453688251,1.7402221595319194,0.031234849166775377,0.000422330148512306,ood_deep
dr_1599,ood_deep_1599,11.481332000732555,14.455280907017714,2.973948906285159,2.4732547575092405,2.212876099670073,0.3449570981857435,0.4418447935561708,0.15647064726361273,1,0,1.024173641328319,0.02388608385136211,9.282391192018427,1.3269966648691531,0.022566734252582887,-0.010597932662234244,ood_deep
