sample_id,dim,field_path,mask_path,readout_path,metadata_path,geometry_id,source_geometry_type,split_original,z_top,z_bottom,thickness,E_bg,E_lesion,contrast,operator_id,operator_metadata_path,array_index
basal_cell_carcinoma_BCN_0000016844__cancer_observed,2d,H:\My Drive\MN_simulation\magnetic_sensitivity_shape_ratio\packages\lesions\basal_cell_carcinoma_BCN_0000016844__cancer_observed\interp_mean_kpa.csv,H:\My Drive\MN_simulation\magnetic_sensitivity_shape_ratio\packages\lesions\basal_cell_carcinoma_BCN_0000016844__cancer_observed\interp_lesion_mask.csv,,H:\My Drive\Manuscript\Sparse reconstruction\Figure2_data_reconstruction_20260526\tables\lesion_case_inventory_metrics.csv,basal_cell_carcinoma_BCN_0000016844,clinical_mask,,,,,3.00000023841858,34.79068240994651,11.596893215010567,,,
basal_cell_carcinoma_BCN_0000016844__cancer_homogenized,2d,H:\My Drive\MN_simulation\magnetic_sensitivity_shape_ratio\packages\lesions\basal_cell_carcinoma_BCN_0000016844__cancer_homogenized\interp_mean_kpa.csv,H:\My Drive\MN_simulation\magnetic_sensitivity_shape_ratio\packages\lesions\basal_cell_carcinoma_BCN_0000016844__cancer_homogenized\interp_lesion_mask.csv,,H:\My Drive\Manuscript\Sparse reconstruction\Figure2_data_reconstruction_20260526\tables\lesion_case_inventory_metrics.csv,basal_cell_carcinoma_BCN_0000016844,clinical_mask,,,,,3.00000023841858,34.7906824099465,11.596893215010562,,,
basal_cell_carcinoma_BCN_0000016844__normal_3kPa,2d,H:\My Drive\MN_simulation\magnetic_sensitivity_shape_ratio\packages\lesions\basal_cell_carcinoma_BCN_0000016844__normal_3kPa\interp_mean_kpa.csv,H:\My Drive\MN_simulation\magnetic_sensitivity_shape_ratio\packages\lesions\basal_cell_carcinoma_BCN_0000016844__normal_3kPa\interp_lesion_mask.csv,,H:\My Drive\Manuscript\Sparse reconstruction\Figure2_data_reconstruction_20260526\tables\lesion_case_inventory_metrics.csv,basal_cell_carcinoma_BCN_0000016844,clinical_mask,,,,,3.0,3.0,1.0,,,
basal_cell_carcinoma_BCN_0000016844__normal_9p5kPa,2d,H:\My Drive\MN_simulation\magnetic_sensitivity_shape_ratio\packages\lesions\basal_cell_carcinoma_BCN_0000016844__normal_9p5kPa\interp_mean_kpa.csv,H:\My Drive\MN_simulation\magnetic_sensitivity_shape_ratio\packages\lesions\basal_cell_carcinoma_BCN_0000016844__normal_9p5kPa\interp_lesion_mask.csv,,H:\My Drive\Manuscript\Sparse reconstruction\Figure2_data_reconstruction_20260526\tables\lesion_case_inventory_metrics.csv,basal_cell_carcinoma_BCN_0000016844,clinical_mask,,,,,9.5,9.5,1.0,,,
benign_nevi_BCN_0000002637__cancer_observed,2d,H:\My Drive\MN_simulation\magnetic_sensitivity_shape_ratio\packages\lesions\benign_nevi_BCN_0000002637__cancer_observed\interp_mean_kpa.csv,H:\My Drive\MN_simulation\magnetic_sensitivity_shape_ratio\packages\lesions\benign_nevi_BCN_0000002637__cancer_observed\interp_lesion_mask.csv,,H:\My Drive\Manuscript\Sparse reconstruction\Figure2_data_reconstruction_20260526\tables\lesion_case_inventory_metrics.csv,benign_nevi_BCN_0000002637,clinical_mask,,,,,3.00000023841858,22.421188148416103,7.473728788846766,,,
benign_nevi_BCN_0000002637__cancer_homogenized,2d,H:\My Drive\MN_simulation\magnetic_sensitivity_shape_ratio\packages\lesions\benign_nevi_BCN_0000002637__cancer_homogenized\interp_mean_kpa.csv,H:\My Drive\MN_simulation\magnetic_sensitivity_shape_ratio\packages\lesions\benign_nevi_BCN_0000002637__cancer_homogenized\interp_lesion_mask.csv,,H:\My Drive\Manuscript\Sparse reconstruction\Figure2_data_reconstruction_20260526\tables\lesion_case_inventory_metrics.csv,benign_nevi_BCN_0000002637,clinical_mask,,,,,3.00000023841858,22.4211881484161,7.473728788846765,,,
benign_nevi_BCN_0000002637__normal_3kPa,2d,H:\My Drive\MN_simulation\magnetic_sensitivity_shape_ratio\packages\lesions\benign_nevi_BCN_0000002637__normal_3kPa\interp_mean_kpa.csv,H:\My Drive\MN_simulation\magnetic_sensitivity_shape_ratio\packages\lesions\benign_nevi_BCN_0000002637__normal_3kPa\interp_lesion_mask.csv,,H:\My Drive\Manuscript\Sparse reconstruction\Figure2_data_reconstruction_20260526\tables\lesion_case_inventory_metrics.csv,benign_nevi_BCN_0000002637,clinical_mask,,,,,3.0,3.0,1.0,,,
benign_nevi_BCN_0000002637__normal_9p5kPa,2d,H:\My Drive\MN_simulation\magnetic_sensitivity_shape_ratio\packages\lesions\benign_nevi_BCN_0000002637__normal_9p5kPa\interp_mean_kpa.csv,H:\My Drive\MN_simulation\magnetic_sensitivity_shape_ratio\packages\lesions\benign_nevi_BCN_0000002637__normal_9p5kPa\interp_lesion_mask.csv,,H:\My Drive\Manuscript\Sparse reconstruction\Figure2_data_reconstruction_20260526\tables\lesion_case_inventory_metrics.csv,benign_nevi_BCN_0000002637,clinical_mask,,,,,9.5,9.5,1.0,,,
melanoma_BCN_0000018489__cancer_observed,2d,H:\My Drive\MN_simulation\magnetic_sensitivity_shape_ratio\packages\lesions\melanoma_BCN_0000018489__cancer_observed\interp_mean_kpa.csv,H:\My Drive\MN_simulation\magnetic_sensitivity_shape_ratio\packages\lesions\melanoma_BCN_0000018489__cancer_observed\interp_lesion_mask.csv,,H:\My Drive\Manuscript\Sparse reconstruction\Figure2_data_reconstruction_20260526\tables\lesion_case_inventory_metrics.csv,melanoma_BCN_0000018489,clinical_mask,,,,,3.00000023841858,24.52131932804435,8.173772459755043,,,
melanoma_BCN_0000018489__cancer_homogenized,2d,H:\My Drive\MN_simulation\magnetic_sensitivity_shape_ratio\packages\lesions\melanoma_BCN_0000018489__cancer_homogenized\interp_mean_kpa.csv,H:\My Drive\MN_simulation\magnetic_sensitivity_shape_ratio\packages\lesions\melanoma_BCN_0000018489__cancer_homogenized\interp_lesion_mask.csv,,H:\My Drive\Manuscript\Sparse reconstruction\Figure2_data_reconstruction_20260526\tables\lesion_case_inventory_metrics.csv,melanoma_BCN_0000018489,clinical_mask,,,,,3.00000023841858,24.521319328044296,8.173772459755025,,,
melanoma_BCN_0000018489__normal_3kPa,2d,H:\My Drive\MN_simulation\magnetic_sensitivity_shape_ratio\packages\lesions\melanoma_BCN_0000018489__normal_3kPa\interp_mean_kpa.csv,H:\My Drive\MN_simulation\magnetic_sensitivity_shape_ratio\packages\lesions\melanoma_BCN_0000018489__normal_3kPa\interp_lesion_mask.csv,,H:\My Drive\Manuscript\Sparse reconstruction\Figure2_data_reconstruction_20260526\tables\lesion_case_inventory_metrics.csv,melanoma_BCN_0000018489,clinical_mask,,,,,3.0,3.0,1.0,,,
melanoma_BCN_0000018489__normal_9p5kPa,2d,H:\My Drive\MN_simulation\magnetic_sensitivity_shape_ratio\packages\lesions\melanoma_BCN_0000018489__normal_9p5kPa\interp_mean_kpa.csv,H:\My Drive\MN_simulation\magnetic_sensitivity_shape_ratio\packages\lesions\melanoma_BCN_0000018489__normal_9p5kPa\interp_lesion_mask.csv,,H:\My Drive\Manuscript\Sparse reconstruction\Figure2_data_reconstruction_20260526\tables\lesion_case_inventory_metrics.csv,melanoma_BCN_0000018489,clinical_mask,,,,,9.5,9.5,1.0,,,
squamous_cell_carcinoma_BCN_0000004833__cancer_observed,2d,H:\My Drive\MN_simulation\magnetic_sensitivity_shape_ratio\packages\lesions\squamous_cell_carcinoma_BCN_0000004833__cancer_observed\interp_mean_kpa.csv,H:\My Drive\MN_simulation\magnetic_sensitivity_shape_ratio\packages\lesions\squamous_cell_carcinoma_BCN_0000004833__cancer_observed\interp_lesion_mask.csv,,H:\My Drive\Manuscript\Sparse reconstruction\Figure2_data_reconstruction_20260526\tables\lesion_case_inventory_metrics.csv,squamous_cell_carcinoma_BCN_0000004833,clinical_mask,,,,,3.00000023841858,85.92716858999867,28.642387253707124,,,
squamous_cell_carcinoma_BCN_0000004833__cancer_homogenized,2d,H:\My Drive\MN_simulation\magnetic_sensitivity_shape_ratio\packages\lesions\squamous_cell_carcinoma_BCN_0000004833__cancer_homogenized\interp_mean_kpa.csv,H:\My Drive\MN_simulation\magnetic_sensitivity_shape_ratio\packages\lesions\squamous_cell_carcinoma_BCN_0000004833__cancer_homogenized\interp_lesion_mask.csv,,H:\My Drive\Manuscript\Sparse reconstruction\Figure2_data_reconstruction_20260526\tables\lesion_case_inventory_metrics.csv,squamous_cell_carcinoma_BCN_0000004833,clinical_mask,,,,,3.00000023841858,85.9271685899987,28.64238725370713,,,
squamous_cell_carcinoma_BCN_0000004833__normal_3kPa,2d,H:\My Drive\MN_simulation\magnetic_sensitivity_shape_ratio\packages\lesions\squamous_cell_carcinoma_BCN_0000004833__normal_3kPa\interp_mean_kpa.csv,H:\My Drive\MN_simulation\magnetic_sensitivity_shape_ratio\packages\lesions\squamous_cell_carcinoma_BCN_0000004833__normal_3kPa\interp_lesion_mask.csv,,H:\My Drive\Manuscript\Sparse reconstruction\Figure2_data_reconstruction_20260526\tables\lesion_case_inventory_metrics.csv,squamous_cell_carcinoma_BCN_0000004833,clinical_mask,,,,,3.0,3.0,1.0,,,
squamous_cell_carcinoma_BCN_0000004833__normal_9p5kPa,2d,H:\My Drive\MN_simulation\magnetic_sensitivity_shape_ratio\packages\lesions\squamous_cell_carcinoma_BCN_0000004833__normal_9p5kPa\interp_mean_kpa.csv,H:\My Drive\MN_simulation\magnetic_sensitivity_shape_ratio\packages\lesions\squamous_cell_carcinoma_BCN_0000004833__normal_9p5kPa\interp_lesion_mask.csv,,H:\My Drive\Manuscript\Sparse reconstruction\Figure2_data_reconstruction_20260526\tables\lesion_case_inventory_metrics.csv,squamous_cell_carcinoma_BCN_0000004833,clinical_mask,,,,,9.5,9.5,1.0,,,
midas_lesion_619,2d,H:\My Drive\MN_simulation\Clincal_ontology\Image_export\lesions\midas_lesion_619\interp_mean_kpa.csv,H:\My Drive\MN_simulation\Clincal_ontology\Image_export\lesions\midas_lesion_619\interp_lesion_mask.csv,,H:\My Drive\Manuscript\Sparse reconstruction\Figure2_data_reconstruction_20260526\tables\lesion_case_inventory_metrics.csv,midas_lesion_619,clinical_mask,,,,,71.81391906738281,189.2799053537137,2.6356994272393472,,,
midas_lesion_626,2d,H:\My Drive\MN_simulation\Clincal_ontology\Image_export\lesions\midas_lesion_626\interp_mean_kpa.csv,H:\My Drive\MN_simulation\Clincal_ontology\Image_export\lesions\midas_lesion_626\interp_lesion_mask.csv,,H:\My Drive\Manuscript\Sparse reconstruction\Figure2_data_reconstruction_20260526\tables\lesion_case_inventory_metrics.csv,midas_lesion_626,clinical_mask,,,,,73.73615264892578,179.82700844698175,2.4387902268671127,,,
midas_lesion_536,2d,H:\My Drive\MN_simulation\Clincal_ontology\Image_export\lesions\midas_lesion_536\interp_mean_kpa.csv,H:\My Drive\MN_simulation\Clincal_ontology\Image_export\lesions\midas_lesion_536\interp_lesion_mask.csv,,H:\My Drive\Manuscript\Sparse reconstruction\Figure2_data_reconstruction_20260526\tables\lesion_case_inventory_metrics.csv,midas_lesion_536,clinical_mask,,,,,72.50569915771484,181.6675486897313,2.5055623323425507,,,
midas_lesion_564,2d,H:\My Drive\MN_simulation\Clincal_ontology\Image_export\lesions\midas_lesion_564\interp_mean_kpa.csv,H:\My Drive\MN_simulation\Clincal_ontology\Image_export\lesions\midas_lesion_564\interp_lesion_mask.csv,,H:\My Drive\Manuscript\Sparse reconstruction\Figure2_data_reconstruction_20260526\tables\lesion_case_inventory_metrics.csv,midas_lesion_564,clinical_mask,,,,,73.52970123291016,201.6974701105162,2.7430747946551044,,,
midas_lesion_544,2d,H:\My Drive\MN_simulation\Clincal_ontology\Image_export\lesions\midas_lesion_544\interp_mean_kpa.csv,H:\My Drive\MN_simulation\Clincal_ontology\Image_export\lesions\midas_lesion_544\interp_lesion_mask.csv,,H:\My Drive\Manuscript\Sparse reconstruction\Figure2_data_reconstruction_20260526\tables\lesion_case_inventory_metrics.csv,midas_lesion_544,clinical_mask,,,,,75.05059051513672,171.67422030939304,2.2874466294141764,,,
midas_lesion_486,2d,H:\My Drive\MN_simulation\Clincal_ontology\Image_export\lesions\midas_lesion_486\interp_mean_kpa.csv,H:\My Drive\MN_simulation\Clincal_ontology\Image_export\lesions\midas_lesion_486\interp_lesion_mask.csv,,H:\My Drive\Manuscript\Sparse reconstruction\Figure2_data_reconstruction_20260526\tables\lesion_case_inventory_metrics.csv,midas_lesion_486,clinical_mask,,,,,74.83599853515625,180.7619436101396,2.415441059762458,,,
midas_lesion_442,2d,H:\My Drive\MN_simulation\Clincal_ontology\Image_export\lesions\midas_lesion_442\interp_mean_kpa.csv,H:\My Drive\MN_simulation\Clincal_ontology\Image_export\lesions\midas_lesion_442\interp_lesion_mask.csv,,H:\My Drive\Manuscript\Sparse reconstruction\Figure2_data_reconstruction_20260526\tables\lesion_case_inventory_metrics.csv,midas_lesion_442,clinical_mask,,,,,73.93870544433594,191.91753283951635,2.595630146432569,,,
midas_lesion_415,2d,H:\My Drive\MN_simulation\Clincal_ontology\Image_export\lesions\midas_lesion_415\interp_mean_kpa.csv,H:\My Drive\MN_simulation\Clincal_ontology\Image_export\lesions\midas_lesion_415\interp_lesion_mask.csv,,H:\My Drive\Manuscript\Sparse reconstruction\Figure2_data_reconstruction_20260526\tables\lesion_case_inventory_metrics.csv,midas_lesion_415,clinical_mask,,,,,74.1078872680664,178.2635418302945,2.405459774955823,,,
midas_lesion_357,2d,H:\My Drive\MN_simulation\Clincal_ontology\Image_export\lesions\midas_lesion_357\interp_mean_kpa.csv,H:\My Drive\MN_simulation\Clincal_ontology\Image_export\lesions\midas_lesion_357\interp_lesion_mask.csv,,H:\My Drive\Manuscript\Sparse reconstruction\Figure2_data_reconstruction_20260526\tables\lesion_case_inventory_metrics.csv,midas_lesion_357,clinical_mask,,,,,72.48716735839844,205.92556326025831,2.840855433653521,,,
midas_lesion_300,2d,H:\My Drive\MN_simulation\Clincal_ontology\Image_export\lesions\midas_lesion_300\interp_mean_kpa.csv,H:\My Drive\MN_simulation\Clincal_ontology\Image_export\lesions\midas_lesion_300\interp_lesion_mask.csv,,H:\My Drive\Manuscript\Sparse reconstruction\Figure2_data_reconstruction_20260526\tables\lesion_case_inventory_metrics.csv,midas_lesion_300,clinical_mask,,,,,74.26590728759766,189.10343176080275,2.546302047162667,,,
midas_lesion_289,2d,H:\My Drive\MN_simulation\Clincal_ontology\Image_export\lesions\midas_lesion_289\interp_mean_kpa.csv,H:\My Drive\MN_simulation\Clincal_ontology\Image_export\lesions\midas_lesion_289\interp_lesion_mask.csv,,H:\My Drive\Manuscript\Sparse reconstruction\Figure2_data_reconstruction_20260526\tables\lesion_case_inventory_metrics.csv,midas_lesion_289,clinical_mask,,,,,75.11048889160156,176.9051135947846,2.3552651061836607,,,
midas_lesion_277,2d,H:\My Drive\MN_simulation\Clincal_ontology\Image_export\lesions\midas_lesion_277\interp_mean_kpa.csv,H:\My Drive\MN_simulation\Clincal_ontology\Image_export\lesions\midas_lesion_277\interp_lesion_mask.csv,,H:\My Drive\Manuscript\Sparse reconstruction\Figure2_data_reconstruction_20260526\tables\lesion_case_inventory_metrics.csv,midas_lesion_277,clinical_mask,,,,,74.88233184814453,185.5353360533406,2.47769175283686,,,
midas_lesion_259,2d,H:\My Drive\MN_simulation\Clincal_ontology\Image_export\lesions\midas_lesion_259\interp_mean_kpa.csv,H:\My Drive\MN_simulation\Clincal_ontology\Image_export\lesions\midas_lesion_259\interp_lesion_mask.csv,,H:\My Drive\Manuscript\Sparse reconstruction\Figure2_data_reconstruction_20260526\tables\lesion_case_inventory_metrics.csv,midas_lesion_259,clinical_mask,,,,,74.05288696289062,172.33599931386706,2.327201630913162,,,
midas_lesion_275,2d,H:\My Drive\MN_simulation\Clincal_ontology\Image_export\lesions\midas_lesion_275\interp_mean_kpa.csv,H:\My Drive\MN_simulation\Clincal_ontology\Image_export\lesions\midas_lesion_275\interp_lesion_mask.csv,,H:\My Drive\Manuscript\Sparse reconstruction\Figure2_data_reconstruction_20260526\tables\lesion_case_inventory_metrics.csv,midas_lesion_275,clinical_mask,,,,,72.94979858398438,177.8571820714985,2.4380763966981784,,,
midas_lesion_234,2d,H:\My Drive\MN_simulation\Clincal_ontology\Image_export\lesions\midas_lesion_234\interp_mean_kpa.csv,H:\My Drive\MN_simulation\Clincal_ontology\Image_export\lesions\midas_lesion_234\interp_lesion_mask.csv,,H:\My Drive\Manuscript\Sparse reconstruction\Figure2_data_reconstruction_20260526\tables\lesion_case_inventory_metrics.csv,midas_lesion_234,clinical_mask,,,,,74.39509582519531,185.9285388325536,2.499204238803942,,,
midas_lesion_226,2d,H:\My Drive\MN_simulation\Clincal_ontology\Image_export\lesions\midas_lesion_226\interp_mean_kpa.csv,H:\My Drive\MN_simulation\Clincal_ontology\Image_export\lesions\midas_lesion_226\interp_lesion_mask.csv,,H:\My Drive\Manuscript\Sparse reconstruction\Figure2_data_reconstruction_20260526\tables\lesion_case_inventory_metrics.csv,midas_lesion_226,clinical_mask,,,,,74.80931091308594,177.84188230647598,2.377269355055203,,,
midas_lesion_218,2d,H:\My Drive\MN_simulation\Clincal_ontology\Image_export\lesions\midas_lesion_218\interp_mean_kpa.csv,H:\My Drive\MN_simulation\Clincal_ontology\Image_export\lesions\midas_lesion_218\interp_lesion_mask.csv,,H:\My Drive\Manuscript\Sparse reconstruction\Figure2_data_reconstruction_20260526\tables\lesion_case_inventory_metrics.csv,midas_lesion_218,clinical_mask,,,,,73.4294204711914,193.52424567367987,2.635513727765362,,,
midas_lesion_143,2d,H:\My Drive\MN_simulation\Clincal_ontology\Image_export\lesions\midas_lesion_143\interp_mean_kpa.csv,H:\My Drive\MN_simulation\Clincal_ontology\Image_export\lesions\midas_lesion_143\interp_lesion_mask.csv,,H:\My Drive\Manuscript\Sparse reconstruction\Figure2_data_reconstruction_20260526\tables\lesion_case_inventory_metrics.csv,midas_lesion_143,clinical_mask,,,,,72.62757110595703,173.14584885826406,2.384023673401661,,,
midas_lesion_178,2d,H:\My Drive\MN_simulation\Clincal_ontology\Image_export\lesions\midas_lesion_178\interp_mean_kpa.csv,H:\My Drive\MN_simulation\Clincal_ontology\Image_export\lesions\midas_lesion_178\interp_lesion_mask.csv,,H:\My Drive\Manuscript\Sparse reconstruction\Figure2_data_reconstruction_20260526\tables\lesion_case_inventory_metrics.csv,midas_lesion_178,clinical_mask,,,,,71.99722290039062,185.3748965596044,2.574750651369896,,,
midas_lesion_140,2d,H:\My Drive\MN_simulation\Clincal_ontology\Image_export\lesions\midas_lesion_140\interp_mean_kpa.csv,H:\My Drive\MN_simulation\Clincal_ontology\Image_export\lesions\midas_lesion_140\interp_lesion_mask.csv,,H:\My Drive\Manuscript\Sparse reconstruction\Figure2_data_reconstruction_20260526\tables\lesion_case_inventory_metrics.csv,midas_lesion_140,clinical_mask,,,,,72.0247573852539,187.13120769530303,2.598151170358758,,,
midas_lesion_138,2d,H:\My Drive\MN_simulation\Clincal_ontology\Image_export\lesions\midas_lesion_138\interp_mean_kpa.csv,H:\My Drive\MN_simulation\Clincal_ontology\Image_export\lesions\midas_lesion_138\interp_lesion_mask.csv,,H:\My Drive\Manuscript\Sparse reconstruction\Figure2_data_reconstruction_20260526\tables\lesion_case_inventory_metrics.csv,midas_lesion_138,clinical_mask,,,,,74.18177795410156,201.42452779173544,2.715283097101861,,,
midas_lesion_76,2d,H:\My Drive\MN_simulation\Clincal_ontology\Image_export\lesions\midas_lesion_76\interp_mean_kpa.csv,H:\My Drive\MN_simulation\Clincal_ontology\Image_export\lesions\midas_lesion_76\interp_lesion_mask.csv,,H:\My Drive\Manuscript\Sparse reconstruction\Figure2_data_reconstruction_20260526\tables\lesion_case_inventory_metrics.csv,midas_lesion_76,clinical_mask,,,,,74.59484100341797,168.2537401775981,2.2555680515478094,,,
midas_lesion_69,2d,H:\My Drive\MN_simulation\Clincal_ontology\Image_export\lesions\midas_lesion_69\interp_mean_kpa.csv,H:\My Drive\MN_simulation\Clincal_ontology\Image_export\lesions\midas_lesion_69\interp_lesion_mask.csv,,H:\My Drive\Manuscript\Sparse reconstruction\Figure2_data_reconstruction_20260526\tables\lesion_case_inventory_metrics.csv,midas_lesion_69,clinical_mask,,,,,73.48416900634766,177.8045065236646,2.419630090779221,,,
midas_lesion_640,2d,H:\My Drive\MN_simulation\Clincal_ontology\Image_export\lesions\midas_lesion_640\interp_mean_kpa.csv,H:\My Drive\MN_simulation\Clincal_ontology\Image_export\lesions\midas_lesion_640\interp_lesion_mask.csv,,H:\My Drive\Manuscript\Sparse reconstruction\Figure2_data_reconstruction_20260526\tables\lesion_case_inventory_metrics.csv,midas_lesion_640,clinical_mask,,,,,75.23422241210938,185.5080113571128,2.4657397313280955,,,
midas_lesion_647,2d,H:\My Drive\MN_simulation\Clincal_ontology\Image_export\lesions\midas_lesion_647\interp_mean_kpa.csv,H:\My Drive\MN_simulation\Clincal_ontology\Image_export\lesions\midas_lesion_647\interp_lesion_mask.csv,,H:\My Drive\Manuscript\Sparse reconstruction\Figure2_data_reconstruction_20260526\tables\lesion_case_inventory_metrics.csv,midas_lesion_647,clinical_mask,,,,,71.55779266357422,186.7572664364364,2.609880202907702,,,
midas_lesion_755,2d,H:\My Drive\MN_simulation\Clincal_ontology\Image_export\lesions\midas_lesion_755\interp_mean_kpa.csv,H:\My Drive\MN_simulation\Clincal_ontology\Image_export\lesions\midas_lesion_755\interp_lesion_mask.csv,,H:\My Drive\Manuscript\Sparse reconstruction\Figure2_data_reconstruction_20260526\tables\lesion_case_inventory_metrics.csv,midas_lesion_755,clinical_mask,,,,,74.81333923339844,175.67008295970984,2.3481117773885782,,,
midas_lesion_805,2d,H:\My Drive\MN_simulation\Clincal_ontology\Image_export\lesions\midas_lesion_805\interp_mean_kpa.csv,H:\My Drive\MN_simulation\Clincal_ontology\Image_export\lesions\midas_lesion_805\interp_lesion_mask.csv,,H:\My Drive\Manuscript\Sparse reconstruction\Figure2_data_reconstruction_20260526\tables\lesion_case_inventory_metrics.csv,midas_lesion_805,clinical_mask,,,,,75.12617492675781,187.5901389898256,2.4970010675069165,,,
ph2_lesion_IMD057,2d,H:\My Drive\MN_simulation\Clincal_ontology\Image_export\lesions\ph2_lesion_IMD057\interp_mean_kpa.csv,H:\My Drive\MN_simulation\Clincal_ontology\Image_export\lesions\ph2_lesion_IMD057\interp_lesion_mask.csv,,H:\My Drive\Manuscript\Sparse reconstruction\Figure2_data_reconstruction_20260526\tables\lesion_case_inventory_metrics.csv,ph2_lesion_IMD057,clinical_mask,,,,,78.73936462402344,185.4424686776883,2.355143066789616,,,
ph2_lesion_IMD078,2d,H:\My Drive\MN_simulation\Clincal_ontology\Image_export\lesions\ph2_lesion_IMD078\interp_mean_kpa.csv,H:\My Drive\MN_simulation\Clincal_ontology\Image_export\lesions\ph2_lesion_IMD078\interp_lesion_mask.csv,,H:\My Drive\Manuscript\Sparse reconstruction\Figure2_data_reconstruction_20260526\tables\lesion_case_inventory_metrics.csv,ph2_lesion_IMD078,clinical_mask,,,,,72.09097290039062,184.63848624611396,2.5611873278674184,,,
ph2_lesion_IMD031,2d,H:\My Drive\MN_simulation\Clincal_ontology\Image_export\lesions\ph2_lesion_IMD031\interp_mean_kpa.csv,H:\My Drive\MN_simulation\Clincal_ontology\Image_export\lesions\ph2_lesion_IMD031\interp_lesion_mask.csv,,H:\My Drive\Manuscript\Sparse reconstruction\Figure2_data_reconstruction_20260526\tables\lesion_case_inventory_metrics.csv,ph2_lesion_IMD031,clinical_mask,,,,,74.89350891113281,183.17994721484123,2.4458721440358606,,,
ph2_lesion_IMD256,2d,H:\My Drive\MN_simulation\Clincal_ontology\Image_export\lesions\ph2_lesion_IMD256\interp_mean_kpa.csv,H:\My Drive\MN_simulation\Clincal_ontology\Image_export\lesions\ph2_lesion_IMD256\interp_lesion_mask.csv,,H:\My Drive\Manuscript\Sparse reconstruction\Figure2_data_reconstruction_20260526\tables\lesion_case_inventory_metrics.csv,ph2_lesion_IMD256,clinical_mask,,,,,75.6025161743164,186.6913614100572,2.469380264799702,,,
isic2018_lesion_ISIC_0034753,2d,H:\My Drive\MN_simulation\Clincal_ontology\Image_export\lesions\isic2018_lesion_ISIC_0034753\interp_mean_kpa.csv,H:\My Drive\MN_simulation\Clincal_ontology\Image_export\lesions\isic2018_lesion_ISIC_0034753\interp_lesion_mask.csv,,H:\My Drive\Manuscript\Sparse reconstruction\Figure2_data_reconstruction_20260526\tables\lesion_case_inventory_metrics.csv,isic2018_lesion_ISIC_0034753,clinical_mask,,,,,73.65019989013672,146.22148256523664,1.9853507904032004,,,
isic2018_lesion_ISIC_0034870,2d,H:\My Drive\MN_simulation\Clincal_ontology\Image_export\lesions\isic2018_lesion_ISIC_0034870\interp_mean_kpa.csv,H:\My Drive\MN_simulation\Clincal_ontology\Image_export\lesions\isic2018_lesion_ISIC_0034870\interp_lesion_mask.csv,,H:\My Drive\Manuscript\Sparse reconstruction\Figure2_data_reconstruction_20260526\tables\lesion_case_inventory_metrics.csv,isic2018_lesion_ISIC_0034870,clinical_mask,,,,,73.70065307617188,140.09557992112113,1.9008729783754843,,,
isic2018_lesion_ISIC_0034748,2d,H:\My Drive\MN_simulation\Clincal_ontology\Image_export\lesions\isic2018_lesion_ISIC_0034748\interp_mean_kpa.csv,H:\My Drive\MN_simulation\Clincal_ontology\Image_export\lesions\isic2018_lesion_ISIC_0034748\interp_lesion_mask.csv,,H:\My Drive\Manuscript\Sparse reconstruction\Figure2_data_reconstruction_20260526\tables\lesion_case_inventory_metrics.csv,isic2018_lesion_ISIC_0034748,clinical_mask,,,,,74.2966537475586,158.5962195581244,2.134634758881532,,,
isic2018_lesion_ISIC_0034585,2d,H:\My Drive\MN_simulation\Clincal_ontology\Image_export\lesions\isic2018_lesion_ISIC_0034585\interp_mean_kpa.csv,H:\My Drive\MN_simulation\Clincal_ontology\Image_export\lesions\isic2018_lesion_ISIC_0034585\interp_lesion_mask.csv,,H:\My Drive\Manuscript\Sparse reconstruction\Figure2_data_reconstruction_20260526\tables\lesion_case_inventory_metrics.csv,isic2018_lesion_ISIC_0034585,clinical_mask,,,,,77.29214477539062,163.93575626935146,2.120988578409169,,,
isic2018_lesion_ISIC_0034733,2d,H:\My Drive\MN_simulation\Clincal_ontology\Image_export\lesions\isic2018_lesion_ISIC_0034733\interp_mean_kpa.csv,H:\My Drive\MN_simulation\Clincal_ontology\Image_export\lesions\isic2018_lesion_ISIC_0034733\interp_lesion_mask.csv,,H:\My Drive\Manuscript\Sparse reconstruction\Figure2_data_reconstruction_20260526\tables\lesion_case_inventory_metrics.csv,isic2018_lesion_ISIC_0034733,clinical_mask,,,,,75.58960723876953,152.02994817295124,2.0112546383886465,,,
isic2018_lesion_ISIC_0034669,2d,H:\My Drive\MN_simulation\Clincal_ontology\Image_export\lesions\isic2018_lesion_ISIC_0034669\interp_mean_kpa.csv,H:\My Drive\MN_simulation\Clincal_ontology\Image_export\lesions\isic2018_lesion_ISIC_0034669\interp_lesion_mask.csv,,H:\My Drive\Manuscript\Sparse reconstruction\Figure2_data_reconstruction_20260526\tables\lesion_case_inventory_metrics.csv,isic2018_lesion_ISIC_0034669,clinical_mask,,,,,76.04106903076172,147.31671181020812,1.937330888267924,,,
isic2018_lesion_ISIC_0034579,2d,H:\My Drive\MN_simulation\Clincal_ontology\Image_export\lesions\isic2018_lesion_ISIC_0034579\interp_mean_kpa.csv,H:\My Drive\MN_simulation\Clincal_ontology\Image_export\lesions\isic2018_lesion_ISIC_0034579\interp_lesion_mask.csv,,H:\My Drive\Manuscript\Sparse reconstruction\Figure2_data_reconstruction_20260526\tables\lesion_case_inventory_metrics.csv,isic2018_lesion_ISIC_0034579,clinical_mask,,,,,73.91184997558594,143.71147621016786,1.9443631333492213,,,
isic2018_lesion_ISIC_0034538,2d,H:\My Drive\MN_simulation\Clincal_ontology\Image_export\lesions\isic2018_lesion_ISIC_0034538\interp_mean_kpa.csv,H:\My Drive\MN_simulation\Clincal_ontology\Image_export\lesions\isic2018_lesion_ISIC_0034538\interp_lesion_mask.csv,,H:\My Drive\Manuscript\Sparse reconstruction\Figure2_data_reconstruction_20260526\tables\lesion_case_inventory_metrics.csv,isic2018_lesion_ISIC_0034538,clinical_mask,,,,,72.8926010131836,183.83629980752636,2.5220159145408614,,,
ph2_lesion_IMD437,2d,H:\My Drive\MN_simulation\Clincal_ontology\Image_export\lesions\ph2_lesion_IMD437\interp_mean_kpa.csv,H:\My Drive\MN_simulation\Clincal_ontology\Image_export\lesions\ph2_lesion_IMD437\interp_lesion_mask.csv,,H:\My Drive\Manuscript\Sparse reconstruction\Figure2_data_reconstruction_20260526\tables\lesion_case_inventory_metrics.csv,ph2_lesion_IMD437,clinical_mask,,,,,72.7990951538086,180.4153726168689,2.4782639431944946,,,
ph2_lesion_IMD433,2d,H:\My Drive\MN_simulation\Clincal_ontology\Image_export\lesions\ph2_lesion_IMD433\interp_mean_kpa.csv,H:\My Drive\MN_simulation\Clincal_ontology\Image_export\lesions\ph2_lesion_IMD433\interp_lesion_mask.csv,,H:\My Drive\Manuscript\Sparse reconstruction\Figure2_data_reconstruction_20260526\tables\lesion_case_inventory_metrics.csv,ph2_lesion_IMD433,clinical_mask,,,,,70.8724594116211,185.7409973834528,2.6207782109646462,,,
ph2_lesion_IMD430,2d,H:\My Drive\MN_simulation\Clincal_ontology\Image_export\lesions\ph2_lesion_IMD430\interp_mean_kpa.csv,H:\My Drive\MN_simulation\Clincal_ontology\Image_export\lesions\ph2_lesion_IMD430\interp_lesion_mask.csv,,H:\My Drive\Manuscript\Sparse reconstruction\Figure2_data_reconstruction_20260526\tables\lesion_case_inventory_metrics.csv,ph2_lesion_IMD430,clinical_mask,,,,,72.6790542602539,185.90152919877715,2.557841885683994,,,
ph2_lesion_IMD370,2d,H:\My Drive\MN_simulation\Clincal_ontology\Image_export\lesions\ph2_lesion_IMD370\interp_mean_kpa.csv,H:\My Drive\MN_simulation\Clincal_ontology\Image_export\lesions\ph2_lesion_IMD370\interp_lesion_mask.csv,,H:\My Drive\Manuscript\Sparse reconstruction\Figure2_data_reconstruction_20260526\tables\lesion_case_inventory_metrics.csv,ph2_lesion_IMD370,clinical_mask,,,,,72.43589782714844,181.79049264676195,2.509674044222701,,,
ph2_lesion_IMD398,2d,H:\My Drive\MN_simulation\Clincal_ontology\Image_export\lesions\ph2_lesion_IMD398\interp_mean_kpa.csv,H:\My Drive\MN_simulation\Clincal_ontology\Image_export\lesions\ph2_lesion_IMD398\interp_lesion_mask.csv,,H:\My Drive\Manuscript\Sparse reconstruction\Figure2_data_reconstruction_20260526\tables\lesion_case_inventory_metrics.csv,ph2_lesion_IMD398,clinical_mask,,,,,74.25086212158203,174.40757094982058,2.348896241288579,,,
ph2_lesion_IMD278,2d,H:\My Drive\MN_simulation\Clincal_ontology\Image_export\lesions\ph2_lesion_IMD278\interp_mean_kpa.csv,H:\My Drive\MN_simulation\Clincal_ontology\Image_export\lesions\ph2_lesion_IMD278\interp_lesion_mask.csv,,H:\My Drive\Manuscript\Sparse reconstruction\Figure2_data_reconstruction_20260526\tables\lesion_case_inventory_metrics.csv,ph2_lesion_IMD278,clinical_mask,,,,,71.17301940917969,176.39672656391943,2.478421289812081,,,
ph2_lesion_IMD312,2d,H:\My Drive\MN_simulation\Clincal_ontology\Image_export\lesions\ph2_lesion_IMD312\interp_mean_kpa.csv,H:\My Drive\MN_simulation\Clincal_ontology\Image_export\lesions\ph2_lesion_IMD312\interp_lesion_mask.csv,,H:\My Drive\Manuscript\Sparse reconstruction\Figure2_data_reconstruction_20260526\tables\lesion_case_inventory_metrics.csv,ph2_lesion_IMD312,clinical_mask,,,,,72.19912719726562,182.2424779887039,2.5241645579838243,,,
ph2_lesion_IMD331,2d,H:\My Drive\MN_simulation\Clincal_ontology\Image_export\lesions\ph2_lesion_IMD331\interp_mean_kpa.csv,H:\My Drive\MN_simulation\Clincal_ontology\Image_export\lesions\ph2_lesion_IMD331\interp_lesion_mask.csv,,H:\My Drive\Manuscript\Sparse reconstruction\Figure2_data_reconstruction_20260526\tables\lesion_case_inventory_metrics.csv,ph2_lesion_IMD331,clinical_mask,,,,,72.10826873779297,179.80088935280338,2.493485039928121,,,
isic2018_lesion_ISIC_0035372,2d,H:\My Drive\MN_simulation\Clincal_ontology\Image_export\lesions\isic2018_lesion_ISIC_0035372\interp_mean_kpa.csv,H:\My Drive\MN_simulation\Clincal_ontology\Image_export\lesions\isic2018_lesion_ISIC_0035372\interp_lesion_mask.csv,,H:\My Drive\Manuscript\Sparse reconstruction\Figure2_data_reconstruction_20260526\tables\lesion_case_inventory_metrics.csv,isic2018_lesion_ISIC_0035372,clinical_mask,,,,,74.30972290039062,165.68794460444488,2.229694017652889,,,
isic2018_lesion_ISIC_0035376,2d,H:\My Drive\MN_simulation\Clincal_ontology\Image_export\lesions\isic2018_lesion_ISIC_0035376\interp_mean_kpa.csv,H:\My Drive\MN_simulation\Clincal_ontology\Image_export\lesions\isic2018_lesion_ISIC_0035376\interp_lesion_mask.csv,,H:\My Drive\Manuscript\Sparse reconstruction\Figure2_data_reconstruction_20260526\tables\lesion_case_inventory_metrics.csv,isic2018_lesion_ISIC_0035376,clinical_mask,,,,,73.36946868896484,160.7688516030324,2.19122278620525,,,
isic2018_lesion_ISIC_0035317,2d,H:\My Drive\MN_simulation\Clincal_ontology\Image_export\lesions\isic2018_lesion_ISIC_0035317\interp_mean_kpa.csv,H:\My Drive\MN_simulation\Clincal_ontology\Image_export\lesions\isic2018_lesion_ISIC_0035317\interp_lesion_mask.csv,,H:\My Drive\Manuscript\Sparse reconstruction\Figure2_data_reconstruction_20260526\tables\lesion_case_inventory_metrics.csv,isic2018_lesion_ISIC_0035317,clinical_mask,,,,,74.7756118774414,145.71401723225912,1.9486837161705488,,,
isic2018_lesion_ISIC_0035348,2d,H:\My Drive\MN_simulation\Clincal_ontology\Image_export\lesions\isic2018_lesion_ISIC_0035348\interp_mean_kpa.csv,H:\My Drive\MN_simulation\Clincal_ontology\Image_export\lesions\isic2018_lesion_ISIC_0035348\interp_lesion_mask.csv,,H:\My Drive\Manuscript\Sparse reconstruction\Figure2_data_reconstruction_20260526\tables\lesion_case_inventory_metrics.csv,isic2018_lesion_ISIC_0035348,clinical_mask,,,,,73.02633666992188,150.78816908212903,2.064846409641081,,,
isic2018_lesion_ISIC_0035330,2d,H:\My Drive\MN_simulation\Clincal_ontology\Image_export\lesions\isic2018_lesion_ISIC_0035330\interp_mean_kpa.csv,H:\My Drive\MN_simulation\Clincal_ontology\Image_export\lesions\isic2018_lesion_ISIC_0035330\interp_lesion_mask.csv,,H:\My Drive\Manuscript\Sparse reconstruction\Figure2_data_reconstruction_20260526\tables\lesion_case_inventory_metrics.csv,isic2018_lesion_ISIC_0035330,clinical_mask,,,,,74.8415298461914,160.61963650607322,2.146129786980122,,,
isic2018_lesion_ISIC_0035368,2d,H:\My Drive\MN_simulation\Clincal_ontology\Image_export\lesions\isic2018_lesion_ISIC_0035368\interp_mean_kpa.csv,H:\My Drive\MN_simulation\Clincal_ontology\Image_export\lesions\isic2018_lesion_ISIC_0035368\interp_lesion_mask.csv,,H:\My Drive\Manuscript\Sparse reconstruction\Figure2_data_reconstruction_20260526\tables\lesion_case_inventory_metrics.csv,isic2018_lesion_ISIC_0035368,clinical_mask,,,,,75.18046569824219,148.94256334526594,1.9811338219570036,,,
isic2018_lesion_ISIC_0035149,2d,H:\My Drive\MN_simulation\Clincal_ontology\Image_export\lesions\isic2018_lesion_ISIC_0035149\interp_mean_kpa.csv,H:\My Drive\MN_simulation\Clincal_ontology\Image_export\lesions\isic2018_lesion_ISIC_0035149\interp_lesion_mask.csv,,H:\My Drive\Manuscript\Sparse reconstruction\Figure2_data_reconstruction_20260526\tables\lesion_case_inventory_metrics.csv,isic2018_lesion_ISIC_0035149,clinical_mask,,,,,73.6856460571289,154.8290357170795,2.101210262810747,,,
isic2018_lesion_ISIC_0035287,2d,H:\My Drive\MN_simulation\Clincal_ontology\Image_export\lesions\isic2018_lesion_ISIC_0035287\interp_mean_kpa.csv,H:\My Drive\MN_simulation\Clincal_ontology\Image_export\lesions\isic2018_lesion_ISIC_0035287\interp_lesion_mask.csv,,H:\My Drive\Manuscript\Sparse reconstruction\Figure2_data_reconstruction_20260526\tables\lesion_case_inventory_metrics.csv,isic2018_lesion_ISIC_0035287,clinical_mask,,,,,72.93978118896484,146.42591804681825,2.007490503261493,,,
isic2018_lesion_ISIC_0035210,2d,H:\My Drive\MN_simulation\Clincal_ontology\Image_export\lesions\isic2018_lesion_ISIC_0035210\interp_mean_kpa.csv,H:\My Drive\MN_simulation\Clincal_ontology\Image_export\lesions\isic2018_lesion_ISIC_0035210\interp_lesion_mask.csv,,H:\My Drive\Manuscript\Sparse reconstruction\Figure2_data_reconstruction_20260526\tables\lesion_case_inventory_metrics.csv,isic2018_lesion_ISIC_0035210,clinical_mask,,,,,74.54051208496094,141.67151877430365,1.9005976054045228,,,
isic2018_lesion_ISIC_0035119,2d,H:\My Drive\MN_simulation\Clincal_ontology\Image_export\lesions\isic2018_lesion_ISIC_0035119\interp_mean_kpa.csv,H:\My Drive\MN_simulation\Clincal_ontology\Image_export\lesions\isic2018_lesion_ISIC_0035119\interp_lesion_mask.csv,,H:\My Drive\Manuscript\Sparse reconstruction\Figure2_data_reconstruction_20260526\tables\lesion_case_inventory_metrics.csv,isic2018_lesion_ISIC_0035119,clinical_mask,,,,,72.07254791259766,148.41253458067428,2.0592103218087154,,,
isic2018_lesion_ISIC_0035128,2d,H:\My Drive\MN_simulation\Clincal_ontology\Image_export\lesions\isic2018_lesion_ISIC_0035128\interp_mean_kpa.csv,H:\My Drive\MN_simulation\Clincal_ontology\Image_export\lesions\isic2018_lesion_ISIC_0035128\interp_lesion_mask.csv,,H:\My Drive\Manuscript\Sparse reconstruction\Figure2_data_reconstruction_20260526\tables\lesion_case_inventory_metrics.csv,isic2018_lesion_ISIC_0035128,clinical_mask,,,,,76.27649688720703,156.76241865330582,2.055186394901124,,,
isic2018_lesion_ISIC_0035117,2d,H:\My Drive\MN_simulation\Clincal_ontology\Image_export\lesions\isic2018_lesion_ISIC_0035117\interp_mean_kpa.csv,H:\My Drive\MN_simulation\Clincal_ontology\Image_export\lesions\isic2018_lesion_ISIC_0035117\interp_lesion_mask.csv,,H:\My Drive\Manuscript\Sparse reconstruction\Figure2_data_reconstruction_20260526\tables\lesion_case_inventory_metrics.csv,isic2018_lesion_ISIC_0035117,clinical_mask,,,,,75.80997467041016,155.16157944750725,2.0467172047225244,,,
isic2018_lesion_ISIC_0035078,2d,H:\My Drive\MN_simulation\Clincal_ontology\Image_export\lesions\isic2018_lesion_ISIC_0035078\interp_mean_kpa.csv,H:\My Drive\MN_simulation\Clincal_ontology\Image_export\lesions\isic2018_lesion_ISIC_0035078\interp_lesion_mask.csv,,H:\My Drive\Manuscript\Sparse reconstruction\Figure2_data_reconstruction_20260526\tables\lesion_case_inventory_metrics.csv,isic2018_lesion_ISIC_0035078,clinical_mask,,,,,75.90409851074219,155.00173716582069,2.04207335581338,,,
isic2018_lesion_ISIC_0035008,2d,H:\My Drive\MN_simulation\Clincal_ontology\Image_export\lesions\isic2018_lesion_ISIC_0035008\interp_mean_kpa.csv,H:\My Drive\MN_simulation\Clincal_ontology\Image_export\lesions\isic2018_lesion_ISIC_0035008\interp_lesion_mask.csv,,H:\My Drive\Manuscript\Sparse reconstruction\Figure2_data_reconstruction_20260526\tables\lesion_case_inventory_metrics.csv,isic2018_lesion_ISIC_0035008,clinical_mask,,,,,74.6963882446289,142.1259545121698,1.9027152162526344,,,
isic2018_lesion_ISIC_0035029,2d,H:\My Drive\MN_simulation\Clincal_ontology\Image_export\lesions\isic2018_lesion_ISIC_0035029\interp_mean_kpa.csv,H:\My Drive\MN_simulation\Clincal_ontology\Image_export\lesions\isic2018_lesion_ISIC_0035029\interp_lesion_mask.csv,,H:\My Drive\Manuscript\Sparse reconstruction\Figure2_data_reconstruction_20260526\tables\lesion_case_inventory_metrics.csv,isic2018_lesion_ISIC_0035029,clinical_mask,,,,,75.60701751708984,152.06634420941967,2.011272884491804,,,
isic2018_lesion_ISIC_0034970,2d,H:\My Drive\MN_simulation\Clincal_ontology\Image_export\lesions\isic2018_lesion_ISIC_0034970\interp_mean_kpa.csv,H:\My Drive\MN_simulation\Clincal_ontology\Image_export\lesions\isic2018_lesion_ISIC_0034970\interp_lesion_mask.csv,,H:\My Drive\Manuscript\Sparse reconstruction\Figure2_data_reconstruction_20260526\tables\lesion_case_inventory_metrics.csv,isic2018_lesion_ISIC_0034970,clinical_mask,,,,,77.1823959350586,158.93067178060844,2.059157011844164,,,
isic2018_lesion_ISIC_0035001,2d,H:\My Drive\MN_simulation\Clincal_ontology\Image_export\lesions\isic2018_lesion_ISIC_0035001\interp_mean_kpa.csv,H:\My Drive\MN_simulation\Clincal_ontology\Image_export\lesions\isic2018_lesion_ISIC_0035001\interp_lesion_mask.csv,,H:\My Drive\Manuscript\Sparse reconstruction\Figure2_data_reconstruction_20260526\tables\lesion_case_inventory_metrics.csv,isic2018_lesion_ISIC_0035001,clinical_mask,,,,,73.06426239013672,154.47249661428367,2.1142004526023466,,,
isic2018_lesion_ISIC_0034982,2d,H:\My Drive\MN_simulation\Clincal_ontology\Image_export\lesions\isic2018_lesion_ISIC_0034982\interp_mean_kpa.csv,H:\My Drive\MN_simulation\Clincal_ontology\Image_export\lesions\isic2018_lesion_ISIC_0034982\interp_lesion_mask.csv,,H:\My Drive\Manuscript\Sparse reconstruction\Figure2_data_reconstruction_20260526\tables\lesion_case_inventory_metrics.csv,isic2018_lesion_ISIC_0034982,clinical_mask,,,,,75.17057037353516,148.23150136982133,1.971935301717603,,,
isic2018_lesion_ISIC_0034961,2d,H:\My Drive\MN_simulation\Clincal_ontology\Image_export\lesions\isic2018_lesion_ISIC_0034961\interp_mean_kpa.csv,H:\My Drive\MN_simulation\Clincal_ontology\Image_export\lesions\isic2018_lesion_ISIC_0034961\interp_lesion_mask.csv,,H:\My Drive\Manuscript\Sparse reconstruction\Figure2_data_reconstruction_20260526\tables\lesion_case_inventory_metrics.csv,isic2018_lesion_ISIC_0034961,clinical_mask,,,,,73.54698944091797,147.12130507634285,2.0003715474245056,,,
isic2018_lesion_ISIC_0034906,2d,H:\My Drive\MN_simulation\Clincal_ontology\Image_export\lesions\isic2018_lesion_ISIC_0034906\interp_mean_kpa.csv,H:\My Drive\MN_simulation\Clincal_ontology\Image_export\lesions\isic2018_lesion_ISIC_0034906\interp_lesion_mask.csv,,H:\My Drive\Manuscript\Sparse reconstruction\Figure2_data_reconstruction_20260526\tables\lesion_case_inventory_metrics.csv,isic2018_lesion_ISIC_0034906,clinical_mask,,,,,75.09888458251953,142.99565487252957,1.9040982521571843,,,
isic2018_lesion_ISIC_0034898,2d,H:\My Drive\MN_simulation\Clincal_ontology\Image_export\lesions\isic2018_lesion_ISIC_0034898\interp_mean_kpa.csv,H:\My Drive\MN_simulation\Clincal_ontology\Image_export\lesions\isic2018_lesion_ISIC_0034898\interp_lesion_mask.csv,,H:\My Drive\Manuscript\Sparse reconstruction\Figure2_data_reconstruction_20260526\tables\lesion_case_inventory_metrics.csv,isic2018_lesion_ISIC_0034898,clinical_mask,,,,,72.64433288574219,148.61738310427012,2.045822119917066,,,
isic2018_lesion_ISIC_0036062,2d,H:\My Drive\MN_simulation\Clincal_ontology\Image_export\lesions\isic2018_lesion_ISIC_0036062\interp_mean_kpa.csv,H:\My Drive\MN_simulation\Clincal_ontology\Image_export\lesions\isic2018_lesion_ISIC_0036062\interp_lesion_mask.csv,,H:\My Drive\Manuscript\Sparse reconstruction\Figure2_data_reconstruction_20260526\tables\lesion_case_inventory_metrics.csv,isic2018_lesion_ISIC_0036062,clinical_mask,,,,,73.4033432006836,153.5525728072923,2.0919016234380767,,,
isic2018_lesion_ISIC_0035915,2d,H:\My Drive\MN_simulation\Clincal_ontology\Image_export\lesions\isic2018_lesion_ISIC_0035915\interp_mean_kpa.csv,H:\My Drive\MN_simulation\Clincal_ontology\Image_export\lesions\isic2018_lesion_ISIC_0035915\interp_lesion_mask.csv,,H:\My Drive\Manuscript\Sparse reconstruction\Figure2_data_reconstruction_20260526\tables\lesion_case_inventory_metrics.csv,isic2018_lesion_ISIC_0035915,clinical_mask,,,,,75.0294418334961,152.17686335245767,2.0282286477642426,,,
isic2018_lesion_ISIC_0035882,2d,H:\My Drive\MN_simulation\Clincal_ontology\Image_export\lesions\isic2018_lesion_ISIC_0035882\interp_mean_kpa.csv,H:\My Drive\MN_simulation\Clincal_ontology\Image_export\lesions\isic2018_lesion_ISIC_0035882\interp_lesion_mask.csv,,H:\My Drive\Manuscript\Sparse reconstruction\Figure2_data_reconstruction_20260526\tables\lesion_case_inventory_metrics.csv,isic2018_lesion_ISIC_0035882,clinical_mask,,,,,72.69440460205078,146.81668277119482,2.019642138551238,,,
isic2018_lesion_ISIC_0035691,2d,H:\My Drive\MN_simulation\Clincal_ontology\Image_export\lesions\isic2018_lesion_ISIC_0035691\interp_mean_kpa.csv,H:\My Drive\MN_simulation\Clincal_ontology\Image_export\lesions\isic2018_lesion_ISIC_0035691\interp_lesion_mask.csv,,H:\My Drive\Manuscript\Sparse reconstruction\Figure2_data_reconstruction_20260526\tables\lesion_case_inventory_metrics.csv,isic2018_lesion_ISIC_0035691,clinical_mask,,,,,77.07923126220703,146.71674048253732,1.903453603259721,,,
isic2018_lesion_ISIC_0035643,2d,H:\My Drive\MN_simulation\Clincal_ontology\Image_export\lesions\isic2018_lesion_ISIC_0035643\interp_mean_kpa.csv,H:\My Drive\MN_simulation\Clincal_ontology\Image_export\lesions\isic2018_lesion_ISIC_0035643\interp_lesion_mask.csv,,H:\My Drive\Manuscript\Sparse reconstruction\Figure2_data_reconstruction_20260526\tables\lesion_case_inventory_metrics.csv,isic2018_lesion_ISIC_0035643,clinical_mask,,,,,72.39832305908203,139.54340395570108,1.9274397259426024,,,
isic2018_lesion_ISIC_0035842,2d,H:\My Drive\MN_simulation\Clincal_ontology\Image_export\lesions\isic2018_lesion_ISIC_0035842\interp_mean_kpa.csv,H:\My Drive\MN_simulation\Clincal_ontology\Image_export\lesions\isic2018_lesion_ISIC_0035842\interp_lesion_mask.csv,,H:\My Drive\Manuscript\Sparse reconstruction\Figure2_data_reconstruction_20260526\tables\lesion_case_inventory_metrics.csv,isic2018_lesion_ISIC_0035842,clinical_mask,,,,,80.49542236328125,171.53937466446436,2.131045090866107,,,
isic2018_lesion_ISIC_0035642,2d,H:\My Drive\MN_simulation\Clincal_ontology\Image_export\lesions\isic2018_lesion_ISIC_0035642\interp_mean_kpa.csv,H:\My Drive\MN_simulation\Clincal_ontology\Image_export\lesions\isic2018_lesion_ISIC_0035642\interp_lesion_mask.csv,,H:\My Drive\Manuscript\Sparse reconstruction\Figure2_data_reconstruction_20260526\tables\lesion_case_inventory_metrics.csv,isic2018_lesion_ISIC_0035642,clinical_mask,,,,,76.00466918945312,145.37910874438225,1.9127654957881977,,,
isic2018_lesion_ISIC_0035630,2d,H:\My Drive\MN_simulation\Clincal_ontology\Image_export\lesions\isic2018_lesion_ISIC_0035630\interp_mean_kpa.csv,H:\My Drive\MN_simulation\Clincal_ontology\Image_export\lesions\isic2018_lesion_ISIC_0035630\interp_lesion_mask.csv,,H:\My Drive\Manuscript\Sparse reconstruction\Figure2_data_reconstruction_20260526\tables\lesion_case_inventory_metrics.csv,isic2018_lesion_ISIC_0035630,clinical_mask,,,,,72.76629638671875,152.57996057909588,2.0968493403622595,,,
isic2018_lesion_ISIC_0035608,2d,H:\My Drive\MN_simulation\Clincal_ontology\Image_export\lesions\isic2018_lesion_ISIC_0035608\interp_mean_kpa.csv,H:\My Drive\MN_simulation\Clincal_ontology\Image_export\lesions\isic2018_lesion_ISIC_0035608\interp_lesion_mask.csv,,H:\My Drive\Manuscript\Sparse reconstruction\Figure2_data_reconstruction_20260526\tables\lesion_case_inventory_metrics.csv,isic2018_lesion_ISIC_0035608,clinical_mask,,,,,74.92269134521484,139.14304127064787,1.8571548722072788,,,
isic2018_lesion_ISIC_0035626,2d,H:\My Drive\MN_simulation\Clincal_ontology\Image_export\lesions\isic2018_lesion_ISIC_0035626\interp_mean_kpa.csv,H:\My Drive\MN_simulation\Clincal_ontology\Image_export\lesions\isic2018_lesion_ISIC_0035626\interp_lesion_mask.csv,,H:\My Drive\Manuscript\Sparse reconstruction\Figure2_data_reconstruction_20260526\tables\lesion_case_inventory_metrics.csv,isic2018_lesion_ISIC_0035626,clinical_mask,,,,,73.99005889892578,154.51099647107975,2.08826697492091,,,
isic2018_lesion_ISIC_0035553,2d,H:\My Drive\MN_simulation\Clincal_ontology\Image_export\lesions\isic2018_lesion_ISIC_0035553\interp_mean_kpa.csv,H:\My Drive\MN_simulation\Clincal_ontology\Image_export\lesions\isic2018_lesion_ISIC_0035553\interp_lesion_mask.csv,,H:\My Drive\Manuscript\Sparse reconstruction\Figure2_data_reconstruction_20260526\tables\lesion_case_inventory_metrics.csv,isic2018_lesion_ISIC_0035553,clinical_mask,,,,,77.27401733398438,146.6711700202883,1.8980658063416576,,,
isic2018_lesion_ISIC_0035421,2d,H:\My Drive\MN_simulation\Clincal_ontology\Image_export\lesions\isic2018_lesion_ISIC_0035421\interp_mean_kpa.csv,H:\My Drive\MN_simulation\Clincal_ontology\Image_export\lesions\isic2018_lesion_ISIC_0035421\interp_lesion_mask.csv,,H:\My Drive\Manuscript\Sparse reconstruction\Figure2_data_reconstruction_20260526\tables\lesion_case_inventory_metrics.csv,isic2018_lesion_ISIC_0035421,clinical_mask,,,,,74.19766235351562,153.2217075338043,2.0650476399617244,,,
isic2018_lesion_ISIC_0035443,2d,H:\My Drive\MN_simulation\Clincal_ontology\Image_export\lesions\isic2018_lesion_ISIC_0035443\interp_mean_kpa.csv,H:\My Drive\MN_simulation\Clincal_ontology\Image_export\lesions\isic2018_lesion_ISIC_0035443\interp_lesion_mask.csv,,H:\My Drive\Manuscript\Sparse reconstruction\Figure2_data_reconstruction_20260526\tables\lesion_case_inventory_metrics.csv,isic2018_lesion_ISIC_0035443,clinical_mask,,,,,75.30252075195312,140.67581839154855,1.868142221359832,,,
M2c_PGF_05_E25_Z1p5_H0p75_twofoci_nearboundary_rim_soft_r3,2d,H:\My Drive\MN_simulation\outputs\method2b\targeted_comsol_prior_gate_failure_repair_20260525\lesions\M2c_PGF_05_E25_Z1p5_H0p75_twofoci_nearboundary_rim_soft_r3\interp_mean_kpa.csv,H:\My Drive\MN_simulation\outputs\method2b\targeted_comsol_prior_gate_failure_repair_20260525\lesions\M2c_PGF_05_E25_Z1p5_H0p75_twofoci_nearboundary_rim_soft_r3\interp_lesion_mask.csv,,H:\My Drive\Manuscript\Sparse reconstruction\Figure2_data_reconstruction_20260526\tables\lesion_case_inventory_metrics.csv,M2c_PGF_05_E25_Z1p5_H0p75_twofoci_nearboundary_rim_soft_r3,synthetic_simulation,,,,,3.0,24.574071813440703,8.1913572711469,,,
M2c_PGF_04_E25_Z1p5_H0p75_twofoci_center_checker_r2,2d,H:\My Drive\MN_simulation\outputs\method2b\targeted_comsol_prior_gate_failure_repair_20260525\lesions\M2c_PGF_04_E25_Z1p5_H0p75_twofoci_center_checker_r2\interp_mean_kpa.csv,H:\My Drive\MN_simulation\outputs\method2b\targeted_comsol_prior_gate_failure_repair_20260525\lesions\M2c_PGF_04_E25_Z1p5_H0p75_twofoci_center_checker_r2\interp_lesion_mask.csv,,H:\My Drive\Manuscript\Sparse reconstruction\Figure2_data_reconstruction_20260526\tables\lesion_case_inventory_metrics.csv,M2c_PGF_04_E25_Z1p5_H0p75_twofoci_center_checker_r2,synthetic_simulation,,,,,3.0,24.62824035455039,8.209413451516797,,,
M2c_PGF_03_E90_Z0p18_H1p4_twofoci_nearboundary_rim_soft_r2,2d,H:\My Drive\MN_simulation\outputs\method2b\targeted_comsol_prior_gate_failure_repair_20260525\lesions\M2c_PGF_03_E90_Z0p18_H1p4_twofoci_nearboundary_rim_soft_r2\interp_mean_kpa.csv,H:\My Drive\MN_simulation\outputs\method2b\targeted_comsol_prior_gate_failure_repair_20260525\lesions\M2c_PGF_03_E90_Z0p18_H1p4_twofoci_nearboundary_rim_soft_r2\interp_lesion_mask.csv,,H:\My Drive\Manuscript\Sparse reconstruction\Figure2_data_reconstruction_20260526\tables\lesion_case_inventory_metrics.csv,M2c_PGF_03_E90_Z0p18_H1p4_twofoci_nearboundary_rim_soft_r2,synthetic_simulation,,,,,3.0,88.41855488332365,29.47285162777455,,,
M2c_PGF_02_E35_Z1p2_H0p75_twofoci_nearboundary_rim_soft_r1,2d,H:\My Drive\MN_simulation\outputs\method2b\targeted_comsol_prior_gate_failure_repair_20260525\lesions\M2c_PGF_02_E35_Z1p2_H0p75_twofoci_nearboundary_rim_soft_r1\interp_mean_kpa.csv,H:\My Drive\MN_simulation\outputs\method2b\targeted_comsol_prior_gate_failure_repair_20260525\lesions\M2c_PGF_02_E35_Z1p2_H0p75_twofoci_nearboundary_rim_soft_r1\interp_lesion_mask.csv,,H:\My Drive\Manuscript\Sparse reconstruction\Figure2_data_reconstruction_20260526\tables\lesion_case_inventory_metrics.csv,M2c_PGF_02_E35_Z1p2_H0p75_twofoci_nearboundary_rim_soft_r1,synthetic_simulation,,,,,3.0,34.4054145755027,11.468471525167566,,,
M2c_PGF_01_E16_Z1p2_H0p75_twofoci_nearboundary_rim_soft_r1,2d,H:\My Drive\MN_simulation\outputs\method2b\targeted_comsol_prior_gate_failure_repair_20260525\lesions\M2c_PGF_01_E16_Z1p2_H0p75_twofoci_nearboundary_rim_soft_r1\interp_mean_kpa.csv,H:\My Drive\MN_simulation\outputs\method2b\targeted_comsol_prior_gate_failure_repair_20260525\lesions\M2c_PGF_01_E16_Z1p2_H0p75_twofoci_nearboundary_rim_soft_r1\interp_lesion_mask.csv,,H:\My Drive\Manuscript\Sparse reconstruction\Figure2_data_reconstruction_20260526\tables\lesion_case_inventory_metrics.csv,M2c_PGF_01_E16_Z1p2_H0p75_twofoci_nearboundary_rim_soft_r1,synthetic_simulation,,,,,3.0,15.758449671297972,5.252816557099324,,,
M2c_PGF_07_E45_Z3_H0p75_twofoci_nearboundary_rim_soft_r1,2d,H:\My Drive\MN_simulation\outputs\method2b\targeted_comsol_prior_gate_failure_repair_20260525\lesions\M2c_PGF_07_E45_Z3_H0p75_twofoci_nearboundary_rim_soft_r1\interp_mean_kpa.csv,H:\My Drive\MN_simulation\outputs\method2b\targeted_comsol_prior_gate_failure_repair_20260525\lesions\M2c_PGF_07_E45_Z3_H0p75_twofoci_nearboundary_rim_soft_r1\interp_lesion_mask.csv,,H:\My Drive\Manuscript\Sparse reconstruction\Figure2_data_reconstruction_20260526\tables\lesion_case_inventory_metrics.csv,M2c_PGF_07_E45_Z3_H0p75_twofoci_nearboundary_rim_soft_r1,synthetic_simulation,,,,,3.0,44.21960663034729,14.739868876782433,,,
M2c_PGF_06_E45_Z3_H0p75_twofoci_center_checker_r1,2d,H:\My Drive\MN_simulation\outputs\method2b\targeted_comsol_prior_gate_failure_repair_20260525\lesions\M2c_PGF_06_E45_Z3_H0p75_twofoci_center_checker_r1\interp_mean_kpa.csv,H:\My Drive\MN_simulation\outputs\method2b\targeted_comsol_prior_gate_failure_repair_20260525\lesions\M2c_PGF_06_E45_Z3_H0p75_twofoci_center_checker_r1\interp_lesion_mask.csv,,H:\My Drive\Manuscript\Sparse reconstruction\Figure2_data_reconstruction_20260526\tables\lesion_case_inventory_metrics.csv,M2c_PGF_06_E45_Z3_H0p75_twofoci_center_checker_r1,synthetic_simulation,,,,,3.0,44.19662118768448,14.732207062561493,,,
M2c_PGF_10_E25_Z1p5_H0p75_lobed_center_core_shell_r2,2d,H:\My Drive\MN_simulation\outputs\method2b\targeted_comsol_prior_gate_failure_repair_20260525\lesions\M2c_PGF_10_E25_Z1p5_H0p75_lobed_center_core_shell_r2\interp_mean_kpa.csv,H:\My Drive\MN_simulation\outputs\method2b\targeted_comsol_prior_gate_failure_repair_20260525\lesions\M2c_PGF_10_E25_Z1p5_H0p75_lobed_center_core_shell_r2\interp_lesion_mask.csv,,H:\My Drive\Manuscript\Sparse reconstruction\Figure2_data_reconstruction_20260526\tables\lesion_case_inventory_metrics.csv,M2c_PGF_10_E25_Z1p5_H0p75_lobed_center_core_shell_r2,synthetic_simulation,,,,,3.0,24.67480567000682,8.224935223335606,,,
M2c_PGF_08_E25_Z1p5_H0p75_cylinder_nearboundary_nan_r2,2d,H:\My Drive\MN_simulation\outputs\method2b\targeted_comsol_prior_gate_failure_repair_20260525\lesions\M2c_PGF_08_E25_Z1p5_H0p75_cylinder_nearboundary_nan_r2\interp_mean_kpa.csv,H:\My Drive\MN_simulation\outputs\method2b\targeted_comsol_prior_gate_failure_repair_20260525\lesions\M2c_PGF_08_E25_Z1p5_H0p75_cylinder_nearboundary_nan_r2\interp_lesion_mask.csv,,H:\My Drive\Manuscript\Sparse reconstruction\Figure2_data_reconstruction_20260526\tables\lesion_case_inventory_metrics.csv,M2c_PGF_08_E25_Z1p5_H0p75_cylinder_nearboundary_nan_r2,ellipse_or_cylinder,,,,,3.0,24.662755488266463,8.220918496088823,,,
M2c_PGF_09_E25_Z1p5_H0p75_ellipse_center_checker_r2,2d,H:\My Drive\MN_simulation\outputs\method2b\targeted_comsol_prior_gate_failure_repair_20260525\lesions\M2c_PGF_09_E25_Z1p5_H0p75_ellipse_center_checker_r2\interp_mean_kpa.csv,H:\My Drive\MN_simulation\outputs\method2b\targeted_comsol_prior_gate_failure_repair_20260525\lesions\M2c_PGF_09_E25_Z1p5_H0p75_ellipse_center_checker_r2\interp_lesion_mask.csv,,H:\My Drive\Manuscript\Sparse reconstruction\Figure2_data_reconstruction_20260526\tables\lesion_case_inventory_metrics.csv,M2c_PGF_09_E25_Z1p5_H0p75_ellipse_center_checker_r2,ellipse_or_cylinder,,,,,3.0,24.765863171481925,8.255287723827308,,,
M2c_PGF_11_E25_Z1p5_H0p75_twofoci_nearboundary_rim_soft_r4,2d,H:\My Drive\MN_simulation\outputs\method2b\targeted_comsol_prior_gate_failure_repair_20260525\lesions\M2c_PGF_11_E25_Z1p5_H0p75_twofoci_nearboundary_rim_soft_r4\interp_mean_kpa.csv,H:\My Drive\MN_simulation\outputs\method2b\targeted_comsol_prior_gate_failure_repair_20260525\lesions\M2c_PGF_11_E25_Z1p5_H0p75_twofoci_nearboundary_rim_soft_r4\interp_lesion_mask.csv,,H:\My Drive\Manuscript\Sparse reconstruction\Figure2_data_reconstruction_20260526\tables\lesion_case_inventory_metrics.csv,M2c_PGF_11_E25_Z1p5_H0p75_twofoci_nearboundary_rim_soft_r4,synthetic_simulation,,,,,3.0,24.603972861722895,8.201324287240967,,,
M2c_PGF_12_E16_Z1p2_H0p75_cylinder_nearboundary_nan_r1,2d,H:\My Drive\MN_simulation\outputs\method2b\targeted_comsol_prior_gate_failure_repair_20260525\lesions\M2c_PGF_12_E16_Z1p2_H0p75_cylinder_nearboundary_nan_r1\interp_mean_kpa.csv,H:\My Drive\MN_simulation\outputs\method2b\targeted_comsol_prior_gate_failure_repair_20260525\lesions\M2c_PGF_12_E16_Z1p2_H0p75_cylinder_nearboundary_nan_r1\interp_lesion_mask.csv,,H:\My Drive\Manuscript\Sparse reconstruction\Figure2_data_reconstruction_20260526\tables\lesion_case_inventory_metrics.csv,M2c_PGF_12_E16_Z1p2_H0p75_cylinder_nearboundary_nan_r1,ellipse_or_cylinder,,,,,3.0,15.783687497380445,5.261229165793481,,,
M2c_PGF_14_E16_Z1p2_H0p75_lobed_center_core_shell_r1,2d,H:\My Drive\MN_simulation\outputs\method2b\targeted_comsol_prior_gate_failure_repair_20260525\lesions\M2c_PGF_14_E16_Z1p2_H0p75_lobed_center_core_shell_r1\interp_mean_kpa.csv,H:\My Drive\MN_simulation\outputs\method2b\targeted_comsol_prior_gate_failure_repair_20260525\lesions\M2c_PGF_14_E16_Z1p2_H0p75_lobed_center_core_shell_r1\interp_lesion_mask.csv,,H:\My Drive\Manuscript\Sparse reconstruction\Figure2_data_reconstruction_20260526\tables\lesion_case_inventory_metrics.csv,M2c_PGF_14_E16_Z1p2_H0p75_lobed_center_core_shell_r1,synthetic_simulation,,,,,3.0,15.83254249240233,5.27751416413411,,,
M2c_PGF_13_E16_Z1p2_H0p75_ellipse_center_checker_r1,2d,H:\My Drive\MN_simulation\outputs\method2b\targeted_comsol_prior_gate_failure_repair_20260525\lesions\M2c_PGF_13_E16_Z1p2_H0p75_ellipse_center_checker_r1\interp_mean_kpa.csv,H:\My Drive\MN_simulation\outputs\method2b\targeted_comsol_prior_gate_failure_repair_20260525\lesions\M2c_PGF_13_E16_Z1p2_H0p75_ellipse_center_checker_r1\interp_lesion_mask.csv,,H:\My Drive\Manuscript\Sparse reconstruction\Figure2_data_reconstruction_20260526\tables\lesion_case_inventory_metrics.csv,M2c_PGF_13_E16_Z1p2_H0p75_ellipse_center_checker_r1,ellipse_or_cylinder,,,,,3.0,15.800101830799685,5.266700610266561,,,
M2c_PGF_15_E16_Z1p2_H0p75_twofoci_nearboundary_rim_soft_r2,2d,H:\My Drive\MN_simulation\outputs\method2b\targeted_comsol_prior_gate_failure_repair_20260525\lesions\M2c_PGF_15_E16_Z1p2_H0p75_twofoci_nearboundary_rim_soft_r2\interp_mean_kpa.csv,H:\My Drive\MN_simulation\outputs\method2b\targeted_comsol_prior_gate_failure_repair_20260525\lesions\M2c_PGF_15_E16_Z1p2_H0p75_twofoci_nearboundary_rim_soft_r2\interp_lesion_mask.csv,,H:\My Drive\Manuscript\Sparse reconstruction\Figure2_data_reconstruction_20260526\tables\lesion_case_inventory_metrics.csv,M2c_PGF_15_E16_Z1p2_H0p75_twofoci_nearboundary_rim_soft_r2,synthetic_simulation,,,,,3.0,15.76369210900238,5.254564036334127,,,
M2c_PGF_16_E35_Z1p2_H0p75_cylinder_nearboundary_nan_r1,2d,H:\My Drive\MN_simulation\outputs\method2b\targeted_comsol_prior_gate_failure_repair_20260525\lesions\M2c_PGF_16_E35_Z1p2_H0p75_cylinder_nearboundary_nan_r1\interp_mean_kpa.csv,H:\My Drive\MN_simulation\outputs\method2b\targeted_comsol_prior_gate_failure_repair_20260525\lesions\M2c_PGF_16_E35_Z1p2_H0p75_cylinder_nearboundary_nan_r1\interp_lesion_mask.csv,,H:\My Drive\Manuscript\Sparse reconstruction\Figure2_data_reconstruction_20260526\tables\lesion_case_inventory_metrics.csv,M2c_PGF_16_E35_Z1p2_H0p75_cylinder_nearboundary_nan_r1,ellipse_or_cylinder,,,,,3.0,34.46753845509032,11.489179485030109,,,
M2c_PGF_18_E35_Z1p2_H0p75_lobed_center_core_shell_r1,2d,H:\My Drive\MN_simulation\outputs\method2b\targeted_comsol_prior_gate_failure_repair_20260525\lesions\M2c_PGF_18_E35_Z1p2_H0p75_lobed_center_core_shell_r1\interp_mean_kpa.csv,H:\My Drive\MN_simulation\outputs\method2b\targeted_comsol_prior_gate_failure_repair_20260525\lesions\M2c_PGF_18_E35_Z1p2_H0p75_lobed_center_core_shell_r1\interp_lesion_mask.csv,,H:\My Drive\Manuscript\Sparse reconstruction\Figure2_data_reconstruction_20260526\tables\lesion_case_inventory_metrics.csv,M2c_PGF_18_E35_Z1p2_H0p75_lobed_center_core_shell_r1,synthetic_simulation,,,,,3.0,34.587796904374954,11.529265634791653,,,
M2c_PGF_17_E35_Z1p2_H0p75_ellipse_center_checker_r1,2d,H:\My Drive\MN_simulation\outputs\method2b\targeted_comsol_prior_gate_failure_repair_20260525\lesions\M2c_PGF_17_E35_Z1p2_H0p75_ellipse_center_checker_r1\interp_mean_kpa.csv,H:\My Drive\MN_simulation\outputs\method2b\targeted_comsol_prior_gate_failure_repair_20260525\lesions\M2c_PGF_17_E35_Z1p2_H0p75_ellipse_center_checker_r1\interp_lesion_mask.csv,,H:\My Drive\Manuscript\Sparse reconstruction\Figure2_data_reconstruction_20260526\tables\lesion_case_inventory_metrics.csv,M2c_PGF_17_E35_Z1p2_H0p75_ellipse_center_checker_r1,ellipse_or_cylinder,,,,,3.0,34.28386050591146,11.427953501970489,,,
M2c_PGF_19_E35_Z1p2_H0p75_twofoci_nearboundary_rim_soft_r2,2d,H:\My Drive\MN_simulation\outputs\method2b\targeted_comsol_prior_gate_failure_repair_20260525\lesions\M2c_PGF_19_E35_Z1p2_H0p75_twofoci_nearboundary_rim_soft_r2\interp_mean_kpa.csv,H:\My Drive\MN_simulation\outputs\method2b\targeted_comsol_prior_gate_failure_repair_20260525\lesions\M2c_PGF_19_E35_Z1p2_H0p75_twofoci_nearboundary_rim_soft_r2\interp_lesion_mask.csv,,H:\My Drive\Manuscript\Sparse reconstruction\Figure2_data_reconstruction_20260526\tables\lesion_case_inventory_metrics.csv,M2c_PGF_19_E35_Z1p2_H0p75_twofoci_nearboundary_rim_soft_r2,synthetic_simulation,,,,,3.0,34.41831903754433,11.472773012514777,,,
M2c_PGF_21_E45_Z3_H0p75_twofoci_nearboundary_rim_soft_r2,2d,H:\My Drive\MN_simulation\outputs\method2b\targeted_comsol_prior_gate_failure_repair_20260525\lesions\M2c_PGF_21_E45_Z3_H0p75_twofoci_nearboundary_rim_soft_r2\interp_mean_kpa.csv,H:\My Drive\MN_simulation\outputs\method2b\targeted_comsol_prior_gate_failure_repair_20260525\lesions\M2c_PGF_21_E45_Z3_H0p75_twofoci_nearboundary_rim_soft_r2\interp_lesion_mask.csv,,H:\My Drive\Manuscript\Sparse reconstruction\Figure2_data_reconstruction_20260526\tables\lesion_case_inventory_metrics.csv,M2c_PGF_21_E45_Z3_H0p75_twofoci_nearboundary_rim_soft_r2,synthetic_simulation,,,,,3.0,44.23654373677693,14.745514578925643,,,
M2c_PGF_20_E45_Z3_H0p75_cylinder_nearboundary_nan_r2,2d,H:\My Drive\MN_simulation\outputs\method2b\targeted_comsol_prior_gate_failure_repair_20260525\lesions\M2c_PGF_20_E45_Z3_H0p75_cylinder_nearboundary_nan_r2\interp_mean_kpa.csv,H:\My Drive\MN_simulation\outputs\method2b\targeted_comsol_prior_gate_failure_repair_20260525\lesions\M2c_PGF_20_E45_Z3_H0p75_cylinder_nearboundary_nan_r2\interp_lesion_mask.csv,,H:\My Drive\Manuscript\Sparse reconstruction\Figure2_data_reconstruction_20260526\tables\lesion_case_inventory_metrics.csv,M2c_PGF_20_E45_Z3_H0p75_cylinder_nearboundary_nan_r2,ellipse_or_cylinder,,,,,3.0,44.35616956850871,14.785389856169568,,,
M2c_PGF_23_E90_Z0p18_H1p4_twofoci_nearboundary_rim_soft_r3,2d,H:\My Drive\MN_simulation\outputs\method2b\targeted_comsol_prior_gate_failure_repair_20260525\lesions\M2c_PGF_23_E90_Z0p18_H1p4_twofoci_nearboundary_rim_soft_r3\interp_mean_kpa.csv,H:\My Drive\MN_simulation\outputs\method2b\targeted_comsol_prior_gate_failure_repair_20260525\lesions\M2c_PGF_23_E90_Z0p18_H1p4_twofoci_nearboundary_rim_soft_r3\interp_lesion_mask.csv,,H:\My Drive\Manuscript\Sparse reconstruction\Figure2_data_reconstruction_20260526\tables\lesion_case_inventory_metrics.csv,M2c_PGF_23_E90_Z0p18_H1p4_twofoci_nearboundary_rim_soft_r3,synthetic_simulation,,,,,3.0,88.31564762587914,29.43854920862638,,,
M2c_PGF_22_E90_Z0p18_H1p4_cylinder_nearboundary_nan_r2,2d,H:\My Drive\MN_simulation\outputs\method2b\targeted_comsol_prior_gate_failure_repair_20260525\lesions\M2c_PGF_22_E90_Z0p18_H1p4_cylinder_nearboundary_nan_r2\interp_mean_kpa.csv,H:\My Drive\MN_simulation\outputs\method2b\targeted_comsol_prior_gate_failure_repair_20260525\lesions\M2c_PGF_22_E90_Z0p18_H1p4_cylinder_nearboundary_nan_r2\interp_lesion_mask.csv,,H:\My Drive\Manuscript\Sparse reconstruction\Figure2_data_reconstruction_20260526\tables\lesion_case_inventory_metrics.csv,M2c_PGF_22_E90_Z0p18_H1p4_cylinder_nearboundary_nan_r2,ellipse_or_cylinder,,,,,3.0,88.66635124905375,29.55545041635125,,,
M2c_PGF_26_E16_Z1p2_H0p75_lobed_nearboundary_hotspot_r3,2d,H:\My Drive\MN_simulation\outputs\method2b\targeted_comsol_prior_gate_failure_repair_20260525\lesions\M2c_PGF_26_E16_Z1p2_H0p75_lobed_nearboundary_hotspot_r3\interp_mean_kpa.csv,H:\My Drive\MN_simulation\outputs\method2b\targeted_comsol_prior_gate_failure_repair_20260525\lesions\M2c_PGF_26_E16_Z1p2_H0p75_lobed_nearboundary_hotspot_r3\interp_lesion_mask.csv,,H:\My Drive\Manuscript\Sparse reconstruction\Figure2_data_reconstruction_20260526\tables\lesion_case_inventory_metrics.csv,M2c_PGF_26_E16_Z1p2_H0p75_lobed_nearboundary_hotspot_r3,synthetic_simulation,,,,,3.0,15.705144989920598,5.235048329973533,,,
M2c_PGF_25_E8_Z1p2_H0p75_twofoci_nearboundary_rim_soft_r1,2d,H:\My Drive\MN_simulation\outputs\method2b\targeted_comsol_prior_gate_failure_repair_20260525\lesions\M2c_PGF_25_E8_Z1p2_H0p75_twofoci_nearboundary_rim_soft_r1\interp_mean_kpa.csv,H:\My Drive\MN_simulation\outputs\method2b\targeted_comsol_prior_gate_failure_repair_20260525\lesions\M2c_PGF_25_E8_Z1p2_H0p75_twofoci_nearboundary_rim_soft_r1\interp_lesion_mask.csv,,H:\My Drive\Manuscript\Sparse reconstruction\Figure2_data_reconstruction_20260526\tables\lesion_case_inventory_metrics.csv,M2c_PGF_25_E8_Z1p2_H0p75_twofoci_nearboundary_rim_soft_r1,synthetic_simulation,,,,,3.0,7.907096027422297,2.6356986758074323,,,
M2c_PGF_24_E8_Z1p2_H0p75_lobed_nearboundary_hotspot_r2,2d,H:\My Drive\MN_simulation\outputs\method2b\targeted_comsol_prior_gate_failure_repair_20260525\lesions\M2c_PGF_24_E8_Z1p2_H0p75_lobed_nearboundary_hotspot_r2\interp_mean_kpa.csv,H:\My Drive\MN_simulation\outputs\method2b\targeted_comsol_prior_gate_failure_repair_20260525\lesions\M2c_PGF_24_E8_Z1p2_H0p75_lobed_nearboundary_hotspot_r2\interp_lesion_mask.csv,,H:\My Drive\Manuscript\Sparse reconstruction\Figure2_data_reconstruction_20260526\tables\lesion_case_inventory_metrics.csv,M2c_PGF_24_E8_Z1p2_H0p75_lobed_nearboundary_hotspot_r2,synthetic_simulation,,,,,3.0,7.894794592904902,2.6315981976349674,,,
M2c_PGF_27_E16_Z1p2_H0p75_twofoci_nearboundary_rim_soft_r2,2d,H:\My Drive\MN_simulation\outputs\method2b\targeted_comsol_prior_gate_failure_repair_20260525\lesions\M2c_PGF_27_E16_Z1p2_H0p75_twofoci_nearboundary_rim_soft_r2\interp_mean_kpa.csv,H:\My Drive\MN_simulation\outputs\method2b\targeted_comsol_prior_gate_failure_repair_20260525\lesions\M2c_PGF_27_E16_Z1p2_H0p75_twofoci_nearboundary_rim_soft_r2\interp_lesion_mask.csv,,H:\My Drive\Manuscript\Sparse reconstruction\Figure2_data_reconstruction_20260526\tables\lesion_case_inventory_metrics.csv,M2c_PGF_27_E16_Z1p2_H0p75_twofoci_nearboundary_rim_soft_r2,synthetic_simulation,,,,,3.0,15.76369210900238,5.254564036334127,,,
M2c_PGF_28_E35_Z1p2_H0p75_lobed_nearboundary_hotspot_r3,2d,H:\My Drive\MN_simulation\outputs\method2b\targeted_comsol_prior_gate_failure_repair_20260525\lesions\M2c_PGF_28_E35_Z1p2_H0p75_lobed_nearboundary_hotspot_r3\interp_mean_kpa.csv,H:\My Drive\MN_simulation\outputs\method2b\targeted_comsol_prior_gate_failure_repair_20260525\lesions\M2c_PGF_28_E35_Z1p2_H0p75_lobed_nearboundary_hotspot_r3\interp_lesion_mask.csv,,H:\My Drive\Manuscript\Sparse reconstruction\Figure2_data_reconstruction_20260526\tables\lesion_case_inventory_metrics.csv,M2c_PGF_28_E35_Z1p2_H0p75_lobed_nearboundary_hotspot_r3,synthetic_simulation,,,,,3.0,34.28818517944778,11.429395059815926,,,
M2c_PGF_29_E35_Z1p2_H0p75_twofoci_nearboundary_rim_soft_r2,2d,H:\My Drive\MN_simulation\outputs\method2b\targeted_comsol_prior_gate_failure_repair_20260525\lesions\M2c_PGF_29_E35_Z1p2_H0p75_twofoci_nearboundary_rim_soft_r2\interp_mean_kpa.csv,H:\My Drive\MN_simulation\outputs\method2b\targeted_comsol_prior_gate_failure_repair_20260525\lesions\M2c_PGF_29_E35_Z1p2_H0p75_twofoci_nearboundary_rim_soft_r2\interp_lesion_mask.csv,,H:\My Drive\Manuscript\Sparse reconstruction\Figure2_data_reconstruction_20260526\tables\lesion_case_inventory_metrics.csv,M2c_PGF_29_E35_Z1p2_H0p75_twofoci_nearboundary_rim_soft_r2,synthetic_simulation,,,,,3.0,34.41831903754433,11.472773012514777,,,
M2c_PGF_31_E60_Z1p2_H0p75_twofoci_nearboundary_rim_soft_r1,2d,H:\My Drive\MN_simulation\outputs\method2b\targeted_comsol_prior_gate_failure_repair_20260525\lesions\M2c_PGF_31_E60_Z1p2_H0p75_twofoci_nearboundary_rim_soft_r1\interp_mean_kpa.csv,H:\My Drive\MN_simulation\outputs\method2b\targeted_comsol_prior_gate_failure_repair_20260525\lesions\M2c_PGF_31_E60_Z1p2_H0p75_twofoci_nearboundary_rim_soft_r1\interp_lesion_mask.csv,,H:\My Drive\Manuscript\Sparse reconstruction\Figure2_data_reconstruction_20260526\tables\lesion_case_inventory_metrics.csv,M2c_PGF_31_E60_Z1p2_H0p75_twofoci_nearboundary_rim_soft_r1,synthetic_simulation,,,,,3.0,58.94089471261418,19.64696490420473,,,
M2c_PGF_30_E60_Z1p2_H0p75_lobed_nearboundary_hotspot_r2,2d,H:\My Drive\MN_simulation\outputs\method2b\targeted_comsol_prior_gate_failure_repair_20260525\lesions\M2c_PGF_30_E60_Z1p2_H0p75_lobed_nearboundary_hotspot_r2\interp_mean_kpa.csv,H:\My Drive\MN_simulation\outputs\method2b\targeted_comsol_prior_gate_failure_repair_20260525\lesions\M2c_PGF_30_E60_Z1p2_H0p75_lobed_nearboundary_hotspot_r2\interp_lesion_mask.csv,,H:\My Drive\Manuscript\Sparse reconstruction\Figure2_data_reconstruction_20260526\tables\lesion_case_inventory_metrics.csv,M2c_PGF_30_E60_Z1p2_H0p75_lobed_nearboundary_hotspot_r2,synthetic_simulation,,,,,3.0,58.711706035343255,19.570568678447756,,,
M2c_PPC_01_E25_Z1p5_H0p75_twofoci_nearboundary_rim_soft_r1,2d,H:\My Drive\MN_simulation\outputs\method2b\targeted_comsol_prior_pair_calibration_20260524\lesions\M2c_PPC_01_E25_Z1p5_H0p75_twofoci_nearboundary_rim_soft_r1\interp_mean_kpa.csv,H:\My Drive\MN_simulation\outputs\method2b\targeted_comsol_prior_pair_calibration_20260524\lesions\M2c_PPC_01_E25_Z1p5_H0p75_twofoci_nearboundary_rim_soft_r1\interp_lesion_mask.csv,,H:\My Drive\Manuscript\Sparse reconstruction\Figure2_data_reconstruction_20260526\tables\lesion_case_inventory_metrics.csv,M2c_PPC_01_E25_Z1p5_H0p75_twofoci_nearboundary_rim_soft_r1,synthetic_simulation,,,,,3.0,24.591222520658103,8.197074173552702,,,
M2c_PPC_02_E16_Z1p2_H0p75_twofoci_center_checker_r1,2d,H:\My Drive\MN_simulation\outputs\method2b\targeted_comsol_prior_pair_calibration_20260524\lesions\M2c_PPC_02_E16_Z1p2_H0p75_twofoci_center_checker_r1\interp_mean_kpa.csv,H:\My Drive\MN_simulation\outputs\method2b\targeted_comsol_prior_pair_calibration_20260524\lesions\M2c_PPC_02_E16_Z1p2_H0p75_twofoci_center_checker_r1\interp_lesion_mask.csv,,H:\My Drive\Manuscript\Sparse reconstruction\Figure2_data_reconstruction_20260526\tables\lesion_case_inventory_metrics.csv,M2c_PPC_02_E16_Z1p2_H0p75_twofoci_center_checker_r1,synthetic_simulation,,,,,3.0,15.728978384696749,5.242992794898916,,,
M2c_PPC_04_E35_Z1p2_H0p75_twofoci_center_checker_r1,2d,H:\My Drive\MN_simulation\outputs\method2b\targeted_comsol_prior_pair_calibration_20260524\lesions\M2c_PPC_04_E35_Z1p2_H0p75_twofoci_center_checker_r1\interp_mean_kpa.csv,H:\My Drive\MN_simulation\outputs\method2b\targeted_comsol_prior_pair_calibration_20260524\lesions\M2c_PPC_04_E35_Z1p2_H0p75_twofoci_center_checker_r1\interp_lesion_mask.csv,,H:\My Drive\Manuscript\Sparse reconstruction\Figure2_data_reconstruction_20260526\tables\lesion_case_inventory_metrics.csv,M2c_PPC_04_E35_Z1p2_H0p75_twofoci_center_checker_r1,synthetic_simulation,,,,,3.0,34.405770561895125,11.468590187298377,,,
M2c_PPC_03_E16_Z1p2_H0p75_twofoci_nearboundary_rim_soft_r1,2d,H:\My Drive\MN_simulation\outputs\method2b\targeted_comsol_prior_pair_calibration_20260524\lesions\M2c_PPC_03_E16_Z1p2_H0p75_twofoci_nearboundary_rim_soft_r1\interp_mean_kpa.csv,H:\My Drive\MN_simulation\outputs\method2b\targeted_comsol_prior_pair_calibration_20260524\lesions\M2c_PPC_03_E16_Z1p2_H0p75_twofoci_nearboundary_rim_soft_r1\interp_lesion_mask.csv,,H:\My Drive\Manuscript\Sparse reconstruction\Figure2_data_reconstruction_20260526\tables\lesion_case_inventory_metrics.csv,M2c_PPC_03_E16_Z1p2_H0p75_twofoci_nearboundary_rim_soft_r1,synthetic_simulation,,,,,3.0,15.758449671297972,5.252816557099324,,,
M2c_PPC_05_E35_Z1p2_H0p75_twofoci_nearboundary_rim_soft_r1,2d,H:\My Drive\MN_simulation\outputs\method2b\targeted_comsol_prior_pair_calibration_20260524\lesions\M2c_PPC_05_E35_Z1p2_H0p75_twofoci_nearboundary_rim_soft_r1\interp_mean_kpa.csv,H:\My Drive\MN_simulation\outputs\method2b\targeted_comsol_prior_pair_calibration_20260524\lesions\M2c_PPC_05_E35_Z1p2_H0p75_twofoci_nearboundary_rim_soft_r1\interp_lesion_mask.csv,,H:\My Drive\Manuscript\Sparse reconstruction\Figure2_data_reconstruction_20260526\tables\lesion_case_inventory_metrics.csv,M2c_PPC_05_E35_Z1p2_H0p75_twofoci_nearboundary_rim_soft_r1,synthetic_simulation,,,,,3.0,34.4054145755027,11.468471525167566,,,
M2c_PPC_07_E90_Z0p18_H1p4_twofoci_nearboundary_rim_soft_r2,2d,H:\My Drive\MN_simulation\outputs\method2b\targeted_comsol_prior_pair_calibration_20260524\lesions\M2c_PPC_07_E90_Z0p18_H1p4_twofoci_nearboundary_rim_soft_r2\interp_mean_kpa.csv,H:\My Drive\MN_simulation\outputs\method2b\targeted_comsol_prior_pair_calibration_20260524\lesions\M2c_PPC_07_E90_Z0p18_H1p4_twofoci_nearboundary_rim_soft_r2\interp_lesion_mask.csv,,H:\My Drive\Manuscript\Sparse reconstruction\Figure2_data_reconstruction_20260526\tables\lesion_case_inventory_metrics.csv,M2c_PPC_07_E90_Z0p18_H1p4_twofoci_nearboundary_rim_soft_r2,synthetic_simulation,,,,,3.0,88.41855488332365,29.47285162777455,,,
M2c_PPC_06_E90_Z0p18_H1p4_twofoci_center_checker_r2,2d,H:\My Drive\MN_simulation\outputs\method2b\targeted_comsol_prior_pair_calibration_20260524\lesions\M2c_PPC_06_E90_Z0p18_H1p4_twofoci_center_checker_r2\interp_mean_kpa.csv,H:\My Drive\MN_simulation\outputs\method2b\targeted_comsol_prior_pair_calibration_20260524\lesions\M2c_PPC_06_E90_Z0p18_H1p4_twofoci_center_checker_r2\interp_lesion_mask.csv,,H:\My Drive\Manuscript\Sparse reconstruction\Figure2_data_reconstruction_20260526\tables\lesion_case_inventory_metrics.csv,M2c_PPC_06_E90_Z0p18_H1p4_twofoci_center_checker_r2,synthetic_simulation,,,,,3.0,88.29879283630663,29.432930945435544,,,
M2c_PPC_09_E16_Z1p2_H0p75_ellipse_center_checker_r1,2d,H:\My Drive\MN_simulation\outputs\method2b\targeted_comsol_prior_pair_calibration_20260524\lesions\M2c_PPC_09_E16_Z1p2_H0p75_ellipse_center_checker_r1\interp_mean_kpa.csv,H:\My Drive\MN_simulation\outputs\method2b\targeted_comsol_prior_pair_calibration_20260524\lesions\M2c_PPC_09_E16_Z1p2_H0p75_ellipse_center_checker_r1\interp_lesion_mask.csv,,H:\My Drive\Manuscript\Sparse reconstruction\Figure2_data_reconstruction_20260526\tables\lesion_case_inventory_metrics.csv,M2c_PPC_09_E16_Z1p2_H0p75_ellipse_center_checker_r1,ellipse_or_cylinder,,,,,3.0,15.871114900590545,5.290371633530181,,,
M2c_PPC_08_E25_Z1p5_H0p75_ellipse_center_checker_r1,2d,H:\My Drive\MN_simulation\outputs\method2b\targeted_comsol_prior_pair_calibration_20260524\lesions\M2c_PPC_08_E25_Z1p5_H0p75_ellipse_center_checker_r1\interp_mean_kpa.csv,H:\My Drive\MN_simulation\outputs\method2b\targeted_comsol_prior_pair_calibration_20260524\lesions\M2c_PPC_08_E25_Z1p5_H0p75_ellipse_center_checker_r1\interp_lesion_mask.csv,,H:\My Drive\Manuscript\Sparse reconstruction\Figure2_data_reconstruction_20260526\tables\lesion_case_inventory_metrics.csv,M2c_PPC_08_E25_Z1p5_H0p75_ellipse_center_checker_r1,ellipse_or_cylinder,,,,,3.0,24.78789260495398,8.262630868317993,,,
M2c_PPC_10_E35_Z1p2_H0p75_ellipse_center_checker_r1,2d,H:\My Drive\MN_simulation\outputs\method2b\targeted_comsol_prior_pair_calibration_20260524\lesions\M2c_PPC_10_E35_Z1p2_H0p75_ellipse_center_checker_r1\interp_mean_kpa.csv,H:\My Drive\MN_simulation\outputs\method2b\targeted_comsol_prior_pair_calibration_20260524\lesions\M2c_PPC_10_E35_Z1p2_H0p75_ellipse_center_checker_r1\interp_lesion_mask.csv,,H:\My Drive\Manuscript\Sparse reconstruction\Figure2_data_reconstruction_20260526\tables\lesion_case_inventory_metrics.csv,M2c_PPC_10_E35_Z1p2_H0p75_ellipse_center_checker_r1,ellipse_or_cylinder,,,,,3.0,34.65736982039149,11.552456606797165,,,
M2c_PPC_12_E25_Z2p2_H0p75_twofoci_halfpitchxshift_checker_r1,2d,H:\My Drive\MN_simulation\outputs\method2b\targeted_comsol_prior_pair_calibration_20260524\lesions\M2c_PPC_12_E25_Z2p2_H0p75_twofoci_halfpitchxshift_checker_r1\interp_mean_kpa.csv,H:\My Drive\MN_simulation\outputs\method2b\targeted_comsol_prior_pair_calibration_20260524\lesions\M2c_PPC_12_E25_Z2p2_H0p75_twofoci_halfpitchxshift_checker_r1\interp_lesion_mask.csv,,H:\My Drive\Manuscript\Sparse reconstruction\Figure2_data_reconstruction_20260526\tables\lesion_case_inventory_metrics.csv,M2c_PPC_12_E25_Z2p2_H0p75_twofoci_halfpitchxshift_checker_r1,synthetic_simulation,,,,,3.0,24.323496043773925,8.107832014591308,,,
M2c_PPC_11_E25_Z0p9_H0p75_twofoci_halfpitchxshift_checker_r1,2d,H:\My Drive\MN_simulation\outputs\method2b\targeted_comsol_prior_pair_calibration_20260524\lesions\M2c_PPC_11_E25_Z0p9_H0p75_twofoci_halfpitchxshift_checker_r1\interp_mean_kpa.csv,H:\My Drive\MN_simulation\outputs\method2b\targeted_comsol_prior_pair_calibration_20260524\lesions\M2c_PPC_11_E25_Z0p9_H0p75_twofoci_halfpitchxshift_checker_r1\interp_lesion_mask.csv,,H:\My Drive\Manuscript\Sparse reconstruction\Figure2_data_reconstruction_20260526\tables\lesion_case_inventory_metrics.csv,M2c_PPC_11_E25_Z0p9_H0p75_twofoci_halfpitchxshift_checker_r1,synthetic_simulation,,,,,3.0,24.31082440967306,8.103608136557687,,,
M2c_PPC_14_E25_Z0p3_H0p75_twofoci_halfpitchxshift_checker_r2,2d,H:\My Drive\MN_simulation\outputs\method2b\targeted_comsol_prior_pair_calibration_20260524\lesions\M2c_PPC_14_E25_Z0p3_H0p75_twofoci_halfpitchxshift_checker_r2\interp_mean_kpa.csv,H:\My Drive\MN_simulation\outputs\method2b\targeted_comsol_prior_pair_calibration_20260524\lesions\M2c_PPC_14_E25_Z0p3_H0p75_twofoci_halfpitchxshift_checker_r2\interp_lesion_mask.csv,,H:\My Drive\Manuscript\Sparse reconstruction\Figure2_data_reconstruction_20260526\tables\lesion_case_inventory_metrics.csv,M2c_PPC_14_E25_Z0p3_H0p75_twofoci_halfpitchxshift_checker_r2,synthetic_simulation,,,,,3.0,24.353275831527057,8.11775861050902,,,
M2c_PPC_13_E25_Z3p8_H0p75_twofoci_halfpitchxshift_checker_r1,2d,H:\My Drive\MN_simulation\outputs\method2b\targeted_comsol_prior_pair_calibration_20260524\lesions\M2c_PPC_13_E25_Z3p8_H0p75_twofoci_halfpitchxshift_checker_r1\interp_mean_kpa.csv,H:\My Drive\MN_simulation\outputs\method2b\targeted_comsol_prior_pair_calibration_20260524\lesions\M2c_PPC_13_E25_Z3p8_H0p75_twofoci_halfpitchxshift_checker_r1\interp_lesion_mask.csv,,H:\My Drive\Manuscript\Sparse reconstruction\Figure2_data_reconstruction_20260526\tables\lesion_case_inventory_metrics.csv,M2c_PPC_13_E25_Z3p8_H0p75_twofoci_halfpitchxshift_checker_r1,synthetic_simulation,,,,,3.0,24.338068520864155,8.112689506954718,,,
M2c_PPC_15_E25_Z1p5_H0p75_twofoci_nearboundary_rim_soft_r2,2d,H:\My Drive\MN_simulation\outputs\method2b\targeted_comsol_prior_pair_calibration_20260524\lesions\M2c_PPC_15_E25_Z1p5_H0p75_twofoci_nearboundary_rim_soft_r2\interp_mean_kpa.csv,H:\My Drive\MN_simulation\outputs\method2b\targeted_comsol_prior_pair_calibration_20260524\lesions\M2c_PPC_15_E25_Z1p5_H0p75_twofoci_nearboundary_rim_soft_r2\interp_lesion_mask.csv,,H:\My Drive\Manuscript\Sparse reconstruction\Figure2_data_reconstruction_20260526\tables\lesion_case_inventory_metrics.csv,M2c_PPC_15_E25_Z1p5_H0p75_twofoci_nearboundary_rim_soft_r2,synthetic_simulation,,,,,3.0,24.60009433831173,8.20003144610391,,,
M2c_PPC_16_E45_Z3_H0p75_cylinder_nearboundary_nan_r1,2d,H:\My Drive\MN_simulation\outputs\method2b\targeted_comsol_prior_pair_calibration_20260524\lesions\M2c_PPC_16_E45_Z3_H0p75_cylinder_nearboundary_nan_r1\interp_mean_kpa.csv,H:\My Drive\MN_simulation\outputs\method2b\targeted_comsol_prior_pair_calibration_20260524\lesions\M2c_PPC_16_E45_Z3_H0p75_cylinder_nearboundary_nan_r1\interp_lesion_mask.csv,,H:\My Drive\Manuscript\Sparse reconstruction\Figure2_data_reconstruction_20260526\tables\lesion_case_inventory_metrics.csv,M2c_PPC_16_E45_Z3_H0p75_cylinder_nearboundary_nan_r1,ellipse_or_cylinder,,,,,3.0,44.30114422230604,14.767048074102014,,,
M2c_PPC_18_E45_Z3_H0p75_lobed_center_core_shell_r1,2d,H:\My Drive\MN_simulation\outputs\method2b\targeted_comsol_prior_pair_calibration_20260524\lesions\M2c_PPC_18_E45_Z3_H0p75_lobed_center_core_shell_r1\interp_mean_kpa.csv,H:\My Drive\MN_simulation\outputs\method2b\targeted_comsol_prior_pair_calibration_20260524\lesions\M2c_PPC_18_E45_Z3_H0p75_lobed_center_core_shell_r1\interp_lesion_mask.csv,,H:\My Drive\Manuscript\Sparse reconstruction\Figure2_data_reconstruction_20260526\tables\lesion_case_inventory_metrics.csv,M2c_PPC_18_E45_Z3_H0p75_lobed_center_core_shell_r1,synthetic_simulation,,,,,3.0,44.45898343699213,14.819661145664044,,,
M2c_PPC_17_E45_Z3_H0p75_ellipse_center_checker_r1,2d,H:\My Drive\MN_simulation\outputs\method2b\targeted_comsol_prior_pair_calibration_20260524\lesions\M2c_PPC_17_E45_Z3_H0p75_ellipse_center_checker_r1\interp_mean_kpa.csv,H:\My Drive\MN_simulation\outputs\method2b\targeted_comsol_prior_pair_calibration_20260524\lesions\M2c_PPC_17_E45_Z3_H0p75_ellipse_center_checker_r1\interp_lesion_mask.csv,,H:\My Drive\Manuscript\Sparse reconstruction\Figure2_data_reconstruction_20260526\tables\lesion_case_inventory_metrics.csv,M2c_PPC_17_E45_Z3_H0p75_ellipse_center_checker_r1,ellipse_or_cylinder,,,,,3.0,44.0600669140088,14.686688971336268,,,
M2c_PPC_20_E90_Z0p18_H1p4_cylinder_nearboundary_nan_r1,2d,H:\My Drive\MN_simulation\outputs\method2b\targeted_comsol_prior_pair_calibration_20260524\lesions\M2c_PPC_20_E90_Z0p18_H1p4_cylinder_nearboundary_nan_r1\interp_mean_kpa.csv,H:\My Drive\MN_simulation\outputs\method2b\targeted_comsol_prior_pair_calibration_20260524\lesions\M2c_PPC_20_E90_Z0p18_H1p4_cylinder_nearboundary_nan_r1\interp_lesion_mask.csv,,H:\My Drive\Manuscript\Sparse reconstruction\Figure2_data_reconstruction_20260526\tables\lesion_case_inventory_metrics.csv,M2c_PPC_20_E90_Z0p18_H1p4_cylinder_nearboundary_nan_r1,ellipse_or_cylinder,,,,,3.0,88.55237017477681,29.517456724925605,,,
M2c_PPC_19_E45_Z3_H0p75_twofoci_nearboundary_rim_soft_r1,2d,H:\My Drive\MN_simulation\outputs\method2b\targeted_comsol_prior_pair_calibration_20260524\lesions\M2c_PPC_19_E45_Z3_H0p75_twofoci_nearboundary_rim_soft_r1\interp_mean_kpa.csv,H:\My Drive\MN_simulation\outputs\method2b\targeted_comsol_prior_pair_calibration_20260524\lesions\M2c_PPC_19_E45_Z3_H0p75_twofoci_nearboundary_rim_soft_r1\interp_lesion_mask.csv,,H:\My Drive\Manuscript\Sparse reconstruction\Figure2_data_reconstruction_20260526\tables\lesion_case_inventory_metrics.csv,M2c_PPC_19_E45_Z3_H0p75_twofoci_nearboundary_rim_soft_r1,synthetic_simulation,,,,,3.0,44.21960663034729,14.739868876782433,,,
M2c_PPC_23_E90_Z0p18_H1p4_twofoci_nearboundary_rim_soft_r1,2d,H:\My Drive\MN_simulation\outputs\method2b\targeted_comsol_prior_pair_calibration_20260524\lesions\M2c_PPC_23_E90_Z0p18_H1p4_twofoci_nearboundary_rim_soft_r1\interp_mean_kpa.csv,H:\My Drive\MN_simulation\outputs\method2b\targeted_comsol_prior_pair_calibration_20260524\lesions\M2c_PPC_23_E90_Z0p18_H1p4_twofoci_nearboundary_rim_soft_r1\interp_lesion_mask.csv,,H:\My Drive\Manuscript\Sparse reconstruction\Figure2_data_reconstruction_20260526\tables\lesion_case_inventory_metrics.csv,M2c_PPC_23_E90_Z0p18_H1p4_twofoci_nearboundary_rim_soft_r1,synthetic_simulation,,,,,3.0,88.38347087714797,29.461156959049323,,,
M2c_PPC_22_E90_Z0p18_H1p4_lobed_center_core_shell_r1,2d,H:\My Drive\MN_simulation\outputs\method2b\targeted_comsol_prior_pair_calibration_20260524\lesions\M2c_PPC_22_E90_Z0p18_H1p4_lobed_center_core_shell_r1\interp_mean_kpa.csv,H:\My Drive\MN_simulation\outputs\method2b\targeted_comsol_prior_pair_calibration_20260524\lesions\M2c_PPC_22_E90_Z0p18_H1p4_lobed_center_core_shell_r1\interp_lesion_mask.csv,,H:\My Drive\Manuscript\Sparse reconstruction\Figure2_data_reconstruction_20260526\tables\lesion_case_inventory_metrics.csv,M2c_PPC_22_E90_Z0p18_H1p4_lobed_center_core_shell_r1,synthetic_simulation,,,,,3.0,88.87932283376942,29.62644094458981,,,
M2c_PPC_21_E90_Z0p18_H1p4_ellipse_center_checker_r1,2d,H:\My Drive\MN_simulation\outputs\method2b\targeted_comsol_prior_pair_calibration_20260524\lesions\M2c_PPC_21_E90_Z0p18_H1p4_ellipse_center_checker_r1\interp_mean_kpa.csv,H:\My Drive\MN_simulation\outputs\method2b\targeted_comsol_prior_pair_calibration_20260524\lesions\M2c_PPC_21_E90_Z0p18_H1p4_ellipse_center_checker_r1\interp_lesion_mask.csv,,H:\My Drive\Manuscript\Sparse reconstruction\Figure2_data_reconstruction_20260526\tables\lesion_case_inventory_metrics.csv,M2c_PPC_21_E90_Z0p18_H1p4_ellipse_center_checker_r1,ellipse_or_cylinder,,,,,3.0,89.05924876576248,29.68641625525416,,,
M2c_PPC_25_E60_Z1p2_H0p75_lobed_nearboundary_hotspot_r1,2d,H:\My Drive\MN_simulation\outputs\method2b\targeted_comsol_prior_pair_calibration_20260524\lesions\M2c_PPC_25_E60_Z1p2_H0p75_lobed_nearboundary_hotspot_r1\interp_mean_kpa.csv,H:\My Drive\MN_simulation\outputs\method2b\targeted_comsol_prior_pair_calibration_20260524\lesions\M2c_PPC_25_E60_Z1p2_H0p75_lobed_nearboundary_hotspot_r1\interp_lesion_mask.csv,,H:\My Drive\Manuscript\Sparse reconstruction\Figure2_data_reconstruction_20260526\tables\lesion_case_inventory_metrics.csv,M2c_PPC_25_E60_Z1p2_H0p75_lobed_nearboundary_hotspot_r1,synthetic_simulation,,,,,3.0,58.77502312082901,19.59167437360967,,,
M2c_PPC_24_E8_Z1p2_H0p75_lobed_nearboundary_hotspot_r1,2d,H:\My Drive\MN_simulation\outputs\method2b\targeted_comsol_prior_pair_calibration_20260524\lesions\M2c_PPC_24_E8_Z1p2_H0p75_lobed_nearboundary_hotspot_r1\interp_mean_kpa.csv,H:\My Drive\MN_simulation\outputs\method2b\targeted_comsol_prior_pair_calibration_20260524\lesions\M2c_PPC_24_E8_Z1p2_H0p75_lobed_nearboundary_hotspot_r1\interp_lesion_mask.csv,,H:\My Drive\Manuscript\Sparse reconstruction\Figure2_data_reconstruction_20260526\tables\lesion_case_inventory_metrics.csv,M2c_PPC_24_E8_Z1p2_H0p75_lobed_nearboundary_hotspot_r1,synthetic_simulation,,,,,3.0,7.893427202238475,2.631142400746158,,,
M2c_PPC_27_E35_Z1p2_H0p75_lobed_nearboundary_hotspot_r2,2d,H:\My Drive\MN_simulation\outputs\method2b\targeted_comsol_prior_pair_calibration_20260524\lesions\M2c_PPC_27_E35_Z1p2_H0p75_lobed_nearboundary_hotspot_r2\interp_mean_kpa.csv,H:\My Drive\MN_simulation\outputs\method2b\targeted_comsol_prior_pair_calibration_20260524\lesions\M2c_PPC_27_E35_Z1p2_H0p75_lobed_nearboundary_hotspot_r2\interp_lesion_mask.csv,,H:\My Drive\Manuscript\Sparse reconstruction\Figure2_data_reconstruction_20260526\tables\lesion_case_inventory_metrics.csv,M2c_PPC_27_E35_Z1p2_H0p75_lobed_nearboundary_hotspot_r2,synthetic_simulation,,,,,3.0,34.31369255148754,11.437897517162511,,,
M2c_PPC_26_E16_Z1p2_H0p75_lobed_nearboundary_hotspot_r2,2d,H:\My Drive\MN_simulation\outputs\method2b\targeted_comsol_prior_pair_calibration_20260524\lesions\M2c_PPC_26_E16_Z1p2_H0p75_lobed_nearboundary_hotspot_r2\interp_mean_kpa.csv,H:\My Drive\MN_simulation\outputs\method2b\targeted_comsol_prior_pair_calibration_20260524\lesions\M2c_PPC_26_E16_Z1p2_H0p75_lobed_nearboundary_hotspot_r2\interp_lesion_mask.csv,,H:\My Drive\Manuscript\Sparse reconstruction\Figure2_data_reconstruction_20260526\tables\lesion_case_inventory_metrics.csv,M2c_PPC_26_E16_Z1p2_H0p75_lobed_nearboundary_hotspot_r2,synthetic_simulation,,,,,3.0,15.724481783764505,5.241493927921501,,,
M2c_DPS_01_E16_Z1p2_H0p75_twofoci_nb_rim,2d,H:\My Drive\MN_simulation\outputs\method2b\targeted_comsol_disease_prior_stabilization_20260523\lesions\M2c_DPS_01_E16_Z1p2_H0p75_twofoci_nb_rim\interp_mean_kpa.csv,H:\My Drive\MN_simulation\outputs\method2b\targeted_comsol_disease_prior_stabilization_20260523\lesions\M2c_DPS_01_E16_Z1p2_H0p75_twofoci_nb_rim\interp_lesion_mask.csv,,H:\My Drive\Manuscript\Sparse reconstruction\Figure2_data_reconstruction_20260526\tables\lesion_case_inventory_metrics.csv,M2c_DPS_01_E16_Z1p2_H0p75_twofoci_nb_rim,synthetic_simulation,,,,,3.0,15.758449671297972,5.252816557099324,,,
M2c_DPS_03_E16_Z1p2_H0p75_lobed_lower_hotspot,2d,H:\My Drive\MN_simulation\outputs\method2b\targeted_comsol_disease_prior_stabilization_20260523\lesions\M2c_DPS_03_E16_Z1p2_H0p75_lobed_lower_hotspot\interp_mean_kpa.csv,H:\My Drive\MN_simulation\outputs\method2b\targeted_comsol_disease_prior_stabilization_20260523\lesions\M2c_DPS_03_E16_Z1p2_H0p75_lobed_lower_hotspot\interp_lesion_mask.csv,,H:\My Drive\Manuscript\Sparse reconstruction\Figure2_data_reconstruction_20260526\tables\lesion_case_inventory_metrics.csv,M2c_DPS_03_E16_Z1p2_H0p75_lobed_lower_hotspot,synthetic_simulation,,,,,3.0,15.717066309410024,5.239022103136675,,,
M2c_DPS_02_E16_Z1p2_H0p75_crescent_upper_rim,2d,H:\My Drive\MN_simulation\outputs\method2b\targeted_comsol_disease_prior_stabilization_20260523\lesions\M2c_DPS_02_E16_Z1p2_H0p75_crescent_upper_rim\interp_mean_kpa.csv,H:\My Drive\MN_simulation\outputs\method2b\targeted_comsol_disease_prior_stabilization_20260523\lesions\M2c_DPS_02_E16_Z1p2_H0p75_crescent_upper_rim\interp_lesion_mask.csv,,H:\My Drive\Manuscript\Sparse reconstruction\Figure2_data_reconstruction_20260526\tables\lesion_case_inventory_metrics.csv,M2c_DPS_02_E16_Z1p2_H0p75_crescent_upper_rim,synthetic_simulation,,,,,3.0,15.571534105638532,5.1905113685461775,,,
M2c_DPS_06_E35_Z1p2_H0p75_crescent_upper_rim,2d,H:\My Drive\MN_simulation\outputs\method2b\targeted_comsol_disease_prior_stabilization_20260523\lesions\M2c_DPS_06_E35_Z1p2_H0p75_crescent_upper_rim\interp_mean_kpa.csv,H:\My Drive\MN_simulation\outputs\method2b\targeted_comsol_disease_prior_stabilization_20260523\lesions\M2c_DPS_06_E35_Z1p2_H0p75_crescent_upper_rim\interp_lesion_mask.csv,,H:\My Drive\Manuscript\Sparse reconstruction\Figure2_data_reconstruction_20260526\tables\lesion_case_inventory_metrics.csv,M2c_DPS_06_E35_Z1p2_H0p75_crescent_upper_rim,synthetic_simulation,,,,,3.0,33.94531472157177,11.31510490719059,,,
M2c_DPS_04_E16_Z1p2_H0p75_ellipse_upper_checker,2d,H:\My Drive\MN_simulation\outputs\method2b\targeted_comsol_disease_prior_stabilization_20260523\lesions\M2c_DPS_04_E16_Z1p2_H0p75_ellipse_upper_checker\interp_mean_kpa.csv,H:\My Drive\MN_simulation\outputs\method2b\targeted_comsol_disease_prior_stabilization_20260523\lesions\M2c_DPS_04_E16_Z1p2_H0p75_ellipse_upper_checker\interp_lesion_mask.csv,,H:\My Drive\Manuscript\Sparse reconstruction\Figure2_data_reconstruction_20260526\tables\lesion_case_inventory_metrics.csv,M2c_DPS_04_E16_Z1p2_H0p75_ellipse_upper_checker,ellipse_or_cylinder,,,,,3.0,15.871672279090372,5.290557426363457,,,
M2c_DPS_05_E35_Z1p2_H0p75_twofoci_nb_rim,2d,H:\My Drive\MN_simulation\outputs\method2b\targeted_comsol_disease_prior_stabilization_20260523\lesions\M2c_DPS_05_E35_Z1p2_H0p75_twofoci_nb_rim\interp_mean_kpa.csv,H:\My Drive\MN_simulation\outputs\method2b\targeted_comsol_disease_prior_stabilization_20260523\lesions\M2c_DPS_05_E35_Z1p2_H0p75_twofoci_nb_rim\interp_lesion_mask.csv,,H:\My Drive\Manuscript\Sparse reconstruction\Figure2_data_reconstruction_20260526\tables\lesion_case_inventory_metrics.csv,M2c_DPS_05_E35_Z1p2_H0p75_twofoci_nb_rim,synthetic_simulation,,,,,3.0,34.4054145755027,11.468471525167566,,,
M2c_DPS_09_E90_Z0p18_H1p4_twofoci_lower_core,2d,H:\My Drive\MN_simulation\outputs\method2b\targeted_comsol_disease_prior_stabilization_20260523\lesions\M2c_DPS_09_E90_Z0p18_H1p4_twofoci_lower_core\interp_mean_kpa.csv,H:\My Drive\MN_simulation\outputs\method2b\targeted_comsol_disease_prior_stabilization_20260523\lesions\M2c_DPS_09_E90_Z0p18_H1p4_twofoci_lower_core\interp_lesion_mask.csv,,H:\My Drive\Manuscript\Sparse reconstruction\Figure2_data_reconstruction_20260526\tables\lesion_case_inventory_metrics.csv,M2c_DPS_09_E90_Z0p18_H1p4_twofoci_lower_core,synthetic_simulation,,,,,3.0,87.76782636878401,29.255942122928005,,,
M2c_DPS_07_E35_Z1p2_H0p75_lobed_lower_hotspot,2d,H:\My Drive\MN_simulation\outputs\method2b\targeted_comsol_disease_prior_stabilization_20260523\lesions\M2c_DPS_07_E35_Z1p2_H0p75_lobed_lower_hotspot\interp_mean_kpa.csv,H:\My Drive\MN_simulation\outputs\method2b\targeted_comsol_disease_prior_stabilization_20260523\lesions\M2c_DPS_07_E35_Z1p2_H0p75_lobed_lower_hotspot\interp_lesion_mask.csv,,H:\My Drive\Manuscript\Sparse reconstruction\Figure2_data_reconstruction_20260526\tables\lesion_case_inventory_metrics.csv,M2c_DPS_07_E35_Z1p2_H0p75_lobed_lower_hotspot,synthetic_simulation,,,,,3.0,34.28032297202842,11.426774324009472,,,
M2c_DPS_08_E35_Z1p2_H0p75_ellipse_upper_checker,2d,H:\My Drive\MN_simulation\outputs\method2b\targeted_comsol_disease_prior_stabilization_20260523\lesions\M2c_DPS_08_E35_Z1p2_H0p75_ellipse_upper_checker\interp_mean_kpa.csv,H:\My Drive\MN_simulation\outputs\method2b\targeted_comsol_disease_prior_stabilization_20260523\lesions\M2c_DPS_08_E35_Z1p2_H0p75_ellipse_upper_checker\interp_lesion_mask.csv,,H:\My Drive\Manuscript\Sparse reconstruction\Figure2_data_reconstruction_20260526\tables\lesion_case_inventory_metrics.csv,M2c_DPS_08_E35_Z1p2_H0p75_ellipse_upper_checker,ellipse_or_cylinder,,,,,3.0,34.67554682968127,11.558515609893757,,,
M2c_DPS_10_E90_Z0p18_H1p4_crescent_upper_rim,2d,H:\My Drive\MN_simulation\outputs\method2b\targeted_comsol_disease_prior_stabilization_20260523\lesions\M2c_DPS_10_E90_Z0p18_H1p4_crescent_upper_rim\interp_mean_kpa.csv,H:\My Drive\MN_simulation\outputs\method2b\targeted_comsol_disease_prior_stabilization_20260523\lesions\M2c_DPS_10_E90_Z0p18_H1p4_crescent_upper_rim\interp_lesion_mask.csv,,H:\My Drive\Manuscript\Sparse reconstruction\Figure2_data_reconstruction_20260526\tables\lesion_case_inventory_metrics.csv,M2c_DPS_10_E90_Z0p18_H1p4_crescent_upper_rim,synthetic_simulation,,,,,3.0,87.13257439927327,29.044191466424422,,,
M2c_DPS_13_E25_Z1p5_H0p75_crescent_center_core,2d,H:\My Drive\MN_simulation\outputs\method2b\targeted_comsol_disease_prior_stabilization_20260523\lesions\M2c_DPS_13_E25_Z1p5_H0p75_crescent_center_core\interp_mean_kpa.csv,H:\My Drive\MN_simulation\outputs\method2b\targeted_comsol_disease_prior_stabilization_20260523\lesions\M2c_DPS_13_E25_Z1p5_H0p75_crescent_center_core\interp_lesion_mask.csv,,H:\My Drive\Manuscript\Sparse reconstruction\Figure2_data_reconstruction_20260526\tables\lesion_case_inventory_metrics.csv,M2c_DPS_13_E25_Z1p5_H0p75_crescent_center_core,synthetic_simulation,,,,,3.0,23.99515267918884,7.99838422639628,,,
M2c_DPS_11_E90_Z0p18_H1p4_lobed_lower_hotspot,2d,H:\My Drive\MN_simulation\outputs\method2b\targeted_comsol_disease_prior_stabilization_20260523\lesions\M2c_DPS_11_E90_Z0p18_H1p4_lobed_lower_hotspot\interp_mean_kpa.csv,H:\My Drive\MN_simulation\outputs\method2b\targeted_comsol_disease_prior_stabilization_20260523\lesions\M2c_DPS_11_E90_Z0p18_H1p4_lobed_lower_hotspot\interp_lesion_mask.csv,,H:\My Drive\Manuscript\Sparse reconstruction\Figure2_data_reconstruction_20260526\tables\lesion_case_inventory_metrics.csv,M2c_DPS_11_E90_Z0p18_H1p4_lobed_lower_hotspot,synthetic_simulation,,,,,3.0,88.13905907426768,29.379686358089227,,,
M2c_DPS_12_E90_Z0p18_H1p4_ellipse_upper_checker,2d,H:\My Drive\MN_simulation\outputs\method2b\targeted_comsol_disease_prior_stabilization_20260523\lesions\M2c_DPS_12_E90_Z0p18_H1p4_ellipse_upper_checker\interp_mean_kpa.csv,H:\My Drive\MN_simulation\outputs\method2b\targeted_comsol_disease_prior_stabilization_20260523\lesions\M2c_DPS_12_E90_Z0p18_H1p4_ellipse_upper_checker\interp_lesion_mask.csv,,H:\My Drive\Manuscript\Sparse reconstruction\Figure2_data_reconstruction_20260526\tables\lesion_case_inventory_metrics.csv,M2c_DPS_12_E90_Z0p18_H1p4_ellipse_upper_checker,ellipse_or_cylinder,,,,,3.0,88.65507149766381,29.55169049922127,,,
M2c_DPS_16_E25_Z1p5_H0p75_twofoci_half_hotspot,2d,H:\My Drive\MN_simulation\outputs\method2b\targeted_comsol_disease_prior_stabilization_20260523\lesions\M2c_DPS_16_E25_Z1p5_H0p75_twofoci_half_hotspot\interp_mean_kpa.csv,H:\My Drive\MN_simulation\outputs\method2b\targeted_comsol_disease_prior_stabilization_20260523\lesions\M2c_DPS_16_E25_Z1p5_H0p75_twofoci_half_hotspot\interp_lesion_mask.csv,,H:\My Drive\Manuscript\Sparse reconstruction\Figure2_data_reconstruction_20260526\tables\lesion_case_inventory_metrics.csv,M2c_DPS_16_E25_Z1p5_H0p75_twofoci_half_hotspot,synthetic_simulation,,,,,3.0,24.44791233597811,8.149304111992704,,,
M2c_DPS_15_E25_Z1p5_H0p75_ellipse_nb_rim,2d,H:\My Drive\MN_simulation\outputs\method2b\targeted_comsol_disease_prior_stabilization_20260523\lesions\M2c_DPS_15_E25_Z1p5_H0p75_ellipse_nb_rim\interp_mean_kpa.csv,H:\My Drive\MN_simulation\outputs\method2b\targeted_comsol_disease_prior_stabilization_20260523\lesions\M2c_DPS_15_E25_Z1p5_H0p75_ellipse_nb_rim\interp_lesion_mask.csv,,H:\My Drive\Manuscript\Sparse reconstruction\Figure2_data_reconstruction_20260526\tables\lesion_case_inventory_metrics.csv,M2c_DPS_15_E25_Z1p5_H0p75_ellipse_nb_rim,ellipse_or_cylinder,,,,,3.0,24.74374341416745,8.24791447138915,,,
M2c_DPS_14_E25_Z1p5_H0p75_lobed_center_gradient,2d,H:\My Drive\MN_simulation\outputs\method2b\targeted_comsol_disease_prior_stabilization_20260523\lesions\M2c_DPS_14_E25_Z1p5_H0p75_lobed_center_gradient\interp_mean_kpa.csv,H:\My Drive\MN_simulation\outputs\method2b\targeted_comsol_disease_prior_stabilization_20260523\lesions\M2c_DPS_14_E25_Z1p5_H0p75_lobed_center_gradient\interp_lesion_mask.csv,,H:\My Drive\Manuscript\Sparse reconstruction\Figure2_data_reconstruction_20260526\tables\lesion_case_inventory_metrics.csv,M2c_DPS_14_E25_Z1p5_H0p75_lobed_center_gradient,synthetic_simulation,,,,,3.0,24.58309265850925,8.194364219503084,,,
M2c_DPS_19_E45_Z3_H0p75_ellipse_nb_rim,2d,H:\My Drive\MN_simulation\outputs\method2b\targeted_comsol_disease_prior_stabilization_20260523\lesions\M2c_DPS_19_E45_Z3_H0p75_ellipse_nb_rim\interp_mean_kpa.csv,H:\My Drive\MN_simulation\outputs\method2b\targeted_comsol_disease_prior_stabilization_20260523\lesions\M2c_DPS_19_E45_Z3_H0p75_ellipse_nb_rim\interp_lesion_mask.csv,,H:\My Drive\Manuscript\Sparse reconstruction\Figure2_data_reconstruction_20260526\tables\lesion_case_inventory_metrics.csv,M2c_DPS_19_E45_Z3_H0p75_ellipse_nb_rim,ellipse_or_cylinder,,,,,3.0,44.510782881592405,14.836927627197468,,,
M2c_DPS_18_E45_Z3_H0p75_lobed_center_gradient,2d,H:\My Drive\MN_simulation\outputs\method2b\targeted_comsol_disease_prior_stabilization_20260523\lesions\M2c_DPS_18_E45_Z3_H0p75_lobed_center_gradient\interp_mean_kpa.csv,H:\My Drive\MN_simulation\outputs\method2b\targeted_comsol_disease_prior_stabilization_20260523\lesions\M2c_DPS_18_E45_Z3_H0p75_lobed_center_gradient\interp_lesion_mask.csv,,H:\My Drive\Manuscript\Sparse reconstruction\Figure2_data_reconstruction_20260526\tables\lesion_case_inventory_metrics.csv,M2c_DPS_18_E45_Z3_H0p75_lobed_center_gradient,synthetic_simulation,,,,,3.0,44.20408598442677,14.734695328142257,,,
M2c_DPS_17_E45_Z3_H0p75_crescent_center_core,2d,H:\My Drive\MN_simulation\outputs\method2b\targeted_comsol_disease_prior_stabilization_20260523\lesions\M2c_DPS_17_E45_Z3_H0p75_crescent_center_core\interp_mean_kpa.csv,H:\My Drive\MN_simulation\outputs\method2b\targeted_comsol_disease_prior_stabilization_20260523\lesions\M2c_DPS_17_E45_Z3_H0p75_crescent_center_core\interp_lesion_mask.csv,,H:\My Drive\Manuscript\Sparse reconstruction\Figure2_data_reconstruction_20260526\tables\lesion_case_inventory_metrics.csv,M2c_DPS_17_E45_Z3_H0p75_crescent_center_core,synthetic_simulation,,,,,3.0,43.08165511481506,14.360551704938352,,,
M2c_DPS_22_E85_Z3p9_H0p45_crescent_upper_rim,2d,H:\My Drive\MN_simulation\outputs\method2b\targeted_comsol_disease_prior_stabilization_20260523\lesions\M2c_DPS_22_E85_Z3p9_H0p45_crescent_upper_rim\interp_mean_kpa.csv,H:\My Drive\MN_simulation\outputs\method2b\targeted_comsol_disease_prior_stabilization_20260523\lesions\M2c_DPS_22_E85_Z3p9_H0p45_crescent_upper_rim\interp_lesion_mask.csv,,H:\My Drive\Manuscript\Sparse reconstruction\Figure2_data_reconstruction_20260526\tables\lesion_case_inventory_metrics.csv,M2c_DPS_22_E85_Z3p9_H0p45_crescent_upper_rim,synthetic_simulation,,,,,3.0,82.29736897402766,27.432456324675886,,,
M2c_DPS_20_E45_Z3_H0p75_twofoci_half_hotspot,2d,H:\My Drive\MN_simulation\outputs\method2b\targeted_comsol_disease_prior_stabilization_20260523\lesions\M2c_DPS_20_E45_Z3_H0p75_twofoci_half_hotspot\interp_mean_kpa.csv,H:\My Drive\MN_simulation\outputs\method2b\targeted_comsol_disease_prior_stabilization_20260523\lesions\M2c_DPS_20_E45_Z3_H0p75_twofoci_half_hotspot\interp_lesion_mask.csv,,H:\My Drive\Manuscript\Sparse reconstruction\Figure2_data_reconstruction_20260526\tables\lesion_case_inventory_metrics.csv,M2c_DPS_20_E45_Z3_H0p75_twofoci_half_hotspot,synthetic_simulation,,,,,3.0,43.99476497662693,14.664921658875643,,,
M2c_DPS_21_E85_Z3p9_H0p45_twofoci_nb_rim,2d,H:\My Drive\MN_simulation\outputs\method2b\targeted_comsol_disease_prior_stabilization_20260523\lesions\M2c_DPS_21_E85_Z3p9_H0p45_twofoci_nb_rim\interp_mean_kpa.csv,H:\My Drive\MN_simulation\outputs\method2b\targeted_comsol_disease_prior_stabilization_20260523\lesions\M2c_DPS_21_E85_Z3p9_H0p45_twofoci_nb_rim\interp_lesion_mask.csv,,H:\My Drive\Manuscript\Sparse reconstruction\Figure2_data_reconstruction_20260526\tables\lesion_case_inventory_metrics.csv,M2c_DPS_21_E85_Z3p9_H0p45_twofoci_nb_rim,synthetic_simulation,,,,,3.0,83.47637484972566,27.82545828324189,,,
M2c_DPS_25_E5_Z0p25_H1p1_twofoci_nb_rim,2d,H:\My Drive\MN_simulation\outputs\method2b\targeted_comsol_disease_prior_stabilization_20260523\lesions\M2c_DPS_25_E5_Z0p25_H1p1_twofoci_nb_rim\interp_mean_kpa.csv,H:\My Drive\MN_simulation\outputs\method2b\targeted_comsol_disease_prior_stabilization_20260523\lesions\M2c_DPS_25_E5_Z0p25_H1p1_twofoci_nb_rim\interp_lesion_mask.csv,,H:\My Drive\Manuscript\Sparse reconstruction\Figure2_data_reconstruction_20260526\tables\lesion_case_inventory_metrics.csv,M2c_DPS_25_E5_Z0p25_H1p1_twofoci_nb_rim,synthetic_simulation,,,,,3.0,4.962838410968918,1.6542794703229726,,,
M2c_DPS_24_E85_Z3p9_H0p45_ellipse_upper_checker,2d,H:\My Drive\MN_simulation\outputs\method2b\targeted_comsol_disease_prior_stabilization_20260523\lesions\M2c_DPS_24_E85_Z3p9_H0p45_ellipse_upper_checker\interp_mean_kpa.csv,H:\My Drive\MN_simulation\outputs\method2b\targeted_comsol_disease_prior_stabilization_20260523\lesions\M2c_DPS_24_E85_Z3p9_H0p45_ellipse_upper_checker\interp_lesion_mask.csv,,H:\My Drive\Manuscript\Sparse reconstruction\Figure2_data_reconstruction_20260526\tables\lesion_case_inventory_metrics.csv,M2c_DPS_24_E85_Z3p9_H0p45_ellipse_upper_checker,ellipse_or_cylinder,,,,,3.0,84.10853297182304,28.036177657274347,,,
M2c_DPS_23_E85_Z3p9_H0p45_lobed_lower_hotspot,2d,H:\My Drive\MN_simulation\outputs\method2b\targeted_comsol_disease_prior_stabilization_20260523\lesions\M2c_DPS_23_E85_Z3p9_H0p45_lobed_lower_hotspot\interp_mean_kpa.csv,H:\My Drive\MN_simulation\outputs\method2b\targeted_comsol_disease_prior_stabilization_20260523\lesions\M2c_DPS_23_E85_Z3p9_H0p45_lobed_lower_hotspot\interp_lesion_mask.csv,,H:\My Drive\Manuscript\Sparse reconstruction\Figure2_data_reconstruction_20260526\tables\lesion_case_inventory_metrics.csv,M2c_DPS_23_E85_Z3p9_H0p45_lobed_lower_hotspot,synthetic_simulation,,,,,3.0,83.25469248648137,27.75156416216046,,,
M2c_DPS_27_E5_Z0p25_H1p1_lobed_lower_hotspot,2d,H:\My Drive\MN_simulation\outputs\method2b\targeted_comsol_disease_prior_stabilization_20260523\lesions\M2c_DPS_27_E5_Z0p25_H1p1_lobed_lower_hotspot\interp_mean_kpa.csv,H:\My Drive\MN_simulation\outputs\method2b\targeted_comsol_disease_prior_stabilization_20260523\lesions\M2c_DPS_27_E5_Z0p25_H1p1_lobed_lower_hotspot\interp_lesion_mask.csv,,H:\My Drive\Manuscript\Sparse reconstruction\Figure2_data_reconstruction_20260526\tables\lesion_case_inventory_metrics.csv,M2c_DPS_27_E5_Z0p25_H1p1_lobed_lower_hotspot,synthetic_simulation,,,,,3.0,4.955354326978371,1.651784775659457,,,
M2c_DPS_26_E5_Z0p25_H1p1_crescent_upper_rim,2d,H:\My Drive\MN_simulation\outputs\method2b\targeted_comsol_disease_prior_stabilization_20260523\lesions\M2c_DPS_26_E5_Z0p25_H1p1_crescent_upper_rim\interp_mean_kpa.csv,H:\My Drive\MN_simulation\outputs\method2b\targeted_comsol_disease_prior_stabilization_20260523\lesions\M2c_DPS_26_E5_Z0p25_H1p1_crescent_upper_rim\interp_lesion_mask.csv,,H:\My Drive\Manuscript\Sparse reconstruction\Figure2_data_reconstruction_20260526\tables\lesion_case_inventory_metrics.csv,M2c_DPS_26_E5_Z0p25_H1p1_crescent_upper_rim,synthetic_simulation,,,,,3.0,4.934082170098236,1.644694056699412,,,
M2c_DPS_28_E5_Z0p25_H1p1_ellipse_upper_checker,2d,H:\My Drive\MN_simulation\outputs\method2b\targeted_comsol_disease_prior_stabilization_20260523\lesions\M2c_DPS_28_E5_Z0p25_H1p1_ellipse_upper_checker\interp_mean_kpa.csv,H:\My Drive\MN_simulation\outputs\method2b\targeted_comsol_disease_prior_stabilization_20260523\lesions\M2c_DPS_28_E5_Z0p25_H1p1_ellipse_upper_checker\interp_lesion_mask.csv,,H:\My Drive\Manuscript\Sparse reconstruction\Figure2_data_reconstruction_20260526\tables\lesion_case_inventory_metrics.csv,M2c_DPS_28_E5_Z0p25_H1p1_ellipse_upper_checker,ellipse_or_cylinder,,,,,3.0,4.980970191269359,1.6603233970897862,,,
M2c_CFEM_02_E95_Z4p4_H0p35_twofoci_half_checker,2d,H:\My Drive\MN_simulation\outputs\method2b\targeted_comsol_counterfactual_20260521\lesions\M2c_CFEM_02_E95_Z4p4_H0p35_twofoci_half_checker\interp_mean_kpa.csv,H:\My Drive\MN_simulation\outputs\method2b\targeted_comsol_counterfactual_20260521\lesions\M2c_CFEM_02_E95_Z4p4_H0p35_twofoci_half_checker\interp_lesion_mask.csv,,H:\My Drive\Manuscript\Sparse reconstruction\Figure2_data_reconstruction_20260526\tables\lesion_case_inventory_metrics.csv,M2c_CFEM_02_E95_Z4p4_H0p35_twofoci_half_checker,synthetic_simulation,,,,,3.0,93.38632879423454,31.128776264744847,,,
M2c_CFEM_03_E90_Z0p08_H0p75_crescent_center_hotspot,2d,H:\My Drive\MN_simulation\outputs\method2b\targeted_comsol_counterfactual_20260521\lesions\M2c_CFEM_03_E90_Z0p08_H0p75_crescent_center_hotspot\interp_mean_kpa.csv,H:\My Drive\MN_simulation\outputs\method2b\targeted_comsol_counterfactual_20260521\lesions\M2c_CFEM_03_E90_Z0p08_H0p75_crescent_center_hotspot\interp_lesion_mask.csv,,H:\My Drive\Manuscript\Sparse reconstruction\Figure2_data_reconstruction_20260526\tables\lesion_case_inventory_metrics.csv,M2c_CFEM_03_E90_Z0p08_H0p75_crescent_center_hotspot,synthetic_simulation,,,,,3.0,86.11105652552271,28.70368550850757,,,
M2c_CFEM_04_E90_Z0p12_H0p25_lobed_nb_gradient,2d,H:\My Drive\MN_simulation\outputs\method2b\targeted_comsol_counterfactual_20260521\lesions\M2c_CFEM_04_E90_Z0p12_H0p25_lobed_nb_gradient\interp_mean_kpa.csv,H:\My Drive\MN_simulation\outputs\method2b\targeted_comsol_counterfactual_20260521\lesions\M2c_CFEM_04_E90_Z0p12_H0p25_lobed_nb_gradient\interp_lesion_mask.csv,,H:\My Drive\Manuscript\Sparse reconstruction\Figure2_data_reconstruction_20260526\tables\lesion_case_inventory_metrics.csv,M2c_CFEM_04_E90_Z0p12_H0p25_lobed_nb_gradient,synthetic_simulation,,,,,3.0,88.38000371105852,29.460001237019508,,,
M2c_CFEM_01_E95_Z0p15_H1p65_ellipse_nb_core,2d,H:\My Drive\MN_simulation\outputs\method2b\targeted_comsol_counterfactual_20260521\lesions\M2c_CFEM_01_E95_Z0p15_H1p65_ellipse_nb_core\interp_mean_kpa.csv,H:\My Drive\MN_simulation\outputs\method2b\targeted_comsol_counterfactual_20260521\lesions\M2c_CFEM_01_E95_Z0p15_H1p65_ellipse_nb_core\interp_lesion_mask.csv,,H:\My Drive\Manuscript\Sparse reconstruction\Figure2_data_reconstruction_20260526\tables\lesion_case_inventory_metrics.csv,M2c_CFEM_01_E95_Z0p15_H1p65_ellipse_nb_core,ellipse_or_cylinder,,,,,3.0,93.31841380967823,31.106137936559417,,,
M2c_CFEM_07_E5_Z4p4_H0p35_twofoci_half_checker,2d,H:\My Drive\MN_simulation\outputs\method2b\targeted_comsol_counterfactual_20260521\lesions\M2c_CFEM_07_E5_Z4p4_H0p35_twofoci_half_checker\interp_mean_kpa.csv,H:\My Drive\MN_simulation\outputs\method2b\targeted_comsol_counterfactual_20260521\lesions\M2c_CFEM_07_E5_Z4p4_H0p35_twofoci_half_checker\interp_lesion_mask.csv,,H:\My Drive\Manuscript\Sparse reconstruction\Figure2_data_reconstruction_20260526\tables\lesion_case_inventory_metrics.csv,M2c_CFEM_07_E5_Z4p4_H0p35_twofoci_half_checker,synthetic_simulation,,,,,3.0,4.963157946134168,1.6543859820447226,,,
M2c_CFEM_06_E90_Z4p65_H0p75_ellipse_nb_core,2d,H:\My Drive\MN_simulation\outputs\method2b\targeted_comsol_counterfactual_20260521\lesions\M2c_CFEM_06_E90_Z4p65_H0p75_ellipse_nb_core\interp_mean_kpa.csv,H:\My Drive\MN_simulation\outputs\method2b\targeted_comsol_counterfactual_20260521\lesions\M2c_CFEM_06_E90_Z4p65_H0p75_ellipse_nb_core\interp_lesion_mask.csv,,H:\My Drive\Manuscript\Sparse reconstruction\Figure2_data_reconstruction_20260526\tables\lesion_case_inventory_metrics.csv,M2c_CFEM_06_E90_Z4p65_H0p75_ellipse_nb_core,ellipse_or_cylinder,,,,,3.0,88.40980436350009,29.469934787833363,,,
M2c_CFEM_05_E90_Z0p12_H1p95_ellipse_half_rim,2d,H:\My Drive\MN_simulation\outputs\method2b\targeted_comsol_counterfactual_20260521\lesions\M2c_CFEM_05_E90_Z0p12_H1p95_ellipse_half_rim\interp_mean_kpa.csv,H:\My Drive\MN_simulation\outputs\method2b\targeted_comsol_counterfactual_20260521\lesions\M2c_CFEM_05_E90_Z0p12_H1p95_ellipse_half_rim\interp_lesion_mask.csv,,H:\My Drive\Manuscript\Sparse reconstruction\Figure2_data_reconstruction_20260526\tables\lesion_case_inventory_metrics.csv,M2c_CFEM_05_E90_Z0p12_H1p95_ellipse_half_rim,ellipse_or_cylinder,,,,,3.0,87.8208207852588,29.2736069284196,,,
M2c_CFEM_08_E3_Z0p15_H1p65_crescent_center_hotspot,2d,H:\My Drive\MN_simulation\outputs\method2b\targeted_comsol_counterfactual_20260521\lesions\M2c_CFEM_08_E3_Z0p15_H1p65_crescent_center_hotspot\interp_mean_kpa.csv,H:\My Drive\MN_simulation\outputs\method2b\targeted_comsol_counterfactual_20260521\lesions\M2c_CFEM_08_E3_Z0p15_H1p65_crescent_center_hotspot\interp_lesion_mask.csv,,H:\My Drive\Manuscript\Sparse reconstruction\Figure2_data_reconstruction_20260526\tables\lesion_case_inventory_metrics.csv,M2c_CFEM_08_E3_Z0p15_H1p65_crescent_center_hotspot,synthetic_simulation,,,,,3.0,3.0,1.0,,,
M2c_CFEM_11_E55_Z1p6_H0p75_ellipse_nb_core,2d,H:\My Drive\MN_simulation\outputs\method2b\targeted_comsol_counterfactual_20260521\lesions\M2c_CFEM_11_E55_Z1p6_H0p75_ellipse_nb_core\interp_mean_kpa.csv,H:\My Drive\MN_simulation\outputs\method2b\targeted_comsol_counterfactual_20260521\lesions\M2c_CFEM_11_E55_Z1p6_H0p75_ellipse_nb_core\interp_lesion_mask.csv,,H:\My Drive\Manuscript\Sparse reconstruction\Figure2_data_reconstruction_20260526\tables\lesion_case_inventory_metrics.csv,M2c_CFEM_11_E55_Z1p6_H0p75_ellipse_nb_core,ellipse_or_cylinder,,,,,3.0,54.04953824025292,18.016512746750973,,,
M2c_CFEM_12_E8_Z1p6_H0p75_twofoci_half_checker,2d,H:\My Drive\MN_simulation\outputs\method2b\targeted_comsol_counterfactual_20260521\lesions\M2c_CFEM_12_E8_Z1p6_H0p75_twofoci_half_checker\interp_mean_kpa.csv,H:\My Drive\MN_simulation\outputs\method2b\targeted_comsol_counterfactual_20260521\lesions\M2c_CFEM_12_E8_Z1p6_H0p75_twofoci_half_checker\interp_lesion_mask.csv,,H:\My Drive\Manuscript\Sparse reconstruction\Figure2_data_reconstruction_20260526\tables\lesion_case_inventory_metrics.csv,M2c_CFEM_12_E8_Z1p6_H0p75_twofoci_half_checker,synthetic_simulation,,,,,3.0,7.886076169151386,2.6286920563837954,,,
M2c_CFEM_10_E55_Z0p35_H1p2_ellipse_half_rim,2d,H:\My Drive\MN_simulation\outputs\method2b\targeted_comsol_counterfactual_20260521\lesions\M2c_CFEM_10_E55_Z0p35_H1p2_ellipse_half_rim\interp_mean_kpa.csv,H:\My Drive\MN_simulation\outputs\method2b\targeted_comsol_counterfactual_20260521\lesions\M2c_CFEM_10_E55_Z0p35_H1p2_ellipse_half_rim\interp_lesion_mask.csv,,H:\My Drive\Manuscript\Sparse reconstruction\Figure2_data_reconstruction_20260526\tables\lesion_case_inventory_metrics.csv,M2c_CFEM_10_E55_Z0p35_H1p2_ellipse_half_rim,ellipse_or_cylinder,,,,,3.0,53.69750207854549,17.899167359515165,,,
M2c_CFEM_09_E85_Z3p9_H0p45_lobed_nb_gradient,2d,H:\My Drive\MN_simulation\outputs\method2b\targeted_comsol_counterfactual_20260521\lesions\M2c_CFEM_09_E85_Z3p9_H0p45_lobed_nb_gradient\interp_mean_kpa.csv,H:\My Drive\MN_simulation\outputs\method2b\targeted_comsol_counterfactual_20260521\lesions\M2c_CFEM_09_E85_Z3p9_H0p45_lobed_nb_gradient\interp_lesion_mask.csv,,H:\My Drive\Manuscript\Sparse reconstruction\Figure2_data_reconstruction_20260526\tables\lesion_case_inventory_metrics.csv,M2c_CFEM_09_E85_Z3p9_H0p45_lobed_nb_gradient,synthetic_simulation,,,,,3.0,83.47310694605515,27.824368982018385,,,
M2c_CFEM_14_E5_Z0p25_H1p1_lobed_nb_gradient,2d,H:\My Drive\MN_simulation\outputs\method2b\targeted_comsol_counterfactual_20260521\lesions\M2c_CFEM_14_E5_Z0p25_H1p1_lobed_nb_gradient\interp_mean_kpa.csv,H:\My Drive\MN_simulation\outputs\method2b\targeted_comsol_counterfactual_20260521\lesions\M2c_CFEM_14_E5_Z0p25_H1p1_lobed_nb_gradient\interp_lesion_mask.csv,,H:\My Drive\Manuscript\Sparse reconstruction\Figure2_data_reconstruction_20260526\tables\lesion_case_inventory_metrics.csv,M2c_CFEM_14_E5_Z0p25_H1p1_lobed_nb_gradient,synthetic_simulation,,,,,3.0,4.962758706001346,1.6542529020004488,,,
M2c_CFEM_15_E60_Z1p2_H0p75_ellipse_half_rim,2d,H:\My Drive\MN_simulation\outputs\method2b\targeted_comsol_counterfactual_20260521\lesions\M2c_CFEM_15_E60_Z1p2_H0p75_ellipse_half_rim\interp_mean_kpa.csv,H:\My Drive\MN_simulation\outputs\method2b\targeted_comsol_counterfactual_20260521\lesions\M2c_CFEM_15_E60_Z1p2_H0p75_ellipse_half_rim\interp_lesion_mask.csv,,H:\My Drive\Manuscript\Sparse reconstruction\Figure2_data_reconstruction_20260526\tables\lesion_case_inventory_metrics.csv,M2c_CFEM_15_E60_Z1p2_H0p75_ellipse_half_rim,ellipse_or_cylinder,,,,,3.0,58.57226189379024,19.52408729793008,,,
M2c_CFEM_13_E8_Z3p6_H0p5_crescent_center_hotspot,2d,H:\My Drive\MN_simulation\outputs\method2b\targeted_comsol_counterfactual_20260521\lesions\M2c_CFEM_13_E8_Z3p6_H0p5_crescent_center_hotspot\interp_mean_kpa.csv,H:\My Drive\MN_simulation\outputs\method2b\targeted_comsol_counterfactual_20260521\lesions\M2c_CFEM_13_E8_Z3p6_H0p5_crescent_center_hotspot\interp_lesion_mask.csv,,H:\My Drive\Manuscript\Sparse reconstruction\Figure2_data_reconstruction_20260526\tables\lesion_case_inventory_metrics.csv,M2c_CFEM_13_E8_Z3p6_H0p5_crescent_center_hotspot,synthetic_simulation,,,,,3.0,7.859456187283068,2.619818729094356,,,
M2c_CFEM_18_E25_Z0p9_H0p75_crescent_center_hotspot,2d,H:\My Drive\MN_simulation\outputs\method2b\targeted_comsol_counterfactual_20260521\lesions\M2c_CFEM_18_E25_Z0p9_H0p75_crescent_center_hotspot\interp_mean_kpa.csv,H:\My Drive\MN_simulation\outputs\method2b\targeted_comsol_counterfactual_20260521\lesions\M2c_CFEM_18_E25_Z0p9_H0p75_crescent_center_hotspot\interp_lesion_mask.csv,,H:\My Drive\Manuscript\Sparse reconstruction\Figure2_data_reconstruction_20260526\tables\lesion_case_inventory_metrics.csv,M2c_CFEM_18_E25_Z0p9_H0p75_crescent_center_hotspot,synthetic_simulation,,,,,3.0,24.366274282320703,8.122091427440234,,,
M2c_CFEM_17_E25_Z0p3_H0p75_twofoci_half_checker,2d,H:\My Drive\MN_simulation\outputs\method2b\targeted_comsol_counterfactual_20260521\lesions\M2c_CFEM_17_E25_Z0p3_H0p75_twofoci_half_checker\interp_mean_kpa.csv,H:\My Drive\MN_simulation\outputs\method2b\targeted_comsol_counterfactual_20260521\lesions\M2c_CFEM_17_E25_Z0p3_H0p75_twofoci_half_checker\interp_lesion_mask.csv,,H:\My Drive\Manuscript\Sparse reconstruction\Figure2_data_reconstruction_20260526\tables\lesion_case_inventory_metrics.csv,M2c_CFEM_17_E25_Z0p3_H0p75_twofoci_half_checker,synthetic_simulation,,,,,3.0,24.462418122348534,8.154139374116179,,,
M2c_CFEM_16_E35_Z1p2_H0p75_ellipse_nb_core,2d,H:\My Drive\MN_simulation\outputs\method2b\targeted_comsol_counterfactual_20260521\lesions\M2c_CFEM_16_E35_Z1p2_H0p75_ellipse_nb_core\interp_mean_kpa.csv,H:\My Drive\MN_simulation\outputs\method2b\targeted_comsol_counterfactual_20260521\lesions\M2c_CFEM_16_E35_Z1p2_H0p75_ellipse_nb_core\interp_lesion_mask.csv,,H:\My Drive\Manuscript\Sparse reconstruction\Figure2_data_reconstruction_20260526\tables\lesion_case_inventory_metrics.csv,M2c_CFEM_16_E35_Z1p2_H0p75_ellipse_nb_core,ellipse_or_cylinder,,,,,3.0,34.415100455540255,11.471700151846752,,,
M2c_CFEM_21_E16_Z1p2_H0p75_ellipse_nb_core,2d,H:\My Drive\MN_simulation\outputs\method2b\targeted_comsol_counterfactual_20260521\lesions\M2c_CFEM_21_E16_Z1p2_H0p75_ellipse_nb_core\interp_mean_kpa.csv,H:\My Drive\MN_simulation\outputs\method2b\targeted_comsol_counterfactual_20260521\lesions\M2c_CFEM_21_E16_Z1p2_H0p75_ellipse_nb_core\interp_lesion_mask.csv,,H:\My Drive\Manuscript\Sparse reconstruction\Figure2_data_reconstruction_20260526\tables\lesion_case_inventory_metrics.csv,M2c_CFEM_21_E16_Z1p2_H0p75_ellipse_nb_core,ellipse_or_cylinder,,,,,3.0,15.76238456006323,5.254128186687743,,,
M2c_CFEM_20_E25_Z3p8_H0p75_ellipse_half_rim,2d,H:\My Drive\MN_simulation\outputs\method2b\targeted_comsol_counterfactual_20260521\lesions\M2c_CFEM_20_E25_Z3p8_H0p75_ellipse_half_rim\interp_mean_kpa.csv,H:\My Drive\MN_simulation\outputs\method2b\targeted_comsol_counterfactual_20260521\lesions\M2c_CFEM_20_E25_Z3p8_H0p75_ellipse_half_rim\interp_lesion_mask.csv,,H:\My Drive\Manuscript\Sparse reconstruction\Figure2_data_reconstruction_20260526\tables\lesion_case_inventory_metrics.csv,M2c_CFEM_20_E25_Z3p8_H0p75_ellipse_half_rim,ellipse_or_cylinder,,,,,3.0,24.44894318707693,8.149647729025645,,,
M2c_CFEM_19_E25_Z2p2_H0p75_lobed_nb_gradient,2d,H:\My Drive\MN_simulation\outputs\method2b\targeted_comsol_counterfactual_20260521\lesions\M2c_CFEM_19_E25_Z2p2_H0p75_lobed_nb_gradient\interp_mean_kpa.csv,H:\My Drive\MN_simulation\outputs\method2b\targeted_comsol_counterfactual_20260521\lesions\M2c_CFEM_19_E25_Z2p2_H0p75_lobed_nb_gradient\interp_lesion_mask.csv,,H:\My Drive\Manuscript\Sparse reconstruction\Figure2_data_reconstruction_20260526\tables\lesion_case_inventory_metrics.csv,M2c_CFEM_19_E25_Z2p2_H0p75_lobed_nb_gradient,synthetic_simulation,,,,,3.0,24.5903457660148,8.196781922004932,,,
M2c_CFEM_22_E8_Z1p2_H0p75_twofoci_half_checker,2d,H:\My Drive\MN_simulation\outputs\method2b\targeted_comsol_counterfactual_20260521\lesions\M2c_CFEM_22_E8_Z1p2_H0p75_twofoci_half_checker\interp_mean_kpa.csv,H:\My Drive\MN_simulation\outputs\method2b\targeted_comsol_counterfactual_20260521\lesions\M2c_CFEM_22_E8_Z1p2_H0p75_twofoci_half_checker\interp_lesion_mask.csv,,H:\My Drive\Manuscript\Sparse reconstruction\Figure2_data_reconstruction_20260526\tables\lesion_case_inventory_metrics.csv,M2c_CFEM_22_E8_Z1p2_H0p75_twofoci_half_checker,synthetic_simulation,,,,,3.0,7.882013387020234,2.6273377956734114,,,
M2c_CFEM_23_E45_Z0p5_H0p75_crescent_center_hotspot,2d,H:\My Drive\MN_simulation\outputs\method2b\targeted_comsol_counterfactual_20260521\lesions\M2c_CFEM_23_E45_Z0p5_H0p75_crescent_center_hotspot\interp_mean_kpa.csv,H:\My Drive\MN_simulation\outputs\method2b\targeted_comsol_counterfactual_20260521\lesions\M2c_CFEM_23_E45_Z0p5_H0p75_crescent_center_hotspot\interp_lesion_mask.csv,,H:\My Drive\Manuscript\Sparse reconstruction\Figure2_data_reconstruction_20260526\tables\lesion_case_inventory_metrics.csv,M2c_CFEM_23_E45_Z0p5_H0p75_crescent_center_hotspot,synthetic_simulation,,,,,3.0,43.26053795794913,14.420179319316375,,,
M2c_CFEM_24_E45_Z1p5_H0p75_lobed_nb_gradient,2d,H:\My Drive\MN_simulation\outputs\method2b\targeted_comsol_counterfactual_20260521\lesions\M2c_CFEM_24_E45_Z1p5_H0p75_lobed_nb_gradient\interp_mean_kpa.csv,H:\My Drive\MN_simulation\outputs\method2b\targeted_comsol_counterfactual_20260521\lesions\M2c_CFEM_24_E45_Z1p5_H0p75_lobed_nb_gradient\interp_lesion_mask.csv,,H:\My Drive\Manuscript\Sparse reconstruction\Figure2_data_reconstruction_20260526\tables\lesion_case_inventory_metrics.csv,M2c_CFEM_24_E45_Z1p5_H0p75_lobed_nb_gradient,synthetic_simulation,,,,,3.0,44.21793282602825,14.739310942009418,,,
shallow_lesion,3d,H:\My Drive\Manuscript\Sparse reconstruction\Data\fig3\latent_truth\volume_E_xyz.npz,H:\My Drive\Manuscript\Sparse reconstruction\Data\fig3\latent_truth\volume_E_xyz.npz,H:\My Drive\Manuscript\Sparse reconstruction\Data\fig3\operators\operator_readouts_examples.npz,H:\My Drive\Manuscript\Sparse reconstruction\Data\fig3\metadata\cases.csv,shallow_lesion,simulated_3d_lesion,figure3_benchmark,0.8,2.4,1.6,8.0,32.0,4.0,MMP|PIEZO|US,H:\My Drive\Manuscript\Sparse reconstruction\Data\fig3\metadata\operator_metadata.csv,0.0
mid_depth_lesion,3d,H:\My Drive\Manuscript\Sparse reconstruction\Data\fig3\latent_truth\volume_E_xyz.npz,H:\My Drive\Manuscript\Sparse reconstruction\Data\fig3\latent_truth\volume_E_xyz.npz,H:\My Drive\Manuscript\Sparse reconstruction\Data\fig3\operators\operator_readouts_examples.npz,H:\My Drive\Manuscript\Sparse reconstruction\Data\fig3\metadata\cases.csv,mid_depth_lesion,simulated_3d_lesion,figure3_benchmark,2.6,5.3,2.7,8.0,44.0,5.5,MMP|PIEZO|US,H:\My Drive\Manuscript\Sparse reconstruction\Data\fig3\metadata\operator_metadata.csv,1.0
deep_lesion,3d,H:\My Drive\Manuscript\Sparse reconstruction\Data\fig3\latent_truth\volume_E_xyz.npz,H:\My Drive\Manuscript\Sparse reconstruction\Data\fig3\latent_truth\volume_E_xyz.npz,H:\My Drive\Manuscript\Sparse reconstruction\Data\fig3\operators\operator_readouts_examples.npz,H:\My Drive\Manuscript\Sparse reconstruction\Data\fig3\metadata\cases.csv,deep_lesion,simulated_3d_lesion,figure3_benchmark,6.5,10.4,3.9,8.0,64.0,8.0,MMP|PIEZO|US,H:\My Drive\Manuscript\Sparse reconstruction\Data\fig3\metadata\operator_metadata.csv,2.0
irregular_boundary,3d,H:\My Drive\Manuscript\Sparse reconstruction\Data\fig3\latent_truth\volume_E_xyz.npz,H:\My Drive\Manuscript\Sparse reconstruction\Data\fig3\latent_truth\volume_E_xyz.npz,H:\My Drive\Manuscript\Sparse reconstruction\Data\fig3\operators\operator_readouts_examples.npz,H:\My Drive\Manuscript\Sparse reconstruction\Data\fig3\metadata\cases.csv,irregular_boundary,simulated_3d_lesion,figure3_benchmark,2.0,6.4,4.4,8.0,41.6,5.2,MMP|PIEZO|US,H:\My Drive\Manuscript\Sparse reconstruction\Data\fig3\metadata\operator_metadata.csv,3.0
low_contrast_ambiguous,3d,H:\My Drive\Manuscript\Sparse reconstruction\Data\fig3\latent_truth\volume_E_xyz.npz,H:\My Drive\Manuscript\Sparse reconstruction\Data\fig3\latent_truth\volume_E_xyz.npz,H:\My Drive\Manuscript\Sparse reconstruction\Data\fig3\operators\operator_readouts_examples.npz,H:\My Drive\Manuscript\Sparse reconstruction\Data\fig3\metadata\cases.csv,low_contrast_ambiguous,simulated_3d_lesion,figure3_benchmark,3.7,8.5,4.8,8.0,13.2,1.65,MMP|PIEZO|US,H:\My Drive\Manuscript\Sparse reconstruction\Data\fig3\metadata\operator_metadata.csv,4.0
ood_deep,3d,H:\My Drive\Manuscript\Sparse reconstruction\Data\fig3\latent_truth\volume_E_xyz.npz,H:\My Drive\Manuscript\Sparse reconstruction\Data\fig3\latent_truth\volume_E_xyz.npz,H:\My Drive\Manuscript\Sparse reconstruction\Data\fig3\operators\operator_readouts_examples.npz,H:\My Drive\Manuscript\Sparse reconstruction\Data\fig3\metadata\cases.csv,ood_deep,simulated_3d_lesion,figure3_benchmark,10.7,14.2,3.5,8.0,52.0,6.5,MMP|PIEZO|US,H:\My Drive\Manuscript\Sparse reconstruction\Data\fig3\metadata\operator_metadata.csv,5.0
